yceo_id,n_ucdb,ucdb_ids,unit_type,region,dominant_ucdb_id,pop2020,bus2020_m2,buv2020,dominant_share_of_built,coverage,unit_iou,yceo_area_km2,H_dist_aggregate_vs_dominant,density,lat_deg,lon_deg,GE_ELV_AVG_2025,temp_c,log_precip,H_1975,H_1980,H_1985,H_1990,H_1995,H_2000,H_2005,H_2010,H_2015
10,11,5623;5733;5816;5896;5953;6026;6116;6152;6186;6203;6237,multi_city_aggregate,Europe,5816,11332288.42588,465785409.0,3700225748,0.8189623496772094,0.6724612294361643,0.647756280818407,2898.956608356617,0.0324691906705928,0.024329419099257357,51.506709288812054,-0.065972323054938,41.917238390264814,10.714975578470728,6.632465093824033,0.8488865545378215,0.8668468723974134,0.8850337452283741,0.9034592859047673,0.9292361796588609,0.95566316462266,0.968193471255773,0.9810007852779261,0.992842433585119
14,6,1748;1923;2007;2671;3273;3966,multi_city_aggregate,North America,2007,14553630.28419,1487861580.0,13894267853,0.9113238289276883,0.7372177234105712,0.7193114920295428,6613.207335828502,0.04683187866881687,0.009781575436735183,33.97822713643693,-118.04048387092047,168.19874403366202,16.787999724380274,5.65221004194326,0.7906000294731719,0.8034895484027486,0.8165207720465502,0.8296936701598276,0.8760665619176752,0.9262818016982467,0.9457202315822955,0.9665313301523654,0.986591897883404
16,4,7792;7799;7820;7834,multi_city_aggregate,South America,7799,9938715.563269999,338595001.0,3679130948,0.9553502297572314,0.8292236451796664,0.7367528684150092,1415.0524930699976,0.02563481069287106,0.029352812457115983,-22.848341257709226,-43.37815743067052,43.771464605970365,23.117730227641488,7.035748389592491,0.6168488618649157,0.6357654347058715,0.6547587481954584,0.6738396766820547,0.7663708183334933,0.8667465707799981,0.9065503066892592,0.9482019405242194,0.9854540764469231
23,2,81;258,multi_city_aggregate,Africa,258,1418251.4029,149803035.0,1282321608,0.796261884814283,0.5173714198888021,0.5006286120155157,1052.9851419740612,0.08285572773409092,0.009467441049508777,32.828113401816495,13.089279013828612,25.47538635388796,21.13760181486977,5.13237984073948,0.47234000299126117,0.5156842182803573,0.5764505438758301,0.6491909192627506,0.7063071051931624,0.7679454558447364,0.8211928550045732,0.8768366408597796,0.9353184399768669
24,3,457;865;985,multi_city_aggregate,Asia,457,2726005.38315,83066497.0,1016115460,0.8813091155150072,0.5449793863216743,0.5191302147581519,647.3061935166477,0.029415458222125095,0.03281714628161098,32.1032268408348,34.831098636157286,35.02559056860192,20.912768177572243,5.892633486650793,0.6868540513993265,0.7010604407695199,0.7153495951562758,0.7297601101440452,0.7904541105182273,0.8564081738032121,0.8939944825168202,0.9338379708006707,0.9721943974596642
27,7,3298;3512;3616;3943;3986;4070;4111,multi_city_aggregate,Africa,3512,11258402.900399998,670541469.0,5345431349,0.6862695601604917,0.5822122436097628,0.556793056937097,4150.573189449576,0.1027826940861782,0.01679001735297597,-26.093619968521157,28.09381521007603,1562.0298891502116,16.63895920817464,6.628376439655994,0.563104349926492,0.6032050107254441,0.6530126356733948,0.7091824443150138,0.787389948883236,0.877468737134884,0.9041178868536168,0.9356923247949039,0.9694958075739831
28,5,2077;2315;2790;2853;3036,multi_city_aggregate,Asia,2315,18270291.99648,721924633.0,7076971303,0.867246606336537,0.5788879502476837,0.5217019681392993,4512.69421333589,0.02915293553885313,0.025307755354678413,13.698901529313197,100.58991501341943,5.159588987525239,28.157912503910914,7.062109042819334,0.2869599339464567,0.32521468345574517,0.3754429362988643,0.43377572766657485,0.5485121034788129,0.6953921670657275,0.7810986191961675,0.8823485428845312,0.9779193973008538
30,5,501;643;778;1142;1556,multi_city_aggregate,Asia,1142,10432447.6916,247622755.0,3572173010,0.796211511337074,0.563990686384094,0.5267644439782037,1908.1073611821103,0.05849431639308094,0.042130407973209084,24.98124390752044,121.37542344656944,88.7833176696544,21.411681705055738,7.63970973963166,0.5413103856307552,0.5856391186666186,0.6409435756419074,0.7046166698209945,0.7828177341779434,0.868905634298431,0.9079635270191546,0.9496645492051004,0.9869175189493389
35,3,11345;11375;11483,multi_city_aggregate,Asia,11345,28000465.69704,715730611.0,9293233290,0.9845078080641153,0.7445650600094121,0.6839417849070886,3830.998602122147,0.008484333612162972,0.03912151480836971,31.20772945516959,121.43567045889228,4.303324252831209,17.257451375171794,7.175335970630352,0.239633987095181,0.2673432197243273,0.30525909978160765,0.35084317638609425,0.45637543089518634,0.5926158801666791,0.6942891324792031,0.8213015664911948,0.9494313077521844
37,9,9069;9127;9169;9251;9263;9285;9287;9295;9349,multi_city_aggregate,Asia,9127,10127207.871779999,330786192.0,3703975513,0.5306700770629507,0.5036836956259868,0.46565401776813503,2439.553227103193,0.13450446291916118,0.0306155701679954,39.081401935140946,117.32616902906601,2.755553687410265,13.682226645464091,6.374548827055788,0.3391065700831914,0.3646425392508524,0.3958140580426646,0.43215857087529214,0.5027831421693684,0.5976539522544521,0.6827894920112022,0.8010747830731701,0.9286035645647507
41,7,2576;2641;2705;3076;3190;3246;3356,multi_city_aggregate,Europe,2576,14694136.16841,308205404.0,4285038240,0.9284229000734847,0.6846612445987247,0.6154190135932869,2079.848153258592,0.020629789710943664,0.04767643908154835,55.74862413864449,37.64884181607309,161.23796872296242,5.8851185233533405,6.548541052035636,0.7168022855303342,0.7307422065837625,0.7448612841324482,0.759114661727346,0.8188861510033744,0.8833572009658858,0.910195549329174,0.93876511977058,0.9688801238540256
46,8,2491;2688;2752;2815;2878;3176;3287;3396,multi_city_aggregate,Europe,2878,10070841.563560002,413674218.0,4436634808,0.862581382821397,0.5364162634233623,0.5341507962834057,3138.7707697112073,0.048734534019614334,0.02434486154890127,48.85178545367677,2.3416911917752183,75.08826955285379,11.52081570826708,6.589340458026677,0.7959444139204247,0.8189382834586032,0.8421497300080713,0.8655641406204339,0.9040653241773942,0.9444030761423957,0.9577302011120258,0.9717710592251606,0.9861892843416217
49,7,2264;2622;3117;3174;3230;3285;3340,multi_city_aggregate,Europe,3340,4374146.2815000005,284658712.0,2113930070,0.5316818337883858,0.5888066594372909,0.5503030561693087,2093.2802801685143,0.003281905492313833,0.015366282840133137,53.475420121659965,-2.5277422315785554,62.06303905400935,10.092743675895294,6.914864854190852,0.7680805918913874,0.8015228811967645,0.8356595353385847,0.8703746295318023,0.9039853556282514,0.9388634590604064,0.9541910138341383,0.9701006551311874,0.9858766275876355
58,6,6167;6285;6301;6317;6349;6381,multi_city_aggregate,North America,6167,4714147.09037,443456659.0,3524451032,0.8713493171381151,0.5493462325573679,0.5356994882826324,3766.39080963782,0.055650690135915365,0.010630457328119635,29.80615271971588,-95.44107122766223,25.105580972931115,21.228345779204997,7.022760015269915,0.537903644378469,0.5723599405911729,0.6081630831932101,0.6450309995232251,0.7292923433133067,0.8224322819335542,0.8710389147634832,0.9247474847367215,0.9754146594064337
59,11,6184;6201;6218;6235;6252;6269;6333;6365;6397;6412;6487,multi_city_aggregate,North America,6397,4721588.39695,549201690.0,4277825778,0.5280876775889018,0.6140406941414424,0.5812934256015242,3656.1578395681613,0.13551976471581142,0.008597184755476626,32.85305844554211,-96.93454454249887,177.88637113063146,19.342128658594444,6.810400382445078,0.6291107079441071,0.6564656601839663,0.6844864734483974,0.7130042425761655,0.7854702959854329,0.8668766405289102,0.9024651617514141,0.9412265173473884,0.9782887175747765
60,9,7460;7469;7487;7496;7505;7523;7532;7541;7586,multi_city_aggregate,North America,7532,6563717.59129,686977438.0,6132844847,0.7608276008621989,0.5309309618841208,0.5174381754302736,5026.865955445364,0.13026997782095473,0.009554487859745402,41.86397323577445,-87.83714519652001,202.77434356129464,10.693629261447448,6.909959913260777,0.743216133103923,0.7732552098748838,0.8037977092924556,0.8347363934825469,0.8890812524763004,0.9479572733799155,0.9627026470118223,0.9783025610806159,0.9926472985565503
62,3,7142;7168;7364,multi_city_aggregate,North America,7168,5784157.445060001,707294739.0,5623550512,0.9605602622756112,0.8009778404816518,0.7385506899583817,3277.2282018974925,0.014240214518233426,0.008177860128350256,26.06375757038468,-80.23348282938895,4.244311549841742,24.443244202424356,7.066308540681101,0.7251084855022512,0.7374202623610919,0.7498189944828644,0.7622859753803428,0.8315370998397883,0.9095522312375067,0.9350124022341979,0.9621192135008939,0.9874475017125781
64,10,7896;7903;7910;7917;7931;7938;7945;7952;7959;7966,multi_city_aggregate,North America,7910,5166848.125010001,374084888.0,3630454205,0.6093529685700643,0.5262841477602976,0.5157173410104154,3809.620101825404,0.042330899770411934,0.013811966991326313,39.026511704620205,-76.99241293552241,79.61638384339119,13.897550319552069,6.961952886132169,0.6152231094670684,0.6483116179769336,0.6826066734885051,0.71778040389592,0.7947376051181196,0.8791662736186232,0.9140330469591169,0.9505519292722672,0.9838656246386516
67,4,2679;2743;2869;3167,multi_city_aggregate,North America,2869,6207460.8206,465804191.0,4249076926,0.8404395528506526,0.9012872598126737,0.7672296372952289,1826.1797966067488,0.007539326979480681,0.01332633097884686,43.66481716192498,-79.51378258014574,161.4682017645479,8.53087628602938,6.861121052183875,0.7027301564145867,0.7238930918077549,0.7454246134079975,0.7672114633249403,0.823031596553411,0.8844503612463204,0.9169429091718928,0.9530977835276712,0.9865276480520117
70,5,7277;7332;7343;7354;7415,multi_city_aggregate,South America,7277,19939282.489770003,662052304.0,8757894639,0.9672953377411704,0.8581608633366125,0.8340816824786547,2498.2245374862405,0.022320551449130855,0.03011738252295245,-23.568893004794464,-46.60343084275826,775.4936238915953,19.736659069677522,7.485943456838358,0.7272609582218145,0.7440636593570408,0.7611293276308876,0.7783875939807922,0.8411202402521961,0.9085658782028799,0.9343240318970327,0.961266735505538,0.9860651357237781
71,2,4443;4481,multi_city_aggregate,South America,4443,13989353.737710001,672597178.0,5871718807,0.9925457507643601,0.7366545483916435,0.7198454692552555,2905.2421202739556,0.003113965122718578,0.020799007482172338,-34.65189271964805,-58.52508548694022,18.69155408631524,16.658506323646808,6.898852943678749,0.7017297699693887,0.72039795712613,0.7392539431677485,0.7582602346273895,0.821899172464265,0.8890705515270538,0.9180965460428976,0.948788375677663,0.9784178026985418
72,1,7676,single_city,South America,7676,4239207.455,196692188.0,2486309325,1.0,0.8304802317944897,0.7978762481639604,698.9205363986896,0.0,0.021552495287713205,-19.901097648813458,-43.99490897924811,867.55,20.958,7.091952991361686,0.6408201682112561,0.6631119228792147,0.6856970852345188,0.7084468753787009,0.7959456681624794,0.8903179621958346,0.9235448893374454,0.9587234750777189,0.9895707601768099
74,1,8388,single_city,South America,8388,3714651.138,92307233.0,877847473,1.0,0.8184482784052199,0.7179854752131775,512.3274500546073,0.0,0.040242254233750024,-8.046115702969988,-34.92130910685687,24.61,24.589,7.029653391638737,0.5322007756423595,0.5589941256282701,0.5866095022044481,0.6149669008061373,0.718567362971437,0.8294728648187298,0.8749969246721977,0.9224094714224615,0.9675944354219782
77,3,819;945;1286,multi_city_aggregate,Africa,945,1291877.38536,35019037.0,303201576,0.8905746323064223,0.6560490116098892,0.6230915559850593,287.75255259713066,0.012309325448336385,0.036890717050842944,35.69394011528927,-0.6098577722627121,113.52909364012493,18.419464191976495,6.053584189218695,0.47236670157434657,0.4946632598720519,0.5171768429840032,0.5399039099790208,0.6324465747016401,0.7344152553366902,0.7976198203280119,0.8667627553550373,0.9385395720619045
78,1,3175,single_city,Africa,3175,5314915.687,336361481.0,2668725284,1.0,0.8579857596095664,0.5959773266917798,863.8933028250549,0.0,0.01580120194262077,5.606647187183114,-0.21305186139788715,38.24,26.1935,6.831888838552014,0.5457720707324392,0.5741050801236066,0.615418148905106,0.6652827111318373,0.7245468603463546,0.7942107348492736,0.8558807570478024,0.9232496481961916,0.9841349164472254
80,2,2880;3607,multi_city_aggregate,Africa,2880,3681520.4724999997,185777689.0,1546430249,0.9488940084726751,0.6168478438915967,0.529015559951919,774.0674394019402,0.006371726530168622,0.01981680627160778,7.377753021065547,3.9356337693277146,199.02180738188645,26.528763548194426,7.377737588793662,0.46318721297044446,0.48973695651903604,0.5247793991021171,0.564104460358531,0.6098688901227531,0.6624977179041128,0.7365111318614799,0.8429744112060733,0.9601151621602958
83,5,3343;3397;3800;3845;3934,multi_city_aggregate,Africa,3397,3921028.56178,141371464.0,1196512317,0.681872474631797,0.7720266237819517,0.6452068349474706,765.0347756887004,0.10504728071924553,0.027735643749010056,36.72461429394275,3.148742356249663,77.99708585623759,17.40880237942857,6.385296934267279,0.4604408284263082,0.4927102473806171,0.5254113871240663,0.5585739354018432,0.6366554144194192,0.720036145342599,0.7943039480725756,0.8746008883376917,0.9507960814496481
99,1,4605,single_city,Africa,4605,23656704.51,369055188.0,4952190630,1.0,0.9147885792747529,0.6044189257328874,1176.2321584672059,0.0,0.06410072335848047,30.069037393083885,31.255175725725895,51.6,22.5775,2.7307896880716993,0.4316263290139685,0.46430893961582786,0.5074715492144768,0.560332147396882,0.6308457070111693,0.7174045606425671,0.7756356889365825,0.8460241453102131,0.923844647321419
100,1,854,single_city,Europe,854,3207052.25,115078816.0,1427950008,1.0,0.6325820644552803,0.5654569374543865,548.3889388777682,0.0,0.02786831114077503,37.99009374158161,23.729465943650556,136.11,18.3135,5.90552668460452,0.9027800303402496,0.9095664314099304,0.916391214869642,0.9232730722568435,0.9477713778355176,0.972985088758647,0.9814359664597175,0.9902280885475916,0.9978434779864263
101,1,2637,single_city,Asia,2637,14266276.89,265424801.0,3367912943,1.0,0.7437031967345256,0.36333985631472865,708.7184165540923,0.0,0.05374884651415826,41.01920409932211,28.98118209886853,88.64,14.8675,6.602699826222996,0.6454323610852024,0.6610405031442408,0.6768985314224649,0.6930144067434,0.7735785813022047,0.865796259935785,0.8991462293683702,0.9351256139775725,0.9711397127505051
104,2,1524;1619,multi_city_aggregate,Asia,1619,3201424.22838,62124293.0,688936492,0.9689047728881196,0.5951708592707387,0.5458813527289593,409.9411147576916,0.01016957229191985,0.05153256598638475,33.49649451475454,36.30822350777982,698.1918310811199,16.838393361772344,5.750927743535396,0.5668985560930246,0.6028948289198237,0.6391945257228119,0.675831948703223,0.7553342458158839,0.8403547546207085,0.8862507940331812,0.9335025027970942,0.9765517331521181
106,3,5436;5486;5535,multi_city_aggregate,Asia,5436,1071594.6686,38254511.0,404920009,0.6193638444365424,0.5296975337280029,0.4494612108679747,265.45640644992005,0.07697382763796966,0.028012243277662077,36.83566140655905,34.6990950763447,22.57589788038331,18.214911900311574,6.508251660163362,0.507055050318118,0.5440667637863675,0.5815480950730229,0.6192951989374534,0.7055127694613584,0.7982968074013546,0.8430449156702069,0.8902127647115918,0.9409376060250777
109,2,1112;1328,multi_city_aggregate,Asia,1112,4722793.309599999,164476366.0,1922380138,0.95014667335245,0.6857081917091099,0.5880874225769933,870.0193162856219,0.013700818656744976,0.02871411513068084,21.534844068022945,39.21327137463186,37.020235145759486,28.18372142992264,4.1748459053857285,0.4626272202536381,0.505254669841137,0.5602941093676644,0.6248002159775344,0.7196747768612544,0.8297038980056259,0.8667960416878374,0.9069685975430658,0.9503957060919014
111,1,4787,single_city,Africa,4787,3105439.227,187238542.0,2039093628,1.0,0.9134086132058906,0.7103987776861139,672.9612844254995,0.0,0.01658547003105803,-29.842315098589314,30.93237359975426,134.79,19.302,6.859973181542664,0.45908773953174664,0.5173289108393079,0.5931174042147797,0.6813205264117043,0.7696790760098955,0.868508536025665,0.9076032807390692,0.9501527522041909,0.988750328978742
113,2,346;498,multi_city_aggregate,Oceania,498,1393337.2305400001,211533077.0,1991352591,0.940841441076376,0.6212870283796877,0.6045413900279769,1289.7027225406412,0.020433529008709695,0.006586852752773034,-31.951879116539935,115.8442790209589,24.109195163884465,18.586049326888485,6.374231729180643,0.7378042772951295,0.767467685443823,0.8008364857284235,0.8375688545389995,0.8702855487702285,0.9074548043377633,0.9181514766128042,0.9300249482968567,0.9501691312323699
116,1,2323,single_city,Asia,2323,24447602.91,422408797.0,3544368957,1.0,0.9531122262835389,0.44558445393640395,1221.2445227033313,0.0,0.05787664244596687,14.576382329976964,121.01916349366641,37.03,26.846,7.81995264445151,0.5904701695878743,0.6303666777091292,0.6800273811532386,0.7369626655763043,0.8086866950358518,0.8859152831516433,0.9163317046164642,0.9518795438344055,0.9857064387794935
117,2,10131;10221,multi_city_aggregate,Asia,10131,7745537.135,171144951.0,2857030764,0.9588565250750517,0.6365793205191271,0.5346648989215668,979.2152985212226,0.02703616832299309,0.04525717580181492,30.5722617017526,114.30657911206755,27.26034736695212,17.89907320401757,7.243897354160771,0.3708857411750347,0.39607808237357817,0.4281978905705492,0.46435012272141174,0.5448010791741089,0.6439923489183155,0.7288301365080878,0.8402425438773242,0.9530210388736504
118,1,11311,single_city,Asia,11311,6811590.767,321520260.0,3883896035,1.0,0.7846257089193498,0.6485904467911121,1525.5958822120795,0.0,0.021185572464391515,30.224025503496037,120.28512799883337,9.63,17.5155,7.303428940281062,0.13752166037686087,0.16616758458704903,0.2049029320889452,0.25210178357034174,0.3568066752620815,0.5043303087649904,0.6267668513331011,0.784268680300271,0.9447669549657617
119,3,11563;11569;11615,multi_city_aggregate,Asia,11563,3366357.26307,137008802.0,1616468093,0.7786941455046078,0.7612674520560074,0.5783954620982162,599.5700971366612,0.029308704184781195,0.024570372223749536,29.880993315832796,121.61406069719945,5.207724141329256,17.285103831672068,7.360201698726014,0.14330350104075795,0.16993613300844715,0.2042637815342696,0.2455045260522751,0.359074725724556,0.5281996407792836,0.644310013016536,0.7930610034820974,0.9452061335446171
120,4,11597;11623;11658;11661,multi_city_aggregate,Asia,11623,3842953.21422,172896813.0,1909026797,0.8937158431023249,0.6421127453301487,0.5264780529596855,1066.4334098036559,0.01146453384386531,0.022226859752585492,24.81727536773431,118.55959709991025,22.76409087257149,21.23300299621197,7.293845412621144,0.32905417984772223,0.3730296752202136,0.4276120925375299,0.4895382195390727,0.6133480898806388,0.7587022266280872,0.8104849162257259,0.868437054418117,0.9313930558106933
121,1,4512,single_city,Asia,4512,1051337.248,62903091.0,671267354,1.0,0.6653228087259764,0.5947348677046448,394.1271779167116,0.0,0.01671360232520211,26.248708393586803,127.73827146917682,36.59,23.4345,7.555426160949775,0.5136240443255802,0.5379945160405551,0.5631426760888427,0.5890792552626707,0.7251817879665087,0.8771804552498064,0.91950556134038,0.9626007726710918,0.9979619920426486
127,3,2921;3042;3159,multi_city_aggregate,Asia,2921,1406954.75569,92797449.0,1214254120,0.8058977030715575,0.5501417531428687,0.49349135095556584,633.1428030616592,0.03377657200959501,0.01516156716430858,34.36636203965697,132.42836191168234,65.28978411723365,16.339804749508794,7.4389229285284415,0.7779263738165906,0.7914905721169124,0.8052135032289519,0.819182583348816,0.8597867167663197,0.9030839414561924,0.9304101021139062,0.9585492053774022,0.9844777198562862
136,3,10361;10431;10449,multi_city_aggregate,Asia,10449,4243829.49783,194687173.0,2424599796,0.7520882744545271,0.5205372853722268,0.48717810555129804,1317.4613523531561,0.09672990422089361,0.02179819775712702,36.20517871538786,120.31424887171703,27.18880510956929,13.563054714541979,6.6373091264345385,0.3119882838917179,0.3408962541153135,0.3750946910097667,0.4153149267825672,0.4949321494333887,0.6030374019555977,0.6926933547902512,0.8118641539882034,0.9376120582941537
137,1,11199,single_city,Asia,11199,10543399.6,393578211.0,4821538082,1.0,0.9178469348997749,0.3417577005987018,692.1418296362464,0.0,0.026788575447841547,31.365614442317092,120.5845913480802,6.16,17.232,7.266126333711392,0.13961608509877596,0.16164686769207354,0.1912804746195668,0.22714700535086277,0.3035233446904407,0.4132394336230163,0.5470917240385545,0.7352019113680051,0.9327102053421347
138,1,10887,single_city,Asia,10887,7560808.381,202542666.0,2635664020,1.0,0.7262878385639648,0.6103869475874448,1104.5998780658351,0.0,0.037329460159273305,32.049425393380794,118.78454050672353,18.36,16.482,7.133250862099675,0.30479896517210847,0.3353372814792514,0.3752678410977369,0.42034941418219507,0.49641431598416896,0.589754684082217,0.6885900573659872,0.8150162889630376,0.9437771595245024
142,1,8789,single_city,Asia,8789,3159042.526,142988172.0,1952160183,1.0,0.602201534409037,0.516812902675693,642.4096517545428,0.0,0.02209303386296875,38.040703652442836,114.4951024871196,75.2,12.9895,6.433441574693124,0.5193052681308493,0.5435676595683733,0.57273793247738,0.6067439690046531,0.6704316843773623,0.7475915280600972,0.7979835772709928,0.8633581384619702,0.9357697432484136
144,5,8719;8737;8745;8783;8795,multi_city_aggregate,Asia,8745,18594858.77629,604495625.0,9141984481,0.907268455416861,0.7532600571267773,0.6696320977747671,2743.2780824053216,0.007392618709442291,0.03076094847880826,39.93644938555685,116.35586693945558,47.87232041813371,12.323233069409723,6.322194833698471,0.3853360940370743,0.41584782520138175,0.4531880176965714,0.4972525285025843,0.582489633403054,0.6882864007493851,0.7592037477525169,0.8464617473451524,0.9377965291312075
145,3,9215;9229;9315,multi_city_aggregate,Asia,9229,2982800.02527,137817570.0,1368890593,0.7840749840531944,0.6595881175615925,0.5360280945709718,653.8602436275968,0.03597830925197732,0.021643104179459846,39.677987822148495,118.17063890581802,25.780286101619698,13.084374560174005,6.3620094477973845,0.41971487380019834,0.45098012539330073,0.48785483592549195,0.5314542768385773,0.590411498330728,0.6652276121252174,0.7379533901228994,0.8344761339210959,0.935209146409997
156,2,7963;8047,multi_city_aggregate,Asia,7963,30048972.352,537184827.0,5243323411,0.9676987712089642,0.7782419810263085,0.6959631404665444,2490.8948841511606,0.02316311309167814,0.05593786503578963,28.629197477925654,77.21931754979434,218.87340594498957,25.25248518747813,6.451845652192283,0.5223104225912918,0.5520477275133462,0.588473168100111,0.630082033199348,0.7010570665280537,0.7869461398618394,0.8322559155230943,0.8884203592742206,0.9486502454768702
160,1,11352,single_city,Asia,11352,22381008.13,328584714.0,2754938376,1.0,0.8279188356480803,0.31569531547325136,1012.8777624187722,0.0,0.06811335761042128,22.587377125940705,88.34144993789538,6.04,26.4645,7.369897777849789,0.48734668466653014,0.5301392078756287,0.5919969362908343,0.6676303633528126,0.7482494849106097,0.8395626736306425,0.8831006453939911,0.9322153403642508,0.9790253967809348
162,3,7599;7739;7767,multi_city_aggregate,Asia,7599,22923810.395499997,175956878.0,2552727316,0.7591093767871921,0.666634331458342,0.5743983421980043,1206.4610646960866,0.10049819918489497,0.13028084298870088,19.13737186082086,72.94980104984495,19.954828198986345,26.756246219138987,7.58436033300384,0.4778898213913525,0.5209007004545739,0.5750891647441028,0.6367604169471568,0.74757756272534,0.8673052553251144,0.9066251391434668,0.9490133145008404,0.9870634099338816
165,2,3524;3576,multi_city_aggregate,Asia,3576,2524146.97494,111880703.0,1139979420,0.9792471539975933,0.7427208377528921,0.46498102699868615,386.55703146277114,0.0074673597568334854,0.0225610575126615,26.418201303699437,50.090414345656676,13.413759787333479,27.002042223635293,4.267827832385589,0.6502713698536556,0.6808069395130633,0.7174504704354602,0.758306443605382,0.8025934820949417,0.851095733640501,0.8703877647247176,0.8923811910620547,0.9264504174593897
168,1,2457,single_city,Asia,2457,18736013.68,180813249.0,1774194173,1.0,0.7605329455962032,0.5406079516226704,714.4426940961388,0.0,0.10362080092925048,24.897890140751063,67.0657094500705,32.34,25.932000000000002,4.999422666882152,0.5810165437600205,0.6168696078239266,0.6622886744322591,0.7148529917738495,0.7844048142733169,0.8583158250754069,0.8982447243122101,0.9410434574957502,0.9805518842261388
171,1,6897,single_city,Asia,6897,5180474.483,85425340.0,730898223,1.0,0.5373922826966513,0.5249785343508797,844.8618287825325,0.0,0.06064329955256836,36.341975890336265,59.491787732942726,1071.79,12.739,5.840300029257716,0.6477287886709026,0.6709954680894451,0.6944125595520018,0.717997926610535,0.7841868115479552,0.8538192531630544,0.8950399729167013,0.9380611186329489,0.9779512378879616
200,1,586,single_city,Europe,586,4782697.846,118041545.0,1502096173,1.0,0.7544534427416763,0.6429298304127831,592.7267017734474,0.0,0.0405170725781334,59.93314942246161,30.336421213424167,13.4,5.4165,6.664044157877823,0.7660076204526127,0.7744438197585435,0.7829199711000056,0.7914516537376735,0.8272785738275452,0.8646052709662517,0.8944682060879497,0.9262586490205631,0.9608930652339395
218,2,4184;4451,multi_city_aggregate,Europe,4184,1847167.7023999998,105567589.0,1097835389,0.9265942504379825,0.5090174823566962,0.4069833645117813,684.4574642400532,0.01996775675476648,0.017497488764283513,53.56965607720621,10.009535378979857,21.466331491382267,9.66786764209894,6.758916290682021,0.7258197968317719,0.7467428189536468,0.7679967001993386,0.7896041274562025,0.8395691124479503,0.8914383940320926,0.9217128469231215,0.9527599422584142,0.9814369351563007
223,3,3888;4101;4370,multi_city_aggregate,Europe,3888,2717385.09523,174987099.0,1400762526,0.9331795882849626,0.6657524463496314,0.6492115707409871,1073.4474569393929,0.01466313137312853,0.015529059632161798,52.51563116766907,-1.9520690573708568,137.09308133372733,10.3995,6.621924159126874,0.814469739852079,0.8397539638050688,0.8652556152153823,0.8910007017145876,0.9182476246434601,0.946297292464972,0.9600658674843223,0.9741953662538289,0.9880046014135019
225,5,683;941;1061;1176;1282,multi_city_aggregate,Europe,683,1342020.29555,92442322.0,664671245,0.7085414405752378,0.76440044687058,0.6974034886638478,510.18823475202043,0.04569842404068134,0.014517379772762523,55.840283648828056,-4.222325523482763,62.11571315809225,9.269354017394761,7.1662080891916515,0.7227664835160674,0.7458815021976622,0.7693177914765057,0.7930855847606251,0.8349345119219311,0.8791010139273654,0.9105445555554089,0.9432706266292186,0.9749013011594408
228,1,4941,single_city,North America,4941,1775608.135,195127322.0,1903504022,1.0,0.708522782881879,0.6820409142001967,1173.479356308685,0.0,0.009099741219223006,45.523708756503865,-122.66449817242176,70.75,11.569,7.2077268996291535,0.6698863985844073,0.6903698806464428,0.7113503305293146,0.7326741972095533,0.8132598263199656,0.9004625810423411,0.9277591018237825,0.9561114562931377,0.9826838601310789
237,3,909;1029;1145,multi_city_aggregate,Oceania,1029,1065626.34352,163024701.0,1270317950,0.8497489346721758,0.694011702835638,0.6545672805410162,792.8174396173936,0.059598801673052114,0.006536594374861022,-34.90064770302958,138.5951747153181,47.63844378950892,15.81701184027321,6.3404234041147545,0.8061810154769123,0.828396832943739,0.853175255938669,0.879837056103541,0.9111712586425783,0.9447374665020855,0.9579179660633146,0.9721345785507682,0.9865002420706787
239,3,2166;2245;2324,multi_city_aggregate,Oceania,2324,4316349.42379,339193965.0,3220639600,0.9318311869139535,0.7724208926448298,0.6890803336891786,1647.7018415510918,0.015684276744131812,0.012725313151694784,-33.85812508059728,151.05166638619875,49.14598339254061,16.174926923284147,6.764697448200316,0.7544774064597524,0.7770097884848866,0.8025271440192044,0.8309329383263054,0.876456428108914,0.9301933393773677,0.9459974766944925,0.9637802783431009,0.9825547721640625
240,2,2606;2734,multi_city_aggregate,Oceania,2734,1367933.28306,177958906.0,1596237622,0.9487314728716078,0.5806041477891617,0.5717218782550748,1236.2864774677244,0.0019369017183049875,0.007686793056931919,-27.510492957849525,153.0266971422269,32.40198744804601,19.879541193802346,6.559506293281143,0.6445253152994771,0.676077543430167,0.712929332123451,0.7543909940646635,0.8200517314935618,0.9028538813337053,0.9245858423067627,0.9489269562041475,0.9750692555954463
242,3,4092;4249;4363,multi_city_aggregate,North America,4092,1749775.4981,198748498.0,1562309365,0.9349230151163205,0.7704301353472436,0.7122887973435764,957.68329736082,0.043384300560848264,0.008803968410870708,38.59709860025064,-121.38256302492981,27.81547015248387,16.751920933804996,6.310949001589832,0.5334530377180511,0.5576300858384349,0.5822537184658372,0.607196025199647,0.7124630798467719,0.8286897041103677,0.8782250319194865,0.9328478296223401,0.9825655235895167
243,1,4625,single_city,North America,4625,2282838.801,249931649.0,2156401162,1.0,0.8810613999995324,0.7037320115402336,751.072998966485,0.0,0.009133852435791356,36.14289115036638,-115.15672424965048,670.53,18.631500000000003,5.042443990610908,0.31687813174873264,0.33393387885821535,0.351278500947273,0.36896222774891546,0.5056271724914678,0.6714518176127426,0.7610066342578327,0.8586190418805263,0.9508248233099923
245,2,5402;5687,multi_city_aggregate,North America,5402,17818850.591900002,643895577.0,6161021897,0.9750760984028316,0.8844029976559812,0.8020010665902908,2228.6415857536417,0.006565233831627165,0.027673509849097788,19.45425297442449,-99.0962860562279,2303.929573580997,15.31010938643006,7.155587460840005,0.7717099476209013,0.7910822689188933,0.8151590409200776,0.8436680875041948,0.8674758065623427,0.8943903927453131,0.9178286683587515,0.945902895990851,0.9753406304264768
246,1,6607,single_city,North America,6607,800064.3764,97723142.0,779304470,1.0,0.5241597187684873,0.5182805910394939,778.7067707320128,0.0,0.00818705129640633,29.960121399044713,-90.1120944593109,1.23,20.7515,7.265652076154092,0.823812541762114,0.8409991975084059,0.8584449321123957,0.8761558853684831,0.9165955286210506,0.9581839478718357,0.970574400892677,0.983255798304152,0.9947281371693922
249,2,5794;5834,multi_city_aggregate,North America,5794,1548672.9364,147283793.0,1110901144,0.9149909046679698,0.6532477141270915,0.6120883711149705,974.3344311856149,0.0058898391507225985,0.010514890368147975,29.48072173692563,-98.51639383497609,241.0725217441949,21.374694699854047,6.65226821496928,0.5469670108237911,0.5854289752029946,0.6248076120636029,0.6648593168699831,0.7368380375700944,0.8152903761787287,0.8650750527588599,0.9188045082461992,0.9698411012540938
251,2,4699;4736,multi_city_aggregate,North America,4699,4074843.392,587599847.0,4725254683,0.5929783028006813,0.7845195052465986,0.6831681392920402,2327.215649546006,0.09265341163613551,0.006934725073201049,33.47714474258753,-112.01493827674844,381.97350455152514,23.70563597613394,5.218145326912935,0.5096487457050002,0.5340815294664295,0.5587020209009687,0.5835884688377054,0.680886077562236,0.7917223810985778,0.847884643850154,0.9109091292870946,0.9712894513398334
252,2,5377;5503,multi_city_aggregate,North America,5377,1151316.53382,139563494.0,1072270970,0.9183002254156807,0.7567628578081159,0.6712397359132639,649.1938121957737,0.010227427181827824,0.008249410363859191,40.675246953752826,-111.91919645497684,1359.0277411031282,10.447217798323393,6.104616535561759,0.6375014228290959,0.6551269560505557,0.6728776294465657,0.6908400415942582,0.7763039667092313,0.8674024885046229,0.8983637297014074,0.9315895960586943,0.966318950140357
253,2,5932;5988,multi_city_aggregate,North America,5932,2437856.01093,290050283.0,2459963108,0.9650699978803331,0.6876573389641971,0.6745671267409697,1746.6626603383213,0.008504228772941073,0.008404942707571845,39.73340109793244,-104.97742928536877,1664.1083269446767,4.065806340716448,6.459929866743106,0.6181002036808907,0.6539492878205535,0.6905474489745628,0.727742213580257,0.7984928702862186,0.8770628505127162,0.9079029376434017,0.9409334794546641,0.9737504996676731
267,4,6904;6999;7012;7064,multi_city_aggregate,North America,6904,1783137.22621,274210945.0,2237780883,0.5558020632619168,0.6263247598105429,0.5688321602077789,1712.9595386177564,0.1162569936550129,0.006502793775098948,27.95112886371511,-82.63018391317587,9.314527630251957,22.673116594115164,6.853985793727645,0.828281781385495,0.8404701898387025,0.852847551362328,0.8653273413284068,0.9037768641948264,0.9446581061890145,0.9611573527818155,0.9781947252324301,0.9935171734301124
277,1,2171,single_city,South America,2171,10194540.04,271665461.0,2532009639,1.0,0.6648808488186101,0.6519000769290845,1436.9304505592704,0.0,0.03752608079979663,-12.039246219748165,-77.01003645473578,238.98,18.0355,4.765940337264202,0.745474629916241,0.7665898794547166,0.7883999394387496,0.810866774116714,0.8572972145325459,0.9066392801402163,0.9270318246308095,0.9480163582517396,0.9704818383224653
278,4,5855;5875;6043;6097,multi_city_aggregate,South America,5855,2193195.7931999997,83957034.0,728258152,0.76076990761727,0.5977887409684429,0.5736569992489161,614.2014244903465,0.08663233846335164,0.026122835558959834,-15.81256994773298,-48.01612758265877,1135.8782482985287,22.752917776025768,7.115293950853965,0.4913588300415663,0.5144250569880779,0.5379768656429669,0.5617279548012618,0.7025600261200271,0.8593619326761829,0.8979021698170042,0.9388359050416193,0.9770310490006114
279,3,7013;7078;7232,multi_city_aggregate,South America,7078,2246052.5819,144306314.0,1219969005,0.7693595167291155,0.5855051962940869,0.5689297640226727,904.5951407536517,0.009355739002419927,0.01556447891739512,-22.869684873469634,-47.170263563484994,623.2220540287656,21.479905426989838,7.183761434684584,0.5324393567422143,0.5551552027030501,0.5781653462508924,0.6015157313213613,0.6958154512906483,0.7976230478730126,0.8560719179619541,0.9195855699009816,0.977109677959067
280,3,5933;5971;6061,multi_city_aggregate,South America,5971,3346473.0503800004,191303678.0,1719847151,0.7671815854998878,0.6595165717895642,0.6415249690499397,1131.5349347869785,0.04529276339011273,0.017492988558118577,-29.93449048867942,-51.134237617935185,42.44597329770106,19.656970805331305,7.319168590741936,0.5427534801500262,0.5807300788017259,0.6194887690554491,0.6588297063478309,0.7472116244414286,0.8411734927542794,0.8844711391278113,0.9305221565055325,0.9736601666383017
282,3,2334;2409;2480,multi_city_aggregate,South America,2334,6713942.43186,225832102.0,1884868512,0.9750751246162515,0.6492680477144427,0.6414362901775826,1250.230983253448,0.00884632815180536,0.029729796483318388,-33.503696196720114,-70.65976271741853,585.6560926002007,14.714841168289707,6.341093946230644,0.5539188799650813,0.5691126631766462,0.5843767109779636,0.5997147739429889,0.6604695686709766,0.7269497230291909,0.8079316199253196,0.8937484538845589,0.9704937343230327
285,2,7890;7897,multi_city_aggregate,South America,7890,1764979.78186,73579721.0,791614662,0.9168915712523563,0.7974154363039798,0.6404424535859076,315.5826031566645,0.023381036880902612,0.023987312779563272,-22.84443020277784,-43.027095397336744,43.201058929538476,22.880499999999998,6.840688765161991,0.5152091430191751,0.5361931856197172,0.557251963485972,0.5784069363350807,0.7004746185433348,0.8308259418379692,0.8837047506608512,0.9380615210541502,0.9853866121617939
286,2,7869;7883,multi_city_aggregate,South America,7883,391078.7711,20296389.0,232206312,0.6572227207509671,0.5749770994042073,0.5666207469926071,166.17920801382257,0.01982049342660025,0.019268391589262506,-19.48302879673998,-42.580866465446974,280.8380561108678,22.5045,7.427456993445558,0.6332286989572382,0.6730680023919525,0.7143921512343895,0.7569659312304272,0.8250482881462313,0.896892545762697,0.9233276914430444,0.9514851631982418,0.9787752392802483
287,1,8353,single_city,South America,8353,1028958.029,32189515.0,319555568,1.0,0.8447754720398799,0.6815484016382366,150.33156809376777,0.0,0.03196562697511907,-9.608330714307778,-35.74424737521537,52.15,24.9725,6.800989331723389,0.4198049892954274,0.45294242550718766,0.48698723792514426,0.5222254824280514,0.6521902861848027,0.7896186071769021,0.8442376034556593,0.9011557024080667,0.9564232949766407
288,1,8238,single_city,South America,8238,3195431.661,65106491.0,819359363,1.0,0.777807356194759,0.6818862096719133,351.6688656073353,0.0,0.04908007806779204,-12.935714122218279,-38.44901973525584,35.78,25.307499999999997,7.404060287035255,0.5268071504575481,0.5601761888841468,0.594246094448555,0.6292145125744836,0.7303229258661782,0.8387754456003473,0.8830872331915415,0.9288392458441663,0.9718562777404176
290,1,7652,single_city,South America,7652,947297.4036,52112495.0,408338218,1.0,0.8493493874130692,0.5714912399936584,147.5050136408039,0.0,0.018177932252140296,-5.096645538969831,-42.79091026943201,87.81,28.123,7.201220844747976,0.5087801303698853,0.5292895110855851,0.5502637323352105,0.5715066031668604,0.6757802711230771,0.7915180226930221,0.8518638572188877,0.9153338369233712,0.9722597814593218
291,1,8403,single_city,South America,8403,1074012.821,39431697.0,300024230,1.0,0.7248016490068003,0.635851890442908,228.98317872647175,0.0,0.027237296457213088,-7.145386953751633,-34.88047636662291,31.95,25.8505,6.941781756187633,0.48928168118151244,0.511172217619749,0.5335316154412527,0.556246311184629,0.6757311256474708,0.8058672696739377,0.855622521140797,0.9084459388090753,0.9606462790581901
292,2,8363;8368,multi_city_aggregate,South America,8363,1248123.8122,47286634.0,382819866,0.8717498268115257,0.6951111286144308,0.6722956532913062,320.9666096490562,0.024150986927835072,0.026394854245705035,-5.816420240195824,-35.24146222488068,36.46541808621862,26.06329286729311,6.700896404118706,0.46502356247221993,0.4858194812512982,0.5069484962706375,0.5283114463169445,0.6524464820228059,0.7890436016232409,0.8483617802019912,0.9096497754524038,0.9664212724466706
293,1,8154,single_city,South America,8154,3255465.042,103759988.0,984070587,1.0,0.8367924325252334,0.7943086778731826,463.90023421633884,0.0,0.03137495584521463,-3.777554985707605,-38.56140820168193,22.15,26.631999999999998,6.8033049045756355,0.5979341863455111,0.6123799281858051,0.6269378905479441,0.6415496115901632,0.7303541129939221,0.826224844975888,0.8722275584688772,0.921179713320707,0.9677977121585635
294,1,3886,single_city,Africa,3886,1160965.26,13393234.0,148983953,1.0,0.5141770945029519,0.39701845571805405,106.26817945221732,0.0,0.08668296693688769,35.75153743049888,-5.81509485300621,47.03,18.306,6.5479081661744525,0.5043934870397994,0.5178826114738233,0.531436395421748,0.5449716625573778,0.6187801990169066,0.7022871399095991,0.7776695307496307,0.8643273909796544,0.9489263758103532
297,1,231,single_city,Europe,231,1922855.258,71505170.0,846206181,1.0,0.773916608424438,0.6218949932398401,418.31734344919624,0.0,0.026891136095473934,38.76045813224217,-9.217014134912848,86.56,16.417,6.362172565258141,0.5900234766241378,0.6162173308587338,0.6426587196422301,0.669248671110075,0.7659186461622286,0.8704088109992606,0.9091525829530928,0.9497093007400723,0.9858575261061543
301,1,939,single_city,Europe,939,291315.1836,11519637.0,135147366,1.0,0.5474682055394594,0.5042782131406974,105.82589615032683,0.0,0.025288573207645344,42.22448273879434,-8.718975073723602,73.85,14.329,7.469273541778362,0.6851946810476753,0.7014880764037964,0.7179009199682247,0.734416978590558,0.794932253507641,0.8585023121822328,0.9002752430480231,0.9444005917894809,0.984660106911355
320,1,4015,single_city,Africa,4015,702106.672,12422036.0,116192654,1.0,0.5071142849971172,0.5054316267989101,141.05382677998156,0.0,0.05652106240877099,33.88167545735126,-5.543164613406822,535.55,17.189,6.409574372749225,0.39411003156004376,0.43293120387028344,0.47235863750515616,0.5123812231746873,0.6057969885129941,0.711854320821482,0.7925233834453547,0.8821405766333312,0.9657975552477871
321,3,2102;2261;2414,multi_city_aggregate,Africa,2102,4418977.362129999,68127141.0,628548362,0.9440154108331069,0.6316941229372661,0.583082395676343,625.1185412093055,0.06416457483626416,0.06486368424193817,33.571657920383714,-7.546259179138661,69.01132678310984,18.339701733718726,5.8883203741250085,0.5295177732469355,0.5498105520089269,0.570438116579705,0.5914189471124291,0.6732792294923986,0.7653423765427056,0.8258292095363285,0.8932769246840991,0.9591764169290474
325,1,39,single_city,Africa,39,3448774.787,75816138.0,664938882,1.0,0.8647453360814278,0.6509775146658346,232.16342322263029,0.0,0.045488663468983344,14.74455892743238,-17.389242279601117,11.23,24.459,5.797989015371857,0.702251874132655,0.7279816864319837,0.7602918391860055,0.796724623456816,0.8106591501666836,0.8260150892940498,0.8533021162328264,0.8849774041510793,0.9278630362311517
327,1,1284,single_city,Africa,1284,4139275.403,140181096.0,1178785945,1.0,0.8811716730548825,0.5723762906292921,330.1261979997073,0.0,0.02952805707126159,6.691292331540092,-1.6139809425390785,259.52,26.4935,7.01569132511212,0.3228732995496055,0.3509391879772434,0.38892301141660357,0.4311496109289943,0.5366964886620661,0.6762094869054242,0.7533631710227177,0.8565859764714637,0.9662054004771086
330,1,4183,single_city,Africa,4183,1198847.138,69725136.0,564978996,1.0,0.7217101696568328,0.5787874516506799,221.9595664313094,0.0,0.017193901751586402,8.48220134988046,4.574521592668116,320.16,26.2985,6.942798045890596,0.41566050154423506,0.4451648398362393,0.4856426095748311,0.5293721334584417,0.5583427761259584,0.5899511045772646,0.6938990552847398,0.8353246955301744,0.9768384675506405
331,1,1589,single_city,Africa,1589,721871.2619,50043973.0,402387116,1.0,0.7856304832291879,0.7083514626591001,194.4726220817424,0.0,0.014424739256813203,7.1653436796589425,3.3452868303649264,87.51,26.616,7.420192603260822,0.4263525599776021,0.4574533880433514,0.49994317997094273,0.5488237114986854,0.5760956269399314,0.6087436742882105,0.6878868909948457,0.7953731011724429,0.919150743686957
336,1,7426,single_city,Africa,7426,1155968.558,44632728.0,276931460,1.0,0.5279330469818262,0.21205442108078087,180.91301498356128,0.0,0.025899572125638388,5.538211035744932,7.298360843692854,143.33,26.117,7.840767622183722,0.2885599329711596,0.3969929196351162,0.5418885890192506,0.7175990676617392,0.7507407120622338,0.7866151493137502,0.8545676392444576,0.9267819793582861,0.9895032855710724
338,2,7669;7716,multi_city_aggregate,Africa,7716,1030680.4769400001,45059242.0,395317325,0.9274049483566545,0.6522368456321334,0.5759706715315012,231.95050980349762,0.03501378641029798,0.02287389736693751,6.450923613726094,7.506704072568362,200.00993657993624,26.584000000000003,7.580675262128764,0.3914222303162579,0.4343845375827671,0.4902994373496119,0.551849385304795,0.5964976286107965,0.6458685434610729,0.7318731637784763,0.8461481442586185,0.9646419706749616
339,1,5935,single_city,Africa,5935,1705359.647,118226480.0,977736814,1.0,0.9388231235698932,0.6825448622234003,293.6929678275826,0.0,0.014424515108628796,6.338224838667311,5.610619602507082,79.89,26.035,7.859738005398783,0.415553630624882,0.43402191285742414,0.4578232558391318,0.48401219422247876,0.5073636464521315,0.5351036079226921,0.6293603006703744,0.7852388060610449,0.9629264357697193
340,1,414,single_city,Africa,414,863092.4647,51487386.0,519101714,1.0,0.7234142295234078,0.5244555293378772,177.73318503821054,0.0,0.016763182825012712,0.3990942928126884,9.477458816299947,14.27,25.7735,7.607427624274555,0.6755786941679269,0.7115610219559408,0.7552742724208217,0.8046474917176801,0.8049910515946566,0.8053918876363232,0.8570005088236563,0.9191390100868589,0.9800208734620942
341,1,7516,single_city,Africa,7516,1755996.3,84566352.0,646352142,1.0,0.6098781438432251,0.5513642635909756,424.5787672954079,0.0,0.02076471620769452,10.503240614800735,7.43435017047759,606.48,25.701,6.9712660847010826,0.3448891824020031,0.37952113625523304,0.424486183346303,0.47360185289771045,0.5112973065221024,0.5539616631446985,0.6630726722136483,0.8161552599549287,0.9666918114192746
367,1,4376,single_city,Europe,4376,675538.2178,23337236.0,347553170,1.0,0.6000292604279408,0.5452678835521599,175.59902085845837,0.0,0.028946796347262375,38.12107883578697,13.347975278565595,74.6,16.9525,6.533928363082978,0.7639483099026808,0.7788669146594738,0.7938130719507657,0.8088211474572224,0.8432882111660523,0.8788258386725831,0.9129549017715722,0.9484108143740758,0.9806075578101879
389,1,838,single_city,Africa,838,299682.3063,50316446.0,400339036,1.0,0.6107198264227297,0.5793607370064385,269.23492535570796,0.0,0.005955951386153148,32.362888989334856,15.089942443312708,7.47,20.740000000000002,4.995687463182462,0.21747658807221798,0.2601892430955875,0.31534313850386014,0.38260752756663297,0.4167839477374853,0.45622846653358623,0.4930780087289949,0.5343344996981703,0.6407630618426429
395,1,1094,single_city,Asia,1094,2564056.347,62980227.0,697248410,1.0,0.8952738067358174,0.6814160961972544,253.90432411876125,0.0,0.04071208487387637,38.41582498350611,27.14286541286718,79.98,18.1555,6.503446502065297,0.6747124458601904,0.690613325353686,0.706701755774872,0.7228756257102725,0.7993843210504783,0.8833699345034117,0.9143388130373046,0.9474295480071865,0.9788781961678227
399,1,4529,single_city,Asia,4529,1244279.017,59155156.0,530529235,1.0,0.6045933898322797,0.43249992386402986,257.3572688961316,0.0,0.021034160014724666,36.92469067102118,30.72329259609321,67.07,15.6515,7.042649742203701,0.3091203241861115,0.3349804706795127,0.3614836042356139,0.3883556997128027,0.543959025313026,0.7122105636911853,0.7863727550646642,0.8651740348719561,0.9417981080127656
400,1,3666,single_city,Asia,3666,517105.1391,15341035.0,137179975,1.0,0.5677707365121901,0.4951752641550403,113.38561282922963,0.0,0.03370731760275627,37.7779407196409,29.082942130171652,408.19,15.205,6.498232449446227,0.3822378998548664,0.4071309399919888,0.43216217158751025,0.45728224986123817,0.5848235141892317,0.7267318665266066,0.7980576277936919,0.8742581579404519,0.9479802373177559
408,2,744;992,multi_city_aggregate,Asia,992,6347129.7143,133836031.0,1570792733,0.9766476861526177,0.647703783265354,0.42411672693032865,461.32111294866445,0.0026167006330072603,0.04742467082201504,31.983419519554126,35.95369181694413,830.3987748146088,19.879471725861325,5.39582712865842,0.4055655610408829,0.4282078418777975,0.4513796213816293,0.4751038903716444,0.5822681561738782,0.6969175662419338,0.7733979200264838,0.853687546965585,0.9331937824725242
410,1,5559,single_city,Asia,5559,865772.694,24526346.0,210764271,1.0,0.8232029527235899,0.5358194485711554,117.68626963713476,0.0,0.0352997015535865,38.74432013879336,35.5232959604987,1094.63,10.719,6.1247315297792735,0.5360819340965017,0.5593843045352128,0.5827824495340643,0.6062631995813808,0.6579680479106019,0.7112684457766355,0.7512371798065639,0.792025359179064,0.8541389736571441
416,1,4034,single_city,Asia,4034,1200534.934,35879696.0,272765566,1.0,0.6117371396249419,0.5474871102810094,178.30408162254892,0.0,0.033460008524041004,32.02355607315973,44.337699636127944,38.83,25.03,4.467527496409541,0.3395552180821153,0.36455693493055236,0.38985550490728793,0.4153921761210017,0.4942815847715098,0.5757673364902535,0.6548181177454793,0.7377819477623222,0.8362189579309702
422,1,3993,single_city,Asia,3993,3254913.08,44544542.0,467359392,1.0,0.9022494841387815,0.7535097135308703,198.2457180746833,0.0,0.07307097421722285,15.360010918405386,44.20432091285731,2279.21,20.102,6.616575764269788,0.5406309711299759,0.5961473349529556,0.6650802470928986,0.7434882819089261,0.7961252806236059,0.8521928006353731,0.8817541327509889,0.9124829255175639,0.9477405784080124
425,1,5862,single_city,Africa,5862,5822015.22,108444308.0,1003205607,1.0,0.8591418023786355,0.617059718340143,371.5668156383672,0.0,0.053686683306605636,9.00685221653912,38.74962659569749,2367.8,17.7065,6.87058027194452,0.35400994951251846,0.4014747182489283,0.46782582632183883,0.543198293081459,0.6117153516254629,0.6865172951262689,0.7683029707746395,0.863691250627926,0.9556215619910636
427,2,4155;4384,multi_city_aggregate,Africa,4155,6224062.5846,253471748.0,2025260704,0.9871132620271352,0.6852125465257185,0.5422578649725626,1029.677100335893,0.007439063590480501,0.024555251753737854,15.604761784534528,32.51059354819861,388.2575515197851,29.63439560112238,4.171171313487375,0.6553433994545222,0.6757811604313393,0.7005047836731689,0.7288756536290585,0.7788271969466198,0.8800052146245506,0.8986013620736936,0.9221394527961357,0.9533850731167088
430,2,1717;2058,multi_city_aggregate,Africa,1717,5687559.3484499995,124721830.0,1137699153,0.9708275447850628,0.8368992435205872,0.6387219558497982,542.2034561940914,0.00590752079168809,0.0456019555554148,-1.261502985639308,36.85161390302987,1686.2678309421856,20.95338678239407,6.327862113909303,0.47705300667894307,0.5292754043137436,0.5988473790033388,0.6799342023766007,0.7584211200236558,0.8483424192861827,0.884839213792806,0.9283399946905846,0.9736037869232675
431,1,3570,single_city,Africa,3570,6988559.628,194525189.0,1527050579,1.0,0.9858038896236013,0.2019230375673583,186.3233620529148,0.0,0.035926245150698706,-6.836083316717362,39.21894229189274,65.56,25.723,6.89107849115542,0.41994888384352114,0.4619361711557057,0.5219343701550136,0.5936622583104134,0.6775420380133906,0.7801171549048077,0.838161072291774,0.9088643013733301,0.9781440284322253
434,1,1796,single_city,Africa,1796,629636.6039,28471624.0,201834076,1.0,0.7506391556991876,0.7222096650351567,148.1005627619218,0.0,0.022114530730667138,-12.809338439268846,28.222599476660193,1219.74,21.3015,7.001486485591405,0.6701070511467839,0.7081814511177866,0.7538985131301257,0.8035990149350104,0.8440610201932984,0.8865372414302746,0.92074547626788,0.9578076052142301,0.9898822069299594
437,2,431;575,multi_city_aggregate,Africa,431,4113947.8460999997,181124584.0,1337597397,0.9488376299045082,0.9340498192037011,0.8002951773820531,665.6486966034331,0.04233472955694713,0.022713359805977523,-33.96901841099393,18.593424521644284,46.15122351447334,16.624427924011133,6.306420763528714,0.6478274920427146,0.6849359002530545,0.7286228301289017,0.7764143712263819,0.832002137269229,0.8976287283011786,0.9150236502406542,0.9353746866300601,0.9606397329254873
439,2,2045;2203,multi_city_aggregate,Africa,2045,920227.7261000001,55606887.0,407015142,0.8888365392581677,0.7911150093733776,0.6825453442532077,255.74078233741892,0.05134553513783911,0.016548808533374655,-33.88814416415114,25.552701885936695,75.72943933545497,18.4645,6.456834802586628,0.6118882900242195,0.6525993623775415,0.7003701358070988,0.7526604213611167,0.8062481001678803,0.8680958889139038,0.8885127843966522,0.9142045121137603,0.9478122377179646
442,1,117,single_city,Africa,117,479007.8178,33244025.0,222555960,1.0,0.5220608407705227,0.5025828854778588,308.4787717846731,0.0,0.01440883941700802,-20.161817631056746,28.553340133709728,1359.48,20.037,6.465537230263735,0.5219760242630067,0.5814335959619812,0.6559625376289423,0.7384329364449702,0.7850004925697174,0.8367690434596894,0.8636784204078778,0.8951122194138647,0.9341207028932267
447,1,299,single_city,Africa,299,3048594.513,154544976.0,1048159975,1.0,0.9701242466236536,0.33958393161452927,201.63238673250206,0.0,0.019726260871786604,-25.872022133320513,32.546528211287686,34.34,22.5195,6.566502935833761,0.4443908225136998,0.4769413468348528,0.5196282537194868,0.5674853901429963,0.6357496021093562,0.7213529607070501,0.7991901787865301,0.893715885012011,0.9843740245558031
453,1,7459,single_city,Asia,7459,6789773.516,235235657.0,1711046733,1.0,0.9497656078200474,0.23837443813567732,331.46006208550745,0.0,0.028863708855158807,-7.382113136592003,112.68289073084078,28.34,25.405,7.843340469841138,0.5977768752974384,0.6470490483506929,0.7032486490770402,0.7644333996525026,0.8046681375349486,0.8512763479560413,0.8912427081579728,0.941914902807443,0.9902026417704183
454,1,495,single_city,Asia,495,481587.2094,36253082.0,364432840,1.0,0.6499409643461861,0.504251521615603,174.6793482335726,0.0,0.013284034979426025,5.371459925951349,100.42833366439687,10.14,27.752000000000002,7.870395675618663,0.43380943446408227,0.47167716664751425,0.5185039716071588,0.5706920586779353,0.7036732766610022,0.8682088601460146,0.9011231651973755,0.9389796431652349,0.9767332057451005
455,1,5029,single_city,Asia,5029,5673663.78,101256076.0,835521040,1.0,0.9768655971913094,0.5513774866140378,311.68724517949556,0.0,0.056032822958693364,16.863088306885196,96.14774662050708,8.74,27.4075,7.845337529203891,0.454938358464533,0.5003432584134506,0.5572955839213046,0.620179750990943,0.705112115938603,0.7940582252071471,0.8484056798724849,0.9108578827407848,0.9700255123455505
456,1,173,single_city,Asia,173,650140.7703,43691113.0,325348503,1.0,0.7322543597351894,0.5701171705256313,221.31573299339462,0.0,0.014880389297933425,18.778222505639583,98.99937602288342,310.12,25.445999999999998,7.345734042750394,0.3647631498881706,0.41802569781181814,0.48417150645715984,0.5569211752513606,0.6575840491863871,0.7716846902023302,0.8389369252277917,0.9151928905999717,0.9828075563101356
463,1,5239,single_city,Asia,5239,12917367.51,348500026.0,3171736988,1.0,0.9722753292444922,0.4513867888655291,699.3535989714219,0.0,0.037065614193096216,10.8300545519086,106.69150470184474,14.61,27.6665,7.580402769354006,0.1616487770362462,0.1986432907755364,0.25546002972177684,0.32786328687390115,0.469720108428342,0.64080557342627,0.7450355828667857,0.8621378495966023,0.9686033079377733
464,1,1648,single_city,Asia,1648,7750184.213,301601679.0,3536964776,1.0,0.9274354426957738,0.6234143093169652,946.925176752041,0.0,0.025696754204740355,3.1011191691408206,101.6440689491495,46.23,26.9845,7.988829673907959,0.38926938135513495,0.4183436691013912,0.4546898593359621,0.4958113777609308,0.6243280330014344,0.8116819435875886,0.854559808335815,0.9102011464597981,0.9691452181869319
467,1,11537,single_city,Asia,11537,1514174.966,70140759.0,689134951,1.0,0.7708861335967034,0.3262675343584595,195.44170673367015,0.0,0.021587661547831268,24.481043742545953,117.76743646146832,14.34,21.197499999999998,7.394164841913794,0.2484040698789701,0.291674089241036,0.34614574102341833,0.4069709026102783,0.5358844776686833,0.6902681649053727,0.7709435964329956,0.8652761941170326,0.9571550259386272
468,3,11571;11585;11591,multi_city_aggregate,Asia,11585,846881.9506,35205154.0,423903697,0.5019063685959164,0.5056811920058466,0.44620134776446624,242.57262510955889,0.15917090192060004,0.02405562408845023,24.652025518412618,118.09544779137774,17.72193117888364,21.559000000000005,7.312966021408762,0.25297270393988336,0.29363226191255976,0.34466549982993966,0.4021034249701052,0.5237580270207027,0.6706892689632887,0.7569346238337716,0.8538241020050644,0.9489077082293121
470,1,10229,single_city,Asia,10229,3440486.495,109052457.0,1686611897,1.0,0.7939272972405054,0.673764827969251,435.0633850452626,0.0,0.031548913152869174,28.19128903994957,112.99007609493682,56.29,18.5075,7.399177875601173,0.2588706277383553,0.28399920416281865,0.3163407221535596,0.3529068400540485,0.45751148000269265,0.5884018275718447,0.6946612491271059,0.8307489944953739,0.9610294154124377
473,2,11648;11665,multi_city_aggregate,Asia,11665,1870576.3815000001,88733892.0,1014486538,0.7901162838659213,0.7385309182108213,0.39543677179626874,254.64393535946007,0.028662961994766627,0.02108074309982932,28.58977890503864,121.36636365640925,11.025436043873743,18.610343315533818,7.388481933204952,0.08438278577930516,0.11242685038541982,0.15427701514546438,0.20716210667283702,0.3771142147129081,0.5983996960259559,0.7172768213525448,0.8506208991711983,0.9696368215202371
478,1,11636,single_city,Asia,11636,2122762.724,60099242.0,513721339,1.0,0.6727720109573988,0.347733502169426,281.80289835881007,0.0,0.0353209566935969,25.40131692070766,119.0603462528445,14.61,20.613500000000002,7.385207039406671,0.2260825685621792,0.27636252051232196,0.3402478021270218,0.41436768869730506,0.5618568034518638,0.747033415163539,0.8078225512394982,0.8786817311273244,0.9509797977152524
479,1,3381,single_city,Asia,3381,484462.6114,33096633.0,436190439,1.0,0.5935097135304672,0.5027531971430845,173.12018731103848,0.0,0.014637821659985775,31.57330475731459,130.53323519469234,59.44,19.386499999999998,7.741878881529539,0.7331234569993872,0.754826299098159,0.7768718950957942,0.7992765306368174,0.8264027642932742,0.8546838888415024,0.8970013052385117,0.9401922848164042,0.9791746791886655
514,2,9489;9511,multi_city_aggregate,Asia,9489,930828.6419,44981546.0,550797028,0.8343807258203175,0.5278172609982971,0.42104249049156733,230.35180705927678,0.030740962795583138,0.020693567133063858,39.94944841233554,119.62284450533244,14.248724806390603,11.512843807258204,6.383564363022662,0.4496829877745865,0.4756475244314635,0.50698619829563,0.542866668033153,0.6028337932182233,0.6760572213324993,0.7464129400977014,0.8402085379635462,0.9419844084505232
515,1,10353,single_city,Asia,10353,974732.5219,49658365.0,630637980,1.0,0.7402550398126402,0.6163285939994029,247.52289162491965,0.0,0.019628767920570885,37.543013511749116,121.32604346319681,25.79,12.2775,6.583079292219195,0.35512306939626387,0.38308975738528644,0.4167834965971997,0.4548853148910561,0.5394105101929957,0.6486724643471448,0.73107523777716,0.8416717908453087,0.9542004252455755
518,1,10073,single_city,Asia,10073,1072235.995,66855404.0,746583344,1.0,0.6973326375168342,0.6339878880599125,294.76420983631243,0.0,0.016038135002519768,36.705410492867294,119.13293937433876,36.74,13.427,6.5497086804695215,0.2758000235852288,0.3028174207129165,0.3351617021116199,0.3728832900329194,0.45090009477767873,0.5612064508652135,0.6577847169990926,0.7871684688346211,0.9213695575005425
519,1,11251,single_city,Asia,11251,855651.6025,48248447.0,557894053,1.0,0.6017351486032438,0.47572925009444184,215.784813542084,0.0,0.0177342827739098,31.64568535702078,120.76589529730042,5.05,17.251,7.2376487802431395,0.12371579545347854,0.15123064997304472,0.18934630165402008,0.2350757320748583,0.3204817763357233,0.4322105745704105,0.5684973653141624,0.7503305546808584,0.9366572565537705
521,2,11169;11189,multi_city_aggregate,Asia,11169,603104.4861999999,28027208.0,301841295,0.659239978523726,0.6173430549828818,0.5806045710391378,186.59476420811464,0.1637843377109377,0.021518536066810506,31.342056153444123,119.82862282239407,6.583499219758172,16.918039979151686,7.268045358615444,0.12968220023913907,0.15492171036087504,0.1888457102113061,0.23006440741439532,0.3217089265545109,0.4585802124849539,0.5716751022791853,0.7315908527171169,0.9077653757020678
523,2,10973;10991,multi_city_aggregate,Asia,10973,1015402.3264,60211497.0,730792090,0.7296347406874804,0.6050351436867544,0.5397239219252231,294.74809160488206,0.0890799494944074,0.01686392760505523,32.40067994639567,119.45774549503477,10.448939368008073,16.264431530036532,7.118756177016165,0.30893734464034334,0.3391367598782671,0.3779052694869885,0.4221602894211383,0.4996478662538485,0.5919871415919122,0.697755845532291,0.8290050984781195,0.954866958381719
524,2,10543;10579,multi_city_aggregate,Asia,10543,1049888.7148,30746935.0,354449343,0.7878764826477826,0.5123369324951551,0.48220473656164725,280.0850879207109,0.06517940010211183,0.03414612594068319,34.642462124772585,119.21518262969369,14.64826591300889,14.989333130473005,6.842022004296693,0.46365636119502646,0.49090037754982735,0.5232978181402471,0.5607773913074587,0.610188625305254,0.668160907745764,0.7323693564903299,0.8181560210798247,0.9154554429571597
525,2,10469;10483,multi_city_aggregate,Asia,10483,917791.1991,61353478.0,635126451,0.6156672976224754,0.6066886699057278,0.437271356235085,271.59405974235267,0.06304585741025821,0.014959073699130796,35.93234686380558,120.12369244924452,13.358054140956767,13.492,6.664547403632143,0.1439652043849902,0.1651692345786819,0.1911034285619472,0.22235339290789677,0.3220798664421274,0.47550896788605856,0.5863622270933035,0.739164860384932,0.9038240016319857
526,2,9853;9907,multi_city_aggregate,Asia,9853,608633.3674,49722665.0,532235034,0.6385151721051154,0.6828427623304767,0.5649884971299701,220.9910964117588,0.030338538069424065,0.012240562073653935,36.17248503274307,117.72176136280731,226.93514093502432,13.49608632031288,6.670871287269129,0.2774983802658204,0.3112127839487284,0.35310514832622103,0.4023015660966684,0.48142602573695514,0.5766516135046261,0.6669879017948857,0.7834206995944405,0.907627960005764
530,2,10143;10195,multi_city_aggregate,Asia,10143,1550103.228,73540046.0,781094285,0.8773335143140922,0.5084357573815181,0.48542692653600483,532.532210977746,0.036708653461137206,0.02107835543099878,34.28089155698901,117.20094012196313,43.70301473050479,15.402884054022756,6.821093556995692,0.38512881811360306,0.41422463891306244,0.4502290493535998,0.4906832258440524,0.5553869656268641,0.631264970924821,0.7027572705080984,0.7971507795902113,0.9022953561927334
531,1,10199,single_city,Asia,10199,1683965.724,228391124.0,2195042508,1.0,0.9873999017038055,0.4826277127071235,407.71500171462833,0.0,0.0073731662356545866,35.06982301310397,118.31823312253772,72.9,14.508,6.813835731799897,0.16949658253794486,0.19255996568413053,0.22034474509613605,0.252876556621351,0.3298539176154674,0.4339820184956049,0.5391703794933818,0.6812306725194802,0.8395342894323686
533,1,10629,single_city,Asia,10629,5154584.459,145057020.0,1724794976,1.0,0.9417395182734412,0.5978955241104813,399.5174281851218,0.0,0.0355348845509166,31.852464081962832,117.27633143726825,28.43,16.344,7.145803206212652,0.22841255114712822,0.25850415236711743,0.29563382730460064,0.3366124438513903,0.40133046990762666,0.47590260023265335,0.5894740151148838,0.7356261627324207,0.8871317775589214
535,1,9409,single_city,Asia,9409,772775.369,30404147.0,360458362,1.0,0.5160420338810213,0.49960572490661126,220.42458022511943,0.0,0.025416775185306134,33.74010042646914,113.30888101596683,102.73,15.6015,6.685423273275691,0.6431955811817381,0.6736179442889814,0.709771499262913,0.7494710178845011,0.8035202895184003,0.8606857807916795,0.8862987670727944,0.9149239082418592,0.9494938963424957
536,1,9277,single_city,Asia,9277,4968973.327,159078166.0,2274282382,1.0,0.8268066675727266,0.5782088515563132,510.84091093682383,0.0,0.03123604861650215,34.76501222872128,113.66193046914113,109.96,15.0905,6.602433877615997,0.32184738036268284,0.34686715586097466,0.38006711115842257,0.4187229251813225,0.49578436804457504,0.5871026763031704,0.6780252042885634,0.793147458086737,0.9162111159868414
537,1,9113,single_city,Asia,9113,716675.5656,35499223.0,393482027,1.0,0.5002114516492622,0.4718849571863576,240.96822441504057,0.0,0.02018848597334088,35.24101973531517,113.23340098604962,135.53,15.025500000000001,6.550923894235751,0.5602777559384892,0.5893073772347074,0.6243574401614368,0.6646164621687636,0.7177641043016632,0.7781328340623117,0.8292906016562672,0.892273219613849,0.9590589630651916
540,1,9191,single_city,Asia,9191,1507106.435,53961713.0,609749664,1.0,0.9401315324943882,0.6272370678689262,145.24205578576732,0.0,0.027929180732272157,36.097912963000866,114.34763702153083,75.42,13.8295,6.494605972901023,0.37956960335933,0.40973115512474556,0.44680668310140564,0.488800068300278,0.567516861445818,0.6613581929839774,0.7209638989777808,0.8004100240479763,0.8965743359555691
548,1,5847,single_city,Asia,5847,2051511.67,90679567.0,1113508149,1.0,0.6842567977559022,0.6386498751780167,416.84958325870053,0.0,0.022623747971800525,40.81974964768887,111.66306029381559,1065.82,7.583,6.1427145955972735,0.2350934913484975,0.26062299128534655,0.2941680455973064,0.33301935594818177,0.4131920259389858,0.5113742989090365,0.6239663782249865,0.7698236141776019,0.9212351444068982
553,1,4655,single_city,Asia,4655,1729573.839,64211962.0,606058561,1.0,0.6110120120864238,0.5124285455739589,314.9128726821797,0.0,0.026935383768525868,38.482687131037245,106.25111351162847,1111.74,10.0225,5.559247911422905,0.16120736195539392,0.18363316791348006,0.21305228144251379,0.2463294144477317,0.31153480406034,0.39894680371236746,0.5379514957041804,0.7280635499036768,0.925221690002246
557,1,6943,single_city,Asia,6943,837218.208,36685431.0,528463678,1.0,0.5852782034222591,0.5230415970250644,220.0866756346207,0.0,0.02282154482524684,34.36565423501234,107.20682863686552,603.44,9.952,7.065928002394338,0.4151750868076213,0.44793923778624817,0.48829247774136825,0.534403125862144,0.5938610343708378,0.6581860793730351,0.7426862451200315,0.8433100595165421,0.9403292549568247
558,2,7915;8006,multi_city_aggregate,Asia,8006,5995175.6708,229170153.0,3533774189,0.8800389638872388,0.7574571067946603,0.6320650487033339,841.1433394573511,0.010024264296590186,0.026160368583425436,34.269441864924104,108.90959477918325,415.9541615410101,11.227390153662373,7.092948354057119,0.4046014011257391,0.43111930025198353,0.4645449662897419,0.5034978049693932,0.5929744175717333,0.7012142850906069,0.7775743772357651,0.8654098380778233,0.9510686280337737
567,1,9025,single_city,Asia,9025,1750833.919,79488981.0,991729480,1.0,0.8437781548885522,0.632179555616008,288.5045438626279,0.0,0.02202612106701934,34.665246442742514,112.41393711148378,174.14,14.088999999999999,6.648187600420432,0.41184373718415135,0.44219813309721506,0.4814538004959455,0.5279157748921199,0.6061251558879589,0.6925757294586529,0.7628810212072036,0.8492348769699287,0.9372706765482376
569,1,9455,single_city,Asia,9455,1000595.104,38363804.0,443391361,1.0,0.7185857169982597,0.6025040499576906,198.62802047030345,0.0,0.026081748931883815,32.06841047518659,112.14787276870841,70.62,14.975,7.0892673415573695,0.4394495915994149,0.4697598288219802,0.5063584153437964,0.5473069354644811,0.6225554170801206,0.7087987937796784,0.7772068953329029,0.8629485491063399,0.9480784543680809
570,1,9715,single_city,Asia,9715,707899.8792,29876181.0,349983672,1.0,0.5739337006493519,0.5358404253870592,198.4421027582549,0.0,0.023694456771432733,30.3247318960226,112.23895837450563,33.07,17.58,7.165492315863884,0.36990711764666306,0.4041675540792848,0.4462207535829295,0.49295734953540415,0.5663773760106755,0.6490741571019402,0.7261711595601861,0.8181009815143374,0.9132492536445672
571,1,9495,single_city,Asia,9495,1370355.267,26064005.0,354008402,1.0,0.6229780454793697,0.5781049622036664,222.66659050593293,0.0,0.05257654251524276,30.710890335034637,111.31466224787602,89.16,15.1775,7.327196267900254,0.314767818683276,0.3441007243514571,0.38235259700111324,0.4281724546937433,0.49690870608718807,0.5755237922951596,0.6742612273133005,0.7946585338669172,0.9177304869301552
572,1,10023,single_city,Asia,10023,986633.3966,34847055.0,439285623,1.0,0.6055679541920113,0.5359555123935835,227.07102926499343,0.0,0.028313250476977178,25.266556716342535,110.27113201479649,172.11,19.487499999999997,7.675640661630621,0.3533085650996906,0.3951352560496145,0.4456868162890666,0.5020793579256554,0.5984625673532527,0.7113393943907168,0.7867281467544388,0.8765999594513797,0.9610404379939711
574,2,8013;8175,multi_city_aggregate,Asia,8013,3413754.7176,99169035.0,1451683013,0.9063475206751785,0.6183517286284933,0.5930277096271814,630.8101704463411,0.03735375229384259,0.03442359520388597,25.028142489161244,102.72894219080538,1920.9860769545655,17.135876684919843,7.0272155240872385,0.2602717168721063,0.2923504599999385,0.33296472028794066,0.3787220174119875,0.5158105955150214,0.7101576817804065,0.7904283025442367,0.88404050720066,0.971475178718841
577,1,8557,single_city,Asia,8557,7460811.946,121732582.0,2076888042,1.0,0.9446792639147995,0.5715060801305818,408.7269098233466,0.0,0.06128853773922252,29.546947083492654,106.51231286157352,305.54,18.985500000000002,7.023751385698222,0.2924988972960419,0.3213669533436825,0.358311080594676,0.40189634686299514,0.47917789174963854,0.5738168192308613,0.6727298284037054,0.7991314190641253,0.9294299204135833
578,1,6378,single_city,Asia,6378,6243596.029,207489788.0,2785289153,1.0,0.8471910522450997,0.5764739628596769,658.4145474481327,0.0,0.03009110033405596,30.672822615283533,104.04369414451047,506.87,17.755000000000003,6.907221136353359,0.20133496883229743,0.22095771286825933,0.24964545243065167,0.2832621430024306,0.44319551765121085,0.6556671309529701,0.7520349724392219,0.8612664060363299,0.96200987009539
580,1,2659,single_city,Asia,2659,3692727.682,97127960.0,1232864738,1.0,0.6871441905516886,0.6271196440220466,453.4661613189867,0.0,0.038019203553744975,43.83158925190874,87.59286360065275,774.37,4.481,6.14469194369756,0.5077289690836706,0.5519094913555272,0.6044234739409744,0.6623539298055884,0.7044762290899551,0.7516957938785083,0.7995862365481577,0.8537485601468413,0.916524767945296
582,1,2847,single_city,Asia,2847,2129318.026,89326281.0,885763602,1.0,0.6690791267203685,0.6159925416828581,438.2598512799527,0.0,0.023837531375564602,43.26151384078842,76.90967875933278,808.95,3.591,6.8579482479788245,0.45250749888490266,0.4846572981136425,0.5266688534810936,0.5746696092721021,0.6657187373556949,0.7648912306110673,0.8351937208714645,0.9124328035105368,0.9826172322118728
583,1,764,single_city,Asia,764,1279330.911,65905757.0,572258128,1.0,0.6899426664390466,0.6286930013653979,251.47121054903866,0.0,0.01941151986161088,42.87050322397478,74.58666449722172,760.85,6.039,7.041350419574715,0.45867471031400187,0.49047297946976015,0.5282968375585155,0.5709629888630214,0.6658551846995703,0.7798175658615074,0.8380590939877983,0.9104149429616596,0.9797883665914041
584,1,2592,single_city,Asia,2592,233084.3187,26901864.0,209676733,1.0,0.5080079864277026,0.4849001848732789,169.16736048398258,0.0,0.008664244183971787,42.91146700232065,71.36661126822813,624.23,10.055499999999999,6.458505980881518,0.5642047703460251,0.5981632350828924,0.6396092478944954,0.6866396321087639,0.7520409738150486,0.8189267479755307,0.8671153418960114,0.9252331734336326,0.9818914035101806
585,2,2306;2526,multi_city_aggregate,Asia,2306,1145870.7426,74978261.0,572724988,0.9016038128705065,0.8606127547748965,0.4835785872764967,163.38595972043495,0.016981490045628933,0.015282706311366703,42.33246346966357,69.61346826745833,529.1215910234301,14.152213912356544,6.328709439103067,0.2957719171427569,0.32035755003707006,0.35287717595904233,0.3919657459113382,0.4741707066265514,0.5736660656880266,0.6850294514032541,0.8253519243397763,0.966228637924798
594,1,6766,single_city,Asia,6766,4377378.641,128799295.0,1092057294,1.0,0.8034830968955206,0.5521999428980691,437.01384147144563,0.0,0.03398604504007572,33.60966406640285,73.0613865972622,523.46,22.389,6.827010408183095,0.12310672197390521,0.16841035504115143,0.23609083419284244,0.3152448544070059,0.4571319897364345,0.6121771629262411,0.7231128866039213,0.8478505724740186,0.9621618813984968
596,1,7151,single_city,Asia,7151,2322826.533,67166819.0,529398983,1.0,0.7155590071742837,0.4941640274158099,295.6397716766747,0.0,0.03458294687143067,30.704955763591702,76.76783206787026,323.06,24.027,6.828741291993986,0.4539472235539396,0.4896879663156297,0.5353510935213412,0.5867416171666548,0.6638701171779476,0.7491744398376228,0.8058682070383593,0.8722508803044551,0.9414983609689779
598,1,7738,single_city,Asia,7738,2841342.659,57637595.0,428386653,1.0,0.8283860903313435,0.702189640163815,229.14289678938826,0.0,0.04929669010304819,32.15939552490162,74.18213869952548,227.45,24.401,6.561768017748245,0.3528806502075598,0.3897379305989433,0.4360937856619451,0.4887313393280896,0.5872344951242328,0.7050393757754813,0.7874944643335656,0.8849679449671695,0.976156465237663
601,2,7428;7518,multi_city_aggregate,Asia,7428,5105936.933259999,79168844.0,575218881,0.9861528355775916,0.5136949187907917,0.4890350068393112,593.844674077744,0.006077912325270816,0.06449427167662065,31.425099137169514,73.08786817487986,184.62048206691006,25.15411378147697,6.12908817444775,0.48553963981083265,0.5227469028093931,0.568823235564738,0.6202591009160119,0.6907736962788038,0.7698429068889777,0.8116400436515152,0.85916047984735,0.9155746040702577
603,1,6912,single_city,Asia,6912,2740760.934,62772641.0,434867553,1.0,0.6403571128357015,0.56698403602583,348.1575095967393,0.0,0.043661711381555536,30.189572961488086,71.47039170050567,124.3,26.2105,5.609493772965425,0.46622548508035533,0.5006979075486087,0.5448076177008389,0.5955802624267473,0.6786248327515805,0.7729607075158746,0.8175685009015313,0.8677754533220929,0.9257632636485694
607,1,6143,single_city,Asia,6143,7434469.712,111129371.0,1158433787,1.0,0.6366031748200291,0.6273039436688186,560.3081125476643,0.0,0.06689923325490613,23.019167625710985,72.59879735519922,51.72,27.4605,6.715822683768826,0.5056405295410158,0.5367173094140882,0.5756998930552751,0.6198746144257399,0.6947197154566815,0.7784557603587984,0.8400066621451497,0.9124401954907132,0.9776316919853708
609,1,7021,single_city,Asia,7021,2177524.47,49849848.0,454545797,1.0,0.5018114505359242,0.48703094576634637,402.13497247917735,0.0,0.043681667193849825,22.307949221548274,73.18359233823445,36.4,27.78,6.792316929898591,0.2896937017741759,0.3304639966003507,0.384966088562597,0.44628976601894554,0.5891250260181335,0.7471176441701487,0.8149031467458036,0.8924161012486939,0.9643056885549581
610,1,8565,single_city,Asia,8565,3356171.615,58411070.0,472014527,1.0,0.6781195673668956,0.594155541651788,342.91872878237785,0.0,0.05745780063607806,22.69857028630617,75.85620463812384,564.67,26.082500000000003,6.941418268870884,0.3448304918913487,0.38348340477241727,0.43257839652654884,0.4888319457253565,0.6118474631606646,0.7509259631778702,0.8109611414411686,0.8854802351677515,0.9594344702125813
611,1,7687,single_city,Asia,7687,3961101.377,120696115.0,1017963932,1.0,0.8085502963131549,0.6349753212799273,423.3264570241874,0.0,0.032818797663868464,26.911805415646814,75.77942367423675,421.24,25.698999999999998,6.198140244583008,0.28299200019818366,0.30207939998731526,0.3282010195605716,0.3580109931458854,0.4630193357922084,0.5985090738007599,0.6925323404154309,0.8138633376890383,0.9368731793894112
613,1,8660,single_city,Asia,8660,2696754.889,47513938.0,433556780,1.0,0.5879471368316845,0.5170349496835484,288.23659477158736,0.0,0.05675713280174756,27.18681582390902,77.99819866244314,167.22,25.843,6.558638840292712,0.5011734030549099,0.534767524426201,0.5766651671768398,0.6238787658476129,0.6923044139174488,0.766944343783923,0.8196056070957537,0.8832016828409381,0.9515200781715883
614,1,9714,single_city,Asia,9714,2268289.892,33696805.0,266869969,1.0,0.5144761417070794,0.4733921143530179,259.4540200962013,0.0,0.06731468731234311,25.443724740891067,81.83244035992121,92.42,26.082500000000003,6.89186214963022,0.5007629655096381,0.5400604300615444,0.5902555449989991,0.6462266081309489,0.7114890862798416,0.7815234114925732,0.8407298852220559,0.9102390567889151,0.9746040017740555
615,1,9346,single_city,Asia,9346,4893283.069,106393204.0,845541751,1.0,0.8776034614588579,0.5309666733677247,335.196754459308,0.0,0.045992440165633135,26.856834122875114,80.9584423284922,119.68,25.364,6.8621761539042,0.33839596559193763,0.366910540639419,0.4040110588266521,0.4458081551900627,0.5216681039138552,0.6093475387770069,0.6860539795380164,0.7859189953523723,0.8981918713529861
616,1,10586,single_city,Asia,10586,3173404.612,46364056.0,384125591,1.0,0.5594499603475644,0.4131362446096886,286.77644477179285,0.0,0.0684453623298186,25.594130320453523,85.14258354605467,51.85,25.9715,7.023344354110693,0.34189916430089723,0.3828791424115267,0.4375509338527242,0.5006872565247527,0.6178787075919329,0.7505435676291996,0.8106533431846429,0.8782613626383334,0.9464329867947705
617,1,11032,single_city,Asia,11032,1909961.634,35656152.0,362424521,1.0,0.8193063982940537,0.7169029345159085,167.33394785509867,0.0,0.053566117678654726,22.79456215240127,86.20025626794155,154.06,25.696,7.158975758405543,0.6351902190679465,0.6626027115881714,0.6953784861585737,0.7310768419430117,0.7968797362093363,0.8712051709898477,0.9088843911143301,0.9523838130373687,0.9920685776748989
618,3,10796;10806;10824,multi_city_aggregate,Asia,10796,1858615.7983100002,44938395.0,468916596,0.856649352964208,0.6723932870611384,0.5326013065993157,257.7916444273126,0.06730588268399543,0.04135919403240815,17.689395535252356,83.22572976470224,38.05862320004976,27.218721065238306,7.091716706588183,0.373989257960815,0.4196270917107743,0.4785634199886311,0.5458978897666461,0.6104347963473106,0.678619941811451,0.7306469000506137,0.7899709368792543,0.8684388928443039
619,1,10300,single_city,Asia,10300,10934608.79,217423339.0,1904318349,1.0,0.8295834442757872,0.5072883307063457,718.131534858615,0.0,0.050291789466079345,13.03988411818027,80.19494386734065,17.29,28.3375,6.915013871544202,0.2603272549319096,0.29064749116009114,0.33040071654864983,0.3772297462509303,0.4882786801466608,0.6320886507956719,0.7335374975544828,0.8571506391960985,0.9743394107290386
620,1,9558,single_city,Asia,9558,13432760.28,244726647.0,2480320797,1.0,0.9288461923284987,0.5032541366495586,568.0388908444809,0.0,0.05488883390781715,13.010750229565,77.55991331873831,891.9,24.586,6.823053233432856,0.2588243649658633,0.2826741544005218,0.31361307377369496,0.34858020589805244,0.4495060278417495,0.5767685813143184,0.6809105793861507,0.817584559968249,0.9506022039357243
621,1,8258,single_city,Asia,8258,6530442.803,127724631.0,1422281449,1.0,0.8930428729881251,0.6600886826575609,465.5058752828826,0.0,0.051129079425565147,18.53385126393145,73.86477562453115,588.31,24.092,7.457680262384523,0.15426539772113337,0.19413982100288862,0.25175181754880155,0.3189146970406984,0.4568857200299917,0.6131945450678186,0.7248435503407327,0.8528532840310182,0.9689221963772986
622,1,9524,single_city,Asia,9524,9023909.682,227110128.0,2180551150,1.0,0.8688971350917651,0.7340000860823511,844.5107039862016,0.0,0.039733629501542966,17.416110174033797,78.47665470775922,543.6,26.186,6.7244962829292705,0.33758734440940474,0.37085368557407533,0.4135535778483644,0.46449636099011843,0.567310362310218,0.6972101173753026,0.7710946382805086,0.8634038725036516,0.9577011334342606
623,2,9410;9446,multi_city_aggregate,Asia,9410,3281179.93483,77063968.0,652350161,0.9795845316451912,0.6415054207877642,0.516489613918462,333.8786894183125,0.0010539677777264092,0.04257735515033433,21.14321215840327,79.07540915700913,310.1961963539173,27.292576292632635,7.055942411037467,0.3490137959156217,0.38770663872381966,0.4386691975165359,0.49525090636391833,0.6157591573794903,0.749101123368057,0.8197886592084124,0.9024677654802307,0.9776121312621743
624,2,8662;8672,multi_city_aggregate,Asia,8672,1740313.9096000001,34557286.0,279657264,0.7920879550552667,0.5231495162643892,0.4857684636477957,264.9549914516218,0.09729535360908124,0.05036026005051439,19.870192316891327,75.31906016517783,570.7508373325381,26.316372975325663,6.61914638982783,0.2944884329168674,0.33943501813192156,0.39831646501406387,0.4618558587037188,0.5729728312576399,0.6939831443939203,0.7743922945800779,0.8704677792115967,0.9603821897356175
626,1,7563,single_city,Asia,7563,1452124.362,15818386.0,150760031,1.0,0.6193271428611588,0.5112258491227578,154.07166790047924,0.0,0.09179978045800627,19.42000273135197,72.8285272232708,21.41,26.868000000000002,7.48925332300308,0.14364151943188136,0.18915596066501347,0.2556802571387498,0.33327268660658554,0.46958988104096083,0.626125762767453,0.7408264661135466,0.8676128525375472,0.9800533379322012
628,1,3472,single_city,Asia,3472,776140.1685,40526184.0,382499010,1.0,0.6122229801177057,0.503715841279779,215.07029612022222,0.0,0.019151572931218986,25.38283159734219,49.597686776938254,149.5,26.966,4.165268900558799,0.5833361216540891,0.6223567459497297,0.6706400484190665,0.7258409279294591,0.789300097931747,0.8575313678682405,0.8765025347562948,0.8974449210416653,0.9295565306617568
629,2,153;619,multi_city_aggregate,Asia,153,2080074.86251,111979400.0,1030141690,0.9504934389718109,0.8214851561812303,0.3685590537955815,205.3262220060261,0.029350431288916505,0.018575513554368036,25.25036714058468,51.46885370541493,19.043641688560577,27.921262335974294,4.025753536972965,0.5070089677208487,0.5345873883946511,0.5688365895870133,0.6066942491208205,0.6659886014749141,0.7364296647419079,0.7808585061180896,0.8397723688464128,0.9106449400514738
630,1,152,single_city,Asia,152,1319696.018,58255289.0,506049885,1.0,0.717223846350087,0.450278501881275,208.38599988846295,0.0,0.02265366871667223,26.211939385645746,50.57972767146859,7.82,26.637500000000003,4.068642064869728,0.612246005680274,0.6463211263100935,0.6866629740691871,0.7313460070552564,0.780780402617177,0.8391344689749973,0.8571454001369729,0.8777489714281566,0.9127641440419255
655,1,6141,single_city,Asia,6141,808596.0463,43641310.0,469439933,1.0,0.5613403866085199,0.5418203706935764,267.84199480382165,0.0,0.018528225809445225,29.607714506659438,52.524941523883506,1553.91,18.1555,6.024372104935419,0.5284170204789911,0.5674336311169395,0.6068620075795158,0.6464375611089584,0.719775002171108,0.7971344810685106,0.8523611917240798,0.9107016494234477,0.9661039047636287
674,1,3084,single_city,Asia,3084,812109.791,24390661.0,199352941,1.0,0.5127873152511455,0.5022767264578932,211.72419635605698,0.0,0.03329593203726623,34.340632051443926,47.089759199485826,1358.73,15.148499999999999,6.167186247684811,0.484001192095614,0.5148415616944535,0.5459526086644392,0.5773636065049652,0.6736987570775552,0.7836133264285048,0.8463895258927177,0.9158040858343282,0.9793687838144279
677,2,1430;1530,multi_city_aggregate,Asia,1530,1614050.6022800002,39154689.0,303131610,0.9174852850957391,0.7972614473915963,0.6003480330222177,157.2969503384528,0.027287216821695194,0.04122240895030478,36.34727378161348,43.10550243959961,248.03137548123547,22.194119854840373,5.581023938531182,0.6101272570444883,0.6405395787973185,0.6715329037602623,0.7031029923389253,0.7587772948471126,0.8181606039572936,0.8689183050336576,0.9230459728590872,0.9739308617672842
690,1,312,single_city,Asia,312,1030819.287,47668529.0,563985773,1.0,0.533644871277838,0.5298961184636488,358.7812985081221,0.0,0.021624734570684992,40.18008426532431,44.505648639329664,1054.22,8.583,6.774471855610698,0.7063170126353175,0.7272620474611248,0.7486816511581467,0.7704281581669953,0.8308905861139537,0.8925248354108011,0.9209131248837152,0.9498784827196997,0.9777335692485917
709,1,2125,single_city,Europe,2125,2835153.415,83147511.0,1105193491,1.0,0.7604440975126202,0.705640387260769,489.19633198281645,0.0,0.03409787473975018,50.44742416119603,30.520009343090194,136.46,8.8235,6.484267228997817,0.5998389055807094,0.6446398858529873,0.6899506588958507,0.7357602562510861,0.8014590358573692,0.8709939495362645,0.9012716808805017,0.933476962407209,0.9668690744092148
710,1,3766,single_city,Europe,3766,708185.8845,43404905.0,481801974,1.0,0.5521294638425093,0.5309698439009539,307.4426361286835,0.0,0.016315803121790037,47.837336464906095,35.156094904505096,63.5,10.439,6.232693565968576,0.7661894433359547,0.7990140745613888,0.8320708684882504,0.865366091689407,0.9057531170728286,0.9472534728505915,0.9608473973160406,0.9749297919209822,0.9885809910193329
718,1,5080,single_city,Europe,5080,784614.303,58271797.0,568052718,1.0,0.607082035275839,0.5816446585000272,342.6469960687489,0.0,0.01346473497290636,45.054745169251596,39.00996214957138,30.49,11.959,6.676074766287399,0.4373955723383646,0.46284107215708487,0.488465955494731,0.5142823894722176,0.5817404086577251,0.6542011052104674,0.7329781163261535,0.8205848191021121,0.9128749024163438
725,1,2894,single_city,Europe,2894,293842.2002,14663115.0,142586043,1.0,0.5578049951701445,0.5535318136114213,120.24228608294419,0.0,0.02003954822696269,52.96951092385684,36.080346650884685,189.74,6.8325,6.509604853237313,0.6149789454696359,0.6646260361457985,0.7148401277627571,0.7653471994184046,0.8181134090539425,0.8746118406627786,0.9081609876209796,0.9439216019242842,0.9781954925675752
731,1,4644,single_city,Europe,4644,1215173.349,44376944.0,493146536,1.0,0.5163933469591296,0.5116014379286697,441.2661148947255,0.0,0.027382988540175277,56.297772782539475,43.92233791890138,100.17,5.433,6.530606453935357,0.7351878488973914,0.7556176693915652,0.776316233042095,0.7971520977199331,0.8450490642167698,0.8943670614181995,0.9203661252563944,0.9472269879602345,0.9744793377389844
732,1,5901,single_city,Europe,5901,1133705.32,49184481.0,522188486,1.0,0.5874678683065014,0.5050592265889304,330.3873082304559,0.0,0.02305006166477593,55.798699572088736,49.14971367496484,81.47,4.906000000000001,6.46159629314641,0.5832928276705817,0.6013884338842571,0.6195562579993474,0.6377971946069737,0.7171308567838705,0.803015752062119,0.8491660001454524,0.8985021718537601,0.9495609804238861
749,1,7358,single_city,Europe,7358,1353577.197,64354873.0,809386422,1.0,0.5881852048790995,0.5696189455802971,452.6567881338929,0.0,0.021033017919249098,55.01726818243955,82.93060820070038,136.73,1.9020000000000001,6.266533343087096,0.5872362765753574,0.6133836360767894,0.639935642480407,0.6668540857815072,0.7369702058148728,0.8095008283211125,0.852590851977907,0.8981251816004672,0.9464864921728615
752,1,7398,single_city,Europe,7398,446594.0282,18746002.0,183111486,1.0,0.5191710342326047,0.5093594787896526,189.43841094770735,0.0,0.02382342796079932,55.3523801586561,86.09740575955443,158.44,1.3875,6.470797181798482,0.5639934317728121,0.5999793982738293,0.6367461712636113,0.6742517684570822,0.7275842603665571,0.78297383090005,0.8444186659107366,0.9086849558641891,0.967585728412917
759,1,7336,single_city,Europe,7336,918218.1142,51049331.0,583921287,1.0,0.7277929437772825,0.6816338232096325,282.8369636189508,0.0,0.017986878499935677,54.98704290214417,73.35366983230904,97.67,2.314,6.152019674608234,0.5998762060172738,0.63086850246872,0.6623172985361944,0.6942549942525201,0.7629931918206725,0.8345944827367081,0.8733605147538565,0.9144522579541737,0.9568737933118066
761,2,7161;7174,multi_city_aggregate,Europe,7174,1037454.4907000001,61025105.0,736923205,0.8122845015997924,0.6289784995298084,0.5504505434536706,356.3839270674981,0.020584143472273397,0.01700045400495419,55.17505322833036,61.3992950044736,236.442297322225,3.290926509581589,6.188682362562159,0.644113320247462,0.6717499134167815,0.6997789680165237,0.728123990937828,0.770696453533345,0.8151647916050287,0.8621167632566957,0.9120587174737348,0.9613704720376967
773,1,75,single_city,Europe,75,570522.6489,28617381.0,257238676,1.0,0.6189017714089148,0.5627402028780863,265.7568996318981,0.0,0.019936228577311112,57.705203586875456,11.971914332745765,34.91,8.5835,6.909158294295696,0.7184514893239182,0.7445203668358051,0.7707429271742232,0.7972147765723215,0.8317471469524063,0.8672686714413175,0.8910121090396078,0.9155502734509493,0.9462622732667255
786,1,3668,single_city,Europe,3668,539288.608,19100760.0,188722603,1.0,0.504703529761368,0.48486222349341007,214.432964385859,0.0,0.028233882212016694,57.62931175360065,39.86270794678498,105.19,5.146000000000001,6.5382338859138756,0.7219683928807021,0.7336699167991221,0.7455670873829104,0.7576327852923129,0.8129249307357403,0.8699801997407433,0.9026001583183078,0.9366083862631644,0.9704700231823237
787,1,724,single_city,Europe,724,2065198.094,52960065.0,701031884,1.0,0.6648634780275606,0.6545691823259049,359.9816196524041,0.0,0.038995384427870323,53.892842012312514,27.58068901577697,219.38,6.854,6.618100595545312,0.6244832969899111,0.6459865372144087,0.6678401168880741,0.6901060638803974,0.7575790173218254,0.8312336097019518,0.8761956391103372,0.9244338540747636,0.9704554743276844
789,1,1402,single_city,Europe,1402,518591.8212,32436039.0,279937464,1.0,0.5166858148989754,0.4825995026526951,286.0468122359497,0.0,0.015988136566243493,52.403214120995074,16.910180627725115,80.84,9.564,6.505058086658299,0.6181846988160299,0.6481903662774607,0.6786094627645503,0.7093000473948129,0.768686367654201,0.8314533411431648,0.8690095298010956,0.9087295153394038,0.951515134138296
801,3,3712;3760;3850,multi_city_aggregate,Europe,3712,2021572.7208600002,94090872.0,1002485064,0.903518441193743,0.5053857779105572,0.4927982077419887,860.755668913274,0.01428846679010744,0.02148532241108362,52.23725478028267,21.008615302774142,98.32795148885431,9.047780372999414,6.569811973759226,0.5957899189200839,0.6372980792440738,0.6796486804798663,0.7226074278491117,0.7834564015944075,0.8469691406409753,0.8851331083423267,0.9252365627985677,0.9650225688204909
811,1,961,single_city,Europe,961,293965.1192,18182788.0,179684701,1.0,0.5413730127539007,0.5353155101176053,137.50957779716268,0.0,0.016167219196528058,47.0614402611048,15.436336678140288,367.7,8.964500000000001,7.0343482815524245,0.6791218706394201,0.6938009726561185,0.7087917430484258,0.7241611682432859,0.7874255587206979,0.8528123409897316,0.8877292635210838,0.9233773170539084,0.9603371606158527
854,2,3064;3180,multi_city_aggregate,Europe,3180,483730.25818,37447233.0,343290077,0.8482392544196791,0.5618642917523933,0.5414443174911614,285.2005021420436,0.0025490083428146315,0.012917650235465995,53.07532455119963,8.803619712311393,7.279482909992309,10.167821128946965,6.7070732427666275,0.6711762388425334,0.710277712641679,0.7498527594815884,0.7897211791322473,0.8362032516527991,0.8849527013117364,0.9170414540374718,0.9503109882644734,0.9810363825813245
861,1,1951,single_city,Europe,1951,493888.3911,27015273.0,245459269,1.0,0.5062079459759141,0.49587852478970224,218.20038083396838,0.0,0.01828182121646522,52.08381132569396,5.081067524592158,3.03,10.7725,6.735108767629046,0.5667083208820433,0.5925569584286636,0.6189025741105781,0.6455373225360336,0.7184183554243557,0.7969216154136217,0.8517466027457875,0.9122134727270755,0.9688076074596766
866,1,6335,single_city,Europe,6335,186622.4098,12454005.0,84306384,1.0,0.5154614253936923,0.5028168762435262,101.73714334860345,0.0,0.01498493133734891,52.63803497690733,1.2848163236438437,26.55,10.689,6.537638250822986,0.7060837056031373,0.7463263424095301,0.7868381295816085,0.8275357204369197,0.8685967285222705,0.911569731985815,0.9366928148816385,0.9621994691667459,0.9860654464166346
881,1,235,single_city,Europe,235,431186.8361,29562072.0,231483871,1.0,0.7963897153080727,0.6225386316362472,138.52073543908222,0.0,0.014585812391634796,54.60287734337849,-5.936162939210373,56.45,9.8945,6.886248149847703,0.720704455357527,0.758130350267735,0.7958299066452447,0.8338422624774069,0.8725155327407361,0.913331007379997,0.9362599482201382,0.9602022145132452,0.9828802257162489
882,2,394;540,multi_city_aggregate,Europe,394,1182846.2063,70029792.0,589689393,0.9230892760612512,0.7942844474262186,0.6910979042174861,348.6674271241906,0.0624575075263903,0.016890614301696055,53.3347575894098,-6.284319052222663,48.97365764730531,9.76946114316604,6.8119433987098805,0.6855777609620773,0.7121767689956868,0.7390620551893115,0.766186111191077,0.8157474750174897,0.87010803916139,0.9032613291211832,0.9390485695002493,0.9737193993093682
884,2,3655;3932,multi_city_aggregate,Europe,3655,260297.63079999998,17702844.0,131907470,0.583579508467679,0.5650957586119838,0.5016987015466864,111.35848433081391,0.05707210541182624,0.014703718272612016,51.870856084057515,-2.1688999074803785,45.278024719079035,10.479236274211083,6.696660329876638,0.643013800494429,0.703400594842275,0.7646349931118412,0.8268351119176105,0.8657845033261322,0.906201907444928,0.9320815909579274,0.9591906814520876,0.9848414751889584
885,1,4017,single_city,Europe,4017,373306.1422,22839194.0,194529693,1.0,0.6590577773344785,0.5565452085790316,132.8190892019454,0.0,0.016344978820180784,50.737688186855834,-1.9051788157009648,27.3,11.567,6.816958199801361,0.8003343287858582,0.8347072142738488,0.8692297109959309,0.9038983162015262,0.9278452645920867,0.9524399153490267,0.9668278574103797,0.9813176419448076,0.9942511106127475
887,2,4595;4946,multi_city_aggregate,Europe,4595,443296.08378,25054156.0,199563678,0.7943279749675064,0.7328917344593175,0.5780191421996675,139.8841029041733,0.035312117854487145,0.01769351495137174,50.92709239161022,-1.389853331965053,25.824029705490776,11.39,6.8980104520116,0.7485545711458012,0.7729727554981297,0.7977897160056,0.822829753275265,0.8649887068636437,0.909367451851102,0.9347371350286157,0.9607334607479893,0.9849421788544783
888,1,5915,single_city,Europe,5915,443909.1119,20173385.0,163856593,1.0,0.7908520756544843,0.40609269261936753,61.5537204241834,0.0,0.022004691423873585,50.83257496642472,-0.23173281922146075,31.01,11.4755,6.837821965418129,0.8154648315094368,0.8455090704906489,0.8756100674229932,0.9059237703538598,0.9296695125780825,0.9540046947996085,0.9666712353925729,0.979544236130922,0.9915245755732119
890,1,5430,single_city,Europe,5430,265801.1055,15564232.0,130042693,1.0,0.6034850729180755,0.5576591581389587,109.38356967825628,0.0,0.01707768847830076,51.449926284200565,-0.9685992239153239,55.94,10.488,6.653498956141297,0.6893844167833016,0.7337728581789323,0.7786783825890028,0.8239697917635769,0.8686471006086263,0.9151023963148326,0.9364604691063458,0.9585811236943782,0.9806371429056057
891,2,4558;4814,multi_city_aggregate,Europe,4558,495391.97606,28121482.0,207198931,0.8072178059463581,0.5470940967174605,0.5172463842818227,208.33363793750104,0.02163712892142298,0.017616140431716935,52.43939959704388,-1.50082276063161,97.2971682040086,10.364409316372445,6.6317930446480995,0.7620234595033079,0.7894365951268144,0.817237370349116,0.8452510077527209,0.8809515444456306,0.918189197852375,0.9376647361614868,0.9579359295502279,0.9787612900344299
896,3,3447;3603;3753,multi_city_aggregate,Europe,3753,345384.49163,21940302.0,158382013,0.4044988077192374,0.7308021375702122,0.5936411745513797,117.4816398640386,0.008478902328845147,0.015742011738489287,53.772143766024485,-2.3601999438846604,155.05443176306323,9.846059002925305,7.1477838349895455,0.684421754996809,0.7370094085304751,0.7908490503002192,0.8452623395976956,0.8802377469553518,0.9164206582024258,0.9400692843699234,0.964661151883871,0.9871962108816916
900,1,4012,single_city,North America,4012,597321.1096,56050955.0,451294355,1.0,0.5231567877703047,0.42183318843146267,360.2517590603625,0.0,0.010656751693169188,46.82531414820939,-71.27148693216535,62.11,5.351,7.1822533228112535,0.6473607452361874,0.6761296930623216,0.7055771128252855,0.7354057036137921,0.7909779057288141,0.8504470976453479,0.8921426940896904,0.9370653006715051,0.9785094830230814
905,2,3388;3494,multi_city_aggregate,North America,3494,647164.20298,43141503.0,390279732,0.912290028467483,0.5385797718249744,0.506818393575701,380.8744884153049,0.07253337323070758,0.015000965612625965,45.386464643875996,-75.72230619022511,79.9628641032743,6.899826972358844,6.937590450110979,0.7210865601970334,0.7391383883867004,0.7576570524211917,0.7765158761390395,0.827247233365977,0.8812018440803975,0.9124677691456415,0.9459209847185899,0.9778543181492773
907,1,2013,single_city,North America,2013,720765.082,60942379.0,451759901,1.0,0.8871802201707165,0.7626881706960136,273.22711299531386,0.0,0.011826992871413833,49.88500412524987,-97.14663065981813,233.79,3.6350000000000002,6.4880028413233966,0.7607304270153287,0.7831467983880315,0.8061356777686673,0.8296203205326133,0.8591387448133588,0.8908387380151339,0.9175394022606174,0.9465570584305545,0.9755490017874097
908,1,1262,single_city,North America,1262,1397542.444,105856427.0,865813071,1.0,0.851477997743978,0.731326740401132,524.7249986207622,0.0,0.013202244621387041,51.04111808910227,-114.07297149154596,1093.25,3.2590000000000003,6.436478840057721,0.5709349230160583,0.5970984548722772,0.6237500534568392,0.6509604088564221,0.7189242179882002,0.7967248034925645,0.850798601014561,0.9126326264535644,0.9715445714033027
909,2,1564;1660,multi_city_aggregate,North America,1564,1137771.6396299999,105856789.0,858064170,0.9227547795729946,0.8546371235023263,0.7499532739154455,473.7361645504078,0.041841022659366775,0.010748216060379462,53.53918897989815,-113.4940280790227,677.9088456080034,3.332255700742066,6.24881930911555,0.6017596660711104,0.6264662817233196,0.652093339048854,0.6784150896547599,0.7377372555670473,0.8047487535258603,0.8558797017733081,0.9139431104414096,0.9696082317403374
914,1,5216,single_city,North America,5216,326897.3376,48500212.0,391714020,1.0,0.6978307378585646,0.6488215933121079,249.55830674286707,0.0,0.006740121828745821,43.62038057454096,-116.29274117429185,815.99,12.2365,5.745400951899862,0.42834761217126227,0.44806909297633585,0.46796622249816144,0.48791465076482554,0.6142270677084876,0.7519224245865153,0.8041974331988487,0.8599314163822624,0.9216884041661508
916,2,7499;7508,multi_city_aggregate,Europe,7499,893860.5721,40498173.0,455571840,0.6037655822152768,0.519686085154978,0.5093299984848116,314.8038263073061,0.0990262553061961,0.0220716270854984,56.02007304361085,92.8990883900923,182.70288687936616,0.5216153002507051,6.47313504049085,0.7353484069515926,0.7648629482618883,0.7950908550862282,0.8259018993276561,0.8718718496264016,0.9196417329739789,0.9394878628228488,0.9601962784839702,0.9812138685861211
919,2,7582;7591,multi_city_aggregate,Europe,7591,573338.7180999999,28444611.0,332979593,0.7346607411857381,0.6129773120788076,0.6002400048917935,211.2905905118026,0.042987196454394125,0.020156321283493733,52.29133616128886,104.27503618752102,457.03564859895596,0.31469261645026536,6.39017759597875,0.7625704918235654,0.7705748902665606,0.7786025620107795,0.7866696085244407,0.8302478103848915,0.875145945922762,0.9086771831754,0.943711376471276,0.9771792625323651
923,2,9435;9461,multi_city_aggregate,Asia,9435,676205.5346,35834084.0,357671426,0.9497106162948102,0.5844878429910906,0.407740023040643,165.03441444025754,0.0429181729098897,0.01887045681424423,42.01039848581706,121.66778407812147,151.16865819369067,8.935612154115617,6.312190191552365,0.4385008976370095,0.4662363352164939,0.5001773172156431,0.5392637356099294,0.592558526122783,0.6544274160879904,0.7143543839435104,0.7943839167201818,0.8869488055003723
925,1,9521,single_city,Asia,9521,887789.8844,31432276.0,352829037,1.0,0.7298900735034949,0.581892331544447,139.19527960879844,0.0,0.02824453069831787,41.11843157554018,121.15085573289093,32.38,10.3965,6.333792817927289,0.5110245277815708,0.544191550112375,0.5838169020913407,0.6297412888586241,0.709786462806575,0.8029844545778358,0.8364030654350324,0.874298125913631,0.9232370891627447
930,1,9779,single_city,Asia,9779,6028736.151,221311707.0,3097462269,1.0,0.8764471778274449,0.6193089749101995,579.1047035048251,0.0,0.027240927435438378,41.801698011756656,123.39101758173685,49.66,9.439,6.602522082696938,0.4043064789157313,0.4269062323033819,0.45450231424043014,0.4855066207591088,0.5470849040986341,0.622087881686259,0.6947727442181809,0.7950792002160103,0.9070816800486745
933,1,9637,single_city,Asia,9637,3519914.343,126460479.0,1764185504,1.0,0.9692689036537233,0.5668246879394806,244.74970383088603,0.0,0.027834105728794526,43.87499137874555,125.2998818803621,214.69,6.513,6.498529859757564,0.4084081715363422,0.43115340406072633,0.45985194315134614,0.49210395605096513,0.5749064891648876,0.6768529953140539,0.7512594824190093,0.8459455226324107,0.9435527521606177
934,1,9445,single_city,Asia,9445,4473813.639,118786025.0,1719965433,1.0,0.8820472773132645,0.715563320106461,422.53192561018216,0.0,0.0376627944154205,45.74290083659602,126.655796506129,143.21,4.9975000000000005,6.431709432250131,0.5109563267227774,0.5369281782095158,0.5672561566059644,0.6017215914077435,0.6587975731993726,0.7250677678624232,0.7858361621242903,0.8625520889347043,0.9428890225091714
936,1,10343,single_city,Asia,10343,776286.8868,28106265.0,352864439,1.0,0.5400360468647454,0.5075712710517938,198.67646176148716,0.0,0.027619709940114773,44.577826651742726,129.59390318447905,258.26,4.825,6.349724484281038,0.6118541898043016,0.6418478940549376,0.6788877141804505,0.7186065811305771,0.7558196366539631,0.7968709467444358,0.8304048225546866,0.868092398616465,0.916407996580122
940,1,351,single_city,Asia,351,1995388.867,113684636.0,1612347797,1.0,0.6815403910272034,0.6398806747288617,472.7810466516973,0.0,0.017551966010604988,43.068818246333564,141.37023770012865,39.66,6.6274999999999995,7.181798387179459,0.757619376113409,0.7749135072218554,0.7923908557001493,0.8100692163890995,0.8661308287955463,0.9252966953247754,0.9439024900427179,0.9629876195407795,0.9820275890226714
941,1,779,single_city,Asia,779,301981.443,28060779.0,298749397,1.0,0.6574911414984668,0.6137032818176015,126.22774417560711,0.0,0.010761691362880554,43.77541816037152,142.38262858219417,124.9,6.5695,7.190943519278356,0.7888870440838439,0.8054081820037854,0.8221083598570089,0.83897428506885,0.8873324578765258,0.9385007451147382,0.9547224971908299,0.9714236016042178,0.9874512749628227
966,1,2399,single_city,Oceania,2399,199921.8008,27524876.0,257665280,1.0,0.5172129571369714,0.5052122503093778,232.91634864187452,0.0,0.007263313404209341,-32.92827938701183,151.70983398463696,30.87,17.71,6.817554275082133,0.7005126199296956,0.731590979737747,0.7667117192462557,0.8052482052961837,0.8476496315551068,0.8972362672950824,0.9070056482724935,0.9184168531767409,0.9398476127558213
969,1,353,single_city,Oceania,353,275506.8082,32125615.0,264197277,1.0,0.5505118976892612,0.5345222581976216,213.63626986756844,0.0,0.008575923237578487,-43.525662225822266,172.61681633101844,14.41,11.921,6.497770723539758,0.8495342423794844,0.8733532105144135,0.899649236286994,0.9294749688060446,0.9295303763056365,0.9296119622923951,0.9399935534308059,0.9512696644095374,0.9673135907281464
970,1,193,single_city,North America,193,531669.4664,33461955.0,367736052,1.0,0.7359927503445683,0.4146063117311351,117.12908614291436,0.0,0.015888774771229,21.336319039304147,-157.88713289335254,46.58,24.349,5.707258094353103,0.7105994554113769,0.755295947292978,0.8063276637602316,0.8626684244838654,0.871995016429853,0.8825297266701841,0.8927019954452751,0.9032589697762727,0.9263339813827375
972,1,2246,single_city,North America,2246,280813.2908,34626319.0,303159207,1.0,0.516917252669514,0.47285252737613687,232.746287015268,0.0,0.008109822207783623,37.953044803132826,-122.04222034660287,44.23,13.7305,6.240090642836691,0.8006606188777964,0.8229798552944655,0.8454483423432909,0.8680443046804946,0.9118805842457582,0.9562488291059758,0.969113234357946,0.9820978083174247,0.9938084380265774
975,2,2607;2985,multi_city_aggregate,North America,2607,268287.59545,28572543.0,212361371,0.679795809564448,0.6815253978423296,0.569186212236749,158.1534107257288,0.2860362421959766,0.009389699595517277,37.98751321687094,-121.80819906743697,32.719832899717744,14.333798307032033,6.163442381847341,0.5408094057291295,0.5672930477346732,0.5942584809479506,0.6215893699066268,0.7066131635535556,0.8029661203064774,0.8569829083816586,0.9177599277740172,0.9751660186494425
978,1,4008,single_city,North America,4008,719053.7024,96281984.0,778404925,1.0,0.7972166544006539,0.7318229719027719,376.73114593871645,0.0,0.0074682061225493646,36.78901589590633,-119.77260770857879,99.05,18.985999999999997,5.6491432379644415,0.5704233722479172,0.5961517785092588,0.6222322651764218,0.6486975174919536,0.7481187757826012,0.8545958089106265,0.8968325268411586,0.9423575442732879,0.9832685105450257
983,1,1362,single_city,North America,1362,712410.0493,44174088.0,299741253,1.0,0.5611067735259176,0.4909903362667993,228.7214735146875,0.0,0.016127328973945088,32.616733229717354,-115.44521638013316,6.05,22.183,4.780202742445169,0.38186495214117383,0.39620616502597633,0.4108006259235052,0.42555728598177284,0.49673874421583986,0.5736828794292256,0.6908539005943937,0.8194639355089798,0.94043777428976
986,1,3104,single_city,North America,3104,611020.8241,84645785.0,682232097,1.0,0.9270501281032553,0.7328211972881067,249.98052621964482,0.0,0.007218561728738176,35.35752156772579,-119.03830552268059,126.27,16.4795,5.7150388829119,0.5484944584068776,0.57100126131502,0.5939360359172049,0.6171424720084999,0.6959046218308449,0.7821917889945731,0.8411431236652835,0.9089065096389619,0.9728202650610424
987,1,3105,single_city,North America,3105,4052441.43,192842013.0,1744483242,1.0,0.9604195124540118,0.6059598698763977,386.96105579157125,0.0,0.021014307862467708,20.649141050498212,-103.35021139116382,1581.05,19.277,6.90753825543423,0.5408123747391084,0.5682746010331265,0.6041381241959967,0.6447817260650561,0.725256674228971,0.8140841124698278,0.8595212807698704,0.9170141622614155,0.9740631518921139
988,1,2089,single_city,North America,2089,2772556.827,99688964.0,1088354998,1.0,0.9930981095853212,0.5773413698276909,274.3370517946669,0.0,0.027812073831963987,14.59597515526964,-90.5448070993306,1507.83,23.612000000000002,7.7952705397308035,0.545611879365102,0.5901484340834358,0.6466607778168906,0.7111112118689487,0.7872245116319997,0.8729045774816158,0.8954480558148844,0.9211231947399915,0.9522078893306585
989,1,5853,single_city,North America,5853,1912924.198,110869450.0,1067069858,1.0,0.7908428675682487,0.6019029045710846,339.44415616528306,0.0,0.01725384403007321,19.04322691039677,-98.20332915572241,2173.91,20.939,7.102949460223758,0.5413761771164194,0.5724294384070634,0.611905570019514,0.657608935554384,0.7307976723975811,0.8146249846102781,0.860120754635294,0.9134279821898639,0.9676440173555475
990,1,5243,single_city,North America,5243,1483416.705,95824423.0,775381737,1.0,0.972809390430831,0.4899075874167479,201.6840182271717,0.0,0.015480570177813647,19.289364178886032,-99.62664647938907,2641.63,17.32,7.2810335713109025,0.4343940479558118,0.4744428463712221,0.5278369168995675,0.5906905591281254,0.6710477140050194,0.7670068203802282,0.8244720659575482,0.8923177653780394,0.9607472408156321
1000,1,5951,single_city,North America,5951,1418711.849,118157414.0,886378700,1.0,0.6735629334131997,0.5524009962518885,703.3263500464602,0.0,0.012006964277332608,30.35523086533692,-97.73378767698992,224.25,20.197,6.769170568397638,0.39212796244846726,0.43107578505399585,0.47152423291863854,0.5130056671687144,0.6113327090926347,0.7215532408317602,0.7974897453324427,0.8816303478002658,0.960660200298561
1001,1,6131,single_city,North America,6131,3859683.387,192867076.0,1738370629,1.0,0.8453060632167242,0.6675780415451489,616.265368786609,0.0,0.020012142388678097,25.71451896920973,-100.28117922426888,529.27,17.5335,6.61948703476525,0.4686179304133796,0.4909157227021993,0.5178000417240732,0.5484837909815151,0.6276632565321828,0.7379495399204372,0.7976136165407516,0.8773897572854789,0.9625589647037528
1002,2,5666;5710,multi_city_aggregate,North America,5666,402153.14866,40880110.0,277033740,0.8610969980266687,0.7786067339212531,0.6802592965967712,215.55921825822395,0.013120567974958907,0.009837379318695572,26.231876030907063,-98.22532203646524,36.43435242713389,24.143345987327333,6.353516841216361,0.36292350974593757,0.39141159355980204,0.4201403812269585,0.44910593440183993,0.553992565088499,0.6712320245713624,0.761357564840212,0.8584801508606508,0.9497732515886087
1003,1,5215,single_city,North America,5215,987343.7227,56094153.0,472318288,1.0,0.6412482868629875,0.6000149461102311,243.67267640252504,0.0,0.01760154436595201,22.15236109689892,-100.95875327893691,1871.34,16.490499999999997,6.216558195745805,0.38967999035478795,0.41823629995803663,0.45687642346609636,0.5024797504296036,0.6118907972458377,0.7508834833462946,0.8158478834683537,0.89431427906577,0.9668607706760454
1004,3,4808;4843;4876,multi_city_aggregate,North America,4843,637815.5208,95439408.0,772722398,0.7107162169321084,0.511413342721646,0.4989497244401533,645.0493713848421,0.09867681457177786,0.0066829366837648455,32.23625889533187,-110.929929523056,758.7973286327385,21.067645378851264,5.458396625248425,0.7007257211821767,0.7285950684019331,0.7568344514458849,0.7853812232364225,0.8537516913348834,0.9256825859607176,0.9469320157560072,0.9695581934037143,0.9900863278615475
1006,1,5913,single_city,North America,5913,423857.304,53008917.0,412927178,1.0,0.5086558285760799,0.479671848108922,402.4035755478249,0.0,0.00799596233969466,38.87333452562745,-104.7649495361871,1932.71,6.5555,6.2201636377958796,0.45877696388326517,0.4928336491009616,0.5275782751796269,0.5628245527068587,0.6302178367462214,0.7026299179060761,0.7693186223744205,0.8425436799623731,0.9200168530136166
1007,3,5428;5453;5478,multi_city_aggregate,North America,5453,731100.4224,102558554.0,806232021,0.6376946968265562,0.5786502765114898,0.5560194654892346,594.1696306606751,0.2837053747401652,0.0071286147657659065,35.12308140791003,-106.61714922537062,1607.1505140000313,14.510293613480549,5.351619535440281,0.5966917103764938,0.6375801671306716,0.6792162650811165,0.7215256174536158,0.7899133503773854,0.8644148297956697,0.902825238741178,0.9451992956140938,0.9835051691543935
1008,1,5351,single_city,North America,5351,473439.227,39790138.0,297061444,1.0,0.755624503761902,0.6255624878871883,189.92532060038909,0.0,0.011898406258354772,40.307758392257604,-111.71497179888149,1423.73,9.795,6.130158528111002,0.57048605863091,0.5900383909198808,0.6097591820365137,0.6295651450115604,0.7271013485803944,0.831857481871513,0.8676572320508162,0.9049917343840326,0.9463328325224708
1009,2,5527;5551,multi_city_aggregate,North America,5527,337063.1042,38983338.0,279636225,0.6132295033329368,0.6021921327651358,0.48136940632842345,214.48913571250668,0.12521102290046798,0.008646337678933497,41.15120478272161,-111.99605808155582,1349.3633870126773,11.368265351148228,6.1852289494149915,0.4754242953746034,0.5046366732371661,0.5342750023099613,0.5641353749645553,0.6644250936130713,0.7728324598575935,0.8324797122298763,0.896077883325435,0.957570154715843
1010,2,6712;6727,multi_city_aggregate,North America,6727,468972.7935,60254889.0,599707076,0.7450322910726795,0.5626905611561895,0.5204720893382577,410.0612325929889,0.10222215582430003,0.007783149239557972,41.24159558692045,-96.03660034083559,344.86795329620475,11.379180390051005,6.737626635880519,0.6479564172792684,0.680214330823844,0.7131290873343075,0.7467070099490184,0.8161490928976735,0.8918931872897484,0.9183710885269409,0.946663348761625,0.9751030493143884
1012,1,6577,single_city,North America,6577,416687.7699,61671010.0,519058306,1.0,0.5382803813806861,0.5125840592934888,470.7591249190694,0.0,0.006756623085952379,36.09924507824359,-95.90266493338034,215.21,16.6195,6.84032832366539,0.7017856688255957,0.7303318690580874,0.7599901963661695,0.7904776814908658,0.8434745433875658,0.9014308181429167,0.9289669327614385,0.9582775115893188,0.9850281193708357
1017,1,6817,single_city,North America,6817,234071.8373,28852785.0,330370316,1.0,0.6275521101639953,0.5334390334806434,177.86530613575286,0.0,0.008112625429399624,41.600879305965606,-93.64756698674533,272.05,10.623,6.842110546218035,0.6485614127024479,0.6892848645286754,0.7320448961859315,0.7757109062435394,0.8295909389682833,0.8861114793597914,0.9163542098275782,0.9475711616746876,0.9774219022531101
1022,2,7451;7478,multi_city_aggregate,North America,7478,207935.91699,20331137.0,183708135,0.6304753147844118,0.5354469418829002,0.47542064743597734,175.3043671780529,0.1903080709846576,0.010227461306763119,43.06572394860076,-89.41950638354477,288.1126462853504,9.26716286108347,6.851695482755684,0.5739705064207673,0.6090775444580399,0.6451550643724451,0.6816577449652718,0.7712768843178814,0.8686576161480787,0.9050231671745658,0.9437070341909555,0.9796464408262067
1029,2,2408;2549,multi_city_aggregate,North America,2408,503149.83150000003,43236267.0,376963033,0.6965700577249188,0.7630397711559983,0.7171268229884717,251.49225532439644,0.07018054687229032,0.011637217234781163,43.42719585046258,-80.44364286892358,324.3751766848882,8.235484127595937,6.886980517221717,0.5533332468318785,0.5904936242529911,0.628400805277662,0.6669153699138735,0.7530650136839983,0.8477506395267658,0.8920376497813746,0.9402356591053525,0.9837865974877064
1030,1,2255,single_city,North America,2255,352710.3554,32973650.0,295767771,1.0,0.8224319236945096,0.7282147578405885,157.59399101501361,0.0,0.010696733767720588,42.98511823083449,-81.24649932605844,262.52,9.184999999999999,6.9277338711877405,0.5920959008177742,0.646001701358509,0.7006800581676581,0.7560969440750417,0.8064702876387662,0.8594956275692864,0.8977239705037204,0.9391987844839743,0.9792371181231074
1034,2,7728;7735,multi_city_aggregate,North America,7735,1077725.4549,115327835.0,911876997,0.7385940523378419,0.6187537218919075,0.5941186066452941,887.5846740764812,0.07307885245742719,0.009344885862983555,40.000273947956984,-82.98961821710391,258.35197388739675,11.884116504480465,7.001290251276631,0.6160906254764948,0.6318975726891951,0.6480932898809728,0.6646146093005214,0.7571533793207859,0.8603981510621438,0.9004830793884234,0.9434466015944893,0.9823488319190246
1035,1,2096,single_city,North America,2096,237922.906,29274033.0,231745736,1.0,0.7786328187506384,0.7244548266664947,142.9546803186592,0.0,0.008127438607451184,42.29917457286961,-82.98390966367688,184.9,10.1405,6.899466017788587,0.6940436256254818,0.7103171606044169,0.7266926972446878,0.7431679468285084,0.8206311033399464,0.9067098475976986,0.933457614125119,0.9617024412044627,0.9876755963211492
1056,2,6918;6932,multi_city_aggregate,North America,6932,365478.02390000003,65943341.0,495850057,0.5157641011849855,0.6175597030535256,0.5688976521962965,425.2612905761805,0.06614230933215837,0.0055423037164586495,27.393715941326505,-82.54288222213677,6.740339385897964,23.075289779789898,6.813215347612614,0.7639566518172016,0.777845393062508,0.791821330375117,0.8058544986369435,0.8595679433348699,0.917649577384925,0.941661569740605,0.9668507848275385,0.9895048083778467
1057,1,367,single_city,North America,367,1641133.026,55919198.0,474275933,1.0,0.9484209484080323,0.4821277558497406,167.57345461107863,0.0,0.02934829333568053,23.084573043301653,-82.36704750670854,41.45,25.335,6.740142219940079,0.7758914925782734,0.80826121647882,0.8444350185422903,0.884238647342546,0.9027415056989909,0.9218702671665642,0.9317395610716734,0.9417897052100068,0.9581876514037272
1058,1,6986,single_city,North America,6986,182361.7979,34114597.0,261495049,1.0,0.5056953864482769,0.4539120566127612,250.0896761209712,0.0,0.005345565064127828,26.17502663226484,-81.76391613360234,4.32,24.0905,6.760994476625362,0.4272659589090265,0.45345811940853353,0.480235835703995,0.5074541551817247,0.6584078950133868,0.8257793284206172,0.8766953043590109,0.9305208852386561,0.9795973846620554
1082,1,213,single_city,North America,213,770005.1496,85872631.0,800316261,1.0,0.7644162804605142,0.7135704702764152,369.762402710668,0.0,0.008966828436874142,18.396578221054686,-66.08945922049993,32.99,24.9765,7.106979428701294,0.7640115975950474,0.7996996388756273,0.8403786882924316,0.8865413707890236,0.9106982526248671,0.9393055512646399,0.9516263453020323,0.9659325798460746,0.9820541890698563
1083,1,3837,single_city,South America,3837,2627231.296,66644283.0,1239660733,1.0,0.9199439669195044,0.7817332402880134,283.56654267257716,0.0,0.039421705474721666,10.477850365703725,-66.8860216956321,1013.84,23.878,6.965185628066568,0.6220319303307682,0.6336476153550935,0.6454641278082323,0.6574698838008356,0.7575327203985374,0.8619191686704769,0.900072253759561,0.9402240249174861,0.9776469648566855
1084,1,2994,single_city,South America,2994,423031.0785,14234727.0,94117946,1.0,0.6733433730239312,0.6214196246973736,97.76720407831384,0.0,0.02971824317389438,0.04050597731452518,-51.06806909071453,10.35,27.236,7.793358942361689,0.5561808807432697,0.572807472879529,0.5898106791932153,0.6074580144740395,0.7562890387711686,0.9174851755147816,0.9381070673150247,0.9599913647799497,0.9811911391064964
1087,1,1158,single_city,South America,1158,2634087.174,48734441.0,574306718,1.0,0.7411027357545323,0.6678641978804838,218.6271355814782,0.0,0.05404980789663721,3.4312429863522453,-76.52084208744449,1007.6,17.988500000000002,8.158012109736067,0.6918812303602703,0.7097860833163142,0.7282288720619572,0.7471456377226118,0.8185299796503257,0.8936304204248491,0.9244310815014786,0.9572823868032055,0.9874581099637524
1088,1,3881,single_city,South America,3881,10018291.58,150877053.0,1577496160,1.0,0.9177935282834607,0.7522086978891912,469.2752034137444,0.0,0.06640036626378168,4.646768070066397,-74.11699816466648,2599.76,17.0265,7.790701200722997,0.7465858973266133,0.756710273231543,0.7672332452039609,0.7779985601919199,0.8192643980128641,0.8634915211394009,0.8937346158265698,0.9262384254019066,0.9606263982369804
1089,2,3387;3493,multi_city_aggregate,South America,3387,932296.59113,42919304.0,359772645,0.9136439863982883,0.5727969013012374,0.5321065214904717,261.8336221089067,0.029706840156285955,0.021722080841059303,10.226776168587223,-67.54498773730289,460.4358472625744,26.00612366449372,7.255890680248986,0.6565520260999572,0.6693644193298195,0.6823126488724048,0.6953092482580798,0.778487064934697,0.8666880059378409,0.9015144094601347,0.9385794326953671,0.9742058957899224
1090,1,3109,single_city,South America,3109,1519458.391,74936875.0,619097544,1.0,0.855587277103704,0.6502436211066464,281.7184609366529,0.0,0.02027651127699147,10.193303350315642,-67.97689186783538,476.33,25.8955,7.271641856468763,0.5551171302512948,0.569536773450988,0.5841237841850224,0.5989192103353655,0.6936359836195465,0.7978137465700298,0.8568813684851416,0.9212182386842259,0.9792971217441346
1091,1,1268,single_city,South America,1268,2018715.659,92199665.0,783104584,1.0,0.7187227047664959,0.6671658978851593,370.6029935671272,0.0,0.02189504331713136,10.644381743344447,-71.64988262832173,31.13,28.262,7.3121544858860625,0.663785513754307,0.6795384126395687,0.6953524180375276,0.7112120635145475,0.772873274539555,0.837507381398837,0.882606504047493,0.9302836512475398,0.974031348161623
1093,1,1667,single_city,North America,1667,4233230.139,114981184.0,958994518,1.0,0.9866302476192806,0.5451564254351084,268.86486023596365,0.0,0.03681672071666961,18.495604565181655,-69.90476718995563,29.84,25.862499999999997,6.899021248136128,0.47425280470237635,0.49791263238339933,0.5271006254379847,0.5604125280184974,0.6448371761417938,0.7739607812700903,0.8042388831202155,0.8434716327151406,0.8994879544813176
1094,1,3968,single_city,South America,3968,2102184.172,45334566.0,359849010,1.0,0.8474811604602209,0.7483163786543656,160.20435170963083,0.0,0.04637044880941399,10.941351409357637,-74.7954567504459,35.06,27.358,7.3504390975729095,0.7544554192930842,0.7616827963016123,0.7690216776311479,0.7764659752119387,0.829578979536277,0.8884687017848588,0.91491900462883,0.9441514230002775,0.9735892475511952
1095,1,3275,single_city,South America,3275,929490.1409,25100647.0,223402232,1.0,0.8064209713956348,0.6743134481823105,113.73442017116771,0.0,0.03703052518526714,10.39459939143627,-75.50039695262178,9.39,27.22,7.295165032423853,0.6200612279038066,0.6303400864527516,0.6407751561145018,0.6512698656731837,0.7242977441975899,0.8040387166115678,0.856738513553057,0.914831677446402,0.9698369129688171
1096,1,916,single_city,North America,916,1616675.8,58013344.0,629678385,1.0,0.8966731450640515,0.49237663571621243,153.68624849510596,0.0,0.027867309286635847,13.718176678357546,-89.17506193635515,704.02,27.612499999999997,7.202551361749997,0.6053837027563865,0.6413479974538272,0.6854677606586512,0.736636660696546,0.80224911703073,0.8820235392739988,0.9068054928879811,0.9365704724761255,0.9677653127528728
1097,1,363,single_city,North America,363,2182144.288,107823733.0,908579480,1.0,0.9869515352457752,0.5011600711807755,250.9858644694226,0.0,0.020238070295711244,9.952650097716733,-84.11131774660862,1119.74,23.188499999999998,8.514915800128197,0.590324089409889,0.6441274297190211,0.7093440272560402,0.7824048718476478,0.8395846487711569,0.9011055293364774,0.9237219323504594,0.9475879674839305,0.9728246748793237
1099,1,212,single_city,South America,212,1958632.08,77531741.0,775205606,1.0,0.7533642433052354,0.6239374202295218,302.8726606349308,0.0,0.02526232552935965,-16.51917709707498,-68.16288351497988,3867.62,8.3405,6.904002245152826,0.4645004037765642,0.5124354424080326,0.5745761726155485,0.6460784106473244,0.7215344874043265,0.7997887342682012,0.8582365769395015,0.9201690053625908,0.9760830083771754
1100,2,2544;2610,multi_city_aggregate,South America,2544,2543287.0755,102005228.0,1246901483,0.916794549000959,0.5979412360332674,0.5010314575762935,529.4670643976465,0.001419342601818559,0.024932909080895342,-0.20996279446515603,-78.49356084175291,2766.6607113798127,14.246593426074199,8.266672688696797,0.6406727898299487,0.657731954679813,0.6752383809190643,0.6931505804780907,0.7690606603026269,0.8497550145174912,0.8912526914796955,0.9340540957371323,0.9738124304766026
1101,1,4593,single_city,South America,4593,2147469.1,64964227.0,544432937,1.0,0.9657437655665868,0.665514361759324,192.67855106498538,0.0,0.033056178748959796,-1.3900853925927872,-48.43992132818735,13.69,27.006999999999998,7.784174814184473,0.6023306796215708,0.6201008595084184,0.6382806648342018,0.6568491456074741,0.7572131505543812,0.8692754552440068,0.9049277227604048,0.9421173748438506,0.9774081818906273
1102,2,5952;6007,multi_city_aggregate,South America,5952,689687.797,32161913.0,231225580,0.7326871072625561,0.738896898145645,0.5927037453828671,153.21369608633927,0.04014636655122141,0.021444240490296706,-16.06542446283845,-48.005771242249274,1070.7140335996182,22.831499999999995,7.080278151757294,0.4322580251989364,0.45716674253798273,0.48274485413849605,0.5085633121388022,0.6559262504068089,0.8189997902177025,0.8594510842685259,0.9020250754362776,0.9469833775124011
1103,1,4945,single_city,South America,4945,2287476.302,146928340.0,1205060076,1.0,0.9660587871171606,0.6698390650612039,377.05462862066565,0.0,0.015568652732345579,-16.70450386616733,-49.28646275372147,786.55,24.516,7.100558790968563,0.48560782759813387,0.5069526069647285,0.5288259024773573,0.5511738783681895,0.6605564862435661,0.7804098583023534,0.8394812668543046,0.9035390517581564,0.9646059568902773
1104,1,666,single_city,South America,666,1274815.407,72054004.0,602275453,1.0,0.7348468402393844,0.6001868130092232,305.4595858547456,0.0,0.017692499184361773,-17.401609704644173,-66.17242182110473,2623.85,11.6595,6.701717093170861,0.5385691126894211,0.5841947659147436,0.6429023014460099,0.7087249169386894,0.7748489868793412,0.8434131849216874,0.883021532016458,0.9276111706436189,0.9716589101696556
1105,1,1476,single_city,South America,1476,946441.9558,52916130.0,424202149,1.0,0.5518151787954222,0.5432035720010657,299.4705283410973,0.0,0.017885698666928213,-26.825405857555214,-65.21620942192655,448.07,17.571,7.70455163669514,0.5974675018751371,0.6251127208282238,0.6528983884497979,0.6808036226383146,0.7485753209843578,0.8196993241947209,0.8684613557340645,0.9205832890651678,0.9691806449186666
1106,1,2335,single_city,South America,2335,1440994.293,93827915.0,803602886,1.0,0.6101178085237354,0.6032809057783215,514.9242123255051,0.0,0.015357841991906141,-31.399091022056567,-64.20643996616712,448.1,15.8675,6.830407603112432,0.6259207614279823,0.6466757254490841,0.6676012890193712,0.6886649458212942,0.7440354930619528,0.8035776772829281,0.8550965029970026,0.9105056528219774,0.9632419626930855
1107,1,217,single_city,South America,217,1321508.84,112650590.0,902874215,1.0,0.7922137893723534,0.7036870207250014,417.20316242286424,0.0,0.011731042331868835,-25.32096039598441,-57.5454803436057,119.28,23.0105,7.337194042105611,0.5629819337830365,0.5956696542823255,0.629000318595757,0.662803692373027,0.7645789160979982,0.8734885898067645,0.9057165523944437,0.9389382425782236,0.9714423688326888
1108,1,2618,single_city,South America,2618,872982.9445,70777193.0,532510449,1.0,0.9172807599315905,0.7000867763818904,202.84811458799675,0.0,0.01233424084083131,-20.477371284144173,-54.62000546298713,576.43,24.109,7.152294697515403,0.47469896128827826,0.5044993095445308,0.5351861863185221,0.5665634973684249,0.6913516194404602,0.824289471327296,0.8661809461700466,0.9125421800776982,0.9590894767471211
1109,1,7506,single_city,South America,7506,314675.298,19797936.0,153502419,1.0,0.5932436263350681,0.5784396987617975,122.81111633325801,0.0,0.015894348683620354,-23.018717429666328,-45.562531252492654,581.18,20.597,7.152891997783002,0.5093721385906086,0.5192462486998645,0.5292269355755065,0.5393031374583694,0.6337020182305872,0.7380364801664173,0.8168627780188803,0.9018057740968554,0.9761051859143297
1110,1,7470,single_city,South America,7470,810782.297,41158224.0,378803337,1.0,0.642272729768144,0.6184404709563103,282.0175106649354,0.0,0.019699156528231152,-23.2322476609271,-45.902107580825614,598.03,20.339,7.565990828942882,0.5789987439691275,0.6065713136698998,0.6348289955368337,0.6632133592547628,0.7380593973151028,0.8218842727519049,0.8736582754396789,0.9296794001607066,0.9799191772706227
1112,2,6350;6366,multi_city_aggregate,South America,6350,2634010.2093999996,172479831.0,1748824825,0.9356336799750227,0.8258429752367051,0.7833579540504017,697.665856038445,0.029415795346861576,0.015271409962130585,-25.466476573176024,-49.263234877645154,914.5041202147282,17.790444921838425,7.4069819678803155,0.6402160899612662,0.6634277546341056,0.6869138977762566,0.7105868047841489,0.7886824634006048,0.8734615759218827,0.9090520270744004,0.9472176604811261,0.9821585574257665
1113,2,6833;6877,multi_city_aggregate,South America,6833,434509.3457,21784448.0,178825293,0.6298953730661433,0.5504585397983779,0.5053243164030738,151.61559411324475,0.008048396885712569,0.019945850622425685,-26.93847817966963,-48.66597087027908,13.052430412742154,20.266,7.428179587622679,0.5688532479684589,0.5998650964210799,0.6316639742260166,0.6637606332737924,0.7423618904642432,0.8272650287030454,0.874884642475219,0.926596946592358,0.9745393594549653
1115,2,6548;6578,multi_city_aggregate,South America,6548,106750.51159000001,21249359.0,151424501,0.5263189350794064,0.5962098515814683,0.5386844248661963,133.7129294233559,0.11125934554773226,0.0050237050251727595,-29.88243139063326,-50.08587097955392,4.655785384396772,19.69821258354193,7.32348749900957,0.47202059130348356,0.4901362906994042,0.5084251717898879,0.5268468098261223,0.6558567719619213,0.7949212491539157,0.8322366335850413,0.8716328807847804,0.9196041631185204
1118,1,4666,single_city,South America,4666,735409.6212,58330240.0,443597365,1.0,0.5730970466071015,0.5673647498118742,344.6499587253766,0.0,0.012607690645538234,-34.91352831250161,-57.963028714494875,12.92,16.4005,6.899198272002282,0.6806319672266049,0.7014225382923163,0.7226042100975412,0.7439026480947104,0.7937353763673868,0.8461037533876082,0.8881985913310145,0.9326245014592773,0.974238936784762
1120,2,3495;3547,multi_city_aggregate,South America,3547,1199575.64186,63258497.0,549587030,0.8963843070757751,0.5003161753995078,0.49203868367953785,440.88724679733247,0.017070511007383434,0.018963075298169037,-32.92734187652922,-60.68248282958035,24.20765809310961,17.489994059272384,6.960726933434419,0.7138531286951064,0.7383076932732057,0.7631234267232115,0.7882180001842282,0.8426548768618388,0.8998872989347186,0.9257165088825933,0.9526142393171307,0.9788943294052656
1127,1,8016,single_city,South America,8016,199358.9921,7889792.0,73951470,1.0,0.5055310049959747,0.3627501703015955,53.38449157430954,0.0,0.025267965505301027,-22.36632305042069,-41.77926167036193,6.2,23.511,7.169442006280842,0.46717974314151756,0.4976768715829264,0.5284703322977335,0.5596501149840198,0.6483970680088905,0.7463142247602979,0.8177839162299843,0.8967347935154691,0.9685261664692808
1129,2,7939;7946,multi_city_aggregate,South America,7946,128099.65359,5065918.0,61338424,0.5215785174572506,0.518408442809849,0.45804729718704906,47.67853750923844,0.2394497251256344,0.025286562788817347,-22.268669269672287,-42.53102995975857,926.2962284663905,20.626565179696946,7.552806082458668,0.49866736887569046,0.5409967156989118,0.5840712384211509,0.6285370193516753,0.7170804975524673,0.8140589721349615,0.8640155644051088,0.9170505720779532,0.966575455820643
1130,1,7806,single_city,South America,7806,523066.3732,21007604.0,300480999,1.0,0.6251268079561666,0.5740747219383077,131.6423089352001,0.0,0.02489890675776257,-21.75207505291334,-43.36322801449568,757.38,20.439999999999998,7.44026323288372,0.4993739409787047,0.5311019762177543,0.5632228692048841,0.5954820454536367,0.6941260888200291,0.7988683526212699,0.8603796987033838,0.924755816988934,0.9806287761326803
1131,1,7855,single_city,South America,7855,210720.1483,7178494.0,80841026,1.0,0.6494412999650827,0.5795334410726743,77.91508320956387,0.0,0.029354367127701158,-22.50287088219957,-43.17932368659033,892.43,23.366,7.386968246792269,0.3606874923904652,0.4177394311397349,0.4773152976097772,0.5381708196733187,0.6594973820414143,0.7902465336044022,0.8511609816766581,0.9133146868967223,0.969728330204079
1132,1,7750,single_city,South America,7750,400780.9341,22328146.0,313375114,1.0,0.7484810363296851,0.7078329934170502,129.04713654932016,0.0,0.017949584085485647,-22.5187920924478,-44.12735363604537,414.62,21.423,7.389227887331022,0.7030003745048962,0.721392631524355,0.7399452690787672,0.7587642520789679,0.8192011553489483,0.8847353918233963,0.9193952780495076,0.955736539881099,0.9874419936164874
1133,1,7560,single_city,South America,7560,197349.0354,12538796.0,115035789,1.0,0.7353720344914295,0.651762907025999,63.68294391456606,0.0,0.01573907378347969,-20.1459720900855,-44.88786088238309,735.86,21.2575,7.267104194669742,0.53043952545364,0.5693418251640747,0.6091580882247386,0.6492762941513682,0.731840202201232,0.8210980543905492,0.8756463539242524,0.9338261026018766,0.9848446373958074
1135,1,7668,single_city,South America,7668,201288.1105,13085173.0,106041210,1.0,0.7650566034678882,0.6830479129875817,55.359758377554606,0.0,0.01538291549527087,-19.447583365016662,-44.23402616506884,772.81,22.155,7.019695053770751,0.5343755867805493,0.5635628967228786,0.5930536799169563,0.6229240530484389,0.7352983411071448,0.8545569859871168,0.9004747587211878,0.949279615943939,0.9901697134611823
1140,2,8308;8313,multi_city_aggregate,South America,8313,934169.4615,30729646.0,232796888,0.9310897691434519,0.6910568518567337,0.6293249287736565,191.34532636809553,0.0310269425609064,0.030399616757706874,-10.91669186420607,-37.07624871511698,8.62166648063567,25.689999999999998,7.091984182300346,0.6716130084934919,0.6808194601395668,0.6902332360092921,0.6998350713184265,0.7714512233561037,0.84718782637457,0.8841327361857667,0.9238345602809743,0.9636028023232028
1141,1,7995,single_city,South America,7995,273501.1366,13304181.0,97205665,1.0,0.5836389809168278,0.47057093840068265,63.11312252436391,0.0,0.020557532748539727,-14.859434352079461,-40.84938494221903,928.35,22.064999999999998,6.448583967762132,0.541571781081451,0.5656331644916737,0.5898945602138155,0.6141537010057214,0.7161393850549688,0.8235362251911635,0.8636238487735547,0.9074314307660126,0.951972316071166
1142,1,7660,single_city,South America,7660,362075.7455,20433744.0,176926775,1.0,0.7958116131660333,0.7288790103367173,73.227792468495,0.0,0.017719500914761387,-16.730001567219762,-43.85799167463645,652.09,23.349,6.81861582105184,0.5465385589640351,0.5789009101807285,0.6117184887899153,0.6450630878022158,0.7296061847500879,0.8176652306106996,0.86563818162741,0.9163504740002615,0.9635484324360724
1143,1,7981,single_city,South America,7981,425468.223,20977430.0,135746912,1.0,0.5344958596828884,0.5135470230197215,163.39633515956254,0.0,0.020282190096689634,-9.398078698073132,-40.509702918795234,374.27,26.622999999999998,5.863010244223742,0.49614943298583286,0.5232517043317508,0.5516192402977868,0.5809161560782231,0.6844449010198104,0.7969708872821886,0.8352388733986956,0.8762770749324393,0.9241119622375096
1144,2,8064;8082,multi_city_aggregate,South America,8082,335424.7648,13534163.0,103614012,0.7124061532286851,0.6519676462005338,0.5415364930221984,63.092252892418784,0.036406468491289555,0.024783561776225097,-7.224867158877267,-39.34291542500395,416.7617803317427,24.5045,6.675837092913168,0.41319200899235514,0.43455801441138253,0.45632714782583894,0.4786223573633626,0.5681130041067187,0.6609783700698743,0.7502051659936414,0.8438694731251575,0.933142226822597
1146,1,8348,single_city,South America,8348,373863.9949,16211263.0,152926784,1.0,0.6396895946618422,0.6038620951926529,91.5567255905746,0.0,0.023061990598758405,-7.232229478011003,-35.89847354095133,516.66,24.551499999999997,5.928326378352508,0.33334978280224065,0.3462897369563371,0.359689803317607,0.3732999705204955,0.5387832521130526,0.7220198080803452,0.7832818454675616,0.847142508267246,0.9155881932209724
1147,1,8268,single_city,South America,8268,262746.4439,12729330.0,113281682,1.0,0.5236844567677692,0.49033874342575884,87.88386999753419,0.0,0.02064102697471116,-5.188262667303348,-37.34671070902739,22.25,28.0735,6.349134620740876,0.5449764441647754,0.559343736080375,0.5742166319829873,0.5895626871170753,0.6838869759838107,0.7864732864966184,0.8416120879889201,0.9003199697077536,0.9568855548563828
1149,1,7365,single_city,South America,7365,1247425.862,21888558.0,94613598,1.0,0.9506943148172662,0.5714028416301823,149.89306664582585,0.0,0.05698986027311621,-2.5472107633309995,-44.238786070032454,28.8,27.450499999999998,7.546462905075515,0.4539033133201374,0.4758064921407797,0.4979780303480933,0.5204415932744405,0.6275496083387494,0.7527901563912981,0.8206986956381503,0.8921716999356467,0.9596335674556542
1166,1,1059,single_city,Europe,1059,272809.3954,8240775.0,121816750,1.0,0.6635456369121244,0.6498665938585723,71.57520265967021,0.0,0.0331048227138831,43.35494579801897,-8.408186885234562,37.13,13.696,7.082200901873067,0.741307219284594,0.7632216630110639,0.7852342771159266,0.8075560854409931,0.8561328273129651,0.9089971513601572,0.9349647332926818,0.9618181542391341,0.9864362271752354
1177,1,2556,single_city,Europe,2556,257939.6154,9201399.0,116875162,1.0,0.8127176607645786,0.6669840922231527,49.456272930216315,0.0,0.028032651926082112,43.531351737669965,-5.673730508791486,27.3,10.854,7.15480947869581,0.757376568497899,0.7661016547592382,0.7748695605961659,0.7838923189832329,0.8370428235967161,0.8932910093345588,0.9257567246024219,0.9600044514969952,0.9902394190274761
1206,1,3498,single_city,Europe,3498,209596.0464,8300000.0,89565480,1.0,0.6642734463532324,0.37816484915684795,40.116985358893665,0.0,0.025252535710843373,43.453095305289274,-3.823304637385359,17.83,12.517,7.204222151835132,0.68966,0.723903734939759,0.7587059036144578,0.7935921686746988,0.8459975903614457,0.9011439759036145,0.9299919277108434,0.9609253012048192,0.9884890361445783
1213,1,4140,single_city,Europe,4140,229758.5426,5425013.0,72980985,1.0,0.5289483068300711,0.46570820658657447,64.68677928997931,0.0,0.04235170359960427,43.313615560999295,-1.9609882057154269,48.26,13.5275,7.249783481174031,0.7609987294039664,0.7724342780376747,0.7840106558269999,0.7961062950448229,0.851637959208577,0.9106949605466383,0.9366119491326564,0.9634658939987794,0.987676895889466
1244,1,4813,single_city,Africa,4813,567358.8917,16044121.0,136620860,1.0,0.7432019382592364,0.4923026784110285,53.478230057880126,0.0,0.03536241665716682,34.68037689126727,-1.9074951830090077,567.34,16.750999999999998,5.7562484145595025,0.5794279412377905,0.6063540657665197,0.6337315705858863,0.6615318470859202,0.7598019860358819,0.8625716547512949,0.8986157608758997,0.9379526619127343,0.9757895742621238
1245,1,545,single_city,Africa,545,278977.0757,10099229.0,91588582,1.0,0.6037303171048861,0.2643727020162473,31.790375798867103,0.0,0.027623601336300027,34.89784353546091,-1.3225577841264202,684.81,15.745999999999999,6.218701708156944,0.40443404145009487,0.42295010836965874,0.44170223291302735,0.460694276761127,0.5455836282155796,0.636480963051734,0.7254817174657591,0.8195961295659302,0.9140940362873246
1251,1,4407,single_city,Africa,4407,1315808.758,17794872.0,180046829,1.0,0.5589738106314504,0.5557424224123619,187.68092386478224,0.0,0.07394314260872457,34.029758651994555,-5.000664661846096,415.51,16.195,6.404906092026917,0.4896773070354201,0.5258150213162534,0.5621717874677604,0.5989427178796228,0.6696319591396892,0.7459136542257792,0.8159273637933445,0.8920086640690644,0.9642752136682973
1257,1,3171,single_city,Africa,3171,539594.2465,9535905.0,82613898,1.0,0.5961606610303588,0.42122021864960796,73.1602008575176,0.0,0.056585530843690245,34.25506499010823,-6.585418558432405,21.06,18.091,6.118448457928273,0.442968758602356,0.47039227005722056,0.49807595608387456,0.5259253316806323,0.6251962451387676,0.7353600942962414,0.80406516214245,0.8798913160313573,0.9529609407811844
1264,1,1487,single_city,Africa,1487,2964570.874,136217193.0,920278134,1.0,1.0,0.222636303529387,110.20497024704656,0.0,0.02176355868675109,12.363407438760897,-1.5294945144426397,304.03,28.445999999999998,6.448499286419162,0.3615110318709915,0.4025522314205961,0.4592796813835387,0.5220557657505099,0.594347697357117,0.6738858141057128,0.7715349412610492,0.881919501894302,0.979353061547818
1265,1,391,single_city,Africa,391,3260727.135,116347651.0,910573706,1.0,0.9878193108650003,0.4235074136341892,175.40898661647836,0.0,0.028025723828322066,12.62239931211689,-7.979623607542675,358.19,27.7075,6.726982522178033,0.5026417164193543,0.5385752222878999,0.585697359717215,0.6392809683798429,0.7006649493937784,0.7716698036301567,0.8258508889019169,0.8905039947905781,0.9569948687661946
1267,1,40,single_city,Africa,40,1124107.846,42107030.0,294355895,1.0,0.8442450899245243,0.3805945220262777,87.7587582793164,0.0,0.02669644109309063,13.407970462836635,-16.6868117009565,17.81,25.16,6.543290789440003,0.5080640453624965,0.5377631478639078,0.577314785678306,0.6228466837960313,0.7114598916142981,0.8236268623077904,0.8690341019064988,0.9248334541761791,0.9821564712590748
1268,1,47,single_city,Africa,47,1845652.505,45572630.0,490922114,1.0,0.9825639401599027,0.25608545950330347,53.673021775577354,0.0,0.0404991440037584,8.447986759402585,-13.209687200968098,80.32,26.017,8.06140090103126,0.3573722429449431,0.3828167696268572,0.41516015204740214,0.4517376328730644,0.5137027641371587,0.596677281956297,0.68793602651416,0.8219910503299898,0.9698508732105213
1269,1,50,single_city,Africa,50,1759359.782,65718417.0,505728316,1.0,0.9456766620306212,0.5508922296724287,181.67555387044527,0.0,0.02677118321337533,6.313608154878879,-10.723097463923617,6.64,26.146,8.169921611232542,0.6185206347864405,0.6544260796786995,0.6979803393621,0.7463837115857492,0.7681955881560568,0.7958897427489771,0.8459859128986628,0.9083186681139931,0.9747472614868371
1270,1,673,single_city,Africa,673,2530571.265,83013025.0,631562230,1.0,0.7844524159213144,0.4149509870308038,182.09798065957608,0.0,0.030484026633169917,9.668535293298701,-13.543178757095578,43.13,26.391,7.989299906921063,0.5952222678308615,0.6254996730934693,0.6622994403589075,0.7033521185380246,0.7692135661843428,0.8564909783735745,0.8904873783361105,0.9362949007098584,0.9842564224108205
1271,1,1482,single_city,Africa,1482,304065.0647,14779778.0,105344661,1.0,0.7454400130256826,0.6030752665296782,59.09294443165114,0.0,0.020573046814370284,6.876608725603343,-6.447098663455749,260.61,26.380499999999998,7.091105889452025,0.5598453508570967,0.5813757825049876,0.6077883578494887,0.6376105919858878,0.6670734837830447,0.7030737538818242,0.7640932089778344,0.8468654265307639,0.9391524690019024
1273,1,2748,single_city,Africa,2748,632239.5571,28001362.0,226198362,1.0,0.7685889369389473,0.6219451493436621,105.53864355532167,0.0,0.02257888588062252,7.701198064765351,-5.03250670551026,342.51,26.8005,7.089037128801399,0.6928627614613889,0.7169488398457189,0.7472204030646795,0.7804415370938028,0.7943097196486371,0.8101366997791036,0.8405828973604926,0.8779668288992514,0.9255887624323417
1274,1,1583,single_city,Africa,1583,218897.2836,8549476.0,70976859,1.0,0.5050086651345037,0.5015400326690576,83.99674016561254,0.0,0.025603590629414013,6.201647219448713,-1.66943684697645,212.67,26.253,7.16612542371635,0.5158074015296376,0.5519433003847254,0.5998512657383914,0.6518948061846129,0.7218604976492127,0.7960039890164029,0.8513056238768317,0.9201434099586923,0.9826141391589379
1276,1,2107,single_city,Africa,2107,262737.4199,9433098.0,80357422,1.0,0.5778212830118578,0.37009400164966366,55.306638169846885,0.0,0.027852718152615395,5.12618681643434,-1.2531201192924921,18.94,26.279,7.12473024362596,0.46836670201030456,0.5212537811013943,0.591700838897253,0.6782946599303855,0.7370907203550732,0.8033474262644149,0.8588499769640896,0.9208943869765797,0.9793325586143597
1277,1,1063,single_city,Africa,1063,1058756.812,26089053.0,231808686,1.0,0.7676636943891587,0.576490147609401,123.7173395646597,0.0,0.040582416387440354,4.936258956982183,-1.7527701588308031,19.04,26.279,7.12473024362596,0.372929442858658,0.43252190871013985,0.5104777087922663,0.5980493810948216,0.6962226647322155,0.7985498745393327,0.8474784423949769,0.9061381032113354,0.9652618283998273
1285,1,4259,single_city,Africa,4259,441651.4923,22988859.0,177941761,1.0,0.7108583018622756,0.5600963231745288,92.85431725097956,0.0,0.019211544700848352,7.478012014908145,4.569583294004806,274.13,25.9965,7.445767670638294,0.3454826966401421,0.3732665461996178,0.4087874913670139,0.450877009598432,0.4880119104649778,0.5313569064040977,0.6266868225169417,0.7737275260159715,0.9472241314803836
1286,1,4780,single_city,Africa,4780,513164.209,15842437.0,124636605,1.0,0.8043015706588404,0.6901285759555549,71.15317688639892,0.0,0.03239174686318778,7.089937838297906,4.836814650674014,252.47,25.9025,7.750389782804683,0.3784339492718197,0.4056666281835301,0.44213355558870143,0.4835783787557432,0.5346152867769018,0.5992940985026483,0.682505096911542,0.8037404220070435,0.9405845199195048
1287,1,3062,single_city,Africa,3062,428686.2056,21313533.0,132105297,1.0,0.7914938949434128,0.6730519419257054,123.00106118142519,0.0,0.0201133338897873,6.822207290705809,3.938292010891972,74.91,26.517,7.56027419625472,0.4367604845240815,0.48061557884373274,0.5370965480007468,0.6035178212828441,0.6264041724100833,0.654414873404611,0.7169492734967966,0.8083439756327587,0.9125093432421552
1289,1,2191,single_city,Africa,2191,789646.033,77662641.0,717686675,1.0,0.954366341747626,0.3323882764549151,107.23364092908729,0.0,0.010167643320293473,6.635527358249609,3.527989281409486,24.01,26.7875,7.34958799554689,0.2255973242012205,0.25205433073026706,0.2870725063290083,0.3269113008917634,0.34023057495559544,0.3599757958269794,0.4864961519915348,0.6898405631093592,0.9285039379487494
1290,1,6009,single_city,Africa,6009,1371264.851,44651607.0,366841744,1.0,0.7636593852753035,0.4472426988733898,140.70696139240056,0.0,0.030710313539219318,5.5374925095864365,5.765617275160085,5.98,26.445500000000003,7.987882092528165,0.5465518855793925,0.5810126385820784,0.623619884498222,0.6712709354447198,0.6756028288074828,0.6805603211548467,0.7527153949912709,0.8559899087170592,0.9662234328990668
1292,1,7849,single_city,Africa,7849,359419.0421,14656873.0,81155258,1.0,0.6917048026107961,0.38107908081348946,88.9286355097686,0.0,0.02452221849094278,5.153794401160398,7.7216987104774235,81.53,26.18,8.0928551547081,0.29890181896233936,0.36925447876910716,0.4660666705647241,0.5892846311761042,0.6088342308758492,0.632082368456082,0.7265894300919439,0.8430283185233303,0.9587145225315113
1297,1,5554,single_city,Africa,5554,640728.4788,44694508.0,377517204,1.0,0.8958019784691323,0.6261844792487758,128.92291591764248,0.0,0.014335731781631875,7.250070429899414,5.192180553063685,352.7,25.7245,7.568388307051867,0.2836358328410283,0.3082343137103109,0.3404215345652759,0.37690136336213836,0.41749138395258767,0.46512602845969353,0.5755723947112249,0.7478575220024796,0.9479647924527997
1299,1,6804,single_city,Africa,6804,450989.7488,24517212.0,183157690,1.0,0.6539463634365871,0.4672585152077599,84.4815035052511,0.0,0.01839482192347156,9.61322515539847,6.5386671078516025,259.61,28.6015,6.887271409693315,0.4002096975789906,0.43995214464026333,0.4916997903350511,0.5468049140334553,0.5723997084170909,0.6013224913175282,0.7041288789279956,0.8403409000990815,0.9696805248492365
1300,1,7471,single_city,Africa,7471,1134046.94,71193082.0,620361749,1.0,0.5914352491718446,0.31792940203766806,219.74123344792923,0.0,0.015929173286808963,9.06855865156303,7.433973054868537,474.49,27.5935,7.190651919497363,0.13352779136602064,0.1626790648001445,0.20312618296255247,0.24759975976317475,0.35102889631888673,0.49143385869992257,0.5973648675583394,0.7624661199524976,0.9434812359998687
1301,1,8203,single_city,Africa,8203,383287.323,29493355.0,245268736,1.0,0.6905953960252986,0.5326421190221519,106.36766232731793,0.0,0.012995717950704488,7.716905116891529,8.538149064366271,93.14,28.2245,6.950784116631826,0.43177085143416205,0.4668824892929272,0.5137874955222964,0.5627866683868281,0.5814063879812927,0.6012818819696844,0.7009486713193531,0.8311342673629365,0.9610494974206902
1303,1,8263,single_city,Africa,8263,860197.9322,49893258.0,424437310,1.0,0.5526653978205923,0.4036538842940699,219.13123216092654,0.0,0.01724076491857878,9.853905168029788,8.871893316976148,1248.97,22.52,7.631451063030849,0.368784816577823,0.4154870984773133,0.478375354842532,0.5479590649301755,0.616661052681707,0.6928525493364254,0.7810151624093179,0.8900838265562854,0.9883813360113705
1304,1,8399,single_city,Africa,8399,585025.533,25546814.0,193400840,1.0,0.7070680162369819,0.42017563850663275,76.98619500017708,0.0,0.022900136705892173,10.309892834685941,9.832896879370624,612.98,24.159,6.977880509108983,0.2527004737263911,0.2892347358852654,0.3396481064135825,0.3944301626026635,0.4649777854882413,0.547873366909862,0.6697100076745383,0.8250350904813414,0.9728856991717245
1305,1,8304,single_city,Africa,8304,342614.2006,17094714.0,119752478,1.0,0.5228647488486472,0.5135751217610134,120.1583342620128,0.0,0.020042113638169084,7.330798447082398,9.00345759347778,209.02,27.901,6.980783132303191,0.4557918313228288,0.4948760183996059,0.5455634999216717,0.6018738307057959,0.6252804814400522,0.6503623283782344,0.7446622388651837,0.8643438550653728,0.975354077289623
1306,1,8038,single_city,Africa,8038,373491.8321,13524979.0,109103144,1.0,0.6169199534997388,0.47581187103426725,77.72451391591498,0.0,0.027614965768153872,6.319146526366595,8.101290954891102,57.43,27.5735,7.36624538121998,0.27992487086301576,0.31576581375838,0.3661296627521566,0.42217241150614726,0.45095101441562313,0.4826638917516988,0.6094680073070723,0.7814412133283164,0.9559020387388402
1308,1,7961,single_city,Africa,7961,1341156.384,43732051.0,314547511,1.0,0.8624542175688757,0.22903011472826287,74.6940307940818,0.0,0.030667584833832744,5.001979962620038,7.908722277803919,58.91,26.087,8.15148773774487,0.20491835610454218,0.25545316866112683,0.3283636754196596,0.41056231275317956,0.4680693571861059,0.5356277024372811,0.6566014706239138,0.81474004043396,0.972332854912293
1309,1,1400,single_city,Africa,1400,386524.7101,18738612.0,193862871,1.0,0.8578807432316711,0.5472383080528728,57.522242914294964,0.0,0.02062717932897058,5.964111446596473,10.157405655314504,1315.0,22.122500000000002,8.565340387020914,0.44054559644012053,0.5061158211718135,0.5925226478887551,0.6882493751404853,0.7384954659395264,0.7906790534965984,0.8481956401039735,0.9131856190842736,0.9741828263480774
1312,1,8143,single_city,Africa,8143,611032.2123,24391457.0,201828985,1.0,0.8883926747176839,0.6295459346446443,80.02727957436105,0.0,0.025051074738995708,5.0029604943666905,8.344289690558545,35.05,26.328,8.197999536621683,0.5851814838285389,0.6089166793111211,0.6383285344536819,0.6708912878800147,0.7072544702844115,0.7501108277377608,0.8105621980679547,0.896039502683255,0.9859848060737003
1313,2,7209;7344,multi_city_aggregate,Africa,7209,2381961.0619,89329953.0,699309190,0.9400299919557777,0.6698826884149636,0.41813061372459603,264.9428885225028,0.009303901817265101,0.02666475221250816,4.816236130681789,7.018018108815156,12.610089929522298,26.375500000000006,7.960670689335335,0.376177092581701,0.40544851736348725,0.44200621039171484,0.4804731398436983,0.5361728445105082,0.6014798754008076,0.6944725807703045,0.8355830770447176,0.9797791117163132
1314,1,2276,single_city,Africa,2276,4500266.663,78533534.0,865488024,1.0,0.976237691928294,0.45296740470998137,146.8488814629723,0.0,0.05730375845559172,3.840399205944914,11.516935063737439,720.0,23.153,7.619164685342556,0.4792217678628852,0.5066793887054669,0.5424080113343683,0.5816886961944181,0.6308880356765811,0.691129129627606,0.7646286362205476,0.863220964944733,0.9616617151088603
1315,2,582;722,multi_city_aggregate,Africa,582,1147678.98531,34271940.0,240608491,0.9295900086192961,0.7059363253514589,0.4202524363619342,97.42175279137228,0.017080534862257333,0.03348742397745794,4.382643421431304,18.547889607362066,374.8666844444756,25.822499999999994,7.171381823362101,0.6208438156696119,0.6455292872244758,0.6769597519136646,0.7121023787973485,0.7652825897804443,0.8318173701284491,0.8592928208907928,0.8939821615000493,0.9400577848817429
1318,1,8564,single_city,Africa,8564,1145212.281,47191816.0,394035219,1.0,0.7707476864676407,0.6348221615475038,159.41293853780587,0.0,0.024267179737266307,11.829678941965465,13.165097389436163,323.62,27.4725,6.156884701479932,0.31524637661750504,0.3635534813917735,0.4253750268902557,0.4930931456420325,0.6098265216155275,0.7349963391957622,0.8050778762148081,0.8928746035117614,0.9786398133100027
1319,1,424,single_city,Africa,424,1591509.727,62773406.0,436548318,1.0,0.7463694636309449,0.5010946970968343,179.63383778073424,0.0,0.025353247950254603,12.127809949380586,15.065540651325087,293.77,29.268,6.163440059347762,0.560501655748933,0.6043540317057194,0.6579810565002638,0.7180262609933895,0.7479093296291744,0.7796013649474429,0.8322726665492709,0.8959988406555477,0.9607095877512206
1320,1,8125,single_city,Africa,8125,4452007.143,121634990.0,900537419,1.0,0.9468586040536577,0.5373554367433087,245.18266896462396,0.0,0.03660136892353097,11.985098077979556,8.508274932005621,472.2,26.006500000000003,6.438814284939574,0.42450542397380886,0.4624827855866145,0.5137228687238763,0.5712536335145011,0.6191776889199399,0.6709401135314764,0.7664155601936581,0.8797970222219774,0.981799061273405
1321,1,7807,single_city,Africa,7807,659115.6359,26026859.0,181965743,1.0,0.6294905134325445,0.45125094631548107,99.56266459706704,0.0,0.025324440259963756,11.08239918007623,7.706978697107526,642.77,25.4955,6.76201595761842,0.449632858117839,0.4915511318519073,0.5444864860565771,0.6034918773717566,0.6214702281208808,0.64082826898167,0.7286574995469104,0.8440131788472823,0.9579455208175524
1322,1,5530,single_city,Africa,5530,839403.5957,29155588.0,216431882,1.0,0.6517223814638937,0.5227667990632462,122.43970716943679,0.0,0.028790487631393333,13.038190387589763,5.250041634656736,283.02,29.378,6.1008826944327375,0.3691302332849538,0.40085951962279065,0.44566046824368627,0.49512604582010145,0.5348737264362495,0.5785802707871986,0.6779499696593325,0.8113836016615409,0.9398756423639956
1323,1,548,single_city,Africa,548,1362965.587,53586959.0,361472168,1.0,0.9566040041610493,0.5690245491179606,135.5531824332874,0.0,0.02543465075150094,13.526607524438264,2.11718024999396,210.56,29.393500000000003,5.7932391926941875,0.3726107689745932,0.402638653184257,0.44411090765572275,0.48805299811844144,0.5384268213465891,0.5926236269537146,0.6640821323710494,0.752617777769401,0.8582142158878618
1331,1,3890,single_city,Africa,3890,502026.3933,8554033.0,60191488,1.0,0.6780203284262761,0.6275697592858759,52.74187158438763,0.0,0.05868885393591537,34.66938976918994,3.2576786119164827,1163.8,16.741,5.5016703704931045,0.3688266107928272,0.40895037463615114,0.4499219257162089,0.49203469287527885,0.5706577236725647,0.6540982481596692,0.7354549602509132,0.8261279796325313,0.9157307436153216
1333,1,4334,single_city,Africa,4334,185770.1296,8173765.0,61089053,1.0,0.5241095915928397,0.4919812324030614,55.98784717574493,0.0,0.022727608342055342,35.715849044112936,4.533336834453343,484.67,18.5095,5.587158766719664,0.36257147104180265,0.38622213875735356,0.41055939337624703,0.4350679276930521,0.5682556325022802,0.7169693525566248,0.7888231433127818,0.8696850227526727,0.9452000393943305
1337,1,3755,single_city,Africa,3755,198100.2988,7006442.0,40286221,1.0,0.5903065464994908,0.4722545687063061,53.5534596551613,0.0,0.02827402250671596,36.557784253894496,3.128848860053764,105.54,16.5935,6.317754765324253,0.46025614712859964,0.4863629785274751,0.5128100682200751,0.5394979363277396,0.5987750986877505,0.6613278180280376,0.7525745592413382,0.8497838132393017,0.9418682121396281
1339,1,3120,single_city,Africa,3120,245276.008,10523391.0,85820383,1.0,0.6339963652458265,0.4518747489749177,61.714586789343976,0.0,0.02330769692012774,36.64717029839257,2.739153341220982,92.86,17.183500000000002,6.285740146904321,0.3894429086593856,0.4283366454786295,0.4681389297423236,0.5085883438142705,0.5769204052191922,0.6506329566201617,0.7481394542880712,0.8526912095160201,0.9504055299285182
1399,1,5303,single_city,Africa,5303,489320.5591,15620001.0,161347861,1.0,0.768770448646281,0.6143037575312364,91.15676758781991,0.0,0.03132653826974787,36.36152395338112,6.617300247735604,584.01,16.237000000000002,6.0145448850720795,0.4567634150599606,0.491922567738632,0.5274482376793702,0.5636052135976176,0.6501001504417318,0.7429352917454999,0.8163898965179324,0.8938171002677913,0.9635103736549057
1402,1,4851,single_city,Africa,4851,282005.5977,10388475.0,88180229,1.0,0.5304404524529538,0.5094729570609116,82.22594821887763,0.0,0.02714600532801975,34.848138843721465,5.73128717790305,108.26,22.7825,4.864807659214092,0.44653310519590217,0.48434240829380637,0.5229027359646147,0.5621902155994984,0.6548849566466686,0.75039040860184,0.813715102553551,0.8819147179927757,0.9479096787545814
1405,1,2117,single_city,Africa,2117,616907.7456,55534762.0,447570425,1.0,0.7353962426424805,0.5559945652631474,172.01223285962604,0.0,0.011108497153548618,34.76129151856068,10.744138524153405,18.07,20.4605,5.205129682654783,0.6789706058342341,0.7068206756697724,0.7347802985092472,0.7628273980898667,0.8205015265933795,0.8798823878996727,0.9122114361451662,0.9461672852762023,0.9781090265588965
1414,1,4919,single_city,Europe,4919,182612.8404,6130285.0,77044877,1.0,0.6662261281755072,0.5339283701907296,49.233706049457325,0.0,0.029788637950764113,38.18813956317504,15.5427752422411,78.33,17.378500000000003,6.903370680664313,0.7828038990030642,0.8132621892783125,0.8438545679360747,0.8745670062647984,0.9067387568440946,0.9396760509503229,0.9575615163079694,0.9758375018453465,0.9922571299703031
1467,1,273,single_city,Europe,273,131894.1401,6710553.0,61406787,1.0,0.7121113688595311,0.49587562900990795,27.87019784400887,0.0,0.01965473487803464,41.32295633376547,19.4656945683067,7.33,17.317500000000003,7.144914155181508,0.33078823757147885,0.35158309605780624,0.3726941728945439,0.39439312974653506,0.571994439206426,0.78204940785059,0.847391861743734,0.9171496000404139,0.9805106971064829
1468,1,714,single_city,Europe,714,858564.6871,23209296.0,215450668,1.0,0.6312621790682554,0.424078757846702,102.69584857606836,0.0,0.03699227615951815,41.339923719450766,19.805834957633813,115.6,16.2845,7.113210103138085,0.26780351286829207,0.29095768350750495,0.3143794193499019,0.33802684062454974,0.48076275127000834,0.644125784771757,0.7442457108565464,0.8519055898981167,0.9515516972164947
1492,1,5758,single_city,Africa,5758,633325.0909,12912514.0,104258574,1.0,0.5741066383939992,0.2813667897535559,55.7438667235686,0.0,0.04904738851783626,29.049138212234205,31.08537192810047,32.49,23.305500000000002,2.015702700712829,0.32360483791150196,0.37495579869264806,0.4421645544779274,0.5193757776371046,0.5729503178079807,0.6296094625725092,0.6778095264795067,0.7317062347425142,0.8134889921513347
1493,1,115,single_city,Africa,115,173299.0909,9850951.0,71059539,1.0,0.7099720827634507,0.6119463375777433,66.65449151218488,0.0,0.017592117847302257,31.346004107610323,27.252604735405605,15.36,19.865,4.063172041971077,0.4156375359089696,0.4349726234553395,0.45457793871880997,0.47423654832919176,0.5829343786198916,0.7004159293859039,0.7868948896406043,0.8769240655039295,0.9576235837534873
1506,1,285,single_city,Europe,285,339098.5632,12014553.0,123048872,1.0,0.5858113734364663,0.5833187213615708,83.03894075449882,0.0,0.028223984962237044,42.14107914612671,24.756889089465066,162.65,8.354,7.042896562536571,0.7023731969054529,0.7366468814944676,0.7711076725035048,0.8058135829106584,0.8597710626437788,0.9145931604779637,0.9347580388550452,0.9555402518928503,0.9768143683747535
1509,1,287,single_city,Asia,287,125802.373,3935906.0,30181844,1.0,0.6013360925570992,0.43342954954804347,25.285045522989787,0.0,0.03196274834815669,40.136358784150374,26.411540945940693,13.56,16.451999999999998,6.5471053022009915,0.42053672013508453,0.44221076417983557,0.46388938150453796,0.4858927017057826,0.5788832355244257,0.6825058830165152,0.7603850295205221,0.8458982506187902,0.9313954652372287
1527,1,3459,single_city,Asia,3459,166785.7334,5154272.0,38122264,1.0,0.7722823677185857,0.6243664604467682,33.69045339924551,0.0,0.0323587372571723,40.65172087826169,29.27947939542835,22.14,13.5915,6.916044329683165,0.29265801261555463,0.3211700895878215,0.35077271824226586,0.38117429580743895,0.503687620676596,0.6422070856951282,0.7262984956944453,0.8158110398519908,0.9089365093654351
1531,1,5077,single_city,Asia,5077,940945.5874,43279083.0,338238321,1.0,0.9913504893880231,0.4865323931416479,118.28870421838334,0.0,0.02174134760202752,37.86420776071761,32.487102561269324,1036.46,10.8435,6.238298257504387,0.4388144268213816,0.4564639458742691,0.47418878999816144,0.49195885227050673,0.5795952284848549,0.6718409445043001,0.7399881369944923,0.8123215549645542,0.893747355968702
1536,1,294,single_city,Asia,294,186367.2918,14272471.0,127924128,1.0,0.718354232964982,0.6072994976793737,66.57636427979133,0.0,0.013057815412621963,34.69063145889039,33.03503982668827,43.29,20.683,5.835868656800295,0.5817884653610437,0.615653098892266,0.6496261229047163,0.6837836279366061,0.7826844419582285,0.8883902444082739,0.9226215278349489,0.9577671588893052,0.9885916040747253
1542,1,6990,single_city,Africa,6990,804655.1368,12058292.0,140415901,1.0,0.6961915766347297,0.48203194401041893,49.97909985221778,0.0,0.06673044049687965,31.257050929014927,32.28424513528528,2.01,21.6725,4.174279571788712,0.4340954755449611,0.4849529269982847,0.5482303795595596,0.6142048973436702,0.7281697109341854,0.8456146193839061,0.8692228551108233,0.8951814237041199,0.9294506220283935
1545,1,2289,single_city,Asia,2289,953303.4494,15013052.0,135156210,1.0,0.5028598492994127,0.4733611486341351,139.77912418774176,0.0,0.06349831129606426,31.7744123727712,35.18889107284036,717.29,20.2735,5.251490399046334,0.6679285464407904,0.6919883445418027,0.7162161964136273,0.7405849257033147,0.8135692196363538,0.8914048256144054,0.918950324024722,0.9468266678887144,0.9745893106877935
1557,1,302,single_city,Asia,302,220403.237,4769973.0,58069358,1.0,0.5185797196285016,0.36822713924478756,34.5238862578292,0.0,0.04620639089571366,33.54949430233987,35.380583371726374,65.31,19.880000000000003,6.774817995554076,0.5321765972260221,0.5569373243831779,0.5817190160195875,0.606567165055232,0.6896544278133231,0.7760679148498325,0.8279239735738546,0.8810810878803716,0.9365413598777184
1562,1,2052,single_city,Asia,2052,295256.0477,10110356.0,108780902,1.0,0.5731685147955058,0.5070756223023385,63.96499305611038,0.0,0.02920332851780887,35.13461770066732,36.75711194507455,305.94,18.2535,5.730239383618561,0.5805375201427131,0.6087842999791501,0.637383886383427,0.6663010679346998,0.7424960110207791,0.8234474631753818,0.8718897732186681,0.9216724910576838,0.9686370094188572
1564,1,5976,single_city,Asia,5976,506764.6057,12540437.0,105411889,1.0,0.7531457097159276,0.6083176471195341,77.68162704663602,0.0,0.04041044229160435,36.214844978985134,36.158044694214226,118.05,19.2025,6.920671504248683,0.367152117585695,0.3889526337878018,0.41090697238062757,0.43296090877853777,0.5571759580627055,0.6922883149925317,0.7725818486229786,0.8563387384347132,0.9376117435142013
1566,1,5628,single_city,Asia,5628,608070.1188,31428879.0,345746150,1.0,0.6742970408642391,0.5211033141607189,132.19363036260808,0.0,0.019347496256548,37.01243566140822,35.280434888069884,50.0,20.0345,6.456455634530173,0.47724584768040884,0.5138230351772967,0.5507971187900148,0.5882013163752993,0.6956846281408892,0.8141894275007391,0.8577533102596501,0.9037709871866572,0.9511559098242097
1569,1,6066,single_city,Asia,6066,542249.8399,11985253.0,118992799,1.0,0.6400561721172572,0.4686859405798321,61.64885013676053,0.0,0.04524308664155859,37.581380049140854,36.91143857424159,609.24,16.0255,6.648028134255767,0.35328582550572774,0.3688440285741152,0.38449584668759185,0.4005271311335689,0.4935554551914757,0.5973864715246311,0.6877922393461364,0.786042897884592,0.890236443068828
1573,1,1799,single_city,Asia,1799,2419362.728,50453268.0,507604127,1.0,0.9683623574835389,0.3936472352149741,100.06846834608388,0.0,0.0479525474544087,36.20380216052673,37.14016931223062,401.16,18.898,5.5943618761534415,0.5589364399546923,0.5834476767689261,0.6082266068473503,0.6332801078415773,0.7242681286770165,0.8223207662187512,0.8792483174727156,0.9381669389582454,0.9883852716934015
1575,1,6173,single_city,Asia,6173,1552508.174,29067189.0,302630956,1.0,0.9763293514857412,0.3834276731264792,53.11876887989716,0.0,0.0534110186574973,37.050610290151006,37.3758268282662,870.16,17.518,5.958326496994238,0.3753409041376516,0.395532502300102,0.4159360920658685,0.4364721335798931,0.5293321621158482,0.6334857835754258,0.7240781693750985,0.821886664032081,0.9192831477443519
1579,1,6371,single_city,Asia,6371,713028.0308,14617484.0,155529100,1.0,0.7496939909927309,0.5106782940630473,55.8416189310747,0.0,0.04877912168742582,37.16651803100415,38.799627177176745,551.6,19.411,5.71308077780398,0.29297333248320984,0.3112781926082491,0.3298769473597508,0.34868757167786196,0.44381796484265007,0.551130413414511,0.6463845624869505,0.7526389630390565,0.8664409689109288
1595,1,3468,single_city,Asia,3468,937287.9886,23724285.0,169715673,1.0,0.5197111968278103,0.4145461852040445,137.05745545626235,0.0,0.039507533676989635,32.60601788812846,44.01646452753366,33.49,24.163,4.461825081748996,0.37385278418295853,0.4013298187911669,0.42940151831762263,0.4579813891124643,0.5080779041391553,0.560674642038738,0.6596519557912915,0.7651614368989413,0.8749792881007794
1599,1,1808,single_city,Asia,1808,251004.1061,23842173.0,233919954,1.0,0.6878683608530717,0.5119170457871585,90.15306002755356,0.0,0.010527736129588523,27.51422011572082,41.68677511687842,995.16,23.375999999999998,4.112773697690468,0.5412328398086869,0.5950927375621341,0.6668034411125194,0.742673790681747,0.7977240161792299,0.8531746665876471,0.8870330317626669,0.9218608136095648,0.9577839654128841
1600,1,2141,single_city,Asia,2141,216657.2952,29290791.0,273941580,1.0,0.7788501248029885,0.49217368477391776,74.19268477396052,0.0,0.007396771743036916,26.3468143442554,43.964272445211385,620.99,26.182,4.472261456611424,0.4766414126542366,0.530563855376934,0.5986872461040741,0.6710004519850624,0.7417781581931331,0.8140599890252196,0.8524618198258969,0.8920225814318227,0.9365175901190241
1609,1,464,single_city,Asia,464,124644.0297,8924045.0,101263924,1.0,0.6807048760356459,0.45115395973849526,38.671279776344385,0.0,0.01396721214426866,24.09313028855246,38.06576717683547,4.95,27.0465,3.4279853584185385,0.022540114936668295,0.04274474187434062,0.07396365661535773,0.113129640202397,0.2611520896633757,0.46985206820449693,0.5913528002155973,0.7567423741139808,0.9376291804893409
1617,1,2377,single_city,Asia,2377,565467.2378,19981510.0,193368120,1.0,0.5904776001314167,0.5099461429883829,129.6099910640465,0.0,0.028299524800678228,18.30026899015381,42.73658765816927,2016.28,27.7985,5.833914136405928,0.5338615049613368,0.5898773916485791,0.6593812479637425,0.7365638532823595,0.7905711830587379,0.8474180379761089,0.891014893268827,0.9401227434763438,0.9857571324689676
1631,1,5438,single_city,Africa,5438,354667.3905,12909734.0,86509395,1.0,0.7081536591406532,0.5249294765365767,61.48322183392098,0.0,0.02747286586230204,15.453169723094474,36.39139231655204,510.97,30.226,5.293787120461505,0.43307716487419495,0.5273468066809123,0.6673262981251201,0.8254483787194996,0.8306362470365385,0.8364837726323409,0.8540014070003301,0.8777740114552322,0.9175222355472236
1632,1,6277,single_city,Africa,6277,311919.4954,9806708.0,73753732,1.0,0.7471545153000103,0.6643789786964965,76.85730633505023,0.0,0.031806748543955835,13.509186903070077,39.46801640897506,2036.56,18.3945,6.732190444045,0.46543998250993096,0.5064416111910337,0.5589075355358801,0.6141906132006786,0.6759526234491737,0.7471053487062121,0.7959968829499156,0.8588532461657877,0.930228676126586
1642,1,5409,single_city,Africa,5409,798062.318,23587478.0,174127533,1.0,0.8517702287379142,0.400578459660788,50.55303042361879,0.0,0.0338341520869675,0.5222344302019116,25.191633005910237,399.57,24.6185,7.432360427525007,0.5987144110955822,0.6280589217719673,0.6647516533984684,0.7065088094623766,0.7376909901092435,0.7721177312809788,0.8131101595516061,0.8684390081890061,0.934737787566776
1645,1,1220,single_city,Africa,1220,390682.623,16033074.0,106343107,1.0,0.8481945941101767,0.6455678565674512,77.4481194943493,0.0,0.02436729369551965,0.5246692493914628,35.26507009000883,2103.43,18.658,7.75185825544425,0.46271557157410986,0.5196042256151253,0.5952815411442621,0.6870170997776222,0.7301301048071006,0.779787394482181,0.8116833989539374,0.8613219149365867,0.9269778833428948
1651,1,1529,single_city,Africa,1529,534072.7779,17751740.0,129635205,1.0,0.6824306223934863,0.4516085739294433,87.13563891607943,0.0,0.030085657963670038,-0.2891020109837165,36.08118439434609,1872.68,14.878499999999999,7.827475921980284,0.45292258674360936,0.5054445367045709,0.5801970961719809,0.6701396032163608,0.7147768049779909,0.7700998324671272,0.8112538263854698,0.8703733267837407,0.9412427739477933
1652,1,994,single_city,Africa,994,395387.4764,12538801.0,84724853,1.0,0.6112104235244873,0.5729804770239811,100.30510065960931,0.0,0.031533116794819536,-0.09252914602611469,34.77082068345031,1170.13,23.7205,7.356891758278454,0.657378644098427,0.7037908170007643,0.7647103578723357,0.8434091106478203,0.8487500519387778,0.8556490369374233,0.8872082745391685,0.9259779304257241,0.9686789031901855
1656,1,3019,single_city,Africa,3019,183742.6485,9210888.0,67831577,1.0,0.8308316095036143,0.6164339667322094,43.270404066128975,0.0,0.01994841849124645,-7.770780157984813,35.694587640066516,1585.16,16.942,7.409888432456558,0.4317289494780525,0.47671038883547384,0.5331979935050779,0.5962438149285932,0.6642987082244405,0.745419334161918,0.8085435410787755,0.890636277414295,0.9742057443321426
1657,1,873,single_city,Africa,873,836736.8423,34025343.0,271934647,1.0,0.9068566863189016,0.6386868207495576,143.96258355083867,0.0,0.02459157699894458,-15.791700666230463,35.03582045376066,1069.2,25.283,6.814183886610394,0.6263954194377996,0.6725429336597724,0.7290581023679908,0.7918552062796251,0.832079106447215,0.8779287544581108,0.9140846574272594,0.9544896578999953,0.9910744176774353
1659,2,305;461,multi_city_aggregate,Africa,461,979559.8006,39247062.0,245404858,0.8889554586277056,0.5987743167827922,0.5128646090065846,206.18991435084163,0.012600775983196094,0.024958805848957558,-13.977614006154658,33.77742811604183,1090.3441940800562,20.784843019230333,6.9160540316007575,0.6659804751754411,0.7085069705345077,0.7587631400281631,0.8151449400212428,0.8406622640950805,0.8696295534172723,0.8983585828666615,0.9316906829866654,0.9678289549419011
1663,1,1517,single_city,Africa,1517,2974451.654,105534303.0,671655339,1.0,0.7383884841790164,0.6147213177441002,383.1562515513256,0.0,0.028184690375033794,-15.397650749217895,28.289908884388428,1253.75,21.369500000000002,6.938602086340309,0.5040664171534823,0.5491619156285137,0.6058169825596896,0.6667115051681347,0.7390506288746702,0.8178067940620217,0.8725674722085387,0.9340776808844798,0.9889102124453316
1665,1,1969,single_city,Africa,1969,212804.3155,16453031.0,96185854,1.0,0.7869921572121001,0.711826608806905,82.90504076046871,0.0,0.012934049385794021,-14.433617389844338,28.44397496990935,1185.84,21.015500000000003,6.77243314107279,0.6336686535143585,0.6807535341056611,0.738196080709992,0.8003923410829288,0.8300571487405572,0.860001053909155,0.8906309117146864,0.9261536673698603,0.962482475113552
1666,1,2130,single_city,Africa,2130,491513.1022,29327428.0,207324731,1.0,0.645365590599914,0.5878948452937072,146.67838672155307,0.0,0.016759502476657688,-12.979507795519845,28.630227531145497,1281.74,21.3235,6.965775099482593,0.6912307823243143,0.7283652695353987,0.7733544516757487,0.8211574161907413,0.8595780373239685,0.9001649241113131,0.9281008890380704,0.9584577276943618,0.986919173409956
1668,1,6321,single_city,Africa,6321,2332772.519,98715001.0,651522657,1.0,1.0000000000000002,0.36362403978522434,128.7229100839694,0.0,0.023631388293254434,-11.659038320148571,27.48201607160574,1254.35,20.8595,7.136478037534713,0.39374961866231456,0.4190380548139791,0.45532216527050434,0.49602515832421457,0.5424446989571524,0.5948400182865824,0.6384800320267433,0.6920461460563628,0.7826510076214253
1670,1,4952,single_city,Africa,4952,3259552.802,29969405.0,202798706,1.0,0.6241024900293088,0.5148035351210802,160.20765507749252,0.0,0.10876267987302385,-6.1227345478967585,23.599957995946454,608.05,24.752,7.168734738896406,0.7871777901496543,0.8116296603152449,0.8407217961117346,0.872526298069648,0.92316010277815,0.9753694809756817,0.9820536310280434,0.9890944448179735,0.9956983129962039
1671,1,295,single_city,Africa,295,1099963.571,32908842.0,314178651,1.0,0.6889083726335193,0.4550446862013665,117.22218125163104,0.0,0.03342456021393886,-3.373608130834219,29.37384648557636,856.83,24.7195,6.2526483073621755,0.4670689111455213,0.5069887904290281,0.559823952480613,0.617148698213082,0.6919714768450376,0.774466752734721,0.8321611863462105,0.9028504254266984,0.9718425826104728
1672,1,2053,single_city,Africa,2053,853398.1016,37746178.0,343616125,1.0,0.7403320647779986,0.4232525757405047,117.49053820183768,0.0,0.02260886126272175,-2.5365482054676747,32.92967166184213,1209.4,23.0245,7.029759172051534,0.5311478158132991,0.5823249707559796,0.652528793776154,0.735153741923222,0.7740742122288513,0.815566836992079,0.8584944414769623,0.9134736502328792,0.9714537985806139
1675,1,597,single_city,Africa,597,1359684.095,49993445.0,433299312,1.0,0.9549769740962526,0.48855858739819125,149.76491233478004,0.0,0.027197247459141892,-1.950719636392686,30.095076321822738,1472.64,19.296,6.714822623075744,0.2813579060214794,0.32663358166255596,0.39116318149309376,0.46792912550835414,0.5332331868707988,0.605382085591421,0.6925173290218347,0.7997802311883088,0.9147784874597059
1676,1,4416,single_city,Africa,4416,1221493.547,18159203.0,151853814,1.0,0.6042889253091698,0.5816664453704139,146.14849224615315,0.0,0.06726581265708632,-5.898027967463441,22.41213725945349,613.14,24.2165,7.173345104959102,0.5234791416781893,0.5874698355428924,0.6637854645933525,0.7495047001787468,0.7829513773264168,0.8183298022495811,0.8771374492591993,0.9402340510208516,0.9929663212642097
1680,1,77,single_city,Africa,77,102115.7747,9796342.0,70876620,1.0,0.6082989251985296,0.452294963127564,39.86507347139314,0.0,0.010423867878438707,-0.7294948824284987,8.774180702047854,2.52,25.618,7.400908562777793,0.7559373692751845,0.784165967255941,0.818985392710871,0.8566584343421249,0.8570118315591677,0.8573758449837705,0.8874284911653758,0.9222309715197775,0.9604524831819877
1681,1,429,single_city,Africa,429,363259.2611,24975222.0,251998065,1.0,0.5279633034037997,0.5127437660461147,172.15227394130355,0.0,0.01454478607237205,-22.52797677565016,17.047176937058616,1646.3,19.0065,6.27953591877299,0.30064229258903086,0.3687253310501104,0.458421070291187,0.5590901654447756,0.6862304166905904,0.8249395340710085,0.8693549150433978,0.9184063308826644,0.9663979763623323
1683,1,1200,single_city,Africa,1200,225632.9872,10027634.0,72052797,1.0,0.520596738920656,0.3670536413290424,50.05809078465399,0.0,0.022501119127403334,-33.694877724764794,18.99481256269309,121.87,16.483,6.51060649419634,0.46635447604090857,0.5148280242378213,0.5765499618354639,0.6452310684654027,0.7480920225050096,0.8632751255181431,0.8974118919777088,0.9349154546326681,0.9734700129661693
1685,1,3667,single_city,Africa,3667,136887.8415,12985299.0,85159142,1.0,0.573958874773304,0.5361727158444972,100.86390225969271,0.0,0.010541755064708176,-31.59597159936604,28.772645604380894,737.57,17.0205,6.916505384902941,0.19765066634199183,0.2547354512206457,0.33786645960173883,0.42957231866590057,0.5440969822874313,0.6933596215227698,0.7379058425993887,0.7938580390024135,0.8720901228381418
1691,1,116,single_city,Africa,116,284637.2083,30186694.0,229191021,1.0,0.7034377234842402,0.4386966258951283,84.16802192556695,0.0,0.00942922760273119,-29.327400796875704,27.51605060913271,1566.32,14.931000000000001,6.665570972573403,0.33163386490749863,0.394227238000955,0.4765538750285142,0.5681428380332076,0.661456700094419,0.7601557825444548,0.8306486957465432,0.9036381393735928,0.9702465264993908
1692,1,2436,single_city,Africa,2436,472062.8341,38481826.0,287419793,1.0,0.5119563104742831,0.48025009449208006,228.38297659767576,0.0,0.012267163052501718,-29.160015598828043,26.24176592822548,1406.9,16.828000000000003,6.302913804073634,0.4779095201979241,0.510024030564454,0.5488232549047959,0.5908837330120458,0.680880891670785,0.7980407946338097,0.8512797443655611,0.9167069930621276,0.9777345025155512
1694,1,3014,single_city,Africa,3014,170748.7382,12948676.0,86602762,1.0,0.550450732288787,0.44922799628673316,76.05281196179133,0.0,0.01318657893671909,-26.721430629717645,27.048353936140956,1366.37,17.7575,6.3736183798068,0.45687674940665746,0.4912786450135906,0.5328076785611131,0.5776347326939063,0.6566423470631283,0.7628870318478893,0.8252785844668598,0.9026811698740473,0.9794960504070068
1696,1,2362,single_city,Africa,2362,177994.2348,26924964.0,164367850,1.0,0.6393504621898969,0.51594733917676,109.27366795286397,0.0,0.006610751078441553,-25.86468123220644,25.617837741511337,1271.25,18.456,6.205369554188814,0.2929516637422431,0.34304116432616216,0.41066717860792684,0.48606876503158924,0.593859252699465,0.7341753920265223,0.8078934850200729,0.8965936964669665,0.980617689962371
1697,1,591,single_city,Africa,591,270322.3281,33987945.0,226941721,1.0,0.5407755110048341,0.4295305344388381,152.54432914813876,0.0,0.007953476684159633,-24.612624013160307,25.876259561695825,1009.02,20.118000000000002,6.168965126643302,0.4674579177999729,0.5004679747481056,0.5423284343904876,0.5875457018657645,0.7102480011662958,0.8648878595043037,0.9029078104015997,0.949340391129855,0.991915868994139
1699,1,4604,single_city,Africa,4604,435011.7382,27764057.0,174786996,1.0,0.6937059774404601,0.5585652618571579,131.45961717281247,0.0,0.01566816183240079,-23.868099215343438,29.413345937218587,1269.59,19.4185,6.313095951343957,0.35252290398337677,0.3964429622082969,0.45469828130665485,0.523632767358171,0.6326264205551804,0.7595932395614949,0.8152704772216827,0.8907175201376369,0.9714710281714232
1701,1,4986,single_city,Africa,4986,79982.58636,9209777.0,68835771,1.0,0.6928841322965896,0.5195658327049147,37.02018400003215,0.0,0.008684530185692879,-25.155638744131142,31.129892248489387,721.89,16.2395,7.116241535046699,0.2716150456194542,0.348049686762231,0.46127729259894135,0.6020585514719846,0.6860657972500311,0.7900386730319312,0.8366045127911349,0.8950094014219888,0.9590202889820242
1702,1,4955,single_city,Africa,4955,263152.0065,27876345.0,221477567,1.0,0.6490947442716652,0.5810009377665855,140.93777928612178,0.0,0.009439975237069279,-25.39301252770639,31.164510796477497,647.78,16.6065,6.994901771843207,0.5606364464207916,0.6013883455668237,0.6516359659058604,0.7086096114824235,0.7766835286333269,0.8587019926751517,0.9013942466273824,0.9483572182795126,0.9918821854156274
1703,1,4493,single_city,Africa,4493,190991.69,13651919.0,91936591,1.0,0.7108600041636158,0.6477146776137906,76.69950438204411,0.0,0.013990098388365768,-25.763182103720887,29.439590329262664,1490.38,15.9495,6.67576458183234,0.44625308720334483,0.48648157083264265,0.5360575315455651,0.5896768798584286,0.6814231024957004,0.789383529158062,0.8444951951443603,0.917618907642215,0.9836877877754768
1708,1,4151,single_city,Africa,4151,170725.7274,22186325.0,168680736,1.0,0.6054368878530834,0.5269402091586177,115.32284831966545,0.0,0.007695088186078587,-28.54755664857698,28.822257932922902,1726.22,10.866499999999998,7.121923472002932,0.44480413047226164,0.5050330778080642,0.5809019745271017,0.6653769382716606,0.7433197701737444,0.8378467817450614,0.8909616171222589,0.9478801919650957,0.9965894757243482
1709,1,4567,single_city,Africa,4567,467099.0006,32972812.0,260042806,1.0,0.7285808898575592,0.5190972237705546,129.84320602443657,0.0,0.014166186390168967,-29.629146958612186,30.36270554260665,739.22,16.016,6.949338583632279,0.4736401918040839,0.5311722579196461,0.6058045034193626,0.6932416319239014,0.7731329375244065,0.8708600588873039,0.9009395073735295,0.9337734676678471,0.9683320912999474
1711,1,1892,single_city,Africa,1892,537059.7588,21988773.0,148312806,1.0,0.8343182634558681,0.6372248826779031,86.56738055122518,0.0,0.024424271367938535,-19.7968524692963,34.86467363928305,8.75,24.741,6.846652980596414,0.23117929317838698,0.26854599845111865,0.3179200130903166,0.37751501641314866,0.44739790619512965,0.5365978356318473,0.6433658667539112,0.7836738775737964,0.9317033287851032
1716,2,1335;1436,multi_city_aggregate,Africa,1335,281149.21744,5677545.0,33070281,0.6896757313240142,0.5826851988302617,0.4954062462886389,131.77631237974913,0.1400276465835054,0.049519504898684195,-19.82985629933102,47.041920809807664,1544.169262674272,18.4169675731324,7.247585206309919,0.3354363549738487,0.42496131690721956,0.5441147538240559,0.6864341894251829,0.751117252263082,0.8206383216689608,0.8682511543281471,0.9232138186487293,0.9739855870803313
1731,1,7783,single_city,Asia,7783,1895105.032,71786107.0,562226181,1.0,0.9619559004043623,0.2630268359484558,107.2057244612775,0.0,0.026399328661185092,-8.655150536426678,115.20194181638436,50.26,26.502499999999998,7.319130885630012,0.6839856909917124,0.7322661054735842,0.7878339328249128,0.8500179986080036,0.8723701927449555,0.89538268177713,0.9285399471516125,0.9645584764751207,0.9961701224444446
1732,1,5181,single_city,Asia,5181,1154818.995,40247569.0,333040676,1.0,0.9835997826987684,0.4405736398455939,79.41725039187791,0.0,0.028692888134436146,-5.394721650875834,105.2661527435992,100.11,26.731499999999997,7.647073482467921,0.3891038238856116,0.43609908464285135,0.4963707994388431,0.5634142027311015,0.6745612138710788,0.805903904407245,0.8602542677795024,0.9262291096388952,0.9883331090133668
1733,1,5398,single_city,Asia,5398,648306.8457,26499468.0,192064024,1.0,0.961324808879992,0.3273143298451737,64.86487635532409,0.0,0.024464900416114013,-6.0099725531641,106.03184950244518,18.82,26.512500000000003,7.8068461374556275,0.4724870325698614,0.5342168378625564,0.6084281012735803,0.692778322945955,0.7442786775945842,0.8017590013505177,0.8482595575126263,0.904416760366661,0.9603935822409718
1734,1,5748,single_city,Asia,5748,8464763.801,179924976.0,1436748190,1.0,1.0,0.21585820268920725,213.26790425693676,0.0,0.04704607436490641,-6.926370919413223,107.63019079735935,774.06,22.0295,8.198283093678297,0.6016683920524741,0.653358619872763,0.714915037698824,0.7841560417937752,0.8431403597908497,0.91099526393712,0.935793922240123,0.9650900828798776,0.9928319123410637
1737,1,176,single_city,Asia,176,730503.2,24226176.0,299015349,1.0,0.9070693620299798,0.5328647798494404,83.26498628141191,0.0,0.030153467059762133,5.373082403539627,100.29572671376239,37.87,27.5595,7.8469559622792735,0.606209457076511,0.6417199726444652,0.6841493267447574,0.7322952248014709,0.8071599496346431,0.8981312197187042,0.9220876625349375,0.9493058665139723,0.9776172681978369
1738,1,3429,single_city,Asia,3429,411603.2033,15465827.0,131927680,1.0,0.6163877922517265,0.39454552007519145,68.72206507246216,0.0,0.026613720902218807,7.007826025483581,100.47310446042401,13.67,26.706000000000003,7.689603803565996,0.32371233688311657,0.3755559919298205,0.44935495528302494,0.5307657973931817,0.6655683527301838,0.8122612518554617,0.869228719550529,0.9317352379539743,0.9866960234328238
1739,1,1645,single_city,Asia,1645,423407.149,17735463.0,134816534,1.0,0.7783197365829956,0.4246840341748383,76.96973555084854,0.0,0.023873475927862722,7.877702088364906,98.36825032097043,21.78,27.511000000000003,7.6188234156441155,0.30579539987199655,0.35950490832971205,0.4281043015341635,0.5103937235808279,0.6141272996368914,0.7321658870704418,0.8172439591794136,0.9109081054156861,0.992325884021184
1741,1,2597,single_city,Asia,2597,1710021.147,42990590.0,331894418,1.0,0.6491220392796996,0.5184068651516991,227.45684002917025,0.0,0.03977663825967497,21.943769783676498,96.09568825305215,74.47,27.643500000000003,7.012153131428384,0.45736069218868597,0.4997022371639933,0.552012265940058,0.6102224928757666,0.7002240955520731,0.8037912715317468,0.8559601764013939,0.9143826590888844,0.9692565047374321
1742,1,635,single_city,Asia,635,176445.6229,8298440.0,56622099,1.0,0.5218870189658652,0.3529737134624528,42.981492090091045,0.0,0.021262505109394054,18.28613313669089,99.48765546351375,237.22,25.914,7.34927809037732,0.6593501911202587,0.703951224567509,0.7547177541803037,0.8099952521196755,0.8634442136112329,0.9193132685179383,0.9425005181696801,0.9666180631540386,0.9889291240281306
1745,1,1135,single_city,Asia,1135,192820.7576,12036238.0,96239088,1.0,0.5066863248080833,0.45593677212635175,93.85194709599573,0.0,0.016020018680255408,16.81201559418049,100.25398575365871,46.28,28.493000000000002,7.433766121496199,0.23188391588800422,0.2835432466523178,0.3586957984712499,0.4423264146155967,0.5741342934561446,0.7189203968881307,0.8103688212213817,0.9073903324277901,0.9905299313622745
1758,1,2391,single_city,Asia,2391,357532.892,15304533.0,93853841,1.0,0.6499907786246831,0.48248980355271126,116.33149882901216,0.0,0.023361241535432672,14.81161912401597,100.64484130947966,18.62,29.0955,7.121805208363273,0.2003262693477808,0.26307820042597835,0.349326830162018,0.45270064757938056,0.5623672411304547,0.6834939034075721,0.776674400976495,0.8794357854630389,0.9714583907918001
1760,1,3585,single_city,Asia,3585,282758.8773,17511476.0,138410432,1.0,0.7680825069635657,0.6496451100281249,94.6976247473364,0.0,0.01614706134993989,16.43607263661648,102.83081072776443,166.01,27.224,7.1472594622858745,0.4054204225845954,0.45192192822581034,0.5122302654556361,0.579245632978054,0.6651039581129541,0.7606497590494371,0.8321168358395374,0.9123589582054648,0.9864987394552007
1762,1,342,single_city,Asia,342,182763.0673,19457854.0,147012864,1.0,0.5691351874867157,0.4583240805033585,93.72189617991019,0.0,0.009392765887748978,17.977374293813114,102.61831874172533,172.95,26.3705,7.431290492649288,0.39514054324798614,0.4409819294563522,0.49953052376690665,0.5642860204419254,0.6697115211163575,0.7836466960847789,0.8465995273682287,0.9138978532781673,0.976062776501458
1764,1,1999,single_city,Asia,1999,5046755.762,157263219.0,1125755582,1.0,0.9634573214009075,0.2714766631435713,263.35208423658753,0.0,0.03209113862790765,21.010418154216897,105.83480923706833,8.88,23.594,7.554549310936493,0.23615717798578192,0.27762152700180964,0.3310719844797276,0.3933573049906857,0.5081265950686155,0.6422204609712332,0.7430869897175385,0.8639199799159649,0.9753585801903241
1766,1,10695,single_city,Asia,10695,1419262.914,41573756.0,614991121,1.0,0.8173377780076297,0.5087236677159866,139.74898900728417,0.0,0.03413843372727737,20.004652811050317,110.31940457902193,18.53,24.6585,7.43214884057922,0.28338069815005407,0.31843266699309053,0.36399937017959116,0.414057416414336,0.5282391131559053,0.672934771638146,0.7602284960733401,0.8619846376160961,0.9586027781564889
1770,1,5615,single_city,Asia,5615,448442.9444,16255379.0,130364783,1.0,0.83799244306072,0.37675221090964756,48.005912133011435,0.0,0.02758735704655056,10.39024525503034,107.12126762392892,10.1,27.0775,7.436781659499181,0.30668703571906875,0.3669202053055792,0.4466937375006759,0.535639618122715,0.6584603779462785,0.7871054867438034,0.8449498470629322,0.905669009624445,0.9623623663280936
1771,1,2160,single_city,Asia,2160,397374.3336,22191655.0,163139154,1.0,0.7700014095143783,0.4144279806746477,79.23893929988755,0.0,0.017906475817148385,6.117591128763616,102.26516272575998,7.82,25.5945,7.912155234991151,0.38622874229073945,0.44221357082200496,0.5144109351015055,0.5987419595338879,0.6915429245813347,0.7916913812872451,0.8567323167199562,0.9265447755023228,0.9884095620628565
1772,1,2465,single_city,Asia,2465,258374.1158,14847652.0,101019134,1.0,0.889839751188702,0.4441060346545277,60.20581433404925,0.0,0.017401681814740808,5.344864416575311,103.10787298665855,6.42,25.365,8.092121320829127,0.3893076831272716,0.4501981188675489,0.5262809230712034,0.6123134486180037,0.7120366237031956,0.8154621350230999,0.8648114866916331,0.9176473155486133,0.9682067575398453
1774,1,1351,single_city,Asia,1351,804579.705,47063873.0,400065952,1.0,0.86334591190056,0.6011052013485185,174.66776303162914,0.0,0.01709548436440834,4.604513775184521,101.0958689797777,59.02,26.615000000000002,7.9602777293171,0.5302619484801007,0.5701006587366917,0.6185138651891229,0.6727064090114301,0.7467784684868582,0.8302640541291618,0.8712339930035082,0.9223159130996296,0.9720862114344053
1775,2,1740;1829,multi_city_aggregate,Asia,1740,230300.24021999998,11870201.0,106661237,0.750841371599352,0.5461064363430331,0.4570031565171642,94.45680971085069,0.13793981199786162,0.019401545114526703,3.344543296456984,101.56389642577044,48.10589748564494,27.3285,7.721359472488059,0.13361239628545465,0.15912729700196315,0.19218124444565007,0.2284144977831462,0.46075403440935836,0.8152732207314771,0.8510227417379032,0.8962258516094209,0.9488400407036073
1776,1,2239,single_city,Asia,2239,514233.2921,34717920.0,304615434,1.0,0.8435979039116503,0.6835116451126109,189.2728039430348,0.0,0.014811754048053571,2.233179683102269,102.24215170436473,10.08,27.14,7.9282548435818505,0.3491005221510966,0.3966771338835967,0.45731682658408107,0.5254417315323038,0.6573825563282593,0.8162575119707632,0.8650296734366575,0.9211492508767807,0.9762272624627282
1777,1,3586,single_city,Asia,3586,1114071.37,44388024.0,317545690,1.0,0.9183909201973796,0.2508847918624116,65.38140797018805,0.0,0.025098467325330817,0.4940393792500392,101.43679188098065,20.96,26.805500000000002,7.924551218559837,0.3901374388731519,0.43479378581934625,0.49107703014669,0.5535906486848795,0.6477016413255972,0.7693475158975313,0.8306918100251546,0.9060127118972451,0.980250303550345
1780,1,3099,single_city,Asia,3099,152505.3629,7754716.0,58946219,1.0,0.8184518641604615,0.5200335343087071,28.729517646024075,0.0,0.01966614417600851,2.3039500340304713,111.84165480748023,6.95,26.209,8.073048011981658,0.46071306802209133,0.499871433073758,0.550508619529071,0.6058737676531287,0.698601728290243,0.8186130865398552,0.8693357693563504,0.9284833899784337,0.9845911829653078
1781,1,3040,single_city,Asia,3040,552115.3999,27392741.0,224059585,1.0,0.9329791289840584,0.4530795961162907,65.75731209949132,0.0,0.02015553682269328,1.5326769809427037,110.34557324000598,9.74,25.5795,8.069390565963026,0.5115859343904284,0.5583046618080315,0.6140813363657182,0.6764273790636723,0.7492612002573966,0.8428207677355106,0.8813224277190808,0.928676615458088,0.9766158852084207
1784,1,3380,single_city,Asia,3380,741173.0405,27808726.0,240272850,1.0,0.7931008571224903,0.27275732362043237,63.31417629582461,0.0,0.02665253490936622,5.968416175549221,116.10167529406054,12.92,25.183999999999997,7.987390299651355,0.5477875901254879,0.594525653566438,0.6526260138634182,0.7175379411484006,0.786293374245192,0.8657486862217276,0.8964783571890348,0.9295469342968102,0.9637449051064044
1785,1,5872,single_city,Asia,5872,1476182.54,32023335.0,249460530,1.0,0.9702765550674523,0.2594229055141708,61.17920563498656,0.0,0.04609708951300669,7.08319054834305,125.58832140728423,33.03,26.0945,7.84123758525996,0.537860500787941,0.5881869892689191,0.6495735687741455,0.7211294826101029,0.7602570438088351,0.809102456068364,0.8507773159791133,0.9035693502878448,0.9602800582762538
1786,1,1834,single_city,Asia,1834,193338.7682,6858516.0,39470535,1.0,0.7395513589187681,0.3801232953060202,31.451992117140264,0.0,0.02818959206335598,15.484988655583281,120.60009570854974,42.65,25.6845,7.8352387379323885,0.4790425508958498,0.537565269221505,0.6117031731062521,0.6952953087810833,0.7758843166655878,0.8607044147742748,0.8988349666312654,0.9413578680869156,0.9812471094330028
1789,1,4698,single_city,Asia,4698,649798.2801,15340431.0,95290937,1.0,0.8423126738472203,0.33872619915643604,54.10002467760113,0.0,0.04235854130174048,10.664110710191089,122.96034873043313,22.9,27.447,7.784344222004651,0.18445622551282947,0.2524484481563784,0.34268144095821035,0.4474662413331151,0.6182594869726933,0.7974258350368383,0.8542427523711688,0.9217142595276495,0.9830648174096281
1791,2,10949;10963,multi_city_aggregate,Asia,10949,436621.8627,14748310.0,157895425,0.6451016421542536,0.5380868054230009,0.49648558996118025,115.77830039924528,0.10090381132719266,0.02960487423304772,22.399862258070822,112.71838704769883,6.6198336975558565,22.9075,7.464361112976291,0.20463802293279704,0.2462254997352239,0.30033027512982846,0.36435089850972757,0.5126933865642911,0.7085426058985741,0.7884433538486783,0.8816762734170899,0.9719899432545153
1792,1,10985,single_city,Asia,10985,254749.5549,6934018.0,83066212,1.0,0.5223965129439295,0.4162017226993241,47.58544230890069,0.0,0.036739096278665555,22.250747878411566,112.79011084718911,17.63,23.194,7.576762931472265,0.1885522939225136,0.2189160743453507,0.25788539920144427,0.30663577740928855,0.4257189698671102,0.5994313830739983,0.7020117340335719,0.8318311259070859,0.9605363008864413
1795,1,11063,single_city,Asia,11063,202816.5004,6052048.0,77234950,1.0,0.5111013921967398,0.4635642842911962,57.0359227738909,0.0,0.03351204425344941,23.291947400615133,113.81862895114217,27.56,22.881,7.616992074681278,0.1646148543435214,0.1974777794227673,0.24004039624272644,0.293199095578885,0.4332401197082376,0.6550727951926356,0.7420635130455013,0.8498014225928149,0.9554440083753467
1805,1,11593,single_city,Asia,11593,1800270.058,34960100.0,591993346,1.0,0.8620532888032744,0.4828069095784642,112.28749950791577,0.0,0.051494991661923166,24.48908045592723,118.11077008496402,19.47,21.559,7.312966021408761,0.3936844002162465,0.4339017336906931,0.48191975995492004,0.5350961238669226,0.6537943255311055,0.7950292476280102,0.8340727572289552,0.881106261137697,0.9352497275465459
1806,1,11003,single_city,Asia,11003,1241216.96,26557262.0,336612608,1.0,0.8546767627998622,0.601872668851615,117.6741967954648,0.0,0.04673738429812531,25.852918578785363,114.94428576854509,119.08,19.8095,7.288286095297864,0.24539035688242258,0.2858914446828141,0.3393193545328581,0.3983796974251337,0.5021449876873603,0.6181166567547512,0.7292062713392669,0.8540710258459626,0.9671821967189238
1807,2,10267;10289,multi_city_aggregate,Asia,10267,779164.8643,31009321.0,347396237,0.505515873759377,0.5543186911489761,0.5171979996489922,206.04021068285866,0.21976667332022715,0.025126795401292406,27.868788235630138,112.92136580136477,55.84876070940089,18.560685595195714,7.402576419279168,0.36180385891068045,0.39226202340902594,0.4306603811157297,0.4737241102441424,0.5562752889687588,0.6478283739266655,0.7412737931282016,0.8565463913253696,0.965059763804567
1808,1,10323,single_city,Asia,10323,1002707.149,34887201.0,493774061,1.0,0.6689895144357708,0.5378467407945173,176.37674008631421,0.0,0.02874140430469042,27.849383279811608,113.14544646197557,58.84,18.659,7.438447351537085,0.3415849554683392,0.37421961710255863,0.41675151870165794,0.46420726042195243,0.5581811793958478,0.6665365043185895,0.7528482723506538,0.8602985662277693,0.9614633171632199
1809,2,10535;10553,multi_city_aggregate,Asia,10553,617508.6328,24428000.0,310519339,0.7791361142950712,0.6085197851405495,0.4540293544445079,115.93774258663404,0.09217674026963756,0.02527872248239725,27.63229881805382,113.82487920610137,115.51477626207631,17.96193479576715,7.55007917127163,0.22740031930571475,0.26723346160144096,0.3194115768789913,0.3801063943016211,0.48237235958735875,0.607297445554282,0.7104948010479777,0.8382551580153922,0.9580375388897986
1810,1,10101,single_city,Asia,10101,799476.7415,24111153.0,365137947,1.0,0.8132171407185352,0.6733701032305958,130.27728046696845,0.0,0.033157963930634096,29.367263266285196,113.12231953736156,37.16,18.175,7.315444911001287,0.32464872169323467,0.3602967473185542,0.40515963711897146,0.4550817208948904,0.5824341125453436,0.7334387534266819,0.8073350121414766,0.8912019263450404,0.9690501321110608
1813,1,10029,single_city,Asia,10029,732664.7211,14967140.0,152464498,1.0,0.6836594227118197,0.609528647278846,94.37719769186522,0.0,0.04895155127165243,30.932267337666023,113.92164042019463,28.07,17.326,7.169966454809083,0.22513011837932964,0.260309985742099,0.30588094986750974,0.3568971760804001,0.4295675726959192,0.5184333813941742,0.6117682469730356,0.7362774050352974,0.8778792741966736
1814,1,10321,single_city,Asia,10321,606551.9728,21378327.0,286543926,1.0,0.6973508998020975,0.612351351799528,130.35792609110723,0.0,0.02837228436069857,30.41578473782126,114.87326009047105,27.35,17.887999999999998,7.254088733575192,0.30246712008848964,0.33938839086893935,0.38577583737024884,0.43843949996648474,0.5433917724244746,0.6753728203334153,0.7566831118262902,0.8546918100747547,0.9544510194834236
1815,1,10277,single_city,Asia,10277,289688.3236,16384330.0,212527031,1.0,0.6779246990865576,0.5447776221333591,78.06308248381677,0.0,0.017680815974775898,29.85814737598672,114.31305410486564,43.32,16.839,7.401332297160073,0.1851505676460374,0.21218871934342143,0.24795093848817742,0.2892204929954414,0.37458681557317264,0.47739462034761265,0.6039916188211542,0.7656722612398554,0.9270535322469701
1816,2,10721;10727,multi_city_aggregate,Asia,10721,656814.44907,23802083.0,331754168,0.9208460032678653,0.5290945076672543,0.4659245850542527,163.9901115862953,0.031455883857915604,0.027594830631840078,29.713233567422908,115.9894740918115,32.74567511591318,17.991500000000002,7.333286051684563,0.31602855934919644,0.34818834973392876,0.3874210084890469,0.4303233040570441,0.525597612612308,0.6338328876510514,0.7231209974353925,0.8360200659748981,0.9484789209414991
1817,1,10813,single_city,Asia,10813,500784.691,16797107.0,223191646,1.0,0.5498926483138419,0.5477723485521142,126.40777255863412,0.0,0.02981374655766615,30.52718817632958,117.05664316343749,19.95,17.6495,7.324780642441408,0.3387803030605211,0.3662154441238006,0.4010425128565294,0.439178544257651,0.5241482952987083,0.6274029212292331,0.7167230642752945,0.8376385885974293,0.9549488492274295
1819,1,11011,single_city,Asia,11011,443423.0912,18304599.0,250433626,1.0,0.544105412132854,0.3531604610432129,90.3408834373893,0.0,0.024224682070336533,29.299695622197586,117.19605594473462,48.38,18.9215,7.466803191421073,0.4031603751603627,0.43348362889566716,0.47107893486221686,0.5121987102804055,0.5931227993576915,0.6878296541759806,0.7654716172695178,0.8678072652670512,0.9682918484037809
1822,1,10831,single_city,Asia,10831,3580917.874,104147960.0,1384725449,1.0,0.9701670062789476,0.5699191753352972,301.95118470909324,0.0,0.03438298622459816,28.669990762248467,115.8968708150818,25.64,19.0135,7.480755381738747,0.2315870421273734,0.2624542525844961,0.3015699299342973,0.3445614681266921,0.4232700765334242,0.5167031980271145,0.6302365692040439,0.7783406223223192,0.9309494588276142
1831,1,11279,single_city,Asia,11279,809103.4143,27418774.0,266468192,1.0,0.7462068318212299,0.47158948551798163,139.25168453002,0.0,0.029509102569648078,28.954434852246973,118.85429308929231,74.09,18.012,7.523350023566494,0.175812346678958,0.2110754842649055,0.2568222051066178,0.30926364541317564,0.40756308068333036,0.5318470111026846,0.6584757217809958,0.8102570888107543,0.9523196770212994
1832,1,11379,single_city,Asia,11379,1028834.541,30967967.0,388945594,1.0,0.714104341895118,0.48150607831072156,131.97809477076152,0.0,0.033222540601389815,29.104741752108975,119.63394090632208,49.1,17.167,7.638634565268904,0.15629078912412947,0.18540429211901446,0.22263376217108471,0.2649678617908628,0.3908124482307799,0.5599302982982383,0.6835024075038572,0.8292912479530865,0.9655443316637479
1834,1,11409,single_city,Asia,11409,525155.8928,23125269.0,266809318,1.0,0.7948101552645968,0.5891934012422742,97.9200535118798,0.0,0.022709179849972772,29.71497307852137,120.21705298303553,22.45,18.1885,7.3193495652433835,0.0861071064730101,0.1118041913371905,0.14665144003297864,0.19112041464252805,0.2897695157621734,0.4386240869241348,0.571685803957567,0.7511760836165841,0.9471455661769815
1835,1,11395,single_city,Asia,11395,226365.0392,15632452.0,205606957,1.0,0.5034892228714285,0.3302578773210146,58.36446432716616,0.0,0.014480456373702603,30.524142937983946,120.6849086990811,6.02,18.0875,7.2492228751364225,0.06661283847217314,0.07486592634348085,0.08661002125578252,0.1023189452300893,0.16704033378768732,0.2717228237771016,0.43118533164215056,0.6527029157038192,0.8844860038591514
1836,1,11517,single_city,Asia,11517,579579.745,32455580.0,341498385,1.0,0.8741480491738853,0.5071447727114886,93.87827596739652,0.0,0.01785763018254488,30.03948085495729,121.15189574155119,11.32,17.2035,7.340861494124055,0.08704232061174072,0.11454153646306736,0.15202470576708227,0.19710247051508553,0.30157772561759794,0.4612322441934484,0.5908081753584438,0.7631332116079885,0.9435006553572606
1837,1,11489,single_city,Asia,11489,1435538.395,90224634.0,923954220,1.0,0.9338031591037301,0.3797127855294224,141.66089619263494,0.0,0.01591071452836262,30.173083626892794,121.23351606015078,6.39,17.478,7.317688058832433,0.1942924035579906,0.23239490226139348,0.28057736427060487,0.3383216494954139,0.45676435772518625,0.6233610324204807,0.7195549610098723,0.8402433530514516,0.9623136736692111
1839,1,11629,single_city,Asia,11629,360389.454,11443888.0,131635650,1.0,0.6061240592849838,0.4374729131249374,58.48918827422075,0.0,0.031491871818389,28.860056739886435,121.1569804069956,15.82,17.628500000000003,7.453104640825701,0.17076923507115763,0.19809945710758442,0.23497975513217187,0.27714610628835235,0.4130642487937666,0.6019084597821999,0.7071505767969767,0.8432428734010678,0.970010454488894
1840,1,11676,single_city,Asia,11676,349834.012,16042482.0,188180766,1.0,0.9130554788268077,0.6653076501311953,57.5680010774879,0.0,0.021806726166188,28.39014035027417,121.36144657934521,16.12,18.569499999999998,7.392541603782573,0.11976401157875695,0.15313578036116854,0.20064844080859806,0.25545249170296713,0.4118860161413926,0.6102580635589929,0.7307022691376559,0.8661171008326517,0.983073629130455
1842,1,2242,single_city,Asia,2242,143989.8359,9824047.0,101112107,1.0,0.7396835321293536,0.3978464243116818,33.147741770500886,0.0,0.014656875715272943,23.98082662813773,121.59755697070499,20.68,16.111,8.399892002153234,0.43130229324025016,0.4857390238462825,0.555559333134298,0.6331924104190463,0.7229410649195794,0.8186334002677308,0.8746429042939229,0.9319080008473086,0.9823247995454419
1915,1,3739,single_city,Asia,3739,2832221.122,44154052.0,607641816,1.0,0.9162408690956346,0.6152368169029016,162.22100961001877,0.0,0.06414408177079649,39.02592921193291,125.74278551086007,23.35,11.378499999999999,6.886665954245732,0.5860302243608355,0.623231657198755,0.667525644079053,0.7158317202688442,0.7688645200671503,0.8253677148362284,0.8562774714311611,0.8906309889746925,0.9327398083419388
1916,1,9313,single_city,Asia,9313,197171.2823,11782720.0,119342209,1.0,0.6458397873000443,0.46820248045328516,45.84281130144298,0.0,0.016733935992707966,40.00300067867132,118.7053781472068,50.32,12.02,6.451016876286425,0.19639972773688927,0.231521414410255,0.2742952391298444,0.32351180372613453,0.41850913880665924,0.5388496883571875,0.6368021136036501,0.7604721999674099,0.8950369693924662
1917,1,10177,single_city,Asia,10177,273033.6525,14629542.0,139577317,1.0,0.5384723588683192,0.5130440014546901,105.43571161295182,0.0,0.018663171581174587,37.191378234935826,119.94284993287253,45.22,13.636,6.5233449550708595,0.3218506088570647,0.3605857244198075,0.40826185809507914,0.4637923046394754,0.5459699285186098,0.6404198436287343,0.7238420040764092,0.8261177964422947,0.934240183322212
1918,1,10253,single_city,Asia,10253,278235.2341,20795886.0,206109131,1.0,0.8055441862830192,0.311794722716036,36.41513636544865,0.0,0.013379340226235131,36.777024868796964,119.95129308740738,47.73,13.690999999999999,6.558609065749803,0.22335874509025488,0.257900432806758,0.3005327592197803,0.34881870385325253,0.4356473679457562,0.5380687314789089,0.6468010066991134,0.7869800786559419,0.9273124982508559
1920,1,9971,single_city,Asia,9971,351181.4828,24600975.0,291549632,1.0,0.6880346690134982,0.5385974973485064,94.25258228140196,0.0,0.014275104250949404,36.8704340221248,118.75524531125708,26.03,13.838000000000001,6.513039439916757,0.17228869993973817,0.1966827331030579,0.2264094004404297,0.26177482803018987,0.33341121642536525,0.4243777736451502,0.5535656615235778,0.7391439566927733,0.9383785805237395
1922,1,10281,single_city,Asia,10281,548874.7846,36888158.0,330481589,1.0,0.9209597621591085,0.46433889130369144,83.49357109462008,0.0,0.01487943053703034,36.38728153786497,119.76394077795804,23.34,13.527000000000001,6.642831591985328,0.2597196639637035,0.28685812937582844,0.32137031618656586,0.3622043421089229,0.43805277563601847,0.5259520684117651,0.6286332594866895,0.7711273357699238,0.9245067211000343
1924,1,10381,single_city,Asia,10381,259208.2648,12386770.0,135776335,1.0,0.5175880888409933,0.4896414573937511,88.74754340545235,0.0,0.02092621924844007,36.97005237706353,120.71255010012074,44.38,13.118,6.588274958601117,0.3238315557647393,0.35828323283632457,0.39891989598579775,0.4432588963870323,0.5441429848136359,0.6720257984930696,0.7512770480117092,0.8562686640665808,0.9614604937364624
1927,1,11151,single_city,Asia,11151,154637.2863,17278893.0,162503528,1.0,0.7506052311202742,0.6783983756505788,70.00819858076444,0.0,0.008949490357976058,32.39569388266445,120.55487332866255,7.05,16.223,7.1076052286336635,0.19582105173057093,0.21751549708653212,0.2476622779017151,0.2821330625752472,0.359827275971904,0.4583557523042709,0.6015381309439211,0.779621125033878,0.95104130802824
1928,1,11125,single_city,Asia,11125,259156.0347,22357009.0,233460318,1.0,0.739740348555699,0.4456607624988022,56.444152758965956,0.0,0.01159171312674249,32.53444439266708,120.45616398739418,5.72,16.223,7.1076052286336635,0.10460491383261508,0.11696184404631228,0.134804168124636,0.15564456766108561,0.22761255765473817,0.32883718926802774,0.5030305261316484,0.734470787214873,0.95739139345518
1931,1,11473,single_city,Asia,11473,286405.084,15584420.0,173425949,1.0,0.9052965768054171,0.6344028035171896,57.044100973283435,0.0,0.0183776543496646,30.732264228442112,121.33208207447248,4.16,18.0855,7.233630493547637,0.27263966191876243,0.29172397817820617,0.31631757871001936,0.34562774873880453,0.4095231006351215,0.5006830539731347,0.6119879982700671,0.7630871729586344,0.9277038863172322
1932,1,11387,single_city,Asia,11387,378333.174,18446005.0,199332362,1.0,0.7012239721165625,0.4717728195543936,70.73187525747909,0.0,0.020510304209502273,30.850825297273605,120.92438100751947,4.19,17.442999999999998,7.254968198826548,0.06280861357242394,0.07293048006871948,0.08800404206764555,0.106799710831695,0.17024266230004817,0.273731032817133,0.4213157808425185,0.6449087485338967,0.9012181228401489
1934,1,11365,single_city,Asia,11365,695937.7443,30465248.0,403624256,1.0,0.6646640649782367,0.3755016766575433,98.97308007927523,0.0,0.022843659250697715,30.76435441677459,120.75845082526544,4.36,17.75,7.261299878501181,0.10174996770090301,0.11350375352270232,0.1291549308904362,0.14869286473558332,0.21028343507986544,0.3082944540612307,0.44998396205407554,0.6605963949481061,0.9011626952782397
1935,1,11361,single_city,Asia,11361,432794.8574,20696879.0,271434146,1.0,0.8000735862820934,0.4656153570316944,52.02886166951463,0.0,0.020911116956329502,30.64586291238837,120.57620076869317,5.45,17.9035,7.264450922706628,0.050617680085968515,0.06050110260585666,0.0746603388849111,0.09172523064951,0.16151217775395024,0.2691859482775157,0.4207698658333945,0.6441418051484961,0.8991083631498257
1937,1,11153,single_city,Asia,11153,525709.9806,24449294.0,286524770,1.0,0.7012647382692075,0.5708617498771495,108.63759698885515,0.0,0.021502051576622213,32.01526404055682,120.2593506946381,4.94,16.761499999999998,7.118214726087623,0.13954210702362202,0.16252829222798826,0.1977209648671246,0.2454286410069755,0.3381201927548501,0.4599264502279698,0.6081122424230327,0.7889015936411088,0.958203455690786
1938,1,11057,single_city,Asia,11057,340743.3089,17154471.0,209664051,1.0,0.6334825878543969,0.5634295720000941,88.4119846098508,0.0,0.0198632361732402,32.0074323165563,119.58172640414051,9.84,16.663,7.156212128270466,0.18025522325928908,0.2099829834449573,0.24767420691666914,0.2889753347684111,0.3875853123072113,0.5241305896287912,0.6363497889267469,0.7913585910052254,0.9525409439906366
1939,1,11091,single_city,Asia,11091,266679.7958,13298444.0,145160426,1.0,0.6490295782175762,0.6037654602581474,73.2044924454919,0.0,0.020053458570040227,31.747963325321727,119.5827434278131,7.46,16.8125,7.179010288006172,0.11591341062157347,0.1368918799823498,0.1667000289657948,0.20035870361976182,0.29400635141976006,0.4213881714281761,0.5433729690481082,0.7212561108653013,0.9126818145040126
1940,1,11105,single_city,Asia,11105,372988.9502,15944004.0,180252799,1.0,0.7647299947274577,0.5826378188577267,74.26243633704136,0.0,0.02339368142406387,31.424342627061122,119.47458104247114,9.4,17.011499999999998,7.187458353726118,0.15518454460999884,0.18408456244742538,0.2206324082708459,0.2637923322146683,0.33958671861848505,0.4399320898313874,0.5565664684981263,0.7210710057523819,0.8965993109384569
1943,1,11037,single_city,Asia,11037,411276.394,30788185.0,347554638,1.0,0.5615927071420794,0.40647600842689957,125.1052096830147,0.0,0.013358253953586415,32.48350135518238,119.91832253920089,6.51,16.3265,7.114826357316224,0.20762133266381244,0.23454688868473408,0.26859017509476446,0.30854494995401643,0.3833337041465744,0.4823799454238696,0.6020952517987014,0.7689030710969159,0.9374252818085899
1944,1,10979,single_city,Asia,10979,381570.8164,14672823.0,140517817,1.0,0.739337420595749,0.5230570163197108,59.85268949981564,0.0,0.02600527631254054,32.92694299944043,119.83354005794332,3.27,16.058999999999997,7.048718673237895,0.23248498261036749,0.26796486265799024,0.31067832004788715,0.35888819758815327,0.41736215314530817,0.49545223846835745,0.602654717500511,0.7600434490349949,0.9353035199838504
1945,1,10753,single_city,Asia,10753,499693.8103,15971345.0,142943388,1.0,0.6339702885905255,0.4117033951026945,65.59657909721803,0.0,0.03128689601908919,33.517774193069926,119.14500588726932,8.81,16.0245,6.996271980735053,0.25931673256072046,0.2977195721462407,0.3498396659767853,0.40609886017739893,0.49191548989768863,0.5847604569308346,0.6864026166863216,0.818671689829504,0.9462619460039214
1946,1,10833,single_city,Asia,10833,252527.175,11386843.0,114620410,1.0,0.7950573000151598,0.5992088120994803,46.349841267837135,0.0,0.022177101677787248,33.24317740299763,119.30207464845193,6.5,15.7225,6.944924851522488,0.23394623075070062,0.2620721125249553,0.3017990148805951,0.3459006152978486,0.4478387907868757,0.5608681001397842,0.6763772891221913,0.8244082227180967,0.964422272266334
1947,1,10715,single_city,Asia,10715,1505773.475,46398268.0,512709023,1.0,0.8361450190126278,0.5160273026605623,139.37565797600476,0.0,0.03245322594800306,33.593242156419834,119.02992411119762,12.85,16.125,7.012817300094899,0.3184601632112647,0.350993381908135,0.3943148265793025,0.44126431615938766,0.5275465670399594,0.6228343264882215,0.7184277223451531,0.8335139147866468,0.9469078888893008
1948,1,10503,single_city,Asia,10503,197337.1235,13246422.0,101147875,1.0,0.888063197716925,0.49145401569430414,41.88605268818175,0.0,0.01489739066896706,34.84722912788898,119.14495218619929,5.18,14.4775,6.836005217079548,0.27640815006497604,0.30835466362161795,0.3467990828013784,0.3934176338334986,0.45673797799888904,0.542169651548169,0.6269111009750407,0.7399312055738523,0.8699251767760381
1949,1,10941,single_city,Asia,10941,1107636.148,51703191.0,552314851,1.0,0.910664678183464,0.5791730459943458,150.36904204787476,0.0,0.02142297460905266,33.37544103963712,120.14127547197104,3.51,15.593,7.001613040901707,0.16363620574211754,0.18639126161478117,0.21902477934098885,0.25826409824492264,0.32609828666087554,0.41110909382749705,0.5495098938864335,0.7390030530223947,0.9294716645245358
1950,1,10437,single_city,Asia,10437,523800.2865,45787373.0,498491798,1.0,0.963667214849733,0.4776953313451341,93.38749777451784,0.0,0.011439841427460797,35.41672313483551,119.51235018281108,17.48,14.227,6.768952301652984,0.1629767010219171,0.1862942431748596,0.2152778234296167,0.24825510299531708,0.33203374650910855,0.4561515245698852,0.5464184416083447,0.675739226183603,0.8311814045326427
1951,1,10283,single_city,Asia,10283,661830.9978,35113329.0,301269728,1.0,0.9493736168848822,0.5258206838866187,96.87261400575228,0.0,0.01884842641379859,36.00039180653347,119.39393156634259,67.63,13.3075,6.690595041889434,0.1703874047373862,0.19689753711475205,0.2294445508143076,0.26612771463508916,0.34228725507627034,0.44660265621639006,0.5663231475432022,0.7416661632965647,0.9257573384739454
1952,1,10183,single_city,Asia,10183,236605.4769,19084010.0,167662033,1.0,0.6281084231083139,0.43175104074474585,62.79426178418811,0.0,0.012398100655994207,35.77843780825202,118.62942921317803,150.64,13.329,6.751545230109328,0.15759229847395803,0.17960103772739586,0.20791274999331902,0.24006280650659897,0.33641734624955655,0.4653415084146361,0.5759541626733585,0.7216203512783739,0.8736507159658793
1955,1,10007,single_city,Asia,10007,176911.6573,12737575.0,103909208,1.0,0.5582969435987684,0.5171785036181471,78.39420338326114,0.0,0.013888959028700517,35.51027711580234,117.63066893124675,153.82,13.843,6.739062033446699,0.1690788866797644,0.18860316818546702,0.21408502010783056,0.245202481634063,0.34123912911209553,0.4797271851196166,0.5800251617752987,0.7124374145000127,0.8675198379597372
1956,1,9731,single_city,Asia,9731,734610.1011,42234839.0,452156282,1.0,0.7254462779441169,0.5809411866792292,162.18613062309933,0.0,0.01739346280211936,36.19185602268719,117.14132467879686,152.99,14.2275,6.642820513606121,0.29078190637828644,0.3197903512784789,0.3558508415291935,0.3975945309037404,0.4693307342783999,0.5594965805362724,0.6521336567661593,0.7741376260484857,0.9050965720503871
1957,1,9481,single_city,Asia,9481,539953.5684,31755968.0,325682851,1.0,0.8759121965607116,0.6154872519114034,97.76509291470333,0.0,0.01700321553416353,36.46700147238369,115.97146373602048,34.2,14.79,6.438685613456474,0.29307703673211916,0.32347954249103666,0.36091420674060387,0.4041417663602634,0.4696861389959834,0.5489266143611179,0.6435726349138531,0.7684685914786159,0.9008604303921707
1958,2,9655;9683,multi_city_aggregate,Asia,9683,251603.19851,13112598.0,143293735,0.7255151877606558,0.5260288923223545,0.4577634746056608,79.98139252407789,0.07890703911611234,0.019187898424858293,36.19148878352415,116.74622057646798,107.53272781640985,14.419,6.624277024758445,0.22299219422421093,0.2545260672217664,0.2932721646770533,0.33801791223981703,0.40744938569763217,0.4926022287879183,0.5965637015639463,0.7425809896711544,0.9039800503302244
1959,1,9829,single_city,Asia,9829,249582.0013,15769081.0,141627297,1.0,0.7186313931034505,0.5483357032297738,72.87215507813278,0.0,0.01582730162271346,35.589396808918394,116.9794071113747,66.55,14.900500000000001,6.674798737383112,0.25633789312135563,0.2882842697047469,0.32737950930685183,0.37153737747938514,0.4520080149249027,0.5529534029281732,0.6371506367428768,0.7636580089860658,0.9024050291833747
1961,1,9781,single_city,Asia,9781,845770.0912,34702588.0,387042375,1.0,0.6621345041924085,0.5503888285686946,157.19546184410757,0.0,0.024371960131619002,35.41079118494127,116.58883965281352,39.86,14.9485,6.6516132164043515,0.3776609110536655,0.4037446140904534,0.434158772250646,0.4705557983168287,0.5250412159461998,0.5947342313489703,0.6806114575662195,0.8014284986468444,0.932079359614332
1962,1,10079,single_city,Asia,10079,200235.9198,12685179.0,122941500,1.0,0.7648425682967946,0.5869003747265927,54.30547143129029,0.0,0.015785029111532442,34.792131960899,117.26492367985497,55.23,15.105,6.721713611147708,0.2928774595928051,0.3218666445305975,0.3574922356239514,0.4004740492822372,0.4894753948682947,0.5961899315729009,0.6798135051937383,0.7936749650911509,0.9123313119980412
1963,2,10125;10171,multi_city_aggregate,Asia,10125,517758.47284000006,28747869.0,266167422,0.8281610369102489,0.6251317754333573,0.5049345840192321,147.1309150530609,0.03873803471013405,0.018010325316286924,34.84602802906171,117.55028596752625,70.31501357404962,14.931675561273776,6.7211377919197535,0.543128257611025,0.5768295382172501,0.6166341581701238,0.6644450411263527,0.7248567885153505,0.7922570191202694,0.8348548895919903,0.8853444058757886,0.9397224538625802
1964,1,10395,single_city,Asia,10395,189744.7541,13310287.0,116130097,1.0,0.5848263727534964,0.4743293041738622,64.80955024622281,0.0,0.014255496827378703,34.38559607909243,118.34264385286552,30.93,15.159500000000001,6.8583097501081625,0.3613862721367315,0.3935965467912149,0.4332804394075049,0.4771481636722033,0.5685007393153881,0.6741614211624437,0.7413103864702542,0.8393575585560251,0.9461878620648826
1965,1,10447,single_city,Asia,10447,706228.1571,27308009.0,328505738,1.0,0.6841199368858616,0.4855689955368574,122.59570598862389,0.0,0.02586157625405792,32.93386138462686,117.33742398322572,23.89,16.059,6.923913528495348,0.3718902026141855,0.39991454521638686,0.43451662843673444,0.47384823990646846,0.5305373233178589,0.5957752540655746,0.6901852126971249,0.8108836495549712,0.9374454944701388
1966,1,10927,single_city,Asia,10927,1792594.198,40076936.0,468459212,1.0,0.7379162199254992,0.5285978114059467,173.73600917815313,0.0,0.04472882353082082,31.347267212376103,118.38117642933085,9.94,17.0845,7.225969708743113,0.24132151719382938,0.2685478251131773,0.30445318973486396,0.34540390013847366,0.4068423793675245,0.4796294557048972,0.6005146950355685,0.7621087849630022,0.9282008983920328
1968,1,10481,single_city,Asia,10481,781175.7055,21791775.0,209852412,1.0,0.889411364428151,0.5404131508121954,76.86243598420508,0.0,0.03584727290457065,31.761532438878366,116.51807092544232,51.31,15.4175,7.198238923363879,0.1853051437985203,0.20819400897815804,0.23980873517645993,0.2762189404029731,0.3346519959939014,0.40344322571245345,0.5417039226956042,0.7238772885641487,0.9124230128110262
1969,1,10099,single_city,Asia,10099,945217.9134,48043541.0,508459574,1.0,0.8327844567605673,0.4393004493539082,115.12936616795868,0.0,0.019674193319763836,32.890748294712935,115.82598344734673,31.09,16.16,6.870046662034952,0.12545417915802667,0.1412408381805163,0.163389725998756,0.18928719263220004,0.27479979046507,0.3862740258883083,0.5267626713859414,0.7059479649928385,0.8870180905275071
1970,1,10127,single_city,Asia,10127,913663.8321,33550114.0,291402262,1.0,0.6538452545430252,0.5307333832817184,188.52783862423055,0.0,0.02723280857108265,33.94508520362908,116.78887910694966,41.7,15.5185,6.803583500940145,0.4035594037027713,0.4352502945295506,0.47585072289173147,0.5207844599276176,0.594702986702221,0.6772400832974815,0.7491707181680515,0.8390406661509406,0.9324310194594272
1971,1,9761,single_city,Asia,9761,724355.5688,42669973.0,407486323,1.0,0.9534634032391132,0.5310852380400779,106.36017596263083,0.0,0.016975768154341226,34.423012883453424,115.63960818687177,50.9,15.6235,6.7195094080426365,0.3081448633679707,0.34055346132982084,0.38337118235345496,0.43145986991836155,0.5346503968961968,0.6494718663168594,0.7321987056331158,0.8322700368242558,0.9331697491348308
1972,1,9703,single_city,Asia,9703,711778.4634,24789563.0,228898844,1.0,0.8200385271665528,0.5827691182085257,86.37690485604753,0.0,0.028712828193058506,33.61670533793865,114.64410688717308,49.31,15.927,6.785090911486767,0.35757717875058953,0.3890122226035207,0.4277406987771426,0.4725271276464212,0.5484738476430585,0.6346191742064997,0.7193802891967075,0.8297171676644723,0.9449457418833885
1973,1,9831,single_city,Asia,9831,381471.4996,19992584.0,272117378,1.0,0.5247560908680868,0.49819205740935374,140.1197515472547,0.0,0.019080650085051536,32.12609255698572,114.07654603216066,93.55,15.788499999999999,6.988553393571704,0.45422272578672174,0.48549302081211715,0.5241979726082432,0.5681283619966283,0.6331450201734803,0.7027013116463585,0.785264876216101,0.8856987671028418,0.9819150440983516
1975,1,9571,single_city,Asia,9571,1034031.347,36310051.0,344322012,1.0,0.9310090878540692,0.4772627990466206,101.50205101297158,0.0,0.028477826897020882,33.5768735758939,114.01425763514278,61.42,15.651,6.7965192026409325,0.3156794519511967,0.3451536876111796,0.38125966829404895,0.42469191244044247,0.515079309582903,0.6348137875102406,0.7142764685183174,0.8203864544282794,0.9306719508601076
1977,2,9217;9243,multi_city_aggregate,Asia,9243,438119.2793,26827071.0,306785175,0.5653067008321557,0.7912582970023645,0.5256579293900576,80.98536497741834,0.2280994250700055,0.01633123792381211,34.797568675517404,113.34664156451089,153.26124734452003,14.93476827451644,6.588201447587226,0.3025617668063726,0.336968467411146,0.3812217144391201,0.4322075264944131,0.5038611930463821,0.587213714087535,0.6798685178862799,0.7965367147237207,0.9168078020891658
1979,1,8895,single_city,Asia,8895,612794.6158,25239396.0,284804776,1.0,0.6012547917282897,0.5264070941327206,153.34106969728464,0.0,0.024279290035308293,36.184266796274045,113.11477899815911,949.14,10.7935,6.492669288246778,0.5251679953038496,0.5618040938856065,0.6059626783461854,0.6567461043837974,0.7125824247141255,0.7721742628072399,0.8283494185043097,0.8950915465647434,0.9615676619202773
1981,1,9431,single_city,Asia,9431,1143811.555,43457660.0,415733944,1.0,0.7360041648850105,0.5146534656890785,165.50885474597484,0.0,0.026320136772205405,34.80095580140511,114.34181666462725,75.12,15.5305,6.567423905461868,0.5107289485904211,0.54090132786717,0.5792376763958299,0.6247632523242163,0.67282656268193,0.7270732938681006,0.7827627626521999,0.8470071329197201,0.9196842397864956
1982,1,9579,single_city,Asia,9579,452333.0579,41539789.0,377156199,1.0,0.8679843147459697,0.6136525308438046,112.28595436721298,0.0,0.010889151552984538,35.247424425305034,115.45806560064361,51.66,15.3265,6.6105257745025545,0.2750650225979723,0.30431897475454195,0.3392376162526969,0.38077879981528073,0.44395466235998454,0.5237218946875247,0.6295982389318348,0.7682429730203973,0.9123198242533201
1983,1,9405,single_city,Asia,9405,789432.0978,37764939.0,372270380,1.0,0.7434066990752456,0.6419945046287177,167.5225904460952,0.0,0.020903836169310377,35.76149338314779,115.02174927108497,52.7,15.2005,6.3929885659828845,0.32845457528741145,0.3571162394834002,0.3925728835415304,0.4333254450642698,0.5015077079827932,0.58938784463547,0.6639507613132911,0.7640421979762764,0.8827467720787262
1985,1,9023,single_city,Asia,9023,784735.1195,38172764.0,457084220,1.0,0.6218269485108341,0.5297942444943334,170.95284870273412,0.0,0.020557461322423497,37.067305232544726,114.48487329932593,73.65,13.874500000000001,6.313628658969834,0.5692748892901756,0.5972239264623332,0.6306232632250576,0.6681473995438213,0.7341504534489565,0.810275305188799,0.8497460126282708,0.8958867374654872,0.9471257045992268
1987,1,9139,single_city,Asia,9139,213253.0918,17705745.0,158143308,1.0,0.506046888431529,0.44506457329852445,118.18384100910065,0.0,0.012044287986752323,36.12203046871289,114.14114491221359,132.42,12.617,6.622059898417153,0.35024355089266224,0.38989062589571916,0.43756018173762246,0.4912450732798874,0.6092738825731422,0.7528104578485684,0.8124552793457717,0.8855406536127116,0.959245205440381
1992,1,8853,single_city,Asia,8853,1023708.164,59191568.0,646179562,1.0,0.6804085276165222,0.6523171522598019,283.35561715282824,0.0,0.017294830979980122,38.86787365081693,115.48302389122244,19.83,13.966000000000001,6.305577963582611,0.4456210384560179,0.47601386400171053,0.5123480932284139,0.5554127743329929,0.6347909384661005,0.730708654313736,0.7889687767690154,0.8627754378799358,0.9422994504892994
1995,1,9351,single_city,Asia,9351,516729.8124,39760720.0,417195181,1.0,0.880206204223188,0.64047926833545,115.5839670997804,0.0,0.01299598730606488,37.4456242208021,116.31118812754816,22.41,14.538,6.345518810060126,0.33232509371057667,0.35675777501011047,0.385574129442324,0.41770933725546217,0.47878194861662465,0.5567015134534787,0.6487296256204615,0.7821031661398485,0.9237230362025637
1996,1,9141,single_city,Asia,9141,638765.5212,25910820.0,257532141,1.0,0.7084992133974277,0.5098241163134388,99.2539905397951,0.0,0.024652462608284877,37.73486918313796,115.69062570699894,20.87,14.5565,6.297027364457813,0.37334268077968974,0.4063596211929997,0.4455414764951476,0.4893286665570599,0.5656664281562683,0.6587116501909241,0.7295206790059133,0.8231112330678844,0.9224280821679901
1998,1,9773,single_city,Asia,9773,244169.3002,18477426.0,210695574,1.0,0.6543932870215301,0.5624132064465261,78.24547575288064,0.0,0.013214465055901185,36.80427313540911,117.8420248424247,56.01,13.5815,6.501173297402932,0.2664304541119526,0.29420266654024213,0.329678495262273,0.370296165710527,0.4619229431631873,0.5840250151725679,0.663009339071362,0.7675787201096084,0.8878979680394877
1999,1,9725,single_city,Asia,9725,321310.4113,19426261.0,221764402,1.0,0.5013360491804751,0.3191335818728077,79.27147974241215,0.0,0.016540002798273945,36.68656392424414,117.512846346745,107.65,13.349,6.55254925565108,0.2277143295871501,0.25849503411902064,0.296946643515188,0.344476736928429,0.41414248475298465,0.503023973578858,0.6109594121071471,0.756926924846732,0.9153193710307918
2001,1,9995,single_city,Asia,9995,292674.6256,23476465.0,179439160,1.0,0.5215267199062434,0.44354704525094596,146.2709568650235,0.0,0.012466724679375709,36.507754544656244,118.53979275553246,113.29,12.1435,6.624180758974516,0.11065379732425644,0.13345220415424555,0.16411210120433378,0.19920039068914336,0.2818949956903648,0.3909858660577732,0.5280905792247683,0.720198803354764,0.9083530250401839
2002,1,9959,single_city,Asia,9959,367238.8155,27665425.0,308603248,1.0,0.7589289488162597,0.6456678646606142,102.74567551360904,0.0,0.01327428787014839,36.693493427283734,118.48366993647988,91.03,12.9295,6.576517618033129,0.16466369123192576,0.1867842261595475,0.21556440936656496,0.2501891440308616,0.33318884492105216,0.4394243717564433,0.5762324634448955,0.7601697425577232,0.9420384107600009
2004,1,9693,single_city,Asia,9693,605777.1393,31132401.0,347338935,1.0,0.6486154602161337,0.45863647770892246,115.72755465397516,0.0,0.019458092528745214,37.383540695766904,117.99565360229337,11.78,13.9735,6.451899100938458,0.24110202743437617,0.2657925419886503,0.29577278668612805,0.3305834651172584,0.3799065802859214,0.4401757513016744,0.5484504070212894,0.7096254798979366,0.8940106161423271
2007,1,9281,single_city,Asia,9281,621461.073,37875944.0,323807915,1.0,0.7018062129123616,0.5640320139986877,160.66416158192965,0.0,0.016407804198886766,38.304608973999564,116.85804732412248,8.29,14.0465,6.375744322423162,0.4067641720032113,0.43761132395802466,0.4748050636044873,0.5168778631629617,0.5765631874416121,0.6471157524153062,0.7186653618455028,0.8107281497723199,0.912924784132113
2011,1,9007,single_city,Asia,9007,131614.5513,11304818.0,114147022,1.0,0.6331829896175311,0.5140891569367692,48.56373504304882,0.0,0.01164234146007481,39.10991655147303,116.39795350463753,8.8,13.984,6.349854644330035,0.3283484970744332,0.3620682792062641,0.4029412061299881,0.4542486221361547,0.5511826019667013,0.6711252671206206,0.7467137462982597,0.8388069582367447,0.9353687073953778
2012,1,8841,single_city,Asia,8841,168440.8032,16450032.0,172105854,1.0,0.7346238759333439,0.6013034099678684,64.83029617441484,0.0,0.010239542585692233,39.486038322822175,115.99532661227683,33.63,13.3265,6.299912018536633,0.32022648952901733,0.35320071109892065,0.39598293790553113,0.44723645522391686,0.5265671215715568,0.6173766105743745,0.6981989457528107,0.8003844004680356,0.9117433935690824
2018,1,8929,single_city,Asia,8929,266701.0736,11161911.0,120857915,1.0,0.5321311448525443,0.5238266963196007,85.7688379828915,0.0,0.0238938541617112,40.14372131714047,117.11135605473598,28.52,13.3065,6.458146258639633,0.26552523129775896,0.29755603677542314,0.33626795626662853,0.381206676885347,0.4914300965130433,0.6498030668762723,0.7313009394179903,0.8345345165357437,0.9434559189730146
2019,1,8947,single_city,Asia,8947,285574.4452,16434110.0,137943948,1.0,0.933939475110203,0.5370653361301188,54.39631129236092,0.0,0.01737693402319931,39.993961147898105,117.06426152517095,26.71,13.3065,6.458146258639633,0.15752365050495584,0.1960485234673493,0.24846048858137132,0.314690786419222,0.4383576597698324,0.6025585809027687,0.6978475865136597,0.813716045468845,0.9312907726673364
2020,1,8975,single_city,Asia,8975,529565.9586,37009646.0,449625794,1.0,0.6823888229749991,0.55771642510333,158.95273768414813,0.0,0.014308863116388631,39.53625826542316,116.71018013089557,13.98,13.67,6.390937571821815,0.26665813015342,0.29051972018321925,0.3201337564806753,0.3562572038651761,0.43932208916561916,0.5450715740431562,0.6433804851848623,0.7782365170420706,0.9209242909267492
2048,1,5495,single_city,Asia,5495,157472.0367,11618273.0,106513058,1.0,0.5200432142965261,0.38435211094117727,46.960093229563455,0.0,0.013553824798229478,40.39975640031924,110.01294037349918,1011.95,8.8085,5.921644101132852,0.20625147988862028,0.2391222000033912,0.2819492191309328,0.330960462023917,0.4306886229993046,0.552513097256365,0.6827346887097592,0.8354764946563056,0.9795523826992187
2052,1,4165,single_city,Asia,4165,294952.5657,15331248.0,127253683,1.0,0.5808352704278539,0.5412642357535326,79.517536008157,0.0,0.019238653350333906,40.76193564064056,107.40085542557134,1041.13,8.9985,5.203459834283356,0.3996739208706297,0.4350827799537259,0.47905963037059995,0.526147903941023,0.6193172923691536,0.721433245356151,0.7971206257964126,0.89529312943082,0.9882736878302406
2064,1,8331,single_city,Asia,8331,293472.6058,14084838.0,193382123,1.0,0.5074433772852376,0.45992006633841204,76.95168150435968,0.0,0.020836065405935092,34.49610014661703,109.48692323172968,366.2,14.3485,6.698458541520241,0.3195894762864862,0.34807791186522696,0.3841151740616399,0.4271402340587801,0.5344694770362286,0.6677583370145969,0.7466022683398985,0.8425496977672019,0.9403290971468753
2077,1,8999,single_city,Asia,8999,379189.0737,17594052.0,189758034,1.0,0.5254326832047899,0.39582229128191265,85.5924867210834,0.0,0.021552117368983565,35.080270745222606,112.57965999829086,157.93,14.7895,6.6312373219011125,0.19341951473145583,0.22639406772243256,0.26737763421410826,0.3163570279319397,0.4329685395950859,0.5885415707535706,0.6785498872005152,0.8053549574594869,0.9393201747954365
2081,1,8685,single_city,Asia,8685,592550.482,28200656.0,269330037,1.0,0.7452034756164106,0.6174652528091182,102.93267421504804,0.0,0.021011939651332932,35.03371828780704,110.99505489464288,370.35,14.256,6.516033299965837,0.3854517781430333,0.41641878827215933,0.4547983210035965,0.49654593141379405,0.5670501069194986,0.6438870429113422,0.7172461165442393,0.8067869059499893,0.9040552460907293
2085,1,9387,single_city,Asia,9387,795340.408,37909445.0,438759541,1.0,0.786878299258312,0.6004649396065577,146.72021105602553,0.0,0.02098000664478206,32.991585906426515,112.53394649441347,125.97,16.3395,6.750290613966916,0.34163143248338246,0.37387339751346926,0.41219366308317096,0.45482127211305784,0.5620465559440398,0.7024161393024878,0.7569828574382981,0.8234085727184874,0.9011500959721251
2090,1,9029,single_city,Asia,9029,1003480.687,23629553.0,390977896,1.0,0.6180676218192175,0.5709670432379645,204.12234015225928,0.0,0.04246718873607131,32.63290903091401,110.77997307568978,278.37,14.0365,6.810458827846327,0.29384940121381053,0.33068247207215473,0.37793241370245134,0.4312125159540682,0.4860870622478555,0.5465532081796046,0.6489305574252716,0.781167379679167,0.9192972038023741
2091,1,8536,single_city,Asia,8536,712376.9465,8635499.0,149156898,1.0,0.7246154052231077,0.6313279698409567,65.33855696389372,0.0,0.08249401065300337,31.215071341156147,107.48840654782245,340.73,17.591,7.302981818033826,0.3205788107902045,0.3545963006885879,0.395567181468031,0.44207231105000416,0.5284405684025902,0.6379024535814317,0.7077073368892753,0.7943085859890667,0.8931231420442525
2093,1,9793,single_city,Asia,9793,669742.8464,23262494.0,268726825,1.0,0.7274453805143324,0.6013170436729212,124.84010182136815,0.0,0.028790672504848364,29.039463843100762,111.69174556620804,33.85,17.354,7.326200447107784,0.21279038266490258,0.2463632661227124,0.2914332831208898,0.34158620309585036,0.43646571171603527,0.5538861396374782,0.6558310127882246,0.7770421348630977,0.9009583409242362
2095,1,10041,single_city,Asia,10041,510296.6829,15592876.0,203822545,1.0,0.529707317463883,0.384483423762282,78.24389548170252,0.0,0.032726270823932674,27.23565447975977,111.46311126678488,237.11,17.1175,7.58215634394082,0.3633878060724654,0.39847164820652714,0.443000444561991,0.49329539977102366,0.5582562831898362,0.6303704332670894,0.7155775496451071,0.8236228518715855,0.9340121091195749
2096,1,10335,single_city,Asia,10335,881730.7324,30510016.0,376795701,1.0,0.8024025978151488,0.6157883870801703,124.83583060928657,0.0,0.02889971386445684,26.90659884795687,112.60050224127399,70.29,19.048499999999997,7.278741082340554,0.2702791109647402,0.306074077443945,0.35221230300239764,0.4041323019955152,0.5025701723656913,0.6204007890392453,0.7136190292394471,0.8227618431927404,0.9310878761912154
2097,2,10835;10847,multi_city_aggregate,Asia,10835,662226.23595,19743191.0,183356111,0.8644190293250974,0.8381921570115535,0.6185791893804895,89.67330485559786,0.04145742303852418,0.03354200625167431,23.065405081325807,112.45517612772542,23.149418394929164,22.287,7.4910103026015795,0.2834889760221638,0.3162829149553383,0.35834176957514113,0.40713327445396236,0.5390264927285564,0.7238954938945786,0.7971133946888322,0.8857681111427226,0.9752282191870605
2098,1,10325,single_city,Asia,10325,557045.7986,25840963.0,298624893,1.0,0.9138814856104732,0.558398082157243,78.03962644172886,0.0,0.021556696575123768,22.630504324957396,110.15004952986979,81.83,22.3325,7.563007167629869,0.2682740577431267,0.31174782456830263,0.36622272939286354,0.4265786069969606,0.538894080688866,0.6747252414702966,0.7578849905864576,0.859428265115352,0.9574972496187545
2099,1,10159,single_city,Asia,10159,290031.0876,13545240.0,170306125,1.0,0.5372566982710675,0.5209864530656765,98.50719594455148,0.0,0.021412030174437664,23.10237768000725,109.59772237670491,49.14,22.3265,7.4766940440240965,0.28831582164657105,0.31781799362728164,0.35714546216973636,0.40036736152331004,0.5144571081797,0.6565233986256427,0.7576056238206189,0.8708013294707219,0.974995939533002
2100,1,9939,single_city,Asia,9939,1418750.073,52879238.0,702645136,1.0,0.7260250709249365,0.6801669696980146,277.27123261583824,0.0,0.026830002221287685,24.315698460442295,109.39281135745954,102.3,20.5975,7.614979166174772,0.5595252147922404,0.5933506265729472,0.6343781655855177,0.6788367298333611,0.7423290971023447,0.8095975210535371,0.8610330201808127,0.9201456533847935,0.9745476665151642
2101,1,10223,single_city,Asia,10223,579749.1251,22378544.0,174518304,1.0,0.722644066397369,0.4995624514153138,102.63444887239994,0.0,0.02590647206985405,21.480875075890513,109.15022030155457,12.64,23.669,7.641692373547763,0.22760234088509065,0.2558742874424717,0.2950429661554389,0.3383066834017441,0.4631213719712954,0.6162220830810083,0.7233034016869015,0.8466149540381179,0.9625332640050219
2102,1,9843,single_city,Asia,9843,3290254.939,61734999.0,761490760,1.0,0.8856272191602378,0.7777263708226525,249.91066396538838,0.0,0.05329642815738929,22.82496787446981,108.31081601935182,89.16,22.308,7.400722893456153,0.3283746712298481,0.3621730357523777,0.4047562064429612,0.4516858095356898,0.5557735734311747,0.6837838776023953,0.7706361022213671,0.8719131590169784,0.9691733209552655
2104,1,8629,single_city,Asia,8629,768206.8943,11518828.0,157058085,1.0,0.7060202636916583,0.41355515633275397,53.07038328286702,0.0,0.066691411166136,26.575843793478715,104.84725292901351,1861.25,14.5885,7.3428866269259165,0.19724636916186264,0.23545737465651886,0.28730006212437587,0.34910417969605934,0.4819038881386197,0.6461530634887508,0.7331597450712868,0.8327835956922006,0.9315775875809588
2108,1,8169,single_city,Asia,8169,646505.9721,17728158.0,156428752,1.0,0.5804772270608107,0.47288953072264195,123.76413862491611,0.0,0.03646774651376641,24.36880220537621,102.54007219633102,1646.64,17.369,7.154115622692315,0.14466009384618525,0.18360023641486048,0.2337086571543417,0.2890318328615979,0.45787131409817083,0.6803837149917098,0.7627696007673217,0.8594130309533567,0.9504849855241588
2111,1,6664,single_city,Asia,6664,642357.3015,24088001.0,314063020,1.0,0.7071565358682583,0.5523669892733144,108.3669324050605,0.0,0.026667107058821523,31.471600221620637,104.73171488875397,483.1,16.558500000000002,7.051273635452198,0.20182932572943682,0.2357520244207894,0.2833889370894662,0.33739238054664644,0.4782623514504172,0.6357963452425961,0.7214840700147762,0.8162233138399487,0.9146555996904849
2112,2,7943;8027,multi_city_aggregate,Asia,7943,1128494.269,18272423.0,213794086,0.8510068423875695,0.6641496545917625,0.5299925884594182,127.551057362348,0.03588043257195694,0.061759421232750585,30.817289438673804,106.09559263662825,295.0670340167803,18.45121882691748,7.058114335169622,0.16499388176379234,0.18578701905051126,0.2122515990353332,0.24255327276519376,0.3323262054517893,0.46121201331646056,0.5782399520851723,0.7319810295547559,0.8947070128575723
2115,1,11608,single_city,Asia,11608,809594.8836,36836311.0,244586523,1.0,0.7804599117521092,0.28784481332026096,81.06423132272417,0.0,0.021978174839494647,24.77084226450597,93.92873242911013,777.92,20.3955,7.316030102806283,0.5807832657292963,0.6364413092288205,0.7008562013715217,0.771339236439827,0.853496431822394,0.9363860023876984,0.9540829427789336,0.973403172755274,0.9911188175167703
2116,1,11508,single_city,Asia,11508,522126.2835,8906966.0,90734561,1.0,0.5659946704879089,0.4793275093632414,66.9519197980825,0.0,0.05861999287973032,25.575868028686745,91.89016784934427,1496.74,20.688000000000002,8.538403944484873,0.6826525440874031,0.7285498788251802,0.781977050322186,0.8421835224250322,0.8735155158333376,0.9057894686024399,0.9357975544085382,0.9677124623581138,0.9950763256534267
2117,1,11500,single_city,Asia,11500,1279218.486,44152653.0,449354496,1.0,0.7071207656659972,0.3980110941481754,130.74920926242044,0.0,0.02897263016109134,26.150118092793598,91.75788214569774,75.41,20.312,8.15800852933937,0.6447252897804352,0.6869219614051278,0.7365470881217488,0.791405513050371,0.8509604847527509,0.9139922350758855,0.9396296073080818,0.9679755370532321,0.9939944492123723
2120,1,3373,single_city,Asia,3373,210544.7245,10264523.0,97131251,1.0,0.5284901702125473,0.4244613635823223,60.756918920407834,0.0,0.020511885890849485,38.93791202337052,100.4569692952874,1478.26,1.9865,6.197501613266131,0.16487371113104818,0.18555036605208056,0.2065292269304672,0.2277338167589473,0.3501917234731706,0.482278328958881,0.6015393993466623,0.7320926651925277,0.8659444769133451
2129,1,2387,single_city,Asia,2387,376676.4237,11511382.0,112402783,1.0,0.6476147178425684,0.5025701515926112,50.20185793257436,0.0,0.03272208529783826,44.00642555549185,87.30634558858227,588.17,5.2555,6.29344238394,0.2345731381340659,0.2747792576078181,0.32471235860298964,0.383422251125017,0.471944810796827,0.5879213286467255,0.6704708435529287,0.773585135129735,0.8906933155376131
2130,1,2310,single_city,Asia,2310,383377.9945,20430071.0,203688011,1.0,0.7917174540612717,0.6152971086784761,81.5992498271308,0.0,0.01876537749183544,44.32101887681887,86.0322239459055,455.76,1.395,6.919182241849713,0.15742431830021542,0.19238058448255024,0.2377014255114434,0.289692434255368,0.3507130249327083,0.4309327167781257,0.5452741696296601,0.7021715196192906,0.8736402335557228
2134,1,2787,single_city,Asia,2787,723954.698,20334146.0,204842081,1.0,0.5391616252716109,0.4699689998531833,145.68983441871018,0.0,0.035602906460886034,41.76764316691064,86.14447475237306,997.31,11.954,4.434874033315584,0.44686410730010495,0.4732089560092664,0.5059767939110893,0.5434597548379951,0.5972410643653291,0.669136289274209,0.7372705989226201,0.8239273486085916,0.9196057705103524
2142,1,894,single_city,Asia,894,427139.9621,24666633.0,231471004,1.0,0.5999572121998622,0.48715721394701056,95.00849003844293,0.0,0.01731650858469415,43.9290341643743,81.3152293461634,649.13,11.513,5.7306158835369985,0.1741681566349165,0.20634060595136758,0.2489836776669114,0.2981658664155744,0.39497494449282966,0.5129013351761467,0.6538967438320422,0.8291738073858722,0.9882052001179082
2159,1,2782,single_city,Asia,2782,340996.6091,30516839.0,225355918,1.0,0.7084549327883045,0.6004879495135976,113.70625515057289,0.0,0.011174047518486434,40.133400063269306,67.84057760359968,365.07,12.190000000000001,6.266194349893625,0.5131464631707104,0.5495318502679782,0.5940859077835683,0.6450509503949606,0.7157312721674745,0.7909419124307075,0.8523418496915752,0.9191782608939281,0.9794706456982651
2163,1,1236,single_city,Asia,1236,1296737.508,45228355.0,394744918,1.0,0.8180854225501688,0.5939298061084897,153.07449118963973,0.0,0.02867089700697715,38.55632561689842,68.77171554588874,802.57,14.9525,6.4679091076993025,0.47097806232395584,0.5105468461101449,0.559806187954437,0.6134291861819869,0.682999370638176,0.7568168685330253,0.8295649930226293,0.9136613082655781,0.9898909213036822
2173,1,4313,single_city,Asia,4313,177456.6627,16282126.0,107533630,1.0,0.5115229287191382,0.4506557475698629,94.3415902539822,0.0,0.010898863127579284,40.38816081769898,71.47647028218904,460.62,14.025,6.272514676761715,0.4482366737611538,0.5005619659250886,0.5630915766159775,0.6324798125257107,0.7036998116830689,0.7782709088481443,0.8513870363120885,0.926533856819435,0.9918011321126
2185,1,3315,single_city,Asia,3315,605965.0378,16838799.0,67175703,1.0,0.6697104585078314,0.3731006383624082,111.2858492273904,0.0,0.03598623855537441,32.98591582498473,70.6236678854343,366.03,21.0855,6.834071063184853,0.09808193565348693,0.14257287589215834,0.20989074102018795,0.2879482081827807,0.34641918345839273,0.4143231949024393,0.4840205646495335,0.5780989487433159,0.7204332684296546
2189,1,5287,single_city,Asia,5287,543525.9854,21711237.0,135616074,1.0,0.6446927197595024,0.32547205138829055,75.05449481766101,0.0,0.025034316810230575,34.427293608453006,70.44736940198344,589.87,12.662500000000001,6.7529442144822465,0.09078312764952085,0.12190406285924657,0.16967996802761628,0.2251063815479514,0.316288611284562,0.42021391963986204,0.5337169871988409,0.6857538794311904,0.8575961378893335
2191,1,5392,single_city,Asia,5392,910045.3041,12884011.0,102280851,1.0,0.7814610276495909,0.5366347096911244,90.49142724437374,0.0,0.07063369505816162,34.7743873005294,72.34481099139828,959.75,19.8825,6.8825579765572735,0.13289735626583987,0.1758077511731401,0.23335396096758998,0.3015361442954372,0.4022670424606126,0.5169193817049675,0.6374409335726273,0.7848359489913506,0.9348438153304899
2196,1,6571,single_city,Asia,6571,637371.8732,23347021.0,178405942,1.0,0.5767268617099524,0.49202242931799967,186.94521654915906,0.0,0.027299922898086228,33.776452569936694,72.75421764966673,472.16,22.551,6.816976267909919,0.07278209070013686,0.12176508514726568,0.20116943399331333,0.30079456389746684,0.43906899299914964,0.594681180095739,0.7053538436445489,0.8307485139110468,0.9491354807107939
2200,1,8120,single_city,Asia,8120,1158152.799,35464132.0,267849126,1.0,0.657787956451679,0.44341376051649367,148.0831036056962,0.0,0.03265701805418501,30.310873504685958,78.03838533700066,654.39,22.4,7.062949271512231,0.22761837227540208,0.264580055138527,0.3150496958448045,0.37236538032285693,0.46754935380908236,0.5793834457868586,0.6992392764610734,0.8409297596794417,0.971974472686939
2201,1,8294,single_city,Asia,8294,671411.4617,16335548.0,124930086,1.0,0.5279016070950194,0.3970051534641492,114.27088024344674,0.0,0.041101251191573124,29.938156124681292,78.10105604394712,292.58,23.671,6.9353792008406,0.2122626678945818,0.24905880108827694,0.2951206167065837,0.3454768704423017,0.39335172594148665,0.4486192321188123,0.5845087657910222,0.7670616865745795,0.9435352275907732
2202,1,8666,single_city,Asia,8666,1429069.956,19412683.0,157919884,1.0,0.6967012991081937,0.48966848600087887,96.47135520002105,0.0,0.07361527286053143,28.836438628206142,78.75798849236645,196.44,24.753999999999998,6.838224048320173,0.3471040556320834,0.38469144115730936,0.4300082580032858,0.4819950441677742,0.5793881247635888,0.693669082218053,0.7626316774451012,0.849531772604539,0.9419763872927818
2205,1,8305,single_city,Asia,8305,2106560.824,40962319.0,280114353,1.0,0.7715562380195794,0.6156779426174253,227.37523967171484,0.0,0.051426796026855806,28.98563116989344,77.70267214169482,224.93,24.743000000000002,6.6421249366843975,0.37819863177179985,0.4152264426240126,0.46096914093169383,0.5130636280626593,0.5821662587022967,0.6599491840293514,0.7201694318136627,0.7959630654699994,0.8874451175481545
2208,1,8054,single_city,Asia,8054,373917.7332,13536669.0,110666081,1.0,0.694757767490131,0.44905983035490576,56.36541467391684,0.0,0.027622580798865662,28.194928665539393,76.84524712773468,264.71,25.259999999999998,6.344021900393672,0.10573265845534083,0.1281233219191516,0.1580156093053616,0.19057155050478075,0.32951075334707525,0.5066641579254099,0.613223164428413,0.76113407220048,0.9162849442503174
2211,1,7949,single_city,Asia,7949,374735.6225,10333782.0,88326065,1.0,0.521410779067593,0.5100713712239436,91.97232425378051,0.0,0.03626316313814245,28.99265797192685,77.02449386379648,220.95,25.1075,6.4197212750723756,0.47070356235500227,0.5027885240853736,0.5417016732112212,0.5855492209918886,0.6765741719730491,0.7932233329481888,0.839795923699571,0.8954540554464958,0.956480889571698
2212,1,7788,single_city,Asia,7788,675058.6935,20656116.0,183222246,1.0,0.7820490523776016,0.6657855645952636,99.30226267749238,0.0,0.03268081441351317,29.39101629360042,76.9729463703483,235.28,24.709,6.567880560478887,0.3131687486650443,0.34323935826076885,0.3807669360493522,0.42152798715886375,0.5583378792024599,0.7239827661695936,0.7964179713165824,0.8858064120089179,0.9731620407244034
2213,1,7725,single_city,Asia,7725,467642.7611,12585381.0,89532913,1.0,0.5939057889595668,0.4819033272932993,76.24140464200453,0.0,0.037157616531434366,29.683506546044555,76.99429695982045,246.49,24.709,6.567880560478887,0.4086214791590338,0.44198010374099916,0.4834066604737671,0.5294121012307852,0.6254552007603107,0.7377740093843802,0.7882089545004637,0.8511941752101109,0.9244787265478892
2215,1,7991,single_city,Asia,7991,1215269.053,16751634.0,116679420,1.0,0.5741155415277633,0.467800350911726,119.79310172064696,0.0,0.07254629924459907,29.964058529667653,77.54791267569576,276.42,24.114,6.83757366550703,0.43461730360154716,0.467589549771682,0.5073825633965021,0.552516488839238,0.636223845387262,0.7353138207293688,0.7909180083566774,0.8601907133357857,0.9343760137070808
2216,1,7774,single_city,Asia,7774,647245.7225,16496020.0,117245121,1.0,0.8222862321571687,0.7498386271269546,78.35422799115172,0.0,0.03923647779888725,30.140489741149107,77.2877269633509,278.36,24.201500000000003,6.7578848424966615,0.5348536192366401,0.5742857974226511,0.6236253350808255,0.6779599564016048,0.7611544481638601,0.8520401890880346,0.8856031333618655,0.9225696258855166,0.961233679396606
2218,1,7047,single_city,Asia,7047,696974.3387,22713876.0,177968963,1.0,0.8398085338333234,0.7128016041807377,90.37430636244832,0.0,0.030684958335600667,30.344392194978983,76.39928308669816,253.3,24.189,6.5843803963362,0.5268394526764169,0.5672008599501027,0.6168985425472958,0.6718645465881736,0.7517010747086935,0.8381902762874993,0.8814364399981756,0.9292396859082968,0.9748584521637786
2219,1,6955,single_city,Asia,6955,519065.7398,18091764.0,146414879,1.0,0.5193453030650319,0.5017690577525449,131.68009072874278,0.0,0.028690720252596707,29.140739811102588,75.74197399682458,213.85,26.1145,6.004868067249995,0.3687565789604596,0.40445851493530427,0.45193348752504175,0.5037302056339006,0.6352598342538627,0.7812531160587768,0.8379659938080112,0.9004462472537228,0.9609208919594574
2223,1,5588,single_city,Asia,5588,401166.7411,16527484.0,123354901,1.0,0.5958428014055928,0.5503015276521185,94.31185356900532,0.0,0.024272704853321895,30.212155744797087,74.94444333141568,209.52,25.235500000000002,6.034806563703688,0.2120008102866716,0.2672065512209844,0.33587568440544247,0.40695044690407806,0.5945522016539239,0.7901280678898253,0.82689186085432,0.8665392143171943,0.914857397532498
2226,1,7976,single_city,Asia,7976,355498.3553,8978151.0,63668151,1.0,0.5297483581803732,0.4721455455050514,98.19707183541514,0.0,0.03959594300652774,31.259105543161198,74.19223445937004,204.57,25.006,6.234509740424096,0.13769494409260882,0.17714883610222193,0.22853792501373613,0.2821818211789933,0.3741013043777054,0.4719340318513244,0.5384261191419035,0.6160198241263708,0.7329533664559663
2230,1,4316,single_city,Asia,4316,1271841.908,37281803.0,304991896,1.0,0.7387050653628201,0.6595760415338786,149.06694755684612,0.0,0.03411428111456949,31.620622941882182,74.88555270234602,233.0,24.1075,6.43786204364277,0.4920032435126595,0.5239581894684654,0.5628885491401797,0.6054679544334269,0.6841098859945158,0.7756137759753733,0.8142501852713507,0.8574738727094288,0.9110634482994291
2231,1,5657,single_city,Asia,5657,1169614.651,44349952.0,362175259,1.0,0.730419644044782,0.6851614162921864,180.79675228521558,0.0,0.026372399478583428,31.329704149560154,75.57078403926873,238.89,23.7165,6.6161602274702345,0.5212236982804401,0.5617598413635262,0.6137499314542663,0.6691451887027973,0.7749000720451737,0.8870499792198197,0.9162363918680227,0.9478440021761466,0.9780079130638067
2232,1,6229,single_city,Asia,6229,2202952.582,71981471.0,697580652,1.0,0.8398109976292581,0.6829272671070492,211.3070879489846,0.0,0.030604439606409264,30.899783000449634,75.88235964562972,249.29,23.945,6.64050570077817,0.47687159658073675,0.5086669317997128,0.5478509879299355,0.5895101810297819,0.7070739913053458,0.83935868718215,0.8817023619870175,0.9297106056640604,0.9752831669694553
2235,1,3371,single_city,Asia,3371,1125393.47,35468455.0,278023552,1.0,0.5917430451199307,0.45646448117195604,157.63907313685039,0.0,0.031729419000630275,32.70849094027462,74.86696527783319,343.96,23.262,6.974200574818842,0.1397979133852884,0.1808592170141045,0.23965255887238393,0.3038204229645751,0.4605379343419385,0.6363877986791362,0.736375943073923,0.8508547947746807,0.9594122721161663
2236,1,7829,single_city,Asia,7829,1692232.468,29881333.0,211993983,1.0,0.8343908536739288,0.5419941975396351,131.0163952874781,0.0,0.05663175963401633,32.49671039106871,74.52455484272768,250.61,23.916,6.827603773723691,0.22947875183479935,0.27006813919579825,0.3236743822640041,0.3852897727152935,0.5066000569653302,0.6540962212094086,0.7522166096137679,0.8660217065952178,0.9715471863320154
2252,1,7638,single_city,Asia,7638,661397.5293,12992335.0,80184810,1.0,0.5490562503074828,0.4647579528831049,105.41629960653044,0.0,0.05090674842512913,30.666312208971497,73.10322026751078,170.43,25.610500000000002,5.716330089710704,0.36879444687964097,0.40945780723788294,0.4594745286355378,0.5179166793343921,0.6069742659806725,0.7081041244703127,0.7643670671976978,0.832210684222659,0.9101963580834392
2280,1,7260,single_city,Asia,7260,709379.7513,15003168.0,93506630,1.0,0.5111653177547597,0.4742509003655155,140.91617793487174,0.0,0.047281997462135995,29.391159033943193,71.68228308931091,117.54,26.060000000000002,5.443339363591169,0.3551124002610649,0.4025185880741987,0.4659869168964848,0.5367522379273497,0.6547032600048203,0.7832015211720618,0.8384814460519272,0.8999576622750608,0.9597461682759267
2285,1,5315,single_city,Asia,5315,1457764.2,52164062.0,390423678,1.0,0.6032237915560809,0.46571964624568757,258.2153975430529,0.0,0.02794575698495259,26.264446338418303,73.01381087614618,231.91,27.076999999999998,5.893825532672123,0.3536099815232947,0.3816770250752328,0.4183083173239078,0.4588435808545738,0.5211080762843967,0.5904535961942534,0.6869140482196344,0.8155258116210352,0.9393139859392085
2286,1,5905,single_city,Asia,5905,248319.5117,8383203.0,58093560,1.0,0.6993339408627615,0.567960417769061,41.90657852030268,0.0,0.029621078208412702,25.777803233768147,73.32634436140937,218.59,26.4935,6.086959937032581,0.4507147208531154,0.48933814438228446,0.5394705341144668,0.5946248707087255,0.6824819821254478,0.779540349911603,0.8471779819718072,0.9208477952877916,0.9849883153252998
2307,1,3732,single_city,Asia,3732,359350.9498,8372923.0,68549303,1.0,0.5406892837446317,0.514578555438183,72.7049845839537,0.0,0.04291821981403627,21.522764189590355,70.45326497595616,77.91,26.5675,6.676481894951981,0.1812595195250213,0.22371888526862124,0.28124025504593797,0.34313620225577135,0.4804662601101192,0.635211502601899,0.7381067519670251,0.8616358946570989,0.9747013080139397
2314,1,6662,single_city,Asia,6662,635988.625,12565865.0,103261285,1.0,0.650976603401227,0.5561609741797686,88.86627846614715,0.0,0.05061240312545137,22.550901925292,72.94353705356374,40.62,27.387999999999998,6.746713493264232,0.13152011421418264,0.16930374470838258,0.22312765575628896,0.28465012157937397,0.4357215360820763,0.6120006859854057,0.7254532019880844,0.8561244291578813,0.9747009059861776
2316,1,6178,single_city,Asia,6178,718191.2471,14666146.0,120050677,1.0,0.6705384880548851,0.5181684741952826,67.38590192894442,0.0,0.048969323440527596,21.75933460408123,72.13821737270439,22.66,27.738999999999997,6.58855020317486,0.3843862593485705,0.4310700984430402,0.4899039597723901,0.5568906105257646,0.672564762412702,0.7974126945142916,0.8580958487662675,0.9252859612879893,0.98350289162538
2318,2,8490;8535,multi_city_aggregate,Asia,8490,277599.3253,8043660.0,63176640,0.6108269121270665,0.6949331939114676,0.45424095951357,41.63907503082162,0.06572602955902636,0.0345115687759055,22.62006339130364,75.62919274380324,564.6817826760455,26.69209078553793,6.918757500028811,0.1394952049191537,0.18390148265839182,0.23972258897069246,0.300803365632063,0.43128762279857674,0.5815831350405164,0.6912595758647183,0.8204038957390044,0.9440417670562903
2319,1,8499,single_city,Asia,8499,559627.7165,10469450.0,76508164,1.0,0.6079603910105703,0.49293535256665105,61.80855409575158,0.0,0.05345340170687094,23.1768270795181,75.79190930847955,492.81,25.6325,6.897280105423128,0.33924179398153675,0.37737684405580046,0.4283887883317653,0.48571357616684735,0.5870530925693327,0.7046465669161226,0.784449135341398,0.8819407896307829,0.9698427329038297
2323,1,6692,single_city,Asia,6692,773468.3696,24939148.0,208884644,1.0,0.6750466009825657,0.573604501148228,136.16671991454123,0.0,0.03101422589095666,24.583181626747372,73.70948402808666,588.33,25.436999999999998,6.6511790315795265,0.11470159285313195,0.15168401101753756,0.2072685482278705,0.2665953544202873,0.43016898572477297,0.6145641783752998,0.7275868846842722,0.8584304884834076,0.9775797072137348
2325,1,6812,single_city,Asia,6812,165890.6211,6563385.0,44498963,1.0,0.5330184682875382,0.5060928901018379,49.46937218966661,0.0,0.025275162298112937,27.036495461863407,74.72167842127689,422.63,26.0195,5.903234245713568,0.13778271425491573,0.19427460068242225,0.2744027662555221,0.3610921803307287,0.5833403038218846,0.830626117468349,0.8748849869389043,0.9265441536646105,0.9766903815637815
2329,1,8234,single_city,Asia,8234,1182182.881,29163320.0,229084890,1.0,0.6565648455319939,0.6064377655718335,178.56585125081872,0.0,0.04053663578083703,25.163258731591643,75.85501498149932,269.95,26.4065,6.616728285179831,0.37196680624839695,0.40341353453584844,0.443016638709173,0.48812779203465173,0.5623022687403217,0.6460685888986576,0.7249374213909802,0.8260606131263518,0.9335465920889665
2332,1,8806,single_city,Asia,8806,1493962.501,24554440.0,210560308,1.0,0.5689690121832807,0.5620870999706092,209.90601181017811,0.0,0.06084286593381889,26.217708953164937,78.1767950199432,214.84,25.7,6.663887838640445,0.32273307800951684,0.3612784083041601,0.41059946795772984,0.4678660967222221,0.6047288799907471,0.7659633043962721,0.8188951570469536,0.8793166938443719,0.9424877537422968
2333,1,8886,single_city,Asia,8886,2392290.736,48176329.0,392191783,1.0,0.7234803394890468,0.5788287430027929,255.80852237986556,0.0,0.04965697440334236,23.23904338414636,77.42333049782431,498.07,25.7955,6.987500403920785,0.25245862963116183,0.2888381553521855,0.33655482550362026,0.3904293330444501,0.5307726954455164,0.7023807065083768,0.777739852283058,0.8723582072847436,0.9631747782194031
2334,1,9466,single_city,Asia,9466,1548718.562,30946051.0,247173472,1.0,0.8975601020462954,0.6524797638514654,115.45949168761456,0.0,0.050045757437677585,23.17329071556589,79.93435344486171,400.07,25.496000000000002,7.139795140518346,0.2553710003256958,0.30266100834642845,0.366285378383174,0.43506394402310006,0.5551874130886684,0.6859670075513028,0.7767149352917437,0.8834060281229421,0.9778433442121581
2335,1,9686,single_city,Asia,9686,366091.9999,10531954.0,65942083,1.0,0.5565461813091458,0.4886132821980541,79.070906311727,0.0,0.03476012142666024,24.540868017171896,81.30286492876122,306.27,25.356499999999997,6.996000103296093,0.19891883310542374,0.25108512627381396,0.32369520413780767,0.4042841432843326,0.4869731675622586,0.5757442541051736,0.69264953113164,0.8231136406406636,0.9481506470689105
2339,1,9968,single_city,Asia,9968,1459209.277,27140085.0,195471758,1.0,0.7448842951088361,0.4880567500792914,110.92675305400188,0.0,0.05376583297362554,26.76421860281859,83.38170852961996,78.48,25.456,7.046124948246909,0.34640282077230045,0.3918323763540166,0.4518052541102948,0.5207753402393545,0.6090868912164424,0.7057945839152677,0.7770292539614375,0.8644859071001436,0.9521277107275088
2344,1,9028,single_city,Asia,9028,657552.6377,9674224.0,54809715,1.0,0.6558110960902914,0.5014576477109333,87.17123395417326,0.0,0.06796954853433206,27.86928318135466,79.91304023232335,152.12,24.902,6.852309691534844,0.3456765111082811,0.3836988889238041,0.43117029334859314,0.48621677562975596,0.5433234748337438,0.609469452020131,0.6759502364220634,0.7608386987938257,0.865905006954563
2345,1,8860,single_city,Asia,8860,1569082.598,26077988.0,170838987,1.0,0.8222352484323756,0.5899244920841832,135.6871416434554,0.0,0.060168851906826554,28.368407914312478,79.42663041618208,170.92,24.776,6.862640228302555,0.29582385726997035,0.32855368289915615,0.37151735018821236,0.4203797087413339,0.5368087446010021,0.6737520931446092,0.7498054297747203,0.8411569941668813,0.9359566389861058
2346,1,11110,single_city,Asia,11110,626363.1165,24363010.0,188568388,1.0,0.7583992700109362,0.5391247336530556,106.42658028905232,0.0,0.02570959485301693,26.711378483879653,88.41258585316335,121.92,23.506999999999998,7.976388828914381,0.5111762052390079,0.5598164184146376,0.6214168117978854,0.6919868686176298,0.7728085733248888,0.859489077909503,0.9032744311971304,0.9517627337508789,0.9948115195946642
2347,1,1822,single_city,Asia,1822,3361655.624,70093383.0,675096254,1.0,0.9451006924695684,0.2436317486426348,91.51956667729372,0.0,0.04795967151421411,27.70341795158659,85.33266327863706,1364.78,21.0655,7.7218653230717385,0.41540725748677304,0.4588289311132265,0.519367655574564,0.5897110715857444,0.6734287029633026,0.7634628649611619,0.82855873856167,0.9021435161718475,0.9721516366245299
2353,1,10832,single_city,Asia,10832,1713451.725,33064979.0,243818468,1.0,0.9757631250842399,0.33804861192509417,69.87580283514193,0.0,0.05182074136505576,23.368985299532355,85.32285340538792,653.08,23.9,7.1493668418988765,0.3559898223434529,0.3942819379985089,0.4426332767366947,0.4965103108034637,0.5533362655394398,0.6166186889155442,0.7032247926121471,0.8168908560322993,0.9349976904567215
2361,1,2155,single_city,Asia,2155,737628.9705,16273716.0,97025073,1.0,0.639665069173425,0.3399777968971774,91.37788593122232,0.0,0.04532640058976082,24.385313918795617,88.61228720734422,18.56,25.8285,7.370997350329861,0.2110066932469511,0.29525168068559143,0.4111030326447875,0.5428696801640142,0.6710540481350418,0.8030061480733718,0.8691925064932926,0.9374712573329902,0.9939687407596397
2362,1,5235,single_city,Asia,5235,577852.8632,7416124.0,47207722,1.0,0.5155349619046219,0.40315180042648424,69.24367583110059,0.0,0.07791844677893736,23.16501308662398,89.21042338840212,10.23,26.262999999999998,7.426857953260128,0.19637279527688586,0.25163872664480796,0.32983752698849156,0.4186932419145095,0.5432530524031152,0.6808010491733957,0.7711489182219715,0.8715825139924844,0.9645566875634766
2363,1,5906,single_city,Asia,5906,1075845.077,17570994.0,120857700,1.0,0.9181308280748387,0.6051938316044242,87.79163915652788,0.0,0.061228469886222714,22.837749959545373,89.54651658369231,5.31,26.265,7.455481233587692,0.39497668714701056,0.43904482580780574,0.4965052062507107,0.5596321414713362,0.6424303599443492,0.7353025104897309,0.8093980340554439,0.8936744272976247,0.9726061029899618
2364,1,11388,single_city,Asia,11388,168390.0088,7449589.0,63092810,1.0,0.5053885446888384,0.4336068656711657,86.44664515153288,0.0,0.022603932753874074,22.06662182930234,88.12149434707946,4.57,26.6475,7.403101614339701,0.19999344930304208,0.24234558443425536,0.2997143869279231,0.3671469660943711,0.5055666829404951,0.6624147989909241,0.7583752607023019,0.8690598904181157,0.9680964949878443
2367,1,11122,single_city,Asia,11122,1128952.723,28351091.0,226067133,1.0,0.9345310115094252,0.40966514152483785,69.95411698775504,0.0,0.0398204331184292,20.28839388277223,85.82906527698903,36.45,27.0165,7.345308673571626,0.18242409084010205,0.213793642015399,0.254956502379397,0.3004237120892455,0.4293496500716674,0.5849308585690759,0.6926196244088102,0.8335299336452343,0.9711592756694971
2368,1,11274,single_city,Asia,11274,164895.861,5208802.0,32977081,1.0,0.7146594472372171,0.6437873017952852,63.04973599426828,0.0,0.03165715667441381,20.292777475028625,86.64837168345055,3.66,26.926000000000002,7.432628767824125,0.05786551302967554,0.08651739881838473,0.1310906039430948,0.179664345083572,0.26354486117921166,0.36948227250719073,0.44412323601473047,0.5288563473904364,0.6730699304753761
2373,1,10160,single_city,Asia,10160,774202.3134,15674675.0,119940791,1.0,0.829760668467009,0.4879588472021945,54.24009503164347,0.0,0.049391921261525355,22.07845728367082,82.15177594379963,268.5,27.019,7.23276781765713,0.22278126978709287,0.2666281757038025,0.3250651767899494,0.38980865631982803,0.47998526285233983,0.5831378322038575,0.6950985586623009,0.8324582806342077,0.9637077004786383
2374,1,10074,single_city,Asia,10074,1439038.357,38844745.0,327858705,1.0,0.8702031662235231,0.4467910446049261,95.16596166325175,0.0,0.037045895319946114,21.2557388376819,81.63283968039657,284.45,26.81,7.16287955169149,0.21906703210434256,0.2564208620754236,0.3052509419227749,0.35902673579141786,0.5254583084533055,0.7181404588960488,0.7946689056653609,0.8831318882386794,0.9686947616723961
2375,1,9996,single_city,Asia,9996,1347058.056,34097210.0,290966426,1.0,0.9676023798811779,0.5840699327404094,115.12953626721107,0.0,0.039506401139565384,21.202589057199326,81.35923007765813,296.72,26.725,7.173839921943451,0.5974665962405722,0.6340495600666447,0.6781014927614312,0.7266746458141297,0.7899307890586943,0.8597885574802161,0.8993894808402212,0.9450107208185069,0.9865478436505509
2378,1,9814,single_city,Asia,9814,807530.6326,23524741.0,176729150,1.0,0.6335617496784441,0.49093746581318365,109.29838047351232,0.0,0.034326866025857626,17.989366046738375,79.57221381729399,273.0,27.045,6.907054533517373,0.14469026460270062,0.18336788490041186,0.240698973051393,0.30333498676988624,0.46672841159016376,0.6565229772349035,0.75931305683663,0.8753641538497703,0.9792342878503955
2380,1,10224,single_city,Asia,10224,1337385.367,24755206.0,244796693,1.0,0.888349680650679,0.6278952283699767,88.24735038297193,0.0,0.05402440872437095,16.515618779128555,80.64210642067833,22.65,28.6175,6.928332606120888,0.41965358720909046,0.4574158663838225,0.5046353886128033,0.5597430294056127,0.6414899556885125,0.7346317780591283,0.7971998294015409,0.8718865033884186,0.948163711503754
2381,1,10524,single_city,Asia,10524,581035.4495,12078868.0,100993568,1.0,0.6648714186939124,0.48883205181916567,71.21994237559905,0.0,0.04810346876048319,17.00936443586521,81.7915977855783,34.89,27.9225,7.074704281201259,0.29407184514310447,0.34174502113939814,0.40514069695935084,0.47644224607802654,0.6232198249041218,0.7840949168415451,0.841138258982547,0.9079670379707767,0.9716290466954354
2382,1,10176,single_city,Asia,10176,846757.6817,16748153.0,139556171,1.0,0.6799538764401175,0.6107682286885662,97.0714291405504,0.0,0.05055827240770967,16.30354248909836,80.43230882113359,32.47,28.584,6.866309652543914,0.377635432396635,0.4265675743468548,0.493410885367479,0.5702717786253804,0.6893503420944387,0.8199385329236006,0.8643949574618766,0.9141425923204786,0.964742082306031
2383,1,10178,single_city,Asia,10178,715396.9691,14063190.0,96761405,1.0,0.6968461267754499,0.6208283524453639,112.29209763652325,0.0,0.050870177328187986,14.442509500658682,79.98044669394663,18.89,28.779,6.6849810344657765,0.20099365791118515,0.23452111505284362,0.2829744176107981,0.33824175027145337,0.4782614755258231,0.6478063654121149,0.7453622542253927,0.8621945660977346,0.9689556921295951
2384,1,10046,single_city,Asia,10046,523201.9634,11218041.0,88336671,1.0,0.7245312737564388,0.5312293797273212,68.90799656848105,0.0,0.046639334211739825,13.62815717080259,79.43064458856466,146.77,27.337,6.805539812468384,0.10408207636253068,0.13312787856632008,0.17752627218959174,0.23182273981705007,0.4110544791198392,0.6200513975657603,0.7183543900401148,0.838437121062403,0.9583193714481878
2386,1,10292,single_city,Asia,10292,427538.5567,9140643.0,55102737,1.0,0.8524025965417107,0.5628402130343257,57.79632111951513,0.0,0.046773356830586206,11.755358431269295,79.76013529895168,5.31,28.41,6.986787322260272,0.16884392049880956,0.22461603631166865,0.3054023661136312,0.4039509036727504,0.5401660473995101,0.6947087858042372,0.7850825155298156,0.8860919302941818,0.978935945753488
2388,1,10362,single_city,Asia,10362,205332.5058,4174558.0,19830880,1.0,0.6291525937207635,0.35101012532470083,35.17266634699568,0.0,0.04918664581974906,10.78258937809291,79.83710840386564,2.98,28.182499999999997,7.124469003191297,0.0825946124116613,0.12990620803447933,0.20399309340054683,0.295646868482843,0.4277439671457433,0.5749181110910424,0.6936442133514494,0.8331262854654313,0.9616479157793472
2390,1,9880,single_city,Asia,9880,2079986.854,34862788.0,253999150,1.0,0.9762624650808066,0.2339099156828347,52.771961207603255,0.0,0.05966209168354522,9.923613319550608,78.11554756191019,138.85,29.116500000000002,6.861621807676977,0.47907281540420693,0.5228290978908514,0.5779392916022665,0.6408331714606417,0.675630503217356,0.7152788239425946,0.7838545500147607,0.8732535389883334,0.9647575231217882
2391,1,8934,single_city,Asia,8934,949218.9538,37857711.0,384772800,1.0,0.9841129707091418,0.29546574612996185,68.78179527949715,0.0,0.025073331924373346,12.89926328155776,74.84962995343301,25.22,26.8475,7.906898367766193,0.3404641131102723,0.41831557116593765,0.5210842515016294,0.6416320838837826,0.7342735539399093,0.8314084282591728,0.8843405772736762,0.9409056717665788,0.9900151649422227
2392,1,9510,single_city,Asia,9510,2312654.979,86213986.0,659027501,1.0,0.966437711735834,0.4914249254693704,210.54911389722085,0.0,0.026824591766352154,10.987991216228314,76.97937591853648,410.09,26.552,7.1182483493166595,0.2440803862148306,0.28561991090401506,0.34453540983478015,0.4136844339849917,0.5404594795095079,0.6796694216179727,0.7724091193278083,0.8765957300709887,0.9716666388676195
2393,1,9620,single_city,Asia,9620,1183774.208,42496794.0,317222175,1.0,0.8752054391996067,0.5230552150778647,120.76501087313308,0.0,0.027855612072760126,11.11154213089032,77.34306802240096,314.02,27.323999999999998,6.7100723379554825,0.22959376653212946,0.2689401699337602,0.3274455009476715,0.39568236606271995,0.5207852620600039,0.6618407261498361,0.7537603660172577,0.858923616685061,0.9594896499721838
2394,1,9840,single_city,Asia,9840,423430.5917,8846422.0,60405286,1.0,0.6182159779121456,0.5386301542198383,66.5820723524345,0.0,0.04786461596564125,10.364506587895624,77.97881842508696,273.46,24.7655,7.685015410984998,0.07869893613485769,0.12202933570204993,0.19131667017467627,0.27660832820319897,0.4383025137168451,0.6187818080575401,0.7148395136474385,0.8261913121485726,0.9387180489467946
2396,1,9800,single_city,Asia,9800,1299040.502,30582891.0,213333973,1.0,0.7620291493885804,0.4818792520007958,115.37900581273894,0.0,0.04247605309779249,11.660719428904905,78.14284440034245,288.7,28.595,6.7660569129482795,0.29898040051216873,0.34770692541787496,0.41947859016990907,0.5071575803608626,0.6416042224392717,0.7859103313679534,0.8451696734621982,0.9107257387798949,0.9727671592590772
2398,1,9664,single_city,Asia,9664,403717.7163,14858914.0,106577972,1.0,0.5247250699266739,0.4309092922279459,109.09959179948785,0.0,0.027170068842177833,12.743223786977385,77.81706528837991,870.22,24.744,6.826827721611215,0.060776985451292065,0.08267104850327554,0.11399473743505077,0.1493262562795639,0.28576354907229423,0.465636452300619,0.5846333722639487,0.7407023824217571,0.9073757341889185
2399,1,9390,single_city,Asia,9390,1287378.429,30523533.0,243399218,1.0,0.8387496508751058,0.6949154692597795,135.79024653100043,0.0,0.0421765864718216,12.315688606389985,76.63644549032743,755.2,23.3405,7.1116605557232075,0.2576912050122114,0.29805632264128795,0.35530732959385797,0.4224261981730621,0.5608196141645857,0.7226948138670579,0.798771557669946,0.8912107913589165,0.9776960288312627
2405,1,9330,single_city,Asia,9330,576888.8956,8717511.0,58571880,1.0,0.6015222044164432,0.5286886061024597,74.39621134429336,0.0,0.06617587240211112,15.142561309662776,76.92070320883161,455.06,26.335,6.446015013906626,0.3495377292899315,0.39528966467607557,0.455784799124429,0.526277626721664,0.6300772089648066,0.7463722156473332,0.7873256483415966,0.8315389564750765,0.8915609054006356
2411,1,8694,single_city,Asia,8694,746004.6451,13525658.0,95835806,1.0,0.51528649721075,0.479230110911167,150.71343868707567,0.0,0.055154776580924936,16.851688748223797,74.60594259597718,561.35,25.195,6.832980546131359,0.09838900259048396,0.14828927361611538,0.22464555883344087,0.31620029132778604,0.4584608009458763,0.620552730225768,0.7334361108346817,0.8581088624302049,0.9697342635751991
2416,1,9184,single_city,Asia,9184,734752.826,15093583.0,113887310,1.0,0.6284271346988264,0.5491790631017924,87.99969786761767,0.0,0.04867981485906958,17.334997360587675,76.83575318904026,463.33,27.769,6.760736771307359,0.22682672497312267,0.2700525779730366,0.3286929286439144,0.39798853592284883,0.5431269036649549,0.7112408630873134,0.7896088026282427,0.8829011640244732,0.9720748877188405
2420,1,9174,single_city,Asia,9174,749883.3489,13154029.0,100575648,1.0,0.7206290520662457,0.6088391427891334,81.83662446730598,0.0,0.057007883204453935,19.159567490541605,77.314224434846,365.79,27.2205,6.781035491752514,0.23258372016665008,0.2744570503835745,0.32776816897697275,0.3867265307078158,0.4831725701684252,0.5963185880158847,0.6963521974902138,0.8258399764817305,0.954380517178425
2422,1,9160,single_city,Asia,9160,752247.4701,15852559.0,126815463,1.0,0.6348867264798457,0.5595790902433564,97.47021878851356,0.0,0.04745274690982068,20.924792530689555,77.7567328019726,348.2,27.2455,6.933430335645518,0.38726290184442774,0.43050096832946655,0.48514665676374397,0.5453162483104462,0.6437443317511072,0.7494592513423227,0.8172220649044738,0.8983121904797831,0.9765693980385123
2430,1,8012,single_city,Asia,8012,1908203.767,42233069.0,376493855,1.0,0.733228710313085,0.5748818218461902,190.3494392334286,0.0,0.04518269242995341,19.985473116078122,73.78476616452608,597.86,24.4955,7.346623892539326,0.07591927548528382,0.11649096588268307,0.17666310255596154,0.24386463602727995,0.3812373663869893,0.536398100739494,0.6748720297831067,0.8343667612694687,0.9751834989780165
2436,2,7349;7429,multi_city_aggregate,Asia,7429,718786.92518,18138175.0,153307487,0.8590795931784758,0.5947566779247587,0.40815532012005545,121.68007050874348,0.011395842327979966,0.03962840391494734,20.40832879128776,72.9162700524353,22.716732484938536,26.7135,7.272268175758873,0.1410067440632809,0.18754615610445924,0.25324482755293737,0.328669670460231,0.503800961232318,0.696721472805285,0.7813582678521958,0.8755021935779096,0.964334339039071
2445,1,2967,single_city,Africa,2967,3827312.303,48575199.0,346677856,1.0,0.9960754496586932,0.3707261945980588,69.32802117275916,0.0,0.07879148993295941,2.057029709833418,45.334503730230644,65.37,26.314,6.254659235908492,0.3616598667974577,0.38997631280934125,0.4305981741834964,0.4759375458245678,0.5447598269232,0.633930969587999,0.7247451317698153,0.8365349774480595,0.9474636223312229
2448,1,325,single_city,Asia,325,523212.1244,16663019.0,250567694,1.0,0.8453279285611609,0.4607978209225081,63.697467165474116,0.0,0.03139959958036416,24.46874071516352,54.37844273508461,3.92,28.008499999999998,3.4033450737196143,0.5518852856136094,0.5977922128036942,0.652214703710054,0.7144124963189443,0.7586964883134323,0.8104627978879457,0.8285365935188576,0.8494318466539587,0.8900788626598818
2489,1,2590,single_city,Asia,2590,263852.9864,20819745.0,142498743,1.0,0.6091274307433258,0.4007339057859981,77.04862249926973,0.0,0.012673209321247691,39.07881604070329,66.84769511543858,634.63,12.527999999999999,6.4625878617719765,0.375252194491335,0.4179086247213883,0.4700925971955949,0.5298051441071925,0.6109788568495915,0.7111959344362767,0.7897788853802004,0.8807373961592709,0.9685623911339932
2493,1,2304,single_city,Asia,2304,479750.8454,37196322.0,259391926,1.0,0.8178641748860901,0.44967280950408656,91.03892557172861,0.0,0.012897803320446575,38.83606201887984,65.77237020517833,375.79,17.088,5.437674879326483,0.4567880931883534,0.5005040283283922,0.5562658856432096,0.6178822734140219,0.6929647775390265,0.771986246382102,0.8383167292723189,0.9113576336929227,0.9781946720431122
2510,1,6630,single_city,Asia,6630,234470.6137,7607229.0,59324153,1.0,0.6538000495292982,0.6024142502564974,41.94291355789371,0.0,0.030822079064531906,37.4739844019067,57.32791114350634,1076.49,12.097999999999999,5.916753123683392,0.33217772200626533,0.3443195939020634,0.3565638683941288,0.3689811362323916,0.48114694588528883,0.6101427996974983,0.7252768386491323,0.8459391718061859,0.9520364116815729
2546,2,5903;5922,multi_city_aggregate,Asia,5903,177230.35439,10171975.0,81636645,0.5099083511314174,0.5182040306067076,0.41910674502921247,87.457434208551,0.23133166346644568,0.01742339657637774,28.938967612149433,50.842501732126934,11.171481251182785,25.613500000000002,5.362458152349395,0.2693313737007808,0.2849195952605074,0.3007821981473608,0.3169052224371373,0.5091781094625183,0.7216627056200984,0.7944681342610457,0.8723564499519513,0.945325563619651
2605,1,3905,single_city,Asia,3905,824917.9701,26008177.0,250960281,1.0,0.9571191972765457,0.3877926317220635,46.18098985269047,0.0,0.03171763903713821,35.56514335508942,45.4164831021891,837.9,20.125,6.340386640214777,0.32728033956397634,0.35605901943838664,0.3857609089633618,0.41579657813002424,0.436339117501392,0.4578748829646922,0.6048302039777721,0.7772096060404388,0.942653573912543
2614,1,2448,single_city,Asia,2448,1410608.115,46818306.0,336519829,1.0,0.9766846856919198,0.2642442393112324,61.53295908029428,0.0,0.03012941380237038,36.18489479531516,44.03695178361496,460.06,22.3955,5.794897503470635,0.3298561250806469,0.3468765614885767,0.36414741276627993,0.3817547990736786,0.42489407882463753,0.4713524449175927,0.6078039859024373,0.7671940330348561,0.9220548902388737
2615,1,611,single_city,Asia,611,737053.2296,8652221.0,58909920,1.0,0.5952866845881865,0.4292527963794921,66.18577526234192,0.0,0.08518659308401853,37.149494092405206,42.6799717552508,461.86,19.7935,6.102019299331863,0.27645768641369656,0.29411477122463703,0.3122649086286631,0.3305210303805231,0.39767835333840873,0.4729701194641237,0.6081654641045345,0.7624293230605182,0.9101141776198274
2616,1,6597,single_city,Asia,6597,442855.0054,8460628.0,79630710,1.0,0.7273064520162181,0.6738428630060231,50.82763618822327,0.0,0.052343041840392936,37.889601705547925,41.1305544087104,589.85,16.586,6.390578697175056,0.45483644949287455,0.4876991400638345,0.5212037451593428,0.5555755435648512,0.6550509016588367,0.7714276056103637,0.8315253903138159,0.8975678873955929,0.9600270807320685
2620,1,6792,single_city,Asia,6792,574841.8145,11949282.0,96419961,1.0,0.7615742744302516,0.5605988187695554,57.13899698267541,0.0,0.04810680796553299,38.50718277485257,43.38066034120899,1715.86,7.829,6.336769092374355,0.22572059141294012,0.23247103884568127,0.2392937918780392,0.24614767648800992,0.36379432672189005,0.4945410109159697,0.6590976763290045,0.8300098700490959,0.9764506352766635
2639,1,469,single_city,Asia,469,386055.4886,19020108.0,160610761,1.0,0.5091969293110304,0.4624202133604244,108.13410541579948,0.0,0.020297229048331377,40.686612456538434,46.345629912362604,428.04,4.065,7.090344300004346,0.5088204546472607,0.5466102505832249,0.5848643971948003,0.6234755869945638,0.6784586606974051,0.7354991885429883,0.7959065216664385,0.8634597132676639,0.9314183179191201
2662,1,6048,single_city,Asia,6048,168109.19,4470384.0,47422093,1.0,0.6225140557394645,0.5011020192061157,27.751949442672394,0.0,0.037605089406189715,40.97528640728878,37.903768680238194,17.91,10.1375,7.247660900500384,0.4943094373995612,0.4977328569536756,0.5011951993385803,0.5046528441404586,0.6373087860013815,0.7781329299675375,0.81763714258104,0.85975925110684,0.9121983704308175
2708,1,2433,single_city,Europe,2433,130386.5174,6284150.0,46533870,1.0,0.53200444285249,0.5051436455378943,51.26636332107264,0.0,0.020748473126834973,46.56188569469725,26.91316148599437,166.61,9.305,6.60843507881572,0.5869174033083233,0.6400844983012818,0.693879999681739,0.7480954464804309,0.8050839015618659,0.8634166911992871,0.8990891369556742,0.9358875902071083,0.972455463348265
2712,1,2827,single_city,Europe,2827,271507.6068,14701344.0,127679538,1.0,0.5426338692589581,0.4050901260308256,86.15095204447414,0.0,0.018468216701819917,44.18190120847345,28.62688425716435,20.62,12.5355,6.43578491698482,0.6418168298082134,0.6919329960580475,0.7427652873097861,0.7943844453949245,0.8424365826689043,0.891526176110157,0.9185839743631603,0.9476663494167608,0.976512351523779
2723,1,2953,single_city,Europe,2953,228617.7005,11262037.0,94432362,1.0,0.5137363830508233,0.5041356285768791,91.97035470563866,0.0,0.020299853436816093,48.50770449818123,32.265525315356925,142.39,9.478,6.370829489988172,0.7170599776932006,0.7737595783071926,0.832207530484938,0.8914787795493835,0.922831633389235,0.9550244773658619,0.9672596529384515,0.979634501289598,0.9915101504283816
2724,1,2766,single_city,Europe,2766,269471.6966,11976811.0,122031189,1.0,0.5421345284704293,0.4776373987019296,91.55775529969465,0.0,0.02249945303470181,49.42600949908526,32.059842767796674,98.9,9.493500000000001,6.388210923966069,0.5584533311914165,0.6100158047079477,0.6628856379214801,0.7171605196074314,0.8080474844263635,0.9008482308020056,0.9234839724864992,0.946528003155431,0.9710129015144349
2765,1,5412,single_city,Europe,5412,188342.1639,8547711.0,107330181,1.0,0.5907316556304952,0.5469380481846521,81.99138728155364,0.0,0.022034222249675967,43.60119807311192,39.73278925565233,62.29,15.7525,6.927377497848832,0.5614980431603268,0.5929461115379311,0.6245814815217782,0.6564599575254708,0.7159556517528494,0.7781855282659884,0.8346330380145047,0.8932303630761499,0.9508724616449948
2817,1,4152,single_city,Europe,4152,452189.6458,20095959.0,232276281,1.0,0.5429800201213414,0.5206803909106142,172.41147252836382,0.0,0.02250152111675785,54.62413858533011,39.72009858618179,134.59,6.22,6.500440210752462,0.5757529660565092,0.6238212866576808,0.6723829900329713,0.7211778746164839,0.7808985378602733,0.842100444173876,0.8806193324737576,0.9212181414183817,0.9629332942010879
2821,1,2956,single_city,Europe,2956,394942.2975,15890849.0,160493404,1.0,0.7884179842992969,0.5500371558965731,77.7535990571916,0.0,0.02485344222325692,55.436152520746624,37.5499123981218,168.44,5.9085,6.572199322448082,0.6111920766473836,0.6288947179600033,0.6467131491841626,0.6646401334503902,0.72536911023445,0.7901981196851093,0.8424267954468638,0.8996383390214079,0.9571775554597491
2836,1,5512,single_city,Europe,5512,454899.1236,15349244.0,157573882,1.0,0.6900336431776393,0.6565270363511759,133.59065775779828,0.0,0.029636581684413903,56.118421567200706,47.254573232910325,139.69,5.067,6.507311293910698,0.5538943807265035,0.5909548379060232,0.6288722754032707,0.6673608810961634,0.7523184855228049,0.8421106603035302,0.8828448489059135,0.9257452028256246,0.9674642607805309
2839,1,6031,single_city,Europe,6031,392186.4038,17265366.0,172846432,1.0,0.5787348726161602,0.5352495383645755,153.03540948526282,0.0,0.022715209385077616,54.30046464248295,48.337433101311646,120.51,5.486000000000001,6.366627651869065,0.6528231721238924,0.6744053384098547,0.6961453351177148,0.7180213845452219,0.7710769062179162,0.8267634175840813,0.8675659699307852,0.9114115507310995,0.9563238335057594
2854,1,755,single_city,Asia,755,397036.3559,23951832.0,214256075,1.0,0.6682607064125496,0.4589501590657911,81.82691080911768,0.0,0.01657645043185006,50.29410541317771,57.187966125287915,216.4,5.977,5.967571364887984,0.5012495077620784,0.5483439012097279,0.5965520299240575,0.6456693166518536,0.6926326554060667,0.7420568497641433,0.8027784263015872,0.8688770445617688,0.9369491235576468
2855,1,315,single_city,Asia,315,203349.3471,26950526.0,209405610,1.0,0.7290927088147148,0.6041112343881917,99.36135444525125,0.0,0.007545283053102563,47.107427004528105,51.91803501863246,-23.22,11.229,5.39473602267451,0.5184402337824501,0.5362565465327096,0.554306287009018,0.5725225548473525,0.6271624531558307,0.6828801040840539,0.7650134546539091,0.8496278699718143,0.9318909397167239
2862,1,1006,single_city,Asia,1006,246404.1542,19623793.0,145814283,1.0,0.5587727953052134,0.511701747392567,101.419563210839,0.0,0.01255639795018221,41.55346589177346,60.617566015815996,98.78,14.637,4.645246302410425,0.6291277634247365,0.6653065490448253,0.7092783235126868,0.7580154866085267,0.8266980802335206,0.9003890838025045,0.9196025457463805,0.9397554794835025,0.9635638227533281
2874,1,7445,single_city,Europe,7445,172015.9702,11148043.0,107865807,1.0,0.641737350610791,0.6034805991908462,75.1633536513461,0.0,0.015430149506958308,52.52578282504944,85.18891430289483,179.82,3.399,6.449401921010371,0.7511615267361276,0.7691848694878554,0.7872919937606986,0.8054759925127666,0.8613764765708205,0.9180865197595668,0.9378939424614706,0.9580097600987008,0.9784898569192817
2879,1,2784,single_city,Asia,2784,236543.4512,14541321.0,146242599,1.0,0.6517032831193139,0.5566616084674166,81.46506958197615,0.0,0.01626698504214301,49.96994107296122,82.59737169793769,293.07,3.806,6.292650961585205,0.5802367611580819,0.600654300940059,0.6211196355544314,0.6418092276485747,0.7296603245331013,0.8198966242475495,0.8740668746670265,0.9297647717150319,0.9793029120256681
2880,1,7408,single_city,Europe,7408,127972.3043,8804912.0,79743958,1.0,0.5275622739058592,0.5015666310326394,56.956339564619725,0.0,0.014534194583659666,51.51673959000523,81.20599236360879,218.07,3.9915000000000003,6.099703291688111,0.6002036136193071,0.6376206826371462,0.675538381303527,0.7144222452194866,0.8176529191887437,0.923890437519421,0.9473636988081199,0.9714064149647379,0.9920036679526155
2881,1,2720,single_city,Asia,2720,286853.6485,23804140.0,216614534,1.0,0.5133145825203235,0.45739978657662295,143.18093114564235,0.0,0.012050578113723075,50.41044339918154,80.24413284725037,201.01,4.468,5.849020699136843,0.6431722801159798,0.6853092781339717,0.7283227203335219,0.772439836095738,0.8347769757697611,0.8979863586754236,0.9215658704746317,0.9457108301329097,0.9711028837840813
2903,1,7281,single_city,Europe,7281,165655.5872,14711520.0,152277656,1.0,0.552006830807965,0.5475126088656148,92.82146190250508,0.0,0.011260263195101526,55.45273594625351,65.33485945580125,76.25,3.0330000000000004,6.196623337804694,0.7785409665350691,0.7906255777785028,0.8027947486051747,0.8150393705069224,0.8500791216679174,0.8862299069028897,0.9206907919779873,0.9563255870229589,0.9875132549185944
2939,1,278,single_city,Europe,278,283014.6714,6326955.0,40378340,1.0,0.6432242572434131,0.3831958285215316,46.905638779319844,0.0,0.044731576469249426,68.96245248281659,33.0897574834783,62.27,0.7969999999999999,6.424985710776302,0.7448099441200388,0.7817680068848285,0.8203608212797467,0.8606478155763713,0.8977481268635544,0.9360787298155274,0.9535776688786312,0.9714854934166594,0.9881500658689686
2963,1,831,single_city,Europe,831,64912.92813,4597111.0,34690987,1.0,0.519804130393508,0.49052381653716054,51.76911802132088,0.0,0.01412037432422232,57.77931615375907,14.20316646532762,117.98,6.5645,6.732268511709442,0.6784769826092952,0.721508791064649,0.7649186630472921,0.808715299674078,0.8428110611207779,0.8777462628159294,0.9056226834635926,0.934666141409246,0.9655938262095477
2990,1,2364,single_city,Europe,2364,103903.5154,3732519.0,36599023,1.0,0.5023797882100585,0.47589412161626177,43.00810712250948,0.0,0.027837370794361663,55.11069566109807,36.60789006304481,181.1,5.9405,6.591457659283912,0.46225216803986796,0.5107280096899708,0.5614189773715821,0.6126522061910469,0.677931981056225,0.7451825429421792,0.8034289979501779,0.8668931089165253,0.9343941718715967
2991,1,1513,single_city,Europe,1513,400284.54,15666678.0,150209786,1.0,0.6954180904534184,0.6782836159219839,105.45601539238092,0.0,0.025550058538255524,53.89722993498467,30.342108350261796,170.89,7.0595,6.5868665857480515,0.6375128154162611,0.6683891760588939,0.6994924514309926,0.7309060031743807,0.7954918713463058,0.8638011198034452,0.8977782654369995,0.9333895162714138,0.9680446614145003
2992,2,1609;1701,multi_city_aggregate,Europe,1609,648898.29795,22331964.0,235221455,0.8367746338835222,0.5812670402913281,0.5636576551576075,146.93678013544204,0.0092354275475778,0.02905692924948294,52.4285786991404,30.985939955156127,132.61650747063715,8.0235,6.53474840646993,0.6838993650536066,0.7165564121453895,0.7494484587204242,0.782783189154344,0.8452068076054574,0.9103766242861577,0.9335011913864808,0.957276887962026,0.9805004163538863
2993,1,2360,single_city,Europe,2360,263545.3565,12288926.0,120367758,1.0,0.6069193280092164,0.5875810542836585,82.83437371636373,0.0,0.021445759906113845,51.50421742600263,31.2835046324351,134.48,8.463000000000001,6.500672362928128,0.6156394789910852,0.6607795506295668,0.7062401547539631,0.7519921594450157,0.8297073316252372,0.9101801898717593,0.9351058831341323,0.9601677965999632,0.9834804115510175
2996,1,1205,single_city,Europe,1205,189923.8018,12651715.0,116788364,1.0,0.5919896152202705,0.5755108855891853,87.00936697936979,0.0,0.015011704089129418,53.151891404426436,29.210634580312256,157.6,7.6315,6.562876203710569,0.6969997348185601,0.7304468998866952,0.7641893608890178,0.798571260892298,0.8565170018452044,0.9171337640786249,0.9389129457943054,0.9615481379401923,0.9832633757557769
2999,1,105,single_city,Europe,105,393349.1469,12356835.0,128896945,1.0,0.5403387961208997,0.5111038186102127,92.04428120130555,0.0,0.031832515923373585,53.67975774939924,23.82877695532837,138.95,7.8469999999999995,6.593145214005556,0.5938402511646388,0.6356815479044593,0.6781907341159771,0.7213945156668354,0.7780066659464175,0.837095987767094,0.8785505349873167,0.921613827488997,0.9634839341951236
3000,1,94,single_city,Europe,94,437230.827,20712049.0,152573263,1.0,0.8212107154606664,0.7263528527284491,107.1647565155787,0.0,0.021109974537043632,54.71488552192476,20.507417904980834,16.64,8.078,6.655614080449448,0.49639448998986047,0.5349609785106244,0.5742496070765379,0.6141233539955414,0.6753634563147277,0.7410127795661356,0.8014518022818505,0.86628565816931,0.9333752059006812
3003,1,102,single_city,Europe,102,546108.0981,27096902.0,234135574,1.0,0.5145363775987821,0.49615986443651294,266.5100907945598,0.0,0.020153894275441522,56.95526274123164,24.120114041133913,9.42,7.468500000000001,6.559620903199572,0.7931934432947353,0.8085966801666109,0.8242110481855084,0.8401091386757055,0.8754306673139239,0.911417069006634,0.9343384716083042,0.9582882943592592,0.9812002862910306
3010,1,562,single_city,Europe,562,142303.7045,5640855.0,35378358,1.0,0.56105917748034,0.46118314315574355,39.86502598947193,0.0,0.025227328924427236,51.93910397213928,15.504019492111151,134.58,9.8895,6.59471026932263,0.6223467896267498,0.6569599821303685,0.6918947570891292,0.7272936460873396,0.7792678592163776,0.8333218988965325,0.8763160903799158,0.9215645500549119,0.9658615582212271
3029,1,1599,single_city,Europe,1599,513976.2656,23700252.0,250600847,1.0,0.6725147323190446,0.6376876949392983,162.2820041779061,0.0,0.021686531670633714,51.10561207714152,17.02162036571165,121.36,9.002500000000001,6.6125012783671515,0.6602921352903758,0.6872233679203074,0.7146509665804397,0.7423960302194255,0.7983400345279029,0.8561997146697006,0.8880030473937577,0.9213142965737242,0.9574737433171596
3038,1,3895,single_city,Europe,3895,174818.0413,9707120.0,85929738,1.0,0.589486409012981,0.5463036504328045,70.30331763289126,0.0,0.018009259316872566,51.39678494295637,21.152812928698143,169.32,8.9455,6.60876821186769,0.6022624630168372,0.6516529104409959,0.7018239189378518,0.7522956345445405,0.8043559778801539,0.8598202144405344,0.8925316674770684,0.9263948524382103,0.9614702404008604
3040,1,2567,single_city,Europe,2567,172425.4195,9829934.0,96930684,1.0,0.5211056917350917,0.5048277787487349,86.74434707684807,0.0,0.01754085220714605,53.02421075824367,18.622659818797242,60.19,9.101500000000001,6.48624615115429,0.7225463568727928,0.7467870079290461,0.7713554333121667,0.7961590586467824,0.8292158421409543,0.8628849390036596,0.8943984771413521,0.9274526156533706,0.9613464342690399
3043,1,4339,single_city,Europe,4339,300886.5364,15784214.0,135127758,1.0,0.5585471045313158,0.514421100448487,111.74483419036075,0.0,0.019062497277343046,51.24111325065534,22.55226103568704,197.5,8.9815,6.646835870207762,0.6002366034824413,0.6355595533613521,0.6713538602555693,0.7074392807902883,0.761250069214723,0.8173603069497157,0.8627270258753461,0.9112618468046619,0.9594219895903591
3044,1,1879,single_city,Europe,1879,242070.6288,12159173.0,90668875,1.0,0.5291327651322126,0.5180857120688304,101.733910225453,0.0,0.019908478051920142,50.26706033185806,28.667727567663217,217.76,8.511,6.519354493610461,0.61415130782332,0.6532484569468664,0.692763315399822,0.732606403412469,0.7997554603425743,0.8693527100897405,0.9052812226621004,0.9421547008172348,0.9769613443282696
3045,1,2044,single_city,Europe,2044,394251.3866,16180767.0,162733367,1.0,0.620973311727063,0.5857416415295329,101.30341755645033,0.0,0.024365432528631062,49.23248408579408,28.478908285404035,267.09,9.015,6.484623785188017,0.5925566445645005,0.6362337459033925,0.6805965996543921,0.7260058809325911,0.781679508764943,0.839844551250259,0.8817830452660248,0.926082490403576,0.9685005043333236
3046,1,1308,single_city,Europe,1308,251489.4787,8769190.0,91611289,1.0,0.616574702579084,0.5582428631704238,52.69971118581471,0.0,0.028678758095103424,48.92224691677757,24.713618971984,255.68,7.193,7.023869812351302,0.6330986100198536,0.6682983262992364,0.7037677368149168,0.7394067182943921,0.7955619618231559,0.8549765713823055,0.8935462682414226,0.933850104741715,0.9717183685152221
3047,1,1792,single_city,Europe,1792,257445.2459,11626983.0,99252419,1.0,0.6924274200239608,0.6244021348338371,71.12800736887448,0.0,0.0221420505990247,49.42053821170107,26.990618206733153,301.81,8.6905,6.561380675357472,0.5047897636041955,0.5355764259739607,0.5666087238624156,0.597920113928093,0.6697299720830416,0.7471137611536888,0.8137399874068794,0.8841005443974589,0.9526572800527876
3049,1,1607,single_city,Europe,1607,253008.4831,11995026.0,92792146,1.0,0.5466810424369141,0.4964148995531077,98.77467381686411,0.0,0.02109278321697677,48.28391775470128,25.940984751805882,215.91,9.176,6.601221287168139,0.5071747239230661,0.5584197983397452,0.6103273973728778,0.6627751369609369,0.7304967909198363,0.8019737514533107,0.8443032970499605,0.8885454687634691,0.9374068051207225
3053,1,720,single_city,Europe,720,674866.3567,20865279.0,198798102,1.0,0.662307421886922,0.6102784620249389,131.09282664199264,0.0,0.03234398910745454,49.83269918948953,24.02413204330168,315.28,8.896,6.73626742512955,0.6587834746901778,0.6917823624596633,0.7252266792119099,0.7590066732393083,0.815960812218231,0.8751796225681909,0.9089689143385047,0.943859509379194,0.9770774692253097
3071,1,276,single_city,Europe,276,326908.052,15109184.0,106461622,1.0,0.5483084345214331,0.4864972413699868,94.7639978394419,0.0,0.02163638036309572,45.74997701521569,21.226815769557437,91.17,12.631,6.531076587523909,0.6105386631071539,0.6510368131065185,0.6917784573938606,0.7328487097648688,0.7911987172834748,0.8514690799979668,0.8882924451777144,0.928184870870591,0.9681320976698675
3075,1,972,single_city,Europe,972,314396.875,12348703.0,124713487,1.0,0.658404098081166,0.6008007695844707,62.31093884930395,0.0,0.02545991064810612,46.771158032507486,23.592205630263244,370.25,8.642,6.7792694219225735,0.7258710489676528,0.7468783563747545,0.7681956558514688,0.7895945833339745,0.8166736215131257,0.8445060991425577,0.8826925386415075,0.9245604173976814,0.9665453934716869
3096,1,426,single_city,Europe,426,252370.591,13233257.0,118449568,1.0,0.6250016126623428,0.47286118540294797,64.4312209394359,0.0,0.019070935522524802,43.85554565594683,18.373994269730442,566.21,8.9115,7.233447837365264,0.6124313160395812,0.6379980378224348,0.6638785901309103,0.6898733244582191,0.7411622097266002,0.7946628709772658,0.8481206856331741,0.9047746144429901,0.9583326311882252
3171,1,4488,single_city,Europe,4488,120859.2947,7652897.0,85157096,1.0,0.565980923786522,0.5376366334177666,54.953839237387676,0.0,0.01579262006270305,45.90804268334675,6.11721970978827,476.97,10.838000000000001,7.270638163720273,0.7107637800430346,0.7312855510795454,0.7521385692241774,0.7735980243821392,0.8177805084793379,0.8629955427336864,0.8957055086459416,0.9297351055423848,0.9638210209806822
3172,1,247,single_city,Europe,247,282207.563,12668938.0,132980191,1.0,0.5552040953081592,0.39610926120931467,78.38236289852759,0.0,0.022275550089518162,46.52620346842416,6.611943829847743,470.79,9.4765,7.282328439939178,0.7241991396595358,0.7499732021736945,0.7761413782275989,0.8025590621723778,0.8363682891178408,0.8709033069701659,0.9012397092794991,0.9323184784707289,0.9644763436366963
3174,1,953,single_city,Europe,953,195394.7632,9046228.0,96523925,1.0,0.6466833746906745,0.5413078750372051,64.18243375021328,0.0,0.021599584180279338,46.94901642799302,7.448718431410216,564.24,8.028500000000001,7.331864173254751,0.7765271890118179,0.7943220091291089,0.8122554505590618,0.8302025993596447,0.8666422071166016,0.904099144969594,0.9306491059035876,0.9578360173986329,0.9837588661263015
3176,1,1294,single_city,Europe,1294,68515.65286,5590331.0,44265741,1.0,0.5777945543511903,0.43037567248590464,34.77014038965449,0.0,0.012256099479619365,47.32260575109435,7.918873100433366,430.69,7.569,7.378666308915319,0.6715146205117372,0.6922949642874456,0.7131565197123391,0.7342050050345856,0.7838272903697473,0.8351507272109648,0.8781555152995413,0.9222457489547577,0.9650639649065502
3227,1,5433,single_city,Europe,5433,165808.9293,8244226.0,67094121,1.0,0.7275451445573636,0.6526457775309376,58.17350806427579,0.0,0.020112128088191662,52.38937539330916,13.083305033087466,41.09,10.0105,6.553343486468916,0.6037505522046581,0.6526535056171434,0.7027187270217968,0.7536748749973617,0.8119781044333331,0.872345202569653,0.9017101180874955,0.9313728177757379,0.9626288750453954
3229,1,80,single_city,Europe,80,304627.9392,13739057.0,115613770,1.0,0.503096749929239,0.49142104883892573,148.04809752435824,0.0,0.022172405224026658,53.434621228284335,14.534901569036414,27.63,9.411,6.516789791464024,0.7061582174089531,0.7234735979332497,0.7409900111776231,0.7587063653640858,0.8015513000637525,0.8473695829342581,0.8817582604104488,0.9191144632415457,0.959334399733548
3230,1,5105,single_city,Europe,5105,168189.9845,10602923.0,92704302,1.0,0.553604764770872,0.523612912966545,114.58814545339101,0.0,0.01586260548152618,54.1135036167455,12.103594367626277,9.2,9.2945,6.629572610648836,0.6387037800802665,0.6863330989011238,0.7347371097573754,0.7837761341848847,0.8332838972800236,0.8853193595765998,0.9165530109008619,0.9493678299842412,0.9799064842779674
3235,1,4674,single_city,Europe,4674,176649.2677,12219039.0,102948492,1.0,0.6536916089476804,0.6280936127835067,83.51973183263283,0.0,0.01445688713326801,53.871610075638515,10.679923333726888,13.98,9.4025,6.686314651869093,0.7061947342994813,0.7377221727502465,0.7696508702525624,0.8017145210846778,0.850520896119572,0.9009447469641434,0.9286491351733962,0.9571963065180494,0.983714349385414
3236,1,4337,single_city,Europe,4337,229987.838,11393250.0,106451064,1.0,0.6857869732196963,0.6158519022202413,91.32474540704284,0.0,0.020186324183178634,54.32321011109154,10.137015966077216,26.14,9.413,6.708842038291259,0.6753970991595901,0.7148944331073224,0.7549025080639853,0.7952370043666206,0.8360377416452724,0.8788363285278564,0.9092422267570711,0.9407211287385074,0.9718464880521361
3239,1,2819,single_city,Europe,2819,136006.6021,12870407.0,110272666,1.0,0.557550614663031,0.450781732401613,75.52838326599769,0.0,0.010567389368494717,53.557621577762404,8.583663152532976,4.62,9.8565,6.784065583304676,0.5860196961914258,0.6346442657174711,0.6837648568534002,0.7339106680930914,0.7961918376007845,0.8610302688951483,0.9008155686141083,0.9433615424904589,0.9812905683557638
3241,1,2628,single_city,Europe,2628,149572.6604,13462554.0,86730913,1.0,0.570366221542241,0.5075146894776775,84.98893454233043,0.0,0.01111027375637639,53.146179200382015,8.20789304587179,9.67,10.017,6.751440008117132,0.5872650167271382,0.6369191165361342,0.6871256375276192,0.7376219995106427,0.8009732031529827,0.8669525856683657,0.9003570199235599,0.935146629681114,0.9702901841656494
3257,1,4105,single_city,Europe,4105,238678.7365,18447885.0,161623527,1.0,0.6400217463444454,0.6146553307069679,126.23092035679714,0.0,0.0129380000200565,51.31483042613879,9.48793757967505,178.31,9.029,6.654030734417118,0.64479402381357,0.6749664256905331,0.7054804927502529,0.7363988880026084,0.7820539861344539,0.8293014619291046,0.8803895405896123,0.9329981187545348,0.9806597341646481
3275,1,2494,single_city,Europe,2494,180054.3412,11341502.0,93671856,1.0,0.6387136263451769,0.5298027316434417,62.775204564044344,0.0,0.015875705105020482,52.16921770191134,5.397144119564911,5.52,10.77,6.730066573938573,0.4786563543347257,0.5034625925208143,0.5285435738582068,0.5538858962419616,0.6593943200821196,0.7789193177411599,0.8350312859795819,0.8984432573392837,0.9609418576128629
3290,1,3399,single_city,Europe,3399,81794.64205,5773333.0,49903642,1.0,0.6223059214080954,0.6056485703052268,38.472828809594255,0.0,0.01416766399062725,52.25897346488357,6.179787928012711,8.66,10.712,6.762154775331321,0.5320675249461619,0.5744886012984181,0.6180544236751977,0.6633533870296413,0.753943346070632,0.8502757419327795,0.8919771300217743,0.9374420287206714,0.9790599295069243
3294,1,3452,single_city,Europe,3452,166617.2538,9472768.0,97094894,1.0,0.6488668080503619,0.6219043267726359,60.674219089436384,0.0,0.01758907784926222,53.21935531539533,6.570311186587017,3.47,10.072500000000002,6.742112062212995,0.625190546205713,0.668498056745399,0.7121844428154473,0.7560974785828176,0.8130449304786098,0.8738900815474421,0.9088020523673757,0.9467314094465313,0.9813625753317299
3300,2,6367;6383,multi_city_aggregate,Europe,6383,133926.16474,10044478.0,77169894,0.5193629773493456,0.5053944576995826,0.4591089598311527,89.07798493723716,0.07375689183902014,0.013333312566367312,52.529092897441714,1.7239145785337817,7.519912963122623,10.689,6.537638250822986,0.6965506818771469,0.7443371372808024,0.7923415233723445,0.8407099901060066,0.878502496595642,0.9178175311847963,0.9427613859077595,0.9687779693479343,0.9915214110678524
3307,1,3342,single_city,Europe,3342,61747.59715,5384141.0,48127069,1.0,0.5344825335438264,0.530984543336444,48.0529075094071,0.0,0.011468421267199354,50.28892342751866,2.7729199728207328,75.48,11.052,6.6236062911632825,0.616435936577441,0.6666396738124057,0.7173448837985483,0.7684484860259045,0.8323320284517066,0.900014691294303,0.926041870003033,0.9528316587548505,0.9787858453186868
3308,1,6351,single_city,Europe,6351,124926.5295,6347376.0,45552922,1.0,0.5669380356314406,0.46152810947260714,64.12421838061411,0.0,0.01968160220853468,51.36385522877998,1.401902244116717,23.64,11.3315,6.601440694382354,0.8054159703159227,0.8286788115277872,0.8521951433159151,0.8758367237107113,0.9001820594841081,0.9250343764100315,0.9457482903171326,0.9672453624930996,0.9872449654786482
3313,1,1861,single_city,Europe,1861,141385.7768,13030157.0,113096362,1.0,0.5255812480999665,0.5178964723423288,86.96944436051592,0.0,0.010850657962141208,47.993757614253944,0.1992430338912563,62.36,12.1695,6.589081211091239,0.8240631329307851,0.8409668433005066,0.8580821397623989,0.8753519240021437,0.9129394219885455,0.952094898012357,0.9661123806873547,0.9806854207512619,0.9939904791630676
3326,1,3756,single_city,Europe,3756,189727.0979,13568773.0,123143691,1.0,0.613264025715578,0.5877800122219062,76.14749644418875,0.0,0.013982627456439871,49.25333438043566,4.030124160993921,91.9,11.145,6.690181189382796,0.699256815631008,0.7417046478705186,0.7844084354569127,0.8274145348293468,0.8688016963656183,0.9123073250617428,0.9352621640880867,0.9598402154712147,0.9836560756083104
3354,1,944,single_city,Europe,944,59199.0785,5436462.0,49122043,1.0,0.7306446328368947,0.5658174990709989,30.334088514324897,0.0,0.010889265573823564,49.64386696067354,-1.6332050332219121,18.46,11.982,6.859940663810007,0.7609327536916473,0.7968491272448883,0.833032770209743,0.8695865068127028,0.9014095932244169,0.9340690691850693,0.9530972533239449,0.9727201256993979,0.9904237351424511
3357,1,685,single_city,Europe,685,246904.6344,14981501.0,142096339,1.0,0.5722972005682282,0.5587059641816954,95.5376415526517,0.0,0.016480633976528786,48.10833120908508,-1.6689298717144396,40.65,11.8255,6.624955933261619,0.7616578605841965,0.7873553524443245,0.8134656200336668,0.8397669899698301,0.8788316337595279,0.9196539118476846,0.9414465880287963,0.9645307903393658,0.985948537466306
3360,1,56,single_city,Europe,56,129228.7944,9565171.0,111971906,1.0,0.6479205051357116,0.4361230624347526,37.05149876377496,0.0,0.013510348576099685,48.39719803904713,-4.490039993300607,50.67,12.571,6.902531156988142,0.8223408656259256,0.8399288418367011,0.857604636655215,0.8752810587494986,0.9000930563604143,0.9257632717700499,0.9432599793563544,0.9612550575415745,0.9800528396199085
3361,1,233,single_city,Europe,233,141033.3929,9794091.0,72976372,1.0,0.8474358283772714,0.678567283562981,47.432434146819034,0.0,0.01439984505963851,51.89154659355627,-8.461963184287068,36.81,10.4375,6.967564038661786,0.6642047740826587,0.7004689868615679,0.7375273519512939,0.7750344570006548,0.8237471961410201,0.8763557536886272,0.9120558508186212,0.949922764654729,0.9839919804706736
3362,1,542,single_city,Europe,542,251671.8315,15514880.0,118595564,1.0,0.6930149589062689,0.3962279611320037,56.86365509905979,0.0,0.01622131988774647,50.391410391735654,-4.145300185301232,43.06,11.62,6.92944778599678,0.8122791797293952,0.8318289925542447,0.8516974027514231,0.871903037600033,0.8928259193754641,0.9143425537290653,0.937851791312598,0.9622354152916426,0.9848699442083987
3363,1,1943,single_city,Europe,1943,381179.3891,23459866.0,199169305,1.0,0.8844565248098878,0.7283384907921858,102.83902037142292,0.0,0.01624814860835096,51.4943222146904,-3.1836486504669286,28.17,10.9595,7.048457648582178,0.7615789450800785,0.7963091519789585,0.8314718847925219,0.8670129232622216,0.9023723750169758,0.9401685414571421,0.9565187627243906,0.97349034303947,0.9892725729976463
3364,1,4141,single_city,Europe,4141,76936.29836,5176181.0,34957449,1.0,0.6859796485981613,0.5308995362925756,27.6048821289828,0.0,0.01486352551427394,52.29901654468271,-1.9298378852169282,110.79,10.405999999999999,6.644123661762306,0.6105290753936155,0.6705362505677448,0.7318144400282757,0.7944828436254451,0.8428327757472159,0.8925530231651482,0.9240335683779218,0.9562011065687231,0.9849858418784042
3365,1,3798,single_city,Europe,3798,100874.9365,6724597.0,48951897,1.0,0.6655723120647012,0.5919091615090524,37.97360655177471,0.0,0.01500088949568279,52.196096401177314,-2.2134104415246463,34.87,10.432500000000001,6.690452760572937,0.6484678561406728,0.695991744932819,0.7440288243295472,0.7926381313259367,0.854127912795369,0.9212880712405517,0.944556231399443,0.9682651614661816,0.9894738673559174
3366,1,4256,single_city,Europe,4256,191169.881,13283706.0,98795747,1.0,0.8684201284416558,0.6849091438492426,46.64035799597064,0.0,0.014391306236377107,51.57168638647622,-1.7855182321884913,105.24,10.3865,6.688109976653586,0.601317885234738,0.6511028624090295,0.7019158659488549,0.7534705299861348,0.7970992432382951,0.8453545268165374,0.8842494707425774,0.9270757723785817,0.9692138624567572
3371,2,5529;5553,multi_city_aggregate,Europe,5529,165167.21781,10062368.0,71537135,0.6841539685290778,0.668836155272095,0.5581521748089595,61.120432363592805,0.02638596745599582,0.0164143487705876,51.29024447603027,-0.749311278543749,84.1978282358586,10.488,6.653498956141297,0.7158838754456207,0.7495835970220927,0.7840262848665444,0.8190715147766411,0.8706696077901345,0.9244780155128495,0.9483393968497276,0.9724728811349376,0.9934976538325769
3373,1,5990,single_city,Europe,5990,106097.7066,6489934.0,51377529,1.0,0.6187231860532906,0.5453221393072519,39.823478688173424,0.0,0.016348040919984704,51.11264164851448,-0.1874883438163969,78.24,11.502500000000001,6.827202274462643,0.6245738400421329,0.6776705279283272,0.7314037400072173,0.7862361928488024,0.8424882286938511,0.9029170404506425,0.9266604252061731,0.9514236970668731,0.9760125449657886
3375,1,5856,single_city,Europe,5856,265460.4618,13784810.0,108035629,1.0,0.8195323772673806,0.7286366624864331,63.54047313099753,0.0,0.019257462511271466,51.895297840935896,-0.4497287860446016,139.32,10.481000000000002,6.6044274474734745,0.778532602190382,0.8212745768712082,0.8645072365886799,0.9081721111861535,0.9301548588627627,0.9522998866143241,0.9657689152044896,0.979520428645734,0.9922146913885647
3377,1,5455,single_city,Europe,5455,217228.2302,13745052.0,106164621,1.0,0.6621794667467252,0.5833342375764057,81.520801174395,0.0,0.015804103920450792,52.24667444437038,-0.8844998401339483,86.14,10.44,6.589639428275587,0.6284313074988731,0.6676267212375769,0.7072707327698724,0.747600372846898,0.7985111296777924,0.8530739643618663,0.8935924724038876,0.9374616407417011,0.9776677454548736
3378,1,4521,single_city,Europe,4521,93015.03132,5942132.0,40146336,1.0,0.5665904449278361,0.4501371314969927,33.92719048975384,0.0,0.015653477795511777,52.28649936254473,-1.542802388135169,65.22,10.322,6.664271893602026,0.6850022853750135,0.7242737118596491,0.7639862258192851,0.8041307396065924,0.8507364023552489,0.9017554642003913,0.9250600626172559,0.9488974664312405,0.9734672673040585
3379,1,5690,single_city,Europe,5690,56494.69623,5659659.0,47166345,1.0,0.5760200689521352,0.5736400838843706,41.36725778721591,0.0,0.00998199648247359,52.48659033736303,-0.7095169729020381,113.03,10.253499999999999,6.598707918916272,0.623646406965508,0.6539052971212577,0.6846748187479139,0.7156111348757938,0.7764480156843372,0.8416542410063927,0.8802120410434622,0.9217544731935263,0.965065916515465
3381,1,5480,single_city,Europe,5480,203177.5112,13640123.0,97996860,1.0,0.558531793018602,0.49159256735309337,105.08134631580175,0.0,0.014895577642518327,52.03323417116602,-0.7665290537229812,84.76,10.44,6.589639428275587,0.5561609671701641,0.6100840879514063,0.6651709812294214,0.7211067671457215,0.7881593149856493,0.8606985435541894,0.9029077670340656,0.9479328008992294,0.9870435185958367
3392,1,3843,single_city,Europe,3843,325005.1668,24971134.0,198773999,1.0,0.7469232280075881,0.7009615086637226,137.84738186350222,0.0,0.01301523458245829,53.015923520844105,-2.1743956724687368,153.82,9.9815,6.680692181272023,0.6991702499373877,0.752529941171274,0.8065046224973204,0.8611029839493873,0.891931619925631,0.9234950643410907,0.9428073230474835,0.9627530732084494,0.9824690780963331
3393,1,3394,single_city,Europe,3394,134987.0568,11686467.0,72979825,1.0,0.6248156520903091,0.6058377707803254,88.39567842347792,0.0,0.011550715609773252,52.68459450301222,-2.4676253240321384,123.85,9.818999999999999,6.672402497421493,0.5727227056731516,0.619260551542224,0.6668446503121944,0.7149947884163794,0.7768930507398002,0.8436142420117217,0.8805678397072443,0.9189346960035056,0.9583330873222848
3394,1,2557,single_city,Europe,2557,78948.51255,5814414.0,42763327,1.0,0.6385320604428019,0.5703773037462097,43.53431552686049,0.0,0.013578068666937029,53.644887021639406,-2.990215077444124,6.33,10.426,7.057632842036218,0.8929066626490649,0.907829060675762,0.9230995591301204,0.9383903519770006,0.9574089495519239,0.9764315028135252,0.9830543542307101,0.9899613271431996,0.996269959449052
3395,1,2488,single_city,Europe,2488,190786.1914,13415474.0,94852152,1.0,0.6266802017046821,0.5354010248814245,75.26647232658588,0.0,0.014221352998783346,53.831582991169974,-3.029424054175656,9.2,10.639,7.233196540350008,0.850437710959747,0.8645248017326858,0.8788027914630523,0.8934816615499386,0.9179043543299328,0.9430151331216474,0.9598407778957344,0.9773395259832042,0.9927450196690777
3396,1,2876,single_city,Europe,2876,94768.76187,6930833.0,56233178,1.0,0.7674137495151734,0.5610933015821158,31.71456248799831,0.0,0.013673502430371645,54.05551513872928,-2.8345717881203587,13.25,10.639,7.233196540350008,0.721992147264261,0.7604544792812061,0.7993280172816168,0.8391363635511057,0.8766885596579805,0.9159391086179685,0.9379504599230712,0.960655234370818,0.9833878553991995
3399,1,4059,single_city,Europe,4059,193808.8861,12400220.0,94055686,1.0,0.7578165786932552,0.690282708188576,79.47159169008918,0.0,0.015629471581955805,57.15209093143128,-2.1228155719997854,46.79,9.0975,6.853587858247618,0.7173128379980355,0.7395451048449141,0.7619263206620528,0.7843818899987258,0.8321691873208701,0.8817262919528847,0.9095922491697728,0.9383614968121533,0.9679160531022837
3401,1,2813,single_city,Europe,2813,156853.9421,10353141.0,70073823,1.0,0.502272589965175,0.40742281417014736,91.14692971475739,0.0,0.015150372442527343,56.47573548077749,-2.954062645243059,44.26,9.4145,6.80256863709628,0.7394431313163802,0.7594280808114175,0.7795230452284964,0.799728410923796,0.8422328064497527,0.8867770660131066,0.9172186489105094,0.9488773503615956,0.9787033712764078
3406,1,48,single_city,Europe,48,202852.1867,12091730.0,78874237,1.0,0.8082861284549343,0.5200478546114882,71.19059697163227,0.0,0.016776109514519428,64.11362368528434,-21.89034382875796,25.3,6.2555,7.319694385465786,0.7012970021659432,0.7056419552867952,0.7102567622664416,0.7151429117256174,0.7828930186168563,0.857593330317498,0.905007637451382,0.9551110552418884,0.9967812711663261
3418,1,3883,single_city,North America,3883,94910.07266,8620471.0,59184502,1.0,0.8114289432492254,0.39322937467330205,24.00090537415364,0.0,0.011009847682336616,45.75632685554652,-73.45226813026738,12.59,7.4685,7.0325201073252925,0.6096245785178095,0.6481356993138774,0.6871471408000792,0.7265831530550941,0.7811852739832893,0.8400804318000722,0.8875992970685709,0.941195672487037,0.990914881565056
3420,1,3838,single_city,North America,3838,74437.92257,7932753.0,56971954,1.0,0.7556417113284815,0.6094670255209114,36.16338984622361,0.0,0.00938361783985963,45.32446004148885,-73.27034818656647,36.68,7.4345,7.052978369063911,0.5806927305060425,0.603669873497889,0.6268349714153459,0.65006486398858,0.7335612239533993,0.8242308817632416,0.8785093901196722,0.9362784899517229,0.986777099955085
3437,1,7025,single_city,North America,7025,128252.7476,16030117.0,134028576,1.0,0.643894185700988,0.4742132194633418,71.87709366143223,0.0,0.008000736838040546,46.862566695546896,-96.81949319177366,275.53,6.2645,6.554694510322313,0.5822310591993808,0.6213696381629654,0.661827920532333,0.7030465841266161,0.7837290894383366,0.8731318679707702,0.9073382932888138,0.9431657922396948,0.9772480138479339
3438,1,1841,single_city,North America,1841,266054.1127,24427951.0,180904965,1.0,0.9590862117724849,0.6073998871835319,74.11794001780261,0.0,0.010891380644246421,52.12848394558035,-106.64425670006494,502.47,3.2824999999999998,6.1538745956784435,0.6448571965778055,0.6782615537422685,0.7125487520422814,0.7473389806619475,0.7855585595369828,0.8255012055657063,0.8710105075943537,0.9223096116411892,0.9716046180050059
3439,1,1753,single_city,North America,1753,225599.1099,22303341.0,177252164,1.0,0.7890101089562799,0.6448548247489198,89.87148474714647,0.0,0.010115036572323403,50.4536492185881,-104.6128748861506,579.33,3.7205,6.281471103352809,0.708708574199713,0.7404798231798545,0.7728344825109386,0.8058666636536652,0.8394534253859097,0.8757283942347471,0.9079491722787183,0.9432745972901548,0.9772961369330272
3455,1,4909,single_city,North America,4909,216524.0449,25615095.0,218548506,1.0,0.6372675778638719,0.5561837923209995,146.86096813880067,0.0,0.008452986213793078,44.941874635546895,-123.01482991595124,72.91,10.943999999999999,7.306274318917402,0.6730022277879508,0.69215523112446,0.7115680031637595,0.7310966834204597,0.819452279993496,0.913717126561506,0.9380619513611017,0.9636253935423624,0.987055679473373
3456,1,4772,single_city,North America,4772,228965.0187,30831868.0,261901658,1.0,0.641862070167765,0.586341925124993,180.57131531410295,0.0,0.0074262454256745,44.061334406321514,-123.08014304930008,134.79,10.91,7.3085320808039365,0.7480452043969571,0.7613570478441333,0.7747988217904929,0.7882732243145306,0.8555037923748247,0.9267342153903876,0.94603330553958,0.9659866538089745,0.9851766360701856
3458,1,5244,single_city,North America,5244,202064.1628,18943423.0,128990916,1.0,0.7115608864761679,0.47381397752357635,98.07690429464941,0.0,0.010666718617854861,61.18394297548602,-149.84798704724292,42.19,2.5465,7.021863124950334,0.7665388668140917,0.7785047612567169,0.7906683496430397,0.8030604606147475,0.8299503210164287,0.8576698097276295,0.8885000350781377,0.9196797220861298,0.9540456336745476
3459,1,7608,single_city,Europe,7608,165679.6434,13212011.0,126563856,1.0,0.5023487111188689,0.47581876016160307,103.92307236709352,0.0,0.012540077615739194,62.039937898006805,129.72057642384394,96.71,-7.968,5.685093926543283,0.08021852237331623,0.08082857333376425,0.08146193641528152,0.08209310452436044,0.40816481306290164,0.8610241090474418,0.8990740319547115,0.9379665972121882,0.974712706491086
3473,1,337,single_city,Asia,337,1479770.647,59712824.0,577887940,1.0,0.8901427285529387,0.27097239008413526,74.01255619046256,0.0,0.02478145476757221,47.92640830795646,106.87462055704657,1346.5,-0.286,5.716943816309018,0.5581396217335157,0.5770232538323761,0.5961603323266037,0.6154369285900797,0.6631635107393347,0.7122415613771675,0.805496688617507,0.9025418392538259,0.9847859481574678
3477,1,8797,single_city,Asia,8797,616658.1414,37845371.0,405691994,1.0,0.5582548395433706,0.357924078732838,112.70562067883628,0.0,0.01629414972309295,42.27114574174207,118.93522173119457,585.31,6.554,6.172563481804043,0.30935077898958896,0.33619049473712387,0.3709433843309397,0.4092928564500002,0.480496227662823,0.5599625380868904,0.648387724881862,0.7593234586073948,0.8815146771846946
3479,1,9183,single_city,Asia,9183,107357.3052,5482247.0,57540281,1.0,0.5915819640980162,0.46317595879539414,32.227938435835334,0.0,0.019582719494397098,41.39290129724539,119.65025717668688,439.75,8.802,6.188487917340635,0.4875229080338773,0.5195387949503187,0.560261695614955,0.6073557065196078,0.6574552368764122,0.71158833230243,0.7905003185737527,0.8822506537921403,0.9647562395492213
3481,1,9299,single_city,Asia,9299,469365.7324,21249833.0,231953593,1.0,0.5618856878587021,0.3945162827826033,77.06931949202753,0.0,0.022087972757244726,41.59191558696032,120.43541149459108,182.26,9.358,6.2788825221891225,0.33502545643535175,0.3601736070114057,0.3918160674486242,0.42775507929874085,0.5024873371946029,0.5956558340952609,0.684401425648851,0.8031562412749315,0.9267500125765694
3483,1,9919,single_city,Asia,9919,295766.7027,23250261.0,254648882,1.0,0.8191537415104619,0.42519140192303323,55.564890448417245,0.0,0.012721005699677953,40.295464760937456,122.13759179302258,17.6,10.195,6.522300129616679,0.15613816120171725,0.18102897855641276,0.2125349044468791,0.24877204604283798,0.35418415302950795,0.4936511035295475,0.5983588743369376,0.7532876297603713,0.9149604815188956
3484,1,9915,single_city,Asia,9915,347149.4213,24520060.0,222320427,1.0,0.7298708764439749,0.4791402540955082,85.38390162121621,0.0,0.014157772097621294,40.626520682618974,122.51052802752494,31.54,10.0225,6.534565425845761,0.4369201380420766,0.47071724131180753,0.5117687721808185,0.5618511129254985,0.6444335372751943,0.7485155827514288,0.7982549798002125,0.8563806124454834,0.9236585065452532
3485,2,9845;9885,multi_city_aggregate,Asia,9845,871822.68353,29798275.0,349830953,0.8414031349130109,0.6132379113608365,0.5975482862534242,181.3932507139864,0.05964214941179569,0.029257488345550205,40.66905096358459,122.26659013806672,4.478295510730067,10.140363379977533,6.526167148349994,0.41438861813309663,0.43860965106201616,0.4686669614264584,0.5038452729226776,0.5589908140655793,0.6292912257504839,0.7054291901125149,0.8082926612362629,0.9163431775832661
3486,1,9905,single_city,Asia,9905,398583.372,15452109.0,160721987,1.0,0.9072574646833035,0.5023721946008401,38.524302554228015,0.0,0.02579475539552562,40.85081319932508,122.73384344165541,28.99,9.969000000000001,6.511260070766691,0.4361646685251832,0.46939404841112625,0.5089062599804337,0.5559610018282941,0.6235646538605183,0.7066595245995223,0.7557805863264361,0.8197128948546765,0.8952030431574097
3491,1,9877,single_city,Asia,9877,332999.5476,12449503.0,141524870,1.0,0.6754641791796021,0.5161314154587578,65.02941674297199,0.0,0.02674801938679801,42.91310581551304,125.13342746587128,282.16,6.4695,6.682757509667744,0.5486296922857081,0.5821554482937994,0.6222642783410711,0.6680677935496702,0.7158747622294641,0.770539675358928,0.8295806667944897,0.9047982076071631,0.9728881546516355
3495,1,9261,single_city,Asia,9261,228995.7141,18068556.0,198910260,1.0,0.5159356923335364,0.364597272907892,74.11230483519734,0.0,0.012673714163987427,45.110135715223706,124.82312059729043,135.77,5.961,6.253752847151787,0.298062999611037,0.3230154086469334,0.3532794208900811,0.3878636455508675,0.46188904082871923,0.5526868334138046,0.6576063410933336,0.7958543006978532,0.9373777849209423
3497,1,9823,single_city,Asia,9823,684331.1616,25228683.0,292091720,1.0,0.5766305262832592,0.49981689155488773,153.3586760663464,0.0,0.027125124272242035,46.80191726980847,130.37537542455806,86.28,3.4425,6.4162476879911825,0.620059596452181,0.6520183396017937,0.6892793412957783,0.7303861243965847,0.7773012170314241,0.8281327645997216,0.8608610286949977,0.897450255330411,0.9397709345351083
3502,1,8427,single_city,Asia,8427,921962.1982,28999696.0,346754184,1.0,0.8157892278317417,0.6647730395793111,102.5927418146876,0.0,0.03179213320718948,47.345785499161614,123.9693916903894,148.15,4.671,6.100049857521423,0.6129767705151116,0.6433655028659611,0.6791041878507967,0.7209110398950389,0.7706927341583167,0.825214409144151,0.8652369666219949,0.9093622222798473,0.9546919733227548
3507,1,7641,single_city,Europe,7641,201363.135,10333673.0,115178663,1.0,0.5008617628202975,0.45271084064754846,107.04467919214076,0.0,0.019486114472559758,50.558535327417296,137.01630864994326,28.91,0.496,6.582581770648224,0.7238875276970734,0.747561394675446,0.7715146395671704,0.7957982606958823,0.8459624182030919,0.8966971376005415,0.9211417856942057,0.9457988461605085,0.971433971251074
3508,1,7649,single_city,Europe,7649,554197.8855,33298752.0,364061676,1.0,0.7282311681305923,0.5193223798905904,146.83728699013452,0.0,0.016643202889405583,48.46871966864438,135.08807835902812,66.43,1.9900000000000002,6.687187781789533,0.47239734390045607,0.5223816796497358,0.5820295006851909,0.6492884478072932,0.7077873068636326,0.7682534168247507,0.8107117948444434,0.8570478557274459,0.9149924597774716
3513,1,4090,single_city,Asia,4090,149927.9478,16560521.0,169971196,1.0,0.7969899232807505,0.6419003977455491,64.50992482216068,0.0,0.009053335206060244,42.997734991694486,144.38192903024827,8.69,7.1935,7.0912802780155735,0.8280695395996297,0.8317671285824885,0.8355330125181448,0.8393624210252806,0.8903627488531309,0.9455199507310187,0.9603193039639272,0.9755105530798216,0.9896555790726632
3536,1,2604,single_city,Asia,2604,265209.4969,21523815.0,257118912,1.0,0.7139235774718631,0.37660758142583195,51.56582201911736,0.0,0.012321677030768013,41.79896346993279,140.74450833857702,20.49,9.605,7.238505820739103,0.781663380771485,0.8088565154457981,0.8362007850374109,0.8637531032486574,0.906230563680277,0.9501718909960897,0.9639084892710702,0.9779634325977993,0.9909673076078753
3537,1,7689,single_city,Europe,7689,86990.32294,5096583.0,44390287,1.0,0.6345711682539165,0.5345793951030314,47.467272240184016,0.0,0.017068361869118975,42.80929400193726,132.879601271296,36.0,6.448,6.6695171252097,0.7671634112502436,0.7810213235024329,0.7952402619559026,0.8096842531554965,0.8584690958628556,0.9081633714196354,0.9330423933054754,0.9582618393539357,0.9827229341698154
3538,1,7673,single_city,Europe,7673,458455.2065,19003604.0,286595115,1.0,0.5884875098921721,0.515933953823125,141.26750599318598,0.0,0.02412464533043311,43.12737582118304,131.92035452215234,50.25,6.7115,6.689298228845996,0.6949442326834425,0.7261407888735211,0.761080266669417,0.8008691404009471,0.8308028308735543,0.8631182800904502,0.8909970445606001,0.923145788556739,0.9587197775748221
3564,1,1360,single_city,Oceania,1360,391764.4162,8437734.0,60751434,1.0,0.7436017323997168,0.5653790323138485,67.99966995859053,0.0,0.04643005055622754,-9.458034581582206,147.1830442112536,59.45,26.548499999999997,7.4680625420792115,0.6557907608843796,0.7264520308414558,0.8156737342039936,0.9248043372782313,0.9468382150942422,0.9704718115076868,0.980175009072341,0.9904839379861939,0.9989164152366026
3572,1,1254,single_city,Oceania,1254,158689.0568,27098704.0,210075223,1.0,0.6167087054469614,0.5479738781420147,140.13467990681318,0.0,0.005855964801859159,-38.149441802161704,144.34373679873283,23.96,14.082,6.2825526873195585,0.7284029524068752,0.7541676162815757,0.7836252242911691,0.8158693124217306,0.8572777133548527,0.9026572636093593,0.9248900980652064,0.9513887453805909,0.9766747147760276
3579,1,2006,single_city,Oceania,2006,144167.7229,19947429.0,203914465,1.0,0.6618177680858808,0.6370404511068029,154.12890241094104,0.0,0.007227383684383586,-34.415740515474816,150.88189927903238,22.5,16.1615,6.936749358691128,0.8161352021857052,0.8430731599545986,0.872438748873351,0.9046475613473797,0.9253849706646405,0.9477531164542559,0.9600427704241985,0.9736722963144774,0.9879597014733077
3586,1,3103,single_city,Oceania,3103,53208.607,7307450.0,51211534,1.0,0.5051668837791734,0.40452125530484484,50.39996928308572,0.0,0.00728141923653258,-27.228322023387843,153.09865971366128,6.8,19.294,6.767191214993433,0.8125389841873705,0.8340604451621291,0.8581791185707737,0.8841609590212728,0.9155590527475385,0.9528635844241151,0.9587618115758575,0.9654474543103271,0.975173145214815
3591,1,2540,single_city,Oceania,2540,103814.8265,21478698.0,163125210,1.0,0.5184374543893274,0.5167980258923752,139.95137564322286,0.0,0.004833385454742182,-19.295168773803937,146.76108320028803,13.22,23.0405,6.600637551891474,0.6705818015598525,0.6945490830030759,0.7239242806989511,0.7546842923160426,0.8168702777049149,0.887507613357197,0.9132050741623166,0.9426267364995774,0.9723992115350754
3595,1,647,single_city,Oceania,647,69845.60862,12963773.0,115881995,1.0,0.5681276002999609,0.2933978657069702,29.910264380533665,0.0,0.005387753134831966,-41.21803605457566,174.92106037922116,59.31,13.225,6.67147202868299,0.7972113519729171,0.8347876038866154,0.8723657842512361,0.9353281641077794,0.9353441316814172,0.9354291377980778,0.9467916477710617,0.958148603805389,0.971900850161446
3596,1,505,single_city,Oceania,505,146941.515,13988863.0,244780696,1.0,0.6059457495749869,0.43874651181125174,64.84100974169158,0.0,0.010504178574055662,-41.30383294015228,174.7815490994094,55.99,12.935,6.587921158063835,0.7159304512453942,0.7653672782412695,0.8159920502474004,0.9126338573764,0.9127265025041706,0.9128458117003505,0.9347211420971097,0.956648656863678,0.9773730002216764
3600,1,1031,single_city,Oceania,1031,167205.5935,28787062.0,263637778,1.0,0.8112115596986919,0.6188280065002414,71.29519336732989,0.0,0.005808359098959108,-37.774397200127545,175.2734333082827,37.42,13.214500000000001,7.292108082541151,0.6944363061433639,0.7254224484596588,0.7564089034164029,0.8051748733510908,0.805176054437233,0.8052419520963966,0.8313445116420703,0.8574394983413035,0.8835466432802347
3602,1,2325,single_city,North America,2325,149219.9364,17419141.0,152783567,1.0,0.7118628908154868,0.6346403676996231,103.1741557255488,0.0,0.008566434843141806,38.11160016842203,-122.22575463857424,30.71,13.392,6.395943335629529,0.7793545617433144,0.8055146921423967,0.8319511277852335,0.8587498086157062,0.8910804499487087,0.92469134959066,0.9473672668474296,0.9710958766566044,0.9929312817434568
3606,1,912,single_city,North America,912,88146.95455,8368467.0,72461352,1.0,0.6760032833705711,0.5885716483378458,49.72396394033032,0.0,0.010533226043670841,36.97199968887128,-122.00343001345308,19.39,12.906,6.262399668924796,0.859215552860518,0.8722599969624066,0.8853898808467549,0.8986662670713764,0.926477692987258,0.9551689694181742,0.9682754320474706,0.9814884852864927,0.9934134889938623
3628,1,357,single_city,North America,357,251570.3069,17692596.0,170166964,1.0,0.6931608516252693,0.5600167442716973,70.89828621303198,0.0,0.014218959552346077,31.871236493330255,-116.59186458767196,71.68,16.2275,5.616951081468515,0.5432695122863824,0.5681962669582237,0.5935933878781836,0.619302503713983,0.6665454295118703,0.71521641029954,0.7930261901645186,0.8742042716625644,0.9511594002372518
3629,1,3593,single_city,North America,3593,241888.831,26604239.0,236114084,1.0,0.793171013606384,0.5489168610121609,92.8808236936226,0.0,0.009092116147355314,33.533873720670684,-117.14720752071058,365.22,17.1035,5.806689482924826,0.18712987806191336,0.1972110534715915,0.20747610935234795,0.2178193482625081,0.3836712262282714,0.5831944300304925,0.7064246415768555,0.8452171475380296,0.9730638038547166
3631,1,4212,single_city,North America,4212,836190.783,43439608.0,357882304,1.0,0.754728746902711,0.601641751711547,140.7086460137045,0.0,0.019249501123490803,21.88694357378024,-102.28177780484361,1895.35,18.189,6.603207103423559,0.40843764059749343,0.4332709908431955,0.46575634384177683,0.5031768242475853,0.6061890107295628,0.7274084287316773,0.785087632466665,0.8644301532371103,0.9464861883652357
3632,1,4478,single_city,North America,4478,1341674.086,62238349.0,517705169,1.0,0.8669082014540332,0.682209779669231,177.55998260472535,0.0,0.021557032080012275,21.12498194571281,-101.666622614899,1850.06,19.195,6.58778277010433,0.3338893195897597,0.3616063787296157,0.3980271873857065,0.4402495477506963,0.5579598199174596,0.6994165767475612,0.7755448011643111,0.8737329937849091,0.9661580836599634
3633,1,4364,single_city,North America,4364,618478.8994,34061197.0,286002842,1.0,0.9052394494920536,0.6296729381521825,81.91387714701312,0.0,0.018157873294940282,19.706291613217378,-101.19938070008074,1928.51,20.107,6.869034200990418,0.4252333234207829,0.45962310132553474,0.5054529351977853,0.5580358787743132,0.690384457128738,0.844323703597381,0.8858491673090644,0.9346078765229536,0.9792371066700915
3634,1,6501,single_city,North America,6501,664060.8089,38862645.0,327862615,1.0,0.8430682005001024,0.5087304843803618,97.98247533549889,0.0,0.017087380668505705,19.175766237295676,-96.16297417340274,15.21,24.299,7.499880297382805,0.523779171489743,0.5442468725430294,0.5690817750567415,0.596402200622217,0.6804682748690934,0.7877783408720637,0.8281801457414955,0.8899307805734787,0.9538511339102113
3635,1,4663,single_city,North America,4663,636115.4742,26989822.0,370233199,1.0,0.6932262467802035,0.5124680820224553,111.86034469532788,0.0,0.02356871691113784,16.876585246148906,-99.85398982447705,95.64,27.399500000000003,7.333881469337979,0.5706363309843244,0.5974407685978811,0.6292513526024737,0.6668845389198936,0.7325881586028985,0.8163374326811047,0.8577863907364783,0.9148224097217091,0.9743443287621534
3636,1,5376,single_city,North America,5376,824231.8749,52580542.0,491484996,1.0,0.8845545224533002,0.6169731824214315,148.68144170649342,0.0,0.0156756062898705,18.900491816979226,-99.2070261543246,1449.16,21.311,6.944173029040548,0.5544868480054846,0.5852103806765628,0.6232164742615244,0.6679371810203097,0.7456854857068609,0.8406526315381078,0.8859614075488229,0.9377520870743402,0.986691673889554
3637,1,5931,single_city,North America,5931,202755.9891,13575496.0,108450845,1.0,0.5763311130056575,0.40467314617162936,61.96775909968846,0.0,0.01493543875671283,19.31955503872612,-98.20953471136615,2285.89,18.0225,6.863563028189754,0.5589089341560706,0.60640355240059,0.6638499985562222,0.7351198807027014,0.796605958264803,0.8659942885328095,0.8990975357364475,0.9349090449439196,0.9705090701658341
3640,1,5097,single_city,North America,5097,866193.7731,53462546.0,471986749,1.0,0.6556544847443528,0.5843455920331997,217.3112065452479,0.0,0.016201880342548595,20.600188673959885,-100.41527530135005,1861.07,18.512500000000003,6.628223899203732,0.34647119125228343,0.37418668762987833,0.41081066359989665,0.45375944123573914,0.5877414629673641,0.7570982309746341,0.811641836137022,0.8832143721700048,0.9548118415460424
3642,1,6441,single_city,North America,6441,596044.8759,29598277.0,237439955,1.0,0.7535208439603678,0.6096336008651985,132.38429781979605,0.0,0.020137823424654075,22.269124194409134,-97.85821013611167,10.39,25.097,6.881413870374354,0.6464999972802471,0.6751199402586846,0.7090053248707686,0.7477735274928334,0.8122326512452059,0.8893847435781481,0.9051902244174551,0.9236041341190232,0.9500718234375602
3643,1,6396,single_city,North America,6396,527307.0469,20890493.0,257939746,1.0,0.9060065795230954,0.5928444270476315,56.47577655506982,0.0,0.02524148409996834,19.54396026758174,-96.91521180337925,1374.54,13.262,7.348035898755059,0.4611763829604213,0.48855409970458813,0.5225807260747748,0.5612445814466896,0.6459338226244828,0.7498374978512953,0.8146834064662811,0.8982981876014128,0.982672788047654
3645,1,6726,single_city,North America,6726,559806.7267,32918906.0,292943949,1.0,0.7897856190122254,0.46288922884424366,64.83981939034042,0.0,0.01700562973447538,16.75875624503187,-93.11132767486531,588.18,23.024,7.106232297365898,0.5681745316809739,0.5986943186994125,0.6356363726060641,0.6765021595796653,0.767577209279069,0.8705749820483099,0.8998439377055848,0.9344768018718483,0.9703959785297847
3646,1,6861,single_city,North America,6861,222028.1759,13597763.0,137385114,1.0,0.590639982138185,0.33687590438822007,38.69259212479493,0.0,0.016328286932196127,19.84004815813269,-90.51484845872871,19.16,26.6425,6.571893655898528,0.5600812427750065,0.5871893781352124,0.6192046441756633,0.6552268928352406,0.7495569675688567,0.8661032700746439,0.8940667667174372,0.9316281656034158,0.9714632473003096
3651,1,6562,single_city,North America,6562,144650.3092,19741464.0,155742928,1.0,0.5650780394156907,0.4721590929327001,120.75489419571937,0.0,0.007327233137319501,30.20405663475338,-92.03295680355222,11.89,20.8355,7.154212541419394,0.5180682141912069,0.5611726668295726,0.6056911483363139,0.6510407232209323,0.7364675183157642,0.8272056722844872,0.8771607313419106,0.9298878239222785,0.9781289776685255
3676,1,6427,single_city,North America,6427,129653.9905,11805734.0,78042404,1.0,0.5328649870371487,0.3876689377238924,70.53109603946905,0.0,0.010982289665343975,33.19565959677069,-97.11604640083888,195.61,19.026,6.817505026128663,0.485334584025017,0.5102561179169377,0.5356276873593798,0.5611194526320854,0.6505758134140579,0.7560748869998257,0.8251003283658602,0.9004000090125697,0.9707087250991764
3681,1,6621,single_city,North America,6621,598803.5756,36927844.0,270229135,1.0,0.5851786512920285,0.2865099955944418,95.23132079977536,0.0,0.016215503282563694,26.04376133173821,-98.30178019017204,49.14,24.243499999999997,6.346900473781741,0.38185635749544433,0.4084096000838825,0.43559981460060326,0.4630327186174205,0.5663760115537749,0.6844276367718625,0.7685349028229214,0.8658565065428677,0.9604898948338279
3687,1,5873,single_city,North America,5873,717355.1765,40388400.0,336818325,1.0,0.5140393465269066,0.3976489363007593,187.17405487617356,0.0,0.017761416062532804,25.41976282669383,-100.98528735523263,1619.71,17.0885,6.360268264202188,0.34549333471987004,0.37316850877974866,0.40997142743956183,0.4546090956809381,0.5441664190708223,0.6581516970219172,0.7347866961800913,0.8296179596121659,0.9323378494815343
3688,1,6005,single_city,North America,6005,276495.0122,18349763.0,147214623,1.0,0.5620291295188956,0.5333933597550221,107.19242398317492,0.0,0.015068042688071775,26.90770477202862,-101.43045819428157,614.27,20.683,6.230287531140109,0.585881027455232,0.6099599215532102,0.6341132580295451,0.6583756422358152,0.7587715438068601,0.8665536988134397,0.9015116435018806,0.9381753322917576,0.9726708186912277
3689,1,4773,single_city,North America,4773,1237627.746,67036626.0,553976922,1.0,0.8449923499419164,0.515810471923252,157.09530035272599,0.0,0.018461963554072664,25.54907172522537,-103.43882027164712,1127.73,21.911,5.645667721316433,0.35285673536135304,0.3773801503673529,0.4110167328528736,0.4520852675371818,0.5637120818103226,0.7084294188672323,0.7769763651291162,0.8620183092150252,0.950728024408627
3691,1,3274,single_city,North America,3274,533741.2397,28779402.0,224964256,1.0,0.5197866957447524,0.41499666316828404,116.53580557816579,0.0,0.018545946149263283,24.027564036004954,-104.64867624748442,1889.39,13.7135,6.87022577492821,0.42211394802435437,0.44477036041263124,0.4746347404994725,0.5092059244316474,0.60113486722205,0.7170018334640865,0.7925276209700257,0.8829947891203577,0.9711072175856885
3692,1,2472,single_city,North America,2472,403341.2604,20220261.0,165052070,1.0,0.7181058009422056,0.563765241608302,85.69643544157296,0.0,0.01994738151006063,23.24342488111587,-106.40591103442392,13.22,25.003999999999998,6.527165937422342,0.4138407511159228,0.42142012904779025,0.429067260803409,0.4367718596708519,0.5725402357566007,0.7258343005562589,0.8007815032654623,0.8840471445942265,0.9606929900657564
3694,2,2008;2088,multi_city_aggregate,North America,2008,374992.46504000004,21031494.0,157122231,0.876221441995514,0.5466670209557295,0.5045704622690853,126.9644763986931,0.048391795133084343,0.01783004407770556,27.488533932020164,-109.93952255087476,38.06553726140426,24.421,5.645201284443916,0.4400320300593006,0.4513230015899013,0.4626555298449078,0.4740072673867106,0.6128641170237359,0.7651209657288255,0.8300757901459592,0.9027403378951586,0.9679584816941678
3696,1,1924,single_city,North America,1924,749062.079,47211451.0,379710673,1.0,0.7231029931936305,0.6230974329233684,183.34078254141068,0.0,0.015866110088419014,29.09521205209921,-110.98040615469986,227.84,25.1595,5.1748975364740515,0.45388412230753084,0.46161699203017503,0.4694160533214707,0.477269720009241,0.5857629751731206,0.7045081499401491,0.778886270621083,0.8611829786803206,0.9429665908806742
3699,1,4134,single_city,North America,4134,806714.6697,58090692.0,597945855,1.0,0.782092380956635,0.6803007833333586,206.07055466847848,0.0,0.013887158887692368,28.66265727202979,-106.08714687162349,1466.71,18.3785,5.89668947410847,0.42561563907691097,0.4360566233227175,0.44671132511211953,0.45783568906357663,0.5718849415668865,0.6980403504230936,0.7788571704396291,0.8672745196424928,0.9508440698210309
3700,1,5644,single_city,North America,5644,91047.74959,17884322.0,141926627,1.0,0.7797622427972211,0.6394934956056848,65.05817817083778,0.0,0.005090925425632574,32.00693188773781,-102.11447834498968,858.0,18.326,6.018928924562662,0.6223609147721675,0.6741862509520908,0.7267955698851766,0.7798831289215213,0.8368500075093706,0.895859513153476,0.9213785124199844,0.9483034358249645,0.9755195640069554
3701,1,5752,single_city,North America,5752,183390.7729,29091135.0,253323490,1.0,0.858106648399863,0.7024243070582541,109.2853255300228,0.0,0.0063040088638686665,33.5523358313074,-101.89672337800269,987.76,16.557499999999997,6.113913347801123,0.678439393994081,0.6987021647660018,0.7192780549813543,0.7400194251616515,0.8023883908276525,0.8703579973761766,0.9057322445480385,0.9451860850393083,0.9825487042702185
3702,1,5874,single_city,North America,5874,142344.6507,25328974.0,183322538,1.0,0.6895095601174845,0.6144356802671362,124.43127758023327,0.0,0.005619834846054167,35.18322226319122,-101.86416517035144,1117.85,15.014,6.124582729372862,0.7201792697959262,0.7522016880746927,0.7847064393528139,0.8175290084785906,0.8617523157471756,0.9079518183405297,0.9315649342922457,0.956898135708142,0.9817365282936451
3716,1,6006,single_city,North America,6006,78020.36336,10821493.0,84103618,1.0,0.509676892846852,0.5005073060747504,77.6518860418261,0.0,0.007209759629285903,40.176335458311314,-105.10851543186409,1529.4,5.3759999999999994,6.562658759916814,0.5526063732610648,0.585174614999982,0.6178876611572913,0.6507871880525173,0.7246117518165007,0.8073605000714781,0.8547390826755605,0.905830923699715,0.9561949538755882
3717,1,6078,single_city,North America,6078,102754.0345,11141253.0,82486898,1.0,0.7053189218796646,0.6006625283617859,52.299242288965345,0.0,0.009222843651427715,40.40685872731002,-104.71523380724747,1443.52,10.678,5.924468341670321,0.5235722588832692,0.5583998496398924,0.5934762454456424,0.6288035107002776,0.6929629907874815,0.7634580239762978,0.8199715058979452,0.880788902289536,0.9432490223496406
3722,1,6652,single_city,North America,6652,223111.0962,29988103.0,262670536,1.0,0.8883310325437034,0.6132992143879894,103.2333414384077,0.0,0.007439986990841001,40.80566030747599,-96.66826507996534,371.79,11.8705,6.671143309345854,0.5934579789858665,0.6372873602574994,0.6823211524917064,0.7289992968211427,0.8129396180878797,0.9067144393895139,0.9321593633315185,0.9589157406855645,0.9840827210710861
3723,1,6532,single_city,North America,6532,82442.51943,13978183.0,96381250,1.0,0.586810271929769,0.5496908518535986,93.22397942342656,0.0,0.00589794248866251,35.644504646220945,-97.49336311756,351.6,16.5505,6.633591422331264,0.3572713992941715,0.3901125775789314,0.4243198132403904,0.4588546308200429,0.5688057596613236,0.690305099024673,0.7700927938917382,0.8570045191138219,0.9443701659936774
3747,1,7442,single_city,North America,7442,150125.4347,23144538.0,181940792,1.0,0.5530173797282423,0.53673375954083,171.42198794894742,0.0,0.006486430392345702,42.277983278816166,-89.06687906372889,235.47,9.929,6.882460034845845,0.7769478915500495,0.8037102317618092,0.8309357482097937,0.858919240470473,0.9046384939720983,0.9522728861556882,0.9665587189513137,0.9810238597115224,0.9938352625574121
3748,1,7265,single_city,North America,7265,77850.28947,10198312.0,86996111,1.0,0.825861519676431,0.7297570542261904,49.08332707512367,0.0,0.007633644613932188,40.49709129524631,-88.97964121669364,249.59,11.891,6.931299427461946,0.6301181018976474,0.6654553224102184,0.7012375185226731,0.7374532177481921,0.8197268332249494,0.909024356187573,0.9363951602971159,0.9653549528588653,0.9907874950285891
3749,1,7320,single_city,North America,7320,87232.72664,9522088.0,97630165,1.0,0.6513260299237722,0.6105001340379084,58.479621766095846,0.0,0.009161092256236236,40.11050404329014,-88.24209716613724,228.49,12.316,6.942190521552828,0.6488382590036975,0.6918455279976409,0.7359420538856604,0.78102071730486,0.8438229094291084,0.9117120110631197,0.9392303452772123,0.9676510025952291,0.9930195982225747
3765,1,3110,single_city,North America,3110,133732.2328,13404113.0,104615794,1.0,0.7135086047136885,0.5280399452007302,66.6824179502432,0.0,0.009976955043575058,44.375888453761505,-79.68648472036791,264.8,7.8545,6.771072640680058,0.41019969019956787,0.4440908547995679,0.47906862617466744,0.5145826508624629,0.6267673213438293,0.7550803249718948,0.8283709634498008,0.9080297219219206,0.9808164106047151
3767,1,2615,single_city,North America,2615,114356.6234,11367270.0,91973062,1.0,0.6891283087651244,0.6219242335631545,68.99262910099915,0.0,0.010060166020513281,43.54254151299976,-80.25290571240957,332.8,8.2445,6.885576641207331,0.5444583439999225,0.5794018264719674,0.6149613759504261,0.6510256200477336,0.7559740377416917,0.8717930514538671,0.9091750261936243,0.9498932461356157,0.9875528600974552
3768,1,7868,single_city,North America,7868,108764.5264,14247206.0,135021523,1.0,0.5103484722468256,0.4909628545866,110.94270270014694,0.0,0.0076340951622374245,42.11347650561841,-80.07563837950339,226.63,9.374500000000001,7.223674892845158,0.7881539018948698,0.8204568671218764,0.8528437084436065,0.8852842445037995,0.9216246329280281,0.9586527351397881,0.9714134125666464,0.9844246654396659,0.9957235123855162
3779,1,7577,single_city,North America,7577,286606.4993,39409998.0,355151062,1.0,0.8321906512300047,0.7526275537942718,176.99031578536997,0.0,0.0072724312064162,38.017041459997074,-84.50027635512812,301.31,14.068000000000001,7.123423358451671,0.4617184197776412,0.5121613048546716,0.564698150961591,0.618648826117677,0.7217024218067709,0.8359424682031195,0.8828962386651225,0.9328696997142705,0.9780018004568283
3817,1,6802,single_city,North America,6802,62122.45261,15458270.0,129287785,1.0,0.5418321916540245,0.40618120531063906,90.20335954018111,0.0,0.004018719598635552,30.16425779405449,-85.64374418217078,8.45,21.4165,7.181096764996453,0.59332926647031,0.641169936868744,0.6898704059380513,0.7392093681893251,0.8113728767837539,0.8867042689770589,0.9199815373906653,0.9539251805020872,0.9841801184738007
3825,1,7342,single_city,North America,7342,140874.8634,26050140.0,181800697,1.0,0.5108508604491856,0.3970158506121693,166.75496056539103,0.0,0.00540783517478217,28.07572588086441,-80.6512280395071,7.96,22.8395,7.209925883906329,0.5879497768534065,0.6108888474303785,0.6340173219798435,0.6572302106629754,0.7440307422532086,0.8369031414034627,0.8827023194501066,0.9309227128913703,0.9759911463047799
3865,1,2931,single_city,North America,2931,140801.7306,16328775.0,145833329,1.0,0.6096174318346298,0.607287255956285,112.47778759250636,0.0,0.008622920617131415,43.16965848439005,-79.23593928873588,106.23,9.479,7.159357221482424,0.829649254154093,0.8467951208832261,0.8641014405550937,0.8815109522912772,0.9122758443300247,0.9442145537555634,0.9611704490998253,0.9786579213688719,0.9937171037019005
3866,1,3223,single_city,North America,3223,296361.1449,27958527.0,209225992,1.0,0.7775594778962117,0.6698071490043038,135.33239470645725,0.0,0.010600027136622756,43.903942837315846,-78.88214328419369,114.56,8.407,6.876147990023621,0.6622896120385742,0.6857885968026857,0.7100084707609954,0.7344419825837033,0.7887726703198634,0.8488477593973388,0.8917695842846084,0.9385358177131434,0.9812181807718268
3880,1,8243,single_city,North America,8243,103969.7505,7606483.0,103221033,1.0,0.6829526106007949,0.4880234430614954,38.8034337391908,0.0,0.013668570678459413,41.70111088332476,-71.15213687164953,36.98,11.1465,7.137031188890985,0.9018061303758912,0.9095400594466588,0.9172779325215082,0.9250380234860185,0.9477624547376231,0.971511406782872,0.9800518846883639,0.9886089274109993,0.9962467542489742
3886,1,3792,single_city,South America,3792,325159.0199,10299650.0,148916301,1.0,0.8683736729274698,0.4837244937785304,43.881900606462274,0.0,0.031569909647415205,10.600701752724534,-66.95529680411406,68.62,23.6585,7.023669013026845,0.5360250105586112,0.5670627642686887,0.5989081182370275,0.6319168127072279,0.754352526542164,0.884324321700252,0.9135524993567743,0.9432557416999606,0.9724364420150199
3887,1,3747,single_city,South America,3747,254559.5276,8924047.0,159149699,1.0,0.5017924107006128,0.4389467577572187,72.87204032200616,0.0,0.028525121797319086,10.351881359393127,-67.01430434387025,1280.98,23.219,7.131278358266495,0.46297750336814675,0.47627752296687814,0.4900542321213682,0.5042242605849118,0.6368841401216286,0.7779848089101279,0.843305173090191,0.9096222823568724,0.9701747424682994
3888,1,4053,single_city,South America,4053,407477.4977,12594665.0,169438548,1.0,0.8857187435970105,0.6582586571978323,46.293779622727406,0.0,0.032353182692830655,10.467013094248628,-66.5774332308223,381.14,24.5365,6.765901349927946,0.37941302924690734,0.38748057213113646,0.39568007565107927,0.4041965387725676,0.5624923727625943,0.7375339479057204,0.8117299666168175,0.8905974077119161,0.9654090045269168
3889,1,4175,single_city,South America,4175,666807.3929,25728768.0,246451177,1.0,0.6843584962581385,0.6206394002424914,182.9674222848833,0.0,0.02591680226973946,10.175344154359507,-64.65779374137782,30.4,28.512,6.879688568018546,0.7333582393062894,0.7420365794429022,0.7507966568784017,0.759651181121459,0.8317705301707412,0.9077069683243286,0.9278947208043541,0.9486799756599306,0.971288559172363
3890,1,4366,single_city,South America,4366,249744.8897,14141681.0,118164266,1.0,0.8573097141618297,0.5319047223885034,61.94341135025278,0.0,0.01766019822537363,10.96906242011086,-63.860246833225155,21.95,25.805500000000002,5.591294768960028,0.13377638768686692,0.1861938478176675,0.2662898420633304,0.36143029955208295,0.5621311214699299,0.79496574699995,0.8107470391956939,0.8281019774098991,0.8684662735639419
3891,1,4328,single_city,South America,4328,374277.6229,12147805.0,102498578,1.0,0.9000780822909336,0.7675808039840626,58.730591450606354,0.0,0.03081030876771565,10.449732137007315,-64.16421703058643,13.21,24.662,7.91767368513258,0.669489508598467,0.6770733478188035,0.684781571650187,0.6926111342748752,0.7485069113308948,0.8071147009686112,0.8606052698409301,0.9172829988627575,0.9689013776562926
3893,2,4480;4517,multi_city_aggregate,South America,4480,523448.89691999997,22578846.0,143349359,0.8416248554066935,0.7530897001943619,0.6364467424252372,123.88373251632471,0.04220957075369555,0.023183155459760876,9.740710970444884,-63.18685380847898,66.2962896580277,26.964875868456698,6.972455977495013,0.25063225109024617,0.2545670403172952,0.2586734060722147,0.26305914837277333,0.4191404201968515,0.5958039219542044,0.7039167546472481,0.8223396802476087,0.936790480788965
3894,1,30,single_city,North America,30,481623.6204,38524256.0,361287997,1.0,0.8777382309366487,0.5306525059908155,100.53455010006772,0.0,0.012501827949642948,10.657729328199455,-61.440364330005586,61.49,26.5075,7.190891911556548,0.8482877385094731,0.8760360485611974,0.9073808459792189,0.9421285644036838,0.9456610401509117,0.9497193664168362,0.9616917196272395,0.9758611301928842,0.9900740977320885
3895,1,32,single_city,North America,32,152414.4836,17182199.0,130194735,1.0,0.6586490191998835,0.3964224538875422,62.11501737347461,0.0,0.008870487625012375,13.108255282221817,-59.59444493482628,36.19,26.631,7.063149185682509,0.7392090500174047,0.7785036711540821,0.8196066172903713,0.8676933610185751,0.8676933610185751,0.8676933610185751,0.8812498912391831,0.895161672845251,0.9212149737062177
3896,1,31,single_city,North America,31,94524.5777,8383826.0,84590838,1.0,0.5098750469509786,0.39156044530888995,52.95326332980508,0.0,0.011274634957834286,14.616447429580095,-61.06406982161966,45.4,26.5885,6.912696550766032,0.7662096040638248,0.8059778435287183,0.8499366518341387,0.8977165079523358,0.9065926463645596,0.9160193687225856,0.9374511112229666,0.9604620849717063,0.9823107015818315
3897,1,34,single_city,South America,34,248959.9875,26262662.0,198057830,1.0,0.9465330713497613,0.5789182721067226,64.49426373342867,0.0,0.009479617393697562,5.8199008816295565,-55.189481399530735,2.95,26.4515,7.5467250099746686,0.6180131701805399,0.6533904674248178,0.6889033564076634,0.7245685909524328,0.7821741375645774,0.8421981366549971,0.8893565320986883,0.9389015858331498,0.9833854618393215
3898,1,1049,single_city,South America,1049,323749.2786,19818777.0,124777500,1.0,0.5455545798372838,0.48155443758891325,120.86234146178568,0.0,0.016335482184395133,2.8153454689080855,-60.719467546102884,81.16,27.2125,7.586589262714979,0.4466912867529616,0.45991132550711883,0.47327446088121383,0.48675183135669775,0.6503838253995189,0.8288629515332858,0.8775974925193416,0.9274208998870112,0.9730773498283976
3903,1,2676,single_city,South America,2676,3289474.824,56764643.0,872243249,1.0,0.9233397024548199,0.7544601960977343,203.1065348040569,0.0,0.057949361612297995,6.248504470004109,-75.57899478833664,1657.88,19.302500000000002,7.9875542008744835,0.6797027332665512,0.6894551067642581,0.6993125104301281,0.7093125557047897,0.7846417883752039,0.8633905263880546,0.9029096686118505,0.9439137492681844,0.9808323818754572
3904,2,4627;4701,multi_city_aggregate,South America,4701,1058594.2694,17212241.0,206432375,0.8355701619562497,0.870006920000665,0.6929817852600032,74.63607190037513,0.0838079076374833,0.061502408047853854,7.096905604573113,-73.12169692101156,882.0110195528869,19.770000000000003,8.706215166851216,0.6531146060527505,0.6729230086889906,0.6932043305691572,0.7139446862265059,0.7768955826263413,0.8458071787398282,0.8866715263863666,0.9295897030491265,0.9700414954682542
3906,1,2015,single_city,South America,2015,298679.758,15510839.0,120874255,1.0,0.8241671760196475,0.6378633601661898,62.71041696826068,0.0,0.019256196134844798,8.618342642565096,-70.22263280862195,194.88,26.1,7.565890118754744,0.4646330221079595,0.4860147152581495,0.5076334039699594,0.5294628485280519,0.6447288247914894,0.7753194395222592,0.8405634924068259,0.9126252293638016,0.9782230993436267
3907,1,3222,single_city,South America,3222,158356.7873,6769931.0,62045700,1.0,0.5023557692953035,0.4716616911323505,58.15672371332374,0.0,0.023391196645874232,10.465563217066267,-68.03051959283077,27.25,23.52,7.62664354668111,0.5581154372178978,0.5898104426765944,0.6217716251465487,0.6546789029312116,0.7623303693937206,0.8744437720266277,0.9108054424779218,0.9492631461088746,0.9845633581789829
3910,1,2253,single_city,South America,2253,250029.099,20354261.0,190629355,1.0,0.6059635344658525,0.5260357868248444,131.9422939254491,0.0,0.012283870143946763,11.680756699765299,-70.20061111870378,15.7,28.131999999999998,6.436169598953749,0.3842157177801739,0.4242316633357507,0.47433119777721233,0.5336606423588653,0.626260221385586,0.7417233669156547,0.7864957121263209,0.8445937683515015,0.9147575537132004
3911,2,2614;2742,multi_city_aggregate,South America,2614,930074.4892,45911832.0,485149760,0.8195900786533633,0.5401469978805851,0.5148516585380387,290.18546258535133,0.10988845977161077,0.020257838746229946,10.054933294132734,-69.33649146322598,581.3954614505473,23.243000000000002,7.142310271425654,0.6758296423457901,0.704141124231331,0.7335137269190216,0.7645141452861215,0.8312512121058467,0.9023513807943887,0.927134839663989,0.9533625231944567,0.9795361683672305
3913,1,795,single_city,North America,795,594554.188,30338156.0,241918551,1.0,0.7659900427971397,0.635647501160935,121.51859569730902,0.0,0.019597571717938293,18.01205360036723,-76.79794553215237,99.64,27.072000000000003,6.772555638462719,0.8656047849447409,0.8848747432111562,0.9066061233253596,0.930674164903101,0.9408704009564721,0.9516854617004409,0.9579346219987793,0.964698052182209,0.9752282571162203
3914,1,6959,single_city,North America,6959,621225.852,24808273.0,186799609,1.0,0.800990520326776,0.47321538178867895,56.238232180949254,0.0,0.025041076095865276,21.16550715305818,-86.86217012299727,7.97,25.933999999999997,7.027157891304801,0.21246464838564136,0.22408415934474762,0.23817663567310793,0.25554906623286516,0.37270159837405853,0.5963920584072901,0.6718564004838224,0.7945620801576958,0.9340000813438324
3915,1,6875,single_city,North America,6875,830371.969,60543270.0,466517110,1.0,0.9512929305568459,0.5982656296412548,118.0762033127884,0.0,0.013715347205395415,20.970059144754433,-89.6157417927685,9.97,26.787,6.426166399129983,0.5937843793372906,0.6121056890386,0.63567443582086,0.6617554849614169,0.754809626239217,0.8745053744206416,0.9009234387240729,0.9365827118356838,0.9759320730446175
3916,1,511,single_city,North America,511,1229535.103,41188685.0,328223131,1.0,0.9616943783565338,0.2921823305170771,64.86094910308579,0.0,0.02985128325898241,15.512425353404653,-87.9936749822933,69.0,23.826500000000003,7.5018083798094715,0.3767257196970479,0.40914782785612114,0.45170483107193155,0.5024763961267518,0.619748360502405,0.7650733690575457,0.8092584650371819,0.8658415290510003,0.9292697011327261
3917,1,1365,single_city,North America,1365,1535408.163,37041083.0,501575406,1.0,0.9381101728169459,0.5352495027370064,96.4057932667132,0.0,0.04145149219854074,14.08153607191332,-87.2032743614094,1093.93,25.6485,7.3322691355199625,0.5859918566635862,0.6160526947875687,0.6531422960824337,0.6941634778875121,0.743440519814175,0.7997929218214274,0.8235694674478066,0.854113633772533,0.9009207155201159
3918,1,362,single_city,North America,362,1345010.987,53618576.0,402388550,1.0,0.9869669130184546,0.4746639941197384,104.53655511701987,0.0,0.025084794997166652,12.12630805729971,-86.25490749672605,150.09,27.585,7.190527944995255,0.5859730590383452,0.6170719080641007,0.6572977059293779,0.7033392680924611,0.752968579396812,0.8081196337627466,0.8536189025236328,0.910854402399646,0.9684288146704978
3919,1,658,single_city,North America,658,1462984.688,60976954.0,575167983,1.0,0.8269463217585701,0.4345283079289116,160.11227852053747,0.0,0.023992419955906622,9.052492084255235,-79.47697153424056,55.42,26.441499999999998,7.556015181693691,0.5410018840888642,0.5771945086007412,0.6231670903075939,0.6765397956742805,0.7433824588876643,0.8263441463474873,0.8551873056827338,0.8931233921589459,0.9405470302763893
3922,1,15,single_city,South America,15,246625.8359,14136332.0,123935573,1.0,0.5619892357689771,0.5175830081774091,92.62337994107264,0.0,0.017446239653963986,-2.229245699125381,-80.90562527645311,17.77,22.345,5.901452308396955,0.5238636868460644,0.55294081944312,0.5826746994906458,0.6131801375349701,0.6988670045383767,0.7873007651489793,0.8478693765822705,0.9118710567918185,0.969208702795039
3923,1,1155,single_city,South America,1155,257889.8727,10427367.0,83713151,1.0,0.5630590622879401,0.3361744433530871,34.73454896825296,0.0,0.02473202225451545,-3.2613643012597247,-79.95676853383797,6.99,24.2635,6.97900140997212,0.39597512967559306,0.417591420729701,0.4396765741533793,0.462285925104583,0.6082044489275192,0.7638833465821238,0.8379108551564359,0.9178047535873629,0.9866644187358131
3925,1,1040,single_city,South America,1040,613601.5318,14378782.0,118592239,1.0,0.5591177097637013,0.41436800324590223,55.039155759583835,0.0,0.042674096582033166,-6.769945464284424,-79.84467798799484,27.6,19.4165,4.433491789292616,0.6958286174726065,0.703818932646729,0.71214105617569,0.7207139658978069,0.769206459907383,0.821401492838545,0.8629701041437307,0.9051311161126165,0.9488906640353821
3929,1,3440,single_city,South America,3440,950197.8285,34728413.0,312102973,1.0,0.6566214956598582,0.5807494748411969,210.85616986571694,0.0,0.027360819179960798,-16.39585151030856,-71.5333426164993,2453.4,17.920499999999997,4.9150637468050915,0.4046647049492299,0.44474914531798504,0.4856880733363773,0.5278049129397303,0.6057023394648066,0.6860381440407312,0.7775748923511132,0.8728535335029562,0.9578600669140855
3934,1,3386,single_city,South America,3386,481341.7476,16175877.0,194504447,1.0,0.5455661185111649,0.5192274159471291,107.32981533692312,0.0,0.029756763580731975,-13.52900441874502,-71.95478714587587,3417.77,8.870000000000001,7.350154834883364,0.7674552050562699,0.7793307899163674,0.791815677134538,0.8047529664079419,0.8438578013420849,0.8832327298235515,0.9050398318434296,0.9281095547400614,0.9553537653630774
3937,1,2249,single_city,South America,2249,473317.6656,19494327.0,188000965,1.0,0.71719902539027,0.6093483712724972,99.53114695392901,0.0,0.02427976434374985,-2.893762342078642,-79.00904366683692,2601.07,15.292,7.237425865305837,0.4823921851726402,0.5166628732553835,0.5519184632534377,0.5878276280068555,0.7134413001279808,0.8433116465113158,0.8960399607537105,0.9493019174244897,0.9931715006114343
3938,1,2403,single_city,South America,2403,263600.6837,13876409.0,123574137,1.0,0.6582430464729407,0.610324635780895,93.65379689997364,0.0,0.018996318406296613,-1.2557501326814948,-78.6213169586292,2657.43,8.4075,7.278190267787195,0.3683907702634017,0.4167701456479122,0.4674292895229594,0.5209065976651452,0.5940580160184094,0.6720426732881685,0.7593908481654007,0.8486649535913794,0.9330092533305987
3940,1,1377,single_city,South America,1377,2221612.51,76143273.0,786607356,1.0,0.853138282527606,0.7651582389176699,280.9565894096354,0.0,0.029176740406207647,-3.067071965354216,-59.99196287252563,55.42,27.056,8.184894015452835,0.600161041146734,0.619052138722747,0.6380820404187248,0.6573163462516248,0.7682065229846371,0.894841032115864,0.9246641262715355,0.956692024520669,0.9863637724109916
3941,1,2411,single_city,South America,2411,187583.6753,11258422.0,87967845,1.0,0.7415296715083809,0.6309390442730302,55.62772085573944,0.0,0.016661631203733526,-2.4430150490668496,-54.719071737507285,30.88,26.788,7.819622441283179,0.7485851924896757,0.7672336318535582,0.7859933656777122,0.8050594479403952,0.8697630982388118,0.9381416862860532,0.9542887093768558,0.9710259572789153,0.9872576281116483
3942,1,5188,single_city,South America,5188,176659.6249,12117109.0,86992238,1.0,0.686696147936026,0.519463029160155,50.56359868821013,0.0,0.01457935427501725,-10.200289815754509,-48.32735783340982,260.98,26.868499999999997,7.440450803525971,0.14116221947000723,0.14487292307100647,0.14880802013087446,0.15295298573281796,0.42822648537699876,0.7723420660819342,0.8320633246758777,0.8953672035136434,0.9577710326778442
3943,1,5326,single_city,South America,5326,357745.2121,26348412.0,216121194,1.0,0.8909484822214438,0.6112310865241203,72.66913668385044,0.0,0.013577486647013111,-16.325576696182402,-48.95113768800858,1041.27,23.8705,7.110893246405871,0.4975082748819929,0.5274118986753358,0.5579790539179363,0.589333391325443,0.687817049467725,0.7927092911709442,0.842895313766917,0.8972936964853897,0.9525500436231223
3944,1,2258,single_city,South America,2258,777014.379,54498065.0,437795369,1.0,0.9664169344129342,0.7142228329510422,178.85294854360023,0.0,0.014257650780812125,-15.614940513756919,-56.08788414915976,180.74,26.579500000000003,7.242373297603167,0.5408547257595293,0.5852881198626043,0.6304470993603167,0.6762431289991672,0.7521356950930276,0.8350797592538377,0.8722591710366231,0.9122786653067407,0.9540357258555877
3945,1,1375,single_city,South America,1375,1845509.585,82934736.0,644454107,1.0,0.8577694737025451,0.5292782072282574,204.94997490466918,0.0,0.02225255271807943,-17.79737647596285,-63.160303656316735,406.36,21.8645,7.098304561684718,0.4220489349601354,0.43468874127723756,0.4474522472706732,0.460277753823199,0.6125607369148676,0.7840913124749079,0.8327892187418309,0.885779632794635,0.9409865728637515
3946,2,377;668,multi_city_aggregate,South America,377,336696.02904000005,16412172.0,107967055,0.7543795543941412,0.6110884433567912,0.5305064818845124,99.60880946395648,0.03948936684879002,0.02051501952575199,-24.21692999516661,-65.2710248537887,1231.4115902075607,9.341675224095873,7.254890655819233,0.4812714002753566,0.5020400712349347,0.5229817235646811,0.544117804761003,0.6407717394138935,0.7445725038709076,0.8113383773945337,0.882401366497987,0.9495592052045275
3947,1,526,single_city,South America,526,596919.3145,28094575.0,190863494,1.0,0.7742461313393596,0.6483093673006518,120.80533808352608,0.0,0.02124678214566335,-24.79991673568851,-65.41642729363224,1205.44,11.171,7.294412624751827,0.6154424475187825,0.6298037254523338,0.644207289129663,0.6586920072647477,0.7347996187876129,0.8135152071173883,0.8646312677803455,0.9177801764219604,0.9664203142421625
3950,1,802,single_city,South America,802,212045.5814,14822019.0,105066964,1.0,0.5757257664733598,0.5173697870364317,78.4291711600544,0.0,0.014306119928735754,-29.417736225905937,-66.85637681907407,516.32,18.125500000000002,6.4454943971545,0.39702162033391,0.4110742942644993,0.4252587316208406,0.4395422782820613,0.5849684175954706,0.737630008435423,0.8042981863671879,0.8759745888869795,0.9450079641646661
3953,1,3389,single_city,South America,3389,389461.5074,19060415.0,150412192,1.0,0.7007214975139299,0.5459626509267244,69.09291177760271,0.0,0.02043300250283113,-27.48329405567097,-58.81172755729114,58.94,21.264499999999998,7.291957253774244,0.6308088255161286,0.6573635463865818,0.6844485285341374,0.7118701770134596,0.7836911211009834,0.8612160857987614,0.894644266664708,0.9302248140976993,0.9661249768171365
3957,1,4177,single_city,South America,4177,193947.9158,15232411.0,144407009,1.0,0.684061974361636,0.6385890216872765,67.52548017884281,0.0,0.012732581585410215,-22.118909090016253,-51.39989341394549,437.75,23.645,7.254148143045079,0.5360297854358053,0.5651271489457579,0.5945759341708939,0.6246088029006045,0.7444673728932341,0.8762488092003294,0.9109049119013398,0.9487639218768453,0.9827033947547765
3958,1,4776,single_city,South America,4776,183391.9108,13983438.0,104460691,1.0,0.638320566872596,0.5775035530576834,69.92717679315282,0.0,0.013114937170672906,-21.204280773131135,-50.443262756105824,390.55,24.308,7.193462652999699,0.4440910740262874,0.47332952025102837,0.5032909646397402,0.5331942688200141,0.6781227906899576,0.8337094926154784,0.8813369787887643,0.9312124815084817,0.9777892246527642
3959,1,6115,single_city,South America,6115,630850.1973,42869151.0,331623803,1.0,0.8227926551388488,0.7390997896799935,142.0896338892772,0.0,0.01471571474088675,-18.918427404596223,-48.27933945568257,861.85,23.6235,7.108149208875504,0.43640061824410753,0.4655962279262307,0.49517920240594454,0.525121106317221,0.6769709994956513,0.8388955032022911,0.8840495348275034,0.9336837111609698,0.9782039303740818
3960,1,6743,single_city,South America,6743,343570.1978,21541679.0,161742409,1.0,0.6509735455376243,0.6275280872956174,124.93913697530644,0.0,0.0159490909599015,-20.52817965089004,-47.397046188731565,993.14,22.941000000000003,7.27924710870439,0.43589694192360773,0.4824400177906281,0.5300131897796825,0.5783026012039266,0.6955330176445392,0.8271043775185769,0.8749828181916554,0.9284258204757392,0.9766909998055398
3961,1,6638,single_city,South America,6638,226963.9243,14763355.0,123170182,1.0,0.6649719998696707,0.6157230565337036,80.54150271009777,0.0,0.015373465198120618,-22.020011303004864,-47.89500445910396,830.94,22.186,7.198320815253542,0.4325750481513179,0.4561949502670633,0.48006154427635184,0.5040285897074208,0.6376060184151908,0.7829830008151941,0.8463366219941199,0.9156195187340547,0.9775363391315863
3962,1,6518,single_city,South America,6518,214481.6557,17769055.0,142812902,1.0,0.5389570334226262,0.5269627557533497,115.71638957567879,0.0,0.012070515607048322,-21.783260819133417,-48.165213238569,673.85,22.186,7.198320815253542,0.39493844776776255,0.41670274530637674,0.43892638072199114,0.46111681234595764,0.5897526908437168,0.7269158658127852,0.8059041969311255,0.8933810492454438,0.9717426165882204
3963,1,6593,single_city,South America,6593,637641.3766,37342331.0,324179273,1.0,0.6873186517244235,0.6656045691378095,173.6251581168829,0.0,0.017075564366884326,-21.165862564428636,-47.80889108675692,563.43,23.232,7.212579457385676,0.41729957886131963,0.43999245788914465,0.46295363832536324,0.4861420407847598,0.6400771553334472,0.8095884266035775,0.865048542363357,0.9248796225388286,0.979420754424784
3964,1,6488,single_city,South America,6488,318606.888,22149472.0,157423328,1.0,0.7770481374813154,0.7205717942005493,93.52073618573492,0.0,0.01438440103673803,-19.754080301505887,-47.9310719328929,783.37,23.621000000000002,7.338742574187758,0.4803852209208418,0.50829884342164,0.5365913914336198,0.56522390240273,0.6662147973549889,0.7743321375787197,0.835555583446865,0.9025072471253491,0.9639493438037711
3965,1,5914,single_city,South America,5914,106518.3868,8133107.0,62259072,1.0,0.6699872052776605,0.6560041260547793,43.396327298212086,0.0,0.013096887425678772,-21.137476130253628,-48.966859648461586,526.01,24.045,7.166052051639953,0.4743273388632413,0.49543772140216524,0.5170666019763419,0.5391057808534918,0.6743188058389001,0.8189970942224171,0.8659604502928585,0.9151914514342427,0.9633065198822541
3966,1,5528,single_city,South America,5528,419611.9174,28750023.0,242014101,1.0,0.7974146804018152,0.7098029547356915,103.16603163900386,0.0,0.01459518545080816,-20.798011968568108,-49.38619457842771,512.92,24.255,7.1416983054749,0.5026566065703669,0.5346294157747282,0.567191546246763,0.6001471372735945,0.7055897311803889,0.8224702637629194,0.8685025051979959,0.9186232998839687,0.9669152264678188
3967,1,5989,single_city,South America,5989,355595.7234,24466333.0,199742969,1.0,0.7649388994750463,0.7284945734065149,110.43408192395549,0.0,0.014534083362635505,-22.318402788633286,-49.0743914567645,558.77,22.377499999999998,7.17449955257423,0.4249745558519129,0.4456481075443549,0.4669978128720802,0.4881944507172366,0.6670687021222184,0.8578520941409569,0.896165355061586,0.9366634141699943,0.9751767050665091
3968,1,5429,single_city,South America,5429,212636.0899,14218361.0,129199067,1.0,0.7450723025624943,0.6771225661201841,66.23902894029985,0.0,0.014955035246326914,-22.209225455772025,-49.94954410823121,620.78,23.0255,7.194985874533558,0.4922024416175676,0.5117597590889695,0.5315759671596466,0.5515810155614983,0.7133202624409382,0.8878230760915411,0.917492599885458,0.9491435756906158,0.9789034755834375
3969,1,7052,single_city,South America,7052,699216.6125,38564647.0,323765156,1.0,0.7033049159633102,0.6440949244226389,184.85163564267356,0.0,0.01813102587195988,-23.49275864325592,-47.47134355537477,600.13,20.011000000000003,7.231391557472453,0.5330190887005914,0.5585599422185817,0.5845639660593808,0.6109218632287753,0.6910727330137366,0.7796730772616692,0.8428848836604157,0.9127689928031754,0.976700914700451
3970,1,6818,single_city,South America,6818,363548.3647,24659203.0,217064867,1.0,0.706367812653685,0.623074914473067,109.51752482933688,0.0,0.01474290814265165,-22.725624522901253,-47.65254751531015,533.81,21.256,7.255965850983697,0.4163217278352427,0.4452671483340317,0.4746731676607715,0.5045002062718734,0.6308304043727609,0.7649600840708437,0.830157406141634,0.9000837942734807,0.9657012840196011
3971,1,6848,single_city,South America,6848,190082.3868,13009302.0,104600342,1.0,0.5515826965046082,0.5357112932110676,73.98365197073056,0.0,0.01461126713792946,-22.40052701098065,-47.567385880774296,602.51,22.438499999999998,7.157910313203194,0.4557868669664214,0.5007162567215366,0.5463358449208113,0.5923930430702585,0.7202712336142246,0.8555621969572234,0.8987468351491879,0.9448742138509814,0.986401422612835
3972,2,7156;7169,multi_city_aggregate,South America,7156,206478.10244000002,17456906.0,140606954,0.6152773578548226,0.5103064257263098,0.5020090559747041,110.0914465455254,0.01799025296409311,0.011827875022068631,-22.383715590396253,-46.94422322514188,639.0723534244842,22.1575,7.2500828396861365,0.4368515245485082,0.4604799957105801,0.48443613089283977,0.5084682818364262,0.6317873281783152,0.7658270027919036,0.8326736135257874,0.9047120377459786,0.9706308208338866
3974,1,6974,single_city,South America,6974,286985.6857,18589936.0,157162535,1.0,0.705366649162822,0.6675762235951435,80.05511417557271,0.0,0.015437690893610391,-22.57672349302628,-47.40875298204704,604.02,22.438499999999998,7.157910313203194,0.46694679314657134,0.48454233516457507,0.5024068399159631,0.5205854931399441,0.6535686836146182,0.7961577705270206,0.8560098862093984,0.9212864422986717,0.9795570033162029
3980,1,7395,single_city,South America,7395,461676.7043,28040670.0,244409635,1.0,0.6568082113757158,0.4268797039328614,113.76619365349973,0.0,0.01646453898212846,-24.037130833769844,-46.521249277838976,6.8,22.2815,7.424535439255333,0.43491507157282616,0.4571603674234603,0.47978143888858577,0.5025250109929613,0.6360651510823386,0.7774864509300241,0.8420494232127834,0.910223543160702,0.9726158825734192
3982,1,7375,single_city,South America,7375,131712.9494,9764752.0,95385802,1.0,0.7149877961307874,0.6572516443484231,47.33240688087367,0.0,0.013488611835712778,-22.938968893187827,-46.54279698984707,840.06,20.044,7.31548581906043,0.37026992595408464,0.3892369207123745,0.40873736475847006,0.4282581882263881,0.5630580274849786,0.7066702769307402,0.7895453975687248,0.8788850961089437,0.9614300496315729
3983,1,7255,single_city,South America,7255,471081.4126,27357505.0,314004038,1.0,0.5503810806952225,0.5342735002097622,199.81752944932248,0.0,0.017219458155997777,-23.19762620455937,-46.85546475582287,757.44,19.9305,7.317344537744577,0.5823440770640451,0.60591197918085,0.6300742702962131,0.6547756456592075,0.7420723490683818,0.8379172735232983,0.8851273900891181,0.9349709339356788,0.9804711357998472
3984,2,7104;7117,multi_city_aggregate,South America,7117,215556.0847,14567167.0,115139673,0.5186707889049395,0.5686338762867039,0.5372898092366685,89.31829259043637,0.1622891457329082,0.014797392293230386,-23.23752112338442,-47.29327026614129,569.1211069805131,20.62108477506299,7.1982351219319956,0.5346953872362417,0.5564138174567506,0.5785188019056828,0.6010634051219431,0.682496328901838,0.7697068345547216,0.8347520145818332,0.9046608719457943,0.9687286484736531
3989,1,6668,single_city,South America,6668,525537.2455,34344869.0,320007801,1.0,0.8777943122622347,0.7325000415880133,138.45675949095522,0.0,0.015301768817345029,-26.305270507588194,-48.829724157011015,21.12,19.835,7.57781293631705,0.5969861757224929,0.62206913644073,0.6474867905304865,0.6732653718958719,0.777572597525412,0.8903788510592369,0.9204975275928408,0.9518543512278356,0.9810623822731716
3990,1,6623,single_city,South America,6623,225913.7438,14276810.0,159893681,1.0,0.6335754313540276,0.537825614838048,98.56990173901758,0.0,0.015823825056157502,-26.91102114948821,-49.086741046479325,62.39,17.954,7.554467606947382,0.5418328744306327,0.5822620039070353,0.6238181358440716,0.6662316021576249,0.7514584840731228,0.8425592271662927,0.8860043665216529,0.9311651552412619,0.973309864038255
3993,1,4254,single_city,South America,4254,199701.9996,14237149.0,124466584,1.0,0.534095232690255,0.45402111222053876,77.41444253707766,0.0,0.014026825145961456,-27.09752256039471,-52.62687412138756,663.35,19.802500000000002,7.601927683820026,0.3739394734156396,0.3986116883373209,0.4238314145620026,0.4490350561056852,0.616818507694202,0.7925906373530263,0.8526399491920749,0.9194991918676977,0.9763816477582696
3994,1,5689,single_city,South America,5689,300890.2003,22969770.0,200057277,1.0,0.732734377253041,0.6456129435151234,103.72509901674424,0.0,0.01309939978937534,-25.091270908484244,-50.158986786519066,893.79,18.5475,7.246375207660809,0.40151224849008066,0.42763989365152544,0.45411921843361946,0.48071604548064695,0.6317389769248887,0.7929051096288731,0.8504445190352363,0.9129132768852278,0.9696571189001892
3995,1,4519,single_city,South America,4519,632532.9337,42826475.0,359310784,1.0,0.8028707884207301,0.7565553231264913,181.6941074027269,0.0,0.01476967071653691,-23.303513890103815,-51.174931263679845,560.86,21.0225,7.446637898230574,0.3899923353486366,0.4209990432320194,0.4524891903898231,0.4842546345455702,0.6364587559447749,0.8021499551387313,0.8585938954817085,0.9193976156104372,0.9744188612301152
3996,1,4056,single_city,South America,4056,489576.0416,34660673.0,274792736,1.0,0.8753101135397204,0.6900583133322314,105.7906574973416,0.0,0.01412482791664201,-23.419660839220374,-51.91908785371527,531.74,22.1085,7.364863303686217,0.395740094256104,0.4169755157379662,0.4386160938075265,0.46044230012498605,0.6014780209259064,0.7595859434120047,0.8228175777198555,0.8928193633170366,0.9593458557483866
3997,1,4740,single_city,South America,4740,137723.7082,11859622.0,103728594,1.0,0.5520733187130232,0.5090892043456056,61.271941091741674,0.0,0.011612824439092577,-25.38467288237933,-51.47399137109214,1065.1,17.594,7.585177467380349,0.5279056954766349,0.5465513150419128,0.5655248539961898,0.5844634845866082,0.7227303703271487,0.8694733272274614,0.9056278522199106,0.9425463138707119,0.9766928490638235
3998,1,3390,single_city,South America,3390,298533.2694,22673441.0,176772403,1.0,0.8786761702086049,0.766355249610894,81.93193529345439,0.0,0.013166650328902437,-24.955834632937922,-53.454721937223546,726.81,21.052,7.638495165518226,0.477123917803213,0.5090621666115875,0.5416800652357973,0.5745880830351247,0.7067896751975141,0.8472792021290461,0.886955535333168,0.9296707103257948,0.9694452200704781
4000,1,5815,single_city,South America,5815,169665.2659,9021597.0,62869590,1.0,0.8394232899248028,0.4294444322936336,31.77087605970176,0.0,0.01880656671983907,-32.05723862067936,-52.13467991443032,3.04,18.5675,7.1633842196874085,0.6100465361066338,0.6354046850020013,0.6611988985985519,0.6881711741280396,0.7753271399731112,0.8678034498770008,0.9016065559124399,0.9368385663868604,0.9705269477233355
4008,1,5378,single_city,South America,5378,73337.1085,5926879.0,51439231,1.0,0.6084922061427341,0.5307396630378136,39.73559059686585,0.0,0.012373646990262497,-29.468155363641145,-51.967670826808444,46.08,19.437,7.483768182146542,0.4432879429460261,0.4678303707566832,0.4927053513324635,0.5178391527817592,0.6294559075695657,0.7481966478478809,0.8216687062448887,0.9018564408013053,0.9717525868167716
4010,1,5795,single_city,South America,5795,395025.157,21722206.0,261459279,1.0,0.731630237448248,0.6831569565897876,108.39972521257883,0.0,0.01818531492611754,-29.167682159181883,-51.184597104082044,756.93,18.6375,7.511086608233462,0.42360508872809693,0.4708293899800048,0.5191383416583012,0.5681486033232537,0.6875448101357662,0.8186361458868404,0.8730743093035762,0.9320726449238167,0.9841799677251933
4011,1,6698,single_city,South America,6698,160523.1733,13719744.0,118254452,1.0,0.557538650423132,0.4918144328177337,85.36190079083795,0.0,0.011700158056885027,-28.684563859701868,-49.388152656007385,57.35,17.9665,7.799795120692203,0.577002165638076,0.6111971185468184,0.6460643872072248,0.681275029621544,0.7651072060819794,0.8537689187203493,0.896035377919588,0.9405104060250686,0.980638778682751
4031,1,3839,single_city,South America,3839,137800.0965,8629890.0,63152237,1.0,0.5146959331892357,0.4523432600053528,61.2989577158382,0.0,0.015967769751410506,-33.342994816065556,-60.216503813143596,20.02,17.3375,6.967253619723268,0.6618407650618954,0.6972634645401042,0.7332276541184186,0.7696764385177564,0.8255408817493618,0.8836143913769469,0.9152077257068166,0.9480600563854232,0.9783063283541273
4037,1,2617,single_city,South America,2617,144403.5439,14206662.0,122197390,1.0,0.550620625914052,0.5381862293254437,74.94881392582933,0.0,0.010164494932025552,-33.124697436571765,-64.349581097746,441.71,16.5045,6.643951178448011,0.4946543389291587,0.5251509467882041,0.556194621931598,0.5875329475706538,0.6729140173814229,0.7633263183146048,0.8263888448954442,0.8908497999037353,0.9516935082991346
4040,1,4013,single_city,South America,4013,273870.919,24060270.0,213167441,1.0,0.5692151104864662,0.5619646072391791,166.63311834014152,0.0,0.011382703477558648,-38.72396683088225,-62.26635465260041,21.19,15.5245,6.3616892766771285,0.6789923803847587,0.7042168687217558,0.7295940569245483,0.7551481342478701,0.8037277220912318,0.8544689648121155,0.8896573064225797,0.926922100209183,0.964819347413807
4044,1,3052,single_city,South America,3052,346408.3447,15626754.0,123172995,1.0,0.6046595064854187,0.5763644546391554,94.83721526473103,0.0,0.022167645609574453,-38.7377687926468,-72.60600990332185,113.59,11.6305,7.347707478415289,0.3124736589569401,0.3189882556543733,0.32553728048704167,0.3321218213328245,0.451699630006334,0.5875648903156727,0.7186235221978922,0.8570034442213655,0.9714878086645505
4045,1,3224,single_city,South America,3224,220677.9756,9111696.0,73357551,1.0,0.8373094418764009,0.6209666862422356,32.04841239561552,0.0,0.02421919866510033,-41.46621831787042,-72.95156840489807,87.53,11.311499999999999,7.635139863146524,0.36697119833673114,0.37173803867029803,0.3765612900166994,0.38139650400979136,0.43212547916436195,0.48984810292178316,0.6436392302816073,0.8121998363422134,0.9533476533896653
4053,2,1668;1760,multi_city_aggregate,South America,1668,582129.46566,24011224.0,193962667,0.8570736335640365,0.5744755858008662,0.5239688103340221,183.34448074369178,0.030919626793084857,0.024244056265519825,-36.79314076322999,-73.08210678504928,17.663536715162877,12.66049006641644,6.986036689615975,0.5413922672163651,0.5450577196730996,0.5487356662867332,0.5524268983538698,0.6413947910360588,0.7382831878957941,0.8184868876322173,0.9047776573155955,0.9787859211175574
4066,1,781,single_city,Oceania,781,69429.83289,11417853.0,142215230,1.0,0.5660460797928344,0.47216586169746794,60.14054756347414,0.0,0.006080813344680476,-42.86550965213886,147.30118239626304,46.65,11.4285,6.6535479560278326,0.7996899241915271,0.8280677637030359,0.8583562075987491,0.8931692324292492,0.9080599478728619,0.9232635067205717,0.9313969973163957,0.9397319268342306,0.955203924941055
4082,1,7904,single_city,South America,7904,108259.7258,4466633.0,63547192,1.0,0.6649092607965991,0.655974649041478,36.84437522562516,0.0,0.024237434729918485,-22.421589812521198,-42.96738543925784,951.2,23.5565,7.4080853162701255,0.48965607875104133,0.5402626542185132,0.5915639364147446,0.6431000711274018,0.7342295639691016,0.8326728432803859,0.8790211776969363,0.9270157185513115,0.9715331436453364
4084,1,7644,single_city,South America,7644,82173.11771,4405182.0,38715288,1.0,0.6429921423403461,0.5675353929354973,27.06369413612368,0.0,0.018653739552645047,-22.57184395236669,-44.958562884727996,532.9,20.164,7.421420168216462,0.6088688276670521,0.6225474906598638,0.6364781296209782,0.6505138720715739,0.751670419065546,0.8580197140549471,0.8997246878789571,0.9439859692516677,0.9830408823063383
4085,1,7715,single_city,South America,7715,104934.991,5652933.0,49989411,1.0,0.9406222614380676,0.6101076975774059,18.88887831785776,0.0,0.018562928483320074,-22.471696804158416,-44.468446676640845,408.59,19.839,7.35329586303489,0.44574329821351144,0.47126562441125697,0.4970226960057726,0.5229294244244537,0.6208428438829896,0.7291006279395139,0.8087093903288788,0.8985209978607566,0.9743985998065076
4087,1,7757,single_city,South America,7757,118048.2577,6567317.0,73184618,1.0,0.7012526150419058,0.5895429216127952,30.31194785213695,0.0,0.017975111860749224,-20.663839930764112,-43.78645974376852,962.98,19.875999999999998,7.192275733783838,0.4200651498930233,0.45254903943269376,0.4853657894083687,0.5184296722695128,0.6179281432585026,0.7246131106508182,0.8096390047868863,0.901363220322698,0.979288041067608
4089,1,7771,single_city,South America,7771,98703.40261,5039001.0,56490681,1.0,0.5031153377847591,0.43549914313699944,28.858858015068364,0.0,0.019587891054199037,-21.21709253397404,-43.771776844337076,1135.24,19.152,7.411035910746659,0.506502777038544,0.5352906260586175,0.564880816653936,0.5946277843564627,0.6998559833586062,0.8104874359024735,0.8686316990212941,0.9293221017419921,0.9811280053328031
4095,1,7628,single_city,South America,7628,81795.45654,5425300.0,48761211,1.0,0.679259512512255,0.5091500698689087,22.69667629122668,0.0,0.015076669776786537,-20.081988955032692,-44.581422295879904,854.9,21.694000000000003,6.940305718316477,0.4808141485263488,0.5157994949588042,0.5514430538403406,0.5873863196505262,0.6958396770685492,0.8112707131402872,0.8675592133153927,0.928494645457394,0.9814885812766114
4096,1,7612,single_city,South America,7612,69804.84419,5180549.0,45732188,1.0,0.6823795213989358,0.6009394312688326,25.675484815417104,0.0,0.01347441056729702,-19.85910133692379,-44.59947349201389,826.38,21.694000000000003,6.940305718316477,0.4114675877016123,0.4486499403827664,0.48655345215343004,0.5254944987490708,0.6498925113921323,0.7817997667814743,0.8497960351306396,0.9223431725093229,0.9852106408027411
4097,1,7604,single_city,South America,7604,54184.83136,4259185.0,32995009,1.0,0.5300988119814225,0.47217846741276887,24.51111714310065,0.0,0.012721877861609674,-18.75895474986276,-44.43273093228768,637.21,23.1755,6.898072047454768,0.2991640419469922,0.3427782545252202,0.38681531795402174,0.43097000952060077,0.5760134861481715,0.726320176277856,0.7995123480196329,0.8751787020286745,0.9460939123329933
4098,1,7452,single_city,South America,7452,67743.45593,5042574.0,32131826,1.0,0.7018152914569245,0.5462673075768975,25.340518179897302,0.0,0.013434300801535088,-17.348665590145988,-44.94336139228986,499.75,23.4815,7.113472672957213,0.3218828320615622,0.3607161739222865,0.4005765706165145,0.44041971421738185,0.6316811612482038,0.832482775661795,0.8813496837131195,0.9313892071787147,0.9764550802824113
4100,1,7932,single_city,South America,7932,241735.9516,11995089.0,134604426,1.0,0.8216823882060943,0.742513394260329,52.78435464621183,0.0,0.020152910211837526,-18.86960495604151,-41.959060289925354,178.08,24.552,6.7731558876785725,0.5564995807867703,0.5843690697084448,0.6132373006986442,0.6429657170530373,0.7529403908549573,0.8680665895851211,0.8961296577290923,0.9253983859561192,0.9577976453530274
4106,1,8044,single_city,South America,8044,164856.0563,6437745.0,94073965,1.0,0.9107721581525683,0.7019198202633986,24.82793012613964,0.0,0.02560773318918348,-20.84532614664526,-41.12889611944607,80.78,23.7215,7.082420517496222,0.39561492416987626,0.42813780291080183,0.4611063345938679,0.493931337758796,0.6371884875837736,0.7905567865766662,0.8515618434715883,0.9157423911633654,0.9736275667955161
4109,1,8318,single_city,South America,8318,171302.8525,7773061.0,52115471,1.0,0.5630668089323021,0.4529389419961124,43.41314358695553,0.0,0.022038017262440115,-9.749092756551262,-36.66001919583357,266.22,25.881500000000003,6.6477318226842534,0.4027103350919284,0.42663887495543906,0.45092724732251555,0.475645952090174,0.5646303303164609,0.6560261137793721,0.7686277002071642,0.8858972031738848,0.9843832436153531
4115,1,8160,single_city,South America,8160,151944.6349,7273488.0,50382078,1.0,0.8445078236117634,0.5745043437383414,22.061885269460905,0.0,0.020890202183601596,-17.541927101806476,-39.7421257454256,110.07,24.628999999999998,6.789893052690258,0.3363129216683935,0.3597099493392991,0.3835946385008128,0.4080996627752737,0.5484178979878704,0.7047852419636906,0.7769889769530107,0.8540892622631673,0.9316869705428812
4116,1,8166,single_city,South America,8166,91529.81261,4453959.0,35031314,1.0,0.8521124220541995,0.5355478030198199,13.857932381485355,0.0,0.020550214451906718,-16.364496740238604,-39.577500168873605,181.46,23.805,6.85471994180297,0.35082159490017756,0.3959784991285281,0.4418071652657782,0.48835137458607053,0.5998959577310883,0.7162715238285758,0.800976838807901,0.8924707209922678,0.9711119927237768
4117,1,8214,single_city,South America,8214,68519.72433,2120953.0,16201452,1.0,0.5102259504398574,0.4260983491310433,16.957223964981875,0.0,0.032306102176710184,-16.418570127367822,-39.08964454504507,52.82,24.462000000000003,7.062462803742474,0.11464327592360604,0.12285750792214632,0.13141828225330782,0.14052409459332668,0.3551196089682327,0.6116335439776365,0.706409807289459,0.805538830893471,0.9056876790763397
4118,1,8178,single_city,South America,8178,212469.2674,6102914.0,51655871,1.0,0.8211709678090352,0.6045628954688084,27.97891275692008,0.0,0.03481439643422798,-14.794032843503581,-39.27567935843727,70.66,23.489,6.768605274334889,0.5601006338939071,0.5915552799859215,0.6235742466631514,0.6557537923686947,0.72931078497911,0.8060777195942791,0.8595805216983231,0.9156902751701892,0.9670665521421407
4119,1,8051,single_city,South America,8051,134720.9585,6581633.0,54034054,1.0,0.8443575487984019,0.5813591780165595,24.677212590218602,0.0,0.02046922982487781,-13.861299137142234,-40.08196563370823,213.93,22.176000000000002,6.568711137848084,0.40691086847291547,0.4456567237948394,0.4850622938106698,0.5250544963537165,0.6527869299306115,0.7854386593722257,0.8451233911097747,0.9081249288740347,0.9657057754511684
4124,1,8333,single_city,South America,8333,113405.4867,3427151.0,25260032,1.0,0.6073454381064527,0.4929544429435161,19.06129558017237,0.0,0.03309030932690155,-7.950696833777625,-36.20846198423175,450.43,23.45,6.056549793763916,0.2110782396223569,0.21721832507525932,0.22413689971641168,0.23111616616834216,0.43745081556079674,0.6810651179361517,0.768420766986923,0.860682823721511,0.9464782847327123
4125,1,8343,single_city,South America,8343,304401.4323,10960395.0,106857317,1.0,0.5671380982547027,0.5506642169623931,66.99556120187187,0.0,0.02777285237438979,-8.282560679159898,-35.97133762850865,551.81,22.333,6.533289439999137,0.37523428672050596,0.3862915524486116,0.39747682451225524,0.4088343531414698,0.5377876436022607,0.6764993414927108,0.7614100586703307,0.855425465961765,0.9413137938915522
4127,1,8398,single_city,South America,8398,110156.5854,3105641.0,30867267,1.0,0.561580271326799,0.35926601425714977,14.225858220023245,0.0,0.035469838722505274,-8.291505627743033,-35.03651750221548,26.14,25.5575,6.998758469737963,0.3517347948458949,0.39966370871584966,0.4502307253156434,0.5020886187424753,0.5809438373591796,0.6658589965807381,0.7612158005384395,0.8635531280015946,0.9526757922116561
4130,1,8373,single_city,South America,8373,108834.7974,3532209.0,32314378,1.0,0.5589725800678288,0.47330081709227895,22.97354119357948,0.0,0.030812105795551735,-8.117394636871179,-35.29429595986301,157.24,24.3955,7.035719641912271,0.35382136221271165,0.37835445184585625,0.40347754054191015,0.4289867898530353,0.54886786144308,0.6783103717815112,0.7610568910276827,0.8465424894166794,0.9294617051256027
4133,1,7960,single_city,South America,7960,132874.5351,3899528.0,31055774,1.0,0.6652082954850483,0.49775927567415007,15.974218894430514,0.0,0.034074517505708384,-3.684236829721179,-40.35845021324202,72.94,27.0815,6.442549720562686,0.49994332647438355,0.5152223551157986,0.5306211418407561,0.5460532659337233,0.6817458420608853,0.8262892329533216,0.8819369934002269,0.9382997121702934,0.9858195658551496
4134,1,7778,single_city,South America,7778,133883.6151,7356934.0,46493277,1.0,0.5856769167998317,0.4857947243208935,36.6493554416777,0.0,0.01819828954561778,-2.9179922132904554,-41.75973996799603,15.92,28.3335,7.079832457528559,0.5295571497583097,0.5560202116805724,0.5826890658527044,0.6099985401527321,0.6995003625151456,0.7976797127716518,0.8470901057424193,0.9009001575928233,0.9530795029559869
4142,1,1855,single_city,Europe,1855,190359.6349,7574015.0,80451255,1.0,0.6233808646859618,0.49328194281956994,36.07168650280044,0.0,0.02513325295764532,36.68734563787085,-6.127290681294676,37.79,18.125999999999998,6.605276269834251,0.5487484511187263,0.5770927308699547,0.6056192125312665,0.634204315676692,0.7192301573207869,0.8118225274177566,0.8707595641149377,0.9347599654872614,0.989311085335849
4245,1,4179,single_city,Europe,4179,135188.1463,4815436.0,49931452,1.0,0.657979889217238,0.36755544381312705,13.120357423542789,0.0,0.028073916110607635,38.997019693039725,-1.8630006239800445,681.7,14.2445,6.158853287306199,0.5766171536699896,0.5967345428326739,0.6169572184117907,0.6373373044517672,0.7077411058936304,0.7807056308089236,0.8427106081360026,0.910077924408091,0.9698990911726373
4257,1,4594,single_city,Africa,4594,56235.96487,1219770.0,14048475,1.0,0.5489623533634721,0.41295051587386716,14.800843833740672,0.0,0.04610374486173623,35.245080640688855,-3.934902933775645,63.93,15.6595,6.250977635448418,0.47267189716094016,0.5029866286267083,0.5336719217557409,0.5647138394943308,0.7013961648507505,0.8440074768194004,0.8848864949949581,0.9284873377767939,0.9689244693671758
4266,1,1065,single_city,Africa,1065,244927.5257,7696903.0,64585740,1.0,0.7151074321438825,0.6889386660816565,42.491510654808785,0.0,0.031821568454221134,35.19939414118176,-0.6271704899519531,476.98,15.6455,6.128829052709458,0.5291975226919191,0.544774307276576,0.5604629550352914,0.5762547611682257,0.6701134209434626,0.7854285028666724,0.8336871336432329,0.885841097386832,0.9404830748159357
4272,1,4557,single_city,Africa,4557,174622.7198,2947520.0,22843378,1.0,0.5048327396139153,0.4925602164747635,35.86607458611308,0.0,0.05924394738627727,34.22167610924054,-4.00377259919509,488.47,13.809999999999999,6.572090915943166,0.40042781728368254,0.4257928699381175,0.45166343230919553,0.47791668928455106,0.6619188334599935,0.8514921018347628,0.8990039083704267,0.9504573336228422,0.9927885137335795
4274,1,3930,single_city,Africa,3930,95616.45684,1684212.0,11029935,1.0,0.5258548451094958,0.4686700400666033,21.60927648917103,0.0,0.05677222157305612,34.22853931254227,-5.7189645898976496,61.86,18.2265,6.017255336968707,0.3879357230562423,0.41029276599382974,0.4328789962308783,0.4557953511790677,0.5876077358432311,0.7336689205396946,0.8112684151401367,0.8949312794351305,0.9680930904185459
4300,1,942,single_city,Africa,942,123416.083,6523647.0,38092270,1.0,0.6088507372628111,0.48296062327486466,36.80216570639133,0.0,0.01891826504407734,13.563878545751846,-2.4159564075618882,327.49,28.624,6.184363300939706,0.055002822807549215,0.07497340061471751,0.10937961542063818,0.14216173867163567,0.22347300520705674,0.318008929667715,0.4539821054082172,0.6659319549325707,0.8949268714263663
4301,1,1062,single_city,Africa,1062,160375.5421,12104700.0,100289359,1.0,0.8314536340965991,0.49760061207886125,31.283711110569072,0.0,0.013249030715341973,12.25461675646523,-2.3624294798289904,305.66,28.539,6.535186117097934,0.3246068056209572,0.3792913496410485,0.4558016307715185,0.5427100217270977,0.6294350128462498,0.7211333614215966,0.7955319008319083,0.8813740117475031,0.962472097614976
4302,1,395,single_city,Africa,395,1049698.23,40033255.0,274811397,1.0,0.9999999999999999,0.28894977422658535,49.12146161851953,0.0,0.026220656551659362,11.184681116713655,-4.289703345253368,433.95,27.5235,6.732595614502176,0.419122701863738,0.453839439236205,0.4997478221543564,0.5472576236931022,0.6048086272275387,0.6682154124115064,0.7337194789681728,0.8133284690440485,0.9036954402034009
4304,1,1768,single_city,Africa,1768,249953.4244,11288001.0,75927738,1.0,0.9842674228990566,0.356768055121959,17.133827997231073,0.0,0.022143285104244764,12.384898117814458,-5.463199147621969,365.09,28.334,6.569865638318248,0.34737213435753594,0.38197861605433947,0.42885051126412904,0.47615747021992644,0.5964374914566362,0.740984431167219,0.8071472530875927,0.8872910269940621,0.9672104919196942
4305,1,222,single_city,Africa,222,1318800.777,50833775.0,390574963,1.0,0.9012909065977556,0.4730731675871561,98.53450402668845,0.0,0.025943396432785093,18.087409212404758,-15.965854922771749,2.99,23.775,3.92443564883472,0.27432473783424505,0.29896792044265846,0.33043819783205164,0.3710880216942377,0.4364696306737007,0.548200246784741,0.6395705611082395,0.7722174086028433,0.9249625863906429
4306,1,41,single_city,Africa,41,146174.6154,5522663.0,39628839,1.0,0.6802825452213342,0.43162648455192537,30.245785754464055,0.0,0.026468139627567354,20.948819254885166,-17.036314126314014,6.1,20.082,2.9154707919511837,0.026174872520738638,0.02659803793930573,0.02702591123159244,0.027500138972810763,0.14815425094741433,0.4563995666583313,0.5751614755417812,0.7529650098150114,0.9545322609762718
4307,1,381,single_city,Africa,381,446344.9976,13345437.0,93999829,1.0,0.885626914595587,0.644130876718694,41.25201222560248,0.0,0.033445513818693234,14.784632414936265,-16.92671453987663,72.76,24.7215,5.862508386415255,0.4668901437997122,0.4950136889485148,0.5351619433668602,0.5813162206677833,0.6377486926805019,0.7038394471458672,0.7718284534256915,0.8555012473551822,0.9478379763809908
4309,1,221,single_city,Africa,221,176396.4567,6615636.0,42502052,1.0,0.8074605446056436,0.3291736237553782,12.829284648515141,0.0,0.026663567448390452,13.273908841645035,-16.645072311776055,22.19,25.627499999999998,6.74577385206279,0.3302027197385104,0.3693523948415542,0.42346691988495133,0.48632981016488813,0.6422161074158251,0.8443059745125034,0.8893689132836208,0.9437088134836923,0.9916036795252943
4310,1,43,single_city,Africa,43,580207.9454,18289990.0,138867470,1.0,0.7414158646259493,0.4173068439148656,54.67417343054169,0.0,0.03172270435358357,11.867643637427145,-15.613076558978808,16.41,26.647,7.243931757585544,0.4194517328877709,0.4552751532395589,0.5006271189869431,0.5489019403509788,0.6252328732820521,0.719686396766756,0.793329466008456,0.8884070466960343,0.9766558100906562
4312,1,1576,single_city,Africa,1576,375704.321,10630673.0,68746654,1.0,0.6844376329618203,0.436621667985286,32.747248140518174,0.0,0.035341536796400376,14.15507512483756,-16.073732918825343,4.45,27.0465,6.508104236391562,0.5962677057228644,0.6225875821784754,0.6573813341826994,0.6974632744323901,0.7532351902838137,0.8230937025341669,0.8623145496056552,0.9093767628822748,0.9587162543707252
4313,1,1054,single_city,Africa,1054,339108.622,10135958.0,82250453,1.0,0.9966542515290224,0.3429484735357803,15.846832259115196,0.0,0.033456001100241335,7.955206118203378,-11.735736362339628,90.43,25.619500000000002,8.019075314457481,0.23805110478950287,0.2656179119921373,0.300793077477235,0.34072289960159663,0.4167483724774708,0.5183999381212906,0.6171044710327331,0.7714488359166445,0.9442197767591382
4314,1,813,single_city,Africa,813,245823.9799,9169711.0,84046871,1.0,0.8322253965420912,0.3228745215937724,22.823698764983668,0.0,0.026808258177384216,4.761202788763735,-6.661445330387482,9.63,25.862000000000002,7.479117520692335,0.6367501658449214,0.6777744685737642,0.7261605082210334,0.7800790013992808,0.7813060847828247,0.7826790833429755,0.8086656166153983,0.8415066734382359,0.8915473999126036
4317,1,1938,single_city,Africa,1938,243816.1576,10854759.0,72593445,1.0,0.7695564237285011,0.46413099529084384,33.622507912429704,0.0,0.022461683175093984,10.364543057777198,-9.295435571975764,380.14,26.8515,7.2742962432893155,0.4735700718919692,0.5079234831468852,0.5530319926955541,0.6029929360937447,0.6533684442003733,0.7105713724275223,0.7771892494342804,0.8606984272981095,0.9500435707508569
4318,1,2183,single_city,Africa,2183,301902.6728,18445534.0,130394082,1.0,0.9848453896271169,0.5124062217190231,33.03883976438067,0.0,0.01636725034905468,9.46248219797881,-5.628011189798731,373.78,26.751,7.0216329207278365,0.43957399118941204,0.47036789501458726,0.5102690439864739,0.550917203047632,0.5993313611847724,0.6541504301257963,0.7170012535283609,0.7983686457654194,0.8921021207626735
4322,1,1940,single_city,Africa,1940,185605.7375,7832068.0,59200855,1.0,0.7688699958372601,0.37896181962365577,18.912475760822442,0.0,0.02369817748007295,6.134589950954617,-5.953479194336111,202.93,25.662,7.21796677235281,0.5022398937292168,0.5341811383660101,0.5739516051188523,0.6165861940933097,0.6579755180879431,0.7043845891021375,0.7579636693654855,0.8319765609798077,0.9214341601732774
4324,1,2415,single_city,Africa,2415,163996.5127,7415282.0,59372582,1.0,0.53839612253847,0.41089235580407746,32.991418987331116,0.0,0.02211601833888448,5.831616620965147,-5.36052511320529,148.81,25.556,7.326921430992529,0.3921768585469845,0.4184999302791182,0.4515917263834336,0.486204165937317,0.514778399526815,0.5527462070896292,0.6411037368504664,0.773374363914953,0.9250309023985871
4328,1,3228,single_city,Africa,3228,125694.2396,5687368.0,48010616,1.0,0.5015540254085262,0.45385515586583086,36.264664107802126,0.0,0.022100599011704535,6.731002810910859,-3.49816150582548,186.08,26.355,7.089083008760248,0.6851628028993376,0.7137976652820778,0.7485024707386615,0.784894348317183,0.8032244440662183,0.8284236223152783,0.8711233385988035,0.9238911566826694,0.978675549041314
4329,1,2558,single_city,Africa,2558,638827.7217,33533693.0,264769414,1.0,0.9784439779052646,0.34724035490353067,47.20666227006348,0.0,0.019050324153083886,9.414278754119639,-0.8476859836222153,166.53,28.957,6.718839226217154,0.15510027481911998,0.183282318472946,0.22578014297441085,0.2743009247445547,0.37106837591672354,0.4951382777912352,0.627528289234353,0.7978248324752063,0.9676378918361304
4330,1,943,single_city,Africa,943,158741.0835,13072426.0,97206907,1.0,0.7129659986048076,0.4360696513577363,33.38407898889227,0.0,0.0121432000074049,7.578696541849928,-1.9448599812570733,404.1,26.774,6.88076941389715,0.13315539135582025,0.15522849393065985,0.18787400288209702,0.2233686386903242,0.3411606231314677,0.4949051537947126,0.6139655332529708,0.7768544262556927,0.9503805185051344
4331,1,543,single_city,Africa,543,178661.1563,18467329.0,144649292,1.0,0.8978523025295507,0.3735673976660008,33.02471215550393,0.0,0.009674444869639785,7.337904469174229,-2.3146751786027284,290.48,26.6705,6.940997096414366,0.22164212269137568,0.2511991311791759,0.29580330756007,0.3438674320471574,0.4690229973159627,0.6208326607491532,0.7154965940120523,0.8408702742015373,0.9668832455413557
4334,1,3395,single_city,Africa,3395,210590.5057,13680695.0,104516501,1.0,0.5086922305717433,0.31362179499873155,48.64308650007472,0.0,0.015393260773666836,6.082146602951362,-0.26018063775727013,184.09,26.583,7.189181700587002,0.2688273512420239,0.31604710140822523,0.37810367090268443,0.4516875056420745,0.5278451862277465,0.6117335413149697,0.7124594912758453,0.8413868593664284,0.9715352911529714
4339,1,4018,single_city,Africa,4018,71666.33621,4857575.0,31230681,1.0,0.6335135703450993,0.22097871483036421,17.597417213495085,0.0,0.014753521296119976,5.86348198383287,0.9753616434049382,2.13,26.477,6.823613598653301,0.5947654951287422,0.6676670972656109,0.7682067698388599,0.8974298904288662,0.9271286598765845,0.9578209291673314,0.9640345233990211,0.9708943248431573,0.9800554803579976
4351,1,2031,single_city,Africa,2031,323725.5109,21173255.0,150468064,1.0,0.9346072852312499,0.3370839729612131,29.18109936147358,0.0,0.01528935966151638,9.349669752147962,2.621966864933742,367.48,27.245,7.087343102530036,0.38716692355521154,0.4213203874416097,0.4676627660697422,0.51474220661868,0.5869933555327228,0.6690695880250817,0.7554675934333195,0.8651929521464697,0.9741455907464394
4352,1,3709,single_city,Africa,3709,396356.1304,22469501.0,172542888,1.0,0.9135317852156233,0.3303582582590018,31.730532639187302,0.0,0.01763973887982648,8.126252271532808,4.237055088653127,333.83,26.6075,7.006490948727311,0.33685808153906044,0.36851361318615844,0.4146007514808629,0.46423167118842557,0.5014859475517502,0.5438489265961002,0.6584144436496386,0.8136328439158484,0.9721492702485917
4355,1,4449,single_city,Africa,4449,253120.6228,11076620.0,87904600,1.0,0.8746610034033919,0.39452171913087436,21.51383686847986,0.0,0.02285179258654716,7.903829429956446,4.686930375315732,392.72,26.2975,7.064885088221921,0.42628175382020866,0.45898586391877666,0.5004779436326244,0.5479641804088251,0.5800633225659091,0.6164364219409892,0.6989420057743246,0.8209716501965401,0.9531393150618149
4356,1,3936,single_city,Africa,3936,110277.3217,8370911.0,61691564,1.0,0.8393508359560894,0.5186263845792098,25.38136873664569,0.0,0.013173873393230439,7.71277025682081,4.448025651571147,298.14,26.147,7.27335175741777,0.34923689906630234,0.384914975204013,0.4351580132676121,0.4962665353866503,0.5259247171544411,0.5585285759220233,0.6585991656105291,0.7999821046956538,0.9495078851035449
4357,1,4916,single_city,Africa,4916,219451.6641,7265693.0,55672743,1.0,0.6989595400881229,0.40694210276988674,22.590108718900407,0.0,0.030203817323412922,6.7513354011937405,4.8810515157991174,85.76,26.191499999999998,7.809168284303289,0.12146150408501984,0.14491749100877233,0.17499363102735005,0.21227486490276978,0.2745611464728829,0.3543787220296811,0.48694033728097236,0.7028792711170153,0.9525562117749814
4358,1,4672,single_city,Africa,4672,195658.6026,5231243.0,35113742,1.0,0.6057646389966342,0.3376041761129395,19.284764087379656,0.0,0.03740193346017381,6.4981474774549355,4.777920853078284,31.02,26.6475,7.7741853739352935,0.25996957128544784,0.29436636761091006,0.337774980057321,0.3898438669356403,0.43032774428563153,0.47856905137077366,0.5792869878153242,0.7413423540064952,0.9364990309186555
4361,1,3121,single_city,Africa,3121,161436.3603,3876542.0,25047920,1.0,0.5199194017692835,0.37299263992928994,24.074428444561168,0.0,0.04164442441227259,6.945485473975885,3.9238686415739554,53.77,26.517,7.56027419625472,0.43569139712661437,0.48998256693723424,0.5605054711131725,0.6430086401746712,0.6689255527219878,0.702009677697288,0.7594327624981233,0.8369443694921918,0.9248407472432906
4365,1,2112,single_city,Africa,2112,116590.5843,3331881.0,21475141,1.0,0.6074663892833745,0.48168103679545377,23.02543486676395,0.0,0.03499242148804234,7.539501123923738,3.4301599656997106,173.7,27.012999999999998,7.07225734077254,0.372707488652806,0.429037831783308,0.5050045304739275,0.5854035603312363,0.6216779650893894,0.6632997997227392,0.7505259041364323,0.8553615810408595,0.9512536612201936
4372,1,6320,single_city,Africa,6320,270839.6271,10120457.0,84810479,1.0,0.7568751013999838,0.24997766472502272,17.596491546751018,0.0,0.02676160049887075,5.4976669106081895,6.001802877403408,9.84,26.3235,8.060010225121855,0.3820907494592388,0.4195855977650021,0.4641249896126232,0.5137690916526794,0.5145144137265738,0.5159257136313113,0.6172763739819259,0.7757872001234727,0.9485398732488068
4378,1,7278,single_city,Africa,7278,246981.948,14707234.0,101773238,1.0,0.5990918939128813,0.28377501987125675,41.514572945592654,0.0,0.016793228964739393,6.223383766765155,7.072239390938169,94.62,26.9625,7.442216176064484,0.4506031521630784,0.4955418537571375,0.5538649891611163,0.6209927713124032,0.6870655624300259,0.7636990748906286,0.8296168402569783,0.9059962600717443,0.9768405126348028
4387,1,6934,single_city,Africa,6934,368131.4592,20716391.0,160157155,1.0,0.6974920932437961,0.225485547350926,25.082578390865468,0.0,0.017770057496983908,6.205055586781636,6.7070569289654225,61.89,26.138,7.711855333772229,0.2056899775641423,0.23192625588115226,0.2688906576439883,0.30606889974223794,0.3565771663606851,0.41230752982022784,0.5534002037323972,0.7582914900573174,0.9669007985029825
4388,1,6864,single_city,Africa,6864,103667.9072,4038029.0,26499803,1.0,0.6867338433702324,0.5819070401657832,21.917747566224488,0.0,0.02567289813916641,6.187413809035191,6.525987831814174,195.28,26.138,7.711855333772229,0.5121684366308414,0.5456181716376975,0.5880462968443267,0.64241886326225,0.6602396862429666,0.6789921518641892,0.7473235085731182,0.8397490458835238,0.9421286969459605
4392,1,6045,single_city,Africa,6045,290257.3521,7530788.0,47703687,1.0,0.7344303068387064,0.5831338289583133,48.295353482189846,0.0,0.03854275968198813,7.53597016211302,5.7678734781691645,415.31,26.012999999999998,7.325807831759643,0.31411838973557615,0.35335810807580825,0.40421307836577,0.4614556936140016,0.523424640289967,0.5962710675164405,0.684034658790023,0.817879085163465,0.9529543256296685
4393,1,6684,single_city,Africa,6684,187625.199,7394446.0,49770630,1.0,0.9739528141172,0.4953156125817189,18.55401812067622,0.0,0.02537380068770534,6.710379195907396,6.333307499672792,373.67,25.9955,7.653601403041865,0.47059536306032934,0.519742790737805,0.5802482025022564,0.6509589765075031,0.6592268034684411,0.6677661855938903,0.7498241247552555,0.8567362585378269,0.9693870237202354
4394,1,5669,single_city,Africa,5669,308265.1689,5202798.0,38799341,1.0,0.5640664457876604,0.4840075768900893,39.75463207941988,0.0,0.0592498822556632,7.493630881631827,5.226618656108682,377.36,25.506500000000003,7.4496693112443575,0.4146480413039292,0.45296915236762986,0.5035530881652526,0.561636258028853,0.6008036445005168,0.6442927440196602,0.7254998175981462,0.8419494664217215,0.9652277486075762
4395,1,5601,single_city,Africa,5601,550008.5972,24474875.0,190181259,1.0,0.9998893524224727,0.3303819881179197,35.35607726849932,0.0,0.022472376149009952,7.624917973166521,5.222778966562565,412.99,25.506500000000003,7.4496693112443575,0.20339078340543107,0.23153372591279833,0.2676903150680034,0.3080994693537761,0.3399197748711689,0.3753667383388066,0.5016945745381743,0.7042524629849999,0.9327886250695867
4396,1,5431,single_city,Africa,5431,140770.9158,1769857.0,11973318,1.0,0.5476410405513487,0.47133396782563036,16.912436871790256,0.0,0.07953801680022736,7.9865734422272245,5.121122606609617,548.02,25.331,7.33717288846755,0.20149594006747437,0.2415760143333614,0.2912687296205287,0.3485179876114285,0.38730643210157656,0.4319608872355224,0.5431088500370369,0.7185840437956287,0.9276365265668356
4401,1,7996,single_city,Africa,7996,178618.2018,3135023.0,24776475,1.0,0.5121677518580888,0.49738162128469376,38.75284551684778,0.0,0.05697508496747871,5.882177146122856,7.944508278106792,77.1,26.979,7.460348466077257,0.414319448374063,0.48063985495481215,0.5705026725481759,0.6766144937373665,0.6929987435498879,0.7167634814800402,0.7854526107144988,0.8719103496210394,0.9568934581979144
4402,1,1692,single_city,Africa,1692,322236.2762,16445307.0,149681990,1.0,0.8314067782731348,0.6476098673145421,53.801291945774246,0.0,0.019594421448015535,5.48722166224247,10.414702504665424,1369.24,20.3235,8.044576711647617,0.49721972353571753,0.5640450494478455,0.6479525739470842,0.7386683629560701,0.8205710601814852,0.9041757019190946,0.9372766954122534,0.9707038609859944,0.9979108933630731
4403,1,1191,single_city,Africa,1191,65356.94522,4089697.0,40076715,1.0,0.6781148957782923,0.5176331565692746,16.191959504650338,0.0,0.015980877121214605,5.448666854456656,10.05669683311868,1374.26,22.15,8.321107137074515,0.3574140089106846,0.4275500116512299,0.5204480918757551,0.6192050413514743,0.716681211346464,0.8194717114739796,0.8689863821207292,0.9210919537559873,0.9692744963746703
4405,1,253,single_city,Africa,253,176367.1345,6424936.0,47974502,1.0,0.5687358923537509,0.26873000233966715,20.17660525039791,0.0,0.02745041110137128,4.156724987253255,9.277680464373422,679.33,25.7785,8.222970844587433,0.30801598646274453,0.361722046725446,0.42730308908913645,0.500800007968951,0.5676562381321775,0.6428141852307945,0.7333168766194714,0.8499722020577326,0.9656147547617595
4407,1,8101,single_city,Africa,8101,394398.3594,4816038.0,32537058,1.0,0.752178942146114,0.5403999996363009,28.844341538618025,0.0,0.08189270088815745,4.810788964023626,8.2397415134156,20.32,26.328,8.197999536621683,0.6822288362342656,0.7240599015207106,0.7733780339773066,0.8339707867753535,0.8578331400209052,0.8842347174170968,0.9191715264705137,0.9588528994164913,0.9949526976323692
4408,1,7989,single_city,Africa,7989,240808.2206,9121216.0,59828090,1.0,0.9598938870681143,0.5236121461597627,25.653761605069075,0.0,0.02640089003483746,4.654408928285179,7.941218502128041,18.49,26.482,8.125832299573572,0.3662204688497674,0.4208169173934703,0.4888578452697535,0.5626250929700601,0.6241084522063725,0.6916328919301988,0.7748568831173387,0.8845426969386538,0.9889269150078235
4416,1,2695,single_city,Africa,2695,637727.1471,13978072.0,93561916,1.0,0.7524604546860933,0.30639587525226136,30.34002017191146,0.0,0.04562339835565305,9.323702822940227,13.392351492374546,206.31,28.444,6.409338183347271,0.5786223593640095,0.6226195572608296,0.6782089833276005,0.7394776618692478,0.7862438396368254,0.838095053452293,0.8803363582617116,0.928142021303081,0.9746651040286529
4417,1,8480,single_city,Africa,8480,353436.5134,23382937.0,164600772,1.0,0.8540992274352843,0.32000970726887734,30.12193419466165,0.0,0.015115146288081775,10.28254103722359,11.166002470636231,484.92,27.3305,6.398168054749471,0.37013870413284694,0.4100182111425951,0.46079489501254695,0.5150317515716696,0.5626781186640498,0.6164230780761202,0.7135517664012866,0.8357918425730694,0.9510755214368495
4427,1,2883,single_city,Africa,2883,674392.0156,11639771.0,74655872,1.0,0.7657179943256653,0.2899288194362898,19.11272800885089,0.0,0.057938598242181914,13.810186489307464,8.985866985828064,456.02,27.994500000000002,5.7316181102506025,0.39448207357344056,0.42097881478939747,0.4572266928619128,0.4931787747370631,0.538330436225936,0.5886734369602289,0.6730797367061603,0.7833185034310383,0.9039012021800086
4429,1,8441,single_city,Africa,8441,229066.5382,7582795.0,46393344,1.0,0.7967553911588057,0.4083550911980114,19.45203482336034,0.0,0.030208720953157776,11.67289343902396,10.187861376761246,408.13,26.524,6.603207103423559,0.2467832771425312,0.2703106176548357,0.3034482667670694,0.3398597746609265,0.3883565360793744,0.44623651305356404,0.5727459333926342,0.7607159365379125,0.9367605216809897
4431,1,7723,single_city,Africa,7723,551471.2002,26018249.0,181919703,1.0,0.7148320830048547,0.6121839868429921,106.5146970242806,0.0,0.02119555394369544,12.980703414728492,7.616950152826806,514.77,27.0845,6.214710093220545,0.22516138576427644,0.25391535763993955,0.2940046042299003,0.33930469340961417,0.39617765976488273,0.4597587639352671,0.5863535628396822,0.7655346445489087,0.9319120975435357
4432,1,6906,single_city,Africa,6906,440956.9398,15158721.0,111090799,1.0,0.9598015914454873,0.24019085071519747,16.684373892968015,0.0,0.029089323551769308,12.17446707518034,6.676187169894132,452.01,26.502499999999998,6.626421016486491,0.179396731426088,0.19748051303272882,0.22089970519280616,0.24778284394837796,0.31172003231671064,0.39531441999625166,0.5424953727956336,0.7563973240222576,0.9541991042647991
4435,1,3451,single_city,Africa,3451,272094.8603,10832137.0,79836408,1.0,0.566459402052568,0.37609125351296524,44.74961932371844,0.0,0.025119222578148706,12.452217662267712,4.205272631353391,223.38,29.6295,6.262016355817183,0.16539118735296646,0.1969233771692511,0.24688507909381133,0.3055707290260454,0.3802740862675574,0.46817807049523097,0.6047756781510426,0.7728924588010657,0.93662469372387
4440,1,1956,single_city,Africa,1956,80611.31907,6656022.0,54283034,1.0,0.589139742345635,0.4537671665391143,27.043160934421085,0.0,0.012111035550964225,33.345267164073796,10.488839053449365,105.69,20.3995,4.873076755775816,0.3489507696939704,0.3658372823887902,0.3831618945971032,0.40062803277993975,0.4943774224303946,0.5920700081820643,0.6767085505426514,0.7668231865820155,0.8680692461653522
4441,1,1190,single_city,Africa,1190,57546.6889,3144362.0,19043419,1.0,0.5683338909478831,0.4870453217921385,19.041522176407643,0.0,0.018301546991090722,33.88418893410887,9.79417287900231,66.04,20.994999999999997,4.769930102597483,0.5396175758389142,0.5557308605052471,0.5721195587530952,0.5889484098841037,0.6527082441525499,0.7169072772155369,0.7875095170339802,0.8612122268364775,0.9323261761845487
4450,1,1946,single_city,Africa,1946,138744.3586,4881400.0,43386718,1.0,0.670800054810233,0.5391606759494912,24.044867501150023,0.0,0.028423066866063017,35.39981449530039,0.13776979842425818,610.98,18.1645,6.048292559149045,0.3331796206006474,0.35650161838816735,0.3799875035850371,0.4041488097676896,0.5119836522309174,0.6330612119473922,0.7323993116728807,0.840196460031958,0.9389130167574876
4453,1,2559,single_city,Africa,2559,231250.4561,7117206.0,56707116,1.0,0.6532220937856548,0.628100423745578,43.27640733336789,0.0,0.03249174691585434,35.36323264523424,1.3246994644175023,1024.61,16.1555,5.9596822998435455,0.3709792859726134,0.4039964559126151,0.43829910220387047,0.4746872578930552,0.6045359653774248,0.7451682584429902,0.809458796050023,0.8803051365943321,0.945780970791066
4454,1,3554,single_city,Africa,3554,129946.5687,3790031.0,24194646,1.0,0.6446590272833075,0.5938840826016264,26.02185722433552,0.0,0.034286413145433375,35.44823217159315,2.9014744341447334,691.64,17.4865,5.708093170243286,0.4175087222241718,0.45356990483719,0.4904529804637482,0.5275001708429298,0.6138923401945788,0.7086839131394967,0.7861761552873842,0.8676939581760676,0.9470262908139802
4455,1,4258,single_city,Africa,4258,153625.4351,4796531.0,39412429,1.0,0.6810934678130625,0.41533899837716903,24.98215264522889,0.0,0.03202844620414212,35.21669000304625,4.173806919922742,585.04,15.931000000000001,5.667208389424751,0.34568545475886636,0.3777115169275462,0.4103928443285366,0.4433725123427744,0.5400557194355671,0.643643082886361,0.7344933244463551,0.834437638368229,0.9290491398888071
4540,1,4781,single_city,Africa,4781,186877.0641,6307629.0,51493856,1.0,0.6122846145949226,0.42614701576625935,25.73691962687205,0.0,0.02962714898101965,36.154538719734276,5.686468732706576,960.49,15.61,5.893935783064657,0.2965859279294962,0.3214058721589364,0.3467353580878013,0.3722092722955012,0.5004533399158384,0.6430000876716117,0.7398970357958593,0.8475863117504215,0.9454289400977768
4541,1,4635,single_city,Africa,4635,330835.5921,11650501.0,126793351,1.0,0.700001469969994,0.5842067251281674,54.552945372028354,0.0,0.02839668372201333,36.19310640967418,5.417352014342555,1063.75,16.125,5.856374798019375,0.3555486583795838,0.38310489823570676,0.4109786351677065,0.43892335617155004,0.5623144446749543,0.6950501956954469,0.7721318593938579,0.8567771463218621,0.9374967651605712
4542,1,5134,single_city,Africa,5134,68901.13233,2966100.0,23447532,1.0,0.6007184685289363,0.5212253908030229,15.931380900540589,0.0,0.023229537888135934,36.16573889519651,6.17363336439622,764.86,15.494,5.927340606686615,0.4093456053403459,0.4519429553959745,0.4957337918478811,0.5398651427800816,0.6182178618387782,0.7017882067361181,0.7832038704022116,0.8665560837463335,0.9451957115404066
4544,1,5163,single_city,Africa,5163,344289.5357,11031215.0,101998669,1.0,0.7647811047310228,0.4683226521180378,29.33174597532715,0.0,0.031210481864418382,35.5451266238844,6.171470163090775,1066.36,15.627,6.006042766607225,0.5280152730229626,0.5570004754689306,0.586861102788768,0.6171907627582275,0.6862468912082668,0.7615572717964431,0.8281526558951122,0.9031795681618027,0.9716155473354476
4545,1,4671,single_city,Africa,4671,117286.1003,4828287.0,41060416,1.0,0.6694485017929023,0.6014251963928858,24.279536087721304,0.0,0.02429145166805536,35.39083074711933,5.3663162375315085,478.88,19.9105,5.431094099488558,0.4612698043840393,0.5004010739212479,0.5397962051551617,0.5799574466058045,0.6395019600119048,0.7011012394250797,0.7764975445742973,0.8586477978628859,0.9397506817635323
4548,1,5777,single_city,Africa,5777,91650.6715,3746893.0,33236564,1.0,0.6251150775723079,0.4377917367631817,13.295379579545255,0.0,0.02446044536099643,34.751705258490574,8.058803729637225,882.11,20.3245,4.937838769311692,0.29859139292208237,0.3140167066420098,0.32962804115303,0.3458118499781019,0.4070890201561667,0.473113857267875,0.5697309744366866,0.6733304100223839,0.7992648842654434
4554,1,5714,single_city,Africa,5714,205933.5198,4793739.0,51336501,1.0,0.5982193272643017,0.4760658487880414,29.246306786544842,0.0,0.04295885107637275,36.28267990025353,7.9524412210389395,689.42,16.311,5.980153315649519,0.35977803547502274,0.3807303651700687,0.4020901012758517,0.4239369310677949,0.5398366494295997,0.6640136227691996,0.7581943864695179,0.8571778730548326,0.9473029299258887
4555,1,1499,single_city,Africa,1499,78954.74389,6721828.0,54296445,1.0,0.6437045550359404,0.5149755935328343,23.498460934451206,0.0,0.011746022642947721,35.67451731545074,10.093082354567002,59.82,19.768500000000003,5.601960136703317,0.6030387864729654,0.6425100433989087,0.6824878589574146,0.7224735592758399,0.7838217520591125,0.8485563748432718,0.8860626900896601,0.9254698275528621,0.9636829445799565
4656,1,279,single_city,Europe,279,71730.9098,3240740.0,21251844,1.0,0.5003803247962433,0.42137462565798917,23.260023883614984,0.0,0.022134114368940427,42.007045845014616,20.969514904508213,503.04,7.7995,6.916457801943778,0.48025142405746835,0.505242938341243,0.5303893555175669,0.5560921271067719,0.6406345464307535,0.7332356190252843,0.8054592469621136,0.880504452686732,0.9526932120441628
4683,1,7345,single_city,Africa,7345,433902.1103,10279556.0,100496928,1.0,0.7714303268911366,0.234803781994672,19.62801123012813,0.0,0.042210199574767626,24.07726847762651,32.901188847312646,119.79,27.474,-0.014098924379501648,0.568038347181532,0.6316174550729623,0.7152208714072864,0.8130936783650967,0.8260670986178781,0.8408271719128725,0.8613709580452696,0.8868717676133093,0.9260281280631186
4687,1,6101,single_city,Africa,6101,207376.4828,4184420.0,32886417,1.0,0.8949972971341525,0.47292410194182954,15.664573667521232,0.0,0.049559194057957855,27.452821678841246,30.824265245062385,47.44,23.427,0.9796410473749168,0.5240738262411517,0.5785141070925003,0.6482410943452139,0.7294726628780094,0.7573135583904101,0.7879985756687904,0.81965887745494,0.8553003761572691,0.9041587603538842
4689,1,7003,single_city,Africa,7003,245714.9026,4284416.0,31098069,1.0,0.650749376876614,0.21113898457279281,13.904951292265979,0.0,0.05735085075772287,26.905048501368423,31.45396666696229,57.98,23.6045,1.3236207665918318,0.5161856365021511,0.5887966994801626,0.6777168696970602,0.7864266681853489,0.8193144643283938,0.8555359703632888,0.8906443725352533,0.9285895673996176,0.9663970538808556
4692,1,7246,single_city,Africa,7246,209770.071,6543793.0,61827603,1.0,0.7965359306988493,0.3979953929385274,19.467094872627385,0.0,0.03205634270521699,26.162907240335798,32.728397674586866,79.5,24.8955,1.1156332730024126,0.4340184660486663,0.48834949394028815,0.5576779399959626,0.6335484634064678,0.7033741745804001,0.7756000228002322,0.8286452520732241,0.8902098522982007,0.950426151927483
4693,1,7145,single_city,Africa,7145,308918.1101,5615181.0,42536917,1.0,0.8842712985553993,0.3084655019906199,17.08501074511941,0.0,0.05501480897944341,26.334491532658337,31.882536254705037,67.2,24.499000000000002,1.1257409560563623,0.5072842709789764,0.5738525614757565,0.6590765284324762,0.7582989755806625,0.7889081402718808,0.8226213901208171,0.8407070048142704,0.8595801275150347,0.8951999944436342
4696,1,6820,single_city,Africa,6820,134617.0807,11467540.0,115940480,1.0,0.5194185314835423,0.26828858639825,30.91800463169327,0.0,0.011738967616419911,30.312137766895173,31.732903613484687,103.21,21.865000000000002,3.1243893057622527,0.04066277510259393,0.05921304830852999,0.08994806209527065,0.12813672330770157,0.2626365375660342,0.4417365886667934,0.5586211166475111,0.7120924801657548,0.887819532349571
4698,1,4031,single_city,Africa,4031,684610.1195,9287353.0,87253874,1.0,0.7896730880066164,0.4034257797102471,33.7704102740406,0.0,0.07371423477712111,29.3142960819572,30.844443067781278,23.71,23.3915,2.2696485927477807,0.453518887459107,0.4998180859497857,0.5595828003953333,0.6307828506141632,0.6703898301270556,0.7146797370574802,0.7516080200677201,0.7904113260258332,0.8512856138880476
4699,1,3077,single_city,Africa,3077,393107.06,7541123.0,42109998,1.0,0.9830852896252811,0.22292469528162617,22.08043852135446,0.0,0.05212845089517834,29.384702101605715,30.71427277276519,-9.19,23.029,2.114024111410072,0.4188646704211031,0.4930203366262558,0.5841220200227473,0.6899168731235388,0.7308131693383068,0.7747684264001529,0.8087185423179014,0.8470043520043368,0.8993334281910002
4700,1,6155,single_city,Africa,6155,247722.0309,4478063.0,32794717,1.0,0.6146259778670073,0.3183699863552527,20.709749937915856,0.0,0.05531901424790139,29.335738587015918,31.186852113208467,25.84,23.2935,2.372251071227148,0.5572581270071457,0.6162284898626929,0.6883456083578994,0.7763115436294665,0.8118496769697077,0.850981105000086,0.879823262870576,0.9131155591156266,0.9489719103996527
4702,1,5332,single_city,Africa,5332,524348.1558,8399134.0,84135281,1.0,0.8166253558593868,0.4943842153203925,37.45500951601416,0.0,0.0624288356156718,28.091747346864445,30.76051100601161,63.17,23.7885,1.2402565164031827,0.355663333862753,0.4019228649048819,0.4623561190951353,0.5297281838818145,0.5993246446597947,0.6793332503089009,0.741389409908212,0.8187690540477149,0.9081014780809545
4708,1,1093,single_city,Europe,1093,160999.7864,7482313.0,79799703,1.0,0.7890456500160926,0.5756093095573727,31.038593776078883,0.0,0.021517381911181743,35.327421607207945,25.1312285126077,42.56,18.314,6.109977316443967,0.1408178193026675,0.14141349072138523,0.14201370618951653,0.14261285246955052,0.4517913110558192,0.8286924110231689,0.8837713685594281,0.9406699505888085,0.9889115838912379
4736,1,1415,single_city,Asia,1415,319009.3489,9884655.0,94834812,1.0,0.9350769628830047,0.49895016900669664,24.87334160285719,0.0,0.03227319000005564,41.308403649101045,27.983597390616133,176.05,14.644,6.4267190134018986,0.2522766854280701,0.2619625065315886,0.27169587608267565,0.2814200394449781,0.403831089704193,0.5401017030943417,0.652892387240627,0.7785258059082487,0.9029539220134642
4738,1,1881,single_city,Asia,1881,117534.9715,2985598.0,29546308,1.0,0.5587980416681648,0.5059307664861682,22.6144362769708,0.0,0.03936731318147989,40.345820946763354,27.976747067150313,45.01,15.8295,6.553753188357743,0.5955775023965049,0.6371025168157267,0.6803343919710557,0.7246380792055729,0.8016099287311955,0.8847095288783018,0.9137921448232481,0.9446221493985459,0.9735470080030868
4750,1,2435,single_city,Asia,2435,63518.78651,3357734.0,26659699,1.0,0.6408967124557742,0.5533495774347302,30.03342037485138,0.0,0.018917158568844347,37.03909917014216,27.41375501254452,40.19,18.8665,6.559484917387215,0.2838000270420468,0.31237435723020346,0.34141775375893385,0.3705222033669135,0.5286919690481735,0.7032996062225298,0.7855711619800735,0.8749007515187326,0.9619806095420305
4754,1,2205,single_city,Asia,2205,84244.99595,2451397.0,22049802,1.0,0.6672498391873237,0.6244025770261152,19.02507234203672,0.0,0.03436611693250828,37.7521476122192,27.406389038379576,60.82,18.58,6.724592968854127,0.6222333632618462,0.6641559894215421,0.7063245977701694,0.7491915834114181,0.8068750186118364,0.8703053809725638,0.8936541082492963,0.9178688723205585,0.9482572590241402
4757,1,4069,single_city,Asia,4069,116491.8255,11203176.0,74513114,1.0,0.7339564990357833,0.31567538130567846,20.398329869642485,0.0,0.010398107242089208,36.33136161238903,29.300256659052728,9.4,19.7795,6.587399865811951,0.44206982020098584,0.46717377286583733,0.49261289834239863,0.5182932946871495,0.6262770485797956,0.7385888608730239,0.819664887885364,0.9028455859302755,0.9760823180855143
4770,1,4417,single_city,Asia,4417,237273.6605,6527175.0,46727708,1.0,0.5550825176875345,0.4512382320843105,43.30027790951302,0.0,0.036351662166251096,37.7699936709394,30.551517574500217,1054.2,12.496500000000001,6.519997221629656,0.634369233244091,0.6533475814575218,0.6723924209171656,0.6915202978317573,0.7605236568653361,0.832489706496302,0.8664319556316477,0.9011687291975472,0.9409179315707025
4779,1,4265,single_city,Asia,4265,152962.8247,5066532.0,35825946,1.0,0.7604462402043284,0.58077991071213,27.1078758437796,0.0,0.03019083363136757,38.75531325804248,30.552407092957083,1026.72,11.3085,6.262341513953221,0.3988688909889447,0.4099993841941588,0.4212544201832733,0.4326172221945899,0.5280572588903021,0.6334688106183874,0.7338727950400787,0.8393938891533697,0.9410440909087321
4781,1,4640,single_city,Asia,4640,59439.21914,1741623.0,12745677,1.0,0.5493996559245212,0.5203007901842918,18.172006423191625,0.0,0.03412863698975037,38.36072685749551,31.419807716698234,1027.87,11.349499999999999,6.285074017774553,0.23045974932577257,0.23431190332236082,0.2382335327450315,0.24213162090762466,0.4167101605801026,0.6182692810097249,0.7212289915785448,0.827135378896581,0.929377942298649
4791,1,596,single_city,Asia,596,70960.03099,6598582.0,55276268,1.0,0.7646432914965486,0.5376083362204505,26.11738629087845,0.0,0.01075383029111406,34.92829980340451,33.61639013395148,18.73,20.162999999999997,5.353636172680169,0.5968833910073407,0.6234948660181839,0.6503718526192446,0.6773609845266756,0.7599550933821843,0.8492979249178081,0.8969742287055007,0.9464653163361462,0.990408393803396
4795,1,2365,single_city,Africa,2365,296596.8476,7064887.0,61970956,1.0,0.8456049417709637,0.3842054984754514,26.87484648783706,0.0,0.041981824705759625,30.815584256571324,30.80742888941328,7.21,21.662,3.372540672412351,0.4013223424521864,0.45741920571411826,0.5326133312535642,0.6205269808278604,0.6754116520193458,0.7339273791640263,0.7950056384482865,0.8628612177378067,0.9359106522156688
4800,1,5167,single_city,Africa,5167,1620972.98,29210276.0,287997708,1.0,0.9618011656471571,0.21978677840475558,45.644564742126626,0.0,0.05549324422679197,31.043479942057907,31.407505111796826,5.85,22.0355,3.6048046702020065,0.4541755442502495,0.5008201908123018,0.5592915657489851,0.6277766427129959,0.6759225417794752,0.7304987121655406,0.7891782330300474,0.8588976016522405,0.9334784443666332
4801,1,4230,single_city,Africa,4230,1048282.602,14997679.0,171647650,1.0,0.824557505498149,0.49226721200847673,46.67980958202496,0.0,0.06989632209090486,30.96635932248966,31.178507882731708,8.38,21.826,3.6465067787426872,0.4733603112854996,0.5110921496586238,0.5574399878807914,0.6090415056889803,0.6644024718758149,0.7263501239091729,0.798011545653164,0.8842986971517393,0.9643292805506772
4802,1,2577,single_city,Africa,2577,369884.5611,5982486.0,63340273,1.0,0.6506787574228082,0.3666651717881442,25.960095150229897,0.0,0.061827902497389876,31.094793760125516,30.93819715892822,5.82,21.826,3.6465067787426872,0.4834643992480718,0.5268236315137219,0.5799540525460486,0.6417653129484967,0.6821756039211793,0.7283500538070629,0.7945852276127349,0.874337357412955,0.9569598658484115
4803,1,3191,single_city,Africa,3191,889416.9043,12829288.0,160101867,1.0,0.7300801298005831,0.5996031055499507,65.42252848185221,0.0,0.06932706665404971,30.79020517474587,30.997725666899715,10.0,22.019,3.372008844197481,0.5779411920599179,0.6185159301124116,0.6683776215796231,0.7266807012205198,0.7781163693573642,0.8341100457016788,0.8791658586197457,0.9285126345281204,0.9753853838186499
4804,1,3464,single_city,Africa,3464,451220.3958,8850015.0,101675142,1.0,0.8471706908047159,0.3453814583296365,22.60844158566613,0.0,0.05098526904191688,30.57143008760254,31.004381418819367,12.61,22.2115,2.9923515653945136,0.43475576030097124,0.48404799313899466,0.5461014472856826,0.6207711512353369,0.6958208545409245,0.7803257960579728,0.8345836701971692,0.8966711355856459,0.9576582638560499
4813,1,7268,single_city,Africa,7268,109086.5151,6021272.0,56593894,1.0,0.5763981258319152,0.5448000219062239,44.136360037857855,0.0,0.018116855558094704,31.134689647123686,33.80917667289532,13.82,20.037,3.7875136487093366,0.4397426324537407,0.4735745204667718,0.5077540094518235,0.542283092343279,0.6456577613500935,0.7558432836118348,0.8294001666093145,0.9052148781852074,0.9715925472225803
4828,1,130,single_city,Asia,130,92098.49838,2501791.0,24466372,1.0,0.7203180657288953,0.4801125110886333,18.84274368814012,0.0,0.036813026499815535,33.26726163277489,35.21662269215902,23.67,21.075499999999998,6.38648867067881,0.47272134243028296,0.4946016673654994,0.5165299579381332,0.5385925522955355,0.6210466821569028,0.7130151959136475,0.7869374380194029,0.8630656997327115,0.9389709212320294
4849,1,5820,single_city,Asia,5820,120381.6857,3326694.0,27243037,1.0,0.6542016516225126,0.5150276565838261,17.30800193219511,0.0,0.03618658214431505,37.368098512089254,36.09510633830263,97.24,18.4585,7.0617172267149,0.4240236703465963,0.4546549817927348,0.48554330515520816,0.5165990620117149,0.6231447797723506,0.734577331128141,0.8018777801625278,0.8725560571546406,0.9409269382756574
4853,1,6138,single_city,Asia,6138,95307.9696,2898498.0,26510419,1.0,0.5445278129883782,0.3979050757272181,14.238546587435529,0.0,0.032881847632808436,36.71767391039216,37.11529656794039,677.0,18.502000000000002,5.866225817964079,0.4301017285504423,0.4523680885755312,0.4747255302573954,0.4972271845624872,0.5813493747451266,0.6703240781949824,0.7579218615986625,0.8523597394236602,0.9420227303934658
4856,1,6241,single_city,Asia,6241,233603.8774,7241758.0,60163928,1.0,0.6388204895157596,0.39376835652839,27.75253397797396,0.0,0.03225789613516497,37.76184970723628,38.267235070529516,676.15,17.063499999999998,6.197101752652415,0.293769827713105,0.31332171000467013,0.3330250748506095,0.3528423623103672,0.4711070157273966,0.5987847149821908,0.7076522026833816,0.8240813901817763,0.9333257200806765
4871,1,3136,single_city,Asia,3136,194766.7709,9021096.0,69995204,1.0,0.837613324311434,0.3645981428681742,17.330424305854365,0.0,0.021590145022289974,36.5045599920696,40.74369683621422,308.21,21.003999999999998,5.345620711663903,0.5001984237835403,0.5310424586990317,0.5622212644672,0.5942922013023695,0.6600944053804548,0.7281055428298291,0.7993346928133788,0.8752236978744046,0.9475955028080845
4874,1,748,single_city,Asia,748,212600.7654,4949931.0,33945705,1.0,0.684523640566124,0.4633449522073912,20.656253552032517,0.0,0.04295024827618809,36.375166760551295,42.443397789438094,377.81,21.420499999999997,5.590679097298789,0.5715758462087653,0.5948450594563843,0.6184631664562596,0.6424719859731378,0.7217100602008392,0.8040792891860513,0.8666037971034344,0.9313830839258164,0.9858745505745433
4879,1,4196,single_city,Asia,4196,116635.1411,3289159.0,18358484,1.0,0.802118781574065,0.544554657349347,16.469296552040394,0.0,0.03546047518529812,32.38679856698921,44.66519654696114,26.93,25.17,4.5766318129315495,0.3045304285989215,0.31331018050510784,0.3222437711281212,0.33135187444571695,0.49839852679666746,0.6717717203698574,0.7533022879100706,0.836773777126615,0.920483625145516
4883,1,2962,single_city,Asia,2962,349039.0761,10153390.0,75416041,1.0,0.5003071481610448,0.41844831786888376,54.603047158952876,0.0,0.03437660486793081,33.34964448339595,43.78412838136386,46.94,24.5905,4.693615950418678,0.5441387556274309,0.567486031758851,0.5911663001224222,0.6155250610879716,0.6921733529392646,0.7724985448209908,0.8387429223146161,0.9093871111027942,0.9724960825891648
4894,1,5561,single_city,Africa,5561,467827.4658,21139025.0,174317020,1.0,0.7976796974894228,0.36209503214751876,50.483934654424715,0.0,0.022130985974991753,19.61881690882547,37.19761337131596,15.57,26.049,5.119130890249554,0.19956682013479807,0.23131279706608984,0.27652968857362153,0.3398614174494803,0.5141349234413602,0.7956568479388241,0.8333511597625718,0.8798813568743118,0.9358486969006375
4905,1,2905,single_city,Asia,2905,246545.4889,11496709.0,112729239,1.0,0.9026845693108014,0.34565745903678596,20.682647468074972,0.0,0.0214448751290478,17.548549046345734,44.217913175303686,1289.87,21.069499999999998,4.435010374453176,0.4364086278951655,0.5034829532521002,0.5893546579286298,0.6882541777825288,0.7507655451660122,0.817753932886359,0.8620483479228708,0.909543852940872,0.958469767304713
4920,1,474,single_city,Africa,474,690465.3908,12726388.0,112970426,1.0,0.8669334899506197,0.5364203997923748,46.52482705715925,0.0,0.054254623605692366,11.568299303967272,43.122825301203214,24.71,27.094,5.745917207158791,0.1447468048278899,0.18854556375304604,0.24873868374907318,0.32377152103173346,0.5137049098298747,0.7794643696231798,0.8448859959322316,0.916077209024273,0.9824483584816053
4921,1,1900,single_city,Africa,1900,1405489.056,18342878.0,144463331,1.0,0.9999999999999999,0.3458414834332755,29.050684608395144,0.0,0.0766231480141775,9.56239190354867,44.061717359098694,1302.78,20.9985,5.4638720584527185,0.3573612058042364,0.4004578779840328,0.4569819414379794,0.5160855891861681,0.5791000190918786,0.650478894315276,0.7047017921615136,0.7733773838543766,0.8604874872961593
4923,1,4423,single_city,Africa,4423,104813.0927,2577445.0,19113122,1.0,0.5090956931652539,0.41036184612485926,22.67580923093934,0.0,0.04066550118431237,11.855993500647136,38.01561702969214,2649.55,18.2155,7.713386591886038,0.1536230647016716,0.20174087128920307,0.26840107160385573,0.3411987452690552,0.40701159481579624,0.4803105400891193,0.5684489872722793,0.6707627126864006,0.8040877690891561
4926,1,6209,single_city,Africa,6209,362113.5417,11219501.0,78150176,1.0,0.5451765010890846,0.3506580649893778,58.18708266894749,0.0,0.032275369617597076,8.757740982328842,38.960488290955446,1914.71,19.728499999999997,6.699584696209517,0.20082078516682694,0.2664045397384429,0.36135394969883244,0.47073403710200656,0.5067929491694863,0.54387641660712,0.6413666704071777,0.7543737462120641,0.8749360599905468
4936,1,4075,single_city,Africa,4075,139313.4042,3926750.0,27898714,1.0,0.6824035360684584,0.4531302060603317,20.19555619301681,0.0,0.035478042707073276,10.332726620636414,37.73479643641151,2427.63,19.7415,7.590426275452333,0.14767555866810975,0.185680779270389,0.2396546762589928,0.29610262940090404,0.3569669574075253,0.433079773349462,0.4978261921436302,0.587602979563252,0.7219532692430126
4937,1,5111,single_city,Africa,5111,293708.2715,14050635.0,99449123,1.0,0.971800428677193,0.5818222089405571,37.14821430088239,0.0,0.020903558558029584,14.039355970905138,35.38483661280652,603.93,29.807000000000002,5.954140334460216,0.4159607021319677,0.4637464427764297,0.5297973365616572,0.6052265965203708,0.6543327757072901,0.7182691031401783,0.7721068122543928,0.8421901216564234,0.9243166589979741
4938,1,5141,single_city,Africa,5141,138972.3297,4248888.0,26609112,1.0,0.5637684083956842,0.48878518722534514,34.85896040267541,0.0,0.03270792962770494,15.322827542538118,35.60465600025067,452.21,30.089,5.393604818821366,0.4548366537315175,0.5723796438032728,0.7443926505005545,0.9527982380331042,0.9578416752806852,0.9630317391279789,0.9703235293563869,0.9791477205329959,0.9890590196776192
4951,1,612,single_city,Africa,612,265884.6153,2885020.0,25250212,1.0,0.5344581257514208,0.41554950889312464,19.497785311357156,0.0,0.09216040627101373,15.77959312376137,38.45400615174524,1401.14,24.951500000000003,5.672069904721241,0.5340084297509202,0.6081476038294362,0.7004485237537348,0.8063219665721555,0.8277474679551615,0.852667225877117,0.8928454568772487,0.9390153274500697,0.9832292323796715
4960,1,2575,single_city,Africa,2575,576912.5163,16375077.0,106338383,1.0,0.9595102414225744,0.3816069923478005,28.29535821877487,0.0,0.03523113303833625,13.627245707246338,25.353757770973232,743.07,26.4755,5.385813001265964,0.3420007124241309,0.3609146387525384,0.38525614261233704,0.41206768065884514,0.46264936647320803,0.5364549430820997,0.6207671573086343,0.7635564706046879,0.9301636261008116
4961,1,2047,single_city,Africa,2047,874203.2634,26386411.0,200822029,1.0,0.7974755843083493,0.35925711405145566,51.55492021971543,0.0,0.03313081356157153,12.055837711076432,24.88149379409486,669.26,27.387,6.202647859055476,0.41311650910008185,0.4593331014210307,0.5242101322533027,0.5928986704557888,0.6003789223172489,0.6099454374450546,0.6413148798447807,0.6794828974656689,0.7604741319310155
4963,1,3858,single_city,Africa,3858,617540.9915,25219524.0,172476223,1.0,0.8439194020978319,0.5721582951208913,62.93147926593745,0.0,0.024486623597653946,13.183864549186671,30.21994862464014,575.34,27.2105,5.698619167699321,0.18592444488643006,0.20778179635745703,0.23553822823935933,0.2640091065953505,0.28395631099143664,0.30912562029323,0.3480545865972728,0.4014980615811781,0.5400327143367178
4964,1,4497,single_city,Africa,4497,234513.3204,8069197.0,56128331,1.0,0.757222628093107,0.7089960119133555,44.83524481527933,0.0,0.029062782876660465,13.187443447781009,32.74451200901946,393.77,29.499000000000002,5.5756479214320205,0.38489356499785543,0.4328606675484562,0.49865829276444734,0.5732046199888291,0.6160792703412744,0.6694855758261944,0.750664409358205,0.8556479659624123,0.9626385376388753
4965,1,4460,single_city,Africa,4460,405007.1063,10529566.0,75894332,1.0,0.8410462595964592,0.4735046666245798,31.53478666332882,0.0,0.03846379863139658,13.151570863974305,32.657252410577655,383.99,29.3465,5.64712040820374,0.6628021515796567,0.7027607785544058,0.7509702679103774,0.8059762387167714,0.8343324881576316,0.8656120299735051,0.903763744868497,0.9464635104618747,0.9857349296257795
4968,1,4860,single_city,Africa,4860,74381.63387,1968753.0,10668462,1.0,0.5997774341052023,0.5150231156867972,17.00810347725535,0.0,0.03778108979135524,13.330008414580712,34.089888799617256,429.51,29.930999999999997,5.5854417835389105,0.4902290942540786,0.5477838002024632,0.6214923862973161,0.7027148657043316,0.7424176623476891,0.7857770883396749,0.8323878109646056,0.8886696299637384,0.9472554454520197
4976,1,7054,single_city,Africa,7054,1698978.712,13713938.0,110729394,1.0,1.0,0.34186423344848776,23.930496341394146,0.0,0.12388700546845115,0.49611078666415853,29.462379505454944,1151.25,19.9695,7.459249893563913,0.3473216081332729,0.38198728913605995,0.42888629072116263,0.4818898845831154,0.5560513690524195,0.643989421565126,0.711498695706514,0.8032403238223769,0.909792504530792
4977,1,7146,single_city,Africa,7146,507084.5861,12226660.0,94331068,1.0,1.0000000000000002,0.2372592324242163,14.947331642725622,0.0,0.041473680146499534,1.5559561287106236,30.247316345280797,1264.85,22.4,7.963121108712096,0.32221187143504443,0.35236139714361897,0.3912775034228481,0.43443802313959823,0.4970540605529229,0.5734261032857706,0.6544431594564665,0.7667548619165006,0.8966489621859117
4982,1,1618,single_city,Africa,1618,175822.2988,7745005.0,43293763,1.0,0.9238262747073125,0.3657586268237714,19.594975884174204,0.0,0.022701379637585773,2.7701971010902207,32.297499519739254,1096.08,24.75,7.565419572006747,0.11114492501941574,0.14857743797453973,0.2099548031279515,0.27597593545775634,0.4996131054789506,0.8112063194278119,0.8567594210720328,0.9115843049810813,0.9649585765277104
4986,1,2134,single_city,Africa,2134,225513.9834,9192431.0,52845979,1.0,0.9657217933700606,0.39965598099817573,30.64517135649985,0.0,0.024532572874357176,0.4586551969483888,33.22019813497981,1174.64,22.727,7.5713317747299405,0.3842661424382734,0.45259561915667357,0.5461408413073756,0.6567693573114664,0.7609720431951026,0.8828699394099341,0.9112266385246732,0.9430692490376049,0.9747797943764821
4988,1,1110,single_city,Africa,1110,172248.5891,5796243.0,31297890,1.0,0.5306912277043201,0.3441534748737325,41.949815631525745,0.0,0.02971728222919571,1.0311850781939902,34.99519726133128,1858.68,19.4595,7.541811738822622,0.45759158130533867,0.5175873406273684,0.5998580459790936,0.6939935057933216,0.7262613040895628,0.7620990010253194,0.7892955833632234,0.8372071357256761,0.9098971523450622
5019,1,3622,single_city,Africa,3622,235927.2408,8652135.0,61406879,1.0,0.627064711561789,0.4631181635597695,39.7524915815951,0.0,0.027268095192689433,-5.089760341356632,39.10123024463233,15.37,25.1075,6.990217825712872,0.7106299196672267,0.7490652885097147,0.7960494143930948,0.8478665670380778,0.8895572017773647,0.9343573580393741,0.9487672117922339,0.9664330249123482,0.9845849608218087
5021,1,3079,single_city,Africa,3079,240446.0292,20738559.0,135781413,1.0,0.9321153149963523,0.4634699929100318,41.16747253929166,0.0,0.011594153152106662,-6.163676111282681,35.74362442018823,1128.6,24.0765,6.108029062892698,0.4203520601407263,0.45677484149212105,0.503965487669611,0.5561566741450069,0.6099481646723863,0.6716701483454082,0.7243467590973895,0.7919306254595606,0.8783467549505247
5022,1,3360,single_city,Africa,3360,345160.1279,15067858.0,93577826,1.0,0.9571793231275525,0.26472186278798865,21.55068778877353,0.0,0.02290704676802768,-6.804863239977645,37.658568030520335,502.13,24.630000000000003,6.78186660622836,0.40973176147532053,0.4544909435700814,0.512970456716542,0.5795109696414713,0.619059723021016,0.6649051245372767,0.7488673572580787,0.8674360350356368,0.9842566209477154
5025,1,3306,single_city,Africa,3306,825471.4019,29270119.0,192873263,1.0,0.9246809184078059,0.4570371276338119,61.09179681482311,0.0,0.02820184645986578,-15.119138348351036,39.261068844875965,389.92,23.9235,6.9147785579182095,0.37913931952241126,0.4203005802607089,0.47641541874155,0.5365999024465873,0.6024482168999723,0.6747617595951694,0.7468938202813593,0.8335089447364392,0.9289430630603176
5028,1,2369,single_city,Africa,2369,502672.3485,23710584.0,173624249,1.0,0.9119872648688658,0.33083351392593446,40.09559495861529,0.0,0.021200336039803997,-8.911371218944073,33.478932162718735,1740.32,18.054499999999997,7.570133925870446,0.4553562240390199,0.5039174066737454,0.5686907163484459,0.6404425129300906,0.7227738464813857,0.8178526517946585,0.8630945572660715,0.9172443411769191,0.9726445793152965
5030,1,1621,single_city,Africa,1621,127677.4912,4619738.0,49682567,1.0,0.619836911359959,0.444922740386478,19.74390732875244,0.0,0.02763738792113319,-9.29562190324313,32.77076139156591,1607.19,21.0325,7.021388828527601,0.5331601056163792,0.5801653686854102,0.641207574975031,0.7130508266919033,0.7393518853233668,0.7686288702952419,0.8214708279993368,0.8874325773452953,0.948993860690801
5031,1,607,single_city,Africa,607,188219.484,9853194.0,83936309,1.0,0.7368491457304384,0.2452144837967906,16.77750737460294,0.0,0.019102382841543565,-11.44510152628291,34.00999297081996,1275.87,17.7945,7.211034825926119,0.2779296743776688,0.3323797339218126,0.4048857659759871,0.48474565709352724,0.5768491922517713,0.6851477805065038,0.7718741760286055,0.8739663504037372,0.9733681281420015
5045,1,594,single_city,Africa,594,124627.2662,5550651.0,27729959,1.0,0.5619866533177632,0.5202029615291169,59.16159706946276,0.0,0.022452729634776174,-18.91934093378085,29.83097990736449,1207.51,19.630499999999998,6.5727572551750315,0.34450787844524905,0.4088615911899343,0.4906366838772605,0.5805821695509229,0.6630220491254089,0.7580476596348789,0.7932928948334168,0.8345340033088011,0.8948759343723827
5046,1,862,single_city,Africa,862,80909.369,3334231.0,17229246,1.0,0.6673179230082064,0.6041254193908392,28.50037923395255,0.0,0.024266275791929234,-18.338569122663007,29.899581846374716,1153.48,21.576999999999998,6.545168609462941,0.35966764150414293,0.41727762713501254,0.4957206024417624,0.5771045857350615,0.659876295313672,0.7522835100507433,0.8079566172829657,0.8793376943589092,0.9537119653677265
5047,1,1417,single_city,Africa,1417,73031.07388,4756873.0,27934781,1.0,0.823886608057106,0.5829401437960215,20.20665279052941,0.0,0.015352748303349699,-15.761013593029913,28.175007856038096,1002.45,21.631500000000003,7.046147588185677,0.4929463115790562,0.5524398065704088,0.6274888986945836,0.7085331056767755,0.7723056722346803,0.8380351966512455,0.8851154949900912,0.933801890443575,0.978609687498489
5049,1,446,single_city,Africa,446,177936.7228,8755683.0,52393353,1.0,0.5809364208538258,0.5287111576181077,61.7906160853676,0.0,0.02032242633727146,-17.84463543291268,25.858226576464936,926.05,22.4085,6.615439822298224,0.5282444556295608,0.5808810117954247,0.6479705809358334,0.7150421046536289,0.7856602391840819,0.8611925534535684,0.9048429460043266,0.9518773121411545,0.9931919645788913
5050,1,2049,single_city,Africa,2049,108916.0006,8238916.0,53551928,1.0,0.7381717116819728,0.6638884093302264,47.05533815553563,0.0,0.013219700334364376,-13.141731095283223,28.415371818702216,1228.28,21.3235,6.965775099482593,0.5831021945119965,0.6352546864174851,0.7000066513604459,0.7681516597571817,0.8284013333792941,0.8904099762638678,0.9190212644478958,0.9491240109742592,0.9786868806527461
5052,1,1314,single_city,Africa,1314,84975.50041,3749682.0,21486895,1.0,0.6587770236356457,0.6149827847260495,26.02778369810444,0.0,0.022662055184946347,-12.36308220473019,27.841634609616847,1340.68,21.051000000000002,7.183255958611866,0.4871194410619354,0.528233327519507,0.581142080848456,0.6382167874502425,0.684143882067866,0.7397776664794508,0.807987717358432,0.8901362835568456,0.9760139659843154
5053,1,1208,single_city,Africa,1208,246854.0156,12514032.0,84303608,1.0,0.65768255358506,0.5726183963905861,60.77628587632724,0.0,0.019726177430263885,-12.543616763510384,27.871080821008736,1358.45,21.051000000000002,7.183255958611866,0.7913228925737125,0.8190000632889544,0.8512739938654464,0.885069256655249,0.9074316735005952,0.9305247900916347,0.9442310040441002,0.9585444563350964,0.9757923745120677
5054,1,5917,single_city,Africa,5917,537441.9214,15056010.0,111081621,1.0,0.8410998729702562,0.620589038327298,54.32852362028072,0.0,0.03569617192071472,-10.984438471670629,26.737778750322704,1267.64,20.8565,7.188106798464015,0.5118913311029948,0.5508561033102396,0.599509431781727,0.6510678459963828,0.6906485184321742,0.7329116412648504,0.7726943592625137,0.8184534946509733,0.883752534702089
5055,1,5383,single_city,Africa,5383,597267.2339,8770809.0,52698704,1.0,0.8758745444865176,0.5097426687608152,25.09185814935358,0.0,0.06809716571185166,-8.738380673445374,24.995296317693914,1117.27,22.8525,7.088077338112301,0.441952390024683,0.48422363319050726,0.5390886975192368,0.5989731391938874,0.6173890002621195,0.6366487971634087,0.6699797019864416,0.7128928471706544,0.7935753702993646
5057,1,6171,single_city,Africa,6171,84395.02535,1637171.0,7420160,1.0,0.5560697825243209,0.43801330310714154,16.957427243869418,0.0,0.051549303860134336,-6.05046775068196,26.929163612616232,561.87,25.686,7.117659171530825,0.2952965817254276,0.3500135294358378,0.41965011596222995,0.4913677312876908,0.5048257023853953,0.5195407199370133,0.6222886918959596,0.755191730124709,0.8932115215820461
5058,1,6430,single_city,Africa,6430,447127.4507,4222530.0,27059548,1.0,0.5846654454809175,0.47339336040356683,29.278379206383697,0.0,0.10589088785633258,-7.295013776312174,27.39110037086703,626.6,25.402500000000003,7.219296079854141,0.19625887797126368,0.24769604952481095,0.32402872211683514,0.4065621795463857,0.4430159169976294,0.48349591358735167,0.5305631931567094,0.5834137353671851,0.6930738206714931
5059,1,1973,single_city,Africa,1973,174676.868,9974787.0,66159708,1.0,0.7416980279393037,0.4713293551016795,32.69146407222627,0.0,0.017511839400680934,-5.022074928856219,32.81082530160729,1199.25,23.659,6.810071885332226,0.5228943735841176,0.5673078532905014,0.6227865316823307,0.6825522189095367,0.7379276369510447,0.8003170393513165,0.8445629966835382,0.900920290328004,0.9643445017923691
5060,1,124,single_city,Africa,124,307627.3044,13523916.0,100222790,1.0,0.9770670016100115,0.30089375719965056,22.950839479687136,0.0,0.02274691031798778,-4.883387056115543,29.652360622465707,825.36,24.432499999999997,7.45012956855754,0.7370571511979223,0.7817366656225904,0.8394002890878648,0.9074755418474945,0.9140843524908022,0.9223298192624089,0.9288359969109539,0.9361042319399203,0.9520119024696693
5083,1,1421,single_city,Africa,1421,130577.9597,5665775.0,40133278,1.0,0.9753564587192393,0.5017706308950265,17.194791955735283,0.0,0.02304679583993364,-0.3297421996531237,31.748667621712386,1246.7,22.718,7.253063718266784,0.32715718502764407,0.38946340085866454,0.47280575031659394,0.5731143577004029,0.6506354382233674,0.7347016074588207,0.8157500077218033,0.9050347039901867,0.9859117243448602
5099,1,3562,single_city,Africa,3562,911951.1323,9906295.0,68396518,1.0,0.9233463200424985,0.5575808299735547,32.92529589491651,0.0,0.09205774028534382,-6.422304946115023,20.78508958620563,503.57,24.848,7.292096847773835,0.6580212884837369,0.7030886925939516,0.7618994790686124,0.8272515607500079,0.8618035299776556,0.9008504188498323,0.9169611847819997,0.9353129499979559,0.9588938144886661
5103,1,85,single_city,Africa,85,769847.3183,49677350.0,378690230,1.0,0.9886666223176556,0.3420969489667074,63.22330221984657,0.0,0.015496948172557515,-4.780923613913093,11.894163529306496,32.64,25.0955,6.830789457834585,0.7281740873859012,0.7514155847685112,0.7794002900718335,0.8111487227076324,0.8118692925447916,0.8130660351246595,0.8344947546517678,0.8594021621523692,0.9011558184967596
5108,1,1301,single_city,Africa,1301,1045695.55,30056237.0,230282971,1.0,0.9789371444647654,0.45766565781903357,68.93569107085858,0.0,0.03479129972258337,-14.904143985653223,13.516207827263267,1777.72,20.948999999999998,7.136076602468605,0.4269855870513664,0.47006759362457784,0.5235173651312371,0.580910511186081,0.6207238783750607,0.6634675525083197,0.6999839334511503,0.7419735211696661,0.81562485683088
5109,1,259,single_city,Africa,259,344693.7313,7313302.0,55415870,1.0,0.5984918304210856,0.26402916333561466,20.372539368636925,0.0,0.047132435020459974,-15.206234082375955,12.156381519102577,43.85,20.4945,4.041813660208806,0.7036284020542294,0.7422150760354215,0.7976572005367754,0.8625121730238954,0.8755555288158482,0.8908583291104346,0.9178384811676039,0.9482362413038598,0.9786960801017106
5110,1,1195,single_city,Africa,1195,535682.9145,16415098.0,104404807,1.0,0.6579465685714255,0.2049716558715933,28.243802020227044,0.0,0.032633549583438365,-12.608707104828717,13.403676732946058,28.88,24.0795,5.699653964072421,0.5172443076489704,0.5430184455797948,0.5760169692559861,0.612561070302474,0.6259976029384655,0.6421066752083966,0.6513319628064359,0.6621223339635255,0.7234525800577005
5111,1,1695,single_city,Africa,1695,507915.8849,15078065.0,187031488,1.0,0.7547615059576307,0.40377190367812554,41.87093011232846,0.0,0.03368574713665182,-12.376760667814159,13.58284513995766,90.62,24.0795,5.699653964072421,0.6184617190601048,0.6517114762404858,0.691320139553716,0.7361031405555023,0.7636631756130512,0.7942650466090974,0.8127412900793305,0.8336668531406384,0.8768655659728221
5112,1,3240,single_city,Africa,3240,88546.54398,3702606.0,20541296,1.0,0.5593941040466122,0.4936502200045581,21.65836082332041,0.0,0.023914654699959976,-12.850094411474219,15.562558110509425,1728.88,18.7635,7.206494866162451,0.7287132360288943,0.7738036399228003,0.8301923023945837,0.8938477385927641,0.9014896535035054,0.909475110233171,0.9144907667734563,0.9196682012614898,0.9364363910175698
5113,1,3350,single_city,Africa,3350,617558.4855,24043168.0,159689577,1.0,0.9911672998794605,0.5093430347230469,48.52516207263957,0.0,0.0256854040823572,-12.770530205240156,15.74330865444601,1675.68,18.942500000000003,7.1555496859173475,0.5509388363463583,0.6080073973612795,0.6782000608239314,0.7554378025391663,0.78185287396403,0.8091643330862223,0.842875115292627,0.880265029966101,0.9256961478620455
5114,1,3613,single_city,Africa,3613,682576.8638,17335211.0,115305580,1.0,0.925709625784478,0.33725843989418175,31.829036728855996,0.0,0.0393751690590902,-12.389812977879956,16.937262545734722,1694.72,19.136000000000003,7.244975093240399,0.45849473652209943,0.5202911000044937,0.6011900287801516,0.6953024684845197,0.7341520100332208,0.7793801298409347,0.7968941941347008,0.8181107804225746,0.8643311581266591
5115,1,3806,single_city,Africa,3806,592997.1013,17448202.0,102935504,1.0,0.643947470748045,0.2759000158576549,41.45735768144789,0.0,0.03398614374707491,-11.776622213201987,19.909044815159874,1334.38,20.724,7.196328454283815,0.3052500194575922,0.3421637942981174,0.39038217232927497,0.4418502834847969,0.48076810435825995,0.5236872544231205,0.5418960647062661,0.5647221988833004,0.6509582477323451
5121,1,266,single_city,Africa,266,65593.04082,4350871.0,28436358,1.0,0.8136552063047042,0.5377440529668107,18.089379906360428,0.0,0.01507584132464511,-22.657489730974852,14.547586744908417,23.26,15.498,3.5335843697054807,0.2698321784304798,0.3188327118868843,0.38740541836335757,0.4631792117026683,0.5946282939668862,0.7602204248298788,0.8170014693609624,0.8825993691837796,0.9506597644471647
5122,1,90,single_city,Africa,90,73044.00231,5141127.0,44237006,1.0,0.6068694726295685,0.45934239532773463,25.86096409999987,0.0,0.014207780183216636,-22.937588991547248,14.528191482729396,2.15,15.334,3.4701480300355017,0.24749592842191995,0.3125019086282054,0.40158976815783776,0.5000277176580155,0.6768420620614897,0.8765331025668107,0.9090477632628021,0.9449719876595151,0.9802924533861933
5126,1,1086,single_city,Africa,1086,88305.7295,4128151.0,32473131,1.0,0.5823350037257652,0.5176762256684267,28.279064686135584,0.0,0.021391109361067463,-33.92194992206756,18.857952768040686,136.13,16.436500000000002,6.482506253402763,0.5519718149844809,0.5968042351163996,0.6515246171954466,0.7164917174783577,0.7849528759970262,0.8666061391649675,0.8997982389694563,0.9386463818789574,0.9777602611919961
5127,1,969,single_city,Africa,969,213008.6391,13887802.0,101793404,1.0,0.9618549064007533,0.6179896153752372,37.542467820382434,0.0,0.01533782229182127,-34.111646359327466,18.852652921918857,41.84,16.436500000000002,6.482506253402763,0.4710124755522868,0.5129412847331781,0.5641904312863908,0.6210851796418181,0.7250051520031752,0.8434313075604044,0.8850239944377087,0.9312411712090941,0.9740639303469333
5128,1,1699,single_city,Africa,1699,178188.9541,9129323.0,61758665,1.0,0.5864009123027234,0.40788622674660713,40.03675765391344,0.0,0.01951830974761217,-33.992746485219584,22.477458927759525,204.83,17.4985,6.29554548267633,0.5398905263840484,0.5890693099586902,0.6486425116079254,0.7157414629759512,0.79965776213636,0.9004427820113277,0.9250972936328357,0.9541510361721236,0.9815158254341533
5153,1,289,single_city,Africa,289,113430.0405,12504571.0,71963734,1.0,0.5025258594624282,0.3053389489694677,44.41260511931637,0.0,0.009071086125225728,-24.38741189840637,25.54395439057005,1140.89,19.6585,6.215045002965501,0.7637703044750596,0.7910033858818507,0.8222705121191283,0.855773460760869,0.9088212622408238,0.9661806070756046,0.9752782402531043,0.9872280304538237,0.9969761457630174
5156,1,730,single_city,Africa,730,60319.7055,9941036.0,58307930,1.0,0.6945130016943297,0.48642656147237257,30.29495882267425,0.0,0.0060677484217942675,-23.111181156388803,26.820454399955945,1013.95,21.6995,6.062828937652683,0.2618379009994532,0.33036436041474954,0.42363290908512957,0.5193638771653176,0.6808503660986641,0.8485529073629751,0.9001303284687834,0.9534599814345306,0.9981114644389176
5157,1,859,single_city,Africa,859,104394.5787,7626762.0,49600187,1.0,0.5482048895969726,0.4588016888002274,44.41051330209538,0.0,0.013687929254905293,-21.1776024030165,27.518824647065188,988.16,21.5095,6.15285077283899,0.5976179668383516,0.6444750734322114,0.6998781396351427,0.7640984470211605,0.8359374528797411,0.9127657320367412,0.9398308220447944,0.9685907335249219,0.9933996891472423
5178,1,1210,single_city,Africa,1210,110200.4734,4959972.0,27144791,1.0,0.7115519279102388,0.625220111677238,36.48629003514629,0.0,0.022217962803015825,-20.079262320743034,30.817795962772063,1085.86,20.2985,6.5582517020688975,0.30714548388579616,0.3541171200160001,0.4143235082778693,0.4777837455534023,0.5698084585961373,0.6707330202670498,0.7327632091471484,0.8086642424594332,0.895077230274687
5179,1,741,single_city,Africa,741,192302.8739,11977739.0,92186495,1.0,0.7969087775675997,0.24111981564906262,17.086075708208245,0.0,0.016055022897059287,-25.058101680576907,33.69215642211192,28.11,23.713,6.698899790409641,0.3110340774665402,0.38922704861076035,0.4998338167161599,0.6278460400581445,0.7398898072499326,0.8710869388621676,0.9059063651328518,0.9439258945281743,0.9812784366064413
5188,1,4678,single_city,Africa,4678,82386.53764,6033374.0,40157699,1.0,0.8366372458476616,0.4259136975091924,14.436645500544929,0.0,0.013655135193011406,-26.511076575123138,29.97303401913838,1714.09,15.296,6.7027407739357505,0.38927306677822393,0.4396654342992826,0.5029457812494302,0.5713617289430425,0.6636135933227412,0.7721692704612709,0.8348666931637256,0.9103617644124167,0.9798277050287285
5194,1,4715,single_city,Africa,4715,97336.487,6048524.0,47756962,1.0,0.6275065944173488,0.3422818546726204,21.22109892206917,0.0,0.01609260159999365,-29.809970229140216,30.62624492696932,621.59,17.127499999999998,6.927057290795215,0.6074850657780312,0.6712728592959208,0.7531637470563066,0.8532276634762465,0.9033944479678018,0.9563445561264202,0.9659348297204409,0.975863532987552,0.9863485703288934
5196,1,1623,single_city,Africa,1623,86465.61642,7376837.0,47812315,1.0,0.9919035262259713,0.4282695544674354,16.464639285671343,0.0,0.011721231798940386,-23.85097096182342,35.33329046713827,49.28,23.503,6.543421077675916,0.15723459797200345,0.19969398808730626,0.264127565784631,0.33397145687236957,0.4427668660701057,0.574303458243689,0.7139059735222563,0.8618288570019915,0.9910374866626441
5197,1,623,single_city,Africa,623,59461.09566,4958363.0,30775916,1.0,0.6624125089239746,0.48581097063261897,23.39337355893885,0.0,0.011992081995610245,-20.952195472998454,55.65444814375835,51.18,22.663,7.06030253114891,0.048961118820868905,0.0780011467494413,0.12287200432884805,0.1906570777492491,0.2691963053128623,0.3781990144731235,0.5435840417492628,0.7329677153528291,0.9024954405314819
5198,1,481,single_city,Africa,481,183410.8476,12460057.0,119401172,1.0,0.7565186786688132,0.4853711919148377,45.62189103551701,0.0,0.01471990437924963,-20.90358374805259,55.473623990512884,177.41,22.663,7.06030253114891,0.1713570812717791,0.21682765977715832,0.2825198151180207,0.35860542211002727,0.4400162856397848,0.5374859842133949,0.6714665912041975,0.828046934295726,0.9731444246202084
5238,1,2453,single_city,Africa,2453,76781.77273,4821740.0,36043441,1.0,0.6304957052107707,0.5615414491882145,37.17026478788541,0.0,0.015924079840472526,-12.29597017683159,49.29256934393574,27.48,24.637999999999998,7.138934457987639,0.8671284639984735,0.8958850954219846,0.9315359185688155,0.9730207352532488,0.9772478399913724,0.9814610493307395,0.9879180544782589,0.9943852219323315,0.9996233724754964
5241,1,179,single_city,Oceania,179,76759.4917,14796912.0,116529096,1.0,0.6898075892074095,0.3096395698338638,42.24066280371651,0.0,0.005187534513958048,-32.537573192604384,115.71835724163401,5.21,18.017,6.405398691474191,0.46180824755867983,0.49690800350775893,0.5383443518485479,0.5845356787956839,0.6671366295886602,0.7738562613604785,0.8147411432871939,0.8656210160606483,0.9272809759225439
5257,1,7513,single_city,Asia,7513,422250.6961,14737144.0,127662611,1.0,0.9086559386278664,0.5215097441009323,42.39822463346544,0.0,0.028652138847255613,-7.161683432129694,112.63255860822956,13.96,27.9405,7.492049742128576,0.5172464895504855,0.5545032334623317,0.5989497693718674,0.6462504539549861,0.6938836317267444,0.7541685824607536,0.8170853864222267,0.8995213726621657,0.978606234695135
5258,1,7790,single_city,Asia,7790,896260.0102,22014088.0,168977496,1.0,1.0,0.30195396292208737,34.12079781019587,0.0,0.04071302023504222,-3.3185843221006106,114.59879637133079,2.97,27.231,7.871966082319113,0.5003802564975665,0.5414776664833901,0.5901925621447502,0.6437787929256937,0.7114364674112323,0.7967351179844471,0.8485090547471238,0.9160483959181048,0.9841210773755424
5259,1,6695,single_city,Asia,6695,794754.2949,30902024.0,207919252,1.0,0.9525603260555787,0.27770055530557963,46.707821513715345,0.0,0.025718519113828917,-0.05122953703178516,109.344170652371,3.92,26.67,8.161545576736904,0.4233670260562868,0.4687944388367571,0.5275423383270947,0.5906344192859342,0.6899450016607327,0.8147151785268175,0.8622504467668526,0.9221516364106118,0.9821340181471608
5260,1,4509,single_city,Asia,4509,896172.6968,27542471.0,215815911,1.0,0.9207245341870671,0.27440875217149685,40.9031959911811,0.0,0.03253784661514212,-1.6212409273208563,103.60373100362196,24.67,26.886,7.865589025379141,0.535563748074746,0.5843713151227427,0.6439261386532821,0.7093624969233879,0.7673744305657978,0.8381027250605074,0.8850926265838676,0.9381994084699227,0.9869915448036598
5261,1,4968,single_city,Asia,4968,2102522.435,55593416.0,402880323,1.0,0.9999999999999997,0.2082435886701666,51.01967922419083,0.0,0.037819630205850274,-2.976051267773855,104.75533114855693,7.27,27.062,7.803208408157796,0.5800096004174308,0.6237356056695634,0.6779726397816604,0.7393828974279976,0.8087906308905357,0.8898140384105916,0.9209462321941145,0.9564492493139836,0.9900476883809407
5263,1,6379,single_city,Asia,6379,545709.5621,15577488.0,119291263,1.0,0.9971336359341159,0.2726003296069517,27.08623606556204,0.0,0.035031935964258167,-7.691880454530321,109.04368053089358,5.78,26.433,7.787257329913726,0.46680074476706385,0.5238335603275701,0.5958437586342548,0.677535235462868,0.7601183194620339,0.8555674701851801,0.8985034685951933,0.9466417178430823,0.9913898184354243
5271,1,1021,single_city,Asia,1021,200564.8988,10849668.0,85670228,1.0,0.8569870537679838,0.29355216881551166,20.53050914075847,0.0,0.018485809777773844,5.389667978853275,100.55011842685298,36.94,27.752000000000002,7.870395675618663,0.25436225329659856,0.2892226748320778,0.33443253747487944,0.3904428227665584,0.5590556319327006,0.7982830442369296,0.8489309534632765,0.9133026005957049,0.9739145935156726
5272,1,637,single_city,Asia,637,293469.5304,17740922.0,134823111,1.0,0.9323556993639712,0.4427053676546593,45.6240904813438,0.0,0.016541954831885287,5.642167148413594,100.50796705355971,18.4,27.752000000000002,7.870395675618663,0.35819260126390273,0.38912109528467576,0.4278540314872023,0.4708095216246371,0.5920248113373138,0.7538759259524392,0.8133765539355846,0.8949707912587632,0.9771354048002692
5273,1,343,single_city,Asia,343,250053.6742,12975591.0,90935366,1.0,0.8957421684986135,0.524536268088553,43.65651713025415,0.0,0.019271081694853053,6.12265121039249,100.36743843627384,4.39,27.649,7.819163510828203,0.39733211381277356,0.4471766257120774,0.5104998300270099,0.5814158291518282,0.6989098993641214,0.8283484736841659,0.8793802147432052,0.9361892649051592,0.9873490926155117
5275,1,2915,single_city,Asia,2915,152530.9107,6994671.0,54632367,1.0,0.5516601099421881,0.27772735069854954,23.407066236772856,0.0,0.021806731252978162,8.429272809826156,99.96266910103056,6.75,26.5135,7.734501974846203,0.46438467227407837,0.5218462741135359,0.5947374794325566,0.6823032848864514,0.7636796641328806,0.8527448967935732,0.8939611312669317,0.9392800604917658,0.9805906525124627
5276,1,2462,single_city,Asia,2462,105423.5378,7472867.0,60238003,1.0,0.6770241945629232,0.47664390931939343,31.892913109595355,0.0,0.014107508911907573,9.132215449613783,99.33088185917674,6.43,27.096,7.678329132995397,0.36435092448453854,0.42113301360776256,0.4928077804676572,0.5751219712594912,0.7037889206378222,0.8421748975326337,0.8891556614081316,0.9403859321997836,0.9874666577098188
5286,1,1134,single_city,Asia,1134,242692.378,8130118.0,51233801,1.0,0.5252541551888966,0.22897444174445736,24.18650284991213,0.0,0.029851027746460753,22.114871995421083,95.14668924125928,78.21,26.9115,7.112245126734453,0.541420924025949,0.5859351610886828,0.6417178692855381,0.7019937472002251,0.7869492177112313,0.8800128116221684,0.9176622036728126,0.9570624928199074,0.9926500451776961
5288,1,493,single_city,Asia,493,115919.7247,5862448.0,43547052,1.0,0.5025311263627228,0.4029787851422316,38.688730944331,0.0,0.019773262756445774,19.903698514845306,99.83321125640919,398.66,24.9535,7.5059289230670325,0.6094986258300287,0.6542384682985675,0.7066890827858943,0.7671894062002768,0.8177606010321968,0.8690250216291897,0.9094557427204472,0.9527180454308507,0.9898503150902149
5314,1,3637,single_city,Asia,3637,140798.0273,6718701.0,44840820,1.0,0.5815508103466442,0.4583437677889618,52.91876032073637,0.0,0.020956138292208566,12.608530460929746,102.11033606633912,8.72,27.691,7.756927524468667,0.1408080222650182,0.1881277348106427,0.25596048998161997,0.33724123160116815,0.45046103406000654,0.5915863795695031,0.7046248969852952,0.8366152921524562,0.9590039800848408
5329,1,3782,single_city,Asia,3782,65826.47239,3435691.0,23659493,1.0,0.5698478252806441,0.46533160406131685,21.398351564637252,0.0,0.01915960206840487,16.43324267797922,103.5123203102348,145.79,27.465,7.14941945971371,0.4642480944881248,0.5194075951533476,0.587694294975887,0.666252873148371,0.753870764280024,0.8473736433224058,0.8930590673026183,0.9419691701028993,0.9851718329733378
5332,1,3829,single_city,Asia,3829,351369.021,16873389.0,114018115,1.0,0.9241936406650583,0.42609293898694395,35.35275468788739,0.0,0.020823855895220577,18.684788177051992,105.68088497581954,6.48,22.298000000000002,7.669528863888153,0.33376952312306674,0.3860767389408257,0.4557997803523643,0.5337624231860002,0.6390621350577528,0.7522143891781313,0.8340435344672016,0.9188091378679173,0.9908427998667013
5337,1,10683,single_city,Asia,10683,399689.4041,11785584.0,141224253,1.0,0.7758852173450832,0.6451695815570401,73.58262623343234,0.0,0.033913415245269134,18.27611551250677,109.5015839101244,15.16,25.5855,7.340604658467627,0.19233998077651476,0.22236700362069456,0.2643803650290049,0.31310200665490995,0.4120737674094046,0.537728889803,0.6697727494878489,0.8223627272097844,0.9653440168938595
5338,1,3874,single_city,Asia,3874,982517.695,44652150.0,326687433,1.0,0.9389042186603278,0.23452480504449513,56.05812432126465,0.0,0.02200381605365027,20.862402090781195,106.67341130047289,5.04,24.273000000000003,7.495087396148641,0.19482867006403948,0.23293252396581127,0.28461641824637784,0.3453068889180028,0.4429836637205599,0.5595714204131268,0.6907523153980267,0.8435129551432574,0.9810677425387131
5340,1,10357,single_city,Asia,10357,102522.8659,6008131.0,49597470,1.0,0.5866709047740365,0.5093091085392274,46.0351251537633,0.0,0.01706401972593474,19.095220920940694,108.65037936335605,9.54,25.77,7.221939910448464,0.3137950886889783,0.34908360020778506,0.39766592972090653,0.4512466522450992,0.5371618894461522,0.6328508815803118,0.7204215420735667,0.8218732248015231,0.9232964460994609
5342,1,10815,single_city,Asia,10815,203086.3905,4013170.0,28595219,1.0,0.8494016855612081,0.7070111027711408,26.646374057183284,0.0,0.05060498072595978,18.80302164087577,110.38497514961456,12.8,24.4755,7.445690591854104,0.24859799111425632,0.29912612722610804,0.372685184031576,0.455535150516923,0.5381763045173765,0.6273965468694324,0.7426219173371674,0.8676839007567584,0.9777627162567247
5343,1,10797,single_city,Asia,10797,147837.2012,4535773.0,45123149,1.0,0.561407420776871,0.44807820624511485,29.472071738074877,0.0,0.03259360669063465,19.247799624695613,110.46294310270642,17.61,24.355,7.419169229649912,0.15451963755681777,0.1890654580817867,0.23633016908033097,0.2925867321843487,0.4297476968093421,0.6104361924637763,0.7192516027587801,0.8474537857163487,0.9633046010018579
5345,1,10571,single_city,Asia,10571,392608.4442,7451271.0,71116585,1.0,0.9326648028311716,0.6447207686621099,25.37550287553657,0.0,0.052690130878342775,19.51962823284239,109.57195722008747,143.6,23.307000000000002,7.5120706993872295,0.16879710857382585,0.19992159726843917,0.24562212272241876,0.29349140569441107,0.4313146039111985,0.605536961412355,0.7040640449126062,0.8229251090183138,0.938408494336067
5346,1,10541,single_city,Asia,10541,255124.789,5643052.0,50205584,1.0,0.5673327729168676,0.3732106824091069,30.345565934499025,0.0,0.045210426733618615,20.911419072750192,110.08334697763785,16.27,24.214,7.30475936000685,0.3886432377373095,0.4379374848929267,0.4986564008270702,0.5652894922818361,0.6539562279419009,0.7538027294449883,0.8196373168278442,0.8899122318915367,0.9604433912712482
5348,1,6074,single_city,Asia,6074,144680.3976,5169949.0,36611014,1.0,0.6353342854449789,0.3593550855200405,24.22827658323312,0.0,0.027984879077143702,13.090588455771845,109.29719672069001,6.6,24.683,7.640667015170848,0.24547824359582657,0.3001828451305806,0.3784509286261818,0.46856284268955073,0.5862570404466272,0.7182774917122007,0.8046435274313151,0.8994831477060993,0.9797170146165852
5350,1,6002,single_city,Asia,6002,214042.44,8658438.0,90950687,1.0,0.7151083836845208,0.6415919264550839,53.031674227828766,0.0,0.024720675946400494,11.95004153987558,108.44585226276214,1505.11,22.125,7.465418304374394,0.08038632372259293,0.12786266991806144,0.2007411729459748,0.2938070354029214,0.4595515957959161,0.6501500617085899,0.7587091343727356,0.8732830332676633,0.9745500285386348
5351,1,5849,single_city,Asia,5849,295934.0503,14233585.0,118842801,1.0,0.9424463643981752,0.23274543515014823,18.037406986571305,0.0,0.020791251838521357,12.677544460670978,108.04223850517928,455.48,24.9095,7.374965322297743,0.08401727323088315,0.11843249609989331,0.170828572000659,0.23192632074069885,0.355870499245271,0.5023667614307991,0.6511998207057463,0.8251745431667425,0.9813236791714807
5352,1,5984,single_city,Asia,5984,216870.8884,9801548.0,65444064,1.0,0.8824504015420587,0.38881847829808697,24.62802967560694,0.0,0.022126187455287674,10.938251379273442,108.103031572887,6.28,26.8035,7.447871028122576,0.23769643325727732,0.30076953150665586,0.3897217051837118,0.49869092106675394,0.5980047233355384,0.7048613137435026,0.7938454211518425,0.8874154368269176,0.970136349890854
5353,1,3533,single_city,Asia,3533,216063.9704,7460122.0,43118598,1.0,0.9984311489282498,0.25281768762877743,16.97214355404195,0.0,0.02896252506326304,7.170899878955681,100.59845942607298,6.94,26.706000000000003,7.689603803565996,0.5125455052879833,0.5707623816339733,0.6448461566714324,0.7298435601991495,0.8053164546102597,0.8852100542055479,0.9143826334207403,0.9445578772036167,0.974784996813725
5354,1,3736,single_city,Asia,3736,82207.28991,4254115.0,30070098,1.0,0.5297178834956969,0.3315065866553046,22.17042290056798,0.0,0.019324181389078578,6.872914867654919,101.2500414393715,3.75,27.585,7.593741631904622,0.5481854627813305,0.6040358570466478,0.6700260806301663,0.7447379772291064,0.8214218468471116,0.9000412541738999,0.9292525002262515,0.9599568888006084,0.9870132800829314
5357,1,1137,single_city,Asia,1137,210883.2425,12767850.0,90662348,1.0,0.8293719615833129,0.49502303568202166,41.86622609652648,0.0,0.016516738722651032,4.855447450110492,100.72723483253395,23.17,27.2105,7.870037595987285,0.5008707025850084,0.5508756760143642,0.6120212878440772,0.6795860696985006,0.7512200566266051,0.8310227642085394,0.8805792674569328,0.9364843728583904,0.9867659786103377
5359,1,2080,single_city,Asia,2080,397115.4822,24131968.0,238208486,1.0,0.8883965527054951,0.38657698551324404,54.88205983566282,0.0,0.016455992408078778,2.706008021001331,101.95814163844771,74.9,27.186500000000002,7.867258170654368,0.33631194107335133,0.3729024503927736,0.41779103966986864,0.46845209640589613,0.610168180232959,0.8266345289368857,0.867663010327214,0.9212431410484218,0.9761601706085471
5360,1,2318,single_city,Asia,2318,123380.943,8328762.0,67775067,1.0,0.8578173019925356,0.6614106079261841,38.96884849507039,0.0,0.014813839439763077,2.0540498776467984,102.57882274238901,5.08,27.2455,7.902664751323426,0.3040830077747449,0.35306519744471027,0.41662194213257625,0.4879479087047991,0.5994372272853997,0.7347795506703158,0.8097012497175451,0.8990076796527503,0.9789357650032502
5361,1,3534,single_city,Asia,3534,301859.0745,7949605.0,59986810,1.0,0.7009412315630088,0.3232974867352184,24.076517372132844,0.0,0.037971581543988664,1.277529666409321,101.19241417671314,42.96,27.0865,7.851880803575226,0.5974095568270373,0.6526539368937199,0.7198381554806811,0.7942350594777979,0.8404701868834993,0.8937470478092937,0.9235594724517759,0.9553990418391857,0.9844947013090588
5363,1,3538,single_city,Asia,3538,349830.6988,9319217.0,80374238,1.0,0.9999999999999999,0.21731844291479838,14.560335675291494,0.0,0.03753863643265309,4.267223325571157,117.89620526142248,12.93,27.0325,7.823541683704731,0.537753010794791,0.5849691020179055,0.6420085507183705,0.7059715424589855,0.7740084816138523,0.850406316324644,0.8891340334708377,0.9330867604005787,0.976409928001462
5364,1,3157,single_city,Asia,3157,88763.40129,4874549.0,31300015,1.0,0.6454395043572575,0.3610533448917933,18.142533793266104,0.0,0.018209561805615247,3.1881654065068368,113.05943880851963,10.51,26.2,8.18366304260716,0.001598712003920773,0.001766317253144855,0.0019417180953561037,0.002169226322271045,0.002255388139497623,0.0023407293679887104,0.00244966252262517,0.0026059846767362478,0.1583578296166476
5368,1,5812,single_city,Asia,5812,472778.9188,16768007.0,117137848,1.0,0.978747836223466,0.2755185267606538,29.16911076144591,0.0,0.02819529588698287,6.1014478053734,125.15047669739995,45.63,26.7715,7.647713046593376,0.6939433529578083,0.7471685812154062,0.8114269036266505,0.8831793188063435,0.9009324125401427,0.9205927096762304,0.9386677856229425,0.9593464506545113,0.9803820454034877
5370,1,1028,single_city,Asia,1028,546343.8506,12490480.0,171509656,1.0,0.9429342111391297,0.39187837322644137,35.75799192455244,0.0,0.043740821057317254,16.42258737220858,120.5943498669425,1387.57,27.1905,7.712868386358245,0.4800168608412167,0.5326605542781382,0.5991904234264817,0.6755380898091987,0.7551825870583037,0.8434095407062019,0.8848099512588787,0.9312937533225304,0.9766174718665735
5372,1,2797,single_city,Asia,2797,265240.2527,7060225.0,38487207,1.0,0.9441011049000788,0.2388604614514835,15.397950064188622,0.0,0.03756824360413443,15.467380520490911,120.95781234581327,27.9,27.317500000000003,7.535210473419479,0.42567708536201043,0.48246394413775767,0.5535905725384106,0.6352696974954765,0.7274006140030947,0.8320501117174027,0.8821010661841514,0.9359058670226515,0.9848432592445708
5373,1,4362,single_city,Asia,4362,318908.7959,6186098.0,31893404,1.0,0.9283803718504744,0.2789545443741594,20.574546944889065,0.0,0.05155249656568649,13.628746790067142,123.193001245095,9.94,27.024,7.71679882767114,0.19606268765868243,0.2671976745276263,0.36355372966933275,0.472252621927425,0.6255057711662505,0.7912810304654081,0.8399952603402016,0.8982211403699069,0.9586647350235965
5374,1,4438,single_city,Asia,4438,686097.5142,18456474.0,106169381,1.0,0.9394107211184155,0.20409265742859065,37.426182896522725,0.0,0.037173813058767345,10.720139412321837,122.53720671692652,9.91,26.3265,7.939822056076279,0.1536917073109414,0.2154457563237702,0.3015016302680566,0.40920205018575057,0.577978924901907,0.7686430788459377,0.8244211760057745,0.8908942195567799,0.9580270857803067
5375,1,3436,single_city,Asia,3436,401983.9981,14164649.0,89862118,1.0,0.9996963816307322,0.2064782595979753,24.579916735938166,0.0,0.028379382934232963,13.77098728972011,121.03455566149553,43.31,25.709,7.990674743531665,0.33892071734357837,0.40311447180936144,0.48788642768345336,0.5885464581579113,0.6805017900549459,0.7834477931645182,0.844103867310796,0.9119301861980484,0.9751735464818083
5376,1,11089,single_city,Asia,11089,63143.4069,2031500.0,35059763,1.0,0.579723836627666,0.31400213338026123,14.726863496114984,0.0,0.031082159438838297,22.142614519584942,113.3480353345182,5.34,23.549,7.468585186718594,0.034572975633768155,0.05478611863155304,0.08301452128968742,0.12484321929608663,0.265173517105587,0.48552005906965295,0.6149810484863402,0.765673147920256,0.9225183362047747
5378,1,10849,single_city,Asia,10849,325856.549,7835637.0,60886446,1.0,0.6549303358071438,0.476548140479825,52.46529591838095,0.0,0.041586478419048764,23.348751460086945,112.70243306499368,18.97,22.302,7.562268694101286,0.11499333111015735,0.1383793047074539,0.17173868569970763,0.21338443830412257,0.34721759060558827,0.5454258536989398,0.6551536269482622,0.7996247146211597,0.9537915041240425
5383,1,11321,single_city,Asia,11321,345860.5409,8201511.0,96271999,1.0,0.8628355823613868,0.61094533345021,32.15354725828935,0.0,0.04217034408659575,22.97272606264349,115.33310523500982,11.04,22.534,7.553491880806897,0.21887661919858425,0.2501096444301544,0.29181878802576744,0.3398105544210085,0.5115189140147468,0.7364492957456255,0.8075917961946281,0.8866994142908544,0.964003706146343
5385,1,11273,single_city,Asia,11273,561421.1941,12600397.0,107813273,1.0,0.7344355085371014,0.33932224717176684,43.710563901511215,0.0,0.04455583376460281,24.14054369624894,115.72604711725745,119.56,20.941499999999998,7.331718241972421,0.2056147913434791,0.2696503133988556,0.3514270224977832,0.4441771953693205,0.5735583569311348,0.7186175959376518,0.7994149708140148,0.8866648407982701,0.9663637582212687
5386,1,11317,single_city,Asia,11317,500090.8496,18550182.0,232367211,1.0,0.8166005027735713,0.36733795419696574,56.87325804098249,0.0,0.02695881094859339,24.31195509955456,116.09706924302887,103.14,21.697499999999998,7.345041676520083,0.36820258690723356,0.42004660655081444,0.48439573261329727,0.5552025311665406,0.6872638230719246,0.8333184547731122,0.8809497394688635,0.9331874479722085,0.9809615884092134
5388,1,11561,single_city,Asia,11561,110681.8398,5065459.0,49340658,1.0,0.5166280774260044,0.3647308535275788,24.64923203665439,0.0,0.02185030809646273,24.124294073305087,117.6118761069808,20.57,22.41,7.293338036616314,0.24578049096834068,0.28276904422679167,0.3334264476328799,0.39116692090489724,0.5095858045638115,0.640046834847543,0.7333161713479469,0.8449761413526395,0.9528790974322366
5391,1,11559,single_city,Asia,11559,189893.5219,5248896.0,66683786,1.0,0.5635381589669697,0.3758964482094408,27.288396989056476,0.0,0.036177802322621744,25.06034694981835,118.17310440645984,76.23,20.9965,7.39569275612934,0.12364657253639623,0.1615524483624747,0.21488442522008439,0.2718897459580072,0.417726318067647,0.601946961799205,0.6985571823103373,0.8208468980905699,0.9489077322164509
5393,1,11397,single_city,Asia,11397,420308.5833,10683797.0,141757304,1.0,0.701710676078168,0.5977176490596641,66.23316626160936,0.0,0.03934074966980372,25.09963269646903,117.02391659112912,364.01,20.578000000000003,7.287035536666661,0.3975272087255121,0.4489050100820897,0.5092115658880453,0.5746544042347491,0.689520495381932,0.8250802593871823,0.8775560786113776,0.9329279655912593,0.9829794594562214
5395,1,11159,single_city,Asia,11159,434191.0202,11365073.0,162814098,1.0,0.566268618624102,0.28308744362359184,39.57615918459927,0.0,0.03820397987764795,23.708148182285534,114.68234929782803,50.55,22.258499999999998,7.59422219618544,0.3293847738593496,0.36872970371593744,0.42071124400168836,0.4776463820337978,0.5978850289830958,0.7286518089237086,0.8069575092038564,0.8958484472559041,0.9781804305172523
5400,1,10645,single_city,Asia,10645,523222.978,11806874.0,193102967,1.0,0.5361541995527166,0.3331602470396126,47.142943770767296,0.0,0.04431511490679074,25.803478482984495,113.0287751221637,199.26,18.495,7.3256043878284824,0.3236933840405174,0.35654458580653947,0.39696984993657086,0.4431231331849565,0.5459587355637063,0.6768344440704627,0.7617109321231005,0.8677887982881837,0.9686847678733592
5401,1,10679,single_city,Asia,10679,202148.8976,5420170.0,61852255,1.0,0.7081397158467924,0.5156433823323296,26.815783887647864,0.0,0.037295674785108215,25.9519718939973,113.23492035394852,153.2,18.2535,7.361838155448049,0.3626915760944767,0.4015058568273689,0.4480890820767614,0.5012892584549931,0.588580616475129,0.6925758786163534,0.7736017504986006,0.8730002933487326,0.9647005536726708
5402,1,10489,single_city,Asia,10489,729504.0646,11761664.0,130361583,1.0,0.9709969586148546,0.4105050197711727,41.08940574587821,0.0,0.06202388238602974,26.421054018299948,112.8322540827766,97.76,19.106499999999997,7.41350001688064,0.19456209597553542,0.24364511688142085,0.3079688384228626,0.37935652642347206,0.47674546730802714,0.5896678395165854,0.6887929292997997,0.8070352970464043,0.9276599807646265
5404,1,10463,single_city,Asia,10463,519952.378,9148546.0,120832721,1.0,0.7154642447871857,0.31742698898913585,22.849445179473747,0.0,0.05683442789706693,27.66728041764846,113.4986534132828,77.44,18.8215,7.485393960165714,0.2665914343109823,0.3087143027974063,0.36674669395552034,0.4314401436031474,0.5540363463221368,0.6929153550739101,0.7781216818497715,0.8731623582588971,0.9630442914098044
5405,1,10871,single_city,Asia,10871,254580.0753,8966159.0,115735622,1.0,0.5631154612325175,0.5139224920052918,59.19530259784014,0.0,0.028393437513209392,27.120696435095283,114.99497968189053,57.69,19.6765,7.286835685390934,0.2916635763430026,0.32788611042922616,0.3726470833274315,0.42148817570600744,0.515393046230833,0.6261999145899598,0.7217613473060204,0.8453226180798266,0.9673778928078345
5406,1,10663,single_city,Asia,10663,840473.7634,18563613.0,215480589,1.0,0.988688234848308,0.4878464494949992,55.077926743267554,0.0,0.0452753331692489,27.812998079130224,114.38379624726086,111.06,18.073500000000003,7.525459635331173,0.1491508145531799,0.17421926432101337,0.20892748626035243,0.24793384779137553,0.3155608770771078,0.4008284917381115,0.5072697324599473,0.6533411356937898,0.824809911734316
5407,1,10779,single_city,Asia,10779,750031.4288,24291028.0,276138306,1.0,0.9174867041239679,0.5309344768958236,65.63167780748995,0.0,0.030876891204439764,27.81281349384615,114.93686177858208,59.16,18.616999999999997,7.5328759959325735,0.21330908679533858,0.2428250875179099,0.2795823626731648,0.3205001039890119,0.3856169446595673,0.4614069853280808,0.5835206315681658,0.7599794047415367,0.9364963063728715
5408,1,10415,single_city,Asia,10415,369929.4547,7316861.0,107526131,1.0,0.9161668950881563,0.4610348091986052,23.11696930853954,0.0,0.05055849150339196,28.151283772395235,113.62344356169793,101.62,18.869,7.48979015624486,0.09684836161299223,0.1174096378214647,0.1471007854324416,0.18623587355288013,0.2982169539642751,0.47588644912073635,0.6041327011678915,0.7702737553713266,0.9347060166921307
5409,1,10173,single_city,Asia,10173,203636.7749,3634706.0,41771399,1.0,0.731218474729214,0.6042639386801893,23.371527859286367,0.0,0.0560256523911425,28.682542085273365,112.88387916619564,39.37,18.3285,7.433812215134251,0.29719927829100895,0.340359302788176,0.39312588143305127,0.4554662743011402,0.5556991404531756,0.6660167287257897,0.7487353860257199,0.8593124175655472,0.9664512067826119
5410,1,9983,single_city,Asia,9983,158051.6116,5781867.0,58780351,1.0,0.7393294571367482,0.5597582284282658,25.468553786577527,0.0,0.027335739753266548,29.82538295929451,112.89939580429136,29.35,17.994999999999997,7.286211577518814,0.42814769001085634,0.46269794860379876,0.5077863257664004,0.5575048682371975,0.6408070265192887,0.72991595967185,0.7761444529941626,0.8313712508433695,0.9006853668546855
5411,1,10227,single_city,Asia,10227,185786.9016,5065875.0,66490433,1.0,0.7362211453913783,0.6648855311736086,36.751141523224135,0.0,0.03667419776445333,29.729784995030446,113.89774119812913,45.02,16.6645,7.494850593845771,0.290431958940953,0.3254898709502307,0.3707746440644509,0.4257108594270486,0.5121060034051373,0.6202440841907864,0.7158500752584697,0.8396885039603228,0.9613606731314925
5413,1,10003,single_city,Asia,10003,306764.127,15081127.0,167786796,1.0,0.9399327675794061,0.6377463232751988,50.220416892156074,0.0,0.020340928565882377,30.37219671267211,113.44929388849864,28.63,17.520000000000003,7.242425535869784,0.3152800185291192,0.35192303599061264,0.3996080664263354,0.45428189816318104,0.5403792435406187,0.6330978447433007,0.7171359938816244,0.82057149972943,0.9282665015684836
5414,1,10123,single_city,Asia,10123,138307.6219,3883662.0,47401897,1.0,0.5445562633612546,0.40442698546628697,21.3232846689752,0.0,0.03561268254034465,30.57784845501539,114.0313544042007,27.82,17.695500000000003,7.250710384894067,0.26112983055683014,0.3007491383132724,0.34941197251460093,0.40621119963580765,0.4711733410374023,0.5532185859634541,0.6464064071487169,0.7622627818795765,0.8889071706034151
5416,1,9873,single_city,Asia,9873,357776.7755,9525973.0,93441094,1.0,0.8747884248379405,0.5270373115069252,37.79459432878514,0.0,0.03755802955771552,30.66079401114844,113.14709969761708,28.9,17.503500000000003,7.1693912013498275,0.1858451624836644,0.21807767038600676,0.2601459189523212,0.3099938452481442,0.3818909627394493,0.4735803891109076,0.5802761565668935,0.7120128306053355,0.8558844330127746
5419,1,9565,single_city,Asia,9565,177813.33,8599080.0,103385258,1.0,0.7199789282933783,0.5600555921219595,37.791092075354456,0.0,0.02067818068909697,32.1281259000265,112.75519288966704,122.71,16.7745,6.869950602775141,0.3444318461975002,0.38347590672490545,0.42995157621512997,0.4824184680221605,0.550298287723803,0.6300727519688153,0.7084577652493057,0.8108569753973681,0.9199228289537951
5424,1,10147,single_city,Asia,10147,153445.7036,3707160.0,44119400,1.0,0.5198034714399237,0.42787645803080415,25.862718072576516,0.0,0.04139171322521823,30.87824767317832,114.36693687634028,28.95,17.506,7.201877196051042,0.38478080255505565,0.42065273686595667,0.4656154576549164,0.5245462834083233,0.5999290562047497,0.6963376277258063,0.7621699629905372,0.8382432913605024,0.9257234648625903
5426,1,10239,single_city,Asia,10239,161837.2579,8995094.0,90269790,1.0,0.5956338824923726,0.4232392038675341,43.87032038055509,0.0,0.017991725033668353,31.183244511496635,115.01348779759252,65.74,17.110500000000002,7.183362239832075,0.17489389215943713,0.20010485715880233,0.23346381927748616,0.27234612556578064,0.36769087682685697,0.5065989304836614,0.6190523411984356,0.7571423933980012,0.8969670578206298
5427,1,10509,single_city,Asia,10509,113939.2747,6343609.0,73234043,1.0,0.5720458279072037,0.4811092120555986,32.84890720584813,0.0,0.0179612701066538,30.248290311565796,115.42350641620443,27.92,17.982999999999997,7.226046451434182,0.15070868964338754,0.1884539226802913,0.2377618166567328,0.29386284684317715,0.4348389063701751,0.6129186083190185,0.7233530629015754,0.8507819444735638,0.9670873472813346
5428,1,10611,single_city,Asia,10611,213452.5432,7636334.0,70533792,1.0,0.7113805954576111,0.3472646800343046,26.70596846178073,0.0,0.027952227233643785,29.852348925247902,115.56858489012897,19.13,17.123,7.397367582892928,0.19092407430057406,0.22747079947000748,0.2739800275891547,0.32386443547388055,0.4399497193286726,0.5962113495821424,0.6805994866122933,0.7844580920635478,0.8939721599395731
5430,1,10425,single_city,Asia,10425,146376.4071,4815233.0,58973761,1.0,0.8424563236033287,0.48055560926351903,14.415142287052635,0.0,0.030398613545803498,30.457527912311843,115.25832097377834,37.88,17.982999999999997,7.226046451434182,0.2572822540466889,0.29904409610085325,0.3552274625132366,0.4186453698086884,0.5264929028356468,0.6594615463052359,0.7532877432930036,0.8647714451201012,0.9685190727011549
5432,1,10213,single_city,Asia,10213,259922.122,6302042.0,82565643,1.0,0.547175561766955,0.46145217063291966,40.93080426039695,0.0,0.0412441113531138,30.349623238523744,114.30843637430986,47.38,17.8445,7.245708561170861,0.2543339127222573,0.28491177938833157,0.32617364340002813,0.3742923325487199,0.46810732140471295,0.5869802200620053,0.6810087904841002,0.8020403545390525,0.9292949808966681
5433,1,11035,single_city,Asia,11035,290900.5374,9046318.0,91922271,1.0,0.74452768251433,0.5713003674994308,46.76717099421568,0.0,0.03215678880623033,28.9668760152339,117.13515386927774,26.94,19.3205,7.51037445190325,0.3096688619612974,0.35399838917889026,0.4079540427387143,0.4692511362081236,0.5477032755204936,0.6370405064248239,0.7294560063000217,0.8482273119295607,0.9609200118766552
5435,1,10659,single_city,Asia,10659,134761.4898,6358067.0,62439783,1.0,0.7143784936896719,0.3866702003442923,17.286724433796106,0.0,0.021195355412266026,31.467171081925326,116.94422070972249,22.69,15.7805,7.303346803292003,0.1871984047981879,0.2134294904410413,0.2512071672097825,0.293923923733424,0.3622888843417347,0.4454386844303465,0.5677584083338537,0.7191201350976641,0.8829671030519182
5436,1,10725,single_city,Asia,10725,104124.3007,7289560.0,70691686,1.0,0.7758120483500625,0.45206568901002153,18.09698805610259,0.0,0.014284030956600947,31.05081655617217,116.96524108988656,51.4,16.7025,7.184764094332528,0.13654267198568912,0.16209236222762416,0.19752166111534852,0.2365810830832039,0.30321116775223744,0.38153564824214353,0.5306945823890605,0.7207706637986381,0.9105069441777007
5437,1,10875,single_city,Asia,10875,283987.964,5594927.0,66156296,1.0,0.5961930762983978,0.2532316506033322,17.43114381898248,0.0,0.0507581178449692,30.65815996644529,117.47848317948231,14.79,16.990000000000002,7.4214108945411805,0.2826142325002632,0.3176854675673159,0.3604865622017946,0.40608501236924094,0.49283556335945045,0.5984172805114347,0.7088535739608399,0.8423688101739307,0.964182195764127
5438,1,10757,single_city,Asia,10757,149497.0311,4623631.0,51008716,1.0,0.5710330253521035,0.3724016264809904,19.920092536684642,0.0,0.032333253042900696,31.25081539366302,117.28817945019127,19.92,16.2755,7.2654000025325765,0.2353161400639454,0.2686131311084297,0.3149859926105695,0.3660806842068495,0.44948872433807974,0.5475571039297903,0.6499828814193866,0.7789983673005048,0.9115839910235051
5441,1,11041,single_city,Asia,11041,87559.65196,3182457.0,34671480,1.0,0.6030054169949604,0.5049934807857089,16.309305435434112,0.0,0.027513223889592226,30.687967391557287,118.41206461470642,43.57,15.886,7.492313404421631,0.21205376851910332,0.2355211712208523,0.2682326893969031,0.3038498242081511,0.36174691441235496,0.4386095397361221,0.5785869219914047,0.7696072562802891,0.973944973961942
5442,1,11135,single_city,Asia,11135,331396.635,8907200.0,96604668,1.0,0.6465959717118364,0.26067767339752174,28.208234916111305,0.0,0.03720547815250584,29.714005744712477,118.30139010127763,140.99,18.2875,7.506878277488075,0.23267974223100413,0.26969867073827913,0.3160039069516795,0.3685503862044189,0.46672557032513023,0.5865122597449255,0.6984182459134184,0.8275656772049578,0.9514030222741153
5444,1,11237,single_city,Asia,11237,178585.9288,4962477.0,59068041,1.0,0.85835481703113,0.5459312420827295,19.5717801632501,0.0,0.03598725571927084,28.684874734515844,118.24450129543311,102.22,17.961,7.6635849624679615,0.2185132545702479,0.2597988867253188,0.3139311275397347,0.3740438494727532,0.4675046352859671,0.5802485331418161,0.6988671181750565,0.8369588413205744,0.9605666686213357
5446,1,11211,single_city,Asia,11211,555865.9481,19231562.0,257260607,1.0,0.7624676378271152,0.3971928553715731,57.66572111020138,0.0,0.028903837769391795,28.44827492006482,117.9410021541492,88.67,18.813499999999998,7.484795799233049,0.20917583293546307,0.2420859522487045,0.28596964718726436,0.3353858100553663,0.4264536598743253,0.5333088908742826,0.6452637076489158,0.7799781421810668,0.9120564413852603
5451,1,11099,single_city,Asia,11099,202697.5435,7043675.0,83906664,1.0,0.6806222954946977,0.5716809978792974,48.21017510781121,0.0,0.02877724249060327,28.247255001277516,117.04395530622608,37.07,19.395,7.551795982851119,0.41301934004621166,0.4524051720160286,0.5020106691464328,0.5574930700238157,0.6129368546958797,0.6718643321845486,0.7623866802485918,0.8723701760799583,0.9717671528002073
5454,1,11019,single_city,Asia,11019,759434.8561,19727110.0,205935818,1.0,0.650439022905689,0.33806488254069034,72.40644415269718,0.0,0.03849701533067945,27.980248584415484,116.35252376953999,43.61,19.2025,7.472233227434402,0.1729428689757395,0.2137351593821903,0.2657834320384486,0.3223900003599108,0.39101505491681243,0.4696448694208123,0.5912450429890643,0.7513687002302922,0.914269196045442
5456,1,11435,single_city,Asia,11435,179316.3978,2876336.0,46189496,1.0,0.7666432072809485,0.5997100153225318,24.8803893046458,0.0,0.06234195094036302,26.639770057468596,118.1732748975376,149.41,19.131999999999998,7.402604253056521,0.5131278126060377,0.5592396020492738,0.6136727419884186,0.6750574341801514,0.7295941781488672,0.7955409242870096,0.8257258540031485,0.8666869934527816,0.9202102953201573
5459,1,11645,single_city,Asia,11645,159638.8912,7199866.0,68575344,1.0,0.9855660228770714,0.3264446534643529,13.978302227697439,0.0,0.022172480876727428,25.90956816051416,119.3765207670853,15.96,19.912,7.42812758779085,0.17836790295819394,0.21727918269590019,0.2654552181943386,0.3201019296748023,0.4818871628999762,0.7083974896199458,0.7907270774206075,0.8831656033598403,0.9696615187004869
5461,1,11641,single_city,Asia,11641,141032.0992,4631987.0,62824280,1.0,0.6810673013545636,0.47510257247850485,20.63550829527898,0.0,0.03044742983950516,26.20641461714648,119.53631545415489,14.12,19.912,7.42812758779085,0.21194511124491497,0.24455336338379188,0.2868891903194029,0.3352820290730522,0.4399420810118854,0.5872440920063031,0.6907981391139483,0.8231262307083331,0.9594841263587311
5462,1,11617,single_city,Asia,11617,314991.1917,6710338.0,91820534,1.0,0.7405880162339232,0.5419647881135393,35.22795456928905,0.0,0.046941181159577954,26.66001870725672,119.53038304383706,46.39,19.144,7.429680473961642,0.1659984936675321,0.19208153151152743,0.2276515728417853,0.27240729155520926,0.41074384032518185,0.6119888446751862,0.7143707217132729,0.8390253963362203,0.9599289931446077
5463,1,11655,single_city,Asia,11655,264127.1272,7727281.0,94104568,1.0,0.7594384680014886,0.46360381315690097,40.06989293681899,0.0,0.034181121043741,25.979452034707,119.48664546625399,28.89,19.912,7.42812758779085,0.38551063433567384,0.4238524521109042,0.46833679272178663,0.5215421828195455,0.6257550359563733,0.7629299361573625,0.8177290304312733,0.8879560611293934,0.9586049737287928
5465,1,11644,single_city,Asia,11644,304182.8224,6338805.0,78126382,1.0,0.5375983096189995,0.4319535793898971,40.91168744633247,0.0,0.047987408099791684,27.512064836625846,120.40485493267076,10.26,18.621000000000002,7.55638510391098,0.15016126856718262,0.17759214867786594,0.21812770703626314,0.2680352211497278,0.4288751586458331,0.6377183081038145,0.7384010077609265,0.8506226331303771,0.9602379312820003
5468,1,11511,single_city,Asia,11511,411296.0571,7381599.0,89699890,1.0,0.6605792555439352,0.5481565272136655,45.05172431574688,0.0,0.055719100576988805,28.458423131589566,119.92491083647626,71.62,17.425,7.423809907641851,0.17776107859557258,0.20337517657082158,0.236939178083231,0.2760091682032579,0.3931760584664651,0.5549933015868243,0.6759053153659526,0.8226552268688667,0.9671428913979206
5470,1,11487,single_city,Asia,11487,380571.5162,15892037.0,194898934,1.0,0.7224575245020095,0.5240603041670535,67.20951332084404,0.0,0.023947308718196416,28.905429927455412,120.04260909490063,98.6,17.554000000000002,7.603695056610629,0.08221041770793763,0.11101798970138316,0.1478188730620247,0.18938610575850032,0.31555375814944303,0.4917733956949635,0.6252900745197107,0.7974401267754411,0.962921430399388
5471,1,11353,single_city,Asia,11353,256343.4208,10091946.0,114762321,1.0,0.5364822437177265,0.4265154100856399,64.20679835339239,0.0,0.025400791958260577,29.220347485619175,119.46328678387171,42.66,17.529,7.507158377765805,0.20433502121394626,0.24060760927575317,0.285277487612399,0.33901657817035485,0.44401198738082825,0.5814195795340166,0.6969280255760385,0.8359345164946383,0.9657289089735518
5473,1,11137,single_city,Asia,11137,319101.5633,9070366.0,93905300,1.0,0.564870129174432,0.3413257997407906,37.711112181637375,0.0,0.0351806711327856,30.623222057734875,118.97510757934113,69.57,15.1755,7.475689232000531,0.09693390542344157,0.11876003680557103,0.14816722941499824,0.1839276386421452,0.2495637992998298,0.33928200912730533,0.4863389195099735,0.7021057364168105,0.9307586926481247
5474,1,11061,single_city,Asia,11061,372103.0136,9625541.0,101181641,1.0,0.6265983931480089,0.36703137640079003,41.23541276759076,0.0,0.03865788048692536,30.94322456763621,118.75235953576524,25.89,16.729,7.320573949917976,0.1477298782478824,0.16712400892583595,0.19331370569197098,0.2238584823440054,0.28170551660420956,0.3574844260701814,0.4892879267773105,0.6961250281932205,0.9073166900437076
5475,1,11281,single_city,Asia,11281,219350.3567,8641052.0,120532265,1.0,0.5353099271826761,0.4099087960096528,46.360443807336004,0.0,0.02538468194613341,30.228820982576703,119.70587536876766,56.46,16.714,7.434822491182626,0.10269467189874566,0.12768294878910577,0.16102252364642639,0.20135893175969777,0.3312982030428702,0.5199207226157185,0.6440848868864578,0.8022157487305944,0.9547693961337115
5476,1,11285,single_city,Asia,11285,159918.291,9093919.0,136697117,1.0,0.6364322014003017,0.4657555876440497,34.8993770998334,0.0,0.01758518972953245,30.53970746636983,119.9634933577069,9.74,17.243499999999997,7.296307161449822,0.03065773952901934,0.04000640427960706,0.05532675186572478,0.0734032269255972,0.15902637795652239,0.2861562765184075,0.44283669119991065,0.6642300200826509,0.9131123776228929
5477,1,11333,single_city,Asia,11333,417064.677,18100611.0,241377052,1.0,0.6556290834485766,0.32159066417523174,56.06916506821493,0.0,0.023041469539343176,30.047370178098433,119.95072687305843,25.54,16.796,7.50505873742937,0.0975748829694202,0.12392134166078703,0.15831603695587956,0.19984286718277078,0.3036379821653534,0.4508556092388262,0.5828574516075729,0.7619345004431066,0.9480781063136487
5478,1,11531,single_city,Asia,11531,278027.1634,9927751.0,123797143,1.0,0.5442470578511329,0.4001518717276869,54.18266390399374,0.0,0.02800505002593236,29.590168532863924,120.83768514669293,24.83,16.7935,7.331671447836994,0.13830524153959944,0.16445335907397354,0.1979129009178413,0.2364636260518621,0.3549909742901489,0.52346941417044,0.6484288334790025,0.8013838179462801,0.9516659916228761
5480,1,11485,single_city,Asia,11485,308405.1994,14588444.0,159117083,1.0,0.6781189110060474,0.4872908069379175,86.00307271712579,0.0,0.02114037654735488,30.0117970451664,120.85866815887121,16.19,17.414,7.3030542196127515,0.14080000581282007,0.1750351853837188,0.21828750208041378,0.26870734123529555,0.36317505828585966,0.5155365438562194,0.6220694955541524,0.7753208635547424,0.9389138416681039
5483,1,11625,single_city,Asia,11625,280946.1497,9337430.0,99855809,1.0,0.6631431647599277,0.50780745844752,41.27804871066821,0.0,0.030088166626148737,29.31859153940062,121.43379134406791,30.87,16.924,7.392802681097423,0.13397733637628342,0.15527730863845834,0.1832622038398146,0.2149526154412938,0.33530543200859336,0.5035352339990768,0.6261606244973189,0.7884098729521934,0.9490160568807477
5485,1,11573,single_city,Asia,11573,163924.4594,6741866.0,72960156,1.0,0.5044382968420361,0.32121457632297334,31.63239711189031,0.0,0.024314404854679696,29.138262927267256,121.02610083327727,64.75,16.904,7.4431126243474575,0.23517806494522436,0.2634958926801571,0.2995933173397395,0.34177303434983725,0.46094909035569676,0.6207527708204227,0.7166229646213674,0.837636049129425,0.9554786464162889
5486,1,11499,single_city,Asia,11499,95383.71304,7330420.0,89225143,1.0,0.7254400548142871,0.5072198812538082,29.420213794174288,0.0,0.013012039288335457,29.161490122293817,120.29906413751091,132.45,17.0215,7.401427215909237,0.09821183506538507,0.13004002499174672,0.17126235604508336,0.2176656999189678,0.3654573680634943,0.579847812267237,0.7061857301491593,0.8510560104332358,0.9782876015289711
5487,1,11567,single_city,Asia,11567,157328.0036,5624012.0,67820783,1.0,0.5099247248515746,0.2766625619161153,21.433003433793978,0.0,0.027974336398997726,28.854146541252586,120.72607534458409,62.49,16.9225,7.473794109231706,0.21506373030498513,0.2463271771112864,0.28563399224610475,0.32997226890696535,0.4513655020650738,0.606942517192353,0.7095116440007596,0.8349230051429478,0.9670457673276658
5491,1,11682,single_city,Asia,11682,253887.0011,8549568.0,103428237,1.0,0.5889422095612034,0.2649874666219319,29.810031301790275,0.0,0.029695886517307073,28.11462503406052,121.24867891688916,27.7,18.9095,7.392260130424755,0.20740778949298957,0.24609208324911855,0.2966931194652174,0.35413719149318423,0.5203058212999768,0.7203877435678622,0.8002568082972146,0.8964863487839385,0.981274258535636
5492,1,11680,single_city,Asia,11680,152960.574,8307066.0,71409637,1.0,0.8146601263776885,0.567344453315507,32.78483634548292,0.0,0.018413309103358512,28.23417581641429,121.28704755887408,15.64,18.630000000000003,7.403056520695734,0.10303986991315586,0.14001513891908407,0.19492249128633382,0.25988261077978675,0.4237133784659951,0.6215530248585963,0.7304585036401541,0.8573850261933635,0.978567041600488
5600,1,10111,single_city,Asia,10111,163287.4542,7563844.0,77875622,1.0,0.6411894248235599,0.4304013177672672,30.94778261434087,0.0,0.02158789290207466,39.398189344254305,121.9498714446307,15.39,11.120000000000001,6.434650044728619,0.32640771015372605,0.3561707512740876,0.3932895760409654,0.4334330533522373,0.504700387792239,0.5879308193029893,0.6463952720336379,0.7270249095565694,0.8332252754022954
5602,1,10069,single_city,Asia,10069,300633.7498,7474687.0,94338481,1.0,0.6232904702842568,0.542230006524552,40.11464605231178,0.0,0.04022024598488204,39.6176279363969,121.99671004245437,107.48,11.0845,6.436628619373798,0.5762431256318826,0.6159342859440134,0.6613700346248612,0.7123690931807579,0.7673849085587129,0.8282424401182283,0.8730896691727694,0.9252252301668283,0.9722504768427093
5603,1,10251,single_city,Asia,10251,145736.6666,9139570.0,97456621,1.0,0.7669750127310591,0.39495325536010883,31.599020758741837,0.0,0.01594568087995387,39.70649077248671,122.9848090514492,12.22,10.885000000000002,6.531782466049602,0.2817700395095174,0.3071561353542891,0.33871670111394736,0.37715001909280194,0.4435641939391022,0.5200448161127931,0.6321754743385083,0.7763150782804881,0.9183557869790373
5604,1,9557,single_city,Asia,9557,151405.5064,10974374.0,106653138,1.0,0.745073811976402,0.3512365139316504,25.182683762041645,0.0,0.013796277254629742,40.61548338399081,120.72298396378336,12.09,10.8425,6.244646397337315,0.3450887494812916,0.3861515016710748,0.43503538333940506,0.49245141454082025,0.5587035761675335,0.6339722885332685,0.7051594924685454,0.7935426658504622,0.889349223928399
5605,1,9477,single_city,Asia,9477,128396.2366,8004170.0,69380846,1.0,0.7243571332366989,0.3099272475528268,16.977586507562595,0.0,0.016041168116119473,39.705655008189915,119.16531272914122,15.85,12.242,6.364857463723075,0.4313626522175316,0.462975673929964,0.5002273814774049,0.5436959734738268,0.5965116932798779,0.6633928314865876,0.7351231920361512,0.8264354705109962,0.9298675565361555
5607,1,9407,single_city,Asia,9407,100579.0183,9330395.0,91594959,1.0,0.5246261629590192,0.31245968202925334,27.416687371132635,0.0,0.01077971707521493,39.50662926362026,118.68931432043476,15.4,12.732,6.345513546269653,0.2552984091241582,0.27969073120698534,0.31064719124967377,0.34567239650625725,0.4696010190350998,0.630994507735203,0.7150537571024592,0.8296528710735184,0.9514520017641268
5608,1,9485,single_city,Asia,9485,97287.05773,5530441.0,49579552,1.0,0.6231416406282022,0.4705993596204115,27.446822894982926,0.0,0.017591193492526185,39.41798658361567,118.90311378892456,8.75,12.242,6.364857463723075,0.22479617809863625,0.2564365120249904,0.29654723737220956,0.3446622068656008,0.4427278041660692,0.5933454493050373,0.6819900980771696,0.8045685687633228,0.9259782357320149
5610,1,10505,single_city,Asia,10505,188864.7464,9954378.0,98926534,1.0,0.5948609058490995,0.5546894669781876,58.44601943305979,0.0,0.01897303341303696,37.391644802327335,121.59287856629801,13.16,12.268,6.581564506502225,0.33776113384482687,0.37089238523994167,0.40912581378766205,0.4517270692352651,0.5279174650590925,0.6239706790318792,0.7058624858328667,0.8170713428804893,0.9365301377946468
5611,1,10603,single_city,Asia,10603,187448.1523,8121984.0,80207598,1.0,0.7882905850304068,0.4568674726033053,22.46128602518427,0.0,0.02307910878672009,36.90922911952464,121.53968733264941,29.15,12.948,6.637407430346666,0.28077683974752965,0.3055928206704175,0.3352487520290609,0.3683109939640364,0.4620925133563425,0.5979637487589239,0.690537065820371,0.8183383518115771,0.9519186445085339
5612,1,10243,single_city,Asia,10243,156700.1136,9187199.0,111821166,1.0,0.837436653697673,0.5824228033165444,26.66067171140785,0.0,0.017056353476179193,37.36129506101778,120.41137326724262,78.3,13.0125,6.57866701362167,0.22938438581770135,0.25712319935597344,0.29062655549313776,0.3299051212453328,0.41729650136020785,0.5373255765984823,0.6444723794488396,0.7884921182179683,0.9327914851958687
5614,1,10209,single_city,Asia,10209,109377.3845,8016762.0,79222673,1.0,0.7412666939451776,0.5896674547653116,37.06079958703108,0.0,0.013643586338224835,37.80425979459819,120.75405600663578,29.27,12.5695,6.44903732624234,0.42694419517505944,0.4598722027671521,0.501054665212713,0.5462461028529972,0.6181449567793081,0.7049337375863223,0.7733648572827783,0.8626062492562458,0.9519168711756691
5619,1,10105,single_city,Asia,10105,340417.938,15312177.0,140956923,1.0,0.577503735718719,0.2569332549953978,46.022764103192046,0.0,0.022231844498662733,36.8748284614869,119.3914873736368,8.83,13.872499999999999,6.533634756295936,0.2999401717992157,0.33758106375076513,0.3823072316888709,0.43410123851102295,0.5045815497038729,0.5853692130126239,0.6834894215237977,0.8119538456223436,0.9410581526062558
5620,1,10169,single_city,Asia,10169,643610.027,25841885.0,215102799,1.0,0.9582269679732585,0.4208898140813952,56.37845262238481,0.0,0.024905691941590175,36.43809824118788,119.20886554001679,68.74,13.3545,6.562980672873202,0.1424704505882601,0.16584312638184096,0.1981232019258657,0.2367288222202057,0.3092670677854963,0.4009283765483826,0.5404021030199616,0.7235825095576426,0.912388705390493
5624,1,10547,single_city,Asia,10547,141815.4783,6837737.0,71002461,1.0,0.8384474078726217,0.41215802980082394,12.815490368265372,0.0,0.02074011888728683,36.77881250126391,121.16419994920635,39.3,12.948,6.637407430346666,0.2532198883928996,0.2820049966823819,0.31601449426908346,0.35281702118698044,0.4529173906513222,0.5877992967556371,0.6845102407419297,0.8183785073921387,0.9504938549113544
5625,1,10657,single_city,Asia,10657,233823.743,12520331.0,128138578,1.0,0.7319471578295766,0.2887410017927629,25.58551022201537,0.0,0.018675524073604764,37.192507685664964,122.04426208814661,56.58,12.9805,6.592235988179147,0.2547748138607518,0.2810737192171677,0.31285506748982916,0.3475527124642312,0.4423775218083292,0.5670495452556327,0.6684243411775616,0.8070494302426988,0.9503938833565981
5628,1,11377,single_city,Asia,11377,364171.1338,14749796.0,149703731,1.0,0.9371020394565304,0.31870448772721705,20.156737120919463,0.0,0.024689909867227994,31.816224544661196,121.66030853445065,3.76,16.743000000000002,7.106026051477015,0.1439941949027634,0.17954770357501892,0.23448568373420214,0.2991660359234799,0.397194510351194,0.5110861194283636,0.6338631395308789,0.7862696541701323,0.9390234278494428
5629,1,11067,single_city,Asia,11067,415843.3981,12811752.0,123338549,1.0,0.6804189674464551,0.41093686179159566,47.148844586091165,0.0,0.03245796500744004,32.84819736738008,120.31658163173883,4.5,15.8965,7.072390941618793,0.24612512012408608,0.27657684913039216,0.3203586051306644,0.37472977934633767,0.4625666341340357,0.5768882351141358,0.6808151609553479,0.8144788472333838,0.9480130430248728
5630,1,11295,single_city,Asia,11295,401453.5454,19783898.0,183656375,1.0,0.7061690193326603,0.21724807363073803,35.1744907615464,0.0,0.020291933642197307,31.889562724476605,121.1865043541262,4.2,16.825499999999998,7.105052061924354,0.12371960267890585,0.1522100447545777,0.19543676377627908,0.2507550837554864,0.35235412151841866,0.48381734479221433,0.6091790909961222,0.7661648376876994,0.9295980498888541
5632,1,11247,single_city,Asia,11247,149468.1016,9171139.0,84746955,1.0,0.5032116294098012,0.34901988978876264,42.3281948926335,0.0,0.01629765960367627,32.30277588654688,121.1703153960932,4.86,16.186,7.1155516626822655,0.1596777673961762,0.1846620141729397,0.22254989265782582,0.2681504445631017,0.3759968091204375,0.5072427754066317,0.6435834196821136,0.8051483027353528,0.9563746662219382
5633,1,11369,single_city,Asia,11369,124315.979,5838406.0,59480420,1.0,0.6594815286945315,0.6033862146040807,39.869809711116005,0.0,0.021292794471641747,31.63265494966488,121.4029812152312,3.38,17.168,7.149973741891281,0.2612915237480915,0.2882718330996508,0.3259956570337863,0.3769856018920233,0.46309078197028436,0.5615263823721749,0.6603155039235024,0.7854935062755143,0.9190547899546554
5634,1,11437,single_city,Asia,11437,174132.6941,7129783.0,80690857,1.0,0.7715044279696915,0.5487301525308705,31.422881564007085,0.0,0.02442328105918511,30.527885188758322,120.93635059185601,3.79,18.2715,7.2337593435507115,0.1355079109700814,0.1524512036341078,0.17635838285681346,0.20677698044947512,0.2946866685844436,0.4425091198427778,0.5577168337381376,0.717043281681925,0.8996681946701603
5635,1,11417,single_city,Asia,11417,264546.9393,11300295.0,133676872,1.0,0.6411954276771592,0.4463341437318605,50.10312668094098,0.0,0.023410622404105384,30.722414024371975,121.0036245889022,4.23,18.2715,7.2337593435507115,0.08445168909307235,0.09271280086050851,0.10422427025135185,0.12013624423079221,0.17500737812596928,0.2752689199706733,0.4023127714807445,0.5999270815496409,0.8427788832061464
5638,1,11335,single_city,Asia,11335,662429.0397,30769513.0,309521680,1.0,0.9793709784310081,0.3326155424633024,54.722848251070936,0.0,0.0215287463178244,30.915157851305647,120.65570911933558,2.51,17.436500000000002,7.260205611804411,0.05577598839474645,0.07278717735961567,0.09889799035818345,0.13050508794208085,0.21967276505156255,0.35479703562419074,0.5024691486017344,0.7054843214450616,0.9235630086183034
5644,1,11033,single_city,Asia,11033,143860.5017,9290835.0,80821123,1.0,0.701567903884171,0.37540948635001964,28.01878570960505,0.0,0.01548413051141259,31.33611462163965,118.88719166495915,12.68,17.1455,7.208776118216829,0.15883728426992838,0.1892425169535354,0.2274162655993783,0.2688127601017562,0.320181447630918,0.38370404812915093,0.5019436896683668,0.6759693827304004,0.8847244623330411
5645,1,11021,single_city,Asia,11021,151145.5866,8062522.0,78418594,1.0,0.5711304047242203,0.5421373697134084,56.03500753664369,0.0,0.018746688269501776,31.658080679119667,119.03496361657821,22.67,17.1455,7.208776118216829,0.11449878834439149,0.1316304005123955,0.15490760831412306,0.18407304811075245,0.2623195322753848,0.3686548700270213,0.49236826888658414,0.6677498678453219,0.862329057830788
5647,1,11007,single_city,Asia,11007,207331.0945,8762825.0,91874873,1.0,0.5363747174874269,0.5125345670544458,61.76133582831543,0.0,0.023660302984482743,31.947910390025648,119.17027245197262,23.19,16.6325,7.166824505384702,0.16533697751581253,0.1931682990359844,0.22972979604180158,0.27296824939445896,0.34240441866635474,0.42927537637691043,0.5437420010099483,0.6985340914602312,0.8723376308439345
5648,1,10945,single_city,Asia,10945,198135.6929,14045908.0,144847568,1.0,0.6819596622915385,0.5164897315874929,57.86495719278394,0.0,0.014106292943111972,32.28079477093894,119.18209029443345,10.74,16.2975,7.083446570733274,0.34522125589887104,0.37938330508785906,0.4234303684745764,0.47277997264398997,0.5349072484313581,0.6052365571524461,0.704444810545534,0.8314005758830258,0.9529959900064845
5653,1,11073,single_city,Asia,11073,60750.51453,5401252.0,63284558,1.0,0.7197174509218022,0.5894860150596536,24.45140721134569,0.0,0.011247487532520238,32.311252399215704,119.87369101543166,4.92,16.292499999999997,7.120670296748398,0.11650595084250837,0.14250566350172145,0.17843233383667342,0.22276964674116298,0.3177972440463804,0.4419367953948455,0.5861763161578093,0.7747475955574744,0.9471354049024189
5654,1,11081,single_city,Asia,11081,239970.2198,16235235.0,180266098,1.0,0.6447636061792064,0.38383456411942185,49.0729296453749,0.0,0.014780828229465111,32.50535018101097,120.15300466242603,6.46,16.3265,7.114826357316224,0.13814706100650836,0.1612814351008778,0.19494728594935645,0.2342604834484995,0.32437054345071076,0.44543389732270583,0.5867371799669053,0.7787946401761354,0.9614533451471444
5656,1,10925,single_city,Asia,10925,349347.1358,12201320.0,142393821,1.0,0.778229636337603,0.6461888199429476,48.85160766112446,0.0,0.028631913252008798,32.77891980259446,119.44151356006034,5.75,16.238999999999997,7.074751669673346,0.2606996620037832,0.29269013516570336,0.3332932010634915,0.37782830054453126,0.4422530513092026,0.518292938796786,0.6376348624575046,0.7979033416056623,0.9520032258804785
5657,1,10741,single_city,Asia,10741,172789.9,8971688.0,85224645,1.0,0.8430803470548972,0.39686439168113763,18.29794481615943,0.0,0.019259463770920256,33.775452551929696,119.27080215096991,10.73,15.308,6.903987188638198,0.2769333931362749,0.31484955785354996,0.3652565715615612,0.42076162256199723,0.5095345491283245,0.6066610876347907,0.7089407255357074,0.8317519512493078,0.958245538632195
5658,1,10573,single_city,Asia,10573,378770.9006,20318761.0,207054801,1.0,0.6990357009409597,0.2541030917259912,35.50979526452157,0.0,0.018641436876982803,34.11623567097835,118.78551524543067,8.19,15.384,6.874339643712713,0.13135116850874914,0.1460242580736099,0.16649440386645623,0.18940047574751237,0.26376022632482365,0.3550290787907786,0.48371330318812256,0.6676516840766029,0.8656420044509604
5659,1,10471,single_city,Asia,10471,174969.2468,11337007.0,112195584,1.0,0.8507933503539842,0.49635693278761317,30.03446223988732,0.0,0.015433460242196198,34.532417390952574,118.76533667774055,26.83,15.018,6.843404473558202,0.32197960184729535,0.34890593257991287,0.382107199898527,0.42059751749293267,0.4873838394913225,0.5672928489856274,0.6509203884235054,0.7774976234909267,0.913895087124847
5660,1,10647,single_city,Asia,10647,114332.6895,8617821.0,77346465,1.0,0.9668657802752608,0.5026225212656892,19.042503195071227,0.0,0.013267006764238894,34.30375456846264,119.25558054284406,11.42,15.352,6.88651325625321,0.30465555039957315,0.3416571311936045,0.3850201808554622,0.4341749497929929,0.5026323939659457,0.5757013286769358,0.6699357064854329,0.8004341236607259,0.9358797310828341
5661,1,10733,single_city,Asia,10733,113230.4028,6036318.0,55542794,1.0,0.7359688058302869,0.6397677164286405,29.33419555829555,0.0,0.018758190473066528,34.199459107082426,119.57908827013863,4.09,15.308,6.903987188638198,0.39731604597372105,0.4336632032971093,0.47727074683606796,0.5264538746964623,0.5927938190135112,0.6651652547132209,0.7515569921929229,0.8589120056299221,0.9644853037894955
5662,1,10837,single_city,Asia,10837,206886.6724,10176197.0,100515185,1.0,0.5973216846723618,0.5331452026655064,58.520676751264524,0.0,0.02033045079610782,33.781604260724464,119.78897554650761,2.98,15.423,6.9306037531696845,0.2273790493639225,0.2559347072388634,0.29558095229485043,0.3405330105146353,0.41921151880216156,0.5096153307566668,0.638843371448096,0.8055311822284887,0.9594772978549845
5664,1,10879,single_city,Asia,10879,269711.5552,13318402.0,123247836,1.0,0.6419589990709345,0.36526525532520354,42.15871049778533,0.0,0.020251044772488472,33.46926688634926,119.77124107119265,3.44,15.671,6.967489151257789,0.16361677624688006,0.18749088666943678,0.22117248000172993,0.2568255560989975,0.3429791351845364,0.4537955829836042,0.590882674963558,0.7701544824972245,0.9386323524398797
5665,1,10919,single_city,Asia,10919,159619.933,9703422.0,101760725,1.0,0.50485893707326,0.3630793663558804,40.20770003713753,0.0,0.016449859956621488,33.771394810514366,120.25899521207323,2.9,15.451,6.960198761649472,0.2784598052109864,0.30579356437347566,0.34103494622824815,0.379422331626925,0.46443821571400273,0.5639856743322098,0.6699622050859996,0.8153710103507814,0.9564687591655809
5667,1,10479,single_city,Asia,10479,108565.1413,16158831.0,138716459,1.0,0.8816641687415672,0.3156039699007666,29.156243754885427,0.0,0.006718625951345119,35.10526082410953,119.30815273935328,16.59,14.837,6.82636841833962,0.1890094648554713,0.21521123650590812,0.24716769424718904,0.28547244537677263,0.35350403751360476,0.4469478021027635,0.55500419553865,0.7057545808852138,0.8690854555010817
5668,1,10331,single_city,Asia,10331,135244.1032,12060526.0,119851200,1.0,0.5479810204390053,0.31503838772029547,33.40087733953423,0.0,0.011213781488469078,35.18175073643987,118.82704736153285,102.09,14.488,6.826293022559199,0.24217185883932427,0.26638498188221643,0.29524417094246136,0.32864130469931413,0.4062506063168389,0.5187081392635777,0.611683686101253,0.7449136132205179,0.8902639901443767
5669,1,10261,single_city,Asia,10261,199635.455,14215882.0,134225186,1.0,0.5511592230913981,0.42751071284832015,64.2560145066489,0.0,0.014043128312404392,35.59051296855725,118.83010639789576,109.33,13.795,6.7358773966739,0.12885278591929786,0.1474673185947942,0.17201282340413349,0.20088827411482454,0.28901836692229155,0.42042737833642685,0.5340514222051084,0.6961616591921627,0.8775359137055302
5670,1,10303,single_city,Asia,10303,135864.6559,7035789.0,79244860,1.0,0.8520377776281404,0.5515453487508245,18.613217151430735,0.0,0.01931050744983967,35.75920726439389,119.198360048403,136.49,13.551,6.713492508842993,0.2723880718992568,0.30063053340570617,0.3355771470690778,0.3750472050824719,0.48743047865704897,0.6425374609727494,0.7301793729175221,0.8405395613768406,0.9486526670995961
5671,1,9991,single_city,Asia,9991,157275.1657,9999198.0,99464914,1.0,0.6342990985287623,0.5570285541787336,51.74521884386114,0.0,0.015728778017997044,36.18776317938904,118.17518672512492,291.16,12.993500000000001,6.712390427048602,0.18291436973245254,0.20689169271375565,0.23930839253308114,0.2762792575964592,0.3442710105350449,0.425505125511066,0.5603904433135537,0.7427291668791837,0.9352612079488775
5672,1,10141,single_city,Asia,10141,166517.411,8364884.0,78295863,1.0,0.9434249749609562,0.4615513709425082,18.61677138617204,0.0,0.01990672088220231,35.26670609350175,117.97039481030353,119.82,14.520499999999998,6.810291832562315,0.2438727183784019,0.2748435005195529,0.3133774479120093,0.35682419505159907,0.4270182348015824,0.5175796819178843,0.5978399700462075,0.7056737427560262,0.8380207065632949
5673,1,10049,single_city,Asia,10049,141574.7382,11349584.0,97625759,1.0,0.518270947362648,0.4595345047423205,60.36327451639535,0.0,0.012474002412775657,35.70943579359484,117.94526126982534,199.57,13.3775,6.755614078797599,0.22089170845380765,0.24589191991530263,0.27796824976140094,0.3122862476721614,0.3793643890384,0.472161975275922,0.5219767526281139,0.5837920579291717,0.696892062299376
5678,1,9459,single_city,Asia,9459,113995.4041,11225141.0,104228524,1.0,0.5899305072275849,0.5426112127435059,60.54903480091131,0.0,0.01015536500610549,36.86130865408437,116.23320781455853,29.3,14.6685,6.389439171456896,0.18902025373222484,0.2217042084371145,0.26148054621318345,0.3064710723900929,0.4194577154977385,0.5617926759227345,0.6699808937812006,0.8152982666320182,0.9483952139220345
5680,1,9355,single_city,Asia,9355,274780.9427,13916810.0,144810448,1.0,0.7392009997841423,0.5504381342988985,47.12914097208538,0.0,0.019744535040716948,36.84701663164146,115.71386661437487,34.78,14.7655,6.353534039271522,0.35746970749762336,0.3819667725577916,0.41223477219276544,0.4457859954975314,0.5272362703809278,0.6320087721252212,0.7135230703013119,0.8197305273263054,0.9276441224677207
5681,1,9501,single_city,Asia,9501,174338.2779,16716539.0,193285170,1.0,0.8533217733217752,0.3785110490265479,24.67098803789496,0.0,0.010429089292945148,36.59119392087858,116.24001056495192,30.75,14.669,6.463326604655584,0.16075761854771492,0.185118223335584,0.21514824330562685,0.24970396084979074,0.31042358708342677,0.3849135876750564,0.5225192248227938,0.7169292040655066,0.9037437115422038
5682,1,9469,single_city,Asia,9469,117133.3929,7511075.0,64751276,1.0,0.7273933327151313,0.340776113806392,15.575378271972156,0.0,0.01559475746148188,36.24441596108024,115.66994439460306,38.26,15.0295,6.4434052380457345,0.26413529354985804,0.30079449346465054,0.3446245710500827,0.39515089384675295,0.4631896233228932,0.551378331330735,0.6405940561104768,0.7640667946998266,0.9030214716268976
5683,1,9503,single_city,Asia,9503,172360.5787,9867291.0,82862703,1.0,0.7325519834653981,0.26477288317086445,19.60572258125046,0.0,0.017467872255921106,36.107879474869975,115.7774918229299,40.65,14.9495,6.486768074021368,0.19375084813045446,0.22617403297419728,0.26726383158254885,0.31347935314768766,0.394964737535358,0.5033707833284738,0.6093354295520422,0.7426698979486872,0.8846464546348132
5686,1,9795,single_city,Asia,9795,244059.0814,14874896.0,154291895,1.0,0.5325870396226808,0.42257861368511906,70.6256039083435,0.0,0.016407447917619052,35.56268608013618,116.81844130236371,50.94,14.932500000000001,6.6594016061929295,0.3621202460844096,0.38813225988269096,0.4190288120333749,0.45343967446898453,0.5080368965268732,0.5769050082770326,0.6631143505137784,0.7885801688966431,0.9202699635681486
5687,1,9981,single_city,Asia,9981,893545.6591,34915394.0,301477115,1.0,0.9146974581925388,0.4159994238121125,79.01613198653635,0.0,0.025591739251173855,35.086074887052725,117.167516321954,69.65,15.076,6.709796901856744,0.21935089720024353,0.255894520336789,0.30169695349850556,0.3538022512362312,0.4462414200452671,0.5566774643871983,0.6519987143779618,0.7773458893232023,0.9098820995690325
5688,1,9739,single_city,Asia,9739,197744.5028,13262658.0,107435985,1.0,0.8334268358420666,0.21236107756007097,17.562527766455926,0.0,0.01490986971088299,35.41704075892002,116.37149317553248,39.58,14.997499999999999,6.62787800304651,0.20090678655816957,0.23161413044051954,0.2715163129442077,0.31651423115939503,0.3985903127412318,0.49564883600255694,0.5924387102494839,0.7217134755340898,0.8707886458355482
5689,1,9695,single_city,Asia,9695,91549.03524,7990041.0,69906120,1.0,0.5793379538846983,0.24771272310663228,14.076523456332492,0.0,0.011457893049610134,35.39012641771646,116.07459950768695,40.99,15.0215,6.586557787192539,0.35430469005102727,0.3808476076655927,0.41227247770067765,0.4489317388984612,0.4938345122384228,0.5461904388225292,0.6438318651931824,0.7886582809775319,0.9374761656417032
5690,1,9791,single_city,Asia,9791,245314.2001,15010707.0,122321751,1.0,0.9841933974143513,0.29453891168343793,18.642888188957638,0.0,0.016342614648330686,34.79181363968326,116.08181253410156,44.31,15.242,6.661362291946673,0.22170228224426738,0.25135278438250774,0.29143290852322945,0.3401458039251582,0.4282795607162274,0.5247090626710654,0.6420771519955722,0.7831032209209067,0.9215654532461396
5691,1,9727,single_city,Asia,9727,106909.0533,8337205.0,64356266,1.0,0.9235929767769202,0.46112665203201253,16.610449007064087,0.0,0.012823128770373284,34.948909222865666,115.90262171507398,44.36,15.284500000000001,6.653064299419749,0.16677819485067238,0.19272597950991968,0.22728024559789523,0.2667118056950741,0.3675088953672124,0.49336246379931886,0.6128075296217378,0.7711873463588816,0.9311611025517544
5692,1,10129,single_city,Asia,10129,145758.3873,6915499.0,56235917,1.0,0.9053178551225557,0.614045828877822,21.019567039456316,0.0,0.021077059992344733,34.1827458252703,116.94281643845511,49.27,15.469000000000001,6.8036389889544715,0.4112617180625722,0.44417156303543676,0.48666596582545957,0.5367848364955298,0.6090063782815962,0.6911564877675493,0.7480437781857824,0.8192775387575069,0.9001194273905614
5696,1,10333,single_city,Asia,10333,137173.0133,10054220.0,91878433,1.0,0.652644635322743,0.5852532448906247,45.585159036368324,0.0,0.013643327209868094,34.61870168670093,118.3388631750743,40.72,15.0595,6.844448532232244,0.290438940066957,0.3218003982407387,0.3600151975986203,0.4010704957719246,0.5105618337374754,0.6445250849891886,0.7291756098434289,0.8361714782449559,0.9441935823962475
5697,1,10305,single_city,Asia,10305,596091.6828,21689306.0,185402753,1.0,0.8624911507322148,0.3713910771917246,54.92450503286369,0.0,0.02748320683013094,34.31850511961604,117.9540351871747,25.76,15.239,6.8685782848731645,0.17551465224382928,0.20285983332062354,0.24069755851109298,0.28467194847082705,0.3921014346885972,0.5251626769431903,0.6299185875288034,0.7684657130108267,0.9113133910324286
5698,1,10457,single_city,Asia,10457,811743.6426,43633816.0,370297428,1.0,0.9628458760549259,0.23551887243016084,48.62953841477183,0.0,0.018603544613196334,33.952693111845555,118.28557555987712,22.78,15.386500000000002,6.8908222205322405,0.11674541598653668,0.14180911887239017,0.17577761248294213,0.21415284879048854,0.2821986736158946,0.3616804681946681,0.5023406616556296,0.687830282824679,0.8772435122337225
5699,1,10627,single_city,Asia,10627,202916.0708,13539984.0,132002221,1.0,0.829840006633873,0.28904625635054726,20.364342533951227,0.0,0.014986433573333615,33.71647998440292,118.69715066137996,15.73,16.1185,7.017598432589246,0.14558606568515886,0.1668815856798649,0.19751862336026393,0.2303832116788321,0.3049094445015592,0.3899293381735163,0.5352868216092427,0.7338081049431078,0.9309240690387818
5700,1,10399,single_city,Asia,10399,252669.315,16277318.0,143531710,1.0,0.987356994690956,0.3980739597021926,27.15087018515271,0.0,0.01552278544905248,33.90128831156764,117.95579705963728,24.98,15.401,6.87809472156371,0.13091247587593977,0.15430343008596378,0.1885552644483569,0.2268369395990175,0.339967862027393,0.4765399312097976,0.6116768130966047,0.7854982006249432,0.9495043348050336
5702,1,10793,single_city,Asia,10793,334834.419,19388279.0,193712460,1.0,0.8331857345731287,0.5917008702855017,63.64266917189521,0.0,0.017269940204594745,32.30034616364748,118.31605219158472,24.5,16.1195,7.058206839782665,0.18570797335854305,0.21085213391038987,0.24339983966601678,0.28008824300496193,0.33512623786773443,0.39947078335317954,0.5341205374649292,0.7236056898087757,0.9205525668369018
5704,1,10635,single_city,Asia,10635,141173.1082,6760297.0,56175763,1.0,0.8821464406824906,0.4570139918384132,16.552766159587495,0.0,0.02088267840895156,32.52466632086651,117.68516003795057,68.35,16.2475,6.98695963533739,0.21158404726892915,0.24069149624639272,0.2783129202755441,0.31973358566938703,0.3850076409364855,0.4571558024743587,0.5886537233497285,0.7661503629204457,0.9381499067274707
5706,1,10339,single_city,Asia,10339,106710.3629,4388382.0,54588900,1.0,0.5000356797461252,0.3151519574326244,19.32482504475868,0.0,0.02431656198115843,32.70918041117774,116.71563966488719,24.59,16.412,6.9315347918970245,0.3265196603212756,0.3638985849454309,0.4091327965523512,0.46026371450798953,0.5340959378650263,0.6178614350345982,0.7098796321742273,0.83201940943154,0.9511430408747461
5707,1,10315,single_city,Asia,10315,72733.80787,4264005.0,36434189,1.0,0.6128642384256584,0.539216132411784,28.020627453541504,0.0,0.017057627247153793,32.34460582497105,116.27352265709817,29.87,16.3625,6.930754751702744,0.4277455115554508,0.4604940660247819,0.5000331847640892,0.5449597268295886,0.620297115036216,0.7098195241328282,0.7614843322181846,0.8324429732141496,0.9157965340096927
5708,1,10257,single_city,Asia,10257,96372.92306,5230272.0,57657332,1.0,0.5268869320665904,0.43505306995672866,29.811368314344524,0.0,0.018425986843514066,32.64761168780294,116.25016907422179,26.84,16.313000000000002,6.929973124544057,0.23924300686465255,0.2660351125142249,0.3021223370409799,0.3436756252829681,0.41639096398810616,0.49951799829913246,0.6149947842100755,0.7706220632502477,0.9342022747574122
5709,1,10211,single_city,Asia,10211,129724.2678,9681031.0,82595358,1.0,0.7615614623001609,0.3584924869461478,20.67971862387735,0.0,0.013399840140993248,33.260319379538274,116.55371874103048,27.53,15.817,6.861468902718108,0.20286124484055468,0.2252237390831617,0.25527787278028546,0.29249570629409205,0.3931092669778663,0.525046247656887,0.610561313149395,0.7317210326048951,0.8777358527206451
5710,1,10237,single_city,Asia,10237,821554.0541,22104495.0,203702815,1.0,0.8022134313239565,0.4215374861145068,56.295776779325855,0.0,0.03716683209003417,33.634526077410136,116.97626148474083,28.12,15.7555,6.880324984859114,0.28472747285111016,0.3093840868113024,0.3414575632693712,0.37912913188019,0.4526454913355858,0.5356298798049899,0.6290190298398584,0.7617253413841846,0.9063959163057107
5711,1,9909,single_city,Asia,9909,548999.9427,21287585.0,211167090,1.0,0.7632458541017197,0.3936229981604053,53.457921365361145,0.0,0.025789677067642947,33.86540681725058,115.77463592462074,38.72,15.686,6.777162991524842,0.14566062801393395,0.16954426723369515,0.20331357455531004,0.24279372225642318,0.36287206839103636,0.506676732001305,0.6119549963041838,0.7548163401344022,0.9041111051347535
5712,1,9847,single_city,Asia,9847,103157.4143,6752511.0,59456791,1.0,0.8644321621450822,0.5130062736227664,16.779990731445064,0.0,0.015276896890652973,33.865498092884884,115.4866866833107,42.15,15.718499999999999,6.762122964640786,0.22982531979585075,0.2526429057279581,0.2843099404058727,0.3222499008146747,0.4314122553817387,0.5605135630286274,0.664103620119982,0.8024001738020123,0.9362557128748106
5715,1,9839,single_city,Asia,9839,138720.8437,9274683.0,76563693,1.0,0.9558190930682894,0.38353691078105373,16.34029172216248,0.0,0.014956936393405574,33.389319767467974,115.08248219642404,42.58,15.916999999999998,6.817515970550155,0.2214477842531114,0.25071714041331655,0.28815906699991795,0.33689323937001403,0.4261045903132215,0.5331070614488926,0.6311207617554152,0.7606119799458375,0.9009155353341995
5716,1,9733,single_city,Asia,9733,154697.7848,8620156.0,66789198,1.0,0.6918129667849132,0.21447269929126078,15.081618339292264,0.0,0.017946053969324915,33.734769484888716,114.86476160785807,47.19,15.855,6.761718012885253,0.23585918862721278,0.2737502662364811,0.3228336006912172,0.3783096268791423,0.46429890595947454,0.5648615871916935,0.6689458984268962,0.8059409829706098,0.9419102160100119
5717,1,9813,single_city,Asia,9813,123263.8587,7657057.0,72452560,1.0,0.6561562090208374,0.2947283513386717,16.46777293334753,0.0,0.01609807249704423,33.64763496722629,115.18450693326592,44.1,15.944,6.832829126055946,0.27482412629290864,0.30329263579989024,0.341635304530187,0.3880443883335334,0.48303584523401094,0.5959216445691863,0.6901231112684678,0.812657134457795,0.9406064235906825
5718,1,9935,single_city,Asia,9935,128540.8469,8088214.0,62431648,1.0,0.9013242018752713,0.6495615309579663,26.378820098281686,0.0,0.0158923647297166,33.26816275558763,115.35541944766695,38.78,15.930499999999999,6.8252015880939,0.24002938102280677,0.26387704380719895,0.29767090732267965,0.34025954308330614,0.4653787597608075,0.6220086412154773,0.7085821418671662,0.8169343689472114,0.9275981075673814
5719,1,10019,single_city,Asia,10019,171274.5586,6694335.0,71811723,1.0,0.6109551446212622,0.5731306699715502,35.453062377900324,0.0,0.025584999645222414,33.1730158717438,115.61747938863692,35.59,16.052999999999997,6.851571096307211,0.1868666566582043,0.20464825856489105,0.22766055179491315,0.25418671160018136,0.3552545547840077,0.48755910781279993,0.5821460981561275,0.7048949596935319,0.8448225253143142
5720,1,9963,single_city,Asia,9963,186651.3559,9340605.0,84101647,1.0,0.7426210071043111,0.39380961360913913,23.950520249141704,0.0,0.019982790825647804,33.06249471750116,115.25555261527036,37.44,16.1615,6.869967738346329,0.1648335412963079,0.18611481804444144,0.21732318195662914,0.2544425120214376,0.361098558391025,0.4945380946951509,0.5950144557017453,0.7199833415501459,0.8562983875241486
5721,1,9611,single_city,Asia,9611,135475.099,8039379.0,69347521,1.0,0.8949285121587283,0.41202950976055974,15.96571127117433,0.0,0.016851438276513645,33.38596775158394,114.01374244835414,60.4,15.651,6.7965192026409325,0.3356618713957882,0.3666725999607681,0.40457478121133483,0.45032508107902364,0.5471452459201139,0.6639236687311296,0.7309807138088651,0.8202354933136005,0.9179345817630938
5722,1,9685,single_city,Asia,9685,783509.7568,23231750.0,258427522,1.0,0.9400158148600425,0.4423205080370142,51.32656448153897,0.0,0.033725817331884164,32.97339281354192,114.03202243859977,83.41,15.4895,6.8936208570151996,0.34868574257212653,0.3755002959312148,0.4096139550399776,0.44891637521925815,0.5212928427690553,0.6049378974894272,0.6869330549786391,0.7978967146254587,0.915528188793354
5726,1,9347,single_city,Asia,9347,101032.6141,5588162.0,60045515,1.0,0.7130020654558672,0.3524109243382049,12.671247446719434,0.0,0.018079757548188476,33.74254827103726,112.90657780648745,130.48,14.8765,6.791407400494867,0.43353288612606433,0.4759108629993189,0.5254999765575873,0.5826205467915927,0.6497121951725809,0.7276326276868852,0.784725818614421,0.8550609305886264,0.9310726854375374
5728,1,9237,single_city,Asia,9237,198876.2679,8437798.0,100236045,1.0,0.5777156902412778,0.4907737754152889,43.716227958256724,0.0,0.02356968819353106,34.16812939872563,112.84134842448607,214.05,14.5195,6.808295652117485,0.31701007774777257,0.3460372007009412,0.3846001053829447,0.4284374904447819,0.5148607492144277,0.6228327580252573,0.6881579767612356,0.7712999291995376,0.8750297174689415
5729,1,9365,single_city,Asia,9365,84696.65539,7699973.0,88324107,1.0,0.7926493132336269,0.5292408770696294,24.79929549999467,0.0,0.010999604205105654,33.85486234208853,113.0542371305171,135.58,14.5195,6.808295652117485,0.41515262456115104,0.4460768888410388,0.48311922652196315,0.5267673016515773,0.5744681182648302,0.630135196577962,0.6889139741139352,0.7631955332830388,0.8565915750613671
5732,1,9531,single_city,Asia,9531,197503.9775,9642362.0,78328913,1.0,0.7836905261328885,0.4315398436093963,31.255404013346688,0.0,0.020482945724294526,33.81666107236861,113.94802203668253,62.39,15.8825,6.663328079201111,0.3118517018962781,0.34807882135103413,0.39432972958285534,0.4492216741084809,0.5578753421620138,0.6846870092618386,0.7477110898761112,0.8338306526969221,0.9290423860875582
5733,1,9385,single_city,Asia,9385,271270.0892,16776767.0,179804426,1.0,0.9233612184061022,0.5234825592198797,50.378050219306836,0.0,0.016169390038021033,34.16326259337611,113.47351325491472,121.56,15.690000000000001,6.651369656762854,0.2887000218814507,0.32717662467387193,0.3746850629802512,0.43056066761849887,0.5284351865886914,0.6542143072023352,0.7256044028029953,0.8230529755822442,0.9285581661830316
5734,1,9399,single_city,Asia,9399,298651.6422,13273305.0,124501189,1.0,0.9823616867958063,0.45237028739276813,31.10565405606064,0.0,0.022500171750743314,34.394106874053755,113.7405498184226,112.38,15.1355,6.610875032736133,0.20013696664093833,0.2316652107368888,0.2737787612052914,0.3233398916095125,0.43782449058467354,0.5864497952845956,0.67595553631895,0.7863957017487355,0.9073349101825054
5739,1,9073,single_city,Asia,9073,128860.4821,8606157.0,80760159,1.0,0.7371772275348157,0.42466234496267624,25.79609754819433,0.0,0.014973057323960043,34.90706461527026,112.77489484551751,122.9,14.7895,6.6312373219011125,0.2289998892653248,0.2732325241103549,0.33092726521256816,0.3956534838953089,0.5156899879934795,0.6718615521422628,0.749208618899237,0.845647830965668,0.942267611432141
5741,1,9087,single_city,Asia,9087,99101.27498,6545126.0,62700718,1.0,0.5659746876390774,0.47512037516968053,33.016443087782626,0.0,0.015141232572146052,35.09022024673193,112.92936664499543,120.81,15.186,6.480323664078318,0.3489703635957505,0.3815164138933307,0.4203301815732806,0.46587093968855603,0.5655260112639543,0.6974148396837586,0.7703361249271595,0.8644241531790221,0.9580849933217481
5742,1,9051,single_city,Asia,9051,343384.198,26330894.0,207923630,1.0,0.9017055141934207,0.33852884334808153,44.8289639717832,0.0,0.013041114289548999,35.184816086499495,113.01880195305954,145.15,15.079,6.527940373609006,0.34136919164233465,0.38056037899814565,0.43065693098001157,0.48568191418035406,0.5674173083526902,0.662751101424813,0.7379379902558568,0.8348892369548865,0.9338979907024805
5745,1,9213,single_city,Asia,9213,82559.57257,7159445.0,61365593,1.0,0.570775027737722,0.4481992294636641,34.34960390690875,0.0,0.0115315604170435,35.2609341312613,113.64694867548845,79.88,15.157,6.586563991673622,0.35669301181865354,0.38849659435892026,0.4266649160654213,0.4726962774349129,0.5339462765619402,0.6133401401924311,0.6875372322854635,0.788326748791282,0.9061659109051051
5747,1,9453,single_city,Asia,9453,152621.1409,10545216.0,104313556,1.0,0.9583692397259382,0.30153674626190147,13.071259240403656,0.0,0.014473021785423836,35.193193502924906,114.67406126477819,64.28,15.4805,6.546825582120071,0.2081861575903234,0.23971998297616665,0.2782955797206999,0.3234913348384708,0.3936031277121303,0.4809025248984943,0.5806173149985737,0.7209281440987079,0.8779813519229952
5748,1,9539,single_city,Asia,9539,94657.1685,9317304.0,74962220,1.0,0.7441350849616414,0.23192555868294715,11.853784959439162,0.0,0.010159287332472998,34.82722678929021,114.81348637479043,70.98,15.4805,6.546825582120071,0.2974702768096866,0.3205264097854916,0.3519270166563203,0.3903631350871454,0.43358336274098175,0.4831193658594804,0.586336562593643,0.7165039371904147,0.8636078633905259
5749,1,9631,single_city,Asia,9631,92994.80335,9035765.0,73490166,1.0,0.9957380192217817,0.41966663273912863,17.733295509215527,0.0,0.010291857230682737,34.6557209998771,115.16031996557342,63.87,15.600999999999999,6.647432828592835,0.3970783879394827,0.4231792216818388,0.45775471141624424,0.49657389274732133,0.5495769312282911,0.6064531337413047,0.6892944869637491,0.7946223701036935,0.903450344270795
5751,1,9359,single_city,Asia,9359,183956.8554,11454890.0,107336524,1.0,0.8093909164840057,0.4916463483391094,31.600400283873682,0.0,0.016059242419612933,35.56599978013148,114.5264392761785,62.61,15.215,6.449832778134144,0.2685165898581305,0.2980887638379766,0.33342764531130376,0.37534459082540295,0.4370654803319805,0.51691513406065,0.6118480404438629,0.7374263742384257,0.8818468793676761
5753,1,9269,single_city,Asia,9269,86704.14116,4980660.0,49643696,1.0,0.8220167389989002,0.5305613808654187,13.854953878030932,0.0,0.017408163006509176,35.60907334448744,114.19329529506656,74.05,15.463999999999999,6.290701170389449,0.3573034497436083,0.3893293258323194,0.4283580890885947,0.4740606666586356,0.5851652190673525,0.7342253837844783,0.7813960398822646,0.848575289218698,0.9300353768376078
5754,1,9159,single_city,Asia,9159,236028.3712,11093027.0,78816234,1.0,0.8532421208028342,0.3893148364525521,30.808461152648594,0.0,0.021277183513571184,36.3639441636096,114.38477666147077,72.93,13.9255,6.439874195541459,0.3790235072897596,0.4140628162177916,0.45602106620672606,0.5052321607078032,0.5817999000633461,0.6724115969428363,0.7296602631545024,0.8011744675281147,0.8892387082443773
5756,1,9083,single_city,Asia,9083,194411.1969,16187488.0,164037884,1.0,0.7060977507283456,0.4585721998572537,54.58023759206366,0.0,0.01200996701279408,36.87012033905429,114.5290072766661,58.43,13.874500000000001,6.313628658969834,0.30509001767290883,0.33021763475593,0.3615489321134941,0.3974420243585663,0.471989291976618,0.5600590406615282,0.6561833435799304,0.780711559446407,0.9114205366515176
5757,1,9089,single_city,Asia,9089,189161.9447,17249136.0,163258708,1.0,0.5889730282388488,0.2857213931803798,39.38612545986778,0.0,0.010966459114242011,36.783158587582754,114.50111038848507,61.82,14.085,6.315484575789955,0.311908086294873,0.3441920221395437,0.38446401025535426,0.4298705164131119,0.5030752264925037,0.5921712252718049,0.6683753899325741,0.7673764645371223,0.8839985956398048
5767,1,8747,single_city,Asia,8747,76324.71627,4927337.0,47857425,1.0,0.5530659293838572,0.3905920014741082,21.671058985194758,0.0,0.015490054012948578,38.07287284389373,114.04518579717062,298.75,10.2015,6.402609328624587,0.5887673199539629,0.6192982132133442,0.6571687708796862,0.6991326146354512,0.7400125057409307,0.7835893911863548,0.8404535756332477,0.9077938042394909,0.9737941610245047
5768,1,8211,single_city,Asia,8211,247024.4586,9264818.0,116219965,1.0,0.5294823981560818,0.3831592399198833,38.40378840740343,0.0,0.026662634775988046,38.42735213866228,112.72645448346678,794.72,9.292,6.258947419889153,0.5126782846678694,0.5365479386643105,0.565703611231219,0.6003714266162595,0.6764642327566499,0.7626272852850429,0.8168723875633607,0.8877445838655438,0.961674584433283
5769,1,8020,single_city,Asia,8020,137270.7632,5554377.0,60742448,1.0,0.5601495693855665,0.48022321444004573,33.03121646904103,0.0,0.024713980199759573,38.728576668158105,112.72090806938202,822.3,8.350000000000001,6.392339972048979,0.5788478167758508,0.6017938645504257,0.6303446813206953,0.6625169663492413,0.724258364169375,0.7944161874500056,0.845886766418628,0.9121831305293104,0.979350159342803
5771,1,8449,single_city,Asia,8449,87693.21281,4856087.0,39768567,1.0,0.5028210324363898,0.32135663645887963,18.735304981961264,0.0,0.018058410570074217,39.442162616935256,114.22440298971016,944.01,6.992,6.464536900499681,0.15690905043505193,0.18789408015136466,0.2314935873265862,0.27615217766897504,0.39581168953521634,0.5211341971426788,0.6401470978588316,0.8055090446279072,0.9549270842964717
5774,1,8815,single_city,Asia,8815,106132.8875,8685203.0,75919336,1.0,0.6603197811221317,0.4204460382301814,27.62337017170394,0.0,0.012219966246039384,38.96198935686687,115.32582777823994,43.91,13.4975,6.308066564863043,0.289890518390877,0.3313549493316391,0.3816766286291754,0.4429392151225481,0.5664484756429988,0.730512804363928,0.7941404478398489,0.868081033914809,0.9467199557684489
5775,1,9015,single_city,Asia,9015,87267.71771,11665858.0,103114868,1.0,0.767853191451216,0.33123304855332,19.17527899612464,0.0,0.007480608602470559,38.229181558608296,115.5186878142117,24.53,14.285499999999999,6.306752362910201,0.2131920343964413,0.2373914546191116,0.2676606384202516,0.302699552831862,0.3708754212506273,0.45492478992972485,0.5652849537513658,0.7176658587820973,0.8779931146084583
5776,1,9017,single_city,Asia,9017,211035.5614,14321882.0,130877639,1.0,1.0,0.4207745674035607,21.038728370178035,0.0,0.014735183644160732,37.91525257582864,115.21767013815898,35.51,14.541,6.250505989419176,0.3513907599573855,0.3806246274058116,0.4142616172930345,0.4515325569642314,0.5321639991168758,0.6401167807415254,0.720372573939654,0.8312219720843951,0.942610615001576
5777,1,8951,single_city,Asia,8951,133549.0762,12238253.0,117746953,1.0,0.6905327939181376,0.3053230821157993,22.0266685271798,0.0,0.0109124297561098,38.02931389989784,115.03651454619235,43.69,14.5535,6.212570022956615,0.27792275580509734,0.31275861023628126,0.3538642320926034,0.39926058073811677,0.491595736744452,0.6220855215201059,0.7031711143739224,0.8106262388921033,0.9281318175069595
5778,1,8831,single_city,Asia,8831,247343.2842,14380142.0,140507502,1.0,0.8494556629050247,0.3777130156318803,26.21044223951312,0.0,0.017200336700430356,38.52524551233785,114.97467994818403,56.36,13.8445,6.3069146810321906,0.28680780760023095,0.3221076676433376,0.36656508677035315,0.4203215100379398,0.5262467505536454,0.659304268344499,0.7353532392100162,0.8343226374259726,0.9352467451294987
5779,1,8913,single_city,Asia,8913,141959.4424,7500075.0,87359572,1.0,0.7132188202043578,0.4382633862499099,19.394392376386467,0.0,0.018927736375969572,38.02641885239709,114.84670235943814,52.99,14.5535,6.212570022956615,0.39358553081135855,0.4218075152581808,0.45472918604147294,0.49088269117308825,0.5908707579590871,0.7279013876527901,0.787208927910721,0.865340146598534,0.9484681153188468
5780,1,9181,single_city,Asia,9181,98205.12252,7521543.0,66441272,1.0,0.6864777674432068,0.45465098538343146,27.583248416675243,0.0,0.013056512808608553,37.54262379605893,115.56818242470644,22.59,14.625499999999999,6.300688542227958,0.28960267859932465,0.3269173625677604,0.37170591193854774,0.421805339675649,0.49276285464299013,0.5854105999261056,0.6681861687156478,0.7881929279670408,0.906713157127467
5782,1,9271,single_city,Asia,9271,287339.6597,11664536.0,92828181,1.0,0.8274419531726882,0.5424053517598593,38.43462494314338,0.0,0.02463361249002961,38.077293031811415,116.56534666199889,12.59,14.317,6.337832304027958,0.4032722776113855,0.43960737058036425,0.4839964487228639,0.5324126051820663,0.5915771531760886,0.659834476056313,0.7302091570551971,0.823405577384304,0.9247220806725617
5783,1,9427,single_city,Asia,9427,139154.1863,9507232.0,81282882,1.0,0.7789166524243067,0.5380716243160103,30.166542127010562,0.0,0.014636666729075298,37.33609156917942,116.56228497148575,19.38,14.5455,6.391132886368969,0.30685850518847124,0.3362585450738974,0.3729382011504505,0.4143705549627904,0.46463734134183327,0.5274190216458376,0.6336938027808725,0.7781966401997974,0.9247675874534249
5784,1,9441,single_city,Asia,9441,95338.68992,8865756.0,77541009,1.0,0.99079695243286,0.4798624633633522,18.486546405916652,0.0,0.010753588291850125,37.1602571073503,116.44061420591078,22.15,14.648,6.397412038850451,0.27566436522728577,0.3064669273550953,0.34257450802841855,0.38541575021915786,0.44211875445252496,0.5127747707020135,0.6132091837402247,0.7592567402035427,0.9062253687108014
5785,1,9513,single_city,Asia,9513,120023.2,11100909.0,113552516,1.0,0.7144443244219655,0.6103701527252158,41.81007078833229,0.0,0.01081201548449771,36.93062874553573,116.64259612136229,22.09,14.608,6.413171210854324,0.255414218781543,0.2875351018551724,0.3261020336262553,0.36782492316620197,0.44270572797236696,0.5332834455268483,0.6338961971492605,0.7692390776286879,0.9121270159047336
5786,1,9723,single_city,Asia,9723,243466.1795,28562603.0,353901010,1.0,0.9729694831703105,0.2504795281547697,27.220431188790666,0.0,0.008523949287815259,36.890993505315,117.7566119949282,26.99,13.6755,6.495539687543795,0.06781248193660781,0.08077268027707418,0.09822284054432993,0.11827672008745141,0.18042018089177655,0.26163592302844385,0.390321568380865,0.582481400592236,0.8064880151154291
5787,1,9893,single_city,Asia,9893,88307.04027,11500851.0,112498558,1.0,0.7978937014222256,0.49807754688151323,27.14595101982311,0.0,0.007678304872395964,36.99166805820526,118.51956514790828,15.28,13.715499999999999,6.5264685049043285,0.190052457857249,0.2153051978501417,0.24629360036052983,0.28449373007267026,0.3575572798917228,0.4424321295876279,0.5660997607916145,0.7509445170622592,0.9416677078939637
5789,1,9767,single_city,Asia,9767,150386.4456,11574633.0,133695500,1.0,0.7593218721036613,0.3803293764627422,24.490165842436483,0.0,0.0129927614637976,37.15112091555459,118.13125029008482,8.13,13.648499999999999,6.513901250632816,0.22175130736326587,0.24143797907026512,0.2655797380357546,0.2937286218923745,0.3484916541198326,0.4138265982169802,0.5240097893384611,0.7092014062130523,0.9169943444427137
5791,1,9851,single_city,Asia,9851,95863.4643,7652011.0,80003190,1.0,0.9996035585686468,0.38704033094460244,12.77935803781752,0.0,0.012527878527618427,37.039900140890175,118.40563922003098,14.69,13.715499999999999,6.5264685049043285,0.24482753618623915,0.2692621586665257,0.29848153642225556,0.33346828696404124,0.36980945270465504,0.41545274830368123,0.5293814920025598,0.712309613773425,0.9231249144832646
5796,1,9553,single_city,Asia,9553,67871.25902,4791857.0,36583452,1.0,0.5558040685656543,0.4009994207875791,24.419995138147332,0.0,0.014163874051333335,37.748589588863084,117.60722323569091,7.88,14.149999999999999,6.422170897769378,0.20986811584736356,0.24595600411281054,0.2913056462244178,0.3431352396367421,0.4129549358422006,0.4906014515875578,0.5853509401470035,0.7321877510117685,0.8976000327221785
5797,1,9487,single_city,Asia,9487,144816.948,9380965.0,77432188,1.0,0.6668597314620742,0.4992549889342012,35.90773753166449,0.0,0.015437318868581218,37.741020250271646,117.20544140902801,11.01,14.199,6.425347029577641,0.22441177426842548,0.2646646693597087,0.31214176793112436,0.3665730551174639,0.43827186222312947,0.5297452873984713,0.6384739736263807,0.7868161750949929,0.9365541817925981
5799,1,9393,single_city,Asia,9393,103213.5122,9670449.0,89996378,1.0,0.5566064383997844,0.4493192124942112,42.746662517235414,0.0,0.010673083762708433,38.370134160780346,117.33783315905904,4.96,13.9315,6.389086477755121,0.362015972577902,0.38950094251052875,0.424223942445692,0.4638056619708144,0.5460224235710255,0.6389200749623931,0.7100464518245223,0.7996826207345699,0.8970723076043315
5801,1,9075,single_city,Asia,9075,163945.9638,27047530.0,235992617,1.0,0.8836770648605672,0.20639847353471535,20.887904700230422,0.0,0.00606140242011008,39.08869166307314,116.72036428969864,5.45,13.9235,6.361062379667171,0.18485588147975066,0.20299927571944648,0.22586631755284123,0.25147630855756514,0.3332455865655755,0.4447049323912387,0.5728977100681651,0.7552983211405996,0.9411044557488244
5803,1,9175,single_city,Asia,9175,190783.9295,10132293.0,98114892,1.0,0.6715171199075408,0.5922268780692812,44.69817395010751,0.0,0.01882929456343199,38.932217859573896,116.91725118420425,3.51,13.9235,6.361062379667171,0.4066969835949276,0.43776043586580055,0.4763297903051165,0.5199013688214504,0.6071008803239306,0.7232522786303159,0.7870368533558988,0.8707747594744842,0.9573265400043208
5804,1,9225,single_city,Asia,9225,95209.80103,8671211.0,82984568,1.0,0.6572277086164072,0.5351656220495452,36.145509184365466,0.0,0.010979988957713058,38.5766364819239,116.83009618307774,6.31,14.0095,6.3813582138144564,0.42084802226586343,0.45426250151218783,0.4942021362414085,0.5409757645154754,0.6115482600988489,0.6945204078184697,0.7543696030462181,0.8332772665778747,0.92072260725751
5806,1,9091,single_city,Asia,9091,246187.4765,11315355.0,102935930,1.0,0.6579732507115567,0.4246659891585886,42.240807478901736,0.0,0.021756937939640425,38.44056123906181,116.09628759096205,11.03,14.193000000000001,6.34946673486883,0.32872587735868647,0.36265808717446335,0.4035281261613091,0.4544668726699251,0.5345893257436466,0.6393425570828313,0.7142644662938105,0.8099403863157629,0.9117464719401203
5810,1,8845,single_city,Asia,8845,190412.6473,12106022.0,111602857,1.0,0.562053798843124,0.5110413776837925,69.49959833337192,0.0,0.015728754441384628,39.3311989984642,115.86705019571005,31.64,13.3265,6.299912018536633,0.28828379793131054,0.3268315554027574,0.3751302450962009,0.43199830629747743,0.5261702812038505,0.6430773874357737,0.7178727248306669,0.8113205146992133,0.914619847874058
5812,1,8989,single_city,Asia,8989,110940.8057,11636126.0,125975049,1.0,0.5243447456648734,0.33648058638048445,36.945846081119264,0.0,0.00953417019547571,39.75532333639733,116.99930154887439,12.08,13.549,6.4245675197866,0.19416195733872252,0.2225682327606284,0.2561456450368447,0.2960247250674322,0.37051326188802014,0.46423251174832586,0.5971035377238094,0.7822601783445796,0.957733097768106
5817,1,9055,single_city,Asia,9055,298355.6245,14509541.0,115495465,1.0,0.7463864473627725,0.463926797946679,48.70015791725202,0.0,0.0205627196959573,39.72008104031237,117.293879559769,5.84,13.4725,6.411959472846715,0.16598836586215926,0.19263104187789262,0.22670655122722352,0.2671302283097722,0.3557932673404348,0.4773164774819548,0.5735137314130061,0.712457961282166,0.8724070596030571
5821,1,9097,single_city,Asia,9097,174516.1897,15020209.0,131693518,1.0,0.85438544457912,0.5007345834854331,33.31945990317528,0.0,0.011618759079850353,40.186604507608784,117.96198963794735,52.14,11.5495,6.517460024603876,0.23757186068449512,0.27357382310725503,0.3187447658018607,0.37068984858998966,0.466190583633024,0.5922378976217975,0.6939941381641227,0.8281176380435186,0.9573748940510748
5823,1,9125,single_city,Asia,9125,145612.7701,9924330.0,79393012,1.0,0.7478673045363659,0.599446917177824,41.18687094807667,0.0,0.014672302321668062,39.88288763630457,117.74591519363142,13.95,12.815999999999999,6.449709469185789,0.2801454607011254,0.3194219660168495,0.36815069631904623,0.4243435073198896,0.5335700243744413,0.6748544234220345,0.7528797410001481,0.8553556764033441,0.9563458691921772
5825,1,8903,single_city,Asia,8903,520878.5957,7914657.0,97851061,1.0,0.6396684362344414,0.3549626985717552,54.1012677411472,0.0,0.06581189755917408,40.968413469752775,117.9251767109339,415.04,8.459,6.599085156898669,0.361926865560946,0.40656948241724183,0.4628099486812884,0.5296340700550889,0.5842931664631834,0.6478197349550334,0.7239359835808424,0.8183276925329803,0.9177317475665717
5848,1,6214,single_city,Asia,6214,480782.6922,16056624.0,166423087,1.0,0.583614023644277,0.257725591783436,50.86325834180728,0.0,0.029942950161877115,38.22877985148593,109.75391940825584,1065.39,9.731,6.219953784746944,0.14001168614274084,0.16425439120950955,0.19682643125977167,0.2350632362070632,0.3312131491651047,0.4573108269833061,0.568948242170957,0.7111786387972964,0.8702121940452737
5851,1,5724,single_city,Asia,5724,147103.4657,4756492.0,40254823,1.0,0.7673861214753172,0.29895611543403877,16.707567122119123,0.0,0.0309268817649646,39.58507739569513,109.74952721972367,1327.22,7.9990000000000006,6.104035132629945,0.012384967745136541,0.018235077447833405,0.026808833064367606,0.03569773690358356,0.07168686502573746,0.12935268260726604,0.25107789522194085,0.482575393798623,0.7932856819689805
5862,1,4997,single_city,Asia,4997,247193.8225,11916024.0,106313618,1.0,0.7266355904706523,0.5426937793401893,45.04598486909452,0.0,0.0207446563132132,37.97974645752047,106.19111084482444,1128.41,10.8025,5.563370320939456,0.126435210268123,0.15043902227790074,0.18449711078124717,0.22029109709748823,0.2746898629945693,0.33736647391781016,0.47981617022590756,0.6757253929666472,0.887595644318944
5872,1,4394,single_city,Asia,4394,242487.0768,7393360.0,63432302,1.0,0.5015128888088247,0.39768426411049046,53.763726451865764,0.0,0.03279795340684073,35.59676743054534,103.20431570090498,1901.8,2.9595000000000002,6.8730251082344065,0.21176893861518983,0.24714027181146325,0.29618968912645943,0.35494998214614193,0.4730988346299923,0.6077715680015582,0.7121963491565405,0.8309305917742407,0.9451453736866594
5878,1,5636,single_city,Asia,5636,113571.5552,6243117.0,58572666,1.0,0.6070642949959512,0.5046601151527695,27.16111684479594,0.0,0.018191482748120852,36.00812708839777,106.27596477858651,1744.65,7.02,6.526946441340563,0.21355950881586874,0.2668652533662272,0.3417663003912949,0.4266790130635066,0.6071311814274825,0.7941787731993489,0.8357410248758753,0.8779945978907652,0.9258247122390947
5880,1,7775,single_city,Asia,7775,374031.4636,11160310.0,95364834,1.0,0.8636092242551877,0.5568073338132951,45.94902413857558,0.0,0.033514433165386985,34.29980030318371,108.4554164044547,423.25,9.437999999999999,7.120647666197395,0.34340273702074586,0.37880488982832916,0.4256912218388199,0.47679974839408584,0.5851856265641366,0.7141209339167102,0.7887287181090847,0.8791837323515207,0.9662364217481414
5892,1,7252,single_city,Asia,7252,341813.7643,4993502.0,59400769,1.0,0.5507997486049075,0.34541958854385313,34.04979245094619,0.0,0.0684517127058325,36.59666865513885,109.49603513987927,1029.18,10.248999999999999,6.461670499634982,0.1602328385970407,0.19547644118296137,0.2438162636161956,0.29970770012708514,0.40741788027720827,0.5393331173192681,0.6296416823303566,0.7395699451006528,0.8625607839948798
5896,1,7880,single_city,Asia,7880,70362.66027,1519279.0,19994998,1.0,0.5056072447063622,0.38319026438816695,12.12010850260313,0.0,0.04631319215891222,37.35113562129124,111.17974023056979,1107.05,9.4325,6.489972873464325,0.42210877659732016,0.4714742980058304,0.5348194768702786,0.6165378445960222,0.7312277731739858,0.85537613565382,0.8930407120746091,0.9318630745241657,0.9707032085614294
5917,1,8599,single_city,Asia,8599,154285.3188,7896326.0,79479922,1.0,0.5645920163692698,0.41997350828886243,47.30767001984327,0.0,0.019538874002922372,34.869004526551194,110.44460284039272,360.64,14.982,6.516558393921646,0.40512815706950295,0.45436295309996066,0.514544232342991,0.5792207667211308,0.6635784794092848,0.7544401029035529,0.8277598974510424,0.9078321994304693,0.9759442555943105
5919,1,8295,single_city,Asia,8295,105184.8147,4579115.0,43467404,1.0,0.5775338344393169,0.4502426314176627,22.086583760165837,0.0,0.022970555380242688,35.178760039618304,109.93588465219074,683.32,16.278,6.264966555985929,0.3214308878462323,0.363161440584043,0.4154193550500479,0.47201435211825865,0.5736263448286405,0.6958772601255919,0.7627882243621311,0.8387232030643476,0.9200983159409624
5920,1,8217,single_city,Asia,8217,93898.31663,5682122.0,57742851,1.0,0.5026984228196414,0.40567297859805745,25.610956258194765,0.0,0.01652522009031133,34.95584034813913,109.58704852400383,492.97,15.667,6.266981359435796,0.5287163844774893,0.5622401278958812,0.6052809144189442,0.6541459335086435,0.7261035577905578,0.8004115363943259,0.8516893864651269,0.9060224331684537,0.9568794897399246
5921,1,8473,single_city,Asia,8473,85695.72749,4667226.0,40785040,1.0,0.6546212325943771,0.30385529245638104,13.266953879134206,0.0,0.01836116945911769,34.498579404434395,109.75461508430948,393.04,11.473500000000001,6.8715740618771015,0.2822800952857222,0.33148084108204745,0.3911760433285211,0.4615148270085914,0.5237415115531153,0.5915166739300818,0.6957192559348958,0.8176889227134062,0.9359101102025057
5926,1,9033,single_city,Asia,9033,140268.7174,2784440.0,39140407,1.0,0.5278835677905458,0.500895281213221,37.81604337544619,0.0,0.05037591666546953,32.84060994138131,110.81491798263858,195.88,15.793,6.719817782276219,0.3742942925687032,0.4233881857752367,0.48398349398801915,0.5536833259111348,0.603994339975004,0.6550448205025068,0.7097822183275632,0.7709104882848975,0.8459442473172344
5927,1,9131,single_city,Asia,9131,134062.4901,5404110.0,60776448,1.0,0.6295653669212932,0.5467689595212373,32.010494350742036,0.0,0.024807505787261916,33.13075436274708,111.48826256117796,201.97,15.602,6.754523093876094,0.38154552738563796,0.42618821600596585,0.48240561350527655,0.5457501790304047,0.6366411860602393,0.7365364509604727,0.803051011174828,0.8795442727849729,0.9582051438627267
5929,1,9309,single_city,Asia,9309,164671.0499,8123895.0,70290823,1.0,0.8816041453609094,0.43438689187891927,19.360163752090553,0.0,0.020269962856486946,33.0378892388715,112.21942638866842,188.59,16.1025,6.803919156402123,0.2520725587910725,0.2775517162641812,0.3127280694789876,0.3508004473223743,0.4731277299866628,0.6235270150586634,0.7050359464271756,0.8064412452401218,0.9161248391319681
5930,1,9223,single_city,Asia,9223,70329.07582,5817330.0,56338227,1.0,0.6449351590295637,0.3530610295889728,16.98795272090525,0.0,0.012089579896619239,33.061970848171725,111.84517606842103,166.66,16.008,6.7581194750799565,0.2574715548198228,0.29298303517249324,0.3374106334005463,0.38687731313162566,0.4852770944746129,0.6035729449764755,0.7004049967940619,0.818897157286934,0.938937106885805
5932,1,9433,single_city,Asia,9433,98466.79942,6691323.0,70818602,1.0,0.6897210366774083,0.4557230644836008,22.440414724148727,0.0,0.014715595020596077,32.5209977543676,112.35487432897229,87.49,16.6295,6.808544702510613,0.3325949143390627,0.3567305000819718,0.38744983615347817,0.4234285207872942,0.5390464636066739,0.6976293029046722,0.7630848189513494,0.8484872124690439,0.935872771348805
5933,1,9323,single_city,Asia,9323,125534.3863,5393705.0,69588207,1.0,0.5735290714285491,0.36268668472357357,18.18396154841089,0.0,0.023274240304206478,32.267023842687145,111.63064216958558,89.57,14.948,6.950226952034204,0.36585074637934406,0.40780947419260044,0.45855733674718957,0.5151635100547768,0.6019548714659033,0.7024672280000482,0.7694030355757313,0.8476132825210129,0.9265312062858462
5936,1,9687,single_city,Asia,9687,168821.8852,8047168.0,84113371,1.0,0.7406537372801381,0.6110559112636887,35.68646884532567,0.0,0.020979043211226605,31.171000432078767,112.57993628917619,45.79,17.12,7.019925704479438,0.2552478089186158,0.28985215668419,0.3327786868622601,0.37857517079300446,0.47386148766870534,0.5865710769304182,0.6880636765629846,0.8168422729586359,0.9377482861051242
5937,1,9875,single_city,Asia,9875,108029.4955,5627930.0,61958054,1.0,0.6128517231782397,0.391408394540075,26.302124473611652,0.0,0.019195245054576017,29.720897286747277,112.41048589539695,35.49,18.1205,7.24859297311299,0.3207801092053384,0.35645557069828515,0.4021279582368651,0.4515694047367327,0.5369059316658168,0.6345324124500482,0.7208872533951204,0.8210946120509672,0.9203552638359042
5939,1,9651,single_city,Asia,9651,85975.90648,4201153.0,49762298,1.0,0.6174976203632452,0.5471027285924679,26.80368250677368,0.0,0.020464835839113692,30.189491155110755,111.77175101259472,49.09,17.6605,7.191159715380361,0.2671192884429584,0.29368390058633903,0.32589267755780377,0.3631315022328394,0.4384929565764446,0.5364294040231337,0.6500489270445519,0.7947361117293277,0.9344867944585689
5940,1,9567,single_city,Asia,9567,85659.66061,4768642.0,50812742,1.0,0.5066854484235596,0.2557808731845413,12.772069522812371,0.0,0.01796311415493132,30.385133600042344,111.44737698255213,66.3,16.0295,7.350063918009114,0.23944196272230123,0.2708179813036919,0.31299728518098024,0.365347409178546,0.43907846300896564,0.5236564204232568,0.6475908654916851,0.7946362926803899,0.9305768812169167
5942,1,8635,single_city,Asia,8635,683766.5858,14790411.0,138269843,1.0,0.8816678265075494,0.3002116781352415,37.25401203520115,0.0,0.04623039791118719,32.703299103172135,109.03007233775087,288.44,13.018,7.1514082665677305,0.3239886978123867,0.36485666287434476,0.4162327199697155,0.47660264478113556,0.546410508808714,0.6269193601178493,0.7111236462597287,0.8105985019618455,0.9156806393006929
5943,1,7449,single_city,Asia,7449,398399.4582,13061402.0,145725471,1.0,0.7523082308396492,0.5969541635626855,53.33055328737116,0.0,0.03050204397659608,33.0790175527702,107.02315771658341,517.52,11.0465,7.555819315873964,0.2680089013415252,0.2984150552903892,0.33853762406210297,0.38190762369920167,0.44577726035842097,0.5207788566648511,0.6413934736868216,0.7923037664716238,0.9458057412213482
5944,1,7274,single_city,Asia,7274,137014.5845,5179439.0,42781943,1.0,0.6431097788958978,0.33993672486912885,20.847432380824323,0.0,0.026453556939274696,33.153845665616686,106.67541842858756,553.81,12.0195,7.181521980187226,0.14425481215243582,0.17722652974578906,0.22668323731585602,0.2815760548584509,0.34708894148574776,0.4247301686534005,0.5850517787737244,0.7732341282521138,0.9514424245560186
5946,1,7929,single_city,Asia,7929,683481.6756,4393367.0,50462666,1.0,0.7027301417730564,0.3577787451458927,38.99506943445879,0.0,0.1555712681412684,31.858641839023772,106.78423965501416,470.28,16.8875,7.273668419078187,0.13088276030661677,0.15222516124876434,0.17795758924760896,0.2080081176919661,0.30162947916711713,0.44999245453430137,0.5584168133461193,0.7058670491220059,0.869989691277783
5947,1,8419,single_city,Asia,8419,454604.7598,7570765.0,74536486,1.0,0.8816680198452482,0.46710407972806395,48.60988623970969,0.0,0.06004740073163016,30.478589820358714,106.62159169850793,333.55,18.506999999999998,7.1597167756469124,0.051466925733396826,0.06242275384323777,0.07763019985430798,0.09411479553255186,0.18733958853563676,0.3395445506497692,0.4627196855271561,0.6470410850158471,0.8510497948357927
5948,1,8945,single_city,Asia,8945,1082101.684,17345736.0,279942798,1.0,0.9776066800039098,0.2775816929367383,33.14781193310517,0.0,0.062384304938112735,27.698915923919444,106.93883749498559,895.8,15.3305,7.37729161156179,0.31008554494314916,0.34246001438047946,0.3843497906344245,0.43391868756678875,0.5080678617500001,0.5916437907275887,0.6828007182860387,0.7905015964730467,0.9068812646520159
5954,1,9735,single_city,Asia,9735,199066.7442,7177121.0,88549583,1.0,0.5297378519673017,0.39636124346227875,33.4780005755478,0.0,0.027736294845802374,29.645112811535594,111.75515310875542,38.05,18.0375,7.218444031443171,0.21553475272327163,0.24901224321005597,0.2930569235212838,0.34090647210768776,0.4336960460886754,0.5473933071492036,0.6631128275529979,0.8023639283774092,0.9356297601782108
5956,1,9865,single_city,Asia,9865,117075.5931,4651683.0,41847522,1.0,0.6330616055492848,0.5111436970810044,24.09413407494356,0.0,0.025168437552601928,29.413210928359387,112.16741459841877,33.28,18.058,7.226066454485557,0.28625510379791574,0.31764718275084525,0.35716040839412316,0.39994470818411315,0.5137121338663877,0.6570918525617502,0.7473697154341773,0.8509625440942558,0.9460410350404359
5957,1,10027,single_city,Asia,10027,714899.6091,18138258.0,194342905,1.0,0.7460784826344419,0.3868231859505298,68.06737926061035,0.0,0.03941390673238852,28.588900012398344,112.3396607475296,44.82,16.7295,7.481123495845874,0.21990121653358333,0.2523451811083512,0.29553957166118155,0.3462744878808097,0.44356541846521313,0.564630682836246,0.6726500968284826,0.8086221400092556,0.9376800682843964
5958,1,10215,single_city,Asia,10215,158042.8872,6506240.0,67472498,1.0,0.5783541153198978,0.34817196570307435,26.62427478570532,0.0,0.024290971006295493,27.734104633903527,112.51867482222488,55.08,18.3615,7.268628099494774,0.2889873413830415,0.33237568856974226,0.39259987335235097,0.4621950619712768,0.5675102670666929,0.6875387320480032,0.7751996544855401,0.8770626352547708,0.9685192983966162
5963,1,10233,single_city,Asia,10233,146591.9138,5467052.0,67724147,1.0,0.5016830606078628,0.39365119179584546,34.78849848091788,0.0,0.026813703948672888,26.2284973613775,111.61795338171922,121.9,17.424999999999997,7.641726454060337,0.2891176085393005,0.32762007751160954,0.3767736249810684,0.43240214287334383,0.5404669646456628,0.6708577127124454,0.761377978479078,0.863131903629232,0.9565963521107902
5964,1,10191,single_city,Asia,10191,364773.4386,11596563.0,162440891,1.0,0.8030981794684049,0.5727306039123574,44.801196923037686,0.0,0.031455306076464205,26.44981731401832,111.59010330753193,118.09,18.383499999999998,7.357313505645913,0.2425542809537619,0.2782263158489287,0.325499374254251,0.38002872057867493,0.5253373779800101,0.695108542074061,0.7758117642270387,0.8679642407841013,0.9560527545963403
5966,1,10453,single_city,Asia,10453,328760.3788,11009977.0,103442998,1.0,0.6795361362666434,0.3428223289908229,48.14295167569381,0.0,0.02986022394052231,24.415345100099387,111.56388466998168,117.88,20.2065,7.584409444432496,0.18943618138348517,0.2342142040805353,0.29468962560048945,0.3655816901343209,0.4735793725999609,0.5983563816709154,0.7090506183618731,0.8358398023901412,0.9559055391305541
5968,1,10521,single_city,Asia,10521,402392.2315,8165576.0,119924495,1.0,0.7129022973377553,0.502075688884813,45.903456009206806,0.0,0.04927909941686906,23.489276147527015,111.26704820400401,53.74,22.181,7.495714151277934,0.3299441460100304,0.36444679469029495,0.40986220690371383,0.45950328550000635,0.5285460572530339,0.6105852177482641,0.674409006786539,0.7582623687539005,0.862936674644875
5969,1,10697,single_city,Asia,10697,248096.9442,5682749.0,50851195,1.0,0.6350809527560802,0.5534135692122745,38.331250962313284,0.0,0.04365790996575777,22.7685922820779,111.57193859168295,53.01,21.3765,7.3716408560553965,0.3237202628516586,0.3803275492195767,0.4518102066447066,0.5325544028075144,0.6671035444289375,0.829347908908171,0.8778191681525965,0.928108385571842,0.9745311644065223
5970,1,10769,single_city,Asia,10769,207838.8157,6384666.0,70567153,1.0,0.5283171902654434,0.3909223447061991,37.50935772392508,0.0,0.03255280945001665,22.932450345509224,112.03748923739083,93.46,22.1115,7.295958250014347,0.33318735858696447,0.39098677988793773,0.4600652563501364,0.5389082216673511,0.6458710604438823,0.7858205895186999,0.8462369057363377,0.9128674859420994,0.9758706250256474
5971,1,10903,single_city,Asia,10903,320719.9361,8685271.0,66984167,1.0,0.7880167477231371,0.6689127860350909,55.896409353914805,0.0,0.03692687725000175,22.186583357237396,112.3132155204731,31.87,23.242,7.572290513890321,0.28241133753915104,0.3277963347372811,0.38465512475085695,0.4465995361572483,0.556243437884667,0.6901227376785365,0.7626101707131533,0.8535268502272411,0.9457478068329704
5972,1,10851,single_city,Asia,10851,486947.9154,18774044.0,221036615,1.0,0.7822750342320043,0.4746692293789721,58.72822055640498,0.0,0.025937294884362687,21.8527928990423,111.96761041069493,13.48,23.249499999999998,7.594146187248564,0.20840752264136592,0.23854679364765524,0.27666788252973096,0.3225160226534038,0.4665862080647089,0.681862202943596,0.7590023758333581,0.8557059949364133,0.9537716540986055
5973,1,10791,single_city,Asia,10791,222983.5464,5478434.0,58748054,1.0,0.7060156940929322,0.6913100942258605,35.74926063754395,0.0,0.040702059457136834,22.18244214855984,111.77765955563048,25.46,22.808999999999997,7.707415335977111,0.2695746631245352,0.3151533814225014,0.373428793702726,0.4343655504474454,0.5817266394009675,0.7510863505885076,0.8165422819732793,0.8891727088434396,0.9619232430289386
5974,1,10661,single_city,Asia,10661,246947.7321,8310574.0,84773112,1.0,0.7543395613373393,0.5197807830146949,40.6435154068084,0.0,0.029714882762610622,21.441484330895474,110.78459081482615,14.33,23.816499999999998,7.45543583888727,0.3685776698456689,0.42355161027385113,0.4901746858881228,0.5633059762177679,0.6921166937446198,0.8355686382192132,0.874816107768248,0.9161878589854323,0.9582188907769789
5975,1,10597,single_city,Asia,10597,173589.8284,5638403.0,58318418,1.0,0.7138219150113545,0.6219207017084915,33.6586265149213,0.0,0.030787055909270764,21.659702408753283,110.63740765726344,19.35,23.8575,7.509619335254146,0.2681649396114467,0.30826955788722443,0.3606978784595567,0.4207710942265035,0.5683204978430949,0.7623465367764596,0.8191032106076844,0.88494543579095,0.9490784890686246
5978,1,10241,single_city,Asia,10241,342555.0398,7069600.0,67519703,1.0,0.7656667013307905,0.39109305809130673,30.172430600518744,0.0,0.048454656529365175,23.37734871466523,110.0726127837317,46.17,22.4405,7.486899707102867,0.27972671721172343,0.3321435441892045,0.40114744822903703,0.4795944607898608,0.5734310286296255,0.6810231130474143,0.7694865338915922,0.8665190392667195,0.9570644732375241
5980,1,10061,single_city,Asia,10061,209651.3352,9259605.0,122424780,1.0,0.7628226745164008,0.5916508540652499,34.21614498326471,0.0,0.022641498768036002,21.958234174098546,108.6277128310167,11.82,22.845,7.482019256423349,0.2339615998738607,0.27362571081595816,0.3248682854182225,0.38040078383473164,0.5211194214008049,0.6922865500202222,0.7804380424434951,0.8847783463765463,0.9823425513291334
5981,1,9389,single_city,Asia,9389,124561.7219,5828463.0,65647370,1.0,0.9281199873994943,0.39231383148168286,14.386111832334066,0.0,0.021371281228001276,23.88985443294076,106.62412263285137,139.55,20.8315,7.232125292518545,0.31642819041658155,0.3617567787596833,0.41505573596332346,0.47304478041638076,0.5612350974862498,0.6700061405554089,0.7437456495820596,0.83006411810455,0.9202204766505337
5983,1,9591,single_city,Asia,9591,228241.5323,4764914.0,57284337,1.0,0.5800008001089829,0.4786519671514346,37.89128206924528,0.0,0.04790045157163382,24.696471851304327,108.06222609612584,231.24,19.253500000000003,7.7050856574332425,0.36322712225236387,0.4096283794418955,0.46542623854281523,0.5278548574014138,0.6411641427316421,0.7978553233069894,0.8558381116637153,0.9181454271787487,0.9758325124021127
5985,1,9361,single_city,Asia,9361,353699.9751,7870504.0,123501249,1.0,0.6023854583836091,0.4449675187069614,50.20083156488898,0.0,0.04493993969128279,26.582187101970234,107.95969293309608,686.38,16.180999999999997,7.441389009064136,0.282232751549329,0.3185990376219871,0.36563846483020657,0.41908472443441996,0.516001262435036,0.6369016520415973,0.7192652465458375,0.816380501172479,0.9168936322248232
5987,1,7852,single_city,Asia,7852,301531.3132,9935840.0,96686424,1.0,0.777407177755066,0.31190908464078637,26.43377770075599,0.0,0.030347843081209035,27.333633622983694,103.71546284071722,1930.25,13.1195,7.0705813613036534,0.25133295222145285,0.29865970063930175,0.36193557867276444,0.43083896278523004,0.540336297685953,0.6640591032061708,0.7489385899933977,0.8428544541780061,0.9369356793185075
5989,1,8467,single_city,Asia,8467,331120.1889,7754606.0,77969796,1.0,0.7014652180519174,0.6174022994855722,53.72357875866341,0.0,0.04269980820431109,26.215868034464037,104.10407363609785,1978.91,14.9655,7.1469568080770145,0.1792666190906411,0.2199666881850606,0.27910921586473897,0.3463662757334157,0.47265405876197963,0.6373590096002298,0.749861953012184,0.872072933170299,0.9756302254427884
5991,1,8485,single_city,Asia,8485,617642.6078,22338498.0,263997734,1.0,0.7125641439636266,0.5071272615014181,97.52488882123899,0.0,0.027649245164110856,25.491761169367958,103.8056284890492,1880.89,15.207,7.135213110391903,0.13545087051063145,0.16059660770388412,0.1961438947238082,0.23765971194661342,0.3289483026119303,0.44510727623674606,0.5844226858941008,0.7624356839031882,0.9391867349362522
5995,1,8827,single_city,Asia,8827,220328.7565,7412279.0,101943924,1.0,0.6342701226044937,0.44542548538562304,36.853827615145,0.0,0.02972483314510962,25.090877156756665,104.9057867363267,1222.57,18.634999999999998,7.156535777350346,0.14473969476864,0.17382427186024704,0.21301019564967805,0.25557011548000286,0.36532515842968133,0.5151010910409606,0.6307637637493138,0.7731338769088427,0.9196993259428038
5996,1,8909,single_city,Asia,8909,516671.7268,10355009.0,134947939,1.0,0.7547864466790349,0.39584622398600966,33.10155685206111,0.0,0.04989582595244485,26.253306934340895,105.94199583380806,1404.05,17.926000000000002,7.3071573774707,0.39768483059744325,0.44203254676070297,0.4974105768522268,0.5595118265952256,0.6213825598799576,0.6890555092709238,0.757683551989187,0.835514870146419,0.9196774237472899
6000,1,8575,single_city,Asia,8575,114986.9071,5225312.0,54714299,1.0,0.7640449588898716,0.5194582133882639,21.05442739539653,0.0,0.02200574953227673,24.41129438647976,103.42690786433944,1434.44,18.022,7.050825222145396,0.1657860812904569,0.20140022260871696,0.2486869683571048,0.29972736556209467,0.41663770507866327,0.5684054846868474,0.6862045749612655,0.8258433180640696,0.9556089665076458
6006,1,8621,single_city,Asia,8621,176636.3753,5679831.0,73664514,1.0,0.5353593601310853,0.42710275505346335,31.69263865172835,0.0,0.031098878699031718,23.718424807161053,103.24751790502022,1084.91,18.634999999999998,7.191359297463674,0.5320640702161736,0.5757951248901596,0.6288039203983358,0.6841576800436492,0.7775016545386649,0.8758394395889596,0.9077530651880311,0.9415547751332742,0.9750541873517011
6008,1,7584,single_city,Asia,7584,172526.8544,6950400.0,83848953,1.0,0.623939684333696,0.48718112141302594,34.26725654689295,0.0,0.024822579189686927,22.776954417070872,100.97241374614197,1317.79,20.9805,7.398460028816859,0.22333549148250462,0.26095231929097606,0.3141637891344383,0.37258416781767956,0.499604195441989,0.6437281307550644,0.7394439168968693,0.8498502244475138,0.9525418680939226
6009,1,7192,single_city,Asia,7192,477757.691,11827968.0,129110656,1.0,0.7570162401182664,0.5217097239590519,57.9448221276606,0.0,0.04039220354671234,25.04033871833356,101.55066617969976,1807.65,17.3555,7.091693029031883,0.16746435228773024,0.20422721806484428,0.2539310217951215,0.3093391865787936,0.4140659663604095,0.5351406936508452,0.6501239266119083,0.7884149669664308,0.9285655828625847
6014,1,7831,single_city,Asia,7831,347110.7883,6888706.0,100617271,1.0,0.7334825737156886,0.4761127117739846,29.04130201674794,0.0,0.050388387644936514,29.59537963770012,105.05894208026665,330.84,18.7755,7.035023410774147,0.31196628220162104,0.3420249027901612,0.3844003503705921,0.43144503481495655,0.5283041546554607,0.6435366816351286,0.7355992547802156,0.8459792013187963,0.9547801865836631
6016,1,8512,single_city,Asia,8512,543548.9154,6609268.0,77939896,1.0,0.695169349806801,0.2621314318316302,25.136791930165543,0.0,0.08224041079889635,29.817405231829667,106.41829110338904,255.25,18.883000000000003,7.061011415968082,0.2047676081526729,0.24330425093974098,0.2937717157179887,0.35597073685013225,0.43493106952237376,0.5330384544854286,0.6373315471546924,0.7732018129693031,0.9148409475905652
6017,1,7712,single_city,Asia,7712,627696.6717,11314454.0,113792809,1.0,0.9999999999999999,0.35091644070054717,26.318733052541045,0.0,0.055477416029089864,30.51135653736787,105.58003680112995,295.59,18.333,7.037240685131026,0.19120940347629678,0.2105936353623427,0.23662750319193485,0.26538134319163786,0.3567456282026512,0.4911289577031291,0.6087200495932018,0.7607583185189493,0.9113269628388608
6018,1,7672,single_city,Asia,7672,463779.8616,14934717.0,195185398,1.0,0.6876471329456438,0.5095867591231622,80.03330554523774,0.0,0.031053809831147118,29.355451600622825,104.76515021640189,331.15,18.5425,7.042590321485776,0.27018838053643734,0.30317989955886004,0.3459996597190292,0.3955270126645185,0.4705114264970672,0.567191196190728,0.670381166245065,0.807589256629369,0.9375363456836845
6021,1,6589,single_city,Asia,6589,253907.4642,10068959.0,91774711,1.0,0.6148273847484554,0.5927575057592173,69.01206002620403,0.0,0.02521685351981272,31.776999437214986,104.75150271257105,532.72,16.329,7.003427211527867,0.40278116138917636,0.4397566818973044,0.4879788466712398,0.542848868487795,0.6393334206644401,0.7398041843253111,0.8160628124516149,0.899922325634656,0.9796806204097166
6022,1,6604,single_city,Asia,6604,717324.5173,20098286.0,215550358,1.0,0.6787719670262954,0.4505164601953322,76.7657204056762,0.0,0.035690830417081335,31.136275275924003,104.38599128274241,494.95,17.715,6.877877345823738,0.3168767227215296,0.35287740457071815,0.40110186510431783,0.45488286911630177,0.5468661855045749,0.646493984611424,0.7336838076639968,0.8298724080252415,0.9276328339640505
6024,1,6957,single_city,Asia,6957,162037.3061,6284483.0,55481645,1.0,0.7356647617398936,0.5081278591507079,30.419295916309913,0.0,0.025783713011873845,31.0444277838941,104.66757593513326,439.49,17.605,6.934627465793493,0.1252356001281251,0.14780468019405893,0.18072528798311652,0.22163095993735682,0.28738815905779364,0.37658658635881426,0.5113884467505123,0.6932882147982579,0.8871257985740434
6026,1,7512,single_city,Asia,7512,165751.1504,2334609.0,23807158,1.0,0.5638119622592342,0.4967016857486081,22.892338261832005,0.0,0.07099739202581674,31.586276967547636,105.9708594613505,378.62,17.863,7.042734061132891,0.40477527500322324,0.43351670451026275,0.46898645554780266,0.5088740769867673,0.611373896014279,0.7431330042846576,0.8094678809171043,0.8893823334014389,0.9704644332305752
6033,1,6001,single_city,Asia,6001,269325.2249,9904302.0,123181573,1.0,0.5770059325583272,0.42051773256251185,49.518607553448575,0.0,0.027192751685075837,25.599804732346094,100.22856930195456,2000.9,16.3345,7.087119968549691,0.30003346020749366,0.33618169155181254,0.38007070059051107,0.42943591582728396,0.5423646209495632,0.6845468767006498,0.7669502606039275,0.8694598569389342,0.9718650541956414
6034,1,6559,single_city,Asia,6559,140514.7087,5761629.0,60603367,1.0,0.5641193113123414,0.3187439861369147,18.741489809401223,0.0,0.02438801746867075,23.891600465711,100.0908593758695,1481.06,17.7205,7.431465242017674,0.24520322290796578,0.2860959981977319,0.3406170372996942,0.4002772479796946,0.5535073500914411,0.7345028636866414,0.8115460054786588,0.8947070351110771,0.968034040372957
6036,1,5543,single_city,Asia,5543,52006.40445,5663006.0,70388025,1.0,0.5757211561899971,0.5118524818063596,27.123459510715946,0.0,0.00918353334783682,24.431221040728694,98.57317174684582,911.49,19.383000000000003,7.416155363504714,0.5218346934472611,0.5573720034907256,0.6007131194987256,0.6482880293610849,0.7476691707548959,0.8563167688679828,0.8999490729835002,0.946745244486762,0.9870289736581597
6037,1,5681,single_city,Asia,5681,328366.6113,15009898.0,130181972,1.0,0.7006515494123972,0.3456866614880351,48.62541905287701,0.0,0.021876671733545423,25.126400625346438,99.18280285617864,1667.58,16.5225,7.435249506471806,0.4586348954536533,0.5063075045546612,0.563713224433637,0.6258948595120366,0.7327627409593322,0.8477238819344408,0.8911163820033954,0.936637077746964,0.9785394277829204
6042,1,7178,single_city,Asia,7178,1140235.071,13886891.0,121834258,1.0,0.9999999999999994,0.3424600544397294,29.794024736256475,0.0,0.08210873628949777,24.895997691634754,91.87397205029008,16.24,24.877499999999998,8.310740445404312,0.48108493110516964,0.5477063224590731,0.6339205081972632,0.7333327524497744,0.8216579938591007,0.9147400235229037,0.9431388206330704,0.9723054641964137,0.9969324307362966
6043,1,11518,single_city,Asia,11518,731136.1557,17942014.0,132303822,1.0,0.9316723773183296,0.2291343768977557,26.765224380459713,0.0,0.04074994901352769,23.84403099545832,91.28138534088147,19.38,25.5825,7.601070695389638,0.35290391591490233,0.41931975975495284,0.5109653799177729,0.6168391129334756,0.6768561767926388,0.7402740294372749,0.8203537239464868,0.9060126137455917,0.9817262432188494
6046,1,5963,single_city,Asia,5963,660678.5702,7977558.0,48536595,1.0,0.6361308052651194,0.28063350327186637,32.581883837186254,0.0,0.08281714406839787,24.750905829511996,90.40437680220637,13.66,25.347,7.682819025830039,0.6040434930087628,0.6595634904816737,0.7286578173420989,0.807806223408216,0.858619768104475,0.9116793635345554,0.9393904751303594,0.9684657886536205,0.9937760402368745
6048,1,3317,single_city,Asia,3317,200927.0898,6622666.0,58810373,1.0,0.6071722397113674,0.44328175085623917,47.08806140154058,0.0,0.03033930592302254,39.74190355218797,98.54215528590953,1452.49,-5.394500000000001,6.511777275642621,0.39610905940296554,0.4166335732467861,0.4373726532487068,0.4584960195788222,0.591617635556436,0.7422168051355753,0.825772279622738,0.913412362936618,0.9870425293982816
6059,1,1992,single_city,Asia,1992,52353.54564,4312007.0,44387681,1.0,0.5440971787660287,0.4067971416669246,20.417146519863746,0.0,0.012141340596153948,44.33042089742094,84.87576224044113,736.69,0.499,6.5895906310750245,0.09875957993574686,0.13166351538854182,0.17897628644851457,0.23752906709103208,0.4740395829598607,0.8429784552761626,0.8970263731018989,0.9525740565820047,0.9977532504005675
6120,1,892,single_city,Asia,892,60055.67124,4371557.0,29928702,1.0,0.5150284130367926,0.42487914198085625,23.37718722600692,0.0,0.013737821842423649,40.26517632210775,72.62036965817038,1315.6,10.2805,6.990478391159777,0.5599078314659971,0.596189641356615,0.6384558179156763,0.6839986302363208,0.7344149921869942,0.7865664338815667,0.8512875389706688,0.9273021031179509,0.9928050806611923
6151,1,6811,single_city,Asia,6811,758394.9717,16252051.0,122184604,1.0,0.7151661246848316,0.4669506620192576,85.82431656088534,0.0,0.04666457001027132,34.18456994692849,73.2321578955126,1280.88,21.0595,7.000983292582137,0.12136418966443066,0.1676781595135285,0.23695600019960558,0.3152301208013684,0.41869078555069755,0.5374409051509867,0.6734693362702344,0.8284846632588097,0.9729165875740853
6155,1,6661,single_city,Asia,6661,405119.6237,10320171.0,76803679,1.0,0.9448789498792517,0.4580286264514613,30.3814442187101,0.0,0.03925512704198409,33.99935449787536,72.92925006409995,528.05,21.8475,6.921685797182114,0.16830544765198174,0.2052287699496452,0.25901053383708467,0.32458599765449625,0.4405395995860921,0.5730107572829947,0.6935113768948208,0.8372235305015779,0.9746762917009806
6157,1,1991,single_city,Asia,1991,1268010.445,33632524.0,259817378,1.0,0.9953142295473993,0.21863278541855888,36.941251119938904,0.0,0.037701911548476116,34.12413573284864,74.82443351057582,1598.86,9.639,7.815593992971434,0.45364897383259134,0.49733858808812564,0.5516331156115432,0.6129804590342373,0.6929563181163566,0.7789017261981289,0.8460933827030049,0.9215090428538756,0.9896881661334724
6161,1,1130,single_city,Asia,1130,164694.6583,7868117.0,54795682,1.0,0.899341585785898,0.5175122344479416,23.210945547066142,0.0,0.020931902550508592,38.41820407453118,77.24852048229742,1230.92,12.7295,4.586955297567187,0.2690225628317423,0.2930384741355524,0.3232097336630861,0.35787355475268096,0.4458840660351136,0.5564880390060291,0.6672681659411013,0.8241528436854714,0.9805728613339125
6171,1,8475,single_city,Asia,8475,263658.0638,3468269.0,21924655,1.0,0.7009761560633918,0.5162529047315552,25.50076950109198,0.0,0.07602007335647841,29.609648549540466,78.3381317695401,267.18,24.157,6.978255214277728,0.32988848327508624,0.3810237902538702,0.44288663883914425,0.5159322993689359,0.5978775002746327,0.6948832400254997,0.7657387590178271,0.8479789197435378,0.9320502533108015
6175,1,8400,single_city,Asia,8400,465578.2094,7110311.0,41619779,1.0,0.6766485765801005,0.5594466838046818,55.29571169633767,0.0,0.06547930314159255,28.731001446946067,77.78115643174803,213.13,25.0075,6.594984432144929,0.3745848810270043,0.4173087506298951,0.46874306904437796,0.5298603675704199,0.5860120605132462,0.6489548769385756,0.6890283702077167,0.7347580155073385,0.8105494963581762
6182,1,7718,single_city,Asia,7718,132927.8696,2960459.0,23827756,1.0,0.7749671072317691,0.6221408304083224,12.737444347248413,0.0,0.04490110134948669,29.135952531418003,76.69678364906144,226.84,25.375999999999998,6.28232375461683,0.2590804331355374,0.2978842132250438,0.3428640626335308,0.39746978424629426,0.5328940546043704,0.6992729843581688,0.784975235259127,0.882632726884581,0.9755183233410765
6183,1,7590,single_city,Asia,7590,332489.1734,9432246.0,64542907,1.0,0.8457305778925799,0.4332233382615679,25.58523359594437,0.0,0.03525026524965528,29.967389068167634,76.85688285498004,255.69,24.2895,6.671292164821714,0.20967678323911398,0.2481131217315579,0.29775262434843197,0.35115528157344494,0.47513953728518105,0.6215143243719471,0.7007905646226784,0.8025267788817213,0.9108244208219336
6188,1,7250,single_city,Asia,7250,174434.831,5941733.0,41446795,1.0,0.5321428406584392,0.4755187112897135,38.38939608413234,0.0,0.029357568069787048,30.476619480357396,76.5898196001089,268.72,24.124000000000002,6.667318686225278,0.5322304115651108,0.5705818487636519,0.6192913750920818,0.6713574978882424,0.74574690582697,0.8310540039412744,0.8744123978643941,0.9222051882842935,0.9691771744034947
6189,1,6737,single_city,Asia,6737,153723.179,6689017.0,52949030,1.0,0.8255260168451685,0.48589681447038985,19.67858392405242,0.0,0.022981430455326995,30.659368466523425,76.28717738899887,265.26,24.189,6.5843803963362,0.26653153968662363,0.30812509521204684,0.3610838483442335,0.416011201645922,0.5753678006798308,0.7570469622068534,0.8325254667464591,0.9139848201910684,0.984958178458808
6194,1,6125,single_city,Asia,6125,285188.1079,9159174.0,68187542,1.0,0.6490919118981848,0.48555104279731304,36.514603934762086,0.0,0.03113688067286417,29.536603115273714,75.0352417663467,201.78,25.849,5.857638825458635,0.346631038999805,0.3877268845422087,0.440575427434832,0.49580890154505197,0.6450075083189816,0.8072539073938326,0.8499751178435959,0.9015608831102019,0.9546304066283706
6196,1,7483,single_city,Asia,7483,251171.5252,6420186.0,42157650,1.0,0.6934716082339617,0.5652695578192394,40.20560545644233,0.0,0.03912215708392249,29.317211347056087,76.31936530381518,225.07,25.049500000000002,6.3851927126556625,0.297515990969732,0.33997317211682027,0.39578167984541257,0.45560611483841745,0.5696671404847149,0.6995272411110831,0.7698364190694786,0.8591008110979962,0.9482025910152759
6197,1,7261,single_city,Asia,7261,122827.6876,3576482.0,24990552,1.0,0.5797674640616517,0.5086492035929117,22.235027184899238,0.0,0.034343158332685586,29.099466777238607,75.96441474654247,216.77,25.838,6.095924782635238,0.28460229913082186,0.33558060686451097,0.3987477079431687,0.4725031469471956,0.6241781728525405,0.7928209900119727,0.8421966054910943,0.8976885665858237,0.9531919914597641
6198,1,7615,single_city,Asia,7615,99289.6533,3185489.0,23802456,1.0,0.5630626542821253,0.4649978535187333,20.67301858470977,0.0,0.03116935996325839,28.596805502322642,76.27385902098536,217.6,25.441499999999998,6.09029239628876,0.289941983789616,0.3277292748460284,0.3810171687926092,0.4442294416963926,0.5796830565103192,0.7396456242667924,0.797155789895994,0.8602924072253899,0.9285214923046352
6211,1,5088,single_city,Asia,5088,169595.7998,5599559.0,36616757,1.0,0.6618632756341549,0.4797274986546907,26.88356967954396,0.0,0.030287349378763578,29.617808668076968,74.28889265630401,183.97,26.005000000000003,5.690555381075106,0.5156509646563239,0.5641038874668522,0.6230301350517068,0.6840527977292498,0.7578837904913583,0.8337001181700202,0.8674901005597048,0.9083690340614323,0.9535038384272762
6213,1,4995,single_city,Asia,4995,137871.5917,5649073.0,37285318,1.0,0.6921602725925372,0.5169266598263982,28.123897858759886,0.0,0.024406055949356645,30.673076665943565,74.75454716694271,206.19,25.2165,6.051989163924083,0.22346622180311707,0.2701648571367373,0.3316089206140547,0.3981371810914817,0.5114286892734436,0.633915865488019,0.693327383094536,0.7604097167800805,0.8462427375252541
6220,1,7906,single_city,Asia,7906,223655.3521,2918410.0,16536208,1.0,0.5118674540599035,0.4860713955156716,44.25264619619197,0.0,0.07663602855664557,31.023396167868135,73.851172088102,193.21,25.180999999999997,6.0541564424060805,0.3931188558153241,0.4383791173961164,0.4967119081965865,0.5622051048344818,0.6300965251626742,0.7155656676066763,0.7711634074718768,0.8391274700950175,0.9129334123718051
6226,1,7857,single_city,Asia,7857,369243.1881,5025139.0,32020426,1.0,0.5077390896260667,0.36432822247595253,45.48631288465768,0.0,0.07347919890375172,31.976390872684952,74.22313898118728,220.63,24.4545,6.495289724829228,0.32129917202290326,0.36403868629305575,0.418238381067668,0.48242068527855647,0.565446448347001,0.6718259932710319,0.7528142007614118,0.852021605770507,0.9542448477544602
6227,1,8039,single_city,Asia,8039,542244.3179,7457845.0,54587318,1.0,0.5458016243725169,0.43851624098507674,45.543270690216914,0.0,0.07270790930892235,31.11958217579207,74.45046111244062,203.62,25.0175,6.129904964479591,0.5098983687647035,0.5487485996289813,0.5961121476780491,0.6458975749697131,0.7028289003056513,0.7647272100720784,0.7969853221674625,0.8313782332563897,0.8818436156825463
6228,1,4505,single_city,Asia,4505,244711.8439,6946952.0,45305062,1.0,0.5584259775568737,0.39240846685773123,38.71628258447344,0.0,0.03522578591301624,30.941393671029147,74.61777701721088,200.31,24.7935,6.199290378875177,0.31206002287046175,0.360290383466015,0.423978026622323,0.495791679574006,0.5646794450285535,0.6454905691013844,0.7021195770461636,0.7655835249761335,0.8520434573320789
6229,1,5517,single_city,Asia,5517,193502.6573,6825954.0,50725400,1.0,0.8353282093477667,0.6988219804436488,25.226410954129292,0.0,0.028348075199451973,30.818369338580617,75.17328113886951,223.83,24.130499999999998,6.472207954174977,0.5480545283487114,0.5825603278310988,0.6260799589332129,0.6730827661598657,0.7479748618288374,0.833681563045986,0.8784646072915229,0.9278134602137664,0.9746622962885481
6234,1,4834,single_city,Asia,4834,271914.8173,6397920.0,45754898,1.0,0.966605508286247,0.669782950766507,21.989436606632548,0.0,0.04250050286655663,31.81752229986508,75.20445831732927,248.93,23.915,6.59305001357948,0.30036402455798134,0.34329891589766676,0.40294142471303174,0.47147401030334857,0.5818065871408208,0.7028384224873083,0.7862405281716558,0.8775475467026783,0.9638369970240328
6240,1,7836,single_city,Asia,7836,384533.6953,5096945.0,35117970,1.0,0.631178673529214,0.3345958168067839,20.427392714610928,0.0,0.07544395619336682,32.33282899790838,74.35451371437159,237.66,24.105,6.757809330203806,0.2672653913275501,0.3072356087813386,0.3585861726975669,0.41627288503211235,0.52128853656455,0.6516921410766645,0.7515445036193249,0.8671637618220326,0.9760546758891846
6243,1,7646,single_city,Asia,7646,750816.6818,12676869.0,94740163,1.0,0.6473499315367925,0.49670357783319136,71.53059286518942,0.0,0.05922729672445144,32.57533980220668,74.07373846992834,235.84,24.2935,6.6827750419929695,0.3085148233368981,0.35415598283771804,0.4114944313142307,0.477355015658835,0.589761320401749,0.7231853543647094,0.8051141019127042,0.8960402604144604,0.9788530590637168
6311,1,7189,single_city,Asia,7189,270847.0312,6369655.0,35845061,1.0,0.5213848594852565,0.431740209341415,63.09836375723812,0.0,0.04252146014187582,30.297373431999322,71.93018967955501,134.3,25.948999999999998,5.700831458019937,0.34420639736375047,0.3946783617009085,0.4582819634658392,0.5304169535084711,0.61554573991841,0.7074681438790641,0.7514245277020498,0.8062287517926795,0.880653347787282
6319,1,7562,single_city,Asia,7562,303352.3292,7238609.0,43650819,1.0,0.5533687484450128,0.4316362471128732,47.88157446042861,0.0,0.041907544557248495,30.158954019630688,72.68209411805276,145.68,25.86,5.485889697202697,0.33038916731101237,0.3739118938459033,0.42783841481146445,0.4903060795243948,0.5750352035867664,0.6677787127333442,0.7088744536415768,0.7556676980342494,0.8316875521250008
6325,1,4542,single_city,Asia,4542,852701.6865,27948623.0,210874751,1.0,0.8024601774956469,0.5165362707035919,70.05894591903932,0.0,0.03050961353265955,28.015343856914132,73.31822169313948,225.52,26.957,5.4293916805256295,0.43543637194576634,0.46370477715485303,0.5005250169212272,0.539065412990114,0.6230934525826192,0.7181674388752534,0.7965741281779786,0.8913416235211302,0.9767671559346591
6331,1,4240,single_city,Asia,4240,222669.9341,6242611.0,43946322,1.0,0.739079803270761,0.3694091491463192,15.519134857142328,0.0,0.03566935919921969,25.833730372079664,72.23596189819126,113.51,27.764499999999998,5.7673580322932105,0.30607497407735323,0.3401387656543072,0.38545217698171486,0.43650917861132144,0.541428258143908,0.6569547581933265,0.7267635289144238,0.8049008659998196,0.8925512097422056
6375,1,5367,single_city,Asia,5367,215374.9047,4014828.0,29072793,1.0,0.6627837607273547,0.4079910777420653,14.759697126569348,0.0,0.053644864661699085,23.84922380679977,72.12834531629738,83.23,28.085,6.489090943065984,0.26535159164975436,0.29971520573235017,0.34925207256699414,0.4018485972499943,0.5047937296442089,0.6205227222685504,0.7252597122467015,0.8546699883531748,0.9651713597693351
6389,1,7760,single_city,Asia,7760,322999.783,3298941.0,19697894,1.0,0.8320391053663118,0.4076729986025944,18.152827976244584,0.0,0.09791014237599278,22.841230139447948,74.25479421946423,306.92,26.706,6.917794219770715,0.1562671172355007,0.20717224103128853,0.28178497281400305,0.3709032686550017,0.47517066840540645,0.5936890050473773,0.6978948698991585,0.8262578809381556,0.9499551522746239
6391,1,8614,single_city,Asia,8614,353044.428,7659900.0,53126693,1.0,0.6286342148532871,0.5035231090383584,47.88476776260594,0.0,0.046089952610347394,22.958501932465897,76.0429344630295,536.1,25.636,6.91340180729377,0.3051521560333686,0.35061593493387644,0.4114880089818405,0.4779138108852596,0.590054308802987,0.7145127220981997,0.7932754996801524,0.8841757725296675,0.9687770075327354
6395,1,8370,single_city,Asia,8370,128597.6245,4506391.0,27046149,1.0,0.6627022916128643,0.5526085199524875,38.28626476425574,0.0,0.02853672140300298,24.64441662720042,75.96892430128686,346.27,26.363,6.717355380070242,0.15522443569588168,0.2030824666567992,0.270112158487801,0.34671714016826327,0.45964054162188767,0.5925977128926452,0.690091694218278,0.8064511046644643,0.9212194414554795
6400,1,7572,single_city,Asia,7572,178202.0434,5213893.0,36579406,1.0,0.5112335518716802,0.43490914504839473,49.510096675713626,0.0,0.03417830849233001,24.891204168875404,74.62606811012735,411.42,25.5015,6.564828959503624,0.3461797163846669,0.3913829838855535,0.4520342093710017,0.5238513717101597,0.6062788400145535,0.6967964244759146,0.7832659780321537,0.8898891864485904,0.9854070653156863
6401,1,7465,single_city,Asia,7465,415410.852,11408165.0,82212860,1.0,0.5580995396915673,0.42942263356810456,58.29200890383493,0.0,0.03641346807308625,25.343775598829613,74.6311142208184,423.61,25.4285,6.387160424630002,0.3429246508969672,0.37268903456427915,0.41255092295737306,0.4570811344331012,0.5499924834537369,0.6609751875082452,0.7412008855061265,0.8403343570153482,0.9381384298000599
6402,1,6827,single_city,Asia,6827,219705.6031,7144219.0,46380734,1.0,0.8010763575992732,0.47999079869428707,23.80924152410812,0.0,0.030752921082066495,26.100849875687977,74.31915332245505,451.2,25.518,6.293664165679956,0.18758215558621594,0.2402464146185888,0.31305703254617473,0.39741292925090904,0.5427677958920353,0.697271458223775,0.7748775618440588,0.8619408223628083,0.9446510528302674
6412,1,8508,single_city,Asia,8508,138009.9292,2948787.0,18618609,1.0,0.6124490398187947,0.4578040652240916,18.9424566577625,0.0,0.04680227130681192,25.098576489233004,76.50788574583567,263.93,26.701,6.738772562977325,0.14385135311570488,0.17835197998363395,0.23156301218094083,0.29542113418161436,0.4239031167731003,0.5680532368055068,0.6867308489897711,0.8308487523853029,0.9677596245507051
6413,1,8774,single_city,Asia,8774,248762.6243,4164262.0,25897857,1.0,0.563309369977866,0.4168616737629223,28.4271243099691,0.0,0.05973750554119794,25.424462219411286,77.65780764549496,468.25,25.1985,6.70130843363909,0.17770159514458986,0.21151478941526733,0.2589894680017732,0.31209515635663654,0.4146035960273393,0.5303117335076419,0.6517827168415435,0.8022057689934015,0.9467790451225211
6418,1,8766,single_city,Asia,8766,849267.3986,10703022.0,83187525,1.0,0.6745417828397582,0.6366752361579526,69.48065748717225,0.0,0.07934837456187607,27.15738666553118,78.39722735830483,165.13,25.6555,6.609498153912509,0.36479725072040403,0.39867814903118015,0.44500235540952826,0.4971641654104794,0.6396847544553305,0.795387975470853,0.8364475005283555,0.8835371916454997,0.936257442057019
6421,1,8794,single_city,Asia,8794,326858.4298,3928514.0,24640682,1.0,0.6799660176968264,0.5151604960765681,28.00344326695328,0.0,0.08320154384074996,27.558648305769086,78.65698783924732,169.65,25.393,6.62669390790522,0.19776969103330164,0.2400816186476617,0.2972589635673947,0.365711564219957,0.5204031346203679,0.703206861423938,0.753934693881707,0.810710614751532,0.8827694135747003
6422,1,8762,single_city,Asia,8762,195569.6112,2925582.0,16082221,1.0,0.7248271422684801,0.4327538774662862,21.43247715047232,0.0,0.06684810447972404,27.81079673362567,78.6471057345142,173.78,25.067999999999998,6.7145387873371,0.27201288495759135,0.3099612316455324,0.36362064026918406,0.42232143894787433,0.5365243565211981,0.6703801158196899,0.7300923371828238,0.8013670442325663,0.8881155954610057
6426,1,8946,single_city,Asia,8946,458374.1549,7104435.0,54629396,1.0,0.6210004472334955,0.5040325972187065,46.889771806920116,0.0,0.0645194381960001,26.78268267216444,79.02344981418143,149.79,25.656,6.673624715896736,0.26574189221239974,0.29861966504021786,0.3419465446583718,0.3957606762536359,0.5124138654234995,0.6478052089997305,0.7107944544499316,0.7844671673398377,0.8718698953540992
6427,1,8920,single_city,Asia,8920,390191.3865,4786432.0,31979581,1.0,0.9308526744759199,0.5342718211994857,17.332725398224234,0.0,0.08152030291039339,26.56172559758627,78.78785422088508,151.52,25.971,6.635298708083423,0.20408375173824678,0.23286427134032198,0.2712736752553886,0.31586116756698934,0.45996328789377977,0.6342563730143873,0.7045653213082312,0.7865203140878215,0.8776086237096861
6432,1,8962,single_city,Asia,8962,668314.2999,14119818.0,105138422,1.0,0.8022281059657161,0.5816143258886461,64.32278157022832,0.0,0.04733165115159416,25.4521809782306,78.56872638344271,242.88,25.84,6.762245574826723,0.24694546346135623,0.28610630816912797,0.3371685810681129,0.3948663502603221,0.5104424858734015,0.6444360685102315,0.7351884422306293,0.8446654907308295,0.9527237532381791
6433,1,9152,single_city,Asia,9152,570446.9338,7939249.0,51553790,1.0,0.9155049861859237,0.47827604497244014,31.15295535056465,0.0,0.07185149801952301,23.841608860280857,78.75550093154715,534.31,25.4805,7.080843926681048,0.2781907961319767,0.32574101152388596,0.38975172588742335,0.4623291195426671,0.566103544554403,0.6814407760734045,0.7697971180901367,0.871780063832234,0.9650367433997851
6436,1,8760,single_city,Asia,8760,261121.7891,3862152.0,21908567,1.0,0.6428544704976309,0.40875948471975887,25.502845636254122,0.0,0.0676104381961145,24.647164037565013,77.3127609767709,482.64,25.689500000000002,6.886684848362846,0.10252211720305156,0.13830890135862078,0.1938377878447042,0.2536316540622948,0.35100094455112074,0.46232773852505027,0.59734184465034,0.7600671853412294,0.924265021159188
6441,1,9536,single_city,Asia,9536,303689.9913,6326656.0,42926986,1.0,0.8558334202675979,0.5337035545100605,32.890049955106605,0.0,0.048001660166128834,23.827023386393474,80.39381740442312,383.0,25.320999999999998,7.091888111092793,0.3619608842333138,0.4223297426001983,0.5004759228255812,0.5865305463107209,0.648948828575475,0.7160759175147187,0.7984094599105752,0.8913395955145973,0.9751508537843688
6446,1,9528,single_city,Asia,9528,163405.0343,2518134.0,13658429,1.0,0.8825420117637438,0.564328528508617,15.901308384174385,0.0,0.06489131805535368,25.217579127584713,80.91824484115917,133.29,26.119999999999997,6.86478201380427,0.11714348799547601,0.16530772389396275,0.24232983629941854,0.33236714170095794,0.4275268909438497,0.5367577738118782,0.6510960099819946,0.7838947411059142,0.9145224201730329
6448,1,10366,single_city,Asia,10366,216536.5992,5183648.0,30381118,1.0,0.7344272831346258,0.5062603504310306,27.001526488753353,0.0,0.04177301375402034,23.128644170054773,83.18719447245806,596.72,24.982,7.260295235632178,0.1095475618714851,0.1522205983122311,0.21430795455246962,0.28569802579187475,0.37663379149201487,0.482722013531783,0.6259362132613943,0.7950111581650606,0.9545102213730562
6449,1,10484,single_city,Asia,10484,262520.3613,4521408.0,27398938,1.0,0.7078994327514209,0.2669812700594133,14.834316551011101,0.0,0.05806163949371523,24.03838278927963,84.06528347367815,227.05,24.643500000000003,7.0474211297841265,0.38234549945503704,0.4398519222330743,0.5169778971506221,0.6028571188443954,0.6690068668874828,0.7415108302546464,0.7958918991606154,0.867770172477246,0.9434381944739337
6450,1,10446,single_city,Asia,10446,345423.1224,3911137.0,22752315,1.0,0.7673507165621399,0.30013117671588807,18.50203641553724,0.0,0.08831782737347221,24.91382209568911,84.17907627510726,107.99,25.3975,7.101846467792547,0.4626795226042964,0.5262104088913275,0.6048512235700259,0.6996893742152218,0.7590641800581264,0.8238522455234885,0.875531335261332,0.9324697651859293,0.9836016994546598
6454,1,9934,single_city,Asia,9934,710281.6169,9718645.0,46438105,1.0,0.7835503629257459,0.2694921653469555,47.564946311192486,0.0,0.07308442863176914,25.144291705941345,82.5689982829513,85.08,25.9405,6.951540558632998,0.23983610884027556,0.291677800763378,0.3739092229420871,0.4822857507399437,0.5744737049249149,0.6984581698374619,0.7709537697899245,0.8585137125597241,0.9476522704553978
6455,1,9908,single_city,Asia,9908,565559.2416,6786292.0,40325883,1.0,0.7002790207592061,0.4926822259837773,54.384677659715635,0.0,0.08333847727153502,25.748946209403496,82.68552113021047,81.9,25.965000000000003,6.957026279911996,0.23681371211259403,0.29858337955395964,0.38793305681512086,0.4988995463207301,0.6000947203568605,0.7106682117421413,0.7713816322669287,0.8431885925333009,0.9225730339926428
6456,1,9984,single_city,Asia,9984,522938.4201,8816932.0,45133541,1.0,1.0,0.3632159277325508,34.50551313459233,0.0,0.05931070128475528,26.063150610671673,83.18004214720798,77.26,25.856,6.968681031924631,0.13240024988283908,0.20356922339879677,0.3171206265399348,0.45223191014742997,0.5301633266537612,0.6133887615329232,0.6881673806716441,0.784553402476054,0.8921508071061454
6459,1,10102,single_city,Asia,10102,565335.8527,7185386.0,45257310,1.0,0.9107631623637833,0.23094647770524107,17.382846142415115,0.0,0.07867856406044157,26.49882714606887,83.78352639171028,74.5,25.6295,7.012337341724099,0.11552698769418929,0.18117467871593815,0.2781380151323812,0.38710015022157473,0.5026549721893855,0.6287091605099573,0.7032409949862123,0.7990177563181714,0.9054739717532224
6460,1,1345,single_city,Asia,1345,193707.6649,9248027.0,74691500,1.0,0.7075212804577569,0.2771292624223201,19.906586338941203,0.0,0.02094583686877212,28.21134517151173,83.98735753279018,842.44,21.3525,7.786540593741265,0.07730384005150504,0.11452280578333086,0.1677160977146801,0.23846372853366454,0.36552109979782715,0.5120728994411456,0.6430199652315028,0.7997076565628539,0.9565539763238148
6462,1,9444,single_city,Asia,9444,526243.7609,6240430.0,37140233,1.0,0.5371352844618644,0.3239000614920975,40.15151327408084,0.0,0.08432812496895246,27.57569693655226,81.60316911844784,119.78,25.0485,6.991551242064652,0.2696299774214277,0.30382457619106373,0.35010648304684133,0.4012367737479629,0.48490312366295274,0.5770885980613515,0.651155769714587,0.7355656581357375,0.8356528316157701
6464,1,9588,single_city,Asia,9588,451387.6891,5749689.0,30155334,1.0,0.9824945177876603,0.3540522699454517,20.308301653749464,0.0,0.07850645297510875,27.135775540588806,81.96380760961247,107.59,25.276,6.961291780498226,0.1668498939681781,0.20244225383320733,0.2535893680510372,0.3165873841176453,0.3830927203193077,0.4580612968805791,0.5462231087629261,0.6530819319097085,0.78518020713816
6466,1,9692,single_city,Asia,9692,523411.7683,7320177.0,35597441,1.0,0.8525781928054543,0.43211103914154886,47.106982708173284,0.0,0.07150261097511713,26.254619560873294,82.0677274553899,97.64,25.9065,6.963147884700174,0.1827976290737232,0.22437490241014663,0.2904947516979439,0.3702653638019955,0.4375308138040924,0.5133552098535322,0.5719260613507023,0.6420952662756652,0.7531330185048805
6467,1,9728,single_city,Asia,9728,380747.1817,4760256.0,25398344,1.0,0.5631451079921193,0.3166873932757907,35.78399819700301,0.0,0.07998460202560535,25.914573377451024,81.98700577107032,95.09,25.9065,6.963147884700174,0.26692997183344763,0.32304523118084405,0.4075808107799244,0.5079558746420361,0.5888502635152395,0.6799174246090967,0.7430734817623253,0.8166417940547736,0.903086514674841
6468,1,9564,single_city,Asia,9564,96139.95541,1588220.0,10285449,1.0,0.5582202319769871,0.4518563182535705,21.421007869779604,0.0,0.060533147429197465,25.912231202808822,81.31541489363579,109.37,25.915,6.904854576008107,0.16550163075644433,0.22543854126002694,0.3068617697800053,0.4041171877951417,0.5326610922919999,0.6676562440971654,0.722692070368085,0.7855674906499099,0.874668496807747
6469,1,9502,single_city,Asia,9502,449059.3252,6596171.0,43623207,1.0,0.9188575121117304,0.6525033902563524,30.14179585643878,0.0,0.06807878770880864,26.227630350862643,81.24387352903177,111.08,25.915,6.904854576008107,0.3127711516272092,0.35994276073194587,0.4245152225435029,0.49605794028080835,0.5881560681189132,0.6856338321125999,0.7391830806084317,0.7989506336327545,0.8762600302508834
6471,1,9414,single_city,Asia,9414,480227.7282,4927005.0,30400639,1.0,0.7497408017567225,0.6409163786305689,34.80016601164614,0.0,0.09746848809773889,25.925181457063545,80.80778024989125,114.53,26.122,6.876631933480818,0.29249513649773035,0.34052309668855624,0.40154130146001477,0.4739660300730363,0.5741518427523414,0.6816284943895937,0.7560891454341938,0.8394771265708072,0.9272649408717872
6475,1,9236,single_city,Asia,9236,447513.2226,5546663.0,31617342,1.0,0.5185136595351868,0.25354835134194453,33.897386351475745,0.0,0.08068152375581499,27.56328683023945,80.69062255961342,137.29,25.008499999999998,6.900163534476126,0.33597750575436075,0.38892537729442006,0.45457548078907983,0.5334227083924155,0.5979086885213686,0.6680459945015589,0.7222264990679982,0.7857252189289308,0.8646059802082802
6476,1,9140,single_city,Asia,9140,478723.7815,5148439.0,32130594,1.0,0.7648838246574277,0.4979136222161049,30.744125395381783,0.0,0.09298425823827378,27.393034574966485,80.13253028358207,142.15,25.1045,6.833157263699969,0.260214989436604,0.3029646461772199,0.35901153728343677,0.424087378718093,0.5251912278653782,0.6369699631286299,0.6964073964943549,0.7631983208891083,0.8529323159893708
6477,1,9218,single_city,Asia,9218,476987.2743,6288636.0,36279828,1.0,0.891547729628806,0.4648079267477578,27.077104487572303,0.0,0.07584908306030115,27.945411523129525,80.78126751345691,144.42,24.9125,7.06918766840898,0.2775314074467023,0.32336567102945696,0.3818433758926419,0.45140027185545484,0.5306761275418072,0.6196480445044045,0.7060706010015526,0.8048029811234105,0.9075449747767242
6478,1,8936,single_city,Asia,8936,340503.8448,3632116.0,23085961,1.0,0.6198783892651036,0.4676023177715215,26.44016027324829,0.0,0.09374806443406544,28.62417975920938,79.8085104821242,185.54,24.707,6.953867097679631,0.2811245565945581,0.3183612527793716,0.36815151278208075,0.4314815385852214,0.5409455535010446,0.6619612369208473,0.73834040542758,0.8273306799672697,0.9221828267599382
6479,1,8814,single_city,Asia,8814,313465.648,8993679.0,71678589,1.0,0.6488811448959806,0.3442073162390703,29.986425913896507,0.0,0.03485399556733123,28.983385591038722,79.40483849846018,214.43,24.441499999999998,7.217959806055937,0.09530615891449984,0.1148107465254208,0.1410769719488543,0.16986596919903413,0.2126096561818584,0.2638853354672765,0.431820392967105,0.6817773905428468,0.9261734825092156
6480,1,8812,single_city,Asia,8812,443624.227,12171009.0,91765284,1.0,0.8169719940207002,0.3177622099006203,26.382032863234183,0.0,0.03644925634349626,29.217569551484456,79.51209287482176,423.71,23.088500000000003,7.237941370557324,0.12339675371203818,0.14688921846989023,0.17770391920669848,0.21414140766800846,0.2787056520950728,0.36697491555548106,0.5088389960109305,0.7114097935512167,0.927466654572353
6484,1,11310,single_city,Asia,11310,455001.7382,6059392.0,33812168,1.0,0.9308466560508236,0.2790871514822361,18.98246202337742,0.0,0.07509032889768479,26.33440466735776,89.45578176030213,44.55,24.798000000000002,7.9825206431981695,0.10998298179091236,0.14673155326475,0.20388860796594774,0.2689977806354169,0.3995192917045142,0.5539641601005514,0.6779640597604513,0.8222249030925876,0.9614766630051332
6485,1,2389,single_city,Asia,2389,614579.7942,8315660.0,49215075,1.0,0.9646142745408722,0.3714484852613765,24.9852286994709,0.0,0.07390631581858806,25.74713846702508,89.2489186935459,34.21,25.058500000000002,7.715712190416597,0.15633756069872987,0.22246760930581577,0.3177741754713396,0.42276584179728366,0.5670113977723957,0.7204847240026648,0.8101649177575803,0.9054903639638946,0.9876985110021334
6487,1,11172,single_city,Asia,11172,611120.0521,4809656.0,28903959,1.0,0.986890119517604,0.44105026067953035,21.578065249821055,0.0,0.12706107299565705,26.52762701556134,88.71351121481004,85.67,24.872,7.903311986182115,0.10588782233074465,0.1426590591925909,0.1940650225296778,0.25407617509443503,0.39018528560046706,0.5664902022098878,0.6959728512808401,0.8409607672565356,0.9750474878037015
6490,1,10704,single_city,Asia,10704,943825.7519,12861681.0,71543742,1.0,0.9829080571218352,0.272569859922619,42.073169369568966,0.0,0.0733827679212383,26.159715335349826,85.89608023170169,49.87,25.79,7.140637653634863,0.3206861529220014,0.3938442416663887,0.49574732882894545,0.6236959227957839,0.6934807355274945,0.7682406366632791,0.8156979635865639,0.8700689280040456,0.9302700012541129
6492,1,11044,single_city,Asia,11044,438489.9006,10253836.0,59098070,1.0,0.759284863591055,0.2541819172039297,22.210442111232844,0.0,0.04276349851899328,25.778336046243396,87.48787113602829,37.91,25.476999999999997,7.358873891048727,0.28464771623029667,0.349962394561411,0.43698007262842903,0.5366378982460808,0.6618127108723019,0.795975574409421,0.8551303141575504,0.9199972576116879,0.9789168658441583
6495,1,10642,single_city,Asia,10642,920548.7888,14437760.0,91959935,1.0,0.6902448239648564,0.25272608985171635,52.8610602333396,0.0,0.06375980683984218,24.779343258111663,84.99972497305264,114.61,25.5035,7.008848703542189,0.4043759558269427,0.4597081541735006,0.5316763126690013,0.6158966487876235,0.6811934122744803,0.7531826266678487,0.8106394620772197,0.8786640725431092,0.9483548001906112
6502,1,11280,single_city,Asia,11280,1057159.06,9521077.0,44711879,1.0,0.6275377739802505,0.20340855408578712,45.343151079527644,0.0,0.11103355849343514,24.08861342543587,88.25734972548129,18.75,26.0715,7.3268763847255665,0.24483364644566996,0.3155292200661753,0.4150361350927001,0.5330410624764405,0.6654127468982763,0.8080246593951503,0.8690241660686076,0.9334401979944076,0.9897991582254823
6503,1,11078,single_city,Asia,11078,410461.5312,5979669.0,35487552,1.0,0.7993846988149563,0.266224974464748,14.632140288525544,0.0,0.0686428515023156,25.544806346306252,87.56700546136713,32.55,25.5395,7.224229233453722,0.38057741992073474,0.446786937537847,0.5345912959396247,0.6331291915990668,0.7353288284017059,0.8492647335496329,0.8922646052816636,0.9405231292902667,0.9829738067441526
6504,1,11150,single_city,Asia,11150,425974.9218,5580722.0,25800008,1.0,0.6093215974501991,0.2385110098610877,30.03681309113037,0.0,0.07632971536657802,25.622705289200223,88.13740918292335,34.37,25.445500000000003,7.409220026132671,0.1622637716051794,0.23988759877306198,0.3532652226719052,0.4930134487974853,0.6161184878945771,0.7513913074329809,0.8273330941767033,0.9074257775248435,0.9802249601395662
6505,1,1133,single_city,Asia,1133,401715.6852,6024579.0,33527355,1.0,0.5777938964491564,0.48422382033105327,63.55125945262332,0.0,0.06667946178479857,25.63081554892668,88.63756664876205,36.22,25.2975,7.524607366613215,0.35382040803183096,0.41938581932447067,0.5076485842413221,0.608534803842725,0.7166072517266352,0.8319041048345452,0.8832622163308008,0.9384333743486475,0.9862559690892924
6507,1,3869,single_city,Asia,3869,644542.7855,10506702.0,67059072,1.0,0.8961975930306306,0.41484110594236806,37.927836753253885,0.0,0.06134587099738814,24.848123915179706,89.36942747339391,19.59,25.435,7.584249820818538,0.25062431579386185,0.3141011327817235,0.400513024924472,0.5013990117926634,0.6546673732632752,0.8192891546747971,0.8780763935248187,0.9407156498775734,0.9930292112596322
6516,1,4431,single_city,Asia,4431,423560.2735,5988881.0,35037471,1.0,0.9104879252432767,0.38619338904070855,19.840537109933397,0.0,0.07072444309713284,24.006921213278513,89.2377689980945,14.09,25.817999999999998,7.459281865944387,0.11899017529318082,0.18687664690615827,0.2850853105947505,0.3981935857466528,0.5590788997143206,0.7302624647242114,0.8203008208044207,0.9134402570363311,0.9916408424211468
6517,1,11148,single_city,Asia,11148,322815.477,4795997.0,35136446,1.0,0.5398851025344132,0.5093421547166836,43.34412713720306,0.0,0.06730935757466071,19.80653196927294,85.82839625771408,7.26,27.173000000000002,7.241553944795896,0.5124152496342262,0.5598164469243829,0.6196519722593654,0.6913244524548284,0.780686268152378,0.8761262778104323,0.9089440631426583,0.9431417492546388,0.9753521530559757
6520,1,9488,single_city,Asia,9488,163573.2952,2858184.0,18462830,1.0,0.5907229646404434,0.453822937897904,20.17072225014828,0.0,0.05722979878132408,22.088658751281137,79.55044224820732,614.14,25.8405,7.123915302128602,0.17188116650292634,0.2141629090359473,0.27018064617253473,0.32924507309536405,0.45068931881222485,0.587236511015386,0.7092891850209784,0.8582732952112251,0.9880420574742563
6522,1,9696,single_city,Asia,9696,80676.85198,1893640.0,13948203,1.0,0.5074590922994429,0.45832354467997516,14.642093234040575,0.0,0.04260411270357618,19.35183478716706,79.48201582952449,185.17,27.061,7.174798962486245,0.2471166642022771,0.2920386134640164,0.35505323081472717,0.4242754694662132,0.536816924019349,0.6579159713567521,0.7624057370989206,0.8813306647514839,0.9853414587778035
6525,1,10010,single_city,Asia,10010,345626.7364,7712989.0,63636382,1.0,0.5499994309161816,0.4236836282377599,50.699385179295355,0.0,0.044810998226498186,17.248922162997815,80.16551348288341,125.44,28.162,6.941327859886201,0.21687091735771954,0.2579054631090489,0.3138967266775565,0.37742553502928633,0.5096168294807629,0.6535360027091961,0.7443929973191975,0.8523599605807813,0.9585519958604893
6527,1,10368,single_city,Asia,10368,381831.3507,6338035.0,48346407,1.0,0.9323098870614712,0.6002758542883998,27.601144783369925,0.0,0.060244437069217824,16.70865711344462,81.10609144121376,13.84,28.6185,6.9743049014989875,0.41488521284593727,0.45839254595470047,0.516843154069045,0.585210558161954,0.671535420678491,0.7698089392059211,0.8265708535847467,0.8926758845604356,0.9585833779712482
6529,1,10636,single_city,Asia,10636,494141.6449,13040621.0,109621832,1.0,0.721728602131808,0.6430417075441883,85.29842475968273,0.0,0.03789249337895795,16.966716889910405,82.23710653607452,4.49,27.822499999999998,7.077986120099392,0.38694644986615284,0.43414542911721765,0.49409410794163866,0.5647611413597557,0.6671664639283666,0.7772731835393422,0.8387745491568231,0.9081218601476111,0.9725122752973191
6530,1,10834,single_city,Asia,10834,307399.0582,6080082.0,44924146,1.0,0.9731674527279404,0.5332742030772682,18.909282014975467,0.0,0.05055837375219611,18.112776946594543,83.40486695930497,61.06,27.3305,7.0166773946062815,0.29837179827508903,0.34351822886599226,0.40356314273393024,0.4715548244250653,0.5899228003832843,0.7218182254778801,0.7916486981590051,0.8705333250439714,0.9508463866112332
6531,1,11018,single_city,Asia,11018,581457.6675,8985454.0,62711994,1.0,0.9999999999999997,0.23672480387665418,13.25658901709264,0.0,0.06471099484789528,19.30996884468472,84.7918823559559,24.36,26.201,7.28466692266064,0.2724915179578016,0.317937969522742,0.3784240618225857,0.44501490965286783,0.5517761261701412,0.6697762850936636,0.7628972336845751,0.8767286550017395,0.9792250897951289
6533,1,10194,single_city,Asia,10194,217366.5134,4666113.0,26944831,1.0,0.7410356768688832,0.45813858238543387,22.08272352128565,0.0,0.04658406545233688,15.819927015284524,80.34927271807821,6.2,28.5175,6.838051976627498,0.3220789980868444,0.3946972565816559,0.4937514372240878,0.6094920975981507,0.734546720150155,0.8653388805629011,0.8859157504329621,0.9107160499542124,0.9414862006128013
6534,1,10114,single_city,Asia,10114,150360.3349,3000994.0,18490494,1.0,0.5714315332783251,0.3692667858828338,18.768304897655405,0.0,0.050103510670131295,16.097351753912257,80.1694783230458,30.05,28.6485,6.7382851872137035,0.32180437548358976,0.3795252506336234,0.45669501505167953,0.5576389023103678,0.7003072981818691,0.8531999730755876,0.8953393442306116,0.939912242410348,0.9811442475393153
6538,1,10290,single_city,Asia,10290,977591.8466,15859856.0,125442055,1.0,0.5423969086446454,0.3864953101594251,93.04593130676801,0.0,0.06163938982800349,11.9336051122346,79.80290277413559,11.32,28.042,7.039631427445579,0.20451843951168283,0.2417335315024298,0.291821628140886,0.35064177127459417,0.4556306185882142,0.5816710441759371,0.7029743523522534,0.849098566847013,0.9831205907544179
6551,1,9740,single_city,Asia,9740,146534.7669,4499379.0,34578063,1.0,0.5141941544578529,0.4795748901562603,54.57197582503199,0.0,0.03256777588640566,11.796585956723286,77.81989915565833,245.8,26.598,7.015724538905722,0.1929079546310724,0.25216390973065395,0.3452545340145829,0.4565323347955351,0.6129276951330395,0.779629811136159,0.8422869022591785,0.9121387640383262,0.976082921665412
6553,1,9716,single_city,Asia,9716,862596.3379,29541104.0,209985048,1.0,0.8095571360094767,0.36201520505652296,77.23106544463785,0.0,0.029199868017796494,11.36499259278554,77.71108303283128,179.7,27.8365,6.954569205966312,0.25754606192104396,0.3004240464405122,0.36390911456795927,0.4414835681158023,0.5830448652155993,0.7397952696690009,0.8100477558320095,0.8943633927831539,0.9751536029256049
6556,1,9836,single_city,Asia,9836,288099.2369,9286972.0,66688402,1.0,0.7621419008325588,0.5275557206987367,43.08887336075202,0.0,0.03102186987319441,10.959284484058529,78.07749392082847,128.32,28.6545,6.553966167021862,0.1746058887654663,0.2169365860045664,0.2809818959290499,0.3564585959772464,0.5210271981007373,0.7024568395382262,0.7935946183535387,0.8935977194719656,0.981823354264447
6557,1,10204,single_city,Asia,10204,390317.5941,7043631.0,46170900,1.0,0.5654553506028314,0.23501402583053405,22.31797842942008,0.0,0.05541425922226761,10.964121655298767,79.3842698862926,27.77,28.945999999999998,6.93260153830483,0.0861522984381209,0.13201500760048332,0.20255845316144472,0.2869575365319393,0.4367247517651052,0.6037245562693446,0.7215062799286334,0.8611356841379113,0.9840586481603025
6559,1,10034,single_city,Asia,10034,334122.0401,4778427.0,32257554,1.0,0.6412220181852598,0.44506889142588857,34.1975980827267,0.0,0.06992301862098134,12.234111138496752,79.07065635708543,182.67,26.686500000000002,7.033058412137057,0.06681299096962243,0.09863643412361432,0.1530392742214122,0.22052173236087944,0.41334522846116517,0.634132320112874,0.7241680159600639,0.8413461166195486,0.9553591589868381
6560,1,9918,single_city,Asia,9918,250374.1694,4510296.0,25565772,1.0,0.6631460199157517,0.4400029300460553,32.470694397426065,0.0,0.055511693556254404,12.790791342851426,78.7125820892815,325.34,25.9925,6.799113831393035,0.024086889197516084,0.06462236624824623,0.13702537483127494,0.22706758048695697,0.4456117735953472,0.6921787394884947,0.7764126789017838,0.8730344970707022,0.9630638432599545
6561,1,10006,single_city,Asia,10006,781154.6826,14230716.0,97556917,1.0,0.7297039237771062,0.4189438792796456,63.88152171731119,0.0,0.05489215599552404,12.930740614348936,79.13967007761991,221.19,26.904,6.821293387361403,0.03389154839433237,0.06241344427082938,0.11196562421736193,0.17744722050527886,0.4242051489187192,0.7041546609460831,0.7864433525340538,0.8834743803474119,0.973713550323118
6568,1,9550,single_city,Asia,9550,162367.9715,3626480.0,20582401,1.0,0.5201552465290457,0.41538298338692026,34.956625823549494,0.0,0.04477288486355916,13.828951243008204,77.49464497204237,622.64,24.725499999999997,6.748316893849195,0.19452361518607575,0.24369995146809026,0.3119007963645188,0.3892518364915841,0.5163469810946152,0.6627983609450486,0.7448352121065055,0.8384725684410227,0.9396993779091571
6571,1,9618,single_city,Asia,9618,121362.3442,4362440.0,29672720,1.0,0.5665477053429351,0.455457194753776,29.61290063461268,0.0,0.027819831149540168,14.912648934563649,78.00436247600729,233.11,28.441000000000003,6.403364738913713,0.21464249365034246,0.26200589578309386,0.3202916257874034,0.3864259451132852,0.5372564436416317,0.7085626392569296,0.7846322241681261,0.8688307460962214,0.9476655266318849
6581,1,9132,single_city,Asia,9132,536030.3729,9377138.0,81675654,1.0,0.5174122229568758,0.43156631641678345,60.028258666405826,0.0,0.05716353677422684,14.458014989710199,75.91821026917783,589.74,25.298000000000002,6.763203383074149,0.3821290675257205,0.4241210911047699,0.47785049126929774,0.5356217430094342,0.6483595527761242,0.7712445950992723,0.8332689569034817,0.9096904620578262,0.980612101474885
6582,1,9258,single_city,Asia,9258,242958.6623,3759443.0,27035107,1.0,0.5042846650893317,0.41747084700767045,33.69667358187615,0.0,0.06462623912638123,14.225768926146152,76.40014820468366,740.73,24.738,6.795114437056626,0.2798015557091835,0.3244802488028147,0.38325916897795764,0.4512112565611448,0.5437808207226443,0.6475291685497027,0.7438636521420859,0.8632701706077204,0.9716516515877485
6584,1,9064,single_city,Asia,9064,408198.1745,9220912.0,66610153,1.0,0.5957918083863064,0.4532614021805334,53.83154175789465,0.0,0.04426874201814311,13.936703106585469,75.56639789010865,586.14,23.762,7.533385641009926,0.30328030459459976,0.34566168726043583,0.40173434037761124,0.46739650047630865,0.5269698919152466,0.5906307315371842,0.7010624328699807,0.8395254178762361,0.9670867697251638
6585,1,8728,single_city,Asia,8728,787337.4177,12629545.0,102028954,1.0,0.814347941376842,0.3742146283580439,44.20999704241657,0.0,0.06234091708767022,15.85722002831064,74.50988940749694,761.15,24.0825,7.8735030002673945,0.13050177183738607,0.18436143186472673,0.25864257184245354,0.3421237265475518,0.45866640484673044,0.586618520302988,0.711473691253327,0.854315495926417,0.9794522288807712
6590,1,8559,single_city,Asia,8559,227462.8618,5096254.0,34277052,1.0,0.6607742731995478,0.4056766981684496,30.24207245865749,0.0,0.04463334476656776,17.2825862211422,74.18413120316352,581.08,24.5265,7.838013805438657,0.10082562603826262,0.151440646404202,0.22591986192210986,0.3175108618997405,0.4346090285138849,0.5639764030599731,0.6970771080091377,0.8493379647089804,0.9851577256549615
6592,1,8466,single_city,Asia,8466,349653.9224,8296940.0,70202010,1.0,0.9120060061490203,0.4512382309733562,20.17459132260263,0.0,0.04214251548161129,17.68534300507366,74.00881862174016,692.36,24.5265,7.838013805438657,0.047543672727535694,0.09632599488486117,0.17452819955308824,0.265866090389951,0.3910082512347926,0.5209779750124744,0.6764198608161563,0.8433791253160804,0.986379556800459
6604,1,8952,single_city,Asia,8952,238424.876,4168011.0,28527534,1.0,0.7172069254010442,0.4184204400189094,20.26145833894092,0.0,0.05720351409821135,18.19260543910974,76.04118678892422,665.39,28.136,6.639027761896874,0.20172211637637233,0.2570425078052817,0.3302287350009393,0.4149984249081876,0.5248477031370599,0.6507965070149767,0.7437936224256606,0.8532364717847434,0.9570672918089708
6610,1,9496,single_city,Asia,9496,241959.1422,5826924.0,45963937,1.0,0.7602230063735164,0.5198846951774422,22.90361241858261,0.0,0.041524334657531144,16.74727265669986,78.00302934428309,501.73,27.989,6.637104677455587,0.2317668807762037,0.2697637724466631,0.3216963186751706,0.37643223079621424,0.5091878665312951,0.6581355789092153,0.7485364490767341,0.8574970258750586,0.9637917021056049
6612,1,9666,single_city,Asia,9666,345071.2982,10782003.0,86533977,1.0,0.7020433321815902,0.479397803704302,40.29247734559776,0.0,0.03200437786930685,18.440900880805504,79.12683973311056,274.85,27.0785,6.806840422277896,0.23554018673524763,0.27509675150340807,0.3247816755383949,0.3802018975509467,0.4921917569490567,0.619968571702308,0.7227504945045925,0.8515964983500747,0.9718093196598072
6615,1,9388,single_city,Asia,9388,431411.517,9052414.0,66556414,1.0,0.9405444035673609,0.4193050598671315,22.89747043520308,0.0,0.047657068821642494,18.67602876007222,78.09870809697522,385.6,27.2775,6.8058969568124805,0.2516820375205995,0.2828142857805664,0.3248741164511477,0.3731768122845464,0.47548322469564475,0.603495266566465,0.7026627372543942,0.8300459965706385,0.9575688871498806
6616,1,9310,single_city,Asia,9310,303808.9242,5030869.0,29836837,1.0,0.7511201843022042,0.34813055909652313,20.95664947463565,0.0,0.06038895550649401,17.909295762543817,77.51439458072139,654.11,26.2545,6.864934934924149,0.21028573791128333,0.262543111339214,0.3338697549071542,0.4148714665398761,0.5235672008156046,0.6469554265873351,0.7394181800400687,0.8518375254851597,0.9647235895031256
6617,1,9044,single_city,Asia,9044,501164.8429,9565623.0,70772026,1.0,0.5898650651604825,0.541464302415675,66.24917763249164,0.0,0.052392284632166664,18.401210225035708,76.56771400011725,624.45,25.9985,6.7818473253922065,0.4524173699925243,0.4930833046629582,0.5422303387871339,0.5987954992581246,0.6666243275529466,0.7415573455069262,0.8073083164577989,0.8902985200232123,0.9677590262547457
6618,1,9180,single_city,Asia,9180,204690.1347,3282343.0,20672650,1.0,0.502082273383225,0.2813952384494634,16.32535922301371,0.0,0.062360982596882775,18.39084066057093,77.11659590864036,633.3,26.180500000000002,6.735361874577588,0.24407321233643162,0.28933447845030213,0.34877189861023056,0.4166776598301884,0.5212803780713959,0.6352590207665683,0.7183493620258455,0.8247245945959943,0.934002326996295
6625,1,9284,single_city,Asia,9284,353706.906,7497766.0,52339696,1.0,0.796944961015154,0.665398589781977,39.21014450747651,0.0,0.0471749726518539,20.38871869676878,78.12215999151918,443.18,27.436999999999998,6.928232188702741,0.1645906260611494,0.20979582451626258,0.2699794845557997,0.33652850729137185,0.49520017029072394,0.6715064193787856,0.7613901260722193,0.870300433489122,0.9740480030985229
6627,1,9370,single_city,Asia,9370,287670.0675,7359012.0,54627426,1.0,0.6645984445755241,0.5316465195328869,38.264989388344084,0.0,0.03909085451960127,20.743730554889467,78.6031158773837,278.15,27.582,7.054852858356666,0.26484424811374135,0.3079806093535382,0.36743668851199046,0.43608299592390937,0.5573052469543466,0.6965106185449894,0.7803702453535882,0.8790423225291656,0.9732214052647284
6628,1,9340,single_city,Asia,9340,287268.4903,5244756.0,33516140,1.0,0.9156821761396161,0.5275226437091693,19.376347490485525,0.0,0.05477251759662413,22.058744904694393,78.93910936941482,679.07,25.44,6.962172439016701,0.11870485490650089,0.16075180618507323,0.2200598083113876,0.2850817082815673,0.44376173076497744,0.6285224708260976,0.7292575669869104,0.8480386885490955,0.9615009735438598
6631,1,8780,single_city,Asia,8780,327744.5773,4344340.0,30472864,1.0,0.9203228224109794,0.48411634815496013,17.020255433038965,0.0,0.07544174196770971,21.315314267401636,76.22504907459502,248.68,26.444,6.898085678720449,0.37771951550753396,0.41713424824023904,0.4681311775781822,0.5260253571313479,0.6322902903548064,0.7526664579659972,0.8218185040765686,0.9036109052238085,0.9795927574729418
6648,1,8355,single_city,Asia,8355,592587.4376,9563247.0,70383935,1.0,0.5477014080825754,0.46094078005945766,62.50624078123196,0.0,0.06196508754819362,20.55624511214186,74.5321305454494,429.92,24.908,6.624370626048219,0.2518855781932643,0.28528396265410694,0.3311196500519123,0.38277585008522735,0.4910293543605012,0.6228916810367859,0.7188267750482655,0.8402178674251538,0.9585242334533449
6656,1,7338,single_city,Asia,7338,282038.2867,5341025.0,47869259,1.0,0.5082108128486943,0.34187890293336387,37.19588479645929,0.0,0.052806022570574,20.60719839141766,72.930091651982,11.83,26.7135,7.272268175758872,0.21691248402694238,0.27433554420733847,0.3553952658899743,0.44509134482613355,0.5743326421426599,0.7153396585861328,0.8021993905664175,0.8984333531485061,0.9839298636497676
6671,1,3200,single_city,Asia,3200,178829.6647,18055462.0,165629824,1.0,0.806386758860704,0.5139358010756997,43.62276705337352,0.0,0.009904463519127896,24.146598429307097,47.32058305424938,439.99,27.255499999999998,3.7881816551877985,0.5035241967222993,0.5382050594994467,0.5818471994790274,0.629369882642715,0.6839321530515253,0.7498954056118863,0.778958577742292,0.8099510275616321,0.8613929125712763
6678,1,6615,single_city,Asia,6615,125054.8952,7606601.0,69949080,1.0,0.5049827965043647,0.3586358546745598,35.047431692548365,0.0,0.0164403121972613,28.506262538620504,53.568462629805026,1054.27,24.206,5.334516692982848,0.4123159608345436,0.43867122779280787,0.46548386066260083,0.4922053884514253,0.5580634504162898,0.6282248799430915,0.720155428160357,0.8162289569283311,0.9128694932204279
6694,1,1127,single_city,Asia,1127,964530.7795,29907865.0,202713252,1.0,0.6464494623189061,0.2273581127753771,60.64844329255658,0.0,0.03225007132739164,30.17789157187829,66.99357190413389,1697.94,17.505000000000003,5.176889571819618,0.3996149507830131,0.46577423697746395,0.551692940970544,0.6484581898440427,0.6871361429510264,0.727363721883859,0.80701447595808,0.8899784053458848,0.9654981055986444
6747,1,2524,single_city,Asia,2524,87736.40871,7038933.0,47113046,1.0,0.768013481061577,0.39726434904845165,15.870506408942322,0.0,0.012464447198176201,38.60973983737501,66.25995338048617,533.1,14.2865,5.86172879904492,0.6286694304378234,0.6705443850651797,0.7190390929988962,0.7743339793119213,0.8063706530521032,0.8392395551996304,0.8858014417810199,0.9397273706114265,0.9937899678829163
6752,1,1987,single_city,Asia,1987,95309.93891,7643141.0,51493727,1.0,0.6532963082164792,0.2227304622741352,10.439134153136916,0.0,0.01246999615864734,39.03917736573761,65.57968733620997,343.99,17.0225,5.3848482114339395,0.3825098869692447,0.43387437180604155,0.5000155040970722,0.5712600356319476,0.6748636457184292,0.7821623335223045,0.854973105952121,0.9320105438326991,0.9963897041805195
6758,1,1539,single_city,Asia,1539,72802.02367,8151769.0,47988404,1.0,0.5800543795784548,0.2427375963740311,17.769294653572555,0.0,0.008930825158318396,40.133275374174275,64.51242461034289,243.21,16.610500000000002,5.039462437154727,0.3042243959562642,0.37734815596467464,0.4723058271155623,0.5809967137194393,0.6792942734270316,0.789365841941792,0.8412516350745464,0.895535926005754,0.9504496508671921
6769,1,6795,single_city,Asia,6795,100856.5423,4444698.0,32402899,1.0,0.673975830936261,0.5123837903759203,17.183018312926897,0.0,0.022691427471562747,37.10231010871127,58.511458330627974,1319.72,11.695,5.708982265614199,0.4328062334043843,0.46179762944524017,0.49091816811850886,0.5201581749761176,0.6209497248181991,0.7278937736602127,0.7977790617045297,0.8732577556450405,0.9429230062424938
6781,1,5823,single_city,Asia,5823,212313.0663,2510128.0,14000740,1.0,0.5660902228957331,0.33061057874461086,19.556504520684886,0.0,0.08458256563011926,36.59761822214031,53.22730361081339,58.55,13.153,6.993200597007981,0.5934669467055067,0.6297280457410936,0.6663082520094593,0.7031529866206027,0.7737191091450316,0.8454118674426164,0.8874754594188026,0.9314206287488128,0.9720679582873861
6798,1,6123,single_city,Asia,6123,105248.5557,7366956.0,57473905,1.0,0.8107696725465406,0.6307410244062426,23.718435732875477,0.0,0.014286573138213394,36.41450909360291,54.97321328434942,1345.7,15.5335,5.1194926885404906,0.3501738031284563,0.36767940517087383,0.3852783972104625,0.4030702776017666,0.5104252013993297,0.6222999024291715,0.7451973379507085,0.8758860511722888,0.9839975968364681
6818,1,6069,single_city,Asia,6069,78603.84935,4326299.0,33084380,1.0,0.7912064996287647,0.567564742138568,16.03045531799955,0.0,0.01816884347337066,29.618700002591723,51.65370693088667,857.95,23.8825,5.683191937040192,0.4440049104326816,0.4584174602818714,0.4728549737315891,0.4875890455097995,0.5832430906879067,0.6921953383249748,0.7488053876997406,0.8096414510416409,0.8808764720145326
6821,1,5490,single_city,Asia,5490,103597.8786,6134582.0,48995959,1.0,0.708244707995335,0.6234659395203862,27.243938091398096,0.0,0.016887520388512208,30.592957514773424,50.238847647862606,326.29,26.360500000000002,5.738369069414059,0.46166438071901233,0.4763129745433348,0.4909720010263128,0.5057342130238051,0.6475906589886646,0.7953410680629911,0.860058761949877,0.9276958071470884,0.9868784865863721
6843,1,2842,single_city,Asia,2842,336148.8012,25674838.0,234725356,1.0,0.9465210017715134,0.24564691630430752,27.633776461772804,0.0,0.013092538352140722,28.420140156991227,45.96814595780776,330.92,25.484,4.510001996102721,0.28284532895592174,0.31264454326839375,0.350477771271624,0.3915374266431593,0.47618874946747475,0.5871563824472816,0.6515794179499789,0.7362447622843813,0.8458664471417502
6845,1,5172,single_city,Asia,5172,172567.0145,4089874.0,23418473,1.0,0.5100083911260969,0.28563151430730144,18.524878829909678,0.0,0.04219372393868368,31.00646192479577,47.43048215394238,2.64,27.249000000000002,4.9066146211888615,0.46432872993153335,0.47513957642704885,0.4861264674657459,0.49727424365640605,0.5363079644996398,0.5761495341910289,0.6661085402630986,0.756689081375123,0.8583499149362548
6850,1,4312,single_city,Asia,4312,96155.38623,3880830.0,34826742,1.0,0.7789342066027403,0.5056141380014587,14.399342753313457,0.0,0.024777015800743655,33.49656126359976,49.05767497942355,1470.23,13.9505,6.867366523933441,0.4022423038370658,0.4203634274111466,0.43866956295431647,0.4571411270269504,0.5600917844894004,0.6776272086125906,0.7711458631272177,0.8716323569957973,0.9647480049370882
6852,1,3309,single_city,Asia,3309,115740.6525,2722619.0,20268918,1.0,0.5329118671219355,0.33945251083228295,11.787879597058495,0.0,0.04251077822493709,33.53192587372018,47.607023237828216,1194.42,18.063,6.174333870517074,0.2585110145782425,0.26906519053896266,0.2800017189331302,0.2909301668724122,0.36699001953633614,0.4504019842658852,0.5981799142663736,0.7638997597533845,0.9273614853932922
6871,1,2060,single_city,Asia,2060,163996.0493,5012440.0,38380991,1.0,0.7125284350041987,0.5026468557690893,22.12230433459135,0.0,0.03271780795381092,36.52011122225354,46.20868206631691,1362.89,12.5135,6.065544126001476,0.307602485017277,0.32495511168213487,0.3424515804677961,0.35992510633543745,0.4268112935017676,0.4997340616546033,0.6370524135949757,0.7912052812602246,0.9360951951544557
6904,1,2142,single_city,Asia,2142,124484.7691,6031312.0,39697901,1.0,0.5130416315206677,0.22151424556993776,18.58829837735686,0.0,0.020639749543714538,38.74865649385273,48.84167634550266,-16.37,12.314499999999999,6.819073780843542,0.4743589786102924,0.4808272229989097,0.4873765442742806,0.493903482360057,0.5738137904323305,0.6575950638932292,0.7291131680801789,0.8035545168281794,0.887810313908483
6910,1,752,single_city,Asia,752,133088.7771,4866217.0,41927821,1.0,0.7114006928685593,0.493406030374684,18.209934636367286,0.0,0.02734953601534827,40.765918959158874,47.019520052332666,34.1,11.2555,6.664053727649594,0.35981358825551757,0.39559970301365516,0.43215006646847026,0.4702242008525308,0.571214353983803,0.6745510937962692,0.761654895373552,0.852937096722156,0.9397953276641794
6919,1,1116,single_city,Asia,1116,54499.817,4411298.0,27212844,1.0,0.6901687856771491,0.41083285978894646,13.137777572890057,0.0,0.012354598805158936,40.04716837893057,47.45453552392984,17.69,13.951,6.590106661172885,0.380440178831718,0.3903417996245096,0.40026110228780737,0.4101733775410321,0.5258175711547939,0.6444033026107056,0.7340474390984241,0.8263016917016262,0.9184237836573271
6920,1,1000,single_city,Asia,1000,53302.61357,4703151.0,31612649,1.0,0.8599073546910599,0.7405755424048435,17.62906271346582,0.0,0.01133338342102986,40.378198390228995,47.12450417079018,76.39,11.2555,6.664053727649594,0.4508921784565284,0.48252628928988245,0.514354312672504,0.5467477017004132,0.6523033174992681,0.7671261245917896,0.8291940871130865,0.8943499794074228,0.9565533830404339
6962,1,5860,single_city,Asia,5860,84068.60116,1851274.0,16301531,1.0,0.5152184169147851,0.2687445250718305,11.868613695961363,0.0,0.04541121474184805,41.03113231918665,37.495723811589954,20.62,9.348500000000001,7.262940263482379,0.5261230914494559,0.5344924630281633,0.5428591337640998,0.5515844764200221,0.6435254856925555,0.7430763895565973,0.7994532413894432,0.8599969534493543,0.9231021447932612
6963,1,6120,single_city,Asia,6120,132871.2857,2220405.0,23073561,1.0,0.7396916499858186,0.4623255914606633,15.67599032681329,0.0,0.05984101355383365,40.912507504419686,38.383340079241655,50.07,9.6415,7.531165650688051,0.4481281568002234,0.47391264206304706,0.49989979305577137,0.525999085752374,0.6255165161310662,0.7298524368302179,0.8009966650228224,0.8746872755195562,0.9479293192007764
7063,1,2204,single_city,Europe,2204,210863.895,8002850.0,77947882,1.0,0.5754699961393076,0.5457824536389628,57.15515390698145,0.0,0.026348600186183672,49.801075368073555,30.119612252526032,166.24,8.8195,6.482560565911597,0.6351261113228412,0.6945190775786126,0.7543772531035818,0.8146992633874183,0.8635237446659627,0.9146259145179529,0.9347707379246144,0.95554633661758,0.9769071018449678
7113,1,4718,single_city,Europe,4718,59088.1714,6321462.0,47433936,1.0,0.7285274628450055,0.5340644908837112,27.45627604114982,0.0,0.009347231921982604,46.695500891296334,38.2787202008598,11.19,11.9725,6.297979107305062,0.6934202879017544,0.7064204451438607,0.7194740710297712,0.7326153348703196,0.7997093077519093,0.8735297309388239,0.9052761845281994,0.9387212958015092,0.9717196749739222
7133,1,4858,single_city,Europe,4858,60350.24528,5079091.0,36433417,1.0,0.510752874031228,0.46425770846208725,31.101533728585927,0.0,0.011882095689957121,44.927590405764995,37.98978382706532,30.45,12.638,6.438071598547322,0.3571095694091718,0.37200908587776826,0.386930850421857,0.4018817540382718,0.6142807837071633,0.838275982848112,0.8798359785245037,0.9224217483010247,0.9641939866799
7136,1,5536,single_city,Europe,5536,50161.73682,6711216.0,50099457,1.0,0.5325789879919579,0.45044109441205904,30.772290816576607,0.0,0.0074743141660170076,44.88764586753898,40.59248417325859,167.53,11.5775,6.695526321193152,0.6129735654462619,0.6423895460971604,0.6718283244049961,0.7012782780348599,0.7841434398773635,0.8708620017594427,0.9095342781397588,0.9488487630259553,0.9835600582666391
7143,1,5606,single_city,Europe,5606,58705.31712,6467687.0,46923682,1.0,0.635081145237575,0.5578486320220308,28.44110832890692,0.0,0.009076709667613786,46.47479810420407,41.536696463008845,37.57,11.349499999999999,6.307927206448916,0.6492085965198996,0.6957405328983917,0.7424887753535383,0.7893798818650315,0.8553343722415757,0.9237695021419559,0.9451371100673239,0.966996702221366,0.9871890832070259
7230,1,3134,single_city,Europe,3134,128122.8949,6029887.0,52949723,1.0,0.7254719435403163,0.6259495238156625,37.31063728576842,0.0,0.02124797610635158,54.92249628411981,37.418045925880605,152.4,5.984,6.556970809228671,0.6291500985010167,0.6729446173701099,0.7174414711254125,0.7625693483144875,0.8252164592802486,0.889437729098406,0.9186659716840465,0.9498262571089641,0.9803394325631641
7294,1,6259,single_city,Europe,6259,59115.08774,4110515.0,30370121,1.0,0.7368627277197493,0.42888149124881825,15.120627420011841,0.0,0.014381430973977713,55.36374596712275,50.640760119841055,91.53,5.0055,6.452829406902747,0.4588388559584383,0.4997894424421271,0.5412046908963962,0.5829544473137794,0.6755202207022721,0.7712213676388482,0.8295697741037316,0.8896654068894043,0.9487903583857498
7309,1,6823,single_city,Europe,6823,74750.34804,4003137.0,26635928,1.0,0.7879120971818987,0.6003006557102447,19.083254505109785,0.0,0.018672942754644668,54.10814995047286,54.11313581832179,318.72,4.101,6.413274513929241,0.44336229312161934,0.47763866187942106,0.5124006497904019,0.5475475858058317,0.6820638414323567,0.8270698704540964,0.8658114873410527,0.9052715407941322,0.9476013436462455
7327,1,6242,single_city,Europe,6242,99554.68476,6409449.0,56283898,1.0,0.7206436362834767,0.6331370528021982,31.437212972581808,0.0,0.01553248723252186,54.22073186212853,49.602820370858055,78.9,5.9975000000000005,6.427323868922138,0.5923866466524658,0.6209045426525743,0.649509497618282,0.6783759415200901,0.7622141934509503,0.8483922720970243,0.8872619159618869,0.9272446040213441,0.9659204714789056
7335,1,141,single_city,Asia,141,178671.6468,13464249.0,136938289,1.0,0.5495228981913692,0.4267668277887493,58.53088108582111,0.0,0.013270078917880974,51.23210817481708,51.406758854093496,35.97,7.1215,5.992852333686566,0.5735697549859632,0.6167135649377845,0.6609060780144514,0.7060781481388231,0.7660410914860531,0.8310993060214499,0.8761566278223167,0.9242869765703233,0.9696229622610217
7355,1,1538,single_city,Asia,1538,224092.4949,22817421.0,166872297,1.0,0.9033915356504564,0.35622663109206987,30.74534363433392,0.0,0.009821114090851898,44.834515015349965,65.51526577648816,128.42,11.21,4.952910837731519,0.47268133414376673,0.513704462918925,0.5667598892968666,0.6254343556180166,0.7341169275879162,0.8473862580700948,0.894381797136495,0.9452946500833727,0.9886124290733821
7357,1,1634,single_city,Asia,1634,1017681.122,35690904.0,374183402,1.0,0.9073367205207589,0.3613123318552957,67.39541471288916,0.0,0.02851373901877072,51.158071426850995,71.43737321752609,353.69,3.85,5.967354983261653,0.3589498601660524,0.3887330788819471,0.4194034143825553,0.4505451585087338,0.4987447502030209,0.5513698111989542,0.6486892010356476,0.7598421715516088,0.8791957188868066
7360,1,1336,single_city,Asia,1336,134730.3691,9340593.0,86313787,1.0,0.8417873429136407,0.6877752213439243,32.84179084411672,0.0,0.014424177255127166,53.28169921624106,69.395803282358,240.97,2.7485,6.133496736607836,0.6331806770726441,0.662710279743481,0.6929857665353795,0.7235049209402443,0.7787506639032447,0.8370484614841905,0.8769685179516975,0.9187523747153955,0.9601357215757073
7363,1,2909,single_city,Asia,2909,137270.8001,11268959.0,91692605,1.0,0.8894469187286028,0.625279306775125,30.4895176896726,0.0,0.012181320395255674,45.01286465812417,78.37106508712519,595.76,7.4655000000000005,6.286521235114365,0.30485628708028845,0.31976644870213833,0.33475470094442616,0.34979238099987764,0.5005702833775507,0.6565832744621752,0.7475016991365396,0.8411392747102905,0.9302600178064363
7380,1,7388,single_city,Europe,7388,73985.09635,5354010.0,53450461,1.0,0.5867156053678843,0.48798443903149785,26.61461959860906,0.0,0.01381863245492631,54.75308797862385,83.0885641600148,136.73,1.906,6.286917597148816,0.47851516900416696,0.5198641765704584,0.5624393678756671,0.6073343157745316,0.682008251758962,0.760284907947501,0.8282634884880679,0.9005508021090733,0.9669938980315689
7468,1,7314,single_city,Europe,7314,62141.7254,4499464.0,35414758,1.0,0.6172506192266907,0.5787537390583622,27.787223929286622,0.0,0.013810917344821518,56.115076743219824,69.49641604983023,84.17,1.919,6.26416368386772,0.44989692105548573,0.47642808121145097,0.503065253994698,0.5298042166800312,0.6495109195228588,0.7723724425842723,0.8291656517309617,0.8875043782992819,0.9453641589309304
7470,1,1120,single_city,Asia,1120,139573.7991,12605484.0,131448223,1.0,0.6423041995092511,0.6115100087461177,62.07935615045486,0.0,0.011072466483635218,54.87242677518343,69.15213202580145,134.29,2.6574999999999998,6.216204822978783,0.5921080063248663,0.6219517632167079,0.6520690518507659,0.6823380204996492,0.7575812241719556,0.834430157540956,0.8686215459874448,0.9037134948566831,0.9431339566176118
7488,1,7083,single_city,Europe,7083,69166.41039,3250437.0,28139195,1.0,0.5662898265733999,0.44576805261523034,23.904612153952087,0.0,0.0212791112056625,55.17217097563102,59.65769683531628,468.7,1.084,6.500626537803556,0.6032164290524628,0.6316239939429683,0.6610480375407983,0.6910015484071834,0.749163266354647,0.8094976152437349,0.8607827193697339,0.9131390640704619,0.962534268469132
7493,1,1004,single_city,Asia,1004,174906.1838,14038093.0,146176003,1.0,0.8010160043456487,0.5663051015080371,34.55435922208225,0.0,0.012459397711640747,53.213577006073336,63.62838702281919,157.47,3.949,6.035352237576578,0.6951244731032912,0.7135667216337718,0.7322562972050406,0.7509586237959814,0.8106325410438583,0.872147092913546,0.9050905276094124,0.9392652549032123,0.9723542934214783
7668,1,1598,single_city,Europe,1598,65915.80842,4260591.0,33054532,1.0,0.5401929425662553,0.356679921310533,25.599786116322424,0.0,0.01547104812923841,59.193094856041476,17.62343954400256,37.87,7.2509999999999994,6.491435723931,0.6504484941173654,0.6781925324444426,0.7066421066936488,0.7352029331142088,0.7880317542800988,0.8430588620217242,0.8850781499561915,0.9287711493546318,0.9717236411568254
7679,1,554,single_city,Europe,554,137769.1075,7554772.0,49893665,1.0,0.783986841045728,0.38996377518938147,31.765559107834903,0.0,0.018236037765269424,63.418026096505436,10.416962544260462,64.48,5.536,7.060832954774981,0.42348584444375026,0.46930006623628084,0.5158986929056231,0.5632270570177366,0.6584390634158119,0.7596505890581476,0.8294385323607384,0.9008506146843346,0.9657259014567217
7680,1,1958,single_city,Europe,1958,65773.02499,4769739.0,26093163,1.0,0.8230322591762506,0.3067409886928242,11.970395627305907,0.0,0.01378964865582792,63.82793744561029,20.288692755710343,28.33,4.8325,6.581698908400127,0.6680042660615183,0.6940004474039355,0.7203251582528939,0.7473297805183889,0.7974532778418274,0.851732348457641,0.8892520114832279,0.9294783215601524,0.9687446210369163
7724,1,725,single_city,Europe,725,103131.1604,3958091.0,32858535,1.0,0.9009274117032257,0.4532855395097616,14.297236550212219,0.0,0.026055783052991957,59.716995338004175,30.414451970255396,43.09,5.4625,6.653724593584144,0.5099897905328604,0.5382584685395055,0.5666001615425214,0.5949433704278149,0.6532750257636826,0.7167856929009464,0.7948321551980487,0.8789800436624625,0.9565477398068918
7725,1,852,single_city,Europe,852,157407.3744,4531303.0,54847127,1.0,0.6106139850836756,0.5609937867232782,35.76207835250427,0.0,0.03473777286577393,59.75082541454773,30.582222374656308,14.85,5.4625,6.653724593584144,0.8086651896816435,0.8120386122931968,0.815419096891115,0.8187971539312202,0.8571203470613199,0.896799882947576,0.9226893456473778,0.9501704035241078,0.9775486212244028
7762,1,1310,single_city,Europe,1310,382778.6024,12846151.0,123877653,1.0,0.7821233564975916,0.7116080306226131,71.49209660998527,0.0,0.029797143315534746,55.18736342131527,30.208542297990707,162.58,6.5755,6.646333370357871,0.6797483541957432,0.7137564395747801,0.7482114292444484,0.782840790210235,0.8329225617852383,0.8858293040460135,0.9162388018014112,0.9492150606045344,0.9799690973584227
7763,1,1204,single_city,Europe,1204,67488.54096,4559863.0,42219644,1.0,0.5234682855298798,0.523021158895545,40.05163398774985,0.0,0.014800563297625389,56.34307271451111,30.537525686614348,104.42,6.273,6.615133023897868,0.722168845862255,0.7431714505457729,0.7643367794163991,0.7856972895896215,0.8339254929369588,0.8834201817028274,0.9104113434986972,0.9379981372247368,0.9671145821705608
7773,1,1414,single_city,Europe,1414,295705.8909,10136657.0,114258513,1.0,0.6133852889570499,0.5698865215139791,71.04392841756501,0.0,0.029171934188954012,54.78152244169365,32.05230096622216,228.08,6.358,6.6339708519879474,0.5370585193915509,0.5806291956016663,0.6251654761525423,0.6701542727548145,0.7424717044287875,0.8176778596730658,0.8616533044375478,0.9085766638843555,0.956296538395252
7774,1,1413,single_city,Europe,1413,76948.33648,6563243.0,54455825,1.0,0.6089386026278902,0.5819642239170785,44.25527052020103,0.0,0.011724133401734478,54.51104547488003,30.408696177348194,178.23,6.6825,6.6112813377341615,0.6589728583872333,0.6909450099592533,0.7229968477473713,0.7553301012929127,0.8208679763952058,0.8884834829367129,0.9163043330865549,0.9448902013836757,0.9740247313713662
7784,1,438,single_city,Europe,438,187763.7909,11623502.0,108566750,1.0,0.790741007291738,0.7181352756591116,47.0934300647038,0.0,0.016153805531241787,53.1304199585091,26.017734805841037,193.12,8.0325,6.549043261617479,0.6143756847118881,0.6394556477041085,0.6646483994238569,0.6900923663109448,0.7631352409970764,0.8399764546003433,0.8820549090971035,0.9255218435889632,0.967241456146349
7795,1,3559,single_city,Europe,3559,145136.9037,6604735.0,59984197,1.0,0.5654854881309614,0.4806792633330346,40.43587438619861,0.0,0.021974674790131623,53.76653505391763,20.497804799482495,128.78,8.111,6.589376857527759,0.5875171373264787,0.6312733213368894,0.6754099899541768,0.7204167918924832,0.7691914967065295,0.8204786414594983,0.8647573294008011,0.9116132592753532,0.9589913902677397
7800,1,433,single_city,Europe,433,77713.78375,5767287.0,56691088,1.0,0.5060437426155233,0.4716937771185785,39.73283373852454,0.0,0.01347492915646473,55.73234388336135,24.355404454203214,55.03,7.518000000000001,6.54105669436028,0.7185810243187135,0.7458075174687856,0.7731607599899225,0.8007453071088712,0.859078280654318,0.9217073816510258,0.9420027128873594,0.9630240353913374,0.9831423336483861
7805,1,282,single_city,Europe,282,78126.44427,4640042.0,30378758,1.0,0.6328349974776112,0.6024562317609102,32.19858454909256,0.0,0.01683744333995253,58.37035210300128,26.72288311694032,51.13,6.303,6.617185039789174,0.7352823530476664,0.7622004283581916,0.7892139769424501,0.8164572648264822,0.8584172298440402,0.9005325813861168,0.9232293586997704,0.946592940322523,0.9707545750663464
7813,1,2696,single_city,Europe,2696,107899.5331,4202737.0,27668900,1.0,0.7080952969593864,0.6487705147881105,27.515919461740243,0.0,0.025673634372077054,54.16680900607736,19.409938864597315,18.88,8.4875,6.585153895734211,0.7284933603982358,0.7567930136955988,0.7852456625289662,0.8137770695620496,0.85598670580624,0.8988185556222053,0.9278865177621155,0.9580915960242099,0.9855810630072736
7814,1,2429,single_city,Europe,2429,55670.0882,2500912.0,19791151,1.0,0.6648677057432355,0.5964447114907271,17.95825448856467,0.0,0.022259914863057957,54.09081212235241,18.784323227955422,21.93,8.5535,6.536467659475559,0.6293764034880076,0.6541981485154216,0.6790966655364123,0.7042370943079964,0.7597520424549125,0.818808498659689,0.8661096432021599,0.9178387724158227,0.9660048014484316
7815,1,1786,single_city,Europe,1786,51590.37738,2065013.0,19414206,1.0,0.6449188003887639,0.5443822610832666,13.259420609858337,0.0,0.02498307631961639,54.605387526981325,18.239241845770277,33.52,7.8295,6.6574730321043925,0.6553982953133951,0.6883859811052037,0.7217223329828917,0.7552761169058015,0.803191553757773,0.8531161789296242,0.8867096720456481,0.921451341952811,0.9572075333181922
7825,1,1193,single_city,Europe,1193,61535.46447,3804165.0,24104706,1.0,0.5645921793678261,0.5512827128937735,32.27258972757115,0.0,0.016175813738363083,53.15114000259409,16.747149247371933,68.97,9.4675,6.563180404471299,0.725583669478059,0.748594238157388,0.7717288813708133,0.7950604140461836,0.8281567702767887,0.8630395895025584,0.8893638945734478,0.9165472580710878,0.9493849504424755
7834,1,417,single_city,Europe,417,93949.35336,4946639.0,43085648,1.0,0.5109489177167611,0.4878330495568807,42.98504555891829,0.0,0.01899256310395806,52.742854973402736,15.238766022205965,48.12,9.724,6.554426871994053,0.6657388986744333,0.700483095693864,0.7358339672654504,0.7717347071415561,0.8176628615914766,0.8647794997775257,0.8967361475134935,0.9303058096618735,0.9648702886950109
7843,1,833,single_city,Europe,833,86589.09866,6500570.0,53547456,1.0,0.6423272395403472,0.6307444566432219,42.379877801199484,0.0,0.013320231711988335,50.76533743763437,15.056676019106566,397.56,9.1425,6.670729564783813,0.5054455224695681,0.5535126919639355,0.6023025673133279,0.652174655453291,0.7003538151269811,0.7499346980341723,0.8062054558292581,0.8665913912164626,0.9295586387039906
7847,1,256,single_city,Europe,256,59293.32034,3599785.0,23042277,1.0,0.6572296878951122,0.5402177297569761,21.743330707872225,0.0,0.016471350466763988,50.67210955254126,14.031918288834184,222.32,9.346,6.454190193470849,0.7181578899850963,0.7478471630944626,0.7779567390830285,0.8087833023361117,0.8492909993235707,0.890432900853801,0.9226567697793062,0.9559301458281536,0.9866317016155132
7874,1,960,single_city,Europe,960,76524.21947,3911524.0,32166243,1.0,0.6658767194566564,0.6161992955529599,26.791845122304572,0.0,0.019563786255689598,51.20585996248105,16.174184818327756,122.44,8.866,6.653147505015341,0.7258309037602735,0.7529170216007878,0.7803927574009516,0.8080673926582069,0.8405447595361808,0.8740342638828242,0.9066292319822146,0.941678742096431,0.9748612049932456
7877,1,1502,single_city,Europe,1502,50287.94614,2504980.0,15472711,1.0,0.563051141500243,0.5134088718796753,18.18891094499407,0.0,0.020075188680149143,50.843435033996364,16.48980139084061,233.75,7.512499999999999,6.78877803053743,0.7005381280489266,0.7263251602807208,0.7523900390422279,0.7791187953596436,0.815192137262573,0.8534690895735695,0.8909276720772221,0.9306908637993118,0.970320721123522
7879,1,2500,single_city,Europe,2500,91911.48278,5562561.0,41821030,1.0,0.795505165043931,0.6207134642733891,27.852483956906102,0.0,0.016523231436023803,50.66818261360963,17.940471884863552,164.15,8.8495,6.7649916861583215,0.7305820106961524,0.7546933867331972,0.7789397725256406,0.8032332589251605,0.8484987400587607,0.8964243268523258,0.9207803743635351,0.9458387961947743,0.9719596782848763
7930,1,2119,single_city,Europe,2119,61958.74702,5102843.0,43396583,1.0,0.6067442228531906,0.48151353428532667,24.226443425261586,0.0,0.012142005352702406,51.64908725194994,17.814230765958257,138.1,9.511,6.580111258730538,0.6907261305119519,0.7194679514929226,0.7485023544718111,0.7775945683612057,0.827261979253526,0.8792057682354719,0.9087775187282854,0.9396702975184618,0.9707451316844355
7931,1,2355,single_city,Europe,2355,81965.08191,5303695.0,49424870,1.0,0.5137703836913661,0.41699052682059873,34.85901200597418,0.0,0.01545433549817627,51.75491979458002,18.083343643686785,121.61,9.511,6.580111258730538,0.6940544280921132,0.7199771102976321,0.74632270520835,0.7728945574736104,0.82529953174155,0.8798726171093926,0.910114175117536,0.9416531305061848,0.9727542779137941
7954,1,1089,single_city,Europe,1089,75499.89486,4378152.0,31577624,1.0,0.602204476668068,0.4651298263913958,24.52875820640213,0.0,0.01724469476162545,51.21648064014326,24.706452820047726,173.34,8.652000000000001,6.606954194037203,0.5282559856304669,0.5716912067009094,0.6157184583815272,0.6601646082639433,0.7447336227705206,0.8327936078966651,0.8803122870105926,0.9296312690833941,0.9758434608940028
7956,1,1202,single_city,Europe,1202,225924.1534,10800119.0,105253885,1.0,0.7362629617450247,0.508106768670532,48.93296807901268,0.0,0.02091867259981117,50.750701789523234,25.342706565066674,195.03,8.838999999999999,6.639375708784853,0.546697031764187,0.5874498234695377,0.6289266812708267,0.6706329809884503,0.7358081887801421,0.8047275219837855,0.8574610150128902,0.9133034552674836,0.9666937003194132
7958,1,584,single_city,Europe,584,170885.9813,8515873.0,76029911,1.0,0.5851126472843723,0.4767931067655155,45.549888190775754,0.0,0.0200667601900592,52.131361544798324,26.093871430451646,144.99,8.548,6.571025809279332,0.5667654977945303,0.598638800743036,0.6306412742416426,0.6630102398192176,0.7407990936454782,0.8233579810314221,0.8701785477542937,0.921999189043801,0.9713242553053574
7971,1,1511,single_city,Europe,1511,239466.5743,8094596.0,99345719,1.0,0.8760082459575785,0.7525593798231094,33.65232691304345,0.0,0.029583511555116525,50.623884662511244,26.247789865445387,205.17,8.6015,6.62746250496221,0.6307938036685216,0.6690463613007988,0.7076138203809059,0.7469162142248977,0.8122540025468844,0.8803584514903523,0.909139134306394,0.9395032191847499,0.9699773774997542
7972,1,1410,single_city,Europe,1410,209280.0307,8256753.0,98577631,1.0,0.7536559520398114,0.6390314664053756,40.72760243913047,0.0,0.025346529162250584,49.55634786917354,25.598729420167498,335.91,8.8395,6.594942731425517,0.5481573688833855,0.5931417592363487,0.6390324380540389,0.6850582789626867,0.7563211591772213,0.833971417093378,0.8765523202643944,0.9202613908881615,0.963050971731866
7984,1,577,single_city,Europe,577,80724.13595,4785552.0,34517434,1.0,0.6303269576600594,0.6174914519067279,29.18078077801219,0.0,0.016868301911670797,47.789744594596264,22.87456038538741,125.72,11.7045,6.659406733832703,0.7270780883793552,0.7636293577000104,0.8003034968588786,0.8372820941032508,0.8745592984884503,0.9126846808894773,0.9369084277007125,0.9621013417051993,0.986430405520617
7989,1,106,single_city,Europe,106,135645.4335,6991873.0,58509313,1.0,0.6346941848077754,0.5590145854233164,41.554418271302325,0.0,0.01940044298573501,48.61770076798522,22.293913015933114,125.97,11.448,6.575560381489187,0.5785311031822231,0.6045634696167965,0.6306727825290876,0.6569591581540454,0.7201613930916652,0.7896391996822597,0.8468610628368107,0.9084060880396426,0.9663945555075156
7992,1,281,single_city,Europe,281,78739.6274,4965293.0,34151431,1.0,0.6016042152339465,0.5723861011970653,32.17649251526576,0.0,0.01585800221658621,48.44148878900276,22.720926463186377,127.21,10.886,6.803441437591862,0.6684231927501559,0.7037949220720711,0.739421822639671,0.775213869554123,0.8323502762072651,0.8924929505670662,0.9238496096806372,0.9556882141698385,0.9847656522988674
7993,1,849,single_city,Europe,849,81395.88443,2866084.0,20160540,1.0,0.6095195716075655,0.5196607693287971,19.17085375847473,0.0,0.028399685574463276,49.2598150637044,23.84444236967237,298.67,8.549,6.7958310469687335,0.7806568125707412,0.7999950455045979,0.8193828233924756,0.8389063265417204,0.8830808866732448,0.9282937973904464,0.9479917546031449,0.9695291554609007,0.9895191487758209
7997,1,4263,single_city,Europe,4263,186959.0719,9966914.0,86808808,1.0,0.6387983695470844,0.5752734914195636,60.06215263823296,0.0,0.01875796980890976,50.0320559787859,22.003952661118184,215.29,8.8095,6.7974525707849915,0.5059813900270435,0.5384227254293555,0.5714114719962468,0.6050151531356647,0.665417400009672,0.7302629479897188,0.794964118281747,0.8634569336105439,0.9335071015963416
8037,1,104,single_city,Europe,104,121783.6942,8485186.0,76385975,1.0,0.5275150034342991,0.5034988149232282,62.58544615917025,0.0,0.014352507322762283,46.182694308448376,21.307997924426473,110.07,12.1995,6.606635996908358,0.6220372776742902,0.6669588621864034,0.7119814462523273,0.7574710795968409,0.8168876910889166,0.8780744464529122,0.9109830945367609,0.9462015328833098,0.9790942708857531
8047,1,1203,single_city,Europe,1203,53358.81585,3200393.0,27076833,1.0,0.5869457605377324,0.4761515146855186,15.860762706077079,0.0,0.016672582351604945,47.13576851895445,24.49515624447854,368.7,10.0135,6.568257670535235,0.7030105365184838,0.7211583077453301,0.7395894816667828,0.7581587636268421,0.8055948128870423,0.856606672992973,0.8974338464057383,0.9394652469243621,0.9794765830321464
8130,1,265,single_city,Europe,265,55476.49576,3901421.0,31217534,1.0,0.5461303985129614,0.5399163827364988,26.899093132201777,0.0,0.014219561477728243,48.374626042016324,17.584675828193646,150.2,11.0445,6.547013505261495,0.7638106730855245,0.7891747647844208,0.8148671983874594,0.8405596319904978,0.8614407417194915,0.8824000280923284,0.9074806333384682,0.935541947408393,0.9656107351654692
8153,1,702,single_city,Europe,702,83662.12208,6202555.0,58436361,1.0,0.6429925546538302,0.5599443702290308,32.85700709448438,0.0,0.013488332159892173,48.977583673389105,14.470320758795543,393.55,7.7435,6.874588801900503,0.722865496557467,0.7563982907043952,0.7903467200210236,0.8243888204135231,0.8608782993459954,0.8986359653400897,0.9230525162614439,0.9493039561922466,0.9751574955804503
8165,1,5408,single_city,Europe,5408,70767.21753,4374740.0,30906761,1.0,0.5285979620934202,0.4595482384148791,35.353718730002456,0.0,0.016176325342763226,47.85423986241852,12.107720297208019,457.75,7.77,7.360012047644554,0.6683919501501804,0.69209667317372,0.7160574114118782,0.7401198699808446,0.7925307561135062,0.8453357228086698,0.8810457307177112,0.9179519240000549,0.956296831354549
8228,1,1869,single_city,Europe,1869,89359.3979,4709138.0,47005968,1.0,0.6519767976322343,0.4758092360131257,27.39122725052744,0.0,0.01897574415954682,46.01709228886698,8.950879012699975,363.27,13.373,7.331021994072196,0.5198809208819108,0.5645931378524053,0.6099413523239285,0.6553099526919789,0.7137367815511034,0.773124508137158,0.832100694437071,0.8923153239510075,0.9506525398066482
8277,1,694,single_city,Europe,694,64074.69109,2910665.0,28982427,1.0,0.5042259944973017,0.42550785920188555,26.116325255113644,0.0,0.022013763552315366,46.799433094020046,7.149074303623751,638.41,9.023,7.226071182421055,0.5760824416413431,0.6274126359440196,0.6794742782147722,0.7324126960677371,0.7866917010373918,0.8423999326614364,0.8919058015951681,0.9423753678283141,0.9858946323262897
8285,1,1188,single_city,Europe,1188,69729.68607,4464544.0,33716535,1.0,0.8383780234256785,0.5663869043706694,19.71789104257544,0.0,0.015618546053079552,46.7587818166357,7.6205600557937485,573.04,8.028500000000001,7.331864173254751,0.7257361558089696,0.7427325164675272,0.7598899238085681,0.7774498358622963,0.8245482629356996,0.8727457944193181,0.9086558448074428,0.9454255574589476,0.9790789384089394
8286,1,1594,single_city,Europe,1594,142687.109,6070308.0,61029555,1.0,0.7578790980770737,0.5922176716891518,35.65887901645926,0.0,0.023505744519059,47.05139622944959,8.294634291082085,484.49,5.5255,7.519540819960128,0.7344442819046414,0.7487667841565865,0.7631976828852836,0.7780727106433479,0.8194389806909304,0.8623007267506031,0.8951870316959205,0.9288894402063289,0.9632232829042612
8341,1,4852,single_city,Europe,4852,62521.40818,3929968.0,32791096,1.0,0.9077458085311709,0.629994247535951,15.571411545615035,0.0,0.015908884800079796,47.72108226800352,10.317215641517638,707.27,5.657,7.4616426910565075,0.6628880947631126,0.694779448585841,0.7269244940416818,0.7593641983853303,0.8117457953856113,0.8657673548486908,0.9051422301657418,0.9454423038559092,0.9813464129987827
8358,1,5164,single_city,Europe,5164,62069.99903,5166597.0,44969642,1.0,0.5486940694439593,0.5338603496887318,38.16265301183173,0.0,0.012013710190672893,49.947542891452656,11.57876187989998,357.82,9.215,6.837606382412742,0.6998945340617818,0.7328709787119065,0.7661176205537223,0.7994891027885472,0.8467774823544395,0.8956971097223182,0.9194891724669062,0.9437794354775494,0.969298553767596
8424,1,4261,single_city,Europe,4261,64007.49543,5829307.0,52163104,1.0,0.6666760954507328,0.6193850323931694,33.64611952540995,0.0,0.010980292413832382,54.07228470075043,9.9815611731314,25.52,9.6035,6.746312828696183,0.6835344235601247,0.7159080830705948,0.7488205716391331,0.7818996323233619,0.8331288779266558,0.8880851531751545,0.9202812615633384,0.9527154771570617,0.9827319096420896
8450,1,2193,single_city,Europe,2193,59611.60411,3847449.0,33957086,1.0,0.7452298545141456,0.49569600144980064,15.216667304803291,0.0,0.01549379968649357,51.21998075473822,7.630042418049866,402.18,9.926,7.074056272450994,0.5059991698395482,0.5903698788469971,0.6774720080760005,0.7662334185586346,0.829238282300818,0.8934764307467103,0.9249154439733964,0.9564992284498118,0.9854160509989865
8465,1,2692,single_city,Europe,2692,83698.64184,6002014.0,54582671,1.0,0.5497615980769226,0.38545921135022476,31.761884054460133,0.0,0.013945092737204545,50.88902854563647,8.024168690199954,294.79,9.278500000000001,7.002404331198863,0.6597517100093402,0.70843803429982,0.7580830367939828,0.8086075773898561,0.8577440839025033,0.9073104461269167,0.9317772334419746,0.9565012677411282,0.9803404323948595
8487,1,1866,single_city,Europe,1866,51812.79383,2743246.0,24603821,1.0,0.5062199309748002,0.4924363811762037,24.334978854895258,0.0,0.018887403400934515,50.58843302257786,5.865121820371495,213.99,8.793,6.994547465284577,0.703751686870226,0.7362318217177752,0.768928123835777,0.8018365833760442,0.850869371540139,0.9023492606933537,0.924972095101934,0.9479036878209246,0.9721949836070115
8506,1,1777,single_city,Europe,1777,83488.12786,4602163.0,37501886,1.0,0.686987099703075,0.5770534198170995,22.79213265340364,0.0,0.018141062769832357,52.50329711896272,4.961416185713839,-0.58,10.6665,6.858425844432568,0.46072553275492417,0.5038650304215648,0.5478258810042148,0.5925802714940779,0.7005899182623475,0.8203149258294415,0.8695222224853835,0.9231669977790878,0.9747464398805519
8507,1,2562,single_city,Europe,2562,66697.26638,5052340.0,33921419,1.0,0.6468588950299994,0.5252830674052632,27.325294036823834,0.0,0.01320126246056283,52.5059359788795,5.473809473656252,-1.96,10.506499999999999,6.767466823023025,0.4282401817771567,0.47094296900050275,0.5145023889920314,0.5582767588879608,0.6452026189844705,0.7388811916854369,0.8136762371495189,0.8970401833605814,0.9711232814893693
8518,1,2691,single_city,Europe,2691,61547.97528,6279433.0,50992750,1.0,0.5213774193365391,0.5150086779098884,41.218285170007064,0.0,0.009801517952337416,51.76635587209576,5.529894300578911,8.51,10.907,6.775021282638395,0.603058110501378,0.6328622345361437,0.6627104708339113,0.692717638678524,0.7797627588350732,0.8773354218446155,0.9112442158392327,0.9468783248423862,0.9799357680860676
8527,1,3235,single_city,Europe,3235,131087.9833,10490454.0,99729193,1.0,0.8666641926292857,0.7356634309909416,38.28719224177359,0.0,0.012495930423983555,52.208658966063275,5.972425022883843,18.36,10.712,6.75341516454661,0.5528915145140525,0.6123900834034447,0.6730712512537589,0.7346958482445087,0.8121385404292322,0.8955903147756998,0.9238539151880366,0.9541809153350275,0.9831360015495992
8528,1,3290,single_city,Europe,3290,115788.9368,7827322.0,73000091,1.0,0.6402092978720775,0.5795947690392448,44.30778109769654,0.0,0.014792918548642817,52.51315654518146,6.092498737224262,3.03,10.372,6.797298465899561,0.4779567008997458,0.5362217115892255,0.5962081283994705,0.6574685441585257,0.7449319192438998,0.8421976251903269,0.8869679821527721,0.9364584720035792,0.9814669691626331
8533,1,1865,single_city,Europe,1865,71334.17025,5114785.0,39847688,1.0,0.752732732787223,0.5713947221962781,23.36245430964342,0.0,0.013946660563444992,52.65548311427313,5.070119561256961,0.29,10.6665,6.858425844432568,0.5250863917056142,0.5616838244422786,0.5987661260443987,0.6359688628163256,0.7173349417424193,0.8084328080261438,0.8616788388954766,0.9202343793531889,0.9750274938242761
8534,1,2943,single_city,Europe,2943,91877.73332,6020238.0,50697236,1.0,0.7480917496062134,0.7149859013883866,30.211687697478744,0.0,0.015261478586062544,53.200373385757075,5.807732514472759,2.17,10.497499999999999,6.851850843288733,0.6212712852880568,0.648066571454484,0.6748930856221963,0.701826406198559,0.7631347797213333,0.8293879743624754,0.8771209709649352,0.9276792711517385,0.9750614510589116
8544,1,6169,single_city,Europe,6169,105408.1356,6683797.0,50756327,1.0,0.5844012142703624,0.5542508950239063,48.52852606832096,0.0,0.01577069674617586,51.73514114365314,0.4785444679877921,38.81,10.7025,6.642786626037251,0.7107314899001271,0.73718007892819,0.7637733461982762,0.7907469362100614,0.8467360693330452,0.9060456204759061,0.9284477071939797,0.951484463097847,0.975686424946778
8558,1,6319,single_city,Europe,6319,51841.35342,2427820.0,19199295,1.0,0.6150676330217111,0.43573776432597877,14.611022380220195,0.0,0.021353046527337282,51.08532737763428,1.1669133274213428,38.98,11.524000000000001,6.926525020093814,0.7168517435394717,0.7584203112257086,0.8003344564259295,0.8425661704739231,0.87560733497541,0.9089372358741588,0.9282726890790916,0.9479669003468132,0.9696876209933191
8561,1,6271,single_city,Europe,6271,73258.03032,4995859.0,35747161,1.0,0.6223962803206585,0.5312014075512086,31.48325470210779,0.0,0.014663750582232207,51.14207068612513,0.8690167369847022,45.9,11.4995,6.8340506101060985,0.48564661252449276,0.5386681249410762,0.592627414024295,0.6480419083084611,0.7195457277717405,0.7985903925631208,0.8540110919863831,0.9143624750017965,0.9706747127971386
8563,1,6220,single_city,Europe,6220,88999.94808,3724662.0,26318973,1.0,0.885528776733316,0.64720861301213,19.940075845650117,0.0,0.02389477168129618,50.8664436338659,0.5664331355499559,54.02,11.463000000000001,6.843390076157412,0.6200656596491172,0.6731843050456658,0.7270452996808838,0.7827418971171075,0.8299249703731506,0.8788998840700176,0.9132689086956078,0.9484087415180223,0.9801340363232959
8566,1,6134,single_city,Europe,6134,116223.7141,5783791.0,37643632,1.0,0.9598379313546866,0.7005580110181566,27.820745681261023,0.0,0.020094729235548104,50.78936499442022,0.283697626940513,16.69,11.599499999999999,6.859143648874551,0.7279905169464111,0.7576464986373125,0.7875806715699097,0.8177057227690281,0.864337767391664,0.9141350370371267,0.9325304112821504,0.9512805701312513,0.9720563900044106
8620,1,3119,single_city,Europe,3119,54392.331,7032189.0,67416757,1.0,0.5901112893832415,0.5607901024767065,45.143439072229086,0.0,0.007734765234552143,47.08477482000676,2.397842879902942,138.46,12.0535,6.6956481022254435,0.7504137047511095,0.7744881430234597,0.7986587106802733,0.8230127205056633,0.871896076740827,0.9215251467217391,0.9428873427605544,0.9659757438259978,0.9876513557869392
8651,1,396,single_city,Europe,396,61075.64085,4431627.0,29433900,1.0,0.8333998563620014,0.5955416796099057,21.090237237326342,0.0,0.013781764767206266,54.65198867322017,-5.664418158244405,27.49,10.161000000000001,6.971242153583285,0.6719171085472672,0.7119624462979398,0.7525766496142388,0.793947234277614,0.8429694105573415,0.8945274500764617,0.9227277024894017,0.9527496334867532,0.9820905504908243
8657,1,1385,single_city,Europe,1385,110771.81,7634274.0,70589698,1.0,0.9403110350854773,0.5682850749661179,27.586937566827363,0.0,0.014509802765790171,50.458805155641784,-3.5516801537039777,54.73,11.4725,6.861602957644172,0.7425215547673557,0.7799657177617675,0.8177156072731998,0.8557061221538551,0.8802404786624112,0.9063229850015863,0.9317185890891524,0.9577819711474856,0.982223587992781
8658,1,1582,single_city,Europe,1582,109652.3791,7290108.0,67506376,1.0,0.9155795507816403,0.8002729809587807,29.254567264657243,0.0,0.015041255781121487,50.723108943013244,-3.516932986826022,34.55,11.4725,6.861602957644172,0.767797815889696,0.7831428560454797,0.7986656713453354,0.8143794303184534,0.8452390554433488,0.8778333599447361,0.9109197010524398,0.945862804776006,0.9779922327625324
8659,1,2106,single_city,Europe,2106,57590.57295,4240308.0,31002804,1.0,0.8577752257341055,0.664352900705827,16.537281706087757,0.0,0.013581695704651644,51.01743804599983,-3.099958821329736,26.04,10.779,6.650421987918327,0.7278542030437412,0.7636067946007695,0.8001105108402503,0.83742572473509,0.8748642787269226,0.914493239642026,0.9374380351615967,0.9606186626065842,0.9826965399683231
8660,1,1857,single_city,Europe,1857,51053.53647,4149118.0,33292481,1.0,0.8118573513478116,0.5949505188157191,17.000485815226245,0.0,0.012304672094165555,51.40912367914973,-3.270038471490723,28.65,10.844000000000001,7.109741790197103,0.7336997887261822,0.7683348605655467,0.8037240685851789,0.8399298356903805,0.8810202553892177,0.9236160552676497,0.9425593583985802,0.9626441089407436,0.9819590573225442
8663,1,1485,single_city,Europe,1485,54532.94201,5091075.0,33508053,1.0,0.8335181611176603,0.6921681630072002,21.20008806624732,0.0,0.010711478815377892,51.515660057535484,-3.5802189893097176,45.61,10.844000000000001,7.109741790197103,0.5659529667113528,0.6182499766748673,0.6714630996400563,0.7253593789130979,0.7845484499835497,0.8480890578119552,0.8866763895640901,0.9280851293685518,0.9682027862484839
8665,1,2998,single_city,Europe,2998,55514.34675,4180443.0,29158378,1.0,0.7013751793145704,0.5131327727925346,16.850390611079288,0.0,0.013279536821815294,52.053311569318744,-2.7184204664650067,61.1,10.4525,6.714473275339585,0.6753662231490778,0.7321826897292942,0.7894955151882229,0.8475022862409558,0.8842010284555967,0.9216575850932545,0.9445647267526432,0.9678687163059034,0.9886739276196327
8670,1,3551,single_city,Europe,3551,83457.78333,4393510.0,32773033,1.0,0.8584944076975958,0.5471385936538766,15.410949080240044,0.0,0.01899569668215163,51.38011134372905,-2.373381020088889,79.97,10.8245,6.733072075549185,0.749608399662229,0.7960211766901635,0.8429756618284697,0.8900683052957657,0.9160051985769919,0.9431090403800151,0.9584862672441852,0.9739893615810593,0.9888653946389105
8671,1,2417,single_city,Europe,2417,81112.44303,5545916.0,46618008,1.0,0.8731347672581684,0.6408533487587167,23.470545927656843,0.0,0.014625616945875126,51.35080303405613,-2.946455118612851,14.72,11.0755,6.983171145469066,0.701596994977926,0.733793119116842,0.7669418361186863,0.800524025246686,0.8406613082491693,0.8832052270535652,0.914466969928863,0.948534561287982,0.9797643887862708
8676,1,5379,single_city,Europe,5379,106727.5522,6937791.0,55965314,1.0,0.8471020589256683,0.5033990161019569,21.5705069240343,0.0,0.01538350639274086,51.26255585229971,-1.1016801352492867,105.02,10.488,6.653498956141297,0.6071188941840422,0.6489701116681088,0.6919261476743822,0.736388138529973,0.7971517158703685,0.8608038206973949,0.899346924691159,0.9403115487335955,0.9782737761918743
8682,1,5577,single_city,Europe,5577,107994.3455,6013068.0,40162939,1.0,0.6193853503012425,0.42468762347886563,34.328086737707466,0.0,0.0179599408322008,51.63047401916783,-0.7397953640403755,125.01,10.488,6.653498956141297,0.6613756904129473,0.7248221706456671,0.7894377712009909,0.8552063605467293,0.8858381445212328,0.9168757113673087,0.9421353625137783,0.9676378181653692,0.9901709077628924
8683,1,5600,single_city,Europe,5600,72267.82369,4441049.0,36350316,1.0,0.9139159299369786,0.602270917487032,15.369935404594457,0.0,0.01627269226031958,51.40889785570031,-0.7509364100105538,76.12,10.488,6.653498956141297,0.6245017787464178,0.6619841393328468,0.6999049098535053,0.7381271857167079,0.8145507964447138,0.8988561035917415,0.9286013281997114,0.9594915525588662,0.9871345711339821
8685,1,5131,single_city,Europe,5131,166480.1253,8513428.0,70806028,1.0,0.7744575647964907,0.6020178009672787,44.30226307090035,0.0,0.01955500478773063,51.74869970539543,-1.2340460136795153,71.23,10.4375,6.6709545160638,0.6507087391823834,0.700606853079629,0.751201983501828,0.802048129143748,0.8536597713635448,0.9079375546489616,0.9337645188283733,0.9603195093680242,0.98490443567503
8686,1,5505,single_city,Europe,5505,70052.83081,4113031.0,31931409,1.0,0.6503949854360559,0.6086257620624069,23.64316953081556,0.0,0.01703192385615377,51.814013667336724,-0.8114652445252153,81.94,10.488,6.653498956141297,0.6719788885617444,0.7150143045359979,0.7587261073403045,0.80266596580478,0.8495654421277156,0.8991947787410306,0.9279229842906606,0.9573565091048426,0.9852211179541316
8687,1,5160,single_city,Europe,5160,74056.12411,5519607.0,43508622,1.0,0.7755462949373816,0.5243977674297551,19.92867408028911,0.0,0.013416919739032146,52.37055352978471,-1.2621515693421472,105.46,10.258,6.629460342515433,0.6307999826799263,0.6734517511844593,0.716805562425006,0.7608434803419881,0.7938467358273877,0.8273098066583363,0.8756831781683008,0.927159306812967,0.9758134954173368
8688,1,5668,single_city,Europe,5668,63310.38766,4827030.0,37156183,1.0,0.6414996399543388,0.5888755616712436,28.73314320792992,0.0,0.013115805714901296,52.394197309548076,-0.7131509831830399,79.79,10.253499999999999,6.598707918916272,0.6013411973822412,0.6410268840259953,0.681452984547434,0.7222039224947846,0.7735433589598573,0.8289057660714767,0.8695170736456993,0.9135511898620892,0.9587514475774959
8695,1,4778,single_city,Europe,4778,64959.07525,4234969.0,27425131,1.0,0.6064902901253766,0.4736077646484536,19.164315299349752,0.0,0.01533873689512249,53.99546161442767,-1.5323117114197897,106.96,8.9635,6.866828070593764,0.6921453262113607,0.7554886470243348,0.8195941930153444,0.8841198129195279,0.9164333906576412,0.9496784982369411,0.9601076182611963,0.9705967151117281,0.9824648067081483
8699,1,3975,single_city,Europe,3975,67826.94388,5456353.0,38876700,1.0,0.8082393572666581,0.6944643535956279,27.77575844458908,0.0,0.012430820344651455,52.80220472655105,-2.1107829627629777,85.96,9.964,6.70418700068971,0.642285607254516,0.6797265499501224,0.7178851881467346,0.7562536734701732,0.7988240496903335,0.8433514107316737,0.878006793182186,0.9148751922758663,0.9539230691269425
8700,1,2938,single_city,Europe,2938,70603.53735,5328654.0,33228432,1.0,0.5171318692863137,0.43626493850467435,38.434500466811336,0.0,0.013249788286122537,52.71206916881854,-2.7483233989545237,66.56,9.9175,6.652395177992481,0.6163500200988843,0.6597245758497362,0.7035735478415375,0.7477909055457532,0.792696617194511,0.8403356645036438,0.8783418852115374,0.9179963645603562,0.9588046061913571
8703,1,2686,single_city,Europe,2686,81206.27026,5582783.0,36752754,1.0,0.6452025488622466,0.6088085478226061,38.29887158131405,0.0,0.014545840355965834,53.19546167834158,-2.8919474012087933,19.17,9.9585,6.7807204521869,0.7103629139803571,0.7663022188037758,0.8231118780722805,0.8803059334385736,0.9162396245743386,0.9525489348233668,0.9652304236077239,0.9780741970447355,0.9902584427874055
8704,1,3499,single_city,Europe,3499,68879.85913,5277217.0,39997190,1.0,0.7989241900928966,0.6490516364570759,20.391630941274435,0.0,0.01305230751928526,53.097848366483085,-2.4517092390344746,51.22,10.016,6.631980038028897,0.6189633664865402,0.6814375834838704,0.7466420274171026,0.8125851182545648,0.855942440873665,0.9011899643315786,0.9256492579327323,0.9506711586807971,0.975478552426402
8708,1,4669,single_city,Europe,4669,87166.3998,6627438.0,49484449,1.0,0.8031638937727923,0.7172569528127996,27.08748648590826,0.0,0.013152352356974142,54.53178883647185,-1.5530077250662848,53.07,8.653,6.834234672756808,0.7498270070576292,0.7713664013152594,0.7930799201742815,0.8151926883359754,0.851162847543802,0.8888347201437419,0.9171192548312033,0.9470878490300475,0.9756862304860491
8796,1,1366,single_city,North America,1366,99309.1646,10039879.0,74419018,1.0,0.790659453002248,0.5736599081479818,41.06313957919272,0.0,0.009891470265727306,52.26730119706493,-113.7973017027807,882.8,3.6115,6.276392518001348,0.5051015057053975,0.5348071425960412,0.5652669718429874,0.5970877736673919,0.6627916531663379,0.7367065877985183,0.8096558733426966,0.8923639418363508,0.971135707910424
8803,1,914,single_city,North America,914,104886.6721,8345940.0,85087971,1.0,0.8529642899201729,0.6535552489114315,33.676471459183404,0.0,0.01256738870636501,49.052098458724366,-122.31719803087887,70.58,9.3345,7.447521649955332,0.6308371495601454,0.6632520722650774,0.6965288511539742,0.7303170164175635,0.8099179960555671,0.8975298168930043,0.9267447405564861,0.9566774982806011,0.9846127578199699
8806,1,508,single_city,North America,508,88757.31986,8315575.0,83965225,1.0,0.9979915408506368,0.3233011693916485,14.91148548357336,0.0,0.010673623875679073,49.04051957981971,-122.8137309086912,58.74,10.128499999999999,7.017060703245932,0.4901599708979836,0.5296763001957171,0.570070620492269,0.6114447888450287,0.7006944198086121,0.7950227134022602,0.8493511272521744,0.9066691118774107,0.9607458293623712
8807,1,650,single_city,North America,650,106957.7034,9620631.0,90887293,1.0,0.8837306926313406,0.5334940687253841,26.619461341487444,0.0,0.01111753515959608,49.11189467517965,-122.69020640906409,35.18,10.0425,7.167314844725933,0.5397283192755236,0.558280948515747,0.5769014527217602,0.595667269641669,0.6766676738771085,0.7630552507418692,0.8320976035771458,0.9060078283846454,0.9731172518725643
8809,1,6,single_city,North America,6,239657.7465,20344535.0,193379464,1.0,0.872663194456437,0.6524764822728624,92.55232610511207,0.0,0.011779956951584295,48.4458997887983,-123.36035433881405,22.69,9.331,7.360173945095754,0.7912456096932173,0.8071212244467617,0.8233795955523191,0.8398048419391252,0.8880974669610291,0.9373899673794461,0.9567518746434853,0.9762845894487143,0.9934783960410007
8820,1,5187,single_city,North America,5187,79119.02499,13294922.0,104408391,1.0,0.7307673500198013,0.4783732628033176,41.32308734035527,0.0,0.0059510710171898715,43.56924492340354,-116.56909318504987,761.35,11.196,5.863399614699032,0.3725101959981412,0.3932750414030259,0.41420325745423703,0.4353896923953371,0.5808142386995576,0.739287902554073,0.7994696772196181,0.8638698293980213,0.9300113231202108
8879,1,6454,single_city,Asia,6454,252933.9255,14431041.0,122542311,1.0,0.6526102870867544,0.2607549453185915,25.053555302316692,0.0,0.017527074138310606,43.93662561808135,116.06526822522194,992.87,3.605,5.767187541176714,0.34001871382667403,0.3729268733974216,0.41499334663382914,0.46355172852741533,0.5184314839102737,0.587795433468729,0.6638619486979491,0.7783710128742618,0.9091448080564666
8890,1,9951,single_city,Asia,9951,195497.8026,9963666.0,82906637,1.0,0.7217420463104999,0.5872734437397623,39.969998449528354,0.0,0.019621071461046566,40.4002635322953,122.3532948627837,14.37,9.8505,6.5466828230021665,0.5074216658808114,0.5448329962084237,0.5884693445163658,0.6395848676581491,0.6963115784892829,0.7668636222852111,0.8121745550282397,0.867402419952656,0.9286027853603283
8892,1,10477,single_city,Asia,10477,115909.01,7222994.0,103562655,1.0,0.5982439821097404,0.28088642959858834,14.466864786214146,0.0,0.016047225015000704,39.877758760290064,124.14931307530082,5.61,10.403,6.770126360094049,0.14751348263614783,0.1676801891293278,0.19534600194877635,0.22509723807052864,0.3186325504354565,0.4356354165599473,0.5723458997750794,0.7600729005174308,0.941628222313351
8893,1,10297,single_city,Asia,10297,182034.3271,6236529.0,61312933,1.0,0.6694265887093326,0.38465207948715496,25.536086167642583,0.0,0.02918840385413104,40.43998702434957,124.04026048156527,91.66,8.945,6.784567350673341,0.3679076935263189,0.40600949662865354,0.4547996169022865,0.5123120569149923,0.5791016124514132,0.649586011706191,0.7251814270405862,0.8180579293385792,0.9105064692235055
8899,1,9897,single_city,Asia,9897,86627.44659,3621339.0,45060939,1.0,0.5531054874211878,0.47181848900822565,22.05710160683872,0.0,0.023921385595217684,41.422638452368744,123.32362910343804,36.63,9.6775,6.567130833862097,0.4036123102531964,0.4307613841178636,0.46287547230458126,0.49929487407834505,0.5505772864677955,0.621391148412231,0.6938450114722758,0.8042939365798121,0.9205037142338787
8900,1,10121,single_city,Asia,10121,233252.4941,8036488.0,82063292,1.0,0.8124963318143065,0.43818430099263084,19.79924090418185,0.0,0.029024182466271337,42.53228334571008,125.68094188466848,330.7,5.840999999999999,6.796980689194499,0.427709093823073,0.45961967466385817,0.49880271083587757,0.541425558029826,0.6025423045489522,0.6682931648750051,0.7410484530058403,0.8317375699434878,0.9291146829311511
8907,1,9675,single_city,Asia,9675,197065.3644,10445482.0,115764444,1.0,0.6121768010740192,0.3513947809746708,29.535317511963914,0.0,0.018866086256239777,43.50516275920808,124.8083455668767,208.89,7.034,6.541705095936131,0.4347910417154517,0.4651093171191143,0.5024489056608398,0.5439285616499075,0.602634038333511,0.6690139334881818,0.7395715200121928,0.8328459136687039,0.9303656834600835
8908,1,9671,single_city,Asia,9671,514793.0814,20042039.0,225718535,1.0,0.8257794933835917,0.5000936960640974,54.16278038344447,0.0,0.025685664088369455,43.157228825094144,124.3909537624601,182.69,7.298,6.66303243553705,0.45365359283054985,0.488140403279327,0.5297085291571382,0.5757946584177388,0.633632585985887,0.6981231799818371,0.7630351382910691,0.8485890083339325,0.9381917678136441
8909,1,9755,single_city,Asia,9755,250262.6706,10827067.0,109062235,1.0,0.6524856794971926,0.24842303870471982,19.306747204102262,0.0,0.023114539754856972,42.539224002872245,124.04853914303924,93.92,8.4385,6.635055739079818,0.48468380217837387,0.5145701047199579,0.5491170415773727,0.5885657676266343,0.6241907434395668,0.6647489112240647,0.733377192549007,0.8349418175762651,0.9398579504495539
8910,1,9699,single_city,Asia,9699,146689.318,5777227.0,59478479,1.0,0.6320822549443547,0.35129981807741517,16.068751930897676,0.0,0.025390956249425545,42.46200617388086,123.55628590470504,102.6,8.643,6.542467637730891,0.41440833119418713,0.4531111552307015,0.497303464101376,0.5495615803221857,0.6456511056255881,0.7591051900851394,0.8172770431212067,0.8886029577858028,0.9590152853609526
8911,1,9145,single_city,Asia,9145,531668.9184,26140432.0,294729450,1.0,0.7667924176187145,0.21169943314598952,26.557501138251304,0.0,0.020338949195636856,43.618562985483756,122.24853421868971,180.06,7.9915,6.028165260805044,0.3777453257084657,0.40185177505865244,0.4308683957480121,0.4647886844410222,0.5256434170636507,0.6012823353493163,0.6935831052830344,0.8205351388224954,0.9475087863888401
8912,1,9059,single_city,Asia,9059,133816.8487,2893065.0,33681216,1.0,0.6112119272426025,0.44064513911000447,13.022187649083637,0.0,0.04625435263293427,45.498813943349255,124.28876403189363,137.45,6.073,6.137851236440081,0.7250238069314032,0.7558927988137149,0.791009189216281,0.82964226521008,0.8483234908306588,0.8699659357809105,0.8924738987890006,0.9158843648518095,0.9452812155966077
8914,1,9235,single_city,Asia,9235,418140.1617,11301015.0,121632020,1.0,0.7920352054133677,0.45223487663690637,26.56446219776289,0.0,0.03700023066069729,46.0639750316643,125.98761848118995,139.47,4.945,6.306665721667365,0.609902384874279,0.634272408274832,0.6633639544766554,0.6963257725080446,0.7445371057378475,0.8013328006378189,0.8480938216611517,0.9008990785340962,0.9563661317147176
8916,1,9497,single_city,Asia,9497,177958.6505,8186502.0,74969958,1.0,0.6727627012026786,0.32285887361692744,19.92565103472092,0.0,0.021738057414509883,45.36422048335075,126.28955578178483,166.15,5.194,6.411826477856818,0.5110798238368476,0.5442306127818695,0.5841670838167511,0.6283538439250366,0.6896371612686346,0.7570731675140371,0.8211764927193568,0.8988728030604525,0.9684847081207578
8917,1,9559,single_city,Asia,9559,242222.8616,8383862.0,87627127,1.0,0.6590881028268639,0.4039835862726772,24.02056939064673,0.0,0.02889156114449403,45.54354127398814,126.97495912967463,151.15,4.808,6.491134679106033,0.47982433394061114,0.5158109711252403,0.5590490396907773,0.6065555468350982,0.6625511011512355,0.7257545508263376,0.7966333415316235,0.8783467571388938,0.9592588713888659
8918,1,9835,single_city,Asia,9835,118581.4696,6279597.0,61454761,1.0,0.7927214058511589,0.5079408256162887,16.99450787369575,0.0,0.0188836114164651,45.211802937811086,127.96453871586178,191.61,3.9985,6.6005648159423105,0.4781977251087928,0.5012012713554708,0.5291788629111072,0.5608348752316431,0.6167849624745028,0.6839172959666042,0.7540225909401511,0.840463806833464,0.928176919633537
8919,1,9589,single_city,Asia,9589,144330.0005,5907740.0,61378042,1.0,0.5074547213385574,0.29789593015669735,16.516397588534417,0.0,0.024430662232935097,44.54093836956347,125.69985076231306,175.83,6.2735,6.4307947062256865,0.5699074434555346,0.5998867587266874,0.6355391401788163,0.6760026676867973,0.7598245691245722,0.8606379089127145,0.9016671349788582,0.9483682423397103,0.9898351992470894
8922,1,10429,single_city,Asia,10429,211813.228,8138781.0,89257523,1.0,0.6656319283718151,0.40811635135223173,26.222071606049756,0.0,0.02602517846345786,43.3658972383718,128.23037760289515,509.43,4.1955,6.688639853863363,0.5348684280852378,0.5657790767438023,0.6030035701906711,0.6453153119613367,0.7031368702512084,0.7704594828144411,0.8298707140541072,0.8997079538078245,0.9659262240868749
8923,1,10839,single_city,Asia,10839,89691.3419,2778490.0,28249098,1.0,0.5487729379028938,0.3827342983270158,12.212557747511022,0.0,0.03228060633653531,42.76844450334785,129.42132306483563,259.89,5.383,6.560177402395115,0.7336286976019348,0.7692721586185302,0.8088270967323978,0.8580268419177323,0.885038276185986,0.9135541247224211,0.930012704742504,0.9468369510057622,0.9678847143592383
8924,1,10805,single_city,Asia,10805,477229.0407,18706619.0,279785677,1.0,0.8214373564188335,0.5730907687320568,54.9895725716411,0.0,0.025511239668696947,42.90635861041992,129.51213691492472,196.86,5.383,6.560177402395115,0.5125741856398529,0.5420661531621508,0.57860840593375,0.6201905860166393,0.6987135943699928,0.7892826597900989,0.839818194832535,0.9003864354109099,0.9609475127493643
8925,1,10823,single_city,Asia,10823,55881.58189,3866025.0,43362118,1.0,0.581516624413586,0.5199260892582701,20.000662915943124,0.0,0.014454531952069633,44.06333670732638,131.12021552143997,121.25,4.053,6.510006820799477,0.6900891742810769,0.7112442366513408,0.7374913509353923,0.7649492695986188,0.8250228593969258,0.8915118241604749,0.9128313965895203,0.9404385641582763,0.970514675926824
8928,1,10405,single_city,Asia,10405,84433.96059,5114157.0,51401352,1.0,0.7603284510216827,0.43586674853324786,16.614230218064662,0.0,0.01650984914815873,44.340003098151826,129.4705622082309,256.57,4.259,6.51297636952387,0.5401206885123002,0.5840950913317678,0.6353749014744756,0.6933432039728151,0.737770858423001,0.7873059039837846,0.8164534252663733,0.8483560438211029,0.8972888395878343
8935,1,10153,single_city,Asia,10153,71050.68476,1282460.0,7992545,1.0,0.5010856179543195,0.3637577743254864,14.79607918569916,0.0,0.05540187199600768,46.5669486840467,131.40121664985872,199.01,2.7035,6.616839985299239,0.740457402180185,0.777900285389018,0.8188824602716654,0.866643793958486,0.8851348190196965,0.9043050075635888,0.9263883473948505,0.9485980069553827,0.9716700715811799
8943,1,9275,single_city,Asia,9275,288528.7654,10797284.0,134137095,1.0,0.6806400347078103,0.454205710569794,30.52999651475636,0.0,0.026722346601237866,46.63901044955455,126.98472257514877,179.48,4.0415,6.384317117165303,0.561578911881914,0.5831410936305834,0.6082063785670545,0.6355759466917792,0.6732180055651033,0.7204973954561166,0.7836201215046302,0.867830558129248,0.9504460566194239
8944,1,9119,single_city,Asia,9119,111529.211,4099691.0,34193985,1.0,0.5481603442561338,0.4235584473052677,21.36906621470871,0.0,0.027204296860421917,47.245146166915994,127.09663778001767,191.59,3.521,6.4071010837376345,0.5865259113430744,0.6161318011528186,0.6515927663816614,0.6930768684761851,0.7314382962032993,0.7715769310418761,0.8341865277163572,0.9056202040592816,0.9774465929261498
8946,1,8703,single_city,Asia,8703,113759.3668,5058993.0,49943033,1.0,0.5156042780411084,0.3153685044061481,19.12161175897504,0.0,0.022486563393149587,48.24425251156008,126.4968802944535,269.72,2.0164999999999997,6.398645681999613,0.5155883789520957,0.5549946402376916,0.6035966050951247,0.6594085028384107,0.6865795228417988,0.7152338419918747,0.7695302207376052,0.8317785772781263,0.9066571153587285
8954,1,8801,single_city,Asia,8801,126799.99,7525692.0,75045975,1.0,0.7225686491465003,0.40694132610601413,16.686940513868137,0.0,0.016848947578508397,45.332416519055144,122.77950773659212,151.61,6.692,5.896292232799773,0.6875064778096154,0.7171931830322049,0.7522990576813401,0.7921537315106704,0.8346372665796049,0.8786593977005702,0.910705885917202,0.9471926302591177,0.9812884981208373
8955,1,8743,single_city,Asia,8743,304000.2786,15109386.0,151564885,1.0,0.9211000924226518,0.626898901319356,39.55707118555033,0.0,0.020119962426004605,45.61238364003533,122.83969061294442,153.43,6.6325,5.9301062968770175,0.48561529899361894,0.5153895068932649,0.5526767269033963,0.5930589767181803,0.6582779075205306,0.7347390555777713,0.7850578441771228,0.8442819582476746,0.910990492929362
8956,1,8366,single_city,Asia,8366,232072.9076,12583008.0,130424898,1.0,0.5621342621065324,0.2589150098770749,30.57840618027637,0.0,0.018443356914340354,46.07368094064457,122.05464191230638,282.09,5.603,6.032887161220173,0.3932717836625392,0.4151901516712061,0.4419349490996112,0.4749574187666415,0.5124877135896282,0.5567933359018765,0.6372534293866776,0.7579843388798608,0.8949242502269728
8959,1,5317,single_city,Asia,5317,132486.3615,4401876.0,51126900,1.0,0.5738706649526347,0.5492785940182162,30.71241922376041,0.0,0.030097704137962995,49.27997656670017,120.72939604476694,665.62,-0.8055,6.089567414636423,0.7225035416717781,0.7451570648514406,0.7681411289186701,0.7914341521660311,0.8258029076693664,0.860889311738904,0.8932259791052723,0.9263073289661045,0.9612633340875573
8988,1,7697,single_city,Europe,7697,118138.6844,7303498.0,75138902,1.0,0.7140097065384188,0.4999167321253945,28.014466570499888,0.0,0.016175630417096028,46.955715672090406,142.73521816339334,51.67,3.706,6.802494758324644,0.737132809511278,0.756079347184048,0.7752055248046895,0.7943415607151532,0.8402272445340575,0.8872992092282356,0.9168113690179692,0.947568685580526,0.9767856443583609
9023,1,7657,single_city,Europe,7657,133791.3375,9311753.0,87983831,1.0,0.5971384497116741,0.4894351274643375,45.27684056283291,0.0,0.014368007559908429,43.805757782658475,131.95993129050677,29.1,5.2065,6.62527366069727,0.7943637465469713,0.8196890531782791,0.8474451588224043,0.8782682487389861,0.8940284391134515,0.9102963749145837,0.9346036133046055,0.9602028747970441,0.9840767898375311
9024,1,10969,single_city,Asia,10969,140498.6159,7756649.0,85892808,1.0,0.6579759206751783,0.4099322123418044,22.168373882402044,0.0,0.018113313610039594,42.87736674103071,130.3750525553793,42.1,5.978999999999999,6.59006887839022,0.39649248019344435,0.4289510844180264,0.4689344586818354,0.5145660194241095,0.6223590883124916,0.7482399938427019,0.792400687461815,0.8435002022136106,0.9061678567639195
9026,1,4659,single_city,Asia,4659,671854.5602,14357608.0,153651183,1.0,0.8729516282966577,0.2664990198231619,22.54985114837,0.0,0.04679432397095672,41.77133816549057,129.76315288042184,17.66,6.401,7.027631234065029,0.5519594907452551,0.603903171057463,0.6613593294927679,0.7261097391710374,0.7302396053715912,0.734510581428327,0.7383091946792251,0.742173835641703,0.7871077828563087
9027,1,4733,single_city,Asia,4733,398416.1249,6303041.0,53655743,1.0,0.7947369095198719,0.25897956294314245,11.524513930195617,0.0,0.06321014331018948,39.91622623511432,127.53957708508594,17.47,9.599,7.2064095609812595,0.7421855577331641,0.7760920482668604,0.8146708866402741,0.8567148777867699,0.8731602729539598,0.8896745237735245,0.9038289612902725,0.9187911041670204,0.9425148908280939
9060,1,1655,single_city,Oceania,1655,68724.35094,6670234.0,43270712,1.0,0.6696292948254958,0.602892443923098,34.60102295124971,0.0,0.010303139431090425,-37.6820989489462,144.5697950493422,137.27,13.75,6.335218245142564,0.43057185100252854,0.4585275419123227,0.49312827705894574,0.5320345583078495,0.5970205842853489,0.6779026043164302,0.7521172420637717,0.8582330095166076,0.9724613859123983
9093,1,190,single_city,Oceania,190,146405.5708,11557242.0,135309004,1.0,0.8620675783613642,0.3369041430738875,31.39380950652141,0.0,0.012667864080374885,-22.25265691640832,166.45799932204503,14.94,23.0545,6.87615573083444,0.6940074457210466,0.6982722175411746,0.7027253561013951,0.7074245741328251,0.7107550400000276,0.7141092139456802,0.8087739272051239,0.909172534416083,0.9936015011193847
9099,1,783,single_city,Oceania,783,72273.27401,14143526.0,108484926,1.0,0.5496612617299931,0.4488764296251794,47.79199934648884,0.0,0.005109989829268882,-40.35191130126624,175.61419792530242,35.45,11.791,7.304277854904084,0.8478322873659652,0.8681790523805732,0.8885234134684661,0.9194449106962437,0.919450779105578,0.9194563647000048,0.9369671325240961,0.9544734460133916,0.9706240862427092
9108,1,3218,single_city,North America,3218,78878.57718,8981933.0,65485839,1.0,0.5413714938823367,0.4553688889716679,45.190926255388675,0.0,0.008781915560937718,38.34440044643017,-121.96840326628778,43.64,15.592,6.3273473243178415,0.4837762650868137,0.5075902926463602,0.5316048338369925,0.5560417785347541,0.7082419786475807,0.8771543942712554,0.9135569147532051,0.9521332434788814,0.9873127532792774
9116,1,3645,single_city,North America,3645,54543.61048,7711422.0,55736315,1.0,0.6505931491462509,0.382810712461953,20.73905520058271,0.0,0.0070730937147519615,36.33877779866983,-119.65107834368082,73.15,19.4695,5.384765668373929,0.42597590950151604,0.4541056111311247,0.48271914051649617,0.5116467494581415,0.6434984364751404,0.7848648407518095,0.8439025902096915,0.9068942148413094,0.9648517484842614
9118,1,4133,single_city,North America,4133,115207.3082,20310636.0,143614686,1.0,0.7321303011360069,0.5625171525493926,63.85105488577194,0.0,0.005672264925628129,36.32687261949154,-119.31060131248087,98.92,19.136499999999998,5.594900952709788,0.4497657778909533,0.4758965204240773,0.5023865328490944,0.5291448775902439,0.6363306890045196,0.752379295261852,0.8197644820181899,0.8938936722611739,0.9630377404232935
9162,1,5,single_city,North America,5,74513.64654,5015145.0,38817150,1.0,0.7612225740411929,0.40068502389844796,17.459093971810127,0.0,0.014857725258192934,32.37502653053563,-117.04990518943661,63.53,16.2535,5.4883693828620475,0.5664534126131946,0.5833881173924184,0.6003826409804701,0.6176186331601579,0.7097322211022812,0.8080892975178185,0.8574607513840576,0.9078012699533115,0.957028560490275
9166,1,4172,single_city,North America,4172,137293.8437,17001839.0,113903183,1.0,0.7676095645039004,0.6619879453469207,74.42067199479015,0.0,0.008075234902530249,33.75605870865912,-116.95945320979514,491.34,17.359499999999997,5.929380344997282,0.483434056751155,0.49631707487642956,0.5092551458698086,0.5222117442707227,0.6411158816408037,0.768144081354964,0.8372381364157137,0.9119711697069947,0.9788919892724546
9168,1,4211,single_city,North America,4211,54460.44946,6851879.0,47598801,1.0,0.645692911013175,0.5039266693762628,28.04697878594428,0.0,0.007948250320824406,36.07212234662601,-119.0377921836776,134.51,18.978,5.619893490647374,0.5035484426972514,0.5396643752757455,0.5762849869357004,0.6134326073183721,0.7284028220580078,0.8499544431534766,0.8928075057951257,0.9384370331116472,0.9809377836357005
9178,1,2542,single_city,North America,2542,194420.1638,9974261.0,94203380,1.0,0.869902273733866,0.4442834888025387,24.6185293796952,0.0,0.019492187320945382,20.64654324048066,-105.21730293878645,36.08,24.4225,6.982223864678407,0.40021792090662156,0.4515021213100399,0.5151928548891993,0.588780361773168,0.7168808796962501,0.8621073781806993,0.8972084247645014,0.9353470898746283,0.971815957091959
9179,1,2672,single_city,North America,2672,163038.0332,8885099.0,75874903,1.0,0.6998099725987448,0.40257659598366763,37.54856581359778,0.0,0.01834960231731802,19.092974457696688,-104.31496056027841,22.89,26.4745,7.077178171188689,0.22139224335035546,0.25913408505633984,0.30646805398566745,0.35968152971621364,0.4775817354426777,0.6411402956793165,0.7178352205192087,0.8177979783905616,0.9231108173358563
9180,1,2925,single_city,North America,2925,286769.1989,15460051.0,118438624,1.0,0.9985699721964955,0.4882011469764705,28.865297904289214,0.0,0.018549046112461078,19.25207384290889,-103.72927398135619,509.93,24.7575,7.12288440037718,0.39255161577410064,0.42063878055770965,0.45634280249140186,0.49521085021000255,0.59363348801372,0.7190355969718341,0.783791851656893,0.8714836710435172,0.9585391406535464
9181,1,2863,single_city,North America,2863,389633.7366,18043114.0,150986665,1.0,0.9230824699739402,0.418833729384946,30.08907533522012,0.0,0.021594594846543674,21.501835004093696,-104.88210159382454,946.65,25.0305,7.264988017324642,0.21986559526254726,0.24927670467525728,0.2873687435550205,0.3300606536100143,0.512911851025272,0.7499436072952818,0.8071433789089844,0.8854608467252383,0.9624899005792459
9183,1,4552,single_city,North America,4552,440205.2025,17276638.0,141582489,1.0,0.8504783436809001,0.48368020050568716,41.0236820839778,0.0,0.025479795461362333,20.673038805918786,-101.35622668970527,1724.06,19.069000000000003,6.630414220132987,0.42281837473239875,0.4485948597174983,0.481816311715277,0.5203088702790438,0.6201420091108004,0.7477983274292139,0.8044423920904056,0.8757176020010374,0.9472832040585674
9185,1,4942,single_city,North America,4942,363063.1187,19174662.0,150264636,1.0,0.970493982313303,0.660717222507782,45.85424763163089,0.0,0.018934525088369222,20.530887553923453,-100.81994649628668,1756.39,19.18,6.756564879863787,0.4355192806006176,0.46107733215844954,0.4936838000064877,0.5323029422891522,0.6410583925807923,0.7862247063338066,0.8340486523308729,0.8959696916691413,0.962201159008696
9186,1,3880,single_city,North America,3880,313923.3595,14247864.0,119417359,1.0,0.997631660308213,0.4948794462199246,27.315075352131004,0.0,0.022033012071142735,19.410720999949355,-102.04722152018203,1637.78,21.423499999999997,7.461962466773775,0.3432349578856171,0.37759730160254196,0.42368799982930777,0.47487770798486006,0.6148326514065547,0.7746460802826305,0.8402395615230466,0.9136368089981769,0.9801679044662414
9187,1,3835,single_city,North America,3835,123822.7773,5400252.0,38531257,1.0,0.5202563396271721,0.40353808969639854,28.412825143876606,0.0,0.0229290739209948,19.990617436226866,-102.28337792421942,1565.04,16.3295,7.553533297770347,0.5094791872675571,0.5427187471992048,0.5853167592919738,0.632669364318554,0.7098922420657406,0.8018809122240962,0.8482278234423134,0.9063530738935887,0.9642238917739394
9189,1,6756,single_city,North America,6756,291289.5995,13495011.0,122877248,1.0,0.8961060132982954,0.4227558786517394,26.78859443819088,0.0,0.021584984221205895,14.89708941381487,-92.26846447625145,147.71,27.44,7.681820706895791,0.3832402211454292,0.41091526342586904,0.4456274248312951,0.4852494006859276,0.6089460764426201,0.7755530543843202,0.8425936814723605,0.920727593330602,0.9863820785325778
9192,1,6200,single_city,North America,6200,307746.0975,16308673.0,134371167,1.0,0.9229397836335133,0.307597022260984,25.654855027711832,0.0,0.01887008817332961,18.84384157883634,-97.11809444194272,1269.98,16.164,7.004082214442472,0.5260131832921048,0.5623827885935293,0.6078824438996355,0.6607146393823703,0.738972324725623,0.8303578102277236,0.8765179729828417,0.9303003377405384,0.9809999256223974
9194,1,6095,single_city,North America,6095,228660.5663,14763584.0,117157209,1.0,0.8074357358333634,0.5338967171173222,40.91590453431327,0.0,0.015488147478281696,18.462912936113714,-97.39749962024862,1629.92,19.7825,6.483611811351871,0.5003816146540027,0.5365675434907946,0.584303851964401,0.6381040674134411,0.7052474521091897,0.7793939466189239,0.832802725950555,0.893207841673133,0.9559646898747621
9195,1,6183,single_city,North America,6183,495920.9755,32910589.0,339341407,1.0,0.8132703639930673,0.467424256697734,79.83682331099108,0.0,0.015068735946962238,17.065219284214727,-96.72952981995594,1585.13,18.8885,6.681390294419163,0.40385928674810406,0.43227828587327927,0.46837836904104024,0.51011101624465,0.6129809466491165,0.7410082207887558,0.8108444367252132,0.8983604334762894,0.9799722514841652
9196,1,5035,single_city,North America,5035,207319.1551,8449262.0,96612840,1.0,0.8168465111207711,0.433170745509139,20.556983173888103,0.0,0.024536954245234673,17.553462786014173,-99.50427615962377,1334.67,22.499499999999998,7.209924035874769,0.3380298776390175,0.36391000776162463,0.39697656434372613,0.43432124604492084,0.5494066819090235,0.7061433294410802,0.7801706231857883,0.8719865711348518,0.9640339002388612
9197,1,5452,single_city,North America,5452,212963.903,13643724.0,98579203,1.0,0.9347585696016666,0.6395326601727056,38.67125172124504,0.0,0.015608927811790973,18.830133925765047,-98.94366022122465,1348.81,23.471,6.620239192753881,0.6036483147856113,0.6362079737174396,0.676719200710891,0.72391870430683,0.7982522953410667,0.8828080222085993,0.9129309563869805,0.9467419598930614,0.9802243874179806
9198,1,5751,single_city,North America,5751,64925.77201,4260265.0,32009927,1.0,0.5179992830780042,0.3848323844884225,18.517704414867342,0.0,0.015239843533207441,18.908617740641084,-98.43456843003739,1849.5,20.8825,7.354766599301605,0.5828733658586965,0.6211810767640041,0.6699109092978958,0.7303712327754259,0.7808962588008023,0.8421471434288712,0.8653468739620658,0.8902481418409418,0.9276329054648009
9199,1,5813,single_city,North America,5813,184000.7449,10058823.0,74938439,1.0,0.6715559021325486,0.3228151538271004,31.965899494336046,0.0,0.0182924726779664,19.27817566938151,-98.43074331201548,2257.34,16.686999999999998,7.422593640934543,0.5706145738919951,0.6130819679399866,0.667111847976647,0.7365158925651639,0.804607755798069,0.8812168183096571,0.9073088372267809,0.9362827042487973,0.9663792672363357
9200,1,5324,single_city,North America,5324,167781.5057,9513525.0,77678962,1.0,0.6416565611508852,0.4747057429048261,35.23431389650119,0.0,0.01763610288510305,20.38853480641772,-99.9737188351514,1958.17,16.7805,6.642022547594681,0.19337049095892428,0.23051119327483766,0.2839473276204141,0.34154805921043985,0.5389558549538683,0.7675599738267361,0.8211088949679535,0.8854276411740127,0.9521195350829477
9202,1,6348,single_city,North America,6348,212800.1559,12453690.0,119186287,1.0,0.8467340610227883,0.5707362326242607,36.08164829502774,0.0,0.01708731756611896,20.53451505138731,-97.44631179364586,74.37,21.3515,7.876584379816708,0.5319359964797582,0.5694490548584396,0.6140538266168502,0.6654788259543959,0.7633620236251264,0.8741583418247925,0.9077543282352459,0.9481438834594406,0.9849993857242312
9203,1,6666,single_city,North America,6666,159078.2596,11551453.0,96646330,1.0,0.773577387786095,0.5362221366409393,32.066543113110534,0.0,0.01377127705060134,17.996467066839404,-94.56017140482389,16.18,26.095,7.430372112401126,0.6964914283943328,0.7314180302685731,0.7727975865893234,0.8178567665903155,0.8420134679161141,0.8698173294736169,0.8855590720924892,0.9024418832851591,0.9306470796357826
9205,1,6846,single_city,North America,6846,208284.6397,9310369.0,70295423,1.0,0.8797552251233113,0.23173048867596654,12.512873621847078,0.0,0.02237125507055628,18.648794261690313,-91.80611653874604,2.2,27.130000000000003,7.302910758364049,0.48578869430416777,0.5206847333333405,0.5603334303935752,0.6059753378195859,0.7068460981514266,0.8298177011029316,0.8638621090098577,0.9035530170716113,0.9484089191309174
9259,1,6217,single_city,North America,6217,317111.9238,18520256.0,148824698,1.0,0.9665247558318859,0.6101221706691925,44.49677162922871,0.0,0.017122437389634353,23.73908071823086,-99.1491900104262,333.31,19.0285,7.03946751794955,0.4628283755904886,0.4886795841266989,0.5210551625204317,0.556423356135034,0.6489610078823964,0.7691399082172514,0.8255661260837863,0.8964648760794667,0.965273320196006
9264,1,3790,single_city,North America,3790,115328.145,6221097.0,54507040,1.0,0.759576783045302,0.6396486823634394,29.564950894103635,0.0,0.0185382328872223,26.932755207732974,-105.67829310310938,1758.26,16.816000000000003,6.3041772847600095,0.3447091405261805,0.36900276591089964,0.39379919650826856,0.41903863579044015,0.5801443057390039,0.7552859246528386,0.8286913063724934,0.9056712988079112,0.9734527527862048
9265,1,1033,single_city,North America,1033,219685.6601,7621677.0,56948674,1.0,0.6110959645693503,0.34283908724515955,29.421197583391127,0.0,0.02882379561610916,22.912902495248517,-109.93442335137816,81.62,22.853499999999997,5.379436417832829,0.27981322220818333,0.2903152416456378,0.3010552664459541,0.31177797222317344,0.4772336849226227,0.6611816533290508,0.7692603609415618,0.8866930466877565,0.987014406409508
9266,1,1149,single_city,North America,1149,318409.5258,17781678.0,145621451,1.0,0.9035832370306837,0.3765328312636089,32.56155991961599,0.0,0.0179066073404321,24.12159130165426,-110.30977668609147,42.3,22.4225,5.4427142033599845,0.18715196619801575,0.19274811972188452,0.1984099025974939,0.20411515718595286,0.3736706963201111,0.5698333419376956,0.7064468268967642,0.8507879290132236,0.9747151534292771
9269,1,2168,single_city,North America,2168,107232.7031,8441972.0,60171692,1.0,0.5847809604031419,0.45105220501787296,35.17679686968641,0.0,0.012702328685762047,27.070080768342713,-109.4404738826344,45.89,24.5465,5.696365033328339,0.3324005339036898,0.3435696067222208,0.35483676088951727,0.36608472522770746,0.5212472867713847,0.6883423683471113,0.7634280236892518,0.8409274515480506,0.9206903315955087
9271,1,2401,single_city,North America,2401,668298.4304,37027437.0,309648494,1.0,0.9383259058766521,0.6930637231211703,106.02016146061,0.0,0.018048735871186546,24.79174121071782,-107.40300758391456,55.55,24.546999999999997,6.293954255868627,0.43121245469947056,0.44520615888158827,0.45927804832940505,0.4734230727338757,0.6104623444501438,0.7631535771703561,0.8247011803706532,0.8933432524643821,0.9582133918693859
9272,1,3542,single_city,North America,3542,125646.0336,9608412.0,79379721,1.0,0.9319797884010802,0.47290626300640937,19.445750867609142,0.0,0.013076670067853043,28.406389794115597,-106.86332162559525,2058.67,14.618,6.303250644332158,0.3876049445007146,0.4009093282011637,0.4143087328062119,0.42779285484427604,0.5195517219702902,0.6182341056982152,0.7276495845515367,0.8419730544443764,0.9453346713275825
9280,1,4402,single_city,North America,4402,132019.6577,8367572.0,63567953,1.0,0.5077839048754702,0.4732431338260274,53.37729570214133,0.0,0.015777534713773602,28.18328580688442,-105.4618725965395,1182.1,20.307,5.965400306766207,0.5371582102908705,0.5568010648728209,0.5767380310560818,0.5977063597421092,0.6727780770813804,0.7544376074684508,0.8212018970377548,0.8943531050584327,0.9639687593963936
9282,1,5598,single_city,North America,5598,86586.82632,19197692.0,146800903,1.0,0.8053847399149842,0.6215840127692428,60.849234038509564,0.0,0.0045102727098653315,31.867948278952806,-102.36959802641547,891.32,18.5915,5.864321278331511,0.6995366422171999,0.7438112352255677,0.7883913337082396,0.8332720412432911,0.8693741935228464,0.9059998462315157,0.9250939644203063,0.9444496244652743,0.9668803416577367
9315,1,6042,single_city,North America,6042,55005.72932,8073692.0,53488032,1.0,0.5649968430263904,0.5375352722951847,58.43351578217433,0.0,0.006812958596884795,40.41956342314693,-105.08013073307492,1529.79,4.099,6.537153809595456,0.4874779716640169,0.5219469605726847,0.5566763012510262,0.5919299373818074,0.6725574867111601,0.763557366320142,0.8271025201357693,0.8962764494855637,0.9627631324058435
9324,1,6772,single_city,North America,6772,77923.60231,9887108.0,83657752,1.0,0.6272913089578902,0.5464634909089247,55.46940979730417,0.0,0.007881334188925618,43.53872310234551,-96.71269263650282,444.24,8.926,6.676068462683124,0.623895076295313,0.6543102391518328,0.6852328304697389,0.7168590653606697,0.8080826061574324,0.9069065494176861,0.9341042901523884,0.9622098797747531,0.9880988454864658
9329,1,6502,single_city,North America,6502,68775.87562,9913384.0,73883512,1.0,0.7110840149008119,0.5300295057940455,38.948309046485754,0.0,0.00693767896209811,35.21465143339337,-97.45120598394901,356.6,17.031,6.719879325044842,0.6443565587694373,0.6720861413216718,0.700248875661429,0.7287508483480515,0.7916368416677897,0.8587249318698842,0.8977470256372597,0.9384279878596451,0.9763109146180557
9356,1,7038,single_city,North America,7038,53046.44442,5631578.0,60523772,1.0,0.5668384683466712,0.4557713898097165,30.84406152651902,0.0,0.009419463677853703,41.653305394843755,-91.53028290522629,215.51,10.8225,6.875616310973859,0.6198165061373562,0.6481872398819656,0.6772437494428737,0.7067976329192279,0.7766712988792839,0.8523072929115072,0.887601485764736,0.924162641447921,0.9614631991246503
9400,1,2806,single_city,North America,2806,85765.66945,9247253.0,68194346,1.0,0.7175475328095429,0.2790105418063565,16.162108095618557,0.0,0.009274718605622664,43.51431887574287,-79.86086732361136,204.0,8.7975,6.858248282950125,0.2891512755193353,0.3074187545209372,0.3259099756435776,0.34462104583923464,0.39111128461609085,0.4421458999769986,0.6006738433565082,0.7859592464919042,0.9467059028232493
9401,1,2479,single_city,North America,2479,101426.8304,10726287.0,89648199,1.0,0.780623386146549,0.6503932136607158,48.93682864351624,0.0,0.009455912414053438,43.154356175291845,-80.26181544446814,221.47,9.1885,6.980453078738545,0.5949452965411051,0.618545448205889,0.6423009192276881,0.6665762346280684,0.7612678087021166,0.8634786669422513,0.903994737414727,0.9494717976500162,0.9895275970146986
9538,1,7384,single_city,North America,7384,68407.38486,12580278.0,97718354,1.0,0.9355216280604006,0.34965985021180535,21.447386152220382,0.0,0.005437668774887169,29.54937386428391,-81.23057800746773,9.25,21.7095,6.976460108989124,0.19826477602482234,0.23728577381199367,0.2808957798865812,0.3260328587333285,0.5040084964736073,0.6998230881702296,0.7972466904149494,0.8980388191739483,0.9830289918871428
9575,1,19,single_city,North America,19,252204.8557,18066273.0,119835636,1.0,0.9210879142697251,0.3708823646023997,45.745803974300955,0.0,0.013959982543162056,25.042787852904627,-77.33229637232465,3.92,25.172,6.90200678802249,0.5483141431550381,0.5689838739844129,0.5898561922539308,0.6108676094953287,0.7062589500335792,0.8091368928167973,0.864327689501869,0.9224751004260813,0.9752222829800037
9629,1,3278,single_city,North America,3278,64618.07118,7214436.0,60518567,1.0,0.5395256817049444,0.5127068852387278,50.68989582265117,0.0,0.008956773776910627,44.298237481111194,-78.33382134291294,217.17,8.163,6.883352436904235,0.5800694607312339,0.6015870124844132,0.6233700042525847,0.6452643006327868,0.7270329932928922,0.8124683620452104,0.8676969343133684,0.9257278046405845,0.9771082590517124
9659,1,3882,single_city,South America,3882,101021.4433,4580760.0,47965472,1.0,0.8767632607582031,0.49812019308127703,13.439979620907497,0.0,0.022053424169788418,10.165302955371358,-66.88830173194748,261.49,27.627499999999998,6.715760284996426,0.2440769653943887,0.2455895964861726,0.24719588015962415,0.24889297845772318,0.4418515704817541,0.6578187898951265,0.756548040063221,0.8648460080859944,0.9652142875854661
9665,1,215,single_city,North America,215,122692.3054,11928621.0,109695566,1.0,0.8854274105005001,0.30330582418354846,18.89696207794319,0.0,0.010285539745122257,10.277582619344548,-61.449152686353244,18.61,26.488500000000002,7.306486767071035,0.7786022374254324,0.8166203788350724,0.8590131248197088,0.90651350227323,0.9066054659629139,0.906701956579893,0.928359615080402,0.9564182649444558,0.9846551416127648
9667,1,37,single_city,South America,37,69655.64703,5476852.0,44388624,1.0,0.8422039775874669,0.42722896051941245,20.402293555271743,0.0,0.012718190491545142,4.928693319640957,-52.305518552360304,11.4,26.081,7.941621736136476,0.5218799047335951,0.5313521344012948,0.5409963606831077,0.5505909233990621,0.6706027477098158,0.7985289724827328,0.8542832634513403,0.9131471874719274,0.9678373635073578
9668,1,33,single_city,South America,33,130257.3324,7417116.0,49585361,1.0,0.9085534989218462,0.6411313741626972,30.92791560420851,0.0,0.01756172242688398,6.805036405272729,-58.15079331173832,2.05,25.9115,7.718286082110343,0.17885523160214833,0.1793548867241661,0.17988339403077963,0.1804376525862613,0.4997578573666638,0.9069444242209506,0.9325383343067575,0.9582026221512513,0.982281792545782
9669,1,4665,single_city,South America,4665,76320.13253,4194311.0,28833845,1.0,0.7028220040383927,0.5702963868254913,19.247173446404222,0.0,0.018196107186615396,8.01053841042667,-62.40033954522789,367.45,25.9175,7.317565599632516,0.42254162841048265,0.42927741886569687,0.4361028545570417,0.44326207570206405,0.6280025491671933,0.8228085614061523,0.8470008542523433,0.8717403168243842,0.9101971694516692
9677,1,2251,single_city,South America,2251,592681.5526,12771264.0,155511589,1.0,0.9581304108190599,0.5556305382899347,38.03790027120848,0.0,0.04640743097942381,4.8134562702653305,-75.7013986883215,1398.03,19.933999999999997,8.757403316718628,0.4465154741143868,0.4676866753361296,0.4899532262429153,0.5131272832508983,0.6185313372270748,0.732511284709172,0.8038241163912985,0.8805557539175449,0.9518478358915766
9678,1,3107,single_city,South America,3107,515277.379,11093733.0,108426841,1.0,0.8814354172332985,0.38828850259573006,26.49328894292281,0.0,0.04644760956478761,4.438377630611204,-75.20379193616222,1114.64,18.228,8.115086387885343,0.3851721507990142,0.41736077477256756,0.450439450814257,0.48463109757554107,0.6369289760263745,0.8024024014279053,0.8561979092159511,0.9130041258429421,0.9653029327459026
9679,1,2928,single_city,South America,2928,329537.2381,9222952.0,83334604,1.0,0.8513230153261974,0.4077238511654676,24.751042435401132,0.0,0.03573012611363477,2.9346759541980303,-75.27707603076014,471.27,21.27,7.498053509483463,0.4400502138577757,0.4594161392144294,0.4792528465940189,0.4996681106005973,0.6254335921947767,0.765524096840144,0.8321978689686339,0.9042354335141287,0.9690224995207608
9680,1,4052,single_city,South America,4052,248461.2417,10948296.0,85830108,1.0,0.932756831839498,0.3446082529549992,20.0797636737888,0.0,0.02269405592431918,4.874672454170481,-74.05059220572667,2558.21,15.604,7.867376727899029,0.41663506357519015,0.4685827821973392,0.5234871253024215,0.5804094993412674,0.6365653614041856,0.6959097561848894,0.7672385730162941,0.8423433199102399,0.918827642219392
9681,1,2866,single_city,South America,2866,433324.9404,8243554.0,113041410,1.0,0.9990024429588095,0.3058548314711458,16.84395775979023,0.0,0.052565306225931197,5.057633841898726,-75.49755173994465,2077.22,19.6355,9.546972060170033,0.5376364369057326,0.5833909743297612,0.6304363385015734,0.6789504866469002,0.7639696422198484,0.8543967808059485,0.8917470547290647,0.9302078933430896,0.967924514111268
9682,1,3330,single_city,South America,3330,283489.4865,6874278.0,55015851,1.0,0.8929348714400922,0.4742360113929561,15.767308799647695,0.0,0.04123916526215553,9.300578371853588,-75.39540432268831,200.67,28.0245,7.673672090087499,0.5822713308946772,0.5865030480291894,0.5907978990666365,0.5952620769773931,0.689350357957592,0.7894354868976786,0.8358217401158347,0.8863896688495868,0.9404978966518375
9683,1,2803,single_city,South America,2803,326442.5282,9441229.0,60178899,1.0,0.8600075820968756,0.511852336772654,25.97074649705997,0.0,0.03457627478371725,8.748318131890331,-75.88068032247547,15.69,27.057000000000002,7.586085985696277,0.5251651029754707,0.5421048467312889,0.5596140078796945,0.5774760891828807,0.6566069947037616,0.7402798936452023,0.8064810206383088,0.8803281860867902,0.9510375185264546
9684,1,4943,single_city,South America,4943,810691.7123,27203275.0,259227063,1.0,0.7777158554970788,0.5233953720481656,90.21692700811636,0.0,0.029801254161493422,7.888475958290874,-72.50504869504604,355.04,19.9925,7.045457275037023,0.5362759447162152,0.551639683089628,0.5673651793763802,0.5834354135669326,0.7040642716731718,0.834442103018846,0.8755721140193597,0.9186836879015486,0.962115774663161
9685,1,662,single_city,South America,662,362088.4464,10903058.0,122472633,1.0,0.7809850106649162,0.6552816296355496,46.257458682026964,0.0,0.03320980649648934,7.767276006261067,-72.22468356930098,902.44,20.481,7.001101258279762,0.5438856695066651,0.566318458546217,0.5888752494942244,0.6115524653725588,0.710807371656649,0.8160392249587226,0.8699248412693026,0.9251491645738288,0.9749448274053023
9686,1,3166,single_city,South America,3166,109800.9846,4644275.0,35878709,1.0,0.6967426398062846,0.6136087502937894,30.039910325159287,0.0,0.02364222286578637,5.656142292007806,-67.60890163630079,78.48,26.205,8.202216383787713,0.4274016934828364,0.4418373158350873,0.4563754299648492,0.4713189895085885,0.6421934532300521,0.8324151778264638,0.8866462472614133,0.9435145420975287,0.9919025036200484
9687,1,2332,single_city,South America,2332,171687.5058,8563885.0,63883979,1.0,0.868685272351187,0.49558887672316426,24.05151086138841,0.0,0.020047852791110578,9.042572854018312,-69.74100718792384,170.11,25.6905,7.706037624810417,0.46705181118149064,0.4938718817452593,0.5209940348334897,0.5487674110523436,0.6424758155907044,0.7441676295279537,0.821703584296146,0.9028464300956867,0.9755453278506192
9689,1,2805,single_city,South America,2805,278915.5764,16346062.0,147571747,1.0,0.7429828789792192,0.594314507120461,71.49086449589569,0.0,0.017063166431156324,9.567630112785652,-69.2114625296578,202.94,26.266,7.2349063510692515,0.4922619282858465,0.5027860533014007,0.5135359819386468,0.5244759257612017,0.6435014133679414,0.7710578242025511,0.8372354760430983,0.9096470452638684,0.9760602278395861
9691,1,3441,single_city,South America,3441,118271.6252,7004880.0,48964528,1.0,0.5906836331720224,0.5337158289265407,47.31713861584257,0.0,0.01688417577460285,8.91915113012074,-67.42354851617768,100.52,28.7285,7.361834027743867,0.47510221445620765,0.4879725277235299,0.5008902365208254,0.5139725448544443,0.6436749808704789,0.7784631571133267,0.8436822615091194,0.9114424515480636,0.9711842315642809
9692,1,26,single_city,North America,26,159560.4672,26573919.0,214029079,1.0,0.9163383160203852,0.5710700201491891,78.2412318766239,0.0,0.006004401052023979,12.134464123025746,-68.90756040396053,21.07,26.3985,6.780157675131418,0.14303426604107583,0.1884561701268074,0.2524509463583448,0.34108055345543875,0.4085839201963399,0.49479006088639016,0.5792285661742251,0.683310918498698,0.8157940497974725
9694,1,2175,single_city,South America,2175,140904.6608,4868811.0,37057723,1.0,0.5986689424209258,0.4272222784386325,20.00051051285142,0.0,0.02894026093845089,10.170790413172377,-70.07547075927863,433.6,23.1565,7.794333534807533,0.49687860136694567,0.5242129957396169,0.5516938324367079,0.5792486091573487,0.701687948043167,0.8308636338522896,0.8784941539114991,0.9278006478378397,0.9727865797214146
9698,1,4878,single_city,South America,4878,544272.5056,13120671.0,107201685,1.0,0.9579118424744993,0.5974517577393609,30.74477227945326,0.0,0.04148206334874185,10.465225993727278,-73.25972021673823,171.95,25.8595,7.831606756249636,0.49254561752215265,0.507536085616353,0.5227705961074705,0.5381408466076163,0.6383680377322166,0.7485365649363512,0.812868259557762,0.8871729959542466,0.9577645076231238
9699,1,5037,single_city,South America,5037,140738.7635,5421320.0,40165030,1.0,0.5531682241947332,0.5175392692495613,30.546072672109002,0.0,0.0259602391115079,11.378046295043472,-72.24103670506955,51.22,27.334,7.279570527875346,0.2006142415500284,0.20943570938443035,0.21881128581231138,0.22861830698058774,0.3314812628658703,0.44227605085108423,0.5208589421026614,0.602482605712262,0.7227228792987686
9700,1,4975,single_city,South America,4975,229284.8859,5694030.0,43725823,1.0,0.5841979328364149,0.4833813659798773,34.05808920020283,0.0,0.04026759358485993,11.53376378164241,-72.91241834945967,11.17,25.119500000000002,7.952503075828967,0.3402019307941827,0.36091362356713963,0.38240894410461485,0.4039955883618456,0.5490842162756431,0.7084880128836694,0.7722147582643576,0.8414355035010352,0.9139816614945829
9701,1,798,single_city,North America,798,663831.8318,28683098.0,238116556,1.0,0.9625828018417977,0.47029327820368755,58.22766516590029,0.0,0.023143658742859646,19.459441892083532,-70.69468959269582,194.85,21.5825,7.323433719659117,0.4035239847522747,0.439735658958457,0.4857161175546658,0.5379621476034423,0.6319731222896494,0.742923445717056,0.7833795359204225,0.8293738005566902,0.8891255749291795
9702,2,4441;4479,multi_city_aggregate,South America,4479,473141.14775,12819882.0,123667570,0.8774998085005775,0.8415062603787234,0.5312613675826593,45.59854275163587,0.020198865774958195,0.03690682548794131,11.229979196333618,-74.19112414467277,38.29202187664442,27.16918511987864,7.723485360741201,0.46870166199657687,0.47946814175044666,0.4907019424983787,0.5023117217459568,0.6264178562641997,0.7561260704271693,0.81913616677595,0.8880872694460058,0.9557914807640195
9703,1,6903,single_city,North America,6903,176596.2879,9407508.0,62239509,1.0,0.9180989946196456,0.6485097028376003,30.73912909871165,0.0,0.018771845625855432,18.521824870525638,-88.30354816057547,7.27,26.491500000000002,7.24519240708866,0.5130421361321191,0.5322523244200271,0.5547559459954751,0.5813845707067163,0.6555591555170615,0.7665859013885505,0.8184944408232233,0.8920346387162253,0.9669161057317198
9704,1,365,single_city,South America,365,220915.5544,9658679.0,98175003,1.0,0.7954984176537082,0.43472472155418357,28.30092776613469,0.0,0.0228722327763455,-1.0536816280286707,-80.46464942983903,55.19,24.065,6.3843078341084425,0.3819204468851279,0.40758958859694994,0.4342839222630755,0.46174471684999574,0.5842903568904195,0.712401043662389,0.795217958894793,0.8822927027598702,0.960476479236964
9706,1,514,single_city,South America,514,464837.4662,17144643.0,131463450,1.0,0.8772284214810776,0.45678786555303663,40.608416639799415,0.0,0.02711269439672789,-5.190341134667986,-80.63846204136364,34.06,23.2545,5.584629125549047,0.4801370900519772,0.494556287932038,0.5095994708084619,0.5250288384540874,0.6264894521279912,0.7325254891571671,0.8156588037441199,0.9027186509512038,0.9775899095711704
9711,1,2989,single_city,South America,2989,438576.9137,16750582.0,136341510,1.0,0.7792706017848009,0.6061796260705203,60.10435793554317,0.0,0.0261827865861616,-12.062604216373291,-75.21654066415601,3257.07,2.721,7.392345751055807,0.6845348418341524,0.7035057647549201,0.7231289038195807,0.7434851517398022,0.7859056479350987,0.8287185484062584,0.8778906906040638,0.9287165066861558,0.9743432795350037
9714,1,3331,single_city,South America,3331,198072.2423,8728085.0,74114905,1.0,0.7719732011589192,0.31267887897465085,16.51141316195233,0.0,0.022693665597894614,-13.162736626203941,-74.2198890845286,2817.95,3.77,7.5717241324107025,0.6593119796610597,0.6800275203552669,0.7011546060791113,0.7230289347548746,0.78163274074439,0.8406207088954794,0.879300785911228,0.9180855823471014,0.9575051113732279
9720,1,3648,single_city,South America,3648,128182.8822,4477994.0,39565209,1.0,0.7194153889420992,0.3206722122046489,13.24587169196281,0.0,0.028625067876375,-15.842216262351158,-70.02052601087532,3886.46,4.442500000000001,7.098941594110224,0.2778386929504595,0.3309448382467685,0.40311219711326096,0.4899305358604768,0.5845461159617453,0.6929857431698211,0.7774418634772624,0.8770112242222745,0.9706437748688364
9721,1,3596,single_city,South America,3596,303298.1306,12851909.0,94425307,1.0,0.7548877950413132,0.6753177834343869,51.563294686637995,0.0,0.023599461418533228,-15.485832953878377,-70.13134351428158,3828.91,7.958,7.071455785143187,0.4308101621323338,0.4812692028865128,0.5482476572157491,0.6212585227610933,0.692110409434116,0.7665794241151256,0.8097193965503491,0.8612136142576173,0.9240364991691118
9723,1,211,single_city,South America,211,318718.3704,15643956.0,107916101,1.0,0.9415232713725596,0.4822878358533607,38.02029871465048,0.0,0.02037325919351857,-9.968004113533823,-67.82257029616198,148.84,25.555500000000002,7.6303309134828305,0.6059666749254472,0.6457262472484582,0.6950291857123607,0.7492204017960674,0.8200707033438345,0.9032740823356956,0.9189410913710061,0.9357530793361986,0.9579360872659064
9724,1,3049,single_city,South America,3049,257861.417,15606595.0,116432859,1.0,0.6821361824291039,0.32474191203158065,33.65709920582464,0.0,0.016522592980723852,-8.380938890695067,-74.56891401174165,154.4,26.1845,7.829686473496291,0.45203043969552614,0.4733175301851557,0.4947728828741952,0.5164259724815055,0.6212287818066657,0.7431540960728461,0.810455323534698,0.884512605087785,0.9548524197622864
9726,1,1368,single_city,South America,1368,254462.0041,6624131.0,52188245,1.0,0.8062529173977623,0.5231821961544417,21.524392508852607,0.0,0.038414397918760966,-7.162023275366538,-78.51014794275952,2735.62,15.692,8.094201384121568,0.273609776135164,0.2972709929800603,0.3222398530463845,0.34841158787469634,0.45163780728370256,0.563134394534166,0.6862485056530434,0.814511216641096,0.9287277078306574
9727,1,2170,single_city,South America,2170,169274.3569,6072567.0,65638695,1.0,0.667113203112235,0.598231326129096,35.793920456152684,0.0,0.027875255538555608,-3.9964634820058067,-79.20745174454362,2132.89,16.238,7.416200171054042,0.5381952969806674,0.5757779206058986,0.6145336889654738,0.6545589369372129,0.7357127554129909,0.8208788803812292,0.8764879827591857,0.9339717453920229,0.9840204315571981
9732,1,3221,single_city,South America,3221,70958.97635,8827498.0,72933671,1.0,0.9072133951503278,0.534793635218569,20.57877865175655,0.0,0.008038401860867031,-3.7539779033273244,-73.26242993074712,93.32,25.773000000000003,7.920513339087884,0.6097225963687559,0.6277018697710268,0.6460933777611731,0.665038949881382,0.7632434467841284,0.8699813922359427,0.9085336524573554,0.9508800794970443,0.9880410055034847
9733,1,525,single_city,South America,525,416972.8569,27635824.0,213335822,1.0,0.8504367671900214,0.6172449793957688,71.64774170394315,0.0,0.015088128253385895,-8.767968468320182,-63.86739364533238,84.35,26.2575,7.76380777688246,0.752221645354233,0.7800392345818963,0.8128728132007209,0.8491860420011359,0.8963955986982693,0.9499185549886263,0.9565069237667746,0.9633234022622231,0.9741367219591498
9734,1,2934,single_city,South America,2934,127353.0658,4571255.0,30210734,1.0,0.6721813843768795,0.27206722063354793,12.600183757410452,0.0,0.027859540935694902,-0.04071080289392178,-51.168089636681934,9.42,27.236,7.793358942361689,0.4911782431739205,0.5182764908105104,0.5458840077834205,0.5742252401145856,0.7253572596584527,0.881293867876546,0.9086541879636992,0.9365117456803438,0.9655107842375891
9735,1,5645,single_city,South America,5645,230706.7159,12305157.0,81594279,1.0,0.7947341386616523,0.48414065102562304,33.41990505689263,0.0,0.01874878279895169,-5.517038631832879,-47.47497501100488,128.54,27.0935,7.2932458850245,0.63562236548465,0.6632988916760671,0.691161274902872,0.7192306445175791,0.7768234082669567,0.8373395804702045,0.876003451235933,0.9158370754635637,0.9570211903838366
9736,1,5069,single_city,South America,5069,166251.4338,12390198.0,86066122,1.0,0.9745080916932471,0.5176973020354566,26.388096892576378,0.0,0.01341798039062814,-7.193344330968473,-48.20455987026771,234.67,26.945999999999998,7.481838478825764,0.4357492107874305,0.4568634012144116,0.47876619889367383,0.5007375991892946,0.6108328535185636,0.7277884501926443,0.798707010170459,0.8736341420855421,0.9458879511045748
9737,1,5217,single_city,South America,5217,98141.8064,5373173.0,37983101,1.0,0.8399806116628761,0.5388093136075793,15.726218274024664,0.0,0.018265149177218006,-10.32227794617997,-48.30503853470375,258.13,26.6675,7.517589869960271,0.1398054743444888,0.1442728533028808,0.14890717272643184,0.15385843709108193,0.4526874530189145,0.8354597925657707,0.8784651080469584,0.9242259648070144,0.9678259010085847
9738,1,7321,single_city,South America,7321,139833.6415,7036961.0,53433601,1.0,0.8232666689112197,0.43268981025263226,16.802453699301477,0.0,0.019871311138430353,-12.138074662058017,-44.994427519975716,460.38,24.8915,6.804538574828524,0.17071460251094187,0.18462131593453482,0.19904103490128763,0.21355369171436364,0.3637730832954737,0.5379562285480906,0.661219523598326,0.7892561860155257,0.9119905595611515
9739,1,6413,single_city,South America,6413,95317.61733,6396969.0,45319056,1.0,0.8578758605470379,0.7461517761647845,23.81874920556408,0.0,0.01490043446044525,-15.544277837708623,-47.3317776424762,926.69,22.2675,7.095885764566003,0.32345318540702633,0.3461117288515858,0.36892581471006036,0.3919342113429032,0.5440071696454993,0.7084491108210779,0.7858590529358513,0.8655017712294683,0.941016753403057
9740,1,6653,single_city,South America,6653,59591.20485,3766110.0,28297374,1.0,0.6678442284818217,0.5415060592199118,14.42596153266538,0.0,0.015823012299162796,-16.36606009999062,-46.895756933915074,590.07,22.666,7.30751413737038,0.3370711423723683,0.3622666358656545,0.38772632769621707,0.4131900024162863,0.5730222962154584,0.7413315065146796,0.8275390256790163,0.9154974230704892,0.9890722788235076
9742,1,6079,single_city,South America,6079,91872.46609,6894277.0,48949633,1.0,0.7855286816216099,0.5931381470186432,25.227745838933984,0.0,0.013325902932243656,-16.251715575206806,-47.935965760133,974.37,22.887999999999998,7.145904086233292,0.368019880837396,0.40700903082368173,0.4465988239230887,0.48638254598705566,0.6301177048731869,0.7863131986138648,0.8399414470872,0.8954242772664922,0.9498089502351008
9744,1,6236,single_city,South America,6236,175169.2508,7055655.0,47290370,1.0,0.8150710725345326,0.3995269856271644,17.78821128800779,0.0,0.024826787987791355,-15.620540299275037,-47.654747612078346,969.05,22.2675,7.095885764566003,0.3050411336722105,0.32275756113358717,0.3406756707917266,0.35863403185104714,0.6124588007775323,0.9049585049155606,0.9312170167050401,0.9592519758973476,0.9846319016448508
9745,1,6253,single_city,South America,6253,75257.1694,4996125.0,33046860,1.0,0.8373648805949987,0.6414301655028094,16.625390929577826,0.0,0.015063107788536116,-15.452494904134058,-47.610271605405444,1042.86,22.2675,7.095885764566003,0.41812324551527436,0.4578526357927394,0.49853656583852485,0.5391796642397858,0.6833788185844029,0.833413695614101,0.8618079011233706,0.8917751257224349,0.9303822462408367
9746,1,5753,single_city,South America,5753,183031.8068,9617316.0,57083762,1.0,0.8545760900911679,0.4255920882252991,25.771176135795255,0.0,0.019031485166963423,-15.743969642082591,-48.27665058530308,1142.83,22.8315,7.080278151757295,0.14875917563694485,0.16276848967009092,0.17720910906951587,0.19179051618975607,0.4525999769582283,0.7612858930703743,0.8015431748317307,0.844483221722152,0.9002578266119154
9747,1,5774,single_city,South America,5774,63060.74614,2933013.0,17381733,1.0,0.762036141187679,0.5526742548110554,14.901141365509423,0.0,0.021500329572354437,-15.9483975895091,-48.27543835020301,930.6,22.4795,7.287840013046233,0.2664700088271003,0.28485690312317063,0.3034391596627768,0.3222058681635574,0.5130468224995934,0.7250046283463456,0.7894093889116754,0.855805616954306,0.924197062883799
9749,1,3972,single_city,South America,3972,203181.5912,11521111.0,87945009,1.0,0.7748032555788104,0.668224702174438,39.601911431729505,0.0,0.017635590109321923,-17.786912182813715,-50.92295784491503,736.78,24.0255,7.219679374719296,0.2761767506623276,0.3105770788945615,0.34579521020151616,0.38085710657591965,0.5205758368268477,0.6699553541320798,0.7702843935797511,0.8813764575308752,0.9764317868302805
9750,1,3444,single_city,South America,3444,81950.3621,6810426.0,59183893,1.0,0.7427761080792135,0.46390148259149255,18.602205772923927,0.0,0.012033074304015637,-17.880629774964973,-51.72271507544802,721.6,23.524,7.193062032596449,0.4331248882228513,0.4758968088046181,0.5193443112075515,0.5632381880369892,0.6916065162443583,0.8283257170696811,0.8651015369669973,0.9037085198488318,0.9456436352145959
9751,1,3054,single_city,South America,3054,61623.73908,4825202.0,38609322,1.0,0.851504357777225,0.4880233459560705,13.15536533473601,0.0,0.01277122472385612,-15.890892848849404,-52.26028030836986,333.41,25.2755,7.317912694310885,0.3403971481401193,0.3737192764157853,0.40738398102297063,0.44111541858765707,0.6140801980932612,0.7978368573999596,0.8539758542751164,0.9129391888671189,0.9674237472337945
9752,1,2482,single_city,South America,2482,204038.4813,15954489.0,106232733,1.0,0.9729709505695261,0.5491582291783426,32.09682802278916,0.0,0.012788781972271254,-16.45530940460195,-54.630667739151534,249.87,25.244,7.35440583555317,0.3957765742293595,0.43529830381906937,0.4754258817063962,0.5166778453387006,0.6210150635347832,0.7340138565390594,0.8056735630956278,0.8840363361057819,0.9585673975518739
9753,1,2019,single_city,South America,2019,118956.3551,6808444.0,45845607,1.0,0.8800048413862527,0.5429582281286728,23.98777279086576,0.0,0.017471885661393412,-19.016658205747518,-57.64140968362498,162.94,25.4315,7.3224004543699355,0.5759423151604096,0.6189630112254724,0.6625421315061121,0.7062499155460484,0.7762823634886327,0.8523086919713226,0.8900444800603486,0.9305698923278212,0.9697892793125713
9754,1,1477,single_city,South America,1477,74591.92801,6857010.0,49791531,1.0,0.5543876611682491,0.5285653383074388,38.12736502983173,0.0,0.010878200266588499,-12.731722101243687,-60.13159238104283,596.5,24.554499999999997,7.464238164499715,0.38510006548043535,0.39177513230985517,0.3986497030046624,0.4056473594175887,0.5921808485039398,0.818392856361592,0.8637925276468899,0.9119724194656271,0.9597840749831195
9755,1,929,single_city,South America,929,107462.0033,10774408.0,74165578,1.0,0.9029363537800431,0.6130618530684362,30.528422753502493,0.0,0.009973819749539835,-10.880777844761635,-61.93417557991447,157.74,25.734,7.453794752983273,0.6780596205378523,0.7095956455333787,0.7468440957498547,0.7861483433706984,0.8177288255651726,0.8532478072113103,0.8746456417837528,0.9011063995348979,0.9377722655388584
9756,1,524,single_city,South America,524,334856.0881,17255638.0,128393738,1.0,0.6827835892572726,0.34276569051353806,42.39395541500419,0.0,0.01940560459717572,-17.96629921520773,-67.10585009744939,3724.27,10.559000000000001,6.370506963568367,0.30920717043322304,0.34163686094944734,0.3863138528983976,0.43845791155331376,0.5192628635348052,0.6146916155751528,0.7065972872170824,0.8305502236428465,0.9528879198787086
9758,1,927,single_city,South America,927,237159.4575,6064284.0,60433399,1.0,0.5401068658290543,0.536195338690639,47.49710076792565,0.0,0.03910757766291948,-19.579765398170615,-65.75618345634612,3929.18,7.1605,6.873644050153324,0.45041591060049296,0.46634821192411174,0.4823776393058109,0.4985058417448787,0.6112411621883144,0.7260256940473104,0.8163605134588023,0.9108475130782133,0.9896043786867501
9760,1,1163,single_city,South America,1163,226294.2791,11093888.0,94299351,1.0,0.9066442929228807,0.6216080266936141,31.497425933117917,0.0,0.020398103811756527,-21.52746956501176,-64.72892821374751,1894.62,12.342500000000001,6.989179032572601,0.5462478979416414,0.555451974997404,0.5647184287420245,0.5740001160999643,0.6138038350486322,0.6545761954690728,0.7363773638241164,0.8202188448269894,0.905222136729702
9761,1,1273,single_city,South America,1273,90083.47404,4611629.0,32042602,1.0,0.5216589025257048,0.4324856296098722,21.982650073762866,0.0,0.01953398116804279,-23.136438916068943,-64.32012150076521,352.83,15.2335,8.070204749156664,0.5003602848364428,0.524899336004696,0.5495051748525304,0.5741949319860726,0.6578911703434946,0.7465177706185818,0.8111092631258933,0.8820633663289046,0.9478988877899762
9776,1,2745,single_city,South America,2745,92137.56445,8199535.0,54527374,1.0,0.7321170888757197,0.6861164332754204,32.53407705643012,0.0,0.011236925563461831,-26.78798736735699,-60.43852524948071,91.71,21.636499999999998,7.039478913596326,0.5382640600960908,0.5584552050817516,0.5787766013560525,0.5994155766150153,0.6633299327339904,0.7314789192313954,0.7745652649814898,0.8212105930397272,0.8829760468124107
9782,1,3225,single_city,South America,3225,106672.0848,8265379.0,60726710,1.0,0.7166908501893803,0.5756340545948252,33.27313656676957,0.0,0.012905891526571256,-29.143249204246697,-59.65506472453249,44.11,20.250500000000002,7.197912410945558,0.5543540108687091,0.5743345828424806,0.59454321453378,0.6149770022645059,0.6908297853008314,0.7696576285249593,0.8311663627281943,0.8961434194366646,0.9567983512915742
9787,1,2746,single_city,South America,2746,172191.7117,13997812.0,105014894,1.0,0.7600522744121028,0.741637274242868,61.155652856555996,0.0,0.012301330500795411,-22.2300283430521,-54.80290879729664,423.89,23.337,7.218304396249964,0.33764662648705385,0.36201572074264177,0.38705484828628933,0.41203453796921974,0.5881029835234249,0.7743944553620237,0.8363032736830585,0.9023611690169864,0.9635309432645617
9788,1,3885,single_city,South America,3885,105395.2192,10902417.0,79543791,1.0,0.8476838727308544,0.4894639099593723,22.79136303326163,0.0,0.009667142542795786,-20.791205073072554,-51.70304901296118,321.53,24.854,7.192443875452053,0.33153758473923717,0.34963669065309094,0.3680269246718411,0.3863690959536771,0.5343188579193036,0.6892879808211335,0.7652804878037595,0.8466827126498647,0.9292378928452287
9789,1,3600,single_city,South America,3600,61136.95265,5814852.0,41781918,1.0,0.7765020125427909,0.5791441408359861,17.00562975033069,0.0,0.010513930990848951,-23.08792891027308,-52.45993018730892,463.29,23.1475,7.302795570353175,0.38230345329511395,0.42658970512061184,0.4713129414127823,0.5167268229698709,0.6510863905048658,0.7932636978550787,0.8527274640867901,0.9144200058746121,0.9714565392206027
9790,1,5100,single_city,South America,5100,92200.68614,6942737.0,53626431,1.0,0.7790170443964772,0.7423286685780908,27.763010981942468,0.0,0.01328016402464907,-22.659275932939103,-50.422070720531934,564.05,22.7045,7.226116278528505,0.48775072424607185,0.5277379799926167,0.5685000022325489,0.6095243129618766,0.7388071880009282,0.8786749375642487,0.9099605818281753,0.9423440640197086,0.9747759421104386
9792,1,4913,single_city,South America,4913,110577.4268,7763147.0,57153489,1.0,0.9351139060880768,0.7312308764845199,21.417940176665105,0.0,0.014243891916512723,-21.29134682275807,-50.33321884680631,413.67,24.308,7.193462652999699,0.37373026686213723,0.40479485961041317,0.4361611341379984,0.4674459983818418,0.6152264023855274,0.7767713274011171,0.841436597812717,0.9112737398892485,0.9739650685475877
9793,1,4812,single_city,South America,4812,57922.40654,5559573.0,47316926,1.0,0.8303766159058198,0.6423852624784071,15.137720900295081,0.0,0.010418499143729205,-20.283407465590944,-50.24900641002283,517.79,24.383499999999998,7.261130986420537,0.4274781534481155,0.4542715780510482,0.4811865947258899,0.5082510833116141,0.6548123390051718,0.8131840340975827,0.8651275916333863,0.9210996959658593,0.9713609300570386
9795,1,5404,single_city,South America,5404,92319.68299,6846284.0,50570180,1.0,0.6873394890887775,0.5427891931852996,26.215077104341024,0.0,0.013484641155698479,-18.41038689884215,-49.22603392956401,482.57,24.927,7.1028898145151365,0.3619953539759671,0.3878832663091394,0.4141636543269312,0.44099047015870213,0.6039203164811743,0.7779383677335033,0.8400970511886449,0.9053188561853408,0.9661702611226762
9796,1,5300,single_city,South America,5300,94335.76352,7710822.0,54547770,1.0,0.7735260781061258,0.6403390369995619,27.508336292887936,0.0,0.012234203243182114,-18.979940300856384,-49.46449536086007,575.99,24.43,7.213953489793253,0.3592480801657722,0.40060138854197386,0.44254296104877017,0.4848848799777767,0.6296786516405125,0.7775322786597849,0.8402106805214801,0.9073101415127985,0.9680328504535574
9797,1,6219,single_city,South America,6219,100841.8883,8900352.0,63816074,1.0,0.6355578961533311,0.5939559764584984,42.51700746098857,0.0,0.011330101135325885,-18.648161099655695,-48.19569907796298,942.69,22.9155,7.126495550071437,0.4374620239738833,0.4651754222754336,0.4932162233583571,0.5213227521787902,0.6503121449578624,0.7827848831147353,0.8348054099433371,0.8936174659159548,0.9497010904737251
9801,1,7065,single_city,South America,7065,128013.9393,9778337.0,76311944,1.0,0.9236259427796406,0.718485625383137,27.29204419883468,0.0,0.01309158595168074,-18.587137812734184,-46.51192784424992,856.96,21.394,7.228123539854792,0.3469003982988109,0.3791485198352235,0.4117188843051738,0.4444489896390358,0.588310261755143,0.7398518786988012,0.8094920434834676,0.8858468469638549,0.9553384179743447
9803,1,6919,single_city,South America,6919,94546.61604,7563780.0,58361480,1.0,0.8129314332416981,0.6501356151586571,23.510950540245126,0.0,0.012499916184764759,-19.58967940642197,-46.93889773684286,993.21,21.1615,7.410568791333525,0.3091413288064962,0.3385584985285135,0.3682359878261927,0.3983943213578396,0.5339929241728342,0.67776878756389,0.758375045281592,0.8460198472192475,0.9297463702011428
9806,1,7405,single_city,South America,7405,70386.48769,5107572.0,41321246,1.0,0.7275411943407922,0.6225156250468883,20.083620753228438,0.0,0.013780811643967035,-21.42040653678452,-45.952843238646615,836.8,19.594,7.42867122380221,0.42634797903974725,0.45449618722947027,0.48274718398487576,0.5113971961628735,0.6361445320790388,0.7716145753794562,0.8363378920551683,0.9045066814525571,0.9656936798933035
9808,1,7143,single_city,South America,7143,103171.7701,6711125.0,56312508,1.0,0.8747269815662705,0.5826167294442242,16.713861081674676,0.0,0.015373245186164763,-20.71907562865437,-46.61036220635828,764.7,21.491999999999997,7.068974914763283,0.3906491087559835,0.4163743038611261,0.44266184879584275,0.46894656261059064,0.6085692041200246,0.7591475348767904,0.8268725437240403,0.9018853023896888,0.967230829406396
9813,1,6382,single_city,South America,6382,122732.1708,8312552.0,65017790,1.0,0.6472809424566877,0.6053804842649749,46.05758452366729,0.0,0.014764680064557792,-22.290749464728343,-48.556972319926366,555.93,22.238,7.2313550193806755,0.44313731811843105,0.45633302504453505,0.46981047456906133,0.48327613469365366,0.6131479237663716,0.7550896523714979,0.831340002444496,0.9122800073912319,0.9819346694011658
9814,1,6443,single_city,South America,6443,73654.47271,5998227.0,42459051,1.0,0.6806624492582659,0.6376212262715258,30.741871248111742,0.0,0.012279374006685643,-21.602268327354853,-48.361765306081566,587.54,23.679499999999997,7.141587106622548,0.4721533546496323,0.49981402837871924,0.5277324449374791,0.5559669549018401,0.6935757849777943,0.8418112552259193,0.8888309828887769,0.9388332585612382,0.9840202779921466
9817,1,6533,single_city,South America,6533,108581.2704,7149271.0,51281045,1.0,0.6844152337078413,0.6130037627960392,28.71734919202344,0.0,0.015187740176585836,-21.128865242857223,-47.99703901858035,548.22,23.306,7.238956505347414,0.38536432595715003,0.40946370615969097,0.4339715196136781,0.45840002428219606,0.5859975093964126,0.7227743919624812,0.8043634099196967,0.8964761581985072,0.976769099954387
9824,1,6133,single_city,South America,6133,112372.3681,8764887.0,58420104,1.0,0.6692444037122386,0.607627169061541,38.928140996554916,0.0,0.01282074350758886,-20.555219768931266,-48.566591768662356,552.23,23.9335,7.190458226137462,0.389891392781219,0.4224352236372243,0.4557948094481994,0.4890829739162638,0.6206508994354405,0.7615943023566647,0.822965430130474,0.8885827050594035,0.951676273750021
9825,1,6286,single_city,South America,6286,69819.7672,5711372.0,39306562,1.0,0.555757114739489,0.5452126621553943,43.47091333630096,0.0,0.012224692630772431,-20.943375984361804,-48.48325295990155,576.5,23.5155,7.245444275051246,0.5145206790942701,0.5446512676813907,0.57520084491082,0.6066400507618834,0.7086078441397269,0.8209521284903172,0.8688460496006913,0.9203480354632827,0.9685229748648836
9828,1,5038,single_city,South America,5038,80604.48796,7369569.0,58473437,1.0,0.7378040728086475,0.6811791629602942,28.0169419584836,0.0,0.010937476528138892,-20.416849292668363,-49.973513316901105,492.05,24.383499999999998,7.261130986420537,0.38478776710008417,0.4224709748969037,0.46034998790295606,0.49861531929479186,0.6473268653838508,0.8052237518910536,0.8575510996640373,0.9144673182380136,0.9665600525620969
9829,1,5479,single_city,South America,5479,69410.39056,5182824.0,45905264,1.0,0.8015993805957455,0.6328025597430865,16.848502163502612,0.0,0.013392388118909691,-21.67379763641309,-49.74617223910059,445.1,23.7025,7.2008169802477875,0.42745788782331795,0.4513763153060957,0.4759152539233437,0.5001914014444635,0.6699017755571094,0.8470131341523462,0.8931989587143997,0.9421230587803098,0.9858702514304942
9831,1,5552,single_city,South America,5552,104004.1144,8483510.0,64937029,1.0,0.5810718394818807,0.5394223690270682,45.57309901520839,0.0,0.01225956171443188,-22.977920472446012,-49.87246679454319,448.09,22.121000000000002,7.223439359976478,0.3683666312646534,0.4109276702685563,0.45447969059976356,0.49792055411026803,0.6657903391402851,0.8445269705581769,0.8926785021765755,0.9451403958974528,0.9891068673226059
9833,1,6318,single_city,South America,6318,74495.16756,5629221.0,49437262,1.0,0.7305210763011915,0.5905869617275797,24.80718047662983,0.0,0.013233654809431004,-23.102824325228422,-48.919293401323685,788.53,21.5265,7.218100222565263,0.4704279686301177,0.49956166226197196,0.5289509862909983,0.5584939727894854,0.700984203675784,0.8553940234359247,0.8896831373293036,0.9281005311392109,0.9659622530364326
9835,1,6758,single_city,South America,6758,121519.7592,7436847.0,60373287,1.0,0.689533092468955,0.554572680454828,33.229985245566766,0.0,0.016340225797303615,-23.585691691973885,-48.04759469626192,665.1,20.3555,7.108934163476183,0.4255006187434003,0.4558516532611199,0.4863577266010717,0.5172087041726151,0.64805945315266,0.7863114569924593,0.8461954373943689,0.9105686858960524,0.9685057390585016
9836,1,6803,single_city,South America,6803,94999.70315,5822794.0,51348774,1.0,0.5261757269191825,0.487026034098535,36.27005705915149,0.0,0.016315140660995393,-23.34984715382453,-47.85282513577226,602.62,20.183,7.172036550969854,0.3926812454639474,0.41858925457435037,0.4450317150151628,0.471669786016816,0.6335340044658972,0.8078853553809391,0.864425566145737,0.9242216022067756,0.9764303871989976
9837,1,6503,single_city,South America,6503,119154.9372,8595221.0,81743532,1.0,0.6342106008462056,0.5093615596658388,37.52902185764692,0.0,0.013862928853138274,-22.884381900293402,-48.44367078047764,824.23,21.012,7.158982759038711,0.3984217508776098,0.4312603480468972,0.4646497163947268,0.4981170350360974,0.6421653381570992,0.7934378883335286,0.8560369768270065,0.9241563422278496,0.9846354154244551
9839,1,6458,single_city,South America,6458,57388.18168,4347049.0,38080455,1.0,0.5702757945497159,0.5175979378239801,26.783741633368223,0.0,0.013201641315752365,-22.493757345518723,-48.56073077847896,499.28,21.450499999999998,7.300247940910055,0.45448072934075506,0.4779159379155837,0.5017371554817993,0.5259850993168009,0.6639911351355828,0.8130207411970741,0.8644878399116274,0.9194425919744635,0.9699483488683932
9841,1,6947,single_city,South America,6947,93757.88417,6794401.0,47646796,1.0,0.7510990213771096,0.5794738638410969,24.82637924201415,0.0,0.01379928623141319,-22.18643926147489,-47.378645316796906,622.81,21.938000000000002,7.305386448431742,0.3774884643988484,0.40014270573667937,0.4232599753826717,0.44653222557808997,0.5734995623602434,0.708751661846276,0.7869102809798832,0.8706992713559297,0.9511132769467096
9847,1,7244,single_city,South America,7244,58487.01184,4559978.0,39000071,1.0,0.757823049772609,0.6798217129313369,18.336827283368212,0.0,0.012826160968320462,-22.43120783599212,-46.82073315390655,637.28,22.1575,7.2500828396861365,0.4651224194502693,0.4929113693092379,0.5208104074186323,0.5488730428085399,0.6751876873090177,0.8112539139443217,0.863624561346568,0.9198068499453287,0.9714369235991928
9850,1,7208,single_city,South America,7208,77855.95468,6339226.0,55986476,1.0,0.9134646429067973,0.7040962082099868,20.647124642954772,0.0,0.012281618399470218,-21.976894963824723,-46.79232301567915,770.54,21.7075,7.163842576756358,0.4260969714599227,0.4617582651257425,0.49813857401518735,0.5350793614236186,0.6314340268039031,0.734895237999087,0.8100727123469017,0.8922060832032176,0.965864760145797
9851,1,7479,single_city,South America,7479,126946.7791,7681315.0,72749210,1.0,0.6364292822225527,0.5345065998786869,36.27065917562161,0.0,0.016526698761865643,-21.56079362211706,-45.435862953900234,892.11,20.4045,7.177079115502119,0.465060084113202,0.49110250002766453,0.517475848861816,0.5441152979665591,0.6405425373129471,0.7474045785129239,0.8138890281156287,0.8878445943175094,0.9563342995307444
9852,1,7569,single_city,South America,7569,86354.21971,5270855.0,53854787,1.0,0.9377145217667824,0.7066188714395432,16.60395657970112,0.0,0.01638334192649959,-21.245105189171397,-45.00083015268701,896.41,20.926,7.192263695711931,0.43802077651538507,0.4765843492184854,0.515593390446142,0.5546270956040339,0.6774908435159002,0.8081984801327299,0.8673943790902994,0.9306918896459873,0.9842511319321059
9855,1,7443,single_city,South America,7443,107127.5736,5573057.0,49287615,1.0,0.6018114623178603,0.5431228773371225,30.991628507238904,0.0,0.019222407666026026,-22.235502777955197,-45.93650760533876,840.28,19.1485,7.51047735331257,0.4021308233524258,0.42903131979450415,0.4563195746966162,0.48355274313541025,0.6140766189902598,0.7555634187843404,0.8244503869240886,0.8969425577380601,0.9639738118594516
9857,1,7551,single_city,South America,7551,77482.39001,5110542.0,35715524,1.0,0.5665961367256376,0.5185624164304445,34.88946647401372,0.0,0.015161286221696251,-22.932809361615792,-45.45727227549621,554.12,20.7495,7.131032821319149,0.5560770266637081,0.5683314998683114,0.5806957461654753,0.5931020623644224,0.678969862687754,0.7738059877015001,0.83959059528324,0.9096798343502509,0.9724502802246807
9862,1,7288,single_city,South America,7288,86223.8014,5196281.0,53966260,1.0,0.6535210486082702,0.5799421076159451,28.190889801746874,0.0,0.016593367718181522,-23.008305838252333,-46.836649306580625,766.72,20.6615,7.241918423128687,0.47087407320735736,0.4963530648169335,0.5222989287915722,0.5484341589686932,0.6351990972004786,0.7296504942669575,0.8036946038907442,0.8859799922290577,0.9618042211343074
9863,1,7130,single_city,South America,7130,200818.2977,12519280.0,102774061,1.0,0.7556180210528892,0.6939874852755324,48.553782420850155,0.0,0.016040722605453347,-23.102335279176035,-47.22237344422122,606.82,21.2785,7.162506406153621,0.4204367184055313,0.4479719280981015,0.4760256180866631,0.5044168674236857,0.617560275031791,0.7394509907918028,0.8132777603823862,0.8936974011284994,0.9683349202190541
9866,1,6933,single_city,South America,6933,63320.15976,4809356.0,35461462,1.0,0.663144830794122,0.4124017771565705,23.600647679677934,0.0,0.013166037149256574,-27.12341177771175,-48.60634098918733,13.14,20.266,7.4281795876226795,0.4690205923620543,0.500573881409486,0.5325602845786421,0.5649920696242906,0.672456353823672,0.787811507403486,0.8465484775924261,0.9107466779335944,0.968913509417893
9867,1,6728,single_city,South America,6728,144619.5145,11118772.0,98059630,1.0,0.8629684180650108,0.40428354213200507,21.52657731417824,0.0,0.013006788384544624,-25.537096251854212,-48.53609953126937,6.17,20.0875,7.713121824423497,0.5480025132271801,0.5692553098489653,0.5909922426685249,0.6130317268849473,0.7235333182477346,0.8441827928479871,0.8849354946751314,0.9274118580720965,0.9682848069912756
9870,1,6563,single_city,South America,6563,118701.5048,9955472.0,101908402,1.0,0.8119126908067128,0.48416354027477543,30.224637075422606,0.0,0.011923242293283532,-26.484100550540603,-49.07813015154489,46.48,18.954,7.573469852843957,0.5165798266521165,0.5386154468617862,0.5607590478884377,0.5829747700561059,0.6888837616137136,0.8028310460819938,0.8595819464913367,0.9206281731293102,0.9744797634908722
9871,1,6773,single_city,South America,6773,65936.95555,5067564.0,47462438,1.0,0.6393197207400885,0.5438595790840813,34.36243805232762,0.0,0.013011568388677478,-27.091210758953018,-48.914300444813286,45.48,17.954,7.554467606947382,0.5364494656604238,0.5674327941393538,0.5989329389821224,0.6310511322599971,0.7123793601817362,0.7997209310035355,0.8552491887620955,0.9136018805090572,0.9676886172527865
9873,1,6151,single_city,South America,6151,135253.5721,11797754.0,106778034,1.0,0.6167624268603432,0.5060798191694995,50.271209679526656,0.0,0.011464349239694267,-27.815803298531637,-50.32110367498316,910.14,16.469,7.486495873508765,0.53493029266418,0.5608465814764404,0.5868142359978009,0.6128551247974826,0.7286457235843364,0.8490053276242241,0.8920484356598722,0.9368966330371018,0.9774244318028669
9879,1,5454,single_city,South America,5454,63606.56082,4477594.0,48181329,1.0,0.678524994425862,0.535912523603296,22.230774201292547,0.0,0.014205522166592148,-26.78171010480407,-51.003669104049145,932.03,17.542,7.530110023380909,0.41758542645894203,0.45315117895905704,0.4893168071960075,0.526222118396621,0.6687785895728823,0.8205274975801736,0.8732564855143187,0.9284785534374042,0.9773543559331195
9881,1,4482,single_city,South America,4482,110005.4641,8785588.0,71535185,1.0,0.6318273347250534,0.5009408294379009,38.06927408705433,0.0,0.012521127111810842,-23.550806020537973,-51.451637311560305,808.83,21.8355,7.349377116163008,0.3514329376701935,0.38565546210452845,0.420658696947774,0.456176069262524,0.5957750352053841,0.7458708512167882,0.8192090273297586,0.8990093776307289,0.9708530607171655
9882,1,3929,single_city,South America,3929,83210.13064,7277983.0,54225599,1.0,0.6904426317092914,0.5275518985692537,28.022141646628906,0.0,0.011433130668208486,-24.03388866137221,-52.37878951561234,566.76,21.149,7.464067329868942,0.49528145366648973,0.5296174778094426,0.5648857657403157,0.6000584227800477,0.7195250387366939,0.8428475306963481,0.8812638061946558,0.9230142472165709,0.9633612774308487
9884,1,3281,single_city,South America,3281,89206.62038,7959133.0,66529950,1.0,0.7463825080928266,0.577459333200121,25.98875744417296,0.0,0.011208082636638939,-23.765990913768178,-53.311390043006526,429.67,22.9315,7.391722832245235,0.41108962496291995,0.4360015092096086,0.4613086626395111,0.487023775077009,0.6092519122371746,0.738125748118545,0.8045028271295378,0.8771745616011191,0.946571190605811
9885,1,3170,single_city,South America,3170,112384.8274,9274915.0,68551708,1.0,0.7142989017868552,0.49933264768099633,31.446375797128418,0.0,0.012117073568868285,-24.734948556975123,-53.73320278106065,537.78,21.7945,7.471432237759784,0.2943233442031544,0.3397557821284616,0.3863526512102806,0.4334823553639036,0.5918552353309976,0.7567627304401172,0.8242681469318047,0.8965375963014216,0.9623680648286265
9887,1,3652,single_city,South America,3652,64272.67373,5869708.0,51763392,1.0,0.7411576814819201,0.5979184262436507,20.393162061867827,0.0,0.010949892861791422,-28.38496312908102,-53.91835986325675,317.97,19.625,7.544176540398112,0.4255940840668735,0.46340277915017236,0.5015607249968823,0.5398827335192824,0.6591982088376458,0.7807996581772041,0.8473469208349036,0.9154997148069376,0.9749467946276033
9890,1,3496,single_city,South America,3496,58840.81785,5012474.0,40435959,1.0,0.6462410880680982,0.6462158902637278,26.304384897090824,0.0,0.011738877418616036,-28.297492017426336,-54.25909620679812,268.68,19.625,7.544176540398112,0.5099406001906444,0.5556042784461326,0.6014630699331308,0.6478603180784579,0.7503129193288584,0.8574133252362007,0.8989086028176905,0.9411356547684836,0.9788282193583449
9894,1,4138,single_city,South America,4138,98666.73926,6299469.0,46599311,1.0,0.6994149458287131,0.5580881422852714,32.54084868281302,0.0,0.015662707326601657,-31.326777489272132,-54.1033688970387,213.38,18.183,7.208014674264713,0.6108386278272026,0.646909128372566,0.6833653757165882,0.719866547482018,0.7911346178542985,0.8645155647245824,0.9033264549758083,0.9428462938701658,0.9789483843796993
9905,1,5599,single_city,South America,5599,94872.77889,6371364.0,79087296,1.0,0.7688362201845053,0.7008239810489176,32.33695747924044,0.0,0.014890497370735686,-29.162980553408246,-51.51304625303162,609.39,18.356,7.533951965267884,0.3968960178699569,0.44872322472864523,0.5021416136324969,0.5560481240751588,0.6730560363526554,0.7970257232203339,0.8589426063241717,0.9236566926642396,0.9797573957475981
9907,1,6905,single_city,South America,6905,72023.37844,6050083.0,47504248,1.0,0.7408765641444799,0.550032699850485,21.142722226461004,0.0,0.011904527332930804,-28.483092380629323,-49.009483810631906,9.34,20.069000000000003,7.354611499632169,0.6724428408668113,0.6849180416202555,0.6974887782531248,0.7102439751652994,0.7780271774783917,0.8485113344726014,0.8929641130543168,0.9394074428400404,0.9810668713139968
9961,1,4096,single_city,South America,4096,52450.52516,4803077.0,35731205,1.0,0.5724437113426485,0.5013803404739897,19.60292410169204,0.0,0.01092019244330249,-34.898071417911076,-60.01530153400381,54.15,16.294,6.918991910908125,0.5718140683565972,0.615483157983934,0.6598216101886353,0.7041348702092429,0.7730552726929009,0.8431613734279089,0.8847488807695567,0.927856038951697,0.9689830081841286
9978,1,2993,single_city,South America,2993,78808.24415,8407936.0,60948580,1.0,0.8790755605661646,0.6412874988552131,19.201943750507795,0.0,0.009373078499883919,-31.250457375411024,-61.4898251310229,98.42,18.2825,6.98303064089977,0.561557675986116,0.6026935742612693,0.6443544527455966,0.6863330072921583,0.7568035722441274,0.8309695744591776,0.8730391144747058,0.9189903443603757,0.9630092331816037
9982,1,2681,single_city,South America,2681,90814.76336,9050432.0,73597491,1.0,0.6904794268240658,0.6692468535628442,37.3854811096266,0.0,0.010034301496326363,-32.41392070752948,-63.23875301955974,200.47,17.683,6.777585657837794,0.5961977284620226,0.623279087672279,0.6505997724749493,0.6779591294647592,0.7412824050829839,0.8073357161293516,0.853178168732719,0.9013975244496616,0.9499377488279013
9993,1,2551,single_city,South America,2551,86085.72567,6383249.0,42700367,1.0,0.5457630076861595,0.5372235030684028,40.950140467098606,0.0,0.013486192637949734,-39.023989600670944,-67.57605459231368,242.85,14.943999999999999,5.654692015402714,0.5077614863527962,0.5271140135689522,0.5465213717967136,0.5659584954307751,0.6218974067908051,0.6803005804724208,0.7589779123452649,0.8421897688778864,0.9231230052282153
10004,1,3111,single_city,South America,3111,147677.9998,6356956.0,42406160,1.0,0.7933107109783545,0.6118787638865967,26.60973089125015,0.0,0.023230929992279322,-39.829324062990175,-73.2269129230253,8.61,10.4865,7.501686361561243,0.4393956793156976,0.45148464139125705,0.4638570724730516,0.4763457541628415,0.5413081355290174,0.6144539933892889,0.7232576409212208,0.839340715902391,0.9427851946749356
10005,1,3168,single_city,South America,3168,141504.5789,7264685.0,50039362,1.0,0.7873748413513566,0.6252647102299846,31.52942829241513,0.0,0.019478419078046743,-40.57606378594221,-73.14481508089499,45.51,10.4955,7.5604121808313876,0.4316598723826291,0.4391868332900876,0.4467676162146053,0.45446003508755023,0.5077887065991161,0.564973980289579,0.6857808700583714,0.8150200593694015,0.9294747122552458
10015,1,2807,single_city,South America,2807,172787.5437,10845723.0,79990547,1.0,0.6154952789752264,0.5324356909862025,49.25504558602826,0.0,0.015931399289839877,-36.61311274915219,-72.10197011207111,120.12,13.257,6.905533813353475,0.37020067726236416,0.3934390542705175,0.4168596229131059,0.440414530225417,0.5497348586166179,0.6685855797718603,0.7701080877687915,0.8780737807889801,0.9702579532964285
10018,1,1848,single_city,South America,1848,107792.3402,6302607.0,45957832,1.0,0.6282892199748527,0.46590577386786697,38.901661755021514,0.0,0.017102817960885076,-37.00255069332925,-73.156623456032,9.87,12.600999999999999,6.996102638150023,0.4243693125717659,0.4276682648941938,0.4310482947770661,0.4345203500710103,0.5119259379491693,0.5937049541562721,0.7124792962658151,0.844143542505506,0.9576856053376007
10020,1,2992,single_city,South America,2992,124736.1888,7256521.0,51355962,1.0,0.6447339359691515,0.5190552451010438,32.69950285281725,0.0,0.017189530465080996,-37.469943439361295,-72.35292625221548,137.92,12.032,7.143821373410655,0.31433313567203897,0.3331407709010971,0.3521666925514306,0.37133882751803515,0.46219903449600713,0.5668644795488086,0.6958851218097488,0.8401133270337121,0.9582488633327183
10048,1,187,single_city,Oceania,187,81276.05405,8124481.0,97210985,1.0,0.9201336290637255,0.3989167058245896,20.65823917204217,0.0,0.01000384566718785,-45.880633161792545,170.4995115980223,65.49,10.8265,6.917938256038405,0.7490640940633623,0.795551740474253,0.8507681906081139,0.9126546052603237,0.9126822993370284,0.9128640955649967,0.9359471700407693,0.9596531766152201,0.9823539497476823
10057,1,3971,single_city,South America,3971,56263.77948,3362816.0,23754951,1.0,0.6007116279062275,0.4238377433344281,19.64584987274818,0.0,0.01673115016700289,-46.448325485215385,-67.52528496391048,24.65,11.7915,5.407568553718173,0.6798180453524665,0.706311912397229,0.7328744718711937,0.7594765815316687,0.8424668492120889,0.9279957630747564,0.9528350644221986,0.9776895316306333,0.9979701535855664
10065,1,3279,single_city,South America,3279,50006.28671,2263036.0,15450412,1.0,0.5149665845324243,0.42757938951052543,12.511414549800737,0.0,0.022096991258645466,-45.57866730559164,-72.05594010609401,339.31,4.688,8.021754578090592,0.6509949466115431,0.6841274288168637,0.71730365756444,0.7507078985928638,0.8199922581876735,0.8906385050878555,0.9252676492994367,0.9627323648408598,0.99389139191776
10067,1,7848,single_city,South America,7848,90790.66542,4244048.0,50561134,1.0,0.7558078898043965,0.4129467223515102,13.24012858280105,0.0,0.021392469034280482,-21.116544948198452,-42.94257345788951,376.59,21.573500000000003,7.342692777831489,0.3723541769555858,0.4069063309368791,0.44175843440036494,0.4767410736165095,0.5774675498486351,0.6845707211605524,0.7807906508126204,0.883186288185242,0.9722781174953723
10068,1,7700,single_city,South America,7700,67865.77638,4199849.0,46285384,1.0,0.8161326649252831,0.5492766371599294,13.057192543084994,0.0,0.01615909914380255,-19.760310298644175,-44.07844710702414,820.4,21.817,7.083046765973628,0.2553267986539516,0.2890158669990278,0.32373902014096223,0.3583109773708531,0.5481413736541481,0.7536059034503383,0.8324527858025372,0.9129661566403935,0.9816421971361351
10070,1,7692,single_city,South America,7692,77498.90226,4308153.0,44829303,1.0,0.5512894471182461,0.2627310332196303,12.730413287592976,0.0,0.01798889274823805,-19.83663832390309,-44.151993057992755,904.5,21.2805,7.08862244532952,0.20742833413762232,0.23185272203656648,0.25709021940492827,0.2825531033832828,0.4562398317794192,0.6449311340613948,0.7520315550538711,0.8645161859386146,0.9623383849180844
10071,1,7497,single_city,South America,7497,83278.66448,4368064.0,38129221,1.0,0.8552647041284382,0.5867701444099727,13.710679922763365,0.0,0.019065348969245874,-19.872583833158796,-44.98543987460341,742.8,21.2575,7.267104194669742,0.18546523127866257,0.21021097676224523,0.23577241542248464,0.2617145719476638,0.38854398653499583,0.5339734033200979,0.669866100862991,0.8177748769248803,0.9520000164832749
10072,1,7967,single_city,South America,7967,108107.7147,5184548.0,66289558,1.0,0.9393460318253865,0.5714430564467717,17.686147600624334,0.0,0.02085190737938968,-17.86117609821918,-41.50623232936281,363.87,24.2165,6.810408677077122,0.4034980484316087,0.4463320621199765,0.48992313312558783,0.5344357888093619,0.6473387844031919,0.7667875772391345,0.8227054701779211,0.8815148398664647,0.9404598047891543
10073,1,7988,single_city,South America,7988,79752.38475,3769555.0,37083736,1.0,0.9495598940851407,0.5708885816366789,13.640352884070815,0.0,0.021156976022368688,-21.20347194747704,-41.88974674546502,131.52,23.159,7.213023922148338,0.4486813430232481,0.48980052022055653,0.5321657330905106,0.5753809136622228,0.6825121267629733,0.7962449148506919,0.8541228341276358,0.9139537690788435,0.9680853575554674
10075,1,8208,single_city,South America,8208,64234.59811,2141722.0,24897713,1.0,0.8935007885684687,0.38291952834357496,6.73584745556723,0.0,0.029992033564580276,-14.791340839407894,-39.04980747242524,15.99,23.7305,7.073286666468618,0.6039513998548831,0.6454021577030072,0.6872796749531451,0.7297483053356131,0.8025509379835478,0.8797575035415427,0.9117280394000715,0.9449853902607341,0.9761285544996036
10078,1,8303,single_city,South America,8303,65072.25681,2656182.0,19523485,1.0,0.5534760237201025,0.3940644456088604,13.5698273172645,0.0,0.024498417958558564,-8.41835513908274,-37.06026440848059,670.13,24.887999999999998,5.972941550734818,0.48678893238490434,0.5322071303848908,0.5786824848598477,0.6256653346796266,0.7519168490713363,0.8829406268094581,0.9221062412138927,0.9615052733585274,0.9946475806251228
10081,1,3653,single_city,Africa,3653,94933.11115,1343211.0,6182243,1.0,0.6651997448371718,0.4507647731160906,8.764906898318678,0.0,0.0706762460626067,34.68090828131493,-5.9897209412419805,42.57,18.734499999999997,6.137361976654441,0.48887404882777163,0.5074422410179785,0.526742261640204,0.5463207195295452,0.648965799118679,0.7567284663392423,0.8072618523820904,0.8598559719954646,0.9184007575876016
10106,1,3448,single_city,Africa,3448,82097.43374,3974335.0,27128380,1.0,0.621664768370439,0.45798488559898826,14.299485283800024,0.0,0.02065689825845078,11.05849745267587,-0.24573324324054058,236.52,28.761499999999998,6.543979469177545,0.4080174419116657,0.4649842049047199,0.5389925610196423,0.6226546076261815,0.7011804490562572,0.7866201515473658,0.8477601913276057,0.9194172106780129,0.9862928011856071
10109,1,932,single_city,Africa,932,238392.8701,6857275.0,40376260,1.0,0.7230963625554814,0.2503455134129327,22.592467252676677,0.0,0.0347649569398923,16.023564543806422,-16.479716017012542,1.69,24.506999999999998,5.175160542922054,0.3699998906271077,0.4263552212795899,0.5025181285568976,0.585975916089117,0.660489625981166,0.7529738853990835,0.8014549511285459,0.8578498018527768,0.9224120368513732
10110,1,1167,single_city,Africa,1167,257539.5185,7618009.0,51921282,1.0,0.8752470376169521,0.5314227655073064,22.33557507247651,0.0,0.03380667028616007,12.566225537806607,-16.272126273116484,12.79,25.3545,6.932874142178225,0.7516906320273447,0.7759237354537124,0.8059532352875929,0.8392849102698619,0.8751286589448766,0.9144443121555776,0.9342854543752837,0.9570840622530112,0.9814288746574072
10112,1,49,single_city,Africa,49,244022.5759,8809676.0,53333461,1.0,0.8604450068598885,0.3022865211998537,15.88532951489237,0.0,0.027699381441496827,14.448071262414276,-11.439891166655308,39.14,30.262,6.308686610944773,0.6300425804535831,0.6755531077419873,0.7338091661940802,0.7959558331089588,0.8547567470131705,0.9180090164496402,0.9410543588663193,0.9674506758250814,0.9917563370094428
10114,1,1276,single_city,Africa,1276,244787.6807,7306920.0,56360580,1.0,0.9512632271086836,0.37302984209895873,14.39215476316554,0.0,0.03350080207529301,7.87381582476251,-11.185856466160825,167.05,25.209,7.859054016852235,0.2446123674544131,0.2685161463379919,0.29790144137338304,0.33151875208706266,0.4477607528206139,0.6403594127210918,0.7258262031060967,0.8472959879128278,0.9771879259660705
10115,1,232,single_city,Africa,232,186222.9652,6507084.0,53524987,1.0,0.9082297110346632,0.5905869854115853,21.43738173149052,0.0,0.0286184971947496,7.408788436573536,-7.551165360432934,355.13,25.2505,7.3859384890598765,0.5586385545353341,0.5895181313165775,0.626289748219018,0.6667430449645341,0.6944539212956218,0.732137160055103,0.7738782840362903,0.8294381938207652,0.9037805566979004
10116,1,2262,single_city,Africa,2262,59239.86147,1582887.0,10680370,1.0,0.5609150284020034,0.5284276366444819,14.460284667039746,0.0,0.03742519931618619,6.289425725172722,-5.575545761412385,218.84,25.808,7.040020057289312,0.37032523483988433,0.39806631806313403,0.43119881583461106,0.46950540373381044,0.5208103926559507,0.5897489839767462,0.6735344974088485,0.7961705415484491,0.9488011462599668
10118,1,2811,single_city,Africa,2811,53946.86328,2153579.0,14727831,1.0,0.5453619013204825,0.48537870028393637,14.948976677549176,0.0,0.025049865029330244,6.652414010778235,-4.70633910241227,90.86,26.785,6.970692988253826,0.5874314339060699,0.6384381534181007,0.7014829732273578,0.765945897503644,0.8149452608889667,0.8682690535151021,0.8963525368700196,0.9318557619664753,0.9715371481612701
10126,1,1490,single_city,Africa,1490,85713.67302,4992696.0,47181346,1.0,0.5373169395026054,0.38639329473253764,20.47606064278652,0.0,0.01716781334573545,6.417463720463004,1.208363057160548,90.45,27.253999999999998,7.0941945961520885,0.07917005161139393,0.11472819494717884,0.16225602359927382,0.2136507009439389,0.3386286687593236,0.4961395606702271,0.6089311265897223,0.7571694731664015,0.9220809758895795
10127,1,688,single_city,Africa,688,92047.33747,3170306.0,23120682,1.0,0.7466845427613876,0.6422526752588451,17.596204368000418,0.0,0.029034212303165687,6.641530508265388,1.716813075735182,42.54,26.9705,7.020980833971392,0.18149762199611016,0.2157081997762992,0.25952542120539784,0.31073530441540975,0.3887990622987182,0.4845977012944492,0.5983646373567725,0.7510306576084453,0.93113724668849
10129,1,1288,single_city,Africa,1288,58921.53421,2844177.0,14491183,1.0,0.6821881016542326,0.49131169481870807,15.877585050805278,0.0,0.02071654971192018,7.22022052677303,2.1127892288189174,170.75,26.962,7.163702846566998,0.3849373650092804,0.463053108157474,0.5613293406141742,0.6670625632652257,0.710657248124853,0.7562061010970836,0.8385413425395114,0.9245669309610478,0.9963905199992827
10130,1,546,single_city,Africa,546,135604.137,6008414.0,40594744,1.0,0.9486368539653995,0.3204527666171642,9.62550427098312,0.0,0.02256904018265053,6.910506997463743,0.636222269493158,238.37,26.866,7.262512535332855,0.24854762005414407,0.2934910943220624,0.3547242250617218,0.4198412426307508,0.46403593360910217,0.5153220134298335,0.6385044372774579,0.7949758455392721,0.9520692149375859
10131,1,3889,single_city,Africa,3889,147841.9816,3741056.0,27755033,1.0,0.7021108778398688,0.6202280681962158,22.77818683394279,0.0,0.03951878335956478,7.153002432579832,0.47606134184956905,170.38,27.337,7.217590156075051,0.2403342799466247,0.28042910878639615,0.33830046917234063,0.4013235835015568,0.477016382540117,0.5632521940329148,0.6828841909877853,0.8273658560577548,0.9698654604475314
10132,1,1066,single_city,Africa,1066,174556.3515,7794201.0,51539682,1.0,0.6470351723254871,0.20757831537533353,13.385909747640053,0.0,0.022395669742158304,8.987469366247375,1.1433533725010228,391.31,26.4625,7.484647256155354,0.4120108013637318,0.45679191491212506,0.518127643872669,0.5877411937413469,0.6750005548997261,0.7763237052778085,0.8345272337729037,0.9031263114718238,0.9698660581116654
10133,1,2270,single_city,Africa,2270,340796.5521,9535971.0,65156307,1.0,0.9998649965138874,0.30815042585973224,14.485628247869865,0.0,0.03573800214996459,7.972998864795397,3.5911807265728077,316.78,26.98,6.956586870864858,0.27337310484690025,0.30454685736774995,0.3481705219111929,0.3960915988523874,0.41741276268562477,0.44233104316277805,0.5407021476889978,0.6809048601343272,0.8435638069788594
10136,1,4487,single_city,Africa,4487,180615.0573,10477803.0,76295954,1.0,0.9591984562044307,0.3211874263918771,14.258497408518824,0.0,0.017237874896101787,8.155380408590906,4.72223036376959,415.57,26.2975,7.064885088221921,0.37307849746745575,0.4083894304941599,0.45397828151569564,0.5030140383437253,0.5265621046702252,0.5520367199116074,0.6557777427195377,0.8016145178526453,0.9581991568270563
10137,1,4634,single_city,Africa,4634,398656.18,16753019.0,124171699,1.0,0.9533703723249981,0.3060327190238829,25.41853635797007,0.0,0.023796079978181842,7.627706950513201,4.749446679630483,390.64,25.78,7.456697160060689,0.44111512080300275,0.4778544094052541,0.5226087906902034,0.5720493721161541,0.6129370473465111,0.6575840450010831,0.7347267975998834,0.8468742260723277,0.9689765766993996
10139,1,3555,single_city,Africa,3555,243612.574,10019459.0,72542751,1.0,0.9889300251118853,0.4243233372696197,18.538199437828787,0.0,0.02431394489462954,7.638377182846284,4.1849326076691895,243.31,26.283,7.386343207474665,0.31429750847825216,0.35052750852116865,0.40063131153089204,0.46108407649554733,0.5117025779535602,0.5714347451294526,0.6670760367401074,0.7945153525754235,0.9332189492466609
10144,1,6489,single_city,Africa,6489,242375.1775,10683923.0,77378342,1.0,0.7747830664542129,0.2315392187338138,14.097994541291547,0.0,0.022685971950565348,6.249117996979189,6.1947011596264705,164.21,26.0955,7.725644557986935,0.4186074721803967,0.4521379459586146,0.49333124171711085,0.5402742981206435,0.5575263880130922,0.5783092034639337,0.6681390346972736,0.7969377914835215,0.9469379365613174
10147,1,7800,single_city,Africa,7800,165861.7304,5151646.0,37300734,1.0,0.7861155952300233,0.42684965759555876,15.972633643984796,0.0,0.032195871067227835,7.404246111314564,7.627767642551459,364.87,26.749000000000002,7.073166746056643,0.5178954454556854,0.5632692929599589,0.6208604007340567,0.6865036922179824,0.7153890232364568,0.7484827179507287,0.8163020129876937,0.8995107583090919,0.9798674054855477
10151,1,5817,single_city,Africa,5817,132692.4139,2292416.0,13870614,1.0,0.5119306679658399,0.365101954026279,16.409784547076217,0.0,0.05788321748757643,7.462765027973337,5.423372864361741,369.57,25.448999999999998,7.431506111192489,0.3918791353750803,0.4296659070604986,0.48116441343979455,0.5455065747229124,0.5944226527820431,0.6543554921968787,0.7276048500795667,0.8396913998157403,0.9593328610513973
10155,1,700,single_city,Africa,700,283922.9718,7199175.0,58020755,1.0,0.6143919202694876,0.3008988031498153,21.132106515908,0.0,0.039438265051203784,4.633380496406384,9.446435152907512,225.91,23.9825,8.280866244773739,0.5896660381224238,0.6233712890713172,0.663071532501988,0.7080750224852154,0.7533071497775787,0.8024745891022235,0.8501307441477669,0.9141280771755097,0.9761957446512969
10156,1,78,single_city,Africa,78,194565.4434,5862006.0,54582754,1.0,0.5349269319235092,0.227305476682635,18.53552096270759,0.0,0.033190932148482954,4.018369236452467,9.198344092228405,43.01,25.473,8.079367533334308,0.36313047103670654,0.40711865528626207,0.461186836042133,0.5215528609148472,0.5873629266159058,0.6585670502554928,0.7322971010265087,0.8388075686036487,0.9611100705116985
10162,1,1198,single_city,Africa,1198,243243.7506,8090511.0,58411201,1.0,0.5407358984379688,0.2234270495602203,15.80885892672098,0.0,0.03006531362481307,8.570600382307655,16.070247834589566,400.85,27.463,6.8046272694270264,0.6111314847727171,0.6543184973112329,0.7087067800785389,0.7706778966124637,0.8392755414336622,0.9134706077279915,0.9326758223306291,0.9537245546047709,0.9760678899021334
10166,1,8477,single_city,Africa,8477,368929.3252,11729251.0,79747064,1.0,0.9512373062666688,0.35976248976943936,16.5683637130299,0.0,0.031453783809383906,11.707600786736435,11.089892284634384,422.62,27.07,6.375297355089033,0.21560166118024074,0.2401191687346447,0.2747851503902508,0.3133181308849133,0.3814339040063172,0.46253908284510237,0.589212388753553,0.7724704672105661,0.9409060305726257
10170,1,2699,single_city,Africa,2699,350704.674,9227864.0,58495798,1.0,0.8677537306888721,0.41129730791344465,19.215691349539398,0.0,0.03800496778019269,13.825327351023239,20.829770031896132,540.97,29.3,6.026427410393204,0.3163394042218221,0.3718548517836847,0.44691415044695065,0.5353537936839988,0.5569725561625095,0.5811724143312038,0.6934845377001655,0.8277603571097276,0.9569336955984613
10175,1,2037,single_city,Africa,2037,63455.2558,4172268.0,33181897,1.0,0.5024825534505095,0.416764374891502,22.59382948914149,0.0,0.015208815876640714,32.922632188941606,10.441732129155726,259.05,20.3005,4.584115074661151,0.39615767731123697,0.415303139683261,0.43488313790005817,0.4544578632053358,0.539917378270044,0.6335772294588938,0.7092983959803157,0.7875970575236299,0.8765551493815833
10177,1,2689,single_city,Africa,2689,80520.27782,2563402.0,19650004,1.0,0.6733555422026407,0.5908824046140131,13.531270882660047,0.0,0.031411490597260984,35.60135638434758,1.8103031815977557,899.24,16.304,5.942803312126825,0.28852478074059396,0.31330435101478427,0.3385801368649943,0.3637611268150684,0.48656355889556147,0.620062323428007,0.7308763900472888,0.8547761919511649,0.9616642258998004
10188,1,956,single_city,Africa,956,75201.32646,4223953.0,25797800,1.0,0.8524940212375118,0.4614940912979501,12.943140883580876,0.0,0.017803542430514734,37.15592692751706,9.779497818229725,14.71,19.1655,6.072581293180343,0.5201603805724164,0.5656118806246186,0.6113893786223473,0.6577139944502224,0.7242329637664056,0.7943293876612737,0.8590528824539477,0.9256071267838444,0.9840803152875991
10190,1,697,single_city,Africa,697,74709.22817,3198741.0,27131132,1.0,0.7432604571814934,0.6018866619897134,14.312808285579115,0.0,0.023355822859681356,36.72947930269169,9.182401883960987,256.99,17.8595,6.380569894447572,0.5313184155891334,0.5646443397574233,0.598113445258619,0.6317735634113546,0.7045868984078424,0.780942564590256,0.8394099428493899,0.9024112924428704,0.9607439301900341
10226,1,7257,single_city,Africa,7257,134847.5418,4541925.0,42694816,1.0,0.8588347027417045,0.3758824337319162,13.061626811983214,0.0,0.029689513102924423,25.92070313760225,32.74977220128768,74.95,24.469,1.1849428784191305,0.6733592034214567,0.7341939816267331,0.8023468022919797,0.8823868734072007,0.9148237806656869,0.948275235720537,0.9628214908876743,0.9775722848792087,0.9911489071263836
10229,1,1706,single_city,Africa,1706,134065.2524,8152702.0,83037792,1.0,0.7428974495858912,0.3633984910773521,19.583676580926483,0.0,0.016444272389693624,30.377251703066612,30.537114372609107,43.61,21.557000000000002,2.91254086391721,0.020525219736965732,0.031226457191738395,0.04852845105831171,0.06755588515316763,0.16800466888155607,0.3065641305177106,0.3633012711613892,0.4466540050157604,0.6018524901314926
10240,1,3352,single_city,Asia,3352,70102.0697,2060855.0,17882123,1.0,0.641469113329663,0.4742429557467715,14.08328608907033,0.0,0.034016012625827624,36.853078640422815,28.25644945536491,36.8,19.416,7.049003073453872,0.23626358962663555,0.2799871897828814,0.32648051415553253,0.37304759432371515,0.5495267740816312,0.7501182761523737,0.8254981548920229,0.9031232182759098,0.9735037156908176
10246,1,119,single_city,Asia,119,56839.3752,5219828.0,41501687,1.0,0.8516169217986999,0.31220264239268597,12.018360959814396,0.0,0.010889127994255749,34.77541022057411,32.42881194293615,55.09,20.365000000000002,5.943165449845457,0.44009687675532605,0.4586250734698538,0.477217831698669,0.4958732356698343,0.6148053154241864,0.7414694507175332,0.817200106976705,0.8970243847115269,0.9696325242900724
10247,1,1209,single_city,Africa,1209,535886.7352,8285486.0,88997340,1.0,0.9196797363793038,0.39347332302740823,21.26701158647822,0.0,0.06467776726676021,31.036388478288423,30.466487746371342,4.46,21.052,3.6872030497329917,0.37353318803507723,0.41855191113713786,0.47455514377792685,0.5388345354756499,0.5875327047803834,0.64063121946015,0.70971081237721,0.7982194405976909,0.8955411909452264
10250,1,6566,single_city,Africa,6566,270400.4001,5834649.0,49774869,1.0,0.657810544789104,0.2173103441535614,15.270778591755573,0.0,0.04634390176684151,30.410668516693455,31.55914496879892,14.44,22.359,3.0677738264189616,0.272406789165895,0.3230106901032093,0.3914638224167383,0.4840875603656707,0.5516019901111446,0.6314350700444877,0.6771103111772447,0.7296668574236428,0.8113821414107344
10261,1,1101,single_city,Asia,1101,230836.8983,9231923.0,96361988,1.0,0.7924364585709817,0.20427078985605218,12.255638040746316,0.0,0.025004205331868562,31.895916586387166,34.80981708929032,50.84,20.6785,5.527749105703329,0.5709334880717701,0.5798162528002021,0.588714290619625,0.5976554397171641,0.6678847949663358,0.7432854455133562,0.8135849919892096,0.8904778560219794,0.9627590048140566
10270,1,5717,single_city,Asia,5717,62891.52592,1596331.0,12060233,1.0,0.646018020179827,0.5540502241735302,11.08360974980679,0.0,0.039397547200423974,37.45686124039889,35.81652015249071,157.54,18.4585,7.0617172267149,0.35897191747826734,0.38334781445702676,0.4077800907205335,0.4322631083403129,0.5589611427705157,0.7005884118018131,0.7827612193210556,0.8678726404486288,0.9487067531733707
10275,1,877,single_city,Asia,877,213358.7362,9443600.0,85067726,1.0,1.0,0.3712184993653137,15.96239547270849,0.0,0.022592945084501676,30.979664342380925,41.031567535227296,544.32,22.002499999999998,4.107606236205286,0.3320813037400991,0.35367921131771785,0.3761333601592613,0.39894944724469483,0.47635223855309416,0.5675153543140328,0.6813857003685035,0.8070584311067813,0.9326934643568131
10285,1,2057,single_city,Africa,2057,199807.2017,4900895.0,42659120,1.0,0.8518253123769165,0.3475882855910997,13.89794572220258,0.0,0.04076953325872111,9.089659574012938,36.55668430221099,2096.84,20.965,7.281030473174861,0.22817505782107145,0.26270936226954467,0.30755321221940074,0.3555293471906662,0.4326466900433492,0.5260735029010007,0.6304411745201641,0.7707029022250017,0.9223743826382732
10290,1,3768,single_city,Africa,3768,62260.96948,3462532.0,22943579,1.0,0.5581142221052261,0.3752029532469155,16.25839343412017,0.0,0.017981341249698198,11.006191344217147,29.717724209340158,518.15,28.762,6.563409729012746,0.30858516253423796,0.3616376686193803,0.43443815104091454,0.5129818294820091,0.6140142531534727,0.7398458700165081,0.8096130230709782,0.8919495906463825,0.9761027479312827
10291,1,3947,single_city,Africa,3947,108291.3174,2962169.0,17145932,1.0,0.5913685062125527,0.4685666542639804,21.090908503712882,0.0,0.03655811582661219,12.72449590922198,30.640410629259357,495.54,27.6865,5.874305535458112,0.445486398649098,0.4649930507003483,0.4904875447687151,0.5169684781658305,0.5706791206038548,0.640810163093328,0.7011338650833224,0.796452869502044,0.9016443693793298
10295,1,2838,single_city,Africa,2838,297341.628,7926465.0,62353599,1.0,0.9459003992088019,0.3553011908581596,16.870196337980225,0.0,0.03751251383813592,7.671662457254133,36.84249895006965,1738.24,18.072499999999998,7.520403647868929,0.07549443541351662,0.10532765867256084,0.1469545377416036,0.1889128381945798,0.23378000155176362,0.2898507720654794,0.421823473641781,0.6005458927781805,0.8044075133114194
10305,1,993,single_city,Africa,993,70169.04031,2669803.0,17587131,1.0,0.8994846274277066,0.7230130558967022,13.991363299965736,0.0,0.026282478636064158,-15.401277162732471,35.32176867132612,921.25,21.217,7.096195578034267,0.39673751209358893,0.4708369868488424,0.5634895158931202,0.6673908149777343,0.7384814535005018,0.8153743927922772,0.8686813221799511,0.9266949658832505,0.981839109477366
10307,1,2771,single_city,Africa,2771,176185.117,8121529.0,49963197,1.0,0.9998504420387722,0.31881674573544727,14.030704222058585,0.0,0.021693589593782155,-13.638894321315828,32.643556923684216,1139.56,22.076500000000003,6.943722628760186,0.4080572759144245,0.47181201963324887,0.5502816033778861,0.6357928414711073,0.6915671913502986,0.7523843108853026,0.8153766365914595,0.8920288285617154,0.9655450346849712
10310,1,1098,single_city,Africa,1098,89126.96474,3918517.0,21756287,1.0,0.8279939579483653,0.38470518171861307,12.1195242627873,0.0,0.022745075430322236,-17.37895924205061,30.19087966109665,1167.9,22.75,6.729188862814074,0.28155268944858475,0.3257821772879893,0.38677438428875005,0.4539998167674148,0.5146579688183055,0.5921293693507008,0.6738424255911101,0.7832636683724991,0.9042926188657596
10311,1,1615,single_city,Africa,1615,79718.33159,3810256.0,21438814,1.0,0.7104633378082301,0.5009256930130939,20.376266524477142,0.0,0.020922040826128217,-18.19564819682109,31.550307874601923,1647.82,18.3935,6.7726735423380005,0.26467854128436513,0.3135469112836513,0.37867324400250274,0.44832158259182586,0.5666304311311366,0.7070296588995595,0.7823623924481714,0.8626758936932322,0.9449609160119425
10312,1,982,single_city,Africa,982,64224.16318,2565372.0,11924622,1.0,0.6618624375640966,0.42349750176055495,13.880826411359205,0.0,0.0250350292978952,-18.12706526760714,30.13874192737918,1181.39,22.0685,6.771144865319353,0.330269840007609,0.37295214885014727,0.42465264296951866,0.478741874472786,0.5585447256772117,0.6598052836001952,0.7188949594834589,0.7941935906371473,0.8907507371250641
10313,1,1096,single_city,Africa,1096,75870.98972,3621044.0,21641495,1.0,0.6928081496801616,0.5727545096987491,18.838325815786355,0.0,0.020952794199683846,-15.86139366078753,27.748541958254627,1062.47,21.343,6.911301981988708,0.29681826567144726,0.35888130605427604,0.43543850889412006,0.5145844679048363,0.567596527410327,0.6236836669203688,0.7407592948332028,0.8753423045950284,0.9908653415976166
10316,1,5557,single_city,Africa,5557,167677.6517,1799715.0,12470705,1.0,0.558183913391969,0.5229471831882554,14.386995003344323,0.0,0.09316900270320577,-9.435538816631773,25.790214873947733,672.52,24.38,7.1002969322194485,0.6885123477883999,0.7150070983461271,0.746942710373587,0.7814037222560238,0.7936528839288443,0.8066705006070406,0.8387322437163662,0.8935359209652639,0.954733388342043
10317,1,739,single_city,Africa,739,159917.6904,7753621.0,59277131,1.0,0.9449236719104134,0.3572408248777673,14.285800400078186,0.0,0.02062490420927203,-7.9594550368114705,31.62286954472671,1841.84,20.72,7.402724349450787,0.5840651741940959,0.6442734304397907,0.7229061105772386,0.8077482765794202,0.8398481174150761,0.8773298307977653,0.9062839156053668,0.939952442865082,0.9764013484796329
10327,1,2634,single_city,Africa,2634,473079.9873,17164783.0,135561398,1.0,0.9944219590727111,0.23688122405231526,17.173937551532312,0.0,0.027561081739279777,-5.0461366040792734,18.81564114584428,440.68,25.194000000000003,7.122426642451336,0.4216642878619555,0.46026518366122077,0.5091082712784659,0.5627311455088013,0.647819899616558,0.7537076349872877,0.8201455852951942,0.9051441547498736,0.9844825885652035
10328,1,1083,single_city,Africa,1083,356718.4657,12453299.0,175026243,1.0,0.9500644464257382,0.38042249545063545,17.569253955030486,0.0,0.028644495382307934,-5.8346223941236826,13.473637238856346,146.78,24.448,7.096224566362326,0.42675430823591404,0.46780584004286735,0.5209474212415521,0.5812396377859393,0.6158028487069972,0.6558552075237253,0.7393658499647362,0.846785658964745,0.9523872349005673
10330,1,839,single_city,Africa,839,240829.4597,5320886.0,47533109,1.0,0.895916249026351,0.3610943462592213,15.986334006326722,0.0,0.045261157577892105,-1.6249812395249819,13.591919244136609,332.7,24.7115,7.283472953725692,0.5118079958863994,0.6088957741248356,0.7271745720543533,0.8556751638730843,0.8561309150393375,0.8568495923423279,0.897784128432746,0.9413084587792334,0.9823382797526578
10331,1,3713,single_city,Africa,3713,244191.5788,10899204.0,64663828,1.0,0.8327532509668781,0.29539300446223754,15.83776146458507,0.0,0.022404533285183027,-14.659777828340564,17.686518587644425,1366.42,20.981,6.9075412560808696,0.39846386947156875,0.44587824945748333,0.5057366574659947,0.5695683831589903,0.5848580318342513,0.6021513130683672,0.6138324413415879,0.6267076935159669,0.6970587943853515
10359,1,2303,single_city,Africa,2303,62661.30863,8768005.0,62748262,1.0,0.8391075146682563,0.3079494673086407,14.040947057578588,0.0,0.007146586781143487,-18.14858215845881,49.39699904750052,5.26,23.336,7.723343518632236,0.7035415696044881,0.7384350259836758,0.7796797561132778,0.8257172526703623,0.8647960396920394,0.9053577182038559,0.9353446992787983,0.9667045126000726,0.9944428635704473
10366,1,7825,single_city,Asia,7825,216746.1749,11113367.0,78185430,1.0,0.888972174713941,0.2814471179431469,17.719160766685057,0.0,0.019503196007114677,-3.434267799631692,114.83603240992976,23.1,26.621000000000002,7.93587106627826,0.4848437921648768,0.5429781091544984,0.6135577093782649,0.6922852453266414,0.7635707522301747,0.8448282145276045,0.8928690108047364,0.9472763744776898,0.9942463881558127
10370,1,2914,single_city,Asia,2914,140588.4891,3389401.0,20058727,1.0,0.9199148728434445,0.4885355181000993,14.975706289972177,0.0,0.041478859863439,20.88537092527001,95.86370101218216,227.61,26.4775,7.0792041922232976,0.6967192728154621,0.750013055404185,0.8088396740308981,0.8727742748644967,0.8979678120116209,0.9245633668013906,0.9495019916498519,0.9744869373673991,0.9955582122032772
10386,1,1647,single_city,Asia,1647,272346.6061,10676375.0,76679956,1.0,0.7780787307529915,0.20862949098079195,17.96122952426886,0.0,0.025509276894076872,21.583744528094083,105.8375886243632,32.5,24.044,7.524573368683308,0.09704651625668825,0.13532495814356466,0.18828778494573298,0.25675409490580836,0.37907960332978186,0.5259228904941986,0.6608439662338574,0.8224766364988116,0.973600215428926
10391,1,10639,single_city,Asia,10639,194014.9228,4225748.0,39780749,1.0,0.9609474608976218,0.4876724540801459,14.497070632577378,0.0,0.04591256336156344,20.328455370343463,110.16786288430059,65.8,24.503999999999998,7.190046220366569,0.3845013947826515,0.41223683948971873,0.44883793354454643,0.4900502822222243,0.585906447805217,0.7145925407762129,0.7923151120227708,0.8856145704855093,0.9723672590036131
10394,1,5521,single_city,Asia,5521,147378.1539,6108518.0,46802470,1.0,0.6794160092988083,0.3269217138326559,17.637302919920167,0.0,0.02412666278465579,14.356072101848186,108.00353687628322,537.57,24.226,7.584112290234608,0.06559103206375098,0.1248459937418536,0.21574758394753032,0.3185037680170542,0.5247922654889451,0.7494182713384818,0.8280692632812083,0.910489909336438,0.9818789107276102
10404,1,11551,single_city,Asia,11551,140349.2337,4411455.0,42904104,1.0,0.7243923621589418,0.2896523077433189,13.031977165342468,0.0,0.03181472636579088,25.324432730504185,118.28302129033203,138.49,19.1655,7.354697207165497,0.17872651993503277,0.23100496321508437,0.3002524110525892,0.3855546526032794,0.5214515392313874,0.6786565883591695,0.7569631788151528,0.8483056043867613,0.9420606126550084
10405,1,11545,single_city,Asia,11545,65374.3807,3108440.0,50533108,1.0,0.7122862724366305,0.5366236242954653,14.428151312307397,0.0,0.02103125062732432,25.49434339553245,118.24301189349916,514.37,19.549,7.3832923206247845,0.16157107745364235,0.19563864832520492,0.2403112172021979,0.29046499208606247,0.4371302003577357,0.621357980208722,0.7014775900451673,0.8161923665890286,0.9324230160466344
10407,1,11221,single_city,Asia,11221,169107.9719,3298090.0,49341379,1.0,0.5965467092073877,0.3764503573091558,16.085213531704824,0.0,0.051274517038649645,24.103352732628267,115.24656575518698,97.78,21.1515,7.408527233555738,0.3187829925805542,0.3710923595171751,0.440672025323748,0.5186335121236837,0.6385971880694584,0.7623712512393537,0.8355551243295362,0.9132076444245002,0.9809168336825254
10408,1,10731,single_city,Asia,10731,102095.9152,2685483.0,36739815,1.0,0.7015307091980242,0.631779299883572,16.01112566321896,0.0,0.03801771048262082,24.474405493569975,112.63351548991578,98.68,18.789,7.844755089945983,0.2165930672433972,0.2663357019947622,0.3320207202950084,0.4010027246495323,0.548045174741378,0.7241136883011361,0.8067185679447608,0.8951466086361374,0.9760058060319131
10409,1,10271,single_city,Asia,10271,87129.37453,4139479.0,49615897,1.0,0.5084462376138879,0.27681635710030517,12.63743261488793,0.0,0.021048391483565927,29.250411772769457,113.80944949465982,106.06,17.194499999999998,7.440824372293159,0.2027528101966455,0.24340188704907068,0.2987163360413231,0.3590154703043547,0.45781268608923975,0.5782602110072306,0.6851374291305742,0.8079074685485782,0.9293007646614465
10411,1,9867,single_city,Asia,9867,133880.4249,6685918.0,77498231,1.0,0.8569171941574237,0.4628024859484838,16.388643586850133,0.0,0.02002423973790884,30.420672355971302,112.8880489135833,33.21,17.503500000000003,7.1693912013498275,0.27455377107526596,0.30286042993647244,0.3402660636878885,0.3807000026024848,0.4929001522304043,0.628307436615286,0.7192732546226263,0.836058563685645,0.9480074389186347
10412,1,9989,single_city,Asia,9989,92421.06457,2964651.0,29568955,1.0,0.5426383938635941,0.3476375524300362,13.592252348140056,0.0,0.031174348876140904,31.247086496982185,113.97296570383702,40.02,16.801000000000002,7.078446970293923,0.20533513050945962,0.23918700717217642,0.28312034030312505,0.33658498082910937,0.43795306766293907,0.5736570678977053,0.677813678574645,0.8089414234592874,0.9459882461713032
10414,1,10249,single_city,Asia,10249,139888.3036,4206135.0,37975946,1.0,0.7828533724304709,0.5213180606277421,12.455876337538493,0.0,0.03325815828545684,30.84084083406949,114.8010578819711,30.97,17.4545,7.2303926102651745,0.22380308763270793,0.25599534964997556,0.2958454733383498,0.3441007005243531,0.47709833374344857,0.6504170693522676,0.7460060126458138,0.8578545386679219,0.9621077307314198
10418,1,11401,single_city,Asia,11401,102039.4455,3404854.0,43004683,1.0,0.7665523748235291,0.380094161090562,10.654430249260123,0.0,0.029968816724593773,26.395014076992922,117.7873123142625,127.22,19.37,7.351838033820192,0.41362507760978884,0.45057996613070633,0.492698659032076,0.5387775804777533,0.6183630781231736,0.7182534111594799,0.7862824661497967,0.876181768733696,0.9589163000821768
10420,1,11632,single_city,Asia,11632,94013.11702,1802578.0,20240440,1.0,0.5170641970696616,0.4324793304935603,16.83866686906067,0.0,0.052154812174563324,26.49271157327566,119.54796401463337,35.27,19.144,7.429680473961642,0.2999154544213898,0.3438442053547752,0.3991305785380716,0.458219838475783,0.6031888772635636,0.8117618211250776,0.8664873309227118,0.924974675159688,0.9792979832218078
10422,1,11441,single_city,Asia,11441,83335.57145,3667794.0,46801419,1.0,0.7527168274380898,0.4133225124770604,12.072279130453728,0.0,0.02272089747952039,28.071428285312454,119.13075138017018,223.01,17.993000000000002,7.442608709037899,0.2282734526530116,0.2623293456502737,0.3080486526778767,0.36345225495215927,0.5015535223624882,0.6857577061307151,0.7733684061863889,0.8688647726671672,0.9539608822087609
10424,1,11233,single_city,Asia,11233,201156.7767,11998175.0,108499851,1.0,0.8852991654090816,0.20697424131058453,12.492075364107603,0.0,0.016765614495537862,30.632325083607302,119.67529437496793,25.71,15.6425,7.518901961647342,0.03413219093737173,0.04393493177087349,0.05972366630758428,0.07913928576637697,0.1422152118968093,0.23809887753762551,0.4126013331194119,0.6616257055760564,0.9170837231495623
10425,1,11383,single_city,Asia,11383,79796.21898,5868734.0,59866052,1.0,0.5467064734439786,0.20295415694680508,12.051149723453113,0.0,0.013596836895316777,30.054402723167154,120.24773274174267,8.24,17.225,7.39859806921578,0.11072660645379395,0.15126771804617486,0.20359399488884655,0.26127099984425944,0.3456571723986809,0.4572640368433805,0.5838259154359355,0.7523690799412616,0.9293041736088227
10436,1,9961,single_city,Asia,9961,83148.56443,6071969.0,52898862,1.0,0.6646459583730854,0.3404279443847322,14.223610774054956,0.0,0.013693838758070075,40.18374988126488,122.12818079128739,17.26,10.342500000000001,6.520339791963985,0.3367283330991973,0.3692146649628811,0.4094436252886008,0.45812173942258266,0.5100469057071931,0.5680962798064351,0.6598604176009463,0.7772374990715533,0.9095079372111419
10440,1,11039,single_city,Asia,11039,145568.5103,10697981.0,112842149,1.0,0.6096658262917195,0.23846327957808622,18.00296105853793,0.0,0.013607101218444863,33.19839913029646,120.45128719794326,3.77,15.5525,7.0194294713702385,0.19248463798916823,0.22168145559428457,0.260770607089319,0.3046273871677282,0.3882396126895346,0.4900558338998733,0.6158936905945149,0.7876923692423832,0.9643232681007753
10446,1,11043,single_city,Asia,11043,145962.6088,13380782.0,115965151,1.0,0.9028192835550354,0.2120729519518762,13.461745951450325,0.0,0.01090837656573435,32.72972239856202,120.11554160090239,3.98,16.1525,7.0890917674222,0.09132112009597047,0.11028211953531565,0.1338110134370323,0.16121337303006655,0.21548217436021302,0.2974213315783786,0.4544673099075973,0.6945088859530033,0.9518327852587389
10447,1,9561,single_city,Asia,9561,125729.5244,11875949.0,130370479,1.0,0.9087575188167818,0.3680875391968861,15.982368859582257,0.0,0.010586903362417605,36.800494240674745,116.76447693957734,24.16,14.6335,6.381995358345547,0.23424822723640865,0.25968855204750374,0.290670665561127,0.32593471056502515,0.3791989170718062,0.4411095062802981,0.5594240089781457,0.7244726295136498,0.8931058056918231
10448,1,9607,single_city,Asia,9607,108331.0945,7530424.0,57395225,1.0,0.8644609100562315,0.3317756562279458,12.955363323080233,0.0,0.014385789498705519,35.799173016129075,116.08998463734633,45.94,14.908999999999999,6.507764907119217,0.4460468626998958,0.47566591203895026,0.5104711235383294,0.5529308841042683,0.5971813804906603,0.6480531507920404,0.7204748364766712,0.8140422106378074,0.9220669380635141
10450,1,9707,single_city,Asia,9707,98219.74025,7373389.0,66189687,1.0,0.8666261918080901,0.2790743282590375,11.776637053499,0.0,0.01332084069482839,35.725840530463365,116.47801897737594,43.96,14.8255,6.582884188086935,0.2010985721762408,0.22873240513961762,0.2644946577482892,0.3059681240200402,0.38892563514552125,0.4845008177379493,0.5937584467603703,0.7520967631030996,0.9161426312920694
10452,1,9933,single_city,Asia,9933,126221.2841,7209812.0,55302255,1.0,0.648452608618845,0.22601539995748401,11.916506109773971,0.0,0.0175068759213139,34.42418884139899,116.33339980269449,44.97,15.4115,6.710366580759089,0.29675295278157043,0.3293065061890657,0.37259099127688766,0.4219290322688026,0.5292088059993797,0.6530453221249042,0.7430270026458388,0.8457543691846612,0.9509928969021662
10453,1,9943,single_city,Asia,9943,132596.0479,10716790.0,95651620,1.0,0.7342665863530901,0.26497306131680876,15.1674470757423,0.0,0.012372739215753971,34.69684386301356,116.59963084909758,41.29,15.3625,6.7248295397066995,0.22098268231438706,0.24717578677943675,0.28359098200114025,0.3238449199807032,0.4041012280729584,0.4952936466983117,0.6156246413338322,0.7752297096425329,0.9358745482555877
10455,1,10565,single_city,Asia,10565,233785.2992,9769432.0,104616855,1.0,0.7691581534885212,0.24257982686142274,14.286197299416546,0.0,0.023930285732067125,33.46569958029341,118.20379246628266,17.88,15.724,6.9289632908117,0.18315445565310245,0.20441290752625127,0.23278344124817082,0.265888538862853,0.3291174962884229,0.4036233631597006,0.5319432081619484,0.7204467977258043,0.9182157161235167
10458,1,10817,single_city,Asia,10817,134969.7343,8454628.0,78292614,1.0,0.8593771344439537,0.304927438856706,13.444486510408176,0.0,0.015964006257874388,32.088675660219124,118.27392051774954,19.1,16.601,7.159453244814223,0.14031900634776598,0.16662838388631646,0.20020289479324224,0.23735674709756596,0.28668416871800867,0.3478928936908874,0.47588551501024057,0.6670158639741453,0.8737325876431228
10459,1,11017,single_city,Asia,11017,80852.68056,5727709.0,55822571,1.0,0.7592079110460193,0.3836884937829996,14.385036776706881,0.0,0.014116059415727997,31.14744123072398,118.58025011966153,21.29,16.884999999999998,7.288260463775601,0.13303346940286248,0.14748462256025927,0.16758096474524106,0.19166336837293935,0.2177722366831136,0.24856849396503908,0.4302624312792427,0.689814199708819,0.9405531950034473
10460,1,10207,single_city,Asia,10207,198754.5797,10920802.0,124978385,1.0,0.8679151968933666,0.27356118661963685,14.470971177997471,0.0,0.01819963219734228,32.19040222525344,115.67149914179628,49.08,16.2065,6.989919887676714,0.21160542971111462,0.24513602572411805,0.2876458157560223,0.3359231309202383,0.42802387590215446,0.5349729809220971,0.6529691683815896,0.8050653239569768,0.9563581502530675
10461,1,10091,single_city,Asia,10091,140659.7839,8095452.0,77591229,1.0,0.7479950649908571,0.4765269751434857,25.803014666031043,0.0,0.0173751612510333,33.50677820402435,116.20534557937181,32.02,15.866499999999998,6.85227058134452,0.25665904757387237,0.28002735363016173,0.30991116987661715,0.3458428263177893,0.43482760443765217,0.5509852939650559,0.6420280177067321,0.7679341437636836,0.9063442041284415
10462,1,9923,single_city,Asia,9923,98842.00004,8203094.0,84152319,1.0,0.7786666091609535,0.43440044418262935,19.09398546724557,0.0,0.01204935601615683,34.2278827385954,116.14014262330298,41.78,15.6105,6.797770755726811,0.14074396806863362,0.16636113154378093,0.20108473705165392,0.24198284208373086,0.3577948759333978,0.4934859944308818,0.609396161984734,0.7581934328681349,0.9152807465085735
10463,1,9679,single_city,Asia,9679,92003.45046,5649377.0,49223129,1.0,0.5687970837081545,0.24658366528193884,12.263348063098405,0.0,0.016285592280352326,34.062034620686006,114.84696512499859,54.48,15.7825,6.7377863138158824,0.3223820962913256,0.362755220619902,0.4134878943288791,0.4678360109442156,0.5409143344478515,0.6208454489760552,0.704535562062861,0.810863038526195,0.9242741279259642
10464,1,10075,single_city,Asia,10075,163821.3751,8116367.0,64077472,1.0,0.9318126640417534,0.4095111417283412,16.76301963506242,0.0,0.020184076828955615,32.137873479934655,115.04570542699075,45.75,16.016,7.1072071865694495,0.29271741901271836,0.3351004211613398,0.3890527621533132,0.45112425300630193,0.5369465180665192,0.6358355899874907,0.7254277683599079,0.8349022413599582,0.9380743872227562
10465,1,9529,single_city,Asia,9529,98265.15186,5946334.0,57011664,1.0,0.993011916565201,0.34749637724782817,8.06839202139907,0.0,0.016525333400377443,33.43650657589933,113.6069491381325,87.56,15.550999999999998,6.758156639547246,0.22275523036546552,0.253268148072409,0.2932812048566394,0.3385131074036541,0.46124486111947294,0.6153707477581986,0.7012999942485572,0.815698882706555,0.9349531997361736
10466,1,9657,single_city,Asia,9657,86853.27558,3683581.0,35884056,1.0,0.7645951233587411,0.4750358690639984,12.371306359233108,0.0,0.023578489404739573,32.37645621194774,113.40758275074836,149.85,15.5575,6.989485485105848,0.22483474640573942,0.24955607057371618,0.28385666013588406,0.32559376324288786,0.40027462406826403,0.4923573012239991,0.6219404432806012,0.7929115716472639,0.9604121641413613
10467,1,9499,single_city,Asia,9499,204727.7527,8063080.0,78101446,1.0,1.0,0.2637801787196456,9.49608643390724,0.0,0.025390762921861126,32.68709911626648,112.83983414708501,107.86,16.5005,6.833737841191595,0.25985020612470666,0.2880450150562812,0.32400608700397365,0.36578751544074967,0.4698524633266692,0.5990683460910718,0.677466923309703,0.7830613115583623,0.8959721347177505
10471,1,9147,single_city,Asia,9147,112824.3834,7770411.0,65062286,1.0,0.8857581020208949,0.31660087024026945,13.042812733586468,0.0,0.01451974463126854,34.91259219695133,113.08377822473156,107.64,15.186,6.480323664078318,0.2405993711272158,0.27650171914973354,0.3276167759980778,0.3866601136027425,0.47581369891502523,0.5861155864213617,0.6952421178236261,0.8218267991229807,0.9429753458343452
10474,1,9195,single_city,Asia,9195,104899.431,9227154.0,78522171,1.0,0.8015826879302151,0.2893178651480924,15.55102398470464,0.0,0.011368557520552925,35.11286619067859,113.41894508863261,92.34,14.865,6.616866069158849,0.29055719672609776,0.32104308652483743,0.35990393137472293,0.4018460079890289,0.48909154437001917,0.5896247098509465,0.6821825017768209,0.8035555708726656,0.9353966564338256
10475,1,9677,single_city,Asia,9677,217921.272,15871539.0,121463269,1.0,1.0,0.21652039670838738,14.939907372878729,0.0,0.013730317645944732,34.83507460026244,115.55023082569559,50.6,15.3265,6.6105257745025545,0.2461674951622524,0.27424139524213753,0.31084452490713094,0.3566451243323033,0.4253729899791066,0.505126314467677,0.6259293443439858,0.7846943513165295,0.9371780518574789
10476,1,9515,single_city,Asia,9515,69861.31992,6238442.0,52818264,1.0,0.7629176368844005,0.47579800466064853,13.905495985180439,0.0,0.011198520386981235,35.28713819748127,115.09931588306857,59.49,15.428,6.568868329286526,0.4665898953616945,0.494779786363326,0.5291649742034951,0.5690079349940258,0.6406024132307393,0.7242856469612124,0.7913432552550781,0.8775854612417652,0.9660328652570626
10478,1,9381,single_city,Asia,9381,104538.1553,11196996.0,102054932,1.0,0.7983162976157847,0.27024814318212453,15.25980668655131,0.0,0.00933626798652067,36.48466928037235,115.45800897809468,41.0,14.9095,6.394144948182723,0.20098167401328,0.22418896997015986,0.2531696894417038,0.2868828389328709,0.33350025310360026,0.3862935201548701,0.5196111528484961,0.7064672524666438,0.8964064111481329
10480,1,7768,single_city,Asia,7768,95996.6516,4841002.0,39605901,1.0,0.9021327755416044,0.41824712840062006,8.741810874255124,0.0,0.01982991364184522,39.55661664846241,113.18616609988753,1007.0,7.1899999999999995,6.220410233434971,0.32570054711813795,0.35274577453180145,0.3895387773027154,0.42759556802496673,0.5123294722869356,0.6105077006784959,0.7072754772668964,0.8364390264660084,0.9615401935384451
10482,1,8809,single_city,Asia,8809,113248.5226,7492639.0,68301286,1.0,0.9866714256230071,0.33661384672290684,9.938863977820217,0.0,0.01511463752624409,38.34639693318926,114.69563998500318,72.32,13.741,6.306851763089477,0.28899297030058435,0.320618142686442,0.36061593251723456,0.4092259082547551,0.521720851625175,0.670689726276683,0.7435851373594804,0.8388723919569594,0.9371742052433061
10484,1,8953,single_city,Asia,8953,109459.9651,6256847.0,64779321,1.0,0.6447252931071495,0.31255423000566035,13.470077914696203,0.0,0.017494428919230406,37.75499830851743,114.7668273907054,40.96,13.738,6.314196386783598,0.29031875000299673,0.3257455392468443,0.36832161630290783,0.41862938313818443,0.5297005025054952,0.6762661768779067,0.7464946801480042,0.8334450243069712,0.9289862769538715
10486,1,9009,single_city,Asia,9009,110944.282,7784679.0,83160809,1.0,0.9193440705737665,0.43249144770558273,13.691682917788928,0.0,0.01425161936670735,37.62422265592686,114.9118584719542,31.55,14.6055,6.237621252731192,0.23261472952192377,0.27440399276579036,0.32458795025459625,0.3826544421420588,0.45960957413915204,0.5536143494163344,0.648118181880075,0.7757067439774974,0.9129911458134625
10490,1,9077,single_city,Asia,9077,73498.98444,14641403.0,109090266,1.0,0.9124937892843387,0.20486467343022513,10.99247556141666,0.0,0.005019941356712878,39.00973390424963,116.64442260487313,3.7,13.984,6.349854644330035,0.11182972014362284,0.13046557081995488,0.15430747995940006,0.18108162175441794,0.2884372488073718,0.4275829987057934,0.5693003600816124,0.7664169888637038,0.9642692028899144
10492,1,8971,single_city,Asia,8971,58357.82469,5501188.0,50634924,1.0,0.7325773824544269,0.5252574111458471,15.080560697639473,0.0,0.010608222204003936,38.68749901173258,115.77115647323721,10.48,14.285499999999999,6.306752362910201,0.35005729671481867,0.3857973950353996,0.42910113233723335,0.4824050732314547,0.5991803952164514,0.7563524460534706,0.8183145167916457,0.8902389811073536,0.9590822927702162
10493,1,8907,single_city,Asia,8907,144559.8991,12947144.0,135838176,1.0,0.9485602909964609,0.25420133447861004,13.858349920541716,0.0,0.01116538899235229,39.436896247785775,116.30526973812343,24.26,13.669,6.340034736070186,0.13352697706922856,0.15987888912025694,0.19291374221218208,0.2329597940673248,0.2839067828395204,0.3437188155163795,0.44530114131734383,0.5894599612084334,0.7769791546305502
10497,1,8521,single_city,Asia,8521,99253.35509,7120438.0,68482146,1.0,0.9199475092596641,0.48365778737448983,12.623418900345746,0.0,0.013939220465089367,40.40593545611035,115.5158846013966,547.2,8.627500000000001,6.159153526336779,0.4958833993077392,0.526651309933462,0.5676497709831895,0.6173079521231699,0.701427496454572,0.794345235503771,0.8453866180704053,0.8988292574136592,0.952580585632513
10502,1,4432,single_city,Asia,4432,95621.61269,5546283.0,40169032,1.0,0.6709548364707225,0.2975753997822578,12.463040854595102,0.0,0.017240665990177564,41.09718926933477,108.2610909619321,1024.81,9.015,5.463128167700411,0.24198368528976974,0.28590499258692714,0.34081798566715765,0.40003368021429847,0.4988319204050713,0.6059443775227481,0.7118242974619218,0.8437142497056137,0.9701600152750951
10504,1,4581,single_city,Asia,4581,173986.211,5488470.0,48513561,1.0,0.8161955255780994,0.43511953612221216,14.775486908207657,0.0,0.03170031192663894,37.50957350829065,105.19650092596767,1226.44,9.248000000000001,5.841257746621205,0.15705324070278237,0.1820204902276955,0.21554713790910765,0.24965883023866398,0.3314431890854828,0.4246653438936534,0.5687628792723656,0.7728620180123058,0.9755545716748019
10507,1,8079,single_city,Asia,8079,71035.40396,3850818.0,44749993,1.0,0.72082666832217,0.4693213084183948,12.73157242165594,0.0,0.018446834921827,34.74918623762014,109.18015264276754,442.86,15.3655,6.546325477173713,0.39291703736712563,0.4299257975837861,0.47774680600329594,0.5336679115969646,0.6122732884285884,0.7006197124870612,0.7747629205015661,0.8640805667782793,0.9562383888306328
10513,1,9465,single_city,Asia,9465,85651.0137,4049754.0,36366784,1.0,0.5523349193950221,0.4529881093732084,27.214435101728462,0.0,0.021149683091861875,32.67706796674082,112.60904245021925,102.09,16.6295,6.808544702510613,0.30475579504335326,0.34409052994330025,0.39197590767241663,0.44772842992438555,0.5979415045950939,0.808946173026806,0.8450454027577972,0.8870227673088291,0.9337260979308867
10515,1,9479,single_city,Asia,9479,231819.5546,3611544.0,44337317,1.0,0.6995622407418238,0.44842684868966404,16.67197633822775,0.0,0.06418848963213518,27.728699743615653,109.18558367586417,311.47,16.691499999999998,7.342308852203461,0.2736331053975806,0.31340944482470656,0.36402989967725713,0.4220662962987575,0.5488957077637708,0.7007227379757799,0.769698223252991,0.8450884164778277,0.9259607525202517
10517,1,9745,single_city,Asia,9745,136410.0823,3633461.0,31526392,1.0,0.6562512121257691,0.2626068916731144,11.599645781538715,0.0,0.0375427401862852,29.63425057493748,111.87332594209725,34.84,17.8335,7.251575453265889,0.269805290327872,0.31678694225698306,0.37668685586552325,0.4445252061326653,0.5318636968994576,0.6367867991427457,0.7240185046708909,0.829160681785218,0.9368668055058249
10518,1,9895,single_city,Asia,9895,97501.92534,3949232.0,36919724,1.0,0.7356566222217805,0.5998183319725617,16.629901731384077,0.0,0.024688831990625014,28.91053387290636,111.95817752003019,31.76,17.734,7.305876822334868,0.16957828762655625,0.19890601514421033,0.23707647461582404,0.2814164880665405,0.40352377373626064,0.5588891713629384,0.6822708820347855,0.8232709549603568,0.9605763854845701
10520,1,10699,single_city,Asia,10699,129574.9265,2722685.0,32609445,1.0,0.5395149479431556,0.3993391287826516,15.720896723513068,0.0,0.04759086214527204,23.917112548633128,112.17640957470057,62.06,21.3615,7.556727454124999,0.3000383812302929,0.3496379493037204,0.41123486558305494,0.48025203062418165,0.6089386028864889,0.7481493452235569,0.8105994633973449,0.8838734557982286,0.9546921513138685
10521,1,10377,single_city,Asia,10377,166640.4086,5806668.0,67967557,1.0,0.8848340476222403,0.41643804792713623,13.435498924336642,0.0,0.028698111998137314,22.703832837192735,110.34634498620152,104.84,22.1405,7.536692417782586,0.2642691126821785,0.31220331522311934,0.37312155611445325,0.44269105793546315,0.6004441790024847,0.7866948825040454,0.8465908503809758,0.9130525457973488,0.9779439775099937
10522,1,10615,single_city,Asia,10615,440001.7231,5732362.0,55704081,1.0,0.9997259633191125,0.3020061527631173,13.595127581120211,0.0,0.07675749073418602,21.917724974610238,110.85397504285517,48.5,23.724,7.506784893291415,0.26370159456084596,0.3145473017928735,0.3787477134207505,0.45378972925994554,0.5791169503949681,0.7362467687839672,0.7962276283319162,0.8670260182451841,0.9380157777893301
10525,1,10337,single_city,Asia,10337,139841.7312,4210665.0,43813415,1.0,0.6910907097593456,0.4174261915333509,16.33634469888697,0.0,0.03321131726223768,22.26571463700619,109.97800556184312,63.16,23.578,7.447570611047594,0.2031724205083995,0.24878326820110364,0.30952379256008256,0.38549041540944246,0.5263788498966315,0.7018340333415268,0.7775520018809381,0.8624155566876016,0.9476047132697567
10526,1,10273,single_city,Asia,10273,156062.8498,4327834.0,46104823,1.0,0.9178342652392651,0.5071019577436938,13.311769989305951,0.0,0.036060267052756646,23.5469640563496,110.39598686981884,36.97,22.372,7.512660962628716,0.19014523200289105,0.2308411089704457,0.2844196427127288,0.3465495672893184,0.47043694374599393,0.6253640966820816,0.7176072372461606,0.8286542413595346,0.9404089898087589
10528,1,9987,single_city,Asia,9987,236661.3492,6782723.0,84114131,1.0,0.771734455347658,0.554453147432329,26.64103538837593,0.0,0.034891790391558083,23.731120281587412,109.22811588476648,86.04,21.404000000000003,7.613080999162563,0.38355480534882525,0.4200728822332859,0.4679801902569219,0.5202473991640231,0.6069498931328907,0.7047959941752008,0.7919811851375915,0.8897144996191058,0.9805135783961693
10529,1,9941,single_city,Asia,9941,192078.9597,6247007.0,52338653,1.0,0.7370770294784607,0.2620952127047106,12.552336660833886,0.0,0.03074735784672564,23.230949892895012,108.8118481661302,119.04,21.971,7.517117236553142,0.1995762130569087,0.24352109738311484,0.2988147764201321,0.36134408045324745,0.4911793759795691,0.662071132623991,0.7555120396055263,0.8617365083791326,0.9604154437477019
10530,1,9741,single_city,Asia,9741,96572.80196,3294479.0,29591235,1.0,0.5687230820527659,0.3815225502353785,13.21515087449903,0.0,0.029313527862827475,24.495919905433322,108.64714302563821,147.61,20.358,7.5087822364115775,0.4264956613777171,0.46455934307063423,0.5112347050929752,0.5701435644300662,0.6591828328546031,0.764408575680707,0.8320538695192775,0.9146037962299957,0.9858414638551346
10531,1,8993,single_city,Asia,8993,86258.37307,3047755.0,42152170,1.0,0.5010744813921573,0.31148637864258394,14.417913158575733,0.0,0.02830226611719118,26.559154002563417,106.46563092095542,1245.59,15.2335,7.344564649465025,0.20534327726474078,0.24632393351827822,0.3044496686905608,0.37313563590249216,0.4715841660500926,0.5895299983102317,0.7097916335138487,0.8415033360621178,0.9615300442456824
10536,1,8729,single_city,Asia,8729,104303.2793,3889683.0,37848464,1.0,0.6722114110398287,0.5130294439114806,18.320800241360157,0.0,0.02681536755051761,24.88920784830967,104.30985732825846,1493.98,16.03,7.231416518371568,0.10903484936947304,0.14129763273768067,0.1846898577596169,0.23322723214205374,0.38558026450998706,0.5787317372649647,0.6919121686780131,0.836755591651042,0.9723159959307738
10540,1,7789,single_city,Asia,7789,52846.1902,2168858.0,20474573,1.0,0.6156015249207667,0.5116456236614203,14.655933217514873,0.0,0.02436590602058779,24.680306613620232,102.16461350857985,1612.41,20.722,6.923187586011755,0.06483227578753427,0.09587995156898238,0.13880207925092375,0.1869961057847033,0.32913634733117614,0.5197850666110921,0.6549870945907939,0.8039382937933235,0.9467374074282411
10542,1,7992,single_city,Asia,7992,89131.49768,2815523.0,27265349,1.0,0.671882146740378,0.6180672144340332,19.764099518094408,0.0,0.031657172638973295,26.083185250943032,103.18316792804671,1294.26,14.501000000000001,7.374110071813676,0.20140591996584647,0.24219549973486276,0.29730852846877825,0.35798642028497013,0.4563280072654352,0.5600572256024902,0.6834737276165033,0.8353041335481898,0.9761003550672468
10544,1,6346,single_city,Asia,6346,89123.56112,4061902.0,48089422,1.0,0.8701836007595825,0.6552140424351073,15.021603751080125,0.0,0.02194133711743907,31.344251382912823,104.20244699186212,596.74,9.743,7.464506396235201,0.3163737086714549,0.35125268901120704,0.3991046558976558,0.45559863334959827,0.5927900279228795,0.750684285342187,0.8254935741925827,0.9045567815274717,0.9798633743502428
10545,1,7422,single_city,Asia,7422,257136.5394,4100881.0,56856019,1.0,0.5537808135841784,0.2613973500226238,12.557397113376517,0.0,0.06270275567615836,30.876462077902882,105.37767829522926,349.97,18.094,7.026218527685606,0.1948771495685927,0.22685637549589954,0.26525227140216945,0.3091301600802364,0.41783704525929916,0.5574229049806615,0.6715139990650789,0.8160322135658167,0.9514501883863492
10548,1,5420,single_city,Asia,5420,91561.03564,5235458.0,54773876,1.0,0.7321528728960469,0.5291875725797519,17.029756105656357,0.0,0.017488639129566125,25.025216383785388,98.49516369271842,1646.71,17.485,7.56655425640835,0.44940881962953383,0.49191054536202944,0.543688441393284,0.602536970022489,0.7183963657047769,0.8419798229686878,0.8847921232488161,0.931149099085505,0.9749143245920414
10555,1,2456,single_city,Asia,2456,60612.33512,8716562.0,61290409,1.0,1.0000000000000004,0.31142938543742793,9.965740333997688,0.0,0.006953697469254507,42.4275618341979,69.83126745865285,608.18,13.1325,6.506959004886754,0.23603032938904123,0.2904769105066883,0.3648617425081127,0.4517664189160818,0.5710359198959406,0.7059239640583065,0.8022907426115938,0.9055581776393032,0.9938091417235373
10584,1,8686,single_city,Asia,8686,321669.0734,6281563.0,39964204,1.0,0.9421174701549884,0.31273670224751027,13.876612555054331,0.0,0.05120844500007402,29.20487205982026,78.93030586928845,231.28,24.270000000000003,6.943826325600877,0.16694539241268455,0.19552378922252311,0.2339156671675505,0.27918990862624476,0.3559467603843184,0.45302610194309917,0.5668468182202423,0.7198520495615502,0.8910311016541583
10586,1,8553,single_city,Asia,8553,145186.2659,2419923.0,16433451,1.0,0.576137443499366,0.40591261524638944,14.063275168759928,0.0,0.05999623372313912,28.832267447497934,78.24040764202233,206.98,24.762999999999998,6.748584268356277,0.21804454108663787,0.270351577302253,0.3364904585807069,0.4084001846339739,0.5014395086124641,0.6051626436047759,0.6752780976915381,0.7514532487190708,0.8446681981203534
10587,1,8517,single_city,Asia,8517,141673.8408,1811816.0,11056386,1.0,0.6317386031159277,0.4098771299519053,11.082444878579036,0.0,0.07819438662645656,29.135834722380615,78.26977716430224,226.82,24.662,6.778413383858798,0.430700468480243,0.47968943866264563,0.5406950816197671,0.6091319427579842,0.6679166096336493,0.7337792579378921,0.7805284863363608,0.8306522295862273,0.8963029358389594
10589,1,6312,single_city,Asia,6312,77712.97923,4031409.0,31834582,1.0,0.7018567367829882,0.5224537470576941,13.394025639181542,0.0,0.019276877942674634,29.992096929925033,75.39996793500079,218.21,25.1755,6.125867590984152,0.3743445529838327,0.41928690440488675,0.4747327795319205,0.5320831996951935,0.6666810536961146,0.8103278531153748,0.8553153500426278,0.9101624270819458,0.9615432222332192
10590,1,6512,single_city,Asia,6512,100473.0756,3384563.0,24621466,1.0,0.6411821794280935,0.3178452309450015,8.441565557004512,0.0,0.029685686335281687,29.508107304957235,75.45132206351663,212.71,25.813499999999998,5.978308383058428,0.300382058185946,0.33404785196789066,0.3781327160995378,0.4248829169378735,0.5865986244014367,0.7660888569661726,0.8263790628214042,0.8961006191936743,0.9646045885391998
10591,1,6871,single_city,Asia,6871,86201.47266,2340194.0,17555309,1.0,0.5558489036797342,0.4834319997162682,15.588544029043923,0.0,0.036835182322491215,29.715042559772844,75.90264755183313,226.26,25.261499999999998,6.210380173329535,0.43563866927271844,0.47514565031787964,0.5254423351226437,0.579010116255319,0.6724545059084845,0.7736858568135804,0.8208396397905473,0.8735023677524171,0.9333670627306967
10592,1,7327,single_city,Asia,7327,249197.0377,6669544.0,51102498,1.0,0.8511412409037373,0.6937029367090664,26.89930588042133,0.0,0.037363429598785164,29.799889405704764,76.40561623536298,237.18,24.722,6.450520973789011,0.25297126760090344,0.288408622838383,0.3355785642916517,0.3868522345755572,0.5417881642283191,0.726446215813255,0.7919668870915313,0.8733180259400043,0.9548541849337826
10593,1,6035,single_city,Asia,6035,79077.32136,4067263.0,27905615,1.0,0.7745046567450429,0.5296993993652621,12.938038605586149,0.0,0.019442391937772405,28.439108632727933,74.49348000084524,253.36,26.694499999999998,5.659489184376455,0.423294239885643,0.462800659804886,0.5107766574229402,0.5637493813407198,0.6704019386009707,0.7874287942530395,0.8293410089291005,0.8773162689503974,0.9333229741966527
10594,1,7899,single_city,Asia,7899,191237.7002,2367496.0,14471368,1.0,0.5284740549320934,0.37585779069961966,19.261184851735553,0.0,0.08077635620081301,30.670166031886072,73.6519086968746,172.86,25.5735,5.815967649261125,0.2232502187965682,0.2731565333162126,0.3380453441104019,0.414818018699926,0.5193508246687639,0.6336956852303024,0.7193291984442635,0.8148182721322443,0.9103588770582928
10599,1,4932,single_city,Asia,4932,150654.112,4102115.0,26745250,1.0,0.8425919354846901,0.5075208035727573,15.304728230123128,0.0,0.03672596014494962,32.04305525422033,75.40536590639543,264.3,23.3095,6.8145050260708455,0.22664357288861964,0.26604227331510694,0.3196633931520691,0.3826404184183037,0.4923942892873554,0.6244971191690141,0.7285390585100613,0.8506124279792253,0.9650209708894071
10623,1,5565,single_city,Asia,5565,226970.7951,6108619.0,43510246,1.0,0.8770259757217975,0.5077413187608841,16.829406683027425,0.0,0.037155827708357646,24.173418319017042,72.43025854041414,217.45,26.7335,6.528648468611009,0.21243655890144728,0.2562379483808042,0.31900139786095677,0.3886904716106865,0.4732120304114563,0.5668261517046652,0.6885120843188943,0.8262502539444676,0.9505176210858788
10624,1,6407,single_city,Asia,6407,191702.6198,5758458.0,41581024,1.0,0.9298015844392862,0.640850036502424,21.00399810841871,0.0,0.033290617001982124,23.59822122952972,72.96594856940474,143.67,27.107,6.748988712321683,0.09239365816334859,0.1305472749822956,0.18734199329056495,0.2510359544169637,0.40157278215800135,0.5702363375750938,0.6813325720184119,0.8215822708093035,0.9655225409302282
10629,1,6767,single_city,Asia,6767,63886.43774,1419833.0,12738808,1.0,0.5581620001981146,0.5126284641676552,15.45629312449918,0.0,0.04499574086529895,24.929537918888535,73.82172596888138,597.39,24.4185,6.5513974276213816,0.1379535480581167,0.17901330649449618,0.2432997401807114,0.3221970471175131,0.4350131318260669,0.5622055551603604,0.6676348556485164,0.7915297080713013,0.9207688509845876
10631,1,8310,single_city,Asia,8310,231440.4497,4139712.0,25545053,1.0,0.7643190861126804,0.3883236014495289,16.738120481043644,0.0,0.05590737947470742,26.013205791958633,76.35999865552759,278.57,26.6995,6.573599856473275,0.26741667053166984,0.3136537034460368,0.3778001947961597,0.4513722210627213,0.5562746877077439,0.6715626594313807,0.7610838628387675,0.8729923724162454,0.9736551721472412
10632,1,8472,single_city,Asia,8472,246794.4281,3301798.0,20026373,1.0,0.7971563175073539,0.6533450250753295,20.643452409155177,0.0,0.07474546537977186,26.7442397503722,77.03072830554053,229.61,25.622999999999998,6.389583572031055,0.3451583046570384,0.3802070871688698,0.4276533573525697,0.48427947439546576,0.5621852093919737,0.6500355260982047,0.7338865066851454,0.8442706064998525,0.9533981182373967
10634,1,8414,single_city,Asia,8414,100237.675,2015507.0,12250425,1.0,0.7044483270309717,0.6154923129181197,14.13466592333474,0.0,0.04973323089426135,27.89251062951674,77.37453119311937,190.44,25.387,6.530669151185665,0.22609695724202397,0.2724222738993216,0.33137170945077343,0.39575600580896025,0.4937928769287331,0.6145684435727586,0.7111218169919529,0.8234201121603646,0.9367791826076516
10635,1,8882,single_city,Asia,8882,165523.0199,2223539.0,14067506,1.0,0.5862713090903013,0.40499685598616264,13.54140637948598,0.0,0.0744412487930277,25.885732558856105,78.33218270975759,206.57,25.7,6.663887838640445,0.2531729823493089,0.28665564219921486,0.3319658436393515,0.3938968464236517,0.5191121001250709,0.6634806045677634,0.7600069079067199,0.8678336651617085,0.9687214840846057
10636,1,9086,single_city,Asia,9086,145846.0098,2608544.0,14330980,1.0,0.8279111173816703,0.4732186392813998,13.312683515676811,0.0,0.055910887376252806,24.752773985118388,78.83332843110988,350.6,25.28,6.943772308123317,0.13517425813020598,0.17143816627206596,0.22359216482451513,0.2893403369849234,0.37331936896598256,0.4681393144988162,0.5897546677380179,0.739710735184072,0.8955436442705202
10639,1,9650,single_city,Asia,9650,137486.8582,2527473.0,16442357,1.0,0.6348632439800357,0.3627713930030827,14.441476718173671,0.0,0.054396964161437134,22.60391195740143,80.36918082262572,445.49,25.4015,7.2616544239530585,0.10740094948590945,0.15683490980912557,0.224263918941963,0.3013306175773193,0.4295448457807462,0.5715119409782023,0.6838162069387091,0.81165337869089,0.934975368678518
10641,1,10096,single_city,Asia,10096,60192.51879,987858.0,6624955,1.0,0.5319080580071993,0.3338255365971712,8.886681482721258,0.0,0.06093235949903731,23.18475830879249,82.35213174989033,613.77,24.799500000000002,7.230538533265523,0.5856388266329776,0.6546345729851861,0.7389007326963997,0.8416897975215061,0.8707587527762087,0.8998165728272687,0.9271312273626371,0.9546928809606239,0.9806520775253124
10642,1,10202,single_city,Asia,10202,123259.9028,2239234.0,23357341,1.0,0.6395858573529233,0.5465706049634164,19.758803941449134,0.0,0.05504556593906666,24.217643534212,83.03580584291564,301.96,25.3205,7.025986214316482,0.3718561793899164,0.4281088979534966,0.5017872183076891,0.5802725396273904,0.6822614340439632,0.792041385580962,0.8612154870817431,0.9311626207890734,0.991420280328005
10643,1,9926,single_city,Asia,9926,309275.1966,4556754.0,22619173,1.0,0.9999999999999998,0.27799159086747127,13.621587952506095,0.0,0.06787182204700978,25.39395029876334,82.57215552166701,84.4,26.058999999999997,6.945788749179791,0.23251353924306645,0.3036637483612238,0.41976766794959747,0.572910892271121,0.6537914928038687,0.7479128783340071,0.7967783645990106,0.8591749741153462,0.9328434231911575
10645,1,10110,single_city,Asia,10110,484834.8068,7453831.0,43683409,1.0,0.6757715492309456,0.2658745487891997,26.15599566797518,0.0,0.06504504955907908,25.940265202117768,83.559162614327,70.1,25.883499999999998,6.962248672585977,0.2805326549528692,0.3385891094123277,0.422855307559294,0.5258345674861692,0.6046686596462947,0.6896005557410679,0.7594921323008262,0.8474334875582771,0.9382638270172747
10648,1,10370,single_city,Asia,10370,156134.0988,2125086.0,11205500,1.0,0.9821505389160915,0.25808383294335524,6.864325768841195,0.0,0.07347189657265636,26.98282773048001,84.84576151014672,78.78,25.373,7.381185842076739,0.2681322073553729,0.33995988868215216,0.4376166423382395,0.5637974180809624,0.6249568252767183,0.6944048382041951,0.7666640314791966,0.8507067478680863,0.9337612689557034
10650,1,169,single_city,Asia,169,263913.4446,3133114.0,17700657,1.0,0.7536981362842435,0.27870253948437773,11.39133620219619,0.0,0.08423359143650694,26.032445162001114,88.46327284451526,55.32,25.151,7.591764838350933,0.2664859944451431,0.35699403213544095,0.481335501995778,0.6298050437998745,0.7475632868768899,0.8732203807458011,0.9099735917684451,0.9505539855875018,0.9861859479099707
10652,1,10814,single_city,Asia,10814,284915.4108,7724931.0,50331497,1.0,1.0000000000000002,0.30679774490222367,13.49910077569784,0.0,0.03688258326190875,23.99604825583208,85.36288361870437,606.18,24.110999999999997,6.846218115926567,0.21487117490110916,0.2598152656638616,0.3194457011978489,0.38727387985730877,0.49786943080786095,0.6217348737483869,0.7098683470441354,0.8209907635420951,0.9350521059670306
10655,1,10678,single_city,Asia,10678,88760.07256,1272607.0,4813727,1.0,0.6991423880410819,0.5402864170447467,17.117009094532172,0.0,0.06974664806967115,21.822896657088126,83.92472668573792,208.18,27.0265,7.301671959961241,0.5141728750509781,0.5873989377710479,0.678007428844883,0.7885773062697282,0.823577899540078,0.8643226070577955,0.9016624928198572,0.9394950679982116,0.9765025652066978
10658,1,9900,single_city,Asia,9900,148471.1128,3635867.0,25919682,1.0,0.8238271898413108,0.5628873188501,13.981656617324822,0.0,0.04083513307830017,16.86894570691979,79.56140232607927,132.36,28.747500000000002,6.629412789859113,0.13591613774651273,0.16905788908120126,0.20969248875165125,0.25925453268780185,0.41893171559905795,0.614143751682886,0.7263615528290777,0.8569075821530325,0.9759328380273535
10661,1,10268,single_city,Asia,10268,220094.0782,4092431.0,28547450,1.0,0.7684580596962037,0.5264682006849679,19.54229205565176,0.0,0.053780767030647554,16.23856615545912,80.645207400836,11.88,28.567,6.859319477019001,0.36328162893888744,0.40293385520733277,0.4581103505471442,0.5201074862349543,0.6144944166437992,0.7216427106529102,0.8038136745616481,0.8953221202752105,0.9775255832047015
10665,1,9930,single_city,Asia,9930,355192.6604,9539234.0,66373214,1.0,0.6348051137734735,0.20465080342462427,17.53937746121835,0.0,0.03723492477488234,8.807122144815306,78.13594440012311,5.26,28.375500000000002,6.844820804007718,0.7751725138517411,0.80687317241615,0.8457693772896231,0.8881665970244571,0.8888463161717177,0.8902858447544111,0.9236795113737644,0.9603554121850874,0.9942485948033144
10666,1,9720,single_city,Asia,9720,210140.7253,5111838.0,28510676,1.0,0.7597452166492803,0.2147210116424957,14.250908907087696,0.0,0.04110864336858875,10.021045655016344,77.48128831777636,305.17,23.988,7.338962854893845,0.2730636221257403,0.3206854364320622,0.3846274079890638,0.4586952872919682,0.5376234536383978,0.6288348730926137,0.6972271030498228,0.7824621985282006,0.8848357479247191
10667,1,9570,single_city,Asia,9570,253603.9621,7161627.0,48069366,1.0,0.6650904169449221,0.25536040481466327,20.708430735073552,0.0,0.03541150105974522,10.658666255618245,77.01345336545273,297.43,25.344,7.889314890217352,0.4598149275297359,0.521838543113178,0.605756624856335,0.7095784240089578,0.7286165559865098,0.7523773578266503,0.8112722150986081,0.8817966922879396,0.9567355295102635
10668,1,10132,single_city,Asia,10132,436661.8377,11281377.0,76675315,1.0,0.9433370224429779,0.2937699771730733,18.703565718653444,0.0,0.038706430757521885,10.771465133532544,79.13135038865623,59.51,29.374499999999998,6.762003810151644,0.05368449259341302,0.09391530838832883,0.15712310651439093,0.23066226755829541,0.37290890996728504,0.533861513536867,0.6660908504343043,0.8266601674600539,0.9744256397069259
10670,1,9810,single_city,Asia,9810,207941.2822,4487485.0,28543677,1.0,0.5346632191561775,0.29600292654680826,20.135128790630564,0.0,0.04633804507424537,12.122151602673737,78.15301060899068,462.12,27.015,6.886688422885385,0.07117661674635124,0.12130157538131046,0.20506542083149024,0.30877050285404856,0.49915754593051564,0.7086942909001367,0.7932064396872636,0.8867098163002216,0.9723589048208517
10673,1,9834,single_city,Asia,9834,198099.4239,3376183.0,23908203,1.0,0.7883455206045885,0.6222114397874937,19.898586402634105,0.0,0.058675558730080686,13.55903102089267,78.50489698813546,700.68,24.1505,6.733634007753518,0.009428695067773281,0.026281454530160245,0.056845556061386485,0.10022324026867027,0.3039316885370254,0.5640203744879942,0.6815984204647675,0.8245166212850429,0.9578266343974838
10674,1,9704,single_city,Asia,9704,247429.1868,3524993.0,26153426,1.0,0.6329292696276039,0.3682725491517438,16.277331436295878,0.0,0.07019281649637318,15.476643735076525,78.48191494217053,211.99,28.6785,6.6456415331322365,0.14592482878689406,0.1781334033854819,0.22069802691806764,0.2678042197530605,0.41045868743569136,0.5997521129829194,0.7081562998848508,0.8383854946662306,0.9613077245827155
10676,1,8630,single_city,Asia,8630,149873.2926,3504533.0,15269001,1.0,1.0,0.26306938119933376,13.153469059966687,0.0,0.042765553242043945,15.275960210027117,73.9664179658601,17.02,27.311999999999998,7.713579369989992,0.2189609856719854,0.2768368852568944,0.3646928135646033,0.4802477248751831,0.5479240743345832,0.6311930862114866,0.7405289092726477,0.8670504743428011,0.982339159026324
10689,1,9506,single_city,Asia,9506,108001.9123,2247327.0,13915516,1.0,0.5554287369281506,0.423916151011144,15.01742111876587,0.0,0.048057942747094656,20.05589742617791,78.9538044189525,213.67,27.7885,6.9863839103978655,0.17024046789808514,0.20763911971867022,0.260675905197597,0.32542482691659913,0.4580953283612042,0.6202973577053985,0.7280591565001444,0.8556427257804494,0.9717464347645002
10771,1,5760,single_city,Europe,5760,51806.27576,3574159.0,27982165,1.0,0.5324656032503865,0.4802899127952716,20.27766850335396,0.0,0.01449467574330073,45.36866291132874,41.70883328751597,201.6,11.2785,6.5468765113453165,0.445260829190867,0.5005311739069247,0.5565594591622812,0.6128820793926627,0.7209830340508074,0.83712364223304,0.8734779286539854,0.9116410321980639,0.9517897776791687
10878,1,757,single_city,Asia,757,70053.52929,5480655.0,32515180,1.0,0.7018857573658417,0.3261788162635488,13.486327758873479,0.0,0.012781962975228326,41.87541158477729,59.62935016633967,80.88,13.904499999999999,4.745301625308237,0.4206146893026472,0.48318257580526414,0.5799102479539399,0.6959135358821162,0.7361519745358903,0.7825351166968182,0.8124351925089246,0.8451863873934776,0.8941049929251157
10933,1,6951,single_city,Europe,6951,50095.84698,3022584.0,18777745,1.0,0.6840140950326777,0.5853756151166871,17.594922206864524,0.0,0.01657384773425652,61.31345935476158,63.33819296306793,115.2,0.6695,6.339006537299845,0.43146393946371714,0.44389734081831966,0.4564974869184777,0.46908506099416925,0.5179085180097559,0.5734854680630878,0.685591533601713,0.8114924184075613,0.931415967265095
10978,1,6923,single_city,Europe,6923,69425.68356,2934765.0,27215879,1.0,0.7801730960569753,0.44838766582284995,9.867607787956445,0.0,0.023656300780471352,54.6997295791666,55.82093631489252,115.21,4.5515,6.393548947056669,0.3828531415632938,0.4234185701410505,0.46423580763706807,0.5058442498803141,0.5795499810035897,0.6560184546292462,0.7363270994440781,0.8270324881208546,0.9209081476711083
11001,1,6808,single_city,Europe,6808,56210.79904,3917901.0,31463828,1.0,0.7511289906614185,0.4439436739673743,13.859287830314676,0.0,0.014347171875961132,57.433848411669054,56.95990039257958,132.29,2.8955,6.520555587855789,0.6423949967086968,0.6799847673537438,0.717996447587624,0.7561924101706501,0.8013359704596926,0.8478996789352258,0.8870106722962117,0.9267656329243643,0.965494023457969
11207,1,853,single_city,Europe,853,114374.9669,3226241.0,34817218,1.0,0.517274578240632,0.4917042323255246,24.592550269503302,0.0,0.03545146407227483,55.515634528592734,28.55756445595049,133.57,6.7829999999999995,6.629144603379388,0.6370835284778787,0.6609490735503021,0.6850520466387973,0.7092529665328784,0.7657174402036302,0.8232791660635396,0.869623193059663,0.9181136809060452,0.9632386421225196
11221,1,974,single_city,Europe,974,118228.5471,3583085.0,34927125,1.0,0.7115924956136194,0.5903161188799487,20.71893389457652,0.0,0.03299629986450223,54.09748133483688,28.322034421517728,174.88,7.1129999999999995,6.579355373251797,0.5439882112760372,0.5711357670833932,0.5984694753264296,0.6264361576686012,0.7227799507965901,0.8271612311736953,0.8803154265109535,0.9348156686207556,0.9823565447093775
11249,1,257,single_city,Europe,257,58578.64635,2997745.0,26471624,1.0,0.819519285004538,0.6128111740359392,12.10203173372019,0.0,0.019540903695944786,53.3382092544697,15.03057997736589,30.1,9.3795,6.560312586356982,0.6687793658233105,0.6914850996332244,0.714200840965459,0.7370326695566167,0.7826049247017342,0.8308111597217241,0.8676018140302127,0.9069447201146195,0.9484495846044276
11289,1,4024,single_city,Europe,4024,61869.83895,2960735.0,28003838,1.0,0.7327574667171501,0.5635046799577631,13.551252414327188,0.0,0.020896783720934158,53.17140836373421,22.06464605403116,118.07,8.6005,6.557565688176284,0.5017737149728023,0.571827603618696,0.6445892658410833,0.7176934105889247,0.7808648865906608,0.8453552918447615,0.8820444923304517,0.9199621040045799,0.958991939501509
11292,1,4415,single_city,Europe,4415,57421.65962,3454800.0,28253382,1.0,0.764457639877198,0.6646103919329143,16.398964572780944,0.0,0.01662083467060322,50.72179912430635,23.26087835987609,217.34,9.324000000000002,6.685769806835315,0.5578421326849601,0.5978354752807687,0.6380137779321524,0.6782598124348732,0.7536088919763807,0.8315685423179344,0.8823642468449693,0.9352865578325807,0.9814640500173671
11300,1,4377,single_city,Europe,4377,52800.45529,2139804.0,19196451,1.0,0.6174140922962649,0.5693316375051566,15.672455834302099,0.0,0.024675369935751125,49.78614868263855,22.77210846371152,227.55,8.948,6.78975690764269,0.6295824290449031,0.661474602346757,0.6935326786939364,0.7259005965032311,0.7739872436914783,0.8236843187506894,0.8759045220964163,0.9300706980639348,0.9793579225013131
11436,1,2272,single_city,Europe,2272,56719.43061,3873135.0,32997918,1.0,0.6281483941632082,0.230906524731164,8.516051180587958,0.0,0.014644320585262327,51.37922347671799,7.685686396020953,236.95,9.926,7.074056272450994,0.6188488136871036,0.6712900531481604,0.724871970638772,0.7809131362578376,0.8350527415130121,0.8913915987952912,0.9213748036151593,0.9515436461677685,0.9801569013215393
11499,1,53,single_city,Europe,53,71737.71684,5580338.0,39513598,1.0,0.8247288923718131,0.2526041045166214,11.651858673344234,0.0,0.012855442957039519,53.27539267622944,-9.053665652431482,17.87,10.128499999999999,7.079776889647959,0.5203588026388366,0.5563919246468583,0.5929845109740665,0.6298224229428396,0.7181296186718439,0.8186586547266492,0.8718557908141048,0.9302968744903982,0.982162908411641
11500,1,54,single_city,Europe,54,71174.62138,4116153.0,24000044,1.0,0.946759574213087,0.4645841794150819,14.612339632501836,0.0,0.017291539303811106,55.0072388263491,-7.320930107203234,43.43,9.174,7.120398696329142,0.6462553748609442,0.6650972400685786,0.6841504676818378,0.7032875114214656,0.7755088306970125,0.8541728162194165,0.8920834575391148,0.9309930899070078,0.9705275775706103
11525,1,2750,single_city,Europe,2750,75170.29552,5856049.0,32480417,1.0,0.9441826222326322,0.5312272540399314,16.26447280445001,0.0,0.012836350160321404,54.88924905912495,-2.9357827233332987,27.41,9.274999999999999,7.179024773920145,0.6354776061470797,0.6785831197792231,0.7218945743111098,0.7653899412385381,0.8100838978635595,0.8564339198664492,0.8964720069794498,0.937549019825483,0.9757414939663244
11560,1,1928,single_city,North America,1928,50963.93767,2396640.0,12439770,1.0,0.6191740539389632,0.3115124765895469,10.579955102491628,0.0,0.021264744671707057,56.73865408110095,-111.44534551794798,343.92,1.422,6.3476912656087,0.47949587756192,0.5088945356832899,0.5387254656519127,0.569179768342346,0.6085924460911943,0.6550854529674878,0.7565850524067027,0.8717888377061219,0.9832407036517792
11599,1,9641,single_city,Asia,9641,186046.6749,8464496.0,81239764,1.0,0.6608212530509685,0.24651140514249437,16.228818383349576,0.0,0.021979651818607986,41.99997111698912,122.80727977685379,35.16,9.4475,6.487884150663831,0.4325199043156261,0.46214576745030067,0.4972538234999461,0.5374987477104366,0.5966252450234485,0.6630825981842274,0.7251460689449201,0.8077828851239341,0.9039593142934913
11604,1,9437,single_city,Asia,9437,87562.32877,4736621.0,57002986,1.0,0.6040644564960667,0.3246276722010883,11.60523556811637,0.0,0.018486243414873173,43.51105042942246,123.49319507473791,118.15,7.691,6.282321885562758,0.5332476463706933,0.5656631594548097,0.605431593534716,0.6526485864079056,0.7209833761240344,0.7957166089497133,0.8483338650062988,0.9100468456310944,0.970786136361765
11609,1,9753,single_city,Asia,9753,165200.8367,5378863.0,56420423,1.0,0.6990774931411337,0.33781960789480936,11.309284086028095,0.0,0.030712966048772765,44.91750378885542,127.15505221578054,193.7,5.2364999999999995,6.534498615051726,0.5801677789525407,0.6161625607493628,0.6581271915644626,0.7060051538773157,0.7469645536612477,0.7908171299399148,0.8435535539759983,0.9065969889919114,0.9699376987292667
11611,1,9709,single_city,Asia,9709,144427.9891,4951561.0,52864780,1.0,0.8124556861630418,0.3936285670267769,12.257045692394696,0.0,0.029168173248799723,44.147078443633895,125.8365284871772,180.22,6.253,6.57898173125898,0.5168307529686093,0.5513695580040314,0.5946211709802222,0.6485597168246539,0.7085842222281014,0.7774667423061131,0.8296472566933942,0.8942099269301136,0.96070673470447
11613,1,10765,single_city,Asia,10765,85157.61919,2834060.0,31752732,1.0,0.6373373781941359,0.4301918158787973,11.619006211450623,0.0,0.03004792389363669,43.315382648409845,129.76337021030872,250.67,4.922499999999999,6.45626167727947,0.5608579211449299,0.6024060887913453,0.6501227920368658,0.706729568181337,0.7436388079292605,0.7839290628991623,0.8227920368658391,0.8667381777379448,0.9229966902606155
11620,1,9321,single_city,Asia,9321,96508.82041,4172886.0,41104352,1.0,0.7319501953273926,0.40161612698394716,10.93625851630382,0.0,0.02312759572391865,46.876928372378,127.50163253096093,182.84,3.23,6.494072246038566,0.508948003851531,0.5388905903492212,0.5738742922763765,0.6139801087305045,0.668842858395844,0.7310758070074285,0.7879326202537045,0.8570310811270665,0.932834733563294
11621,1,9121,single_city,Asia,9121,89733.89036,3727469.0,31851706,1.0,0.5252621249854198,0.3093126151868287,10.625936960915793,0.0,0.024073678509465807,46.83189054625193,126.48066854990952,175.81,3.7255000000000003,6.369227811093489,0.6955266428775129,0.7210233002608473,0.750727638512889,0.7855112946613372,0.8215703470639193,0.8587687784928594,0.8944420463322431,0.9412582639855623,0.9881267959572568
11623,1,7593,single_city,Asia,7593,142796.625,5491998.0,59481313,1.0,0.6516075993300904,0.3758029754643134,14.435064580879613,0.0,0.026000851602640786,49.17171837190455,125.22012221416989,229.4,2.1835,6.285356361640505,0.6493833391782007,0.6819277792890674,0.7203596942314983,0.7638939416948076,0.7969405669849114,0.8328360643976928,0.860664552317754,0.8914005431174593,0.9304615551571578
11635,1,10065,single_city,Asia,10065,227017.7492,8352937.0,72206285,1.0,0.6204485506366219,0.22054586725162673,15.203257392201762,0.0,0.027178194831350935,47.2496609776558,132.02839544097162,61.99,3.817,6.472948894971858,0.5817896148384694,0.6088726635912614,0.6404572427638326,0.6732964704510521,0.706237578470902,0.7417413779129425,0.7634184239627331,0.7868033722749256,0.8389329405932309
11644,1,7681,single_city,Europe,7681,56799.89471,4986649.0,49038055,1.0,0.6008371775266783,0.3404393473618399,14.64423912644196,0.0,0.011390393570913052,43.35707959656928,132.1850095157642,52.61,5.9205000000000005,6.579324820412047,0.6762242540030389,0.7157628299084214,0.7604220790354405,0.8079810710559335,0.8355462756652814,0.8659179741746411,0.9084876437062244,0.9546468981474333,0.9933951637662888
11645,1,3268,single_city,Asia,3268,234982.7073,2079626.0,15893096,1.0,0.6236100271015778,0.31268337494930587,14.83320239202086,0.0,0.11299277240234543,41.406027198063114,128.19433422341285,805.89,2.4645,6.839629531434533,0.6034219614488374,0.65792262647226,0.7188672386284841,0.7911422534628823,0.8064459667267095,0.8225656921004065,0.848816085199935,0.8754213498003968,0.9150501099716968
11648,1,1460,single_city,Oceania,1460,113491.9314,5290931.0,32083522,1.0,0.865976772063965,0.31641760466024094,13.447094211794697,0.0,0.021450276217928377,-6.718737065353486,146.99644707129028,23.88,20.429000000000002,8.531437359847311,0.5672294724690229,0.6258756729203234,0.699115902286384,0.7826393880396475,0.8333221506763177,0.8880987107939983,0.9226049252957561,0.9618549174048953,0.9960591056659026
11675,1,913,single_city,North America,913,67023.04833,3872687.0,32114339,1.0,0.5732560921467067,0.3059210774931661,13.82050315488468,0.0,0.01730660090268075,32.56388374707921,-116.62536290967955,558.21,16.816000000000003,5.659337606000998,0.22174423081441902,0.2311124033519879,0.24064790157324875,0.25055032849285264,0.32030473931923753,0.39449457185669795,0.5901215357709002,0.7967739195034352,0.9694282032087799
11681,1,5969,single_city,North America,5969,122207.1051,6335632.0,43785969,1.0,0.6222827387967801,0.27638037719981556,17.077347401248993,0.0,0.01928885785979994,19.41455945824795,-98.13844459082799,2425.6,15.0495,6.952803211634355,0.37697028489028406,0.42015113882877037,0.48099132020294105,0.5532773999499971,0.6387757369746223,0.7356830384087965,0.7986499215863547,0.8732543178012865,0.9493616422165934
11682,1,5987,single_city,North America,5987,122262.0545,6663143.0,54542587,1.0,0.6830986711225532,0.3537796676400961,18.587847565264045,0.0,0.01834900654240799,20.083941610453607,-98.35855154141483,2183.27,14.8225,6.73012689201792,0.40923134922963533,0.4625416263766214,0.533066752431998,0.6139524545698629,0.7009036126044421,0.7943580079250888,0.8500952178273826,0.911105614872741,0.967834548950848
11684,1,6786,single_city,North America,6786,200048.9919,8922787.0,85049321,1.0,0.9105154115865434,0.34085090248921823,13.943670662215403,0.0,0.022420012032115078,16.73568124598911,-92.64022215572135,2158.67,25.987499999999997,6.994029759530263,0.5309309748176214,0.5727478421260084,0.6236629878086297,0.6800408885699053,0.7762200308042767,0.8829598868604619,0.9010586042230976,0.919985762296018,0.9464606742265618
11698,1,6651,single_city,North America,6651,90091.65307,5945745.0,39503473,1.0,0.6583991392739114,0.3840141591423029,18.20940361243581,0.0,0.015152290094849342,25.992562620496773,-98.08759684584439,28.12,24.067999999999998,6.358494566712322,0.5332452030822041,0.5762366196330317,0.6195440605004082,0.6629182718061404,0.7348423116026671,0.8129420282908197,0.8634874183134326,0.9216086461831108,0.9760569953807302
11702,1,4250,single_city,North America,4250,146584.2655,8494985.0,61978728,1.0,0.8219406658741361,0.5484460786451236,21.95950817525988,0.0,0.017255388385029522,23.180937771240522,-102.86832110941283,2196.1,16.049500000000002,6.513330254265747,0.30223537769637027,0.3223697275510198,0.348040520377611,0.37993404343856996,0.507717906506015,0.6792371028318472,0.7588215870893239,0.8622424877736689,0.9613593196456498
11705,1,2326,single_city,North America,2326,65626.26353,4355881.0,34641348,1.0,0.7423319211002779,0.3861166122937092,10.210879899220304,0.0,0.015066128649979188,25.456650774244284,-108.07227417239075,52.92,24.432499999999997,6.255505290115068,0.3793138517787791,0.39714285123950815,0.4152689203401103,0.4334686829139731,0.6426849126502767,0.8670826866023199,0.9036980119521172,0.942949313812751,0.9777477851208516
11787,1,3699,single_city,South America,3699,133509.4484,4793681.0,47453647,1.0,0.6697432684524856,0.4639516925068928,19.76096817355549,0.0,0.02785113327315689,10.227314480533039,-67.31725145594646,597.18,26.711,7.118242272913177,0.6425732125270747,0.657225000996103,0.6718888887266382,0.6865826073950269,0.7637938360938077,0.8436921438869212,0.8873076869320258,0.9325781169001441,0.9754508070103122
11788,1,3649,single_city,South America,3649,107176.7958,5346669.0,55310406,1.0,0.7676253255145772,0.5422591752814199,21.12858247284516,0.0,0.02004552662601706,9.91169028201514,-67.35935975062127,451.98,26.711,7.118242272913177,0.441446440765269,0.45069406765221487,0.46007504859567705,0.4695675008121879,0.6150077739991011,0.7698997263529872,0.8414715779114061,0.9176311456721933,0.9824013792512684
11790,1,4289,single_city,South America,4289,183671.5157,7071015.0,60915838,1.0,0.7584433702040839,0.5151622914035661,25.18922393921111,0.0,0.02597526885461281,7.064498121697781,-73.84725640993568,87.75,27.238500000000002,8.448714116484656,0.5955601847825241,0.6329666957289725,0.6711790315817461,0.709950693075888,0.7575193943160918,0.8066547730417769,0.8570312748594084,0.9091096539888545,0.9596537413652778
11791,1,1931,single_city,South America,1931,142004.7811,5227236.0,54422553,1.0,0.9412146086540011,0.5307624642114128,19.247143862703332,0.0,0.027166322909468788,9.317140710287333,-70.60386204093415,575.59,20.5685,8.24447762661806,0.5789926071828401,0.6256256652655438,0.6727017873308188,0.7207954643716106,0.7960664106231286,0.8745723361256312,0.9107981732602086,0.949298826377841,0.9828976537504716
11792,1,2407,single_city,South America,2407,79032.38657,2034938.0,15176059,1.0,0.5040177268179635,0.46583945843301056,18.772177536792157,0.0,0.03883773685979622,9.78926924027816,-69.79127702870458,626.01,23.1565,7.794333534807533,0.46331780132859085,0.5031897777720992,0.5440956923503321,0.5850738450016659,0.7025378660185224,0.8212884127182253,0.8722427906894461,0.9260154363425322,0.9744193680593709
11793,1,2930,single_city,South America,2930,114848.7457,4907534.0,37899023,1.0,0.970268081304411,0.3667637364464354,9.557475858081162,0.0,0.023402536936066056,9.658245120105164,-68.57989506592584,150.35,28.1615,7.570265916746768,0.43710283005680656,0.4468242094705814,0.4566319866556197,0.46653186712511824,0.617871827276184,0.7795948026035072,0.8464817564177853,0.9189268989272412,0.9824376153074028
11795,1,3050,single_city,South America,3050,93129.69285,4938564.0,41967924,1.0,0.8083550130862907,0.6273592328717849,20.96896256534286,0.0,0.018857646240891077,9.923489805379454,-68.29817507636301,430.46,26.9,7.235701630459795,0.37484499542782074,0.3883456810522249,0.4020203038778074,0.4159277879156775,0.54591172656667,0.6842007109759031,0.775127142221909,0.8739206376590442,0.9641142647943816
11796,1,1759,single_city,North America,1759,229706.9748,6920151.0,46675826,1.0,0.8461364019480321,0.584778342555282,23.97392268395716,0.0,0.03319392521926183,18.462818616008153,-69.29966130281305,11.08,26.356,7.0853494291770325,0.5997928368904089,0.6343578340992848,0.6753362751766544,0.7204039333823785,0.7771009621032836,0.8518504870775219,0.8816100978143396,0.9226892592372623,0.9698216122740674
11798,1,1563,single_city,North America,1563,267365.3189,7624289.0,51028771,1.0,0.999119023836375,0.20280819226832006,10.354189574486828,0.0,0.03506757402559111,15.769134013167617,-86.79727330412565,14.98,24.689999999999998,7.75798184651675,0.29195430550966783,0.3305227543184682,0.38058486502807015,0.4392885684160189,0.5544914417593562,0.7056223865595861,0.7732563652820611,0.8574423136373766,0.9433772775402401
11799,1,513,single_city,North America,513,190425.3162,10548937.0,78892691,1.0,0.9657414328975774,0.4376362562270806,20.713815054162698,0.0,0.01805161185435082,9.857479654484976,-83.92375223512583,1410.1,21.641,8.691649061309478,0.6023350030434346,0.6526587465637533,0.713256321466324,0.7796911669867779,0.822992401983252,0.8709724022429938,0.8872651339182327,0.9044611793586406,0.9334964271755534
11808,1,1850,single_city,South America,1850,70218.13007,6111224.0,42084820,1.0,0.8429546614635094,0.41387675971732896,13.832117141677163,0.0,0.011490027213860922,-16.07958418536054,-57.67953188519487,123.24,26.394,7.161016311399246,0.4466471855719902,0.47732598248730534,0.5086774760669875,0.540704284444491,0.6585297806135072,0.7841231151075464,0.8378987580883961,0.8949410134532787,0.950618730388544
11809,1,800,single_city,South America,800,109906.1977,5553337.0,34159384,1.0,0.8508369705808094,0.4629533433002744,14.212258778912997,0.0,0.019791018931500107,-14.829879535275781,-64.89830676662987,154.8,25.548000000000002,7.635183589168937,0.432669762342894,0.4521908178812127,0.47204572674051654,0.49220531727139916,0.5798873722232236,0.6782478715050068,0.7639260862432804,0.8586864078301029,0.9517511723131515
11816,1,1164,single_city,South America,1164,63140.87551,3201794.0,22358144,1.0,0.6756268804848732,0.5503823895520533,13.286300928575185,0.0,0.019720467809609236,-24.23334992552786,-64.86701458603832,589.86,16.729,7.523525611970439,0.5937418209916066,0.6157085683838498,0.6378249194045588,0.6600699482852426,0.7233469736029239,0.7871234064402645,0.8403866707227261,0.9002068840156487,0.9586837879014077
11825,1,6302,single_city,South America,6302,82148.52265,6465694.0,48519081,1.0,0.925720832265618,0.4877218243622938,12.062913352609648,0.0,0.012705290824155922,-18.164172344607877,-47.94561921806358,872.27,23.764,7.202527531596436,0.36446729461678823,0.40167474674799025,0.43937928395621567,0.47712155879941115,0.591521343261837,0.7116408540212389,0.7946085911272633,0.8811173247604975,0.9607536329433468
11835,1,5273,single_city,South America,5273,69984.40687,4297243.0,37496674,1.0,0.8396426315505722,0.6321796884630486,16.269721464775312,0.0,0.01628588536184712,-24.327540828330672,-50.629596301554535,738.54,18.6725,7.492579783237285,0.44280926165916146,0.48318096044370773,0.5241090624849467,0.565272431649781,0.6804742017149135,0.8004723028229961,0.8592125230060297,0.920923950542243,0.974725655495861
11837,1,4444,single_city,South America,4444,102442.262,8288410.0,62019145,1.0,0.914343054172387,0.6850069431760704,23.216030148323863,0.0,0.012359700111360322,-23.406896141731956,-51.43327976153908,774.93,21.8355,7.349377116163008,0.3296112282090292,0.3503370368985125,0.37129763127065385,0.3924061430358778,0.5424763012447502,0.7114477927612172,0.7880227932739814,0.8721303603465562,0.951254462556751
11845,1,380,single_city,South America,380,51285.92988,4066184.0,27761248,1.0,0.8640818466548407,0.5512789452823292,12.574267135012716,0.0,0.012612791226368507,-31.71602413474503,-55.98126603864325,139.12,17.689500000000002,7.2376254124603,0.4939252626049387,0.5190350461267862,0.5446361994439995,0.5705637029706476,0.6578423406319045,0.7495194511610886,0.8213718316731363,0.8960270858377289,0.9645257076413659
11856,1,1934,single_city,South America,1934,55238.38278,2130589.0,19626530,1.0,0.556840611396394,0.38594730968620733,14.005184515715435,0.0,0.025926343738750177,-36.73170493825081,-72.9883129273644,38.54,12.753,6.934599721067363,0.26479719927212614,0.2692884455894591,0.27395053668257935,0.27868866308800055,0.4196510917872945,0.5816771794090742,0.7106969011855407,0.8454399229508835,0.9656508129911494
