yceo_id,region,fold,tile,y,pred_M0_rf,pred_M1_rf,pred_M0_ridge,pred_M1_ridge
10,Europe,3,14017,0.657124142508166,0.8197222984256987,0.8445424666670944,1.1007360373653292,1.1153048055099468
14,North America,0,12006,0.719917007423574,1.004959244628607,0.798411391390281,1.0434797361382824,1.0291922681712795
16,South America,3,6013,0.958952746360574,0.7172844715502935,0.6846649188303077,0.6660146541399659,0.7213383998035033
23,Africa,3,12019,1.402204828455883,0.6978743045219916,0.7527200953412613,0.9518632979043353,0.8484988176762669
24,Asia,3,12021,1.046095441114963,0.8053716960555319,0.6778463983607701,0.8970410876553909,0.9545442285057926
27,Africa,1,6020,1.763938292304424,0.759607110298693,0.7495607494499666,1.0149325215568723,1.0285602299360588
28,Asia,0,10028,0.683659479973046,0.8431709578899155,0.8572980935706116,1.0811712332069634,1.069157799679402
30,Asia,2,11030,0.335627653519941,0.6032116278187526,0.559424108759358,0.8540771281346753,0.8426721793770162
35,Asia,4,12030,0.571716343735049,0.5435653100953923,0.539050550807402,1.123303640336995,1.1003224535313878
37,Asia,0,12029,0.299655644926954,1.0726216648089617,1.0947163978491654,1.1213073792290174,1.1535980391545189
41,Europe,1,14021,0.794020563698146,1.066478595404041,0.9614516491140523,1.0720191293611174,1.106391089592441
46,Europe,4,13018,1.006316828644951,0.680996905046387,0.5638592859892537,1.013250090240319,1.0171844817120215
49,Europe,3,14017,0.288771434074941,0.6287383072875374,0.6326930418235169,0.9688737971459573,0.9571911346645026
58,North America,2,11008,0.686761051100336,0.5562306556982759,0.6344761396237221,0.6957410070508783,0.6975343064713474
59,North America,0,12008,0.541230290837348,0.702387569659523,0.6843130071931115,0.8152921976471682,0.8185366182598389
60,North America,3,13009,0.444766759696631,0.6442427508530579,0.6378480730708536,0.8579276596493361,0.8201268213836255
62,North America,2,11009,0.409591337405652,0.6315474271719386,0.5771376166945494,0.708999920031363,0.7136816697510446
64,North America,1,12010,0.326937232363025,0.6480444630034373,0.612969674473584,0.8178356514556796,0.8077747350991484
67,North America,1,13010,0.034253023288464,0.6081457932628506,0.6059800889965713,0.854615282792604,0.8321870796658246
70,South America,3,6013,1.059544123751906,0.7746326485807818,0.7544369227653509,0.7197435958019622,0.7570171238742835
71,South America,4,5012,1.620954215836739,0.8697510737370829,0.7302975863680279,0.8323089450093113,0.8450350732290763
72,South America,4,7013,0.898329143860666,0.8185312259333886,0.6411635132879674,0.7237876476607,0.764662592106784
74,South America,4,8014,0.407002319939175,0.6189906560838813,0.6155569393103058,0.726788944268068,0.7839247578087298
77,Africa,3,12017,0.942936112852285,0.8695613010576576,0.8338025881571145,0.830169537516446,0.8836226252434347
78,Africa,2,9017,1.064792701220974,0.6205700283074427,0.6354450132130847,0.7998589769812258,0.7309868414924429
80,Africa,4,9018,1.11534782483768,0.568755121975403,0.6504049449245339,0.7716466106648392,0.7173702284995763
83,Africa,4,12018,0.811413437065674,0.8083400268727537,1.0123224718607173,0.92660442414837,0.9415681814364543
99,Africa,3,12021,1.958359954714073,0.9347827907120894,0.9815200607705986,1.501388134582447,1.4383613779615798
100,Europe,1,12020,0.274473791965287,0.9069019266266425,0.7800035463518785,0.9509289160481276,0.9231496715566531
101,Asia,1,13020,1.006986425503556,1.0090463376267127,0.9449033140935977,1.0480195126616074,1.109198469355259
104,Asia,3,12021,1.463264083506559,0.9129318634854215,0.8327187165740264,1.0148534690551705,1.0571920536263062
106,Asia,3,12021,1.224287527850865,0.6593447632687834,0.6956251256838337,0.7523101389777749,0.7943876548725446
109,Asia,2,11021,0.423761557300352,1.0132596672079914,1.0669428229997702,1.2402619394384615,1.2044427528655768
111,Africa,4,6021,0.220066934148975,0.7841520673896446,0.7610368719830071,0.7262269796698958,0.5754487396255892
113,Oceania,4,5029,0.665195267471871,0.6292051622422767,0.5999765944867034,0.7534960456226362,0.7351209715448337
116,Asia,0,10030,0.284116295384893,0.690507856417793,0.629039903576013,1.1022541213676282,1.1897609864228471
117,Asia,0,12029,0.655460417530826,0.5844285802480099,0.5816643822313734,0.9401917479348407,0.9648768098273696
118,Asia,4,12030,0.430230137353443,0.46219514919956967,0.4512690630910168,0.9429618736299492,0.8594017491476715
119,Asia,2,11030,0.558059472101454,0.4009698869185279,0.3971691406945098,0.7862260157011167,0.6995830120263842
120,Asia,1,11029,0.324157101785776,0.5163594146527495,0.5406365915163256,0.8496610402233838,0.9225485136926381
121,Asia,2,11030,0.410235212434106,0.4613564673809146,0.4962188962250078,0.6193545655471142,0.7380063424077324
127,Asia,4,12031,0.100716694204223,0.5358646268147774,0.5027054525093893,0.7515897963568712,0.7967112436984747
136,Asia,4,12030,0.666714108218563,1.0007600752827464,0.9949638902958964,0.964334337427398,0.9383941273724837
137,Asia,4,12030,0.245156493173187,0.47169501005386927,0.4646457278011857,1.0007850378439842,0.9691844961578739
138,Asia,0,12029,0.33259474084415,0.6744844700388805,0.6739535740892166,0.9815558850151717,0.9811004296267568
142,Asia,0,12029,1.334717211236174,1.053244357629466,1.2482718649759448,0.9339616412867535,0.965879736143854
144,Asia,0,12029,1.485210177569377,1.2406590265898472,1.2578850148891854,1.1692105860121482,1.175062001981805
145,Asia,0,12029,1.131226651877136,0.9490450095332934,1.0336034001680752,0.9768647101270715,1.0274181813840126
156,Asia,2,11025,1.89605330796505,1.3743963085357709,1.3477535190207734,1.156985559781833,1.1883691768071727
160,Asia,4,11026,1.29679550357256,0.7750220518040588,0.6928170362934485,1.0811665341128311,1.0397488566997541
162,Asia,2,10025,1.367863625334923,0.7764580183449414,0.7493575737002096,0.8971903734878679,0.9412729895124555
165,Asia,1,11023,0.921590749494305,1.1851918158419448,1.079450933175995,1.1164584484153783,1.1078853930850725
168,Asia,2,11024,1.140526427426012,1.275760309500746,1.2033652081305946,1.3159356703755678,1.3374584462361112
171,Asia,3,12023,2.535194114370234,1.3844530924552856,1.2221360606101956,1.1833110058755238,1.2689915428209175
200,Europe,1,14021,0.812970512119896,0.8002381051776147,0.7423861815588834,0.9228040408424862,0.9102910938071939
218,Europe,4,14019,0.573002054823939,0.5848769310203722,0.5127796683770973,0.8056607357135773,0.811855146653816
223,Europe,3,14017,0.609530493207253,0.6208669913503339,0.6393965081154767,0.9319065879389126,0.928892485735572
225,Europe,3,14017,0.326973460709038,0.5041415902731319,0.48137281225249534,0.8043424799203318,0.8128151270709317
228,North America,1,13005,0.394967225109447,0.6140684027458417,0.6204198430070068,0.641622021561689,0.6288375738073889
237,Oceania,3,5031,-0.191005626874259,0.7607395462309504,0.7020328571212264,0.6957347403551907,0.7611801576231869
239,Oceania,0,5033,0.803442154638006,0.7403231100697295,0.7372533714642223,0.8895569362710799,0.9276555384320032
240,Oceania,0,6033,0.352691687302109,0.580467701867808,0.592571706449752,0.7681574993281368,0.7786080991858279
242,North America,4,12005,0.829540752707988,0.6637562303566491,0.8350672439998517,0.7349665522552902,0.7604330098658678
243,North America,0,12006,0.111732905586365,0.9021866719985099,0.9183785386906396,0.9224492828400748,0.9485554686341858
245,North America,2,10008,1.932346776660903,0.765350216743553,0.6128354063920087,1.0415339406308906,0.9730840188445529
246,North America,2,11008,0.633688849938371,0.43785243562957143,0.41487837042556425,0.46174190659789,0.41642828327343073
249,North America,2,11008,0.520482399549589,0.6905325807711095,0.7707627874726065,0.6536101323437845,0.627793495261274
251,North America,0,12006,0.518361163462426,0.9816304267965356,1.0215761623594097,0.9558520736403648,0.9981137053733168
252,North America,0,13006,0.7126124125634,0.7205983628515196,0.7470083860378385,0.7984551881019023,0.8583595449841458
253,North America,2,12007,0.679543513807989,0.6651602004024171,0.6543020060120996,0.9032846561541702,0.877497365985848
267,North America,2,11009,0.652139624633015,0.6563806458204866,0.564511155488291,0.6135404919704266,0.5686924543124054
277,South America,0,7010,0.815970355912158,0.8680460602928733,0.8065789622965616,1.0961085909048516,1.0597625236379251
278,South America,4,7013,0.668916918487862,0.7400114734520865,0.6996473329885481,0.7012113849857586,0.8555099976471451
279,South America,3,6013,0.447457937087023,0.713289823487354,0.6813871904008035,0.559248768956927,0.6182574045074801
280,South America,3,6012,0.745536011562287,0.6033277803115853,0.5523685492533946,0.49851927080486885,0.5117720674329134
282,South America,3,5010,0.55246433280303,0.8316725800213358,0.8114991607567451,0.721035260837697,0.7159538475651867
285,South America,3,6013,1.100229104733334,0.5803858985402377,0.5764746205366374,0.47398667242760495,0.5482514955797038
286,South America,4,7013,0.562969247914314,0.5823424861384634,0.53265072106518,0.38097960288538846,0.3206424559519254
287,South America,4,8014,0.440497338097967,0.5857701640218843,0.7338315624144574,0.5903566659923151,0.6630730755544911
288,South America,1,7014,0.277925619753538,0.5480891847353243,0.5760167772578277,0.6489961020630415,0.6690113462430429
290,South America,4,8013,0.763673126996031,0.4404802089598896,0.5339559383229396,0.5649267845040342,0.6222521716654502
291,South America,4,8014,0.553789824786761,0.5444067412625073,0.6549632412803779,0.6107152148379268,0.7126296957677293
292,South America,4,8014,0.214768273612368,0.5873050928286,0.7472024443471725,0.6502741879294367,0.7445542595231114
293,South America,4,8014,0.435758094169366,0.6733873180260201,0.7266670029990948,0.739477778915478,0.8114195390963127
294,Africa,3,12017,0.619591328610136,0.6946744165819473,0.7125127422018389,0.6972249791713582,0.7391713519783222
297,Europe,3,12017,0.384680473687063,0.7304744292828412,0.7065644850954166,0.7814338144841679,0.8208867674052487
301,Europe,0,13017,0.175111381267331,0.44408110336708445,0.39410940835979813,0.4488891234993735,0.44348110509389105
320,Africa,3,12017,1.181810962524249,0.8265048842354306,0.8075824190164351,0.7212898470910238,0.7235385457498127
321,Africa,3,12017,1.095470126236713,0.8556292789379216,0.8635591852087244,0.9700422410771661,1.0113298235964718
325,Africa,2,10016,0.983005749651932,0.9986991297133365,0.7339374555699457,0.9188579173347358,0.8316374823869541
327,Africa,2,9017,0.778193719535178,0.6540553494869791,0.6340160079249315,0.7664724006360009,0.718690808830009
330,Africa,4,9018,0.573619335329611,0.6984264824546966,0.7418367102649167,0.6950229195623593,0.5987967376567155
331,Africa,4,9018,0.768148132815289,0.47916641562863665,0.579618685783899,0.5670605292134897,0.42445351014655064
336,Africa,4,9018,0.738624109340996,0.4922112261941714,0.4459899041203872,0.6106357218341139,0.12652924041631153
338,Africa,4,9018,0.556743200142274,0.5050612555955739,0.6150809586665231,0.5948695666885984,0.4507801331887631
339,Africa,4,9018,0.771067350818988,0.49941880801108207,0.591238219148893,0.6204696803490787,0.5776869998593157
340,Africa,4,9018,0.132152525078977,0.4621552250891655,0.44311146760099984,0.5350263161864142,0.3439631143070925
341,Africa,1,10018,0.705015288692763,0.5540937087292831,0.623227201174751,0.7739482006958455,0.7401809109592632
367,Europe,3,12019,0.237025742731197,0.6322005506082304,0.6004287757897576,0.6080296839273029,0.6155834910314719
389,Africa,3,12019,0.66229866792467,0.5594722115970339,0.5552063404642125,0.7865489392023173,0.7393415291148073
395,Asia,1,12020,0.029387613204641,0.897973529895224,0.7686167373117584,0.8655937578155042,0.9298914072834866
399,Asia,3,12021,1.023156963932178,0.5747464319315676,0.6133731261271403,0.7412236704165941,0.8635608949036673
400,Asia,1,12020,0.576591390236162,0.7995936335253953,0.9009174273653203,0.7099841672781728,0.8553201779514368
408,Asia,3,12021,1.220282435297289,0.8630039981239723,0.8579109715009638,1.1382761046112537,1.2294305586085557
410,Asia,3,12021,1.235027916750547,0.8309714544635757,0.9070153048394004,0.9083155145228936,0.9825959416988329
416,Asia,4,12022,2.010141029428493,0.8723365640828952,0.9000737910562456,1.025392256283257,1.1254500474378013
422,Asia,1,10022,0.839916847039134,1.0998082069285045,1.0113924378905212,1.0426039165544738,0.9865512139241823
425,Africa,2,9021,0.092945121189971,0.7925673611454831,0.8194694386444719,1.0873881876819396,1.0506024285221516
427,Africa,3,10021,1.326054919844345,0.8720256358753322,0.7211985968698166,1.2569450339038566,1.178962755947428
430,Africa,2,8021,0.705193507262222,0.7629308118025129,0.8465529765676378,1.0898992207540532,1.040313255536382
431,Africa,2,8021,0.348960871685457,0.6502585286354764,0.7130070956054506,0.8601149125156197,0.8099415511185524
434,Africa,0,7020,0.839936168043237,0.4869907049605521,0.4408245928334431,0.6875038141069248,0.6638802777492366
437,Africa,2,5019,0.544141887514582,0.688710294352828,0.6415804351099175,0.8775963350806519,0.8429672733184823
439,Africa,0,5020,0.331429297431554,0.6966420693729869,0.662876321277753,0.66280304998986,0.5990221032489562
442,Africa,1,6020,0.770857009024543,0.4412229483121411,0.4925074926516372,0.6794339097511234,0.5763264015786767
447,Africa,4,6021,0.254579424268114,0.7648377881686219,0.8427689798358869,0.806548577801235,0.7287873660761109
453,Asia,1,8029,0.295330820488824,0.46342704887364505,0.43484883177311634,0.8156032643457187,0.8035879316485223
454,Asia,3,9028,0.578795603173729,0.3309850216212018,0.36487898278684855,0.4751111771014222,0.5159301511217257
455,Asia,3,10027,0.791830804045955,0.5930000140158693,0.6143917179980444,0.8594882156714264,0.9127314481025213
456,Asia,3,10027,1.088953282878052,0.6238635626177016,0.6055216965210161,0.70356190370814,0.7124544359493361
463,Asia,0,10028,0.210196241092581,0.674957467856725,0.7126653996781147,1.0041935153220163,1.0273522808914213
464,Asia,3,9028,0.606553849688906,0.4628109935806821,0.5148654940247986,0.7744679014545098,0.7468952692006638
467,Asia,1,11029,0.379129845490184,0.47170515499236576,0.48986224282806834,0.7342057368020151,0.7854054582273466
468,Asia,1,11029,0.421671214403778,0.46527024959833235,0.4648340484323628,0.6686006313366976,0.6707104077483549
470,Asia,1,11029,0.461483044135415,0.6458872239435824,0.6253521342852392,0.8111947550669333,0.8339443427119548
473,Asia,2,11030,0.40964045235804,0.38279755651646463,0.3844451490806379,0.7134171583846268,0.7046984164329197
478,Asia,1,11029,0.534762668789339,0.4840180562643966,0.5246912919739616,0.7871099263916833,0.8344058226497076
479,Asia,4,12031,0.089319657780883,0.4593993178706227,0.41164149208334644,0.585361410738033,0.5572010930594827
514,Asia,0,12029,1.120412228591014,0.7931369957435995,0.9290923591577004,0.7991487021220893,0.7997612777861223
515,Asia,4,12030,0.412378545858904,0.9764840821947776,1.0116998685505747,0.7945771717842441,0.8038055289399022
518,Asia,0,12029,1.20856594858943,0.7352609464773224,0.8170775935584692,0.8008185370803148,0.8122495540490805
519,Asia,4,12030,0.132170282750982,0.4279536057688831,0.4400841489807769,0.7081241210679851,0.6527781446417535
521,Asia,0,12029,0.18921753948199,0.3735448405895673,0.39282330523138764,0.6544965963797715,0.5725757446123098
523,Asia,0,12029,0.595493302901884,0.455932922581072,0.5149752773417482,0.7160395338615975,0.7539540357438824
524,Asia,0,12029,0.325203412770654,0.736080344381217,0.8235078379366574,0.7786207739297182,0.8033711753427636
525,Asia,4,12030,0.169086503002214,0.8363138150570115,0.8082644767400249,0.7935956706390089,0.7792961077370426
526,Asia,0,12029,0.723944372790507,0.8280389905393584,0.9649255229278888,0.7263676105196011,0.7711661859571438
530,Asia,0,12029,0.564928608584053,0.8263030276527611,0.9264287721380264,0.8279334611197172,0.8938276901632202
531,Asia,0,12029,0.544501866931169,0.7940443429028544,0.8153965499371018,0.8285699359518192,0.94427802086113
533,Asia,0,12029,0.740362152327888,0.6397461037747416,0.6532566196865349,0.9411322019477262,1.0415485010746086
535,Asia,0,12029,0.819045738758202,0.8298383442909667,0.7325414990642202,0.7445381032001515,0.7643815130630514
536,Asia,0,12029,0.983760002872748,1.1743942556829619,1.130157185916789,0.9736086930701818,0.9922911118333485
537,Asia,0,12029,0.890053053278324,0.8927394172398634,1.00353283683177,0.7563701795390525,0.7569237291978639
540,Asia,0,12029,1.211499436019307,1.0670790974765056,1.1528917335880509,0.8610536242429179,0.8888623279107107
548,Asia,4,13029,1.760256792032083,1.2379087841506424,1.196488774450778,0.9911200800289701,1.0141244594699201
553,Asia,2,12028,1.559849797481395,1.4183882014879279,1.23056123519103,1.1342268956503472,1.1643115526728605
557,Asia,2,12028,0.414427660757197,0.7229956884326141,0.8195995877082762,0.732858511323307,0.7295864350269055
558,Asia,2,12028,1.240241802883357,0.7975433604713623,0.8444537224588713,0.9229354341960522,0.9172485129156249
567,Asia,0,12029,0.979637194183059,1.1419034728080943,1.1738103846097916,0.8482176824353727,0.9138306516274644
569,Asia,0,12029,0.612015647743319,0.5669290819109102,0.6714798106860764,0.7333691015963739,0.8047028459609541
570,Asia,0,12029,0.503001608810762,0.4830245484111182,0.524711630469521,0.6711847129380214,0.7178558865399373
571,Asia,0,12029,0.667292776972312,0.58151432866436,0.6033657450508042,0.7447968138678598,0.7500093743424373
572,Asia,1,11029,0.925880050323472,0.6072890589906456,0.6194560758315104,0.6494924825289063,0.6588590202530904
574,Asia,2,11028,1.043096561697296,0.8655574756181508,0.931751380369739,0.9956455859458349,0.9022791521895765
577,Asia,2,11028,0.605212824740765,0.9216753557108759,0.9168850925020637,0.9277037850422334,0.9223870525047079
578,Asia,2,12028,1.380334508635413,0.8828437978667341,0.9412470015178661,0.9538901186013209,0.9443753989496424
580,Asia,2,13026,1.29401075829873,1.4379467666875485,1.419545803152467,1.0776222779687408,1.0267868817507213
582,Asia,3,13025,1.073178457642402,1.1186260319542733,1.2750845145247414,0.9440207997062098,0.9296704009928575
583,Asia,3,13025,1.32784281018107,0.7858565831813735,0.8403814762363424,0.8788979282235195,0.8881223380423404
584,Asia,3,13025,0.829088562434988,0.851466916433015,0.8217344711397148,0.7417503829632585,0.7501168876194478
585,Asia,4,13024,1.177230091021815,0.975020636801203,0.9709658936578284,0.8852017927403866,0.870974269654553
594,Asia,1,12025,1.153445784775173,1.2990307798342793,1.147626829032066,0.9702984704882619,1.0405821312865298
596,Asia,1,12025,1.13869090213613,1.3387114736356585,1.3272014171819417,0.8836591670718902,0.9422864060950608
598,Asia,1,12025,1.530574452057951,1.5240375174142704,1.49758712845551,0.937183973358608,0.9922212794912463
601,Asia,1,12025,2.131215972947116,1.6478995970441908,1.6466798848502893,1.0527517361337557,1.1284876852631291
603,Asia,1,12025,1.463514788356505,1.588520954948358,1.5716942394300495,1.031142604033425,1.1110690712456752
607,Asia,2,11025,2.210701432586686,1.0888875099415174,1.1164563965316368,0.9297187430053178,0.9640245702644942
609,Asia,2,11025,1.834176619451597,0.9658546569887744,1.0012182174453437,0.7832131482926288,0.8844472426343137
610,Asia,2,11025,1.867080870690284,1.1543097152467403,1.150514273872453,0.8743245437104608,0.9816393522418579
611,Asia,2,11025,1.523456905409707,1.2758440112503195,1.2178703350163602,0.9935166069793392,1.0467213419905477
613,Asia,2,11025,1.990015937998819,1.3310970613066828,1.2729271090002685,0.8722464494351951,0.8914122755477367
614,Asia,4,11026,1.695689312628726,1.2390662204087375,1.22215453958203,0.8681442917876776,0.8753044580223373
615,Asia,4,11026,1.760908237143783,1.2797422977963226,1.1291649718642252,0.9644253031249195,1.0243577248592963
616,Asia,4,11026,1.150864878838733,1.0282399790916532,1.0788444247625986,0.8907021422213575,0.9334855293342951
617,Asia,4,11026,1.078760824832282,0.9430560601747823,0.5925466031197043,0.7960606688208143,0.8321068639156388
618,Asia,1,10026,0.808356144758523,0.9256237155938427,0.9255772415493412,0.7759666807556509,0.7567041307112324
619,Asia,1,10026,1.035778185430069,0.8655223059511766,0.8835040652684311,1.0004778269922765,1.032373018207831
620,Asia,2,10025,1.299904586500931,1.103793147206581,1.0386713429338776,1.0610917735499736,1.135724553871582
621,Asia,2,10025,1.003692916709839,0.8304116923773764,0.7867528057198518,0.8455161084323009,0.8968307470564378
622,Asia,2,10025,1.544291389629649,1.105061415902894,1.13647498896609,0.9995797685366749,1.0072264916197808
623,Asia,2,11025,1.773287853421596,1.0248085367381383,1.0825681877502993,0.8214994131432422,0.9096135568711589
624,Asia,2,10025,1.065242683457757,1.1887463694915466,1.1425745983137874,0.8501147872085877,0.9283093985540003
626,Asia,2,10025,0.270505635263957,0.7051293699990413,0.6450151856904509,0.630580835191419,0.6282931101337803
628,Asia,2,11022,1.040102107372481,0.9608389357138035,0.8665660657170197,1.0767977525007106,1.0487685776513076
629,Asia,1,11023,0.928288316881981,1.1747631806650194,1.2702732388237397,1.1254623961575523,1.1577688319496882
630,Asia,1,11023,0.074155242515156,1.154204237658524,1.1104333455823236,1.0699487206404694,1.0641435389694454
655,Asia,1,11023,0.700729654230768,1.0872049115318387,1.0671062588604217,0.9022396109558223,0.9599871147582033
674,Asia,4,12022,1.749562867477394,0.8550713703961059,0.8989626779675588,0.8729235194050046,0.9691946635526721
677,Asia,4,12022,1.352078256088801,0.9611165902857046,0.9564956216598559,0.9607246504921472,0.9941865712642359
690,Asia,1,13022,-0.460480483112515,1.0040762934155865,0.7417239859945836,0.7939962891416444,0.8298466041315833
709,Europe,1,14021,0.541789578300838,0.8848750543623588,0.7821390508097259,0.8774036465870596,0.8637032396167055
710,Europe,4,13021,0.908694806389785,0.8573599432017307,0.5027381337132346,0.7532534528701058,0.7339584962357137
718,Europe,4,13021,1.081751076090353,0.6532775475334205,0.8166902623661736,0.7275770940998258,0.7257195627757237
725,Europe,1,14021,0.790520343869401,0.5742397726040197,0.5647180843630878,0.6311734797348704,0.5817323604482386
731,Europe,4,14022,0.874972731106368,0.6728031380952914,0.5778830982744829,0.8118839861101179,0.8368286656428752
732,Europe,4,14022,0.925624987385722,0.7253567757484034,0.8821914992759988,0.8168656023139036,0.8871389713971065
749,Europe,0,14026,0.559724363018897,1.1472883928285253,1.2109707880432838,0.8592947960819624,0.9126581680821062
752,Europe,0,14026,0.767280368329726,1.0038662578518982,1.0703303339820545,0.7379218289897592,0.7410746720822283
759,Europe,1,14025,0.864798880472802,1.121168084982231,0.9950626940358716,0.8016919297027963,0.8375678636494704
761,Europe,1,14024,1.383399354570018,1.1067825003029301,1.006361851558471,0.8159039902623376,0.7852570188239523
773,Europe,4,14019,0.372086301515329,0.45692245856912117,0.46180990576271286,0.6740563138570513,0.6553951438550827
786,Europe,1,14021,0.586444616825309,0.6789721093957442,0.5783413773820544,0.7014959015095962,0.7311580051273946
787,Europe,3,14020,0.558854222061276,0.648985763210115,0.6802598913559192,0.8408759162189567,0.8525190433518859
789,Europe,4,14019,0.490513387654907,0.5645958773697067,0.6560783913028686,0.7057746399895072,0.7100209332341553
801,Europe,3,14020,0.65005287593883,0.6435852950652033,0.6595791752494246,0.8648578158470837,0.8482808290847795
811,Europe,3,13019,0.571371445684954,0.45440054490229265,0.4395525076071936,0.5839320652661197,0.6315289895980988
854,Europe,1,14018,0.481069122454696,0.4426184720279527,0.4182161762498954,0.6421356341833988,0.600478374573887
861,Europe,1,14018,0.561792491522977,0.4287248438726639,0.5947839351163926,0.6418099203334114,0.6712466314550435
866,Europe,1,14018,0.584967151911962,0.37449305883585615,0.40218534416909363,0.5645758096568598,0.527485588887858
881,Europe,3,14017,-0.014423596826363,0.47091925723441636,0.5151420944481602,0.6705008064101966,0.6458055777617697
882,Europe,3,14017,0.481223795108255,0.5682656657400614,0.5357709795472364,0.7853281966825034,0.7826844367057043
884,Europe,3,14017,0.520787192155508,0.47883770706974654,0.4561284338370095,0.6324493487521452,0.5597991854756872
885,Europe,3,14017,0.531476455799203,0.49241890531418037,0.5027034496470294,0.6327126858014518,0.6009777809564465
887,Europe,3,14017,0.484084739392825,0.5043040227705197,0.5356261314889178,0.6590594578427911,0.6643778584226945
888,Europe,3,14017,0.48874059355312,0.508726300999773,0.5144196928212702,0.6633030573996609,0.6492468956938202
890,Europe,3,14017,0.243787690882459,0.5238770247592326,0.5247755578621085,0.6179607237548168,0.5857661158447203
891,Europe,3,14017,0.495542205719691,0.5720356551332922,0.5988678596695406,0.7298405452612693,0.7314040169388398
896,Europe,3,14017,0.361154045619122,0.4818910178859076,0.5347100160130519,0.6384362588607825,0.5843117654391441
900,North America,1,13010,0.087663039291554,0.4634616498468263,0.469153041858003,0.5472897274346229,0.49709718227110633
905,North America,1,13010,0.407877415488015,0.5430610536001367,0.5060227416736318,0.5807477551836627,0.5285106968800329
907,North America,3,13008,0.577818349899166,0.6229771431821237,0.610565702066475,0.6814353492944271,0.6170370678724145
908,North America,1,14006,0.67065132957954,0.7178324298698778,0.8003816660444334,0.7950819123369368,0.7675707868859789
909,North America,1,14006,0.455551738890937,0.7078633581325957,0.7444749410792212,0.7611054795005002,0.7134537433230035
914,North America,0,13006,0.23672881257382,0.6510430412676859,0.726621416845996,0.6245410699732714,0.7098034246851674
916,Europe,1,14027,0.746279465346119,0.9391925372606369,0.7264669180866871,0.7826381205159336,0.7764207297720345
919,Europe,2,14028,0.664721934159123,1.072643710713674,0.8417241498062908,0.8306066625943145,0.8442647027669753
923,Asia,1,13030,1.220008790091384,1.1001925728536055,1.135432632142738,0.779408321317399,0.8245927677193954
925,Asia,1,13030,1.413859602403218,1.0065491413127772,1.0266493889769042,0.7977476547508329,0.81832284230014
930,Asia,1,13030,1.493608107013394,0.8495139186913181,0.8888455919362975,0.9801821629003423,1.0158658801011617
933,Asia,1,13030,1.464155683143951,0.9694712811893053,1.0026863790901597,0.9420137661501602,0.9614643152158354
934,Asia,1,13030,1.850067505115129,1.0338620395298188,1.0882284964905535,0.9729746593739648,0.9789044533595699
936,Asia,1,13030,1.18407300401616,0.9855013148711101,0.9731714388918115,0.7922721189142394,0.7399834566578034
940,Asia,0,13032,1.181069816778054,0.4521774129311032,0.3808291193374694,0.8148188374985709,0.8947813232717056
941,Asia,0,13032,0.61270136768059,0.6602452809385674,0.513828928457208,0.6060831343744333,0.688126606564072
966,Oceania,0,5033,0.311148186563983,0.3741198992400755,0.39503680246473205,0.48038906721684627,0.47837468325786403
969,Oceania,1,4035,0.937895181892878,0.3786126734785856,0.3734685976188353,0.4996257840545459,0.4196387203865981
970,North America,3,11002,-0.024612813512884,0.754185236743472,0.6445777861103945,0.47816143664344074,0.3222834118595198
972,North America,4,12005,0.25793755184757,0.6272935744313055,0.5952745504860099,0.5107936854204473,0.4601015531425996
975,North America,4,12005,0.357016658951816,0.6407112285782408,0.6992992905358969,0.530063402100691,0.49953296246425893
978,North America,0,12006,1.413452119289269,0.8324822310545408,0.8734213551046258,0.670075918610526,0.7212437141623945
983,North America,0,12006,1.397414038447816,0.9703901415528258,0.95634883060927,0.7930063394485898,0.7913647542163659
986,North America,0,12006,0.953080637242234,0.8266329323817587,0.9169703318762215,0.6428808370756768,0.6478112775949924
987,North America,3,11007,0.78592651503847,0.7632774838724511,0.8010009290899901,0.8271157279827961,0.8183937551485346
988,North America,2,10008,0.509661416970777,0.5712181520692313,0.5365491452800992,0.6339167440365929,0.55704353570483
989,North America,2,10008,1.558144874916569,0.699620249633796,0.6763958984161027,0.77333531405665,0.7099337676089563
990,North America,2,10008,0.942721934262128,0.6177531462850497,0.6739237320460242,0.778046675349397,0.6975131779433474
1000,North America,0,12008,0.406305847183197,0.6739107728397534,0.9143679662312222,0.6792565090989059,0.6818856752141226
1001,North America,3,11007,1.098003802676342,0.7159490560992096,0.7555331377269515,0.7818581214199374,0.6852340192211229
1002,North America,2,11008,0.426201941936609,0.7818886840555164,0.786366329943984,0.5312314609126397,0.5430870228601229
1003,North America,3,11007,1.652038225732815,0.8076413860117478,0.7901872788675076,0.7756203330881621,0.7316792165033316
1004,North America,0,12006,0.099931666343605,0.8194219960539914,0.6888276443372017,0.7201897132848202,0.7414489196578963
1006,North America,2,12007,-0.043634310089728,0.7007574512084584,0.70926005230883,0.7735013989122027,0.7480779708786758
1007,North America,2,12007,1.001484346075205,0.7025033607995443,0.7468885247055517,0.9176464021405326,0.8804278862574174
1008,North America,0,13006,0.260065444384899,0.5892513885881853,0.6752719461130094,0.7007820365627345,0.7612268633970393
1009,North America,0,13006,0.78435455729427,0.5988444643802504,0.7326160024498988,0.6437219444731972,0.683002193522517
1010,North America,3,13008,0.375920583962979,0.5200405659815569,0.5252179217845234,0.5268424412513025,0.48306992298538076
1012,North America,0,12008,0.820672264836806,0.5220790608052156,0.44687094881309714,0.4959519880501936,0.4482012241777983
1017,North America,3,13008,0.199970747674017,0.4249392067192747,0.4387968145252646,0.3970564339253083,0.3071519695393117
1022,North America,3,13009,0.341790298248246,0.3540868830359134,0.3922539480132653,0.43791057576130377,0.40731759137323387
1029,North America,3,13009,0.223156172103392,0.4215315946403944,0.48874943573824003,0.5657497938241742,0.5272303473475638
1030,North America,3,13009,0.572267417213574,0.42524767740881003,0.4473183782022902,0.5036804054710325,0.3984082604739456
1034,North America,3,13009,0.318627651604159,0.5601221960086769,0.5607069948267457,0.6492027460350899,0.6705687834771461
1035,North America,3,13009,0.201659404983296,0.4001936619084458,0.43153375364397284,0.47192296818446877,0.47528211499021644
1056,North America,2,11009,0.380405102085202,0.503654028853066,0.46283974720711246,0.44742018199380273,0.4133648444637439
1057,North America,2,11009,0.415034452930804,0.7887579405701307,0.5533020867811435,0.6319188089833476,0.5315745229387823
1058,North America,2,11009,0.089569798614031,0.4034034530626307,0.47417649521735095,0.3749835977358946,0.44957690441602083
1082,North America,1,10011,0.627816864260521,0.6410263270008897,0.5600853931558274,0.5661901404369813,0.41608015870366233
1083,South America,1,10011,0.023616149559377,0.6016168507147529,0.5992692059791745,0.7666031749534147,0.8037960423853353
1084,South America,2,9012,0.368549169026524,0.3318351941072517,0.3304539662719316,0.3315792689096452,0.4848754600211965
1087,South America,4,9010,1.181215000566892,0.47803384186785197,0.3890020951689226,0.5880549115012177,0.6136781029115683
1088,South America,4,9010,0.781431175948474,0.5986164414266315,0.5545043173615646,0.8966865538946904,0.964832155746489
1089,South America,1,10011,-0.272171851350335,0.4679750958023912,0.43103579908254613,0.6058630046212738,0.6722609297829056
1090,South America,1,10011,0.087886829739038,0.4468726113888733,0.5841008825527008,0.6614877462076101,0.7352244309281837
1091,South America,3,10010,0.287263065595497,0.37716899917918884,0.30984586091817967,0.5739652960797426,0.6223699247931263
1093,North America,1,10011,0.811251114277874,0.9367981882595585,1.0285968364089688,0.805042197216739,0.7045138825169375
1094,South America,3,10010,0.122663261245058,0.3819778002353677,0.341569746249021,0.5835583499739287,0.646884324903147
1095,South America,3,10010,0.759318832617065,0.33261971083583025,0.29626187812125127,0.4602408197213086,0.513483680931
1096,North America,2,10009,-0.081210007940568,0.527492153937772,0.4396420934680825,0.5851654000040349,0.4880506774299852
1097,North America,2,9009,0.363896072772891,0.42309443318576123,0.435670417972124,0.4696568803797658,0.3790518945059419
1099,South America,2,7011,1.169780423825639,0.7612128338316897,0.7616282240755864,1.003108321612729,0.9333349819389026
1100,South America,0,8010,0.210051694241575,0.6045273238871707,0.5368114341111345,0.7104385561085236,0.735650468667361
1101,South America,4,8013,0.191045159535517,0.3985426575398725,0.3845335526125944,0.5945213315930551,0.6647336129414854
1102,South America,4,7013,0.056838135688216,0.6620935780797937,0.7032901174515503,0.5800831634442706,0.7506785783019062
1103,South America,4,7013,0.664245331955615,0.7197900904132488,0.8086756581554793,0.6885300739271311,0.7678042329416277
1104,South America,2,7011,-0.292872456494196,0.8242677755350042,0.7639744138947354,0.86987717963077,0.8061123409902924
1105,South America,3,6011,0.961913680017367,0.5587641645304832,0.5313685587146835,0.34815771377528854,0.36873714406452895
1106,South America,1,5011,1.448999301953779,0.5856257725056376,0.6160433666406105,0.5838215412843926,0.5390649541993993
1107,South America,3,6012,0.86499899221169,0.648853218933984,0.5609930508730361,0.4215861177906136,0.47317855996748515
1108,South America,3,6012,0.499239607465004,0.6106026489946226,0.6215767064558403,0.46527418442098756,0.5678165855683035
1109,South America,3,6013,0.874426948468166,0.6384008274112346,0.6252999511390366,0.33004715384847405,0.4005712556216813
1110,South America,3,6013,0.671570388332271,0.5728480620970466,0.49927770048006737,0.36754813317360635,0.3850844810833678
1112,South America,3,6013,0.617383631010176,0.7056191915393449,0.6135557248698297,0.5297222023287036,0.5694292348551696
1113,South America,3,6013,0.38170965720561,0.47293213867092226,0.41383087656296214,0.2588300680485802,0.2764376267101383
1115,South America,3,6012,0.037736859881697,0.45106981913266575,0.4788404471398535,0.1120986572835892,0.22163942131335607
1118,South America,4,5012,1.051652621711166,0.6868271414798144,0.6146924212843007,0.4912092302692375,0.45188670112411833
1120,South America,1,5011,1.393436986839951,0.6056539586769042,0.5647620633238265,0.5161543898387854,0.45692994210672133
1127,South America,3,6013,0.224249892014798,0.44441086440708594,0.4464969517124896,0.1899280978542845,0.2105051627511152
1129,South America,3,6013,0.14859793156616,0.39800249601552845,0.44005974383258023,0.11965192376379907,0.12327515870956463
1130,South America,3,6013,0.904042210034342,0.5758138742728219,0.5346404874172838,0.26212040196320874,0.28637907262617357
1131,South America,3,6013,0.288008529484955,0.5647187946048837,0.5155643928877554,0.2122100758319933,0.21334130527332862
1132,South America,3,6013,0.357237761690375,0.6129001312316233,0.6017235533011461,0.2054665822038016,0.21768154102273352
1133,South America,3,6013,0.409221821270142,0.5892378947753224,0.5381912077930133,0.2506506730352646,0.25732763392277114
1135,South America,4,7013,0.531283731412992,0.5163451859069131,0.46347977747578933,0.40516947739545034,0.49071102841660164
1140,South America,1,7014,0.402171984769421,0.4802668666761197,0.45699742930457526,0.5661185103428243,0.6229068115359796
1141,South America,4,7013,0.772308216984928,0.4713283476025582,0.531254547910753,0.5339438814650591,0.6592691253678454
1142,South America,4,7013,0.73763454794116,0.5517015783626646,0.5782011817961847,0.4892791694040033,0.517334391753979
1143,South America,4,8013,0.390904840490169,0.4880274435588016,0.5279156348046685,0.6399260899361202,0.7462794567186258
1144,South America,4,8014,0.530285530605416,0.5077412655103264,0.4672048436647585,0.5167832017397241,0.5519510419366709
1146,South America,4,8014,0.362208348284496,0.49135827337913296,0.41442447700469126,0.5963394226770219,0.7903794245268305
1147,South America,4,8014,0.321165432766391,0.3842767732218615,0.44213910351135316,0.48991875475491237,0.5565015496595904
1149,South America,4,8013,0.194229260766077,0.4942536018922851,0.5256228606248308,0.624972968295001,0.7062390143182435
1166,Europe,0,13017,0.282642979897603,0.4130806170732003,0.3512118759867592,0.4576238217429996,0.39600935884948696
1177,Europe,0,13017,-0.021002541513099,0.38121712942907526,0.32359562802035663,0.4605525346524422,0.4504890808890526
1206,Europe,0,13017,0.154177413326473,0.35691581085347795,0.3424015498183015,0.44778544991045555,0.4117332816094098
1213,Europe,0,13017,0.156294726671515,0.38798754747647196,0.3299823677873636,0.4432549267148129,0.43223689114184405
1244,Africa,3,12017,1.327529648385998,0.8442876309155743,0.7575057822126057,0.7984101016644654,0.8837932559162959
1245,Africa,3,12017,0.200102902590128,0.725760442159027,0.6404691531980917,0.6558066959497898,0.7097611379645108
1251,Africa,3,12017,1.147010943832545,0.8076926369490341,0.8175075046310634,0.7744547140789764,0.7707771831704977
1257,Africa,3,12017,0.831690685212692,0.7595708059429167,0.729804167699478,0.6915785289803433,0.7397653237324371
1264,Africa,4,10017,0.35873076423966,0.9626736644569484,1.014641313593112,0.8761768300169412,0.790534331435242
1265,Africa,4,10017,0.715089541326196,0.8430770037931432,0.929936609581105,0.8426484372476877,0.7827262265148007
1267,Africa,2,10016,0.234546117239337,0.8334316404921379,0.8433482543205507,0.6812688030826878,0.6261538131263221
1268,Africa,2,9016,0.575753823883392,0.5061599217215486,0.5619662329454284,0.4725128013788917,0.39205118402785244
1269,Africa,2,9016,0.54753759511158,0.4300867876977,0.35500173880127495,0.45864016039445116,0.3442354649831884
1270,Africa,2,9016,0.013322444574317,0.41510849441705044,0.36315106385235263,0.5328275959059763,0.4742217056701582
1271,Africa,2,9017,0.834447526577484,0.5022840961704822,0.5315810714516231,0.46925638137054804,0.4185618718592247
1273,Africa,2,9017,0.508350070513409,0.5207370322304667,0.5156389722564004,0.5521703726849329,0.4700025126873473
1274,Africa,2,9017,0.284696640445542,0.4168808972685314,0.41729924321002676,0.41370768383800527,0.3968035082415084
1276,Africa,2,9017,0.763734709860607,0.29853697663626466,0.32626397063186924,0.4209783263773431,0.2954579245322064
1277,Africa,2,9017,0.35010544952181,0.47539551140442454,0.5255568834991092,0.575580884072107,0.5596646302651009
1285,Africa,4,9018,0.710119133297872,0.5029522469471728,0.5167404126702438,0.5229731861984268,0.41250132387313254
1286,Africa,4,9018,0.469394507384189,0.4860619548836006,0.5022000080704899,0.5076343070245547,0.43758218611606814
1287,Africa,4,9018,0.855910111620691,0.40138651169613565,0.45119122245700577,0.5162739043949656,0.4133321756643171
1289,Africa,4,9018,0.39313691432331,0.4727916104438521,0.5551391189751178,0.565470965959893,0.3986459205331665
1290,Africa,4,9018,0.401396062191864,0.43188400389951537,0.4956692620619727,0.5792324766462635,0.4401746212236114
1292,Africa,4,9018,0.394220700174749,0.4172252070154055,0.421571257608275,0.45149350965046536,0.10546356974942261
1297,Africa,4,9018,0.519998543009008,0.5632791040861412,0.6527214498092542,0.5492686993865703,0.452097924995446
1299,Africa,4,9018,0.461865915098967,0.5226197593622227,0.518916271164098,0.5933717974984772,0.49232564597760387
1300,Africa,4,9018,0.254547088676469,0.49080937382076184,0.6719232516888609,0.6678006328313982,0.663247101751977
1301,Africa,4,9018,0.401283252569746,0.501764463641473,0.5491552261946834,0.5434113524013724,0.3962490957945499
1303,Africa,4,9018,0.130443082744266,0.5685275007114862,0.6281680344101382,0.6373459658115215,0.5546078891187238
1304,Africa,1,10018,0.343066219967258,0.49684291613511095,0.5520284358700881,0.6449680999206622,0.5776241195276782
1305,Africa,4,9018,0.402960398206205,0.5433196240269886,0.5450913838082099,0.5520389647490146,0.4402873837586603
1306,Africa,4,9018,0.535357818992241,0.42614497891266906,0.40950500851753985,0.4974718677920107,0.3488225106120557
1308,Africa,4,9018,0.397483575055083,0.44717493186553814,0.5412431455067944,0.576307489210591,0.36296243769958414
1309,Africa,4,9019,0.514473030693672,0.4265944969366861,0.4248214130885552,0.42233886631026635,0.20257449752099999
1312,Africa,4,9018,0.375546680256029,0.38817177055977203,0.38976018524521966,0.4617474248015728,0.39778218563174594
1313,Africa,4,9018,0.569464918851108,0.4538284336915633,0.5394354230415404,0.6523870194014595,0.6586937166867253
1314,Africa,4,9019,0.179796258712076,0.6580714206333058,0.7085687482312655,0.7762325355568583,0.746453538777664
1315,Africa,4,9019,0.32507049136866,0.6505944187059031,0.5656450650936884,0.6900854933507152,0.6838879931124924
1318,Africa,3,10019,1.305137218200632,0.7345047600294793,0.6152785046058624,0.765589271944178,0.7664913721870573
1319,Africa,3,10019,0.676111368192885,0.7773022783852961,0.6847721541314369,0.843819922983889,0.8061172416854987
1320,Africa,1,10018,1.269903533133006,0.6647715767005795,0.6548119604801105,0.9408208939814859,0.883966816768098
1321,Africa,1,10018,0.866686428687908,0.509335574159317,0.562861211779911,0.6940285667149103,0.5928085218338417
1322,Africa,1,10018,1.328093622693415,0.6583400820886197,0.6696933824296591,0.7756787858829439,0.752067537997584
1323,Africa,1,10018,1.393771390565984,0.6938841490550115,0.7035110257444798,0.8625752816952366,0.8739527544824636
1331,Africa,4,12018,0.915727549634205,0.7796161613627154,0.6913397242919911,0.8553182298913138,0.927405243673221
1333,Africa,4,12018,0.876054790827068,0.7542846742321379,0.6536376837971809,0.6812075767691901,0.8548784805998219
1337,Africa,4,12018,0.576834214709681,0.6648325762371209,0.6188263520492622,0.6161729889508405,0.6138277270132695
1339,Africa,4,12018,0.464425894413737,0.7309799707053618,0.5919120247238462,0.6089694677532479,0.5368667328429748
1399,Africa,4,12018,0.718941590548658,0.8011174518940445,0.9123565953746221,0.7292513912149934,0.7432000033003592
1402,Africa,4,12018,0.623886957246134,0.6707585193464408,0.7106772478476889,0.7742461717507507,0.8315620935438055
1405,Africa,3,12019,1.223937478048424,0.7583028773016974,0.6163848212122509,0.8537351277910219,0.8911619439464514
1414,Europe,3,12019,0.244654747270246,0.44922308183120097,0.46280588897793573,0.43828066257831266,0.4287896307925907
1467,Europe,3,13019,1.053674520338322,0.28959250375221923,0.3064218101376708,0.44265586425413067,0.5267162194507
1468,Europe,3,13019,0.636991501037159,0.5974076696979422,0.6230223615734616,0.6866373191321606,0.7544622637702401
1492,Africa,2,11021,0.952522781472217,1.00041683868375,1.0199149453120402,1.406568829094251,1.3554629438979005
1493,Africa,1,12020,0.444042675059826,0.6496259368009062,0.6976836973349123,0.8221557861211992,0.955448745699012
1506,Europe,1,13020,1.106465611303174,0.46144032445760363,0.42938025386943096,0.5601763259531801,0.5404817914977608
1509,Asia,1,13020,0.718293361724792,0.493421602832364,0.532280541694435,0.5209948808235192,0.6038937873695538
1527,Asia,1,13020,-0.131101348287725,0.39467465335657825,0.4907269031968656,0.5107765950754648,0.6243685267910692
1531,Asia,3,12021,1.069509862134015,0.7404482464606201,0.8485054133908918,0.9137552331089915,1.0129948978193264
1536,Asia,3,12021,1.132696638011378,0.5907573965699631,0.5549860151933717,0.6378560909623656,0.7046235673217331
1542,Africa,3,12021,0.241144859182286,0.9182326005070992,0.8134647883934186,0.9401408298366049,0.9698630079873847
1545,Asia,3,12021,0.35842398160667,0.9298903426240319,0.6772457259226774,0.9569218326589376,1.0445591097657156
1557,Asia,3,12021,0.438708583568368,0.43428809353750797,0.4748564542290585,0.48847155685912297,0.5588855819877876
1562,Asia,3,12021,1.159112239774974,0.7585465472651419,0.7114938108943234,0.6976591524171559,0.7407083400263317
1564,Asia,3,12021,0.605007495318701,0.5804514674542196,0.6093327426934013,0.6642731112251211,0.7717230277763616
1566,Asia,3,12021,1.127671613738651,0.700057710087543,0.6755242387627063,0.6852623897178555,0.7429911323898382
1569,Asia,3,12021,1.013441960370183,0.6670599631790928,0.7142502730528113,0.7183943864657962,0.7993649668384532
1573,Asia,3,12021,1.270075753018006,0.9351180810696959,0.8458795628941762,1.0025573278945812,1.072287321789943
1575,Asia,3,12021,0.661591263876133,0.9411174061463982,0.9676873285566864,0.9424253487934728,1.013800068809676
1579,Asia,3,12021,0.736960561678977,0.9653211699210292,1.0056184574333973,0.8436661148059885,0.9383724717774333
1595,Asia,4,12022,2.006511291598961,0.8883989144725142,0.8946143344173018,1.003298921174245,1.0217806332991062
1599,Asia,2,11022,0.476997050322254,0.7737260528709825,0.7666235312677391,1.035479159215746,0.9291576604476142
1600,Asia,2,11022,0.737936723833066,0.7454385130436441,0.805569414484727,0.9187218218755848,0.8537594032245459
1609,Asia,2,11021,0.225067066195597,0.6803167968145704,0.6001953842318,0.954958463182364,0.8276742851812688
1617,Asia,1,10022,0.578656347764283,0.9572024923204238,0.8585377272312866,0.9251603323826862,0.8534305411476887
1631,Africa,3,10021,0.644753248872192,0.8085611420532618,0.6917907409344619,0.8184929410563012,0.5190694534426279
1632,Africa,3,10021,-0.083065940978473,0.5612847996697115,0.6691079244468908,0.7394147435374212,0.7590273765082456
1642,Africa,3,9020,1.341735568679654,0.45466370583228993,0.4504344253200845,0.5758055778967093,0.5865123973109067
1645,Africa,2,9021,0.521621539313991,0.44750836000132027,0.536531038474591,0.6223745645996861,0.5549659568769525
1651,Africa,2,8021,0.226822429738019,0.497608312762445,0.551305132687317,0.6283268257540906,0.5237423937212824
1652,Africa,2,8021,0.595341482590409,0.4539364631734847,0.47014290013181026,0.587530480199034,0.4573877115378183
1656,Africa,2,8021,0.043653089719611,0.32870221059128335,0.37491121653924153,0.535190582738897,0.47895611610293315
1657,Africa,3,7021,0.263567071796202,0.5937413017489392,0.5152219931835833,0.6500189301052371,0.6155870392290713
1659,Africa,3,7021,0.377182541304953,0.6008693847745579,0.5582654003440541,0.7104893982397119,0.6936155413404193
1663,Africa,0,7020,0.900849663080105,0.5865497214799932,0.6196708254615617,0.9106932749453276,0.9100389698238736
1665,Africa,0,7020,0.303420767842672,0.43365632266600806,0.4464767257144476,0.5794686377930252,0.5325299025436966
1666,Africa,0,7020,0.726913124236645,0.4755329394735427,0.44222122186548246,0.6573161185637691,0.6184960994081569
1668,Africa,0,7020,0.796554909850122,0.6023925536527686,0.6101955505599913,0.8548066801127538,0.8375001136278494
1670,Africa,4,8020,0.811085142177464,0.7399066625741996,0.5472641865793894,0.8220117311329169,0.904125939026418
1671,Africa,4,8020,0.643392083610759,0.7222062685300137,0.7709126992118367,0.7741590098202735,0.7503437152324827
1672,Africa,2,8021,0.668538206571925,0.5251275251599771,0.564644851307294,0.7049666423957615,0.5928868482027809
1675,Africa,2,8021,0.593572236878856,0.6476836795465861,0.6894795606206875,0.8442112688071883,0.7917954248681223
1676,Africa,4,8020,0.575479903665243,0.6687292562361249,0.5262017004883955,0.6806894415864294,0.4931800424838071
1680,Africa,4,8018,-0.300509455131684,0.2872440293327233,0.32039981562715314,0.3290163539817141,0.2051935449943335
1681,Africa,1,6019,-0.056778320914148,0.3918004433147562,0.4345487539982877,0.6572706273215928,0.5868132397775243
1683,Africa,2,5019,0.468494076405212,0.44723505899716925,0.46453381120812104,0.5350044687882811,0.5043874176670489
1685,Africa,0,5020,0.412496654947265,0.3662617031966787,0.39028650315658714,0.42969751778896637,0.19459239539461304
1691,Africa,1,6020,0.533059265831686,0.3318508826196821,0.3851384179359856,0.570703907561701,0.46341339762621025
1692,Africa,1,6020,0.346869211356799,0.39962022806176933,0.5010097459243044,0.6636674993783751,0.635462422634675
1694,Africa,1,6020,1.129643180726095,0.35287384972103514,0.3838285921312328,0.5489816425614442,0.4658197599300759
1696,Africa,1,6020,0.435503567843909,0.35396027237078065,0.3929494265311084,0.5653269846938188,0.4475146631352015
1697,Africa,1,6020,0.97676331346531,0.3759782839339061,0.4672968574217347,0.5997247997811004,0.6086827023489454
1699,Africa,1,6020,0.855843467047961,0.4188306454962325,0.48196616639625717,0.6722694030921543,0.6748383647741643
1701,Africa,4,6021,0.244475669655835,0.41712101761163206,0.47686409881618935,0.33848882439359124,0.02138662635042432
1702,Africa,4,6021,-0.241645024320197,0.5060796147812924,0.47040806330012874,0.4833273860129871,0.3835481516086565
1703,Africa,1,6020,0.526134386872371,0.31593920563069644,0.3601529999135841,0.5380630261244475,0.5544434713235473
1708,Africa,1,6020,0.06795341709125,0.30886477892077063,0.30871139371496714,0.4645122811089264,0.30045990390356525
1709,Africa,4,6021,0.182877913859579,0.5756528602404803,0.5825234403641051,0.55583794963398,0.41002005891087134
1711,Africa,3,7021,0.792763342369662,0.42880489504369035,0.457349325309592,0.5146788809184456,0.43993202781518015
1716,Africa,2,7022,0.655704586962453,0.39407397656590404,0.4070821847160694,0.6273168632471342,0.5213712090991539
1731,Asia,1,8029,0.038291068930205,0.44691363471627416,0.39149843917051275,0.725129380351792,0.6574030791630503
1732,Asia,0,8028,0.348655780128066,0.5331827300111895,0.5529457617105497,0.6760928223672394,0.691529153786364
1733,Asia,0,8028,-0.116787301927785,0.32589282658532376,0.366673332190589,0.592655139121604,0.556194762909877
1734,Asia,0,8028,0.084309703867947,0.6926740015237558,0.6598276737829618,0.9397967693700093,0.9316706382929526
1737,Asia,3,9028,0.264760000545655,0.375442699508354,0.34312237655202876,0.4900857291414829,0.5131511294870902
1738,Asia,3,9028,0.719849019118537,0.29286617767702233,0.3571493351518493,0.5124671542384253,0.5273832278985298
1739,Asia,3,9027,0.264626544970803,0.3254522274842791,0.3589994044124735,0.549001825879,0.5143976528748778
1741,Asia,0,11027,0.880528038364918,0.976792620396526,1.024527759504949,0.8423044476214534,0.8966581868164172
1742,Asia,3,10027,0.82546191763313,0.40928136191585157,0.41292908961697317,0.5484686429445951,0.5946922645452739
1745,Asia,0,10028,0.550044114890204,0.3872589476951602,0.39908604153417404,0.48503507968200366,0.4733170059306576
1758,Asia,0,10028,0.391850130230199,0.5196851183832,0.5387279288946882,0.6359493372101391,0.6209968901240223
1760,Asia,0,10028,0.303797092838286,0.6264536062603369,0.5880736340144331,0.5760711637171007,0.560114096283094
1762,Asia,0,10028,0.296248020689104,0.5086450269435524,0.5140320772962744,0.48504496279193443,0.5334656824231961
1764,Asia,2,11028,0.583353059496642,0.5930774288172612,0.5623471180595611,0.7983840733502234,0.8778520650075319
1766,Asia,1,11029,0.840507805753371,0.5811180511409522,0.568493027755134,0.7012820341169423,0.6628066932761689
1770,Asia,0,10028,0.155297449593888,0.403369254745444,0.4594744907791459,0.5997755577651334,0.6420873329291933
1771,Asia,3,9028,0.277225654743737,0.28847760236238174,0.32864380391035475,0.5103513226534808,0.48037726238039946
1772,Asia,3,9028,0.246944552498206,0.3088813567878226,0.30587683367890117,0.4489381421352493,0.46076418381871165
1774,Asia,3,9028,0.355289690190962,0.38635398559217726,0.3669845239825715,0.5633234096425311,0.6150470192041282
1775,Asia,3,9028,0.434501633224225,0.38163450278217015,0.3602586585395176,0.41790359734771987,0.3538784804645415
1776,Asia,3,9028,0.34185442212927,0.32487344497163556,0.36560967930948685,0.4936220074572756,0.5002710233793013
1777,Asia,3,9028,0.716250919355991,0.33930805730109287,0.3949245301932852,0.6236631276879175,0.5996384197506913
1780,Asia,4,9029,0.268692912881491,0.26695571061355117,0.26534188034154943,0.39752634321564506,0.3502467798560437
1781,Asia,4,9029,0.330196552167887,0.3792933731232933,0.33981302049205514,0.5418037964126399,0.4780622621981825
1784,Asia,4,9029,0.411962807339923,0.43248362854001227,0.3803431634002029,0.5945347791020956,0.548628723321551
1785,Asia,4,9030,0.161092499859605,0.3922255656208534,0.40326041456291156,0.7165201124823986,0.6280191415867404
1786,Asia,0,10030,0.428049974387013,0.32774897136249775,0.341760180380431,0.5164799563897916,0.5426824391178177
1789,Asia,0,10030,0.611967448817686,0.33905535031450207,0.4321568799500104,0.6697754066824317,0.8505361119927966
1791,Asia,1,11029,0.569020946061147,0.43542922402341994,0.42025093690416326,0.5771745798915713,0.5332674330023168
1792,Asia,1,11029,1.083648979673337,0.4002314774721901,0.40630090932775215,0.5000883700987453,0.3982445126378507
1795,Asia,1,11029,0.561696965283044,0.3988396049108974,0.4145653316379674,0.46815225272562855,0.29141564757548755
1805,Asia,1,11029,0.225147164673549,0.5915584229047018,0.5953098236987109,0.7457043290843494,0.772738186511367
1806,Asia,1,11029,0.539789179476515,0.6143159401312284,0.6381457304603517,0.7239360095181085,0.7141399113280331
1807,Asia,1,11029,0.447111492883006,0.5509228960834109,0.5761998446280645,0.652233679994698,0.6909179211778773
1808,Asia,1,11029,0.223517845399802,0.5552240167766371,0.5761850789301195,0.6676251060958566,0.6794787266460327
1809,Asia,1,11029,0.527747286104282,0.591716860214641,0.6062983024679052,0.6062706456982174,0.5840872130910724
1810,Asia,1,11029,0.64069810529578,0.5587376670381343,0.583612472842256,0.6531748636008883,0.6664850284912878
1813,Asia,0,12029,0.853134216742547,0.5076250171283869,0.559866849046507,0.7147030782453905,0.7081847677098337
1814,Asia,0,12029,0.074579297074469,0.48364420112071554,0.4900667287509296,0.6314212263272837,0.5671770051136458
1815,Asia,1,11029,0.453624428170498,0.4770290678223431,0.4975692714036218,0.5269058600645897,0.517354674368682
1816,Asia,1,11029,0.463274208221517,0.4956274504002191,0.5376454941165484,0.6325668047950688,0.6640184039350308
1817,Asia,0,12029,0.577073063050525,0.49131441063738707,0.47882755660507753,0.6035993393623332,0.6970949833798187
1819,Asia,1,11029,0.546929341842029,0.4619337247382991,0.47868090130731816,0.5755752059771597,0.571296217140413
1822,Asia,1,11029,0.366518194641904,0.584334445284865,0.5654652127028189,0.8166373152076247,0.8245843213937368
1831,Asia,1,11029,0.66389606032675,0.5326806576555978,0.5560118502790313,0.6579366230593591,0.6524410153117214
1832,Asia,1,11029,0.500318532604444,0.4889226290543226,0.5014520355199003,0.6577097078585077,0.6194996122897264
1834,Asia,2,11030,0.263734801583182,0.39834650000386146,0.4069847159584459,0.5871130041537135,0.4469781247628344
1835,Asia,4,12030,0.6183951054346,0.24698687220866586,0.20652614321633925,0.5325470451448918,0.5202924616397129
1836,Asia,4,12030,0.31933075122868,0.3682476684792753,0.369949746751469,0.6577573452069996,0.5305190971867813
1837,Asia,4,12030,0.320700914326563,0.44592758994190906,0.4458917865746695,0.7709493743328063,0.6739383373251442
1839,Asia,2,11030,0.436719840388198,0.4023572160709592,0.4149786173408842,0.5290890162981037,0.509185926878207
1840,Asia,2,11030,0.182944517883431,0.4109352617474507,0.4161077294205606,0.5276790110907879,0.507774666452615
1842,Asia,2,11030,-0.230693254704536,0.36139075923694614,0.3694588591607037,0.27394577511015583,0.23351620016227081
1915,Asia,4,12030,0.731399360077265,0.9473998311718769,0.9848886469029146,0.8932106626970907,0.8796878058793463
1916,Asia,4,13029,1.055942957821508,0.8460319797560599,0.8145501040214544,0.6428216013822843,0.6215985984263812
1917,Asia,0,12029,0.454539095721219,0.7614616642831173,0.7642979819889866,0.6561069945563178,0.6537843323641316
1918,Asia,0,12029,0.748913557274001,0.652078800329515,0.67327784228887,0.6405020370552355,0.7258726223270157
1920,Asia,0,12029,1.080954750746515,0.675981546459522,0.6432385816265773,0.6508954351704218,0.6660829653760741
1922,Asia,0,12029,1.020637344119939,0.6018748172270548,0.7047303306050009,0.7315698457442252,0.8172674019896827
1924,Asia,4,12030,0.726366921105195,0.6915587797700674,0.7404375606364074,0.6503495049366708,0.6714908351346038
1927,Asia,4,12030,0.563518013415382,0.21210515848843658,0.24707397183356228,0.5357874543568683,0.4941588136061077
1928,Asia,4,12030,0.621482828295235,0.2404903670227852,0.22735487424990547,0.5883518959654764,0.5834303167192434
1931,Asia,4,12030,0.48184336038212,0.2226336847529673,0.2617499254056535,0.5807004381976957,0.5181647386805754
1932,Asia,4,12030,0.45482707642887,0.24952567140444074,0.22850207476709813,0.61474238435975,0.5525073528878399
1934,Asia,4,12030,0.632702757760459,0.3807087144138973,0.4003090967749148,0.6670472938664215,0.5948219242070178
1935,Asia,4,12030,0.597830626946649,0.2652424526521423,0.2419701172446632,0.6103061180169359,0.5359958252244017
1937,Asia,4,12030,0.437635188241672,0.3087772166769579,0.31497079514024395,0.6620325170298961,0.5881224609263778
1938,Asia,0,12029,0.25953559951733,0.5012142250698105,0.4835948181012465,0.5760809951688527,0.5185833439480879
1939,Asia,0,12029,-0.083696663755065,0.49630994685128305,0.4781700270424157,0.5568766964408094,0.5924486691875931
1940,Asia,0,12029,0.15042431601661,0.478214605435644,0.49404434693646243,0.5977493053661885,0.6503221778584317
1943,Asia,0,12029,0.243258393228498,0.45003218376634835,0.48229096726204557,0.6048844726061453,0.6709767757746997
1944,Asia,0,12029,0.11490835899548,0.5632624718195552,0.5862643230573011,0.6419091805746892,0.5892609314291174
1945,Asia,0,12029,0.514079454920838,0.5881184924478984,0.6567673937930156,0.696199359453846,0.8146462510708167
1946,Asia,0,12029,0.355022083044795,0.535516548140763,0.547211403513055,0.5898689702877556,0.7178706585087727
1947,Asia,0,12029,0.570180379996685,0.6983440019921344,0.7453685077135151,0.8086434965245364,0.8515349102085533
1948,Asia,0,12029,0.14870448214662,0.489903657102711,0.49495949300240855,0.5976486546852692,0.6120276890414581
1949,Asia,4,12030,0.651736240183622,0.5744422326966405,0.5338237878777875,0.7744626344313105,0.7934739391441707
1950,Asia,0,12029,0.454273496047193,0.537572215993787,0.5981798471054255,0.6777736946466277,0.6765668816987175
1951,Asia,0,12029,0.873920339870285,0.7216984044440979,0.675287952519433,0.7647295552439521,0.852460880517557
1952,Asia,0,12029,0.989421063157568,0.6943837139769994,0.6611555071298189,0.6183432179089708,0.7316915790355175
1955,Asia,0,12029,0.859881467858548,0.6400866783998458,0.5779944010111945,0.5942376616651824,0.5275023083633702
1956,Asia,0,12029,0.980073711036072,0.8956396744895249,0.9663547580187646,0.7565786338868457,0.7941119645678879
1957,Asia,0,12029,0.732703987118688,0.8462432783647985,0.9327757670508899,0.7343552187867338,0.8030606465830733
1958,Asia,0,12029,0.772779746249896,0.7787013564866898,0.7418358936120696,0.6184705037837054,0.6414440361604458
1959,Asia,0,12029,0.747815031452289,0.5956125422533435,0.6239778109831121,0.6286757184882124,0.7540156043263316
1961,Asia,0,12029,1.003470059594503,0.7375690542491841,0.7916537254271595,0.7671683637660509,0.796976772292073
1962,Asia,0,12029,0.557903154225986,0.5515116301920209,0.5484087101926639,0.5839196124276277,0.7211488245898027
1963,Asia,0,12029,0.761181639192078,0.6948928646910217,0.8203927122316083,0.7157618375506626,0.7716726618696966
1964,Asia,0,12029,0.85985620650977,0.49775498666871976,0.5391030563518278,0.5721935901539122,0.6768321942003345
1965,Asia,0,12029,0.824846784031745,0.6269836162165471,0.6898100542964885,0.7029264592389303,0.6958418921815156
1966,Asia,0,12029,0.428967995047588,0.4927973639987511,0.530122625329546,0.8054147137957512,0.8461678881741564
1968,Asia,0,12029,0.894880700283723,0.558980360224938,0.5722655116077261,0.7243855207711404,0.7657343571690941
1969,Asia,0,12029,1.171915430295214,0.6278771589942468,0.6337764539327052,0.75416053273029,0.8488293760832587
1970,Asia,0,12029,0.66597373072447,0.7219864770583405,0.8364945466507696,0.7945215453962456,0.8693374759696575
1971,Asia,0,12029,1.010269851066217,0.6860775209920774,0.7889881419471478,0.7492288490449479,0.8504191349728217
1972,Asia,0,12029,0.886841233173805,0.742626742726377,0.7965338033927243,0.7563433970696883,0.8125613689774732
1973,Asia,0,12029,0.703177955065904,0.7171248710464974,0.7934425509036351,0.5948410642417592,0.5928057413863654
1975,Asia,0,12029,1.060552358411715,0.7416148659315511,0.8103902688700656,0.7993274198067495,0.846284049129813
1977,Asia,0,12029,0.850946985401935,0.8917829337605326,0.9645706333419415,0.6808730163805674,0.710491236668798
1979,Asia,0,12029,1.1655378207365,0.9397420172753529,1.1030833359336694,0.8072117690701032,0.8264704332726134
1981,Asia,0,12029,0.905370312840582,0.8862875696098401,1.0171497124947235,0.8360675310184589,0.8252102587839897
1982,Asia,0,12029,0.694599358541771,0.6874081235702502,0.7910353138775662,0.6966452684745699,0.755502781916178
1983,Asia,0,12029,1.054777917898648,0.9143221255581694,0.990408022006004,0.797542721428838,0.7969827631068701
1985,Asia,0,12029,1.464549874745841,1.0055527920062397,1.0775401854215272,0.7826999944669346,0.7993981707196877
1987,Asia,0,12029,0.781757887774647,0.6921483913528429,0.70102418775713,0.6113360944243387,0.6542760256568079
1992,Asia,0,12029,1.446064636496469,0.8623896117416596,0.9803417743690142,0.8243581147391233,0.8566068081319023
1995,Asia,0,12029,0.933413800616021,0.7887446358835493,0.8498715302134,0.7293117755670855,0.8284986543566958
1996,Asia,0,12029,1.351312859849104,0.9379501421434967,0.9804656045279383,0.7853508782713183,0.8539337187888428
1998,Asia,0,12029,0.819114178618765,0.7415460106077036,0.779172268992802,0.610248468911897,0.5852860818286417
1999,Asia,0,12029,1.09058063047946,0.7982840484189246,0.7950813426791093,0.6490475973371299,0.6238570729917622
2001,Asia,0,12029,0.602704439935686,0.7727462645055431,0.6828118792019242,0.6755081760268038,0.8909355960067843
2002,Asia,0,12029,0.847923516842451,0.762429701191752,0.6993655780132326,0.6603309915600225,0.7441219283253441
2004,Asia,0,12029,0.993092314274616,0.7606939544767685,0.8226528344181522,0.7418643105493042,0.7782750076988575
2007,Asia,0,12029,1.163280471790643,0.7981018747647639,0.8856877420620719,0.7833277440613057,0.8231749857143212
2011,Asia,0,12029,0.648456383233691,0.7007994386280006,0.7110700548460127,0.5586666663306024,0.5617135218566216
2012,Asia,0,12029,1.212253398690711,0.8103427097695588,0.8003810349117756,0.5894142333993482,0.6131630180752684
2018,Asia,4,13029,0.707082434412294,0.8722439077886348,0.8835418416990029,0.6711901131158953,0.6127352896715347
2019,Asia,0,12029,0.667146659167135,0.7898972492529438,0.7516671040729844,0.6839712647886337,0.6320508832161936
2020,Asia,0,12029,1.443574656568972,0.758450742276021,0.8368059230686722,0.7142742008488007,0.7737578540104565
2048,Asia,4,13029,1.181081568927671,0.8476341578565407,0.8107946392335064,0.7293794264868944,0.6719962907590222
2052,Asia,4,13028,1.55476832692616,1.0674811975782519,1.0482377517236174,0.891648246437496,0.988961467572061
2064,Asia,2,12028,1.211261747169736,0.7330036011292508,0.7343711614994496,0.6477814534076478,0.633523282206987
2077,Asia,0,12029,0.778996773145626,0.9452053719452205,0.8169038472078554,0.6731972729239918,0.6898948505422374
2081,Asia,0,12029,0.893343116159421,0.9636195309352261,1.0198903903316818,0.7715145740934017,0.8480327634297565
2085,Asia,0,12029,1.147054102575872,0.8203324308883112,0.9495615301111503,0.7391747248470295,0.735364351356242
2090,Asia,0,12029,0.348879346210471,0.9459906928858707,1.0086619265113659,0.7445051298002582,0.7115488227501544
2091,Asia,2,12028,0.468594699671626,0.6112364334604373,0.6954820744479898,0.6357688883076943,0.5956277003291324
2093,Asia,1,11029,0.452556501910522,0.5177025494117787,0.5693036056575435,0.6396831112471005,0.6244795689934617
2095,Asia,1,11029,0.850398155322602,0.6265923538183413,0.6231110138684974,0.5874975054540489,0.5606195318288867
2096,Asia,1,11029,0.354840733030925,0.5822018334922933,0.6184547472795979,0.6769516407028903,0.6706700326952537
2097,Asia,1,11029,0.130529286362723,0.5272794027609434,0.5302428183857448,0.6317705731695701,0.5754782533996543
2098,Asia,1,11029,0.61905654873282,0.5322201115209088,0.5254585524199032,0.5915215937271414,0.5919518131542295
2099,Asia,2,11028,0.48828318428035,0.4842472658076865,0.44130658243795745,0.46928655209498804,0.41073615717171297
2100,Asia,2,11028,0.597761618727687,0.651368254950985,0.6247863279982357,0.6306825193726329,0.628223824256004
2101,Asia,2,11028,0.450163943064467,0.5070964819118734,0.5318529156504576,0.5419722394508464,0.5667656322036165
2102,Asia,2,11028,0.539515120596503,0.7173678198983616,0.6970410089529671,0.7631894155886679,0.7472482843448718
2104,Asia,2,11028,0.502137888895653,0.5953741141128756,0.6523746552739067,0.7961128059442021,0.7862594784474668
2108,Asia,2,11028,0.912402018838095,0.6889880515735753,0.6863523698163061,0.7963778246916863,0.8132675165401256
2111,Asia,2,12028,0.941340363892871,0.7356171978289117,0.7774086083605267,0.6826196250835649,0.732005306483484
2112,Asia,2,12028,0.54148417801374,0.8288003900254097,0.813946492633364,0.7383469132432825,0.7207974939863324
2115,Asia,0,11027,0.454706363529303,0.7186478177838924,0.5747228654003292,0.7748097047865931,0.874197489830029
2116,Asia,0,11027,0.035816284265746,0.5769375151184757,0.5292339973155553,0.6140365010473746,0.5751504086283358
2117,Asia,0,11027,1.036533955599294,0.5692507322684055,0.4429482635398125,0.6453435913926201,0.6464658026517657
2120,Asia,2,12028,1.05713665476304,1.1037337482781464,0.9584972495959694,0.8455072158945018,0.9882186959395562
2129,Asia,2,13026,1.950119628988367,1.1545328019027143,1.0599255593230648,0.7970513193294367,0.7566718788365637
2130,Asia,2,13026,1.664535651548867,0.6744662873119011,0.709638116240942,0.6856844214290708,0.687591628444457
2134,Asia,2,13026,1.480089236115792,1.259058371148347,1.2258686368069904,1.1888126055097814,1.1479450525060857
2142,Asia,2,13026,0.332633463487316,1.173339928732067,1.0572441177571406,0.8823184350852848,0.8979198994782016
2159,Asia,4,13024,1.274143583393153,0.8162329575275288,0.8628040329749435,0.732970656488225,0.719551067148606
2163,Asia,3,12024,0.538294390463767,1.0052036871951326,1.2398197926878975,0.9315431359992503,0.9210390419733832
2173,Asia,3,13025,0.905985542225881,0.9327158792642594,0.9694311815980137,0.7399298505728251,0.6805356615225583
2185,Asia,1,12025,0.28111587886662,0.9879882633032542,0.8405818527766621,0.7590259673487871,0.8060993271045757
2189,Asia,1,12025,0.928308928780034,0.9085664076066479,0.8199172166190384,0.7300470856649633,0.7928244400576149
2191,Asia,1,12025,0.888346498653186,0.9846456944469909,0.8804361161605437,0.8252092641375457,0.8455349819743239
2196,Asia,1,12025,0.596200110224489,0.9448980935085974,0.8856983564792682,0.7477031900893296,0.7238120624935644
2200,Asia,1,12025,0.975627038008419,0.9486357625277341,0.9275414128889884,0.8027267457155459,0.818743716638948
2201,Asia,2,11025,0.696999170281199,0.9667952492691867,0.8840256359547752,0.6845434669718805,0.7424957120454638
2202,Asia,2,11025,1.342537276204499,1.220172906921634,1.1799656827908258,0.7745235884179374,0.8244987166427913
2205,Asia,2,11025,1.681597157512588,1.3506188416452105,1.243400342530091,0.8571385760252577,0.9126499238884294
2208,Asia,2,11025,0.805167000664963,0.9485093351966762,0.8298795639983437,0.6981973995395657,0.7962931980987396
2211,Asia,2,11025,1.638737781071015,0.9247079771438643,1.0230934441200714,0.683629154043132,0.6462584747329067
2212,Asia,2,11025,1.286455033400663,1.1550382322574217,1.112712005558262,0.7234609308227774,0.7782819577644283
2213,Asia,2,11025,1.37986280515109,0.9576038807907011,0.9400143083401759,0.6993653765094467,0.7467134816198393
2215,Asia,2,11025,1.652207366305104,1.1735126939773104,1.158181673819642,0.7749887090611101,0.8355638798125846
2216,Asia,1,12025,1.125397799394077,1.1323620214135792,1.0032422135631027,0.7456463961217469,0.8019167219348418
2218,Asia,1,12025,1.315946208505139,1.0562801781813902,0.9672416574420971,0.7640793285265002,0.8007324162156646
2219,Asia,2,11025,1.33372557570391,1.0296780540817387,1.091582656895126,0.7829572987404965,0.8575245371634868
2223,Asia,1,12025,1.320105065270016,1.1037670940647786,1.0690375558193181,0.7592455482825813,1.021797071147115
2226,Asia,1,12025,0.316141791878314,1.1822129369144376,0.9703964297920272,0.7309027778669419,0.8682828310198253
2230,Asia,1,12025,1.470122839682854,1.3021286661087765,1.3323173174002292,0.8486954262433642,0.9117441227291456
2231,Asia,1,12025,1.667497850793966,1.005432418971505,0.8582872997077212,0.8161829787546206,0.9059652034623454
2232,Asia,1,12025,1.837197957168965,1.2233014014171897,1.1060513145724558,0.8803471011006618,0.9939868091686277
2235,Asia,1,12025,1.225968474096478,0.9636786504136474,0.9239733840534214,0.7860410872093126,0.8890021688145653
2236,Asia,1,12025,1.632264978995203,1.2734042724941264,1.1524431277527376,0.852911076729507,0.8969102281349205
2252,Asia,1,12025,1.328498972850435,1.364571372386111,1.3336327589310877,0.8663007263417755,0.9582054302447247
2280,Asia,2,11025,1.609103198987287,1.0830511438512809,1.0861831319681166,0.917514831430444,0.984755298518184
2285,Asia,2,11025,1.128283122183807,1.157499206629768,1.170931590730458,0.9139544271137854,1.008865617905709
2286,Asia,2,11025,0.909481305962702,0.8661517974725783,0.8965076981624122,0.6935554490954373,0.7010907611201103
2307,Asia,2,11025,1.24282352049869,0.6776734608668933,0.6270845868573585,0.6141075067853279,0.6827974729849212
2314,Asia,2,11025,1.348827864516555,0.900064457337081,0.8099883404401266,0.6646352633945415,0.7160764545802891
2316,Asia,2,11025,1.151731182760634,0.9097883452688179,0.9612827666140606,0.6996062075137153,0.7630385884509269
2318,Asia,2,11025,0.305473986521292,0.6741388048450095,0.6275933718593995,0.5978873318150301,0.6548714092944996
2319,Asia,2,11025,1.428425899584955,1.0048511262569177,1.0408875643182747,0.6842560251849671,0.7423999367638505
2323,Asia,2,11025,0.599064866984581,1.1085815695697145,0.9734934392188282,0.753570866286448,0.8352721215533164
2325,Asia,2,11025,1.164266623174715,0.8275622302917583,0.8170251133620762,0.7010127522696239,0.8524848861486678
2329,Asia,2,11025,0.783227298110884,1.2108512565305347,1.0974728709079256,0.7824848047762236,0.8262537736437532
2332,Asia,2,11025,1.522985648786041,1.2628451724979686,1.2110534908987227,0.7992655540413502,0.8669879487404744
2333,Asia,2,11025,1.583137357272152,1.1291260752467949,1.1381228679535194,0.8235388547333486,0.9018530539147034
2334,Asia,2,11025,1.412462650489021,1.0392265425774632,1.0187416415725417,0.7458726632158723,0.8260237415267921
2335,Asia,4,11026,1.761347985115365,0.7428392146514939,0.6907967526117192,0.6697575924135367,0.5451317090226891
2339,Asia,4,11026,1.199113862030685,0.9155029292381536,0.9191594206777143,0.8102996547682897,0.8144790866752375
2344,Asia,2,11025,1.11754976091854,1.0699083186375131,1.04556799370057,0.7037504353435259,0.7432124861320293
2345,Asia,2,11025,1.299476810905497,1.2415985928125455,1.1682174755762018,0.7894320771742607,0.8702838476426884
2346,Asia,4,11026,1.029662683183997,0.5712302920836161,0.46110243047257954,0.606910939180976,0.5676546089360501
2347,Asia,4,11026,0.94351306505857,0.7737895407227776,0.8287615016813547,0.8869774887658228,0.8649076150436593
2353,Asia,4,11026,0.990963462440177,0.9691136141319899,0.9235944869700213,0.8447073238320166,0.859419383093452
2361,Asia,4,11026,0.876019593609415,0.6711538724260162,0.6100082702203697,0.7091539858152454,0.585466903470242
2362,Asia,4,11026,0.908960568718036,0.5658071099982401,0.537669641528016,0.6678326452485847,0.6268430296477382
2363,Asia,4,11026,0.353173564914117,0.6428309403130106,0.6354468081566667,0.7298186783724436,0.7016958464010707
2364,Asia,4,11026,0.290215496430264,0.3818627691088924,0.37946853516442075,0.4862425547176206,0.5152784894733148
2367,Asia,4,11026,0.523138116687241,0.641990007116232,0.6523402041803044,0.7249657917562198,0.797699555106952
2368,Asia,4,11026,0.088166684544687,0.36236241271499114,0.23168449739938668,0.5063887677343372,0.457048067719948
2373,Asia,4,11026,1.112354118809525,0.7805021388163055,0.7229277095834293,0.7105498314159094,0.6748891045073474
2374,Asia,4,11026,1.310481377332648,0.8767957169928231,0.8768036260676013,0.7799898520119014,0.8809569305241289
2375,Asia,4,11026,0.678460478242945,0.8618456250418504,0.51432494162142,0.7704844975815902,0.786020291382962
2378,Asia,2,10025,1.018940878865903,0.9577997366592652,0.950810001813385,0.6913887399558847,0.7534181364294199
2380,Asia,1,10026,1.223161023112738,0.9540813611510329,1.0590971633333366,0.7593215763015033,0.7756373775105859
2381,Asia,1,10026,0.977123992677009,0.7158975636881659,0.7629537345644054,0.6548747738522271,0.7588458714570976
2382,Asia,1,10026,1.106474849529206,0.9848318099191323,1.0533574600515812,0.721398175954267,0.7521636836538144
2383,Asia,2,10025,0.734480509177383,0.879230177366644,0.8286427834225999,0.6935045652105223,0.7574758470999505
2384,Asia,2,10025,0.51293856795273,0.811181337045335,0.7494203357534585,0.6449418086553457,0.7538154676975867
2386,Asia,2,10025,0.427841314468843,0.4884093681156403,0.5429430594015897,0.5927051268670886,0.6027953525563703
2388,Asia,2,10025,0.231857936125922,0.3529046282382903,0.3477841715537793,0.5046407042556206,0.5706581731648267
2390,Asia,0,9025,0.765193451218086,0.8530888030920595,0.9218894955579896,0.8724405618270641,0.8358241098693755
2391,Asia,2,10025,0.058152160252605,0.573067748014568,0.5898086342206807,0.4946058823742246,0.4201392469119638
2392,Asia,2,10025,0.709144978513954,0.6949785429044887,0.7445868635960513,0.7760743284619499,0.8385375877240604
2393,Asia,2,10025,0.749067237187796,0.8170644964593697,0.7760952670071529,0.759695582970173,0.793367449929935
2394,Asia,2,10025,0.861965105711816,0.49890468869830457,0.5029578178255152,0.5032218050229719,0.5732664065108146
2396,Asia,2,10025,0.954114061708178,0.8521407525078489,0.8490908968878871,0.7656443273408495,0.832016513857194
2398,Asia,2,10025,0.530762760392229,0.6368673988031975,0.654528913678525,0.6854070344780568,0.7194619396274571
2399,Asia,2,10025,0.699240006470596,0.7679887462268767,0.7633981077477693,0.756718622089589,0.815767220393621
2405,Asia,2,10025,1.313904262660725,0.8224541734307603,0.8705404916232239,0.7582826072587805,0.7918582340300087
2411,Asia,2,10025,1.125624009033058,1.0258131037582858,0.9488251230507139,0.7306458395348646,0.7427269039175974
2416,Asia,2,10025,1.521917111559753,1.0170040834050207,1.0440750919797748,0.7221192477215045,0.7877654886496807
2420,Asia,2,10025,1.209968747797556,1.0299567002126735,1.01222158080281,0.7158478334071531,0.7598732746276241
2422,Asia,2,11025,1.366335080066137,0.9860759563049432,1.0275925533442716,0.6865077735697461,0.7326573030106398
2430,Asia,2,10025,1.225286817610304,0.8025879931516818,0.7499731888113961,0.7411618795575221,0.7958269529146439
2436,Asia,2,11025,0.726161538573348,0.6987621962273608,0.6073187469053221,0.5869175376100784,0.6852046442130952
2445,Africa,1,9022,0.154451826748145,0.8725353196549345,0.8917886354100714,0.9200596730619881,0.8798901893748071
2448,Asia,1,11023,0.869427176962822,0.9749690484414107,0.9745096387516813,1.014190654266892,0.9014913000773348
2489,Asia,3,12024,0.471362837410286,0.8371968884658005,0.8954680420686689,0.7650795939645354,0.7030771044270143
2493,Asia,3,12024,0.839738706198841,1.0445355492481054,1.2062612547904012,0.931461460266633,0.9072997470186737
2510,Asia,3,12023,0.933960151599793,0.9229541438613739,0.917603142931013,0.8073456437727737,0.899512826876403
2546,Asia,1,11023,0.612391442785604,0.8290100922328337,0.8205467599728761,0.6989580077977879,1.0182545705571995
2605,Asia,4,12022,0.567244495192306,0.8260156113528675,0.8216294643980528,0.8119690305656273,0.7041536488009086
2614,Asia,4,12022,1.862871765174547,0.9265204251634995,0.9015900112724613,0.9411252872484359,0.9565359507032469
2615,Asia,4,12022,1.571772856811887,0.8592604767790339,0.7901478285321442,0.8407309368375604,0.9082802348575973
2616,Asia,4,12022,1.527989812042685,0.8175127739852414,0.9201079919808203,0.7216880847376336,0.7848350451205426
2620,Asia,4,12022,0.029957022973098,0.7823972211732875,0.785738125746718,0.8394220636292845,0.922197217531071
2639,Asia,1,13022,0.246679187929425,0.6902749210795331,0.7416898881167963,0.5983829196639939,0.6229940219783329
2662,Asia,4,13021,0.171020673343027,0.2417716299400051,0.3277735594739334,0.4692968975693704,0.6831400688071013
2708,Europe,1,13020,0.549680273836708,0.46144549847034527,0.46408896104634106,0.5248846324556659,0.5006393604818289
2712,Europe,1,13020,1.039096274155498,0.6213244575993442,0.5129609491737934,0.6117548664165458,0.5752115722333327
2723,Europe,4,13021,0.731197741798246,0.6790567535623032,0.6415307977469522,0.6352967468232189,0.5389560150171901
2724,Europe,4,13021,0.556806928693146,0.6944172245054706,0.6960168700580058,0.6332395740164322,0.6476078102615157
2765,Europe,4,13021,0.380369214280081,0.4748876099052542,0.4788225417383305,0.5087404637964899,0.4689972840148907
2817,Europe,1,14021,0.669487795248143,0.6228084069661741,0.5885618386459255,0.6740811359733899,0.6390826267030205
2821,Europe,1,14021,0.305233388108181,0.5903084439973598,0.6989836223467398,0.6605831505889412,0.6768199459151955
2836,Europe,4,14022,0.212915044497303,0.7331441329494889,0.7521048464205196,0.709741390501205,0.7429060060244624
2839,Europe,4,14022,0.911528247738832,0.7779556839501006,0.7847153013346986,0.7047744167841025,0.7324181675148976
2854,Asia,1,14023,1.330939619415689,0.9257545255507998,0.9641829486386215,0.736076070968063,0.7083541148754081
2855,Asia,2,13023,1.115903728592229,0.861096134697114,0.8594183419431705,0.7698675599654539,0.7761213199910149
2862,Asia,4,13024,0.785940551075174,0.8765140381784778,0.8161767466504773,0.846554763530212,0.8769950747320829
2874,Europe,0,14026,0.372052452582002,0.7942472089160765,0.7733914710770525,0.6045103697933779,0.6735376692977376
2879,Asia,2,13026,0.59192558068203,0.9927783962156527,0.998225249563781,0.7113040900558643,0.7792923500479002
2880,Europe,0,14026,0.867971574676961,0.838846298152479,0.8324563080139119,0.6083213571308618,0.7427113966138296
2881,Asia,0,14026,1.222880227002447,1.033627193885672,0.9137993026117216,0.7277561858051472,0.7697498568278437
2903,Europe,1,14024,0.977416899613489,0.758492886224724,0.6601260597584169,0.5951903685904022,0.5624771532137114
2939,Europe,0,15021,0.932049246813741,0.5515092263912607,0.5219126719402107,0.7265142365614714,0.7113906486059794
2963,Europe,4,14019,0.153727045331707,0.3648062649685271,0.36004874416057386,0.4548713992646972,0.3825372186005407
2990,Europe,1,14021,0.501568851688101,0.4130797657852303,0.451186190879017,0.5062448752513902,0.4702737631656908
2991,Europe,1,14021,0.552350959524777,0.527523630408472,0.5056967772160422,0.6587354074925795,0.6773341457264798
2992,Europe,1,14021,0.654958040276924,0.6879688324220838,0.5882808647479573,0.7133933128862363,0.7198207775749983
2993,Europe,1,14021,0.485171029627578,0.5444630995253946,0.5443876102013196,0.6131710299532435,0.6325318466935504
2996,Europe,3,14020,0.629000338654348,0.48907333432250444,0.5205481604154856,0.614895127980805,0.6235571205317632
2999,Europe,3,14020,0.28249546727438,0.5434916108707181,0.5752628915998134,0.6712990658493638,0.6506755414398178
3000,Europe,3,14020,0.511856136450465,0.4853224671300197,0.5391901988531466,0.7359853888797812,0.7281429002261581
3003,Europe,3,14020,0.314937429792422,0.5466723263240121,0.5752652536801888,0.7547836141459587,0.7788996136725825
3010,Europe,4,14019,0.493944373977626,0.41516421065199993,0.3911892010295033,0.5765056697542386,0.5761045095323759
3029,Europe,4,14019,0.662259027357369,0.5051753152820552,0.5154754584885122,0.6744508073040363,0.6759463924899808
3038,Europe,3,14020,0.497063690359182,0.4419324795236776,0.46316209745623765,0.5933679679810495,0.5589526959070569
3040,Europe,4,14019,0.268624437292807,0.5789385915784669,0.6060725950018697,0.5645324652484726,0.5391946487585257
3043,Europe,3,14020,0.663079942261916,0.5273430048706036,0.5328955666096867,0.667216923500087,0.6663096962635716
3044,Europe,3,14020,0.68423701423766,0.4947136051977601,0.5341813231336259,0.6866079582947555,0.7027954235795272
3045,Europe,1,13020,0.713122723345448,0.6102193915562081,0.5771059349372293,0.6675521860304445,0.639981488002925
3046,Europe,1,13020,0.490361413079102,0.40744570906069894,0.39516736167880984,0.5464597091661446,0.5145665480451991
3047,Europe,1,13020,0.41987127868115,0.5139771176604039,0.5920915328957218,0.6185951407526106,0.6393054024845486
3049,Europe,1,13020,0.35076102723643,0.5238186380550549,0.5685824381544886,0.6074163850070688,0.6200059252798276
3053,Europe,1,13020,0.225925142057274,0.6488057128548528,0.5760472692057541,0.709472643505401,0.7103719112372524
3071,Europe,1,13020,1.325057551427492,0.5815011023486776,0.5371714719001509,0.6396392980004478,0.6651183780502369
3075,Europe,1,13020,0.714931792763874,0.5239992369882117,0.4376119395356519,0.6082859737713915,0.5486562805485409
3096,Europe,3,13019,0.404458461292665,0.41712494687830803,0.4382592749989157,0.5705687745845853,0.5931886512333617
3171,Europe,4,13018,0.198338902132572,0.36493537492781375,0.4032645604044367,0.4283654377555357,0.41966113951735917
3172,Europe,4,13018,0.383843234268486,0.44371807942142516,0.4487499268880791,0.5364536295857796,0.4989127627366141
3174,Europe,4,13018,0.519174662841408,0.3989631509970294,0.37816187792933187,0.49198037366679637,0.4811322046851283
3176,Europe,4,13018,0.038339836619327,0.34182420317361867,0.3757166435637753,0.3819513508537259,0.3820695303898445
3227,Europe,4,14019,0.409877858898031,0.4712671181711929,0.49689870843232703,0.5657110908992625,0.5176430747967314
3229,Europe,4,14019,-0.08616091923874,0.639312418579099,0.6477117526610421,0.641536180469776,0.6557110385570486
3230,Europe,4,14019,0.208380651293078,0.4951907904247876,0.49672249453162903,0.551488905550931,0.48160785120559546
3235,Europe,4,14019,0.329007916743392,0.48403609877200626,0.4583153113282564,0.5533148800243943,0.5349081704410863
3236,Europe,4,14019,0.17312822111611,0.4699291985584841,0.45467243098417276,0.5747598584327333,0.5098703846742989
3239,Europe,1,14018,0.584037460535752,0.28167202093146715,0.29820413160074366,0.4880788146775735,0.46385335815687856
3241,Europe,1,14018,0.629131515447706,0.2968502747288334,0.3195022884888398,0.5171317917016155,0.5226281755861086
3257,Europe,1,14018,0.18844466720133,0.44716502171157824,0.413931070307906,0.5768145339399811,0.5323635931910199
3275,Europe,1,14018,0.558279690661226,0.29804212496345667,0.45144940654723636,0.529597298984162,0.6027734198133958
3290,Europe,1,14018,0.472217085308661,0.2897664530254861,0.3208203281148297,0.43215719372533445,0.4586295924369155
3294,Europe,1,14018,0.551115818070146,0.29802634119494953,0.28876411184263495,0.5104635009247633,0.45674367389650317
3300,Europe,1,14018,0.432589753883273,0.3593222262426928,0.38601514074234555,0.5171754259948121,0.4472223814582533
3307,Europe,1,14018,0.491789256929315,0.36545501904680155,0.38072747851998795,0.41159248415546557,0.3639202950690247
3308,Europe,1,14018,0.50518466680419,0.4050827850454512,0.42786308893114516,0.5093408363133821,0.4544239467197516
3313,Europe,4,13018,0.625036570786649,0.5210018217731158,0.5132974569030203,0.5168831759315237,0.5258141222470085
3326,Europe,4,13018,0.532285306880076,0.4740150804287802,0.4477060229639013,0.5449901820269899,0.4786775161424812
3354,Europe,0,13017,0.329717670150277,0.33398148645962766,0.2920047401922574,0.3350112695735463,0.27449151297203944
3357,Europe,0,13017,0.653878296139445,0.4807901770944334,0.4352176983806078,0.5453373634603509,0.5236558459017714
3360,Europe,0,13017,0.974290460420402,0.3545047545911468,0.3237271890833081,0.39992362617300914,0.3370271422326373
3361,Europe,3,14017,0.280919783973854,0.34350388051735237,0.3202755730404956,0.5166264024988397,0.4933974148451915
3362,Europe,3,14017,0.321911493095906,0.41476372644298065,0.4254252343370972,0.5892711209156325,0.5855987079213731
3363,Europe,3,14017,0.28800595825477,0.418023341943239,0.4330081381592198,0.6104437205763844,0.5873973363296157
3364,Europe,3,14017,0.305321880122883,0.43981696929660347,0.41420618468626663,0.5123892721723617,0.45404608436125415
3365,Europe,3,14017,0.480765151470724,0.443480607553258,0.4461025167457174,0.5188746424525191,0.4923893030328492
3366,Europe,3,14017,0.411850919697338,0.48818907191983285,0.4952476733417451,0.5997322060390678,0.5445232350384333
3371,Europe,3,14017,0.102187100869488,0.48867745081085917,0.4749763773319618,0.5922981709403095,0.5907192625476116
3373,Europe,3,14017,0.335092100168652,0.43701210693112197,0.43074516865154516,0.49584335678756486,0.46078817208004275
3375,Europe,3,14017,0.545873031522048,0.5198484739787868,0.5313459606750071,0.6453666212832905,0.601070875864198
3377,Europe,3,14017,0.453604406526039,0.5256603649255406,0.5120014206340167,0.6212006816263773,0.6011085581597992
3378,Europe,3,14017,0.437382180048648,0.4518532499620836,0.42100636024973986,0.5300060693224006,0.512229328037998
3379,Europe,3,14017,0.431323818960112,0.4637366115381331,0.4674555620278354,0.44048914405499967,0.4303996894995875
3381,Europe,3,14017,0.39424808178537,0.5136988361187428,0.517319541768583,0.6264296320115713,0.5890170716240951
3392,Europe,3,14017,0.374719294803809,0.4800900237506259,0.5226768408835835,0.6628714049905348,0.6002643941915808
3393,Europe,3,14017,0.254262500188184,0.4609600612231698,0.4655226388728587,0.5972513318391156,0.578949474963478
3394,Europe,3,14017,0.176877576315317,0.23572930873704537,0.2485915291910218,0.4460928175062389,0.45656367657602637
3395,Europe,3,14017,0.230833890492251,0.30951239320872503,0.2841358891641852,0.5454533626976302,0.5627449982656352
3396,Europe,3,14017,0.139769563202526,0.2733223375598503,0.28833629859007776,0.4320091350000468,0.39658646978178114
3399,Europe,3,14017,0.401409391279259,0.3765226078879196,0.3544584846222395,0.5921880578269277,0.6110744654833393
3401,Europe,3,14017,0.38601368090123,0.38079685925618084,0.3650295320446693,0.5905410118054119,0.6087264751024897
3406,Europe,1,15015,0.073204111649528,0.2511563515817692,0.2382826648007513,0.4890528196397729,0.5313944615163985
3418,North America,1,13010,0.422499451863713,0.24283143349004813,0.24743308992474997,0.3567922366240351,0.27224571078528526
3420,North America,1,13010,0.132788230798655,0.2301215605055224,0.31162723836113615,0.32381909505144557,0.31513716400554714
3437,North America,3,13008,0.390526393128732,0.471732039149123,0.5153071592660855,0.4291577749783474,0.36311073908154623
3438,North America,3,14007,0.19323408025831,0.4707033153773892,0.49300971772370533,0.6157670754185135,0.5300837510489614
3439,North America,3,14007,0.992575498398693,0.4483011758174112,0.48153824832773623,0.5701517138383673,0.4841512792593423
3455,North America,1,13005,0.505696684213211,0.3064519044584221,0.3647330107277915,0.3901485162741048,0.3880400469588189
3456,North America,1,13005,0.720146994436889,0.3404106988554244,0.37142123326004645,0.3986511958813651,0.3659649568846234
3458,North America,2,15003,-0.100731925024686,0.3524052138095531,0.38573566973854595,0.3798191305075685,0.3024779047317161
3459,Europe,3,15030,0.764019913495742,0.9277741426605509,0.9266190749915773,0.8235864766161806,0.8629101227841719
3473,Asia,4,13028,1.96451089504252,1.190990776978123,1.1452756048869392,1.0435451168339684,1.0789275044864068
3477,Asia,4,13029,1.559388017151128,1.136239615852153,1.1213597848997887,0.8365600715656506,0.8842832445738467
3479,Asia,4,13029,0.829401812135626,0.93797751636241,0.9665540871898869,0.6200232461585504,0.6033877778958677
3481,Asia,1,13030,1.066405920401033,0.9618687937168358,0.9936537233380742,0.7399036151504933,0.7605155894337288
3483,Asia,1,13030,0.383507147053552,0.6448119164095639,0.7012878340110331,0.6404650402449706,0.7097180621221787
3484,Asia,1,13030,0.606728867064073,0.7220211704700248,0.7599612720559055,0.6697608925045286,0.6676583611100338
3485,Asia,1,13030,0.262044253369282,0.753137193925226,0.8685496500392936,0.7690215311594709,0.7777259309190883
3486,Asia,1,13030,0.704618645601584,0.7915992086687846,0.8445834157193538,0.6872852754495864,0.7102109505537575
3491,Asia,1,13030,0.74874328777981,0.6822274508769172,0.723666837346058,0.6618602040207233,0.6404512301677868
3495,Asia,1,13030,1.020582633744557,0.8936671839739185,0.8882805625447635,0.6516310818222016,0.6568892410163862
3497,Asia,0,13031,1.241300031622932,1.126913347236325,1.062092791861578,0.7974592332753099,0.7956057912050951
3502,Asia,1,13030,1.6295289682543,1.135734417090472,1.0323095080123639,0.8363373281040501,0.8188729853744457
3507,Europe,4,14031,0.463903681789115,0.7764383272619483,0.6731410406895235,0.6521806491715932,0.7021300726015576
3508,Europe,0,13031,0.727338808141837,0.7431854812309743,0.918577960734215,0.7419454889066279,0.6880202656616503
3513,Asia,0,13032,0.148018399400593,0.4283719321930277,0.3597232939288775,0.5193886302541653,0.6260614678473325
3536,Asia,0,13032,0.102933158611234,0.47082800015384685,0.3442036488513051,0.5605710793437377,0.6084323574708211
3537,Europe,0,13031,0.118404144168238,0.4851660264082733,0.4492482873735173,0.5248879486013164,0.6032909481359724
3538,Europe,0,13031,0.647435804265039,0.8094712272721396,0.6416964383217375,0.6727887376516359,0.6340960049101495
3564,Oceania,4,8032,0.264906755115503,0.4347026966346253,0.3712673922434816,0.594577463353408,0.41759956053106984
3572,Oceania,0,5032,0.377697353487571,0.4903337661776658,0.5466320835127124,0.5118505745077693,0.5652201958767019
3579,Oceania,0,5033,0.605121349369475,0.28824279708706235,0.2318769332289668,0.4114698941870601,0.3863853274721173
3586,Oceania,0,6033,0.182411604644375,0.20922227277677713,0.21617216418319235,0.3627817618710796,0.3968665374435568
3591,Oceania,0,7032,0.432184916716299,0.270025791609816,0.3414063675592322,0.45037828979687333,0.528598199568718
3595,Oceania,1,4035,-0.076888958366782,0.28744979156752787,0.29565124963965556,0.32665378083175267,0.247518399584422
3596,Oceania,1,4035,0.014300480485477,0.37980051915601415,0.4015498448544538,0.39335380314006674,0.23678216238492122
3600,Oceania,1,5035,0.629237668525202,0.33297512675649626,0.35971527876255677,0.36401055342476496,0.3895619725646008
3602,North America,4,12005,-0.279799866573175,0.6884509695956031,0.6435930451465053,0.4180561186346632,0.3098695221191814
3606,North America,4,12005,0.535309021266565,0.6442481332633185,0.5996870377518736,0.36858853901882216,0.30878268841584755
3628,North America,0,12006,0.286815945376447,0.6931225089029012,0.7204533854878437,0.5281832223398197,0.41547908484517204
3629,North America,0,12006,0.426525182565772,0.6342943641392755,0.6768846071838425,0.5253175475841518,0.5449980749139457
3631,North America,3,11007,1.5356678392471,0.7476118547041553,0.7140847516771124,0.7153798917194445,0.7428551638374005
3632,North America,3,11007,0.879831710209656,0.7209329276426136,0.6938786062501736,0.7689377317917842,0.7782410644371197
3633,North America,0,10007,0.955506810628707,0.9553408571133887,0.899609160740382,0.665880039610287,0.6874890549690263
3634,North America,2,10008,0.765098464650513,0.49055393658571456,0.5203768875471529,0.38879538929989366,0.3851592166653307
3635,North America,2,10008,-0.004287144973014,0.5732848714314788,0.5779664349528756,0.3805309452742204,0.2617181188598324
3636,North America,2,10008,0.585421665993535,0.7113810724378528,0.6747194938460982,0.6360950705626582,0.5403538174723159
3637,North America,2,10008,0.448496498175839,0.6074269984074738,0.5200200572907607,0.592688539409762,0.4915577102833698
3640,North America,3,11007,1.271637793800198,0.756840443625327,0.7181567335637372,0.6983779172701652,0.6923619495438478
3642,North America,2,11008,0.362392133947129,0.6452839718022676,0.4903758615875028,0.4802088000870594,0.4084035211589575
3643,North America,2,10008,0.98860122537201,0.5886062217091893,0.5583222456463858,0.5249251361057787,0.4275538259315542
3645,North America,2,10008,0.419772488055107,0.6081582602321922,0.5658202290635898,0.48895581900407437,0.46083828855923137
3646,North America,2,10008,0.300415136057993,0.4449997708682822,0.4569533737695554,0.4069138836554903,0.34108020057901145
3651,North America,0,12008,0.602820101051826,0.2985314456924708,0.286242386195399,0.3175316683784964,0.29040148458757165
3676,North America,0,12008,0.78519370390542,0.5080915954590746,0.50137549509273,0.3868872353421654,0.35322836875483904
3681,North America,2,11008,0.780534355075722,0.9639794767107996,1.0372829375174943,0.5781079166900834,0.5866275415710156
3687,North America,3,11007,0.707230005864938,0.8201670776559086,0.8173763622865845,0.7107109070594391,0.6219563087996927
3688,North America,3,11007,0.985775303420235,0.6763100060437626,0.6170027624283737,0.5315969307432822,0.5823051290627644
3689,North America,3,11007,0.985794983819326,0.8215355459008331,0.7655517133847919,0.8196116571163736,0.7467884553633268
3691,North America,3,11007,1.554435130864188,0.6988020634656691,0.7063680312119904,0.6404727067545807,0.5796061824051828
3692,North America,3,11007,1.289069633676033,0.5730534624220142,0.5841710476416997,0.47136665939819944,0.5541936833159892
3694,North America,3,11007,1.799997758068477,0.6860632673413133,0.6778062579373274,0.5938767560384035,0.6951593935452105
3696,North America,1,11006,0.830395311325369,0.9674626089811177,1.0201947527742383,0.8027259412117831,0.8984906139076296
3699,North America,3,11007,0.137703903664703,0.7682826559924637,0.7520767524061156,0.7306338261762328,0.7829044702208016
3700,North America,2,12007,0.591038684909709,0.6204117979829592,0.6025014345153207,0.4973614618608614,0.4135195782835671
3701,North America,2,12007,0.732411750344138,0.6523256175731758,0.6184105944567374,0.5737484024462385,0.5234709875699722
3702,North America,2,12007,0.618309210424014,0.6542602297014611,0.551157851429881,0.5713278514472676,0.502002659793943
3716,North America,0,13007,1.024038779347127,0.44886531722660805,0.5260127098832286,0.4214795063585213,0.3840862524573051
3717,North America,0,13007,0.395514926108332,0.5637276302928181,0.6879175717639605,0.5295291720724802,0.47678585016820096
3722,North America,3,13008,0.579649469815241,0.4873321461369541,0.5132791827336822,0.46685588690456425,0.409912810446609
3723,North America,0,12008,0.287428548059944,0.477133576134815,0.5416544294702681,0.34181472403535007,0.3285914017113916
3747,North America,3,13009,0.768659972723702,0.38928090062671095,0.41379117888755446,0.4152227990974361,0.37708672877772376
3748,North America,3,13009,0.135053227069271,0.4023519001791355,0.38664689682839787,0.3069597561780159,0.2804381206228115
3749,North America,3,13009,0.345483737820941,0.4082252914202452,0.3947063069144388,0.2812430935825067,0.20115705829419128
3765,North America,1,13010,0.030097514007848,0.44647643744551163,0.5499728045695415,0.43395233455277715,0.42401830576982935
3767,North America,3,13009,0.624394893251304,0.34037412846539505,0.3754736008667009,0.39634805702287645,0.3798768286457207
3768,North America,3,13009,-0.618029569418414,0.3770549559044551,0.3633317122133053,0.3071912990991587,0.24812446712062775
3779,North America,2,12009,0.431369462198914,0.42761748207735784,0.4993686234969657,0.4180328067504261,0.3927337458386163
3817,North America,2,12009,0.547372569695627,0.27649457697286145,0.3380500829958225,0.1861505621065399,0.12149184604184227
3825,North America,2,11009,0.162025414687007,0.3746583447315947,0.4068816431439074,0.2855321124095791,0.29056190754558775
3865,North America,1,13010,0.404293258453667,0.2339742952669813,0.2338593523596088,0.3770031554103755,0.2701507516768221
3866,North America,1,13010,0.204271887824389,0.4275712542568349,0.4076947581233836,0.5051144674390582,0.45059158537728583
3880,North America,1,13010,0.226860321150317,0.25523138504696885,0.21539387272509533,0.327978755404134,0.16742567241433293
3886,South America,1,10011,-0.170361191727707,0.4201027694384613,0.466979215723764,0.44750765330314074,0.47691902231393546
3887,South America,1,10011,0.092711978633532,0.4159544273095154,0.43428891433929506,0.4978260127709936,0.5505663583390198
3888,South America,1,10011,-0.056108195027457,0.5052441837699112,0.5560500921491456,0.5350692709606063,0.6454357586633348
3889,South America,1,10011,0.43432821666997,0.45688050083397674,0.41940284660555444,0.5752200972329196,0.606103411994336
3890,South America,1,10011,-0.01237690642382,0.389999701018599,0.36588897778994184,0.6024623448563742,0.6106547245960683
3891,South America,1,10011,0.081006292649423,0.3811036523296663,0.4127387126858647,0.39037801196609684,0.38192961872525777
3893,South America,0,9011,0.153071285194781,0.41079791208725286,0.4520743353780951,0.5548365407162464,0.7016617394639352
3894,North America,1,10011,0.052854684513715,0.42500342985560724,0.4237817749824019,0.49782024127369395,0.326550279042351
3895,North America,2,10012,0.332180515355899,0.335767567314816,0.39273379891458365,0.32027061577959265,0.18168727775540994
3896,North America,1,10011,0.480594485443199,0.3951938325599372,0.32637930847815183,0.34326009919527806,0.13429366720777092
3897,South America,2,9012,0.25692611516839,0.2792148486138341,0.32895427295906676,0.2931563192795043,0.24615948937433463
3898,South America,0,9011,0.286883258685047,0.49359598227277024,0.45970531143064425,0.4136745704243967,0.6168474712424342
3903,South America,4,9010,0.477981189200072,0.5029873610151142,0.4054380026602387,0.6513082963230742,0.7081279134323315
3904,South America,4,9010,0.293486919319665,0.503331511619598,0.42145957022980324,0.42305241377395275,0.40669278500265504
3906,South America,4,9010,0.234405759036167,0.391678077439046,0.3928923705424996,0.3968951977084453,0.4462498664569078
3907,South America,1,10011,0.108618388056043,0.3379651603412214,0.3304124014530091,0.3123389774736359,0.3561608236649336
3910,South America,3,10010,0.026563889362331,0.2834123031428557,0.3422200343603782,0.3979729204552138,0.3257339967788106
3911,South America,1,10011,0.405614597279035,0.5278022394042311,0.5154476784527816,0.607701862076207,0.5781984391042109
3913,North America,3,10010,0.273693700780979,0.6225880060214878,0.55888076871352,0.520899625856751,0.5037438846091875
3914,North America,2,11009,0.293789572067105,0.5794264311782151,0.5894404807010255,0.4742158821793151,0.21878547044256913
3915,North America,2,11009,1.336715227162899,0.7765780471602192,0.76407881877385,0.5903142925491218,0.5364412108880786
3916,North America,2,10009,0.350791448863403,0.5571198655169323,0.5859185135650897,0.4771293415987574,0.4657340423358422
3917,North America,2,10009,0.320940508243941,0.5426016147790954,0.5853040658917131,0.5935887859764754,0.49899910880730813
3918,North America,2,10009,0.317311899635136,0.5299668364231245,0.5314972746252035,0.5368100140431661,0.4793277316418639
3919,North America,4,9010,0.201043994603494,0.30036779520033163,0.4204981667689889,0.5547923006034655,0.4458808720893642
3922,South America,1,8009,0.266747087854213,0.3865400669251241,0.4254221805784078,0.5154893537800793,0.515955709149619
3923,South America,0,8010,0.254484511051299,0.30770050317074965,0.33228196614286065,0.39762780036398315,0.5279761850034091
3925,South America,0,8010,0.594794109195655,0.5304843927045158,0.5322587418627032,0.782639603368534,0.7406123739871221
3929,South America,0,7010,0.971079911101115,0.641662531164811,0.6167956116553083,0.9358277498400611,0.9387331204213372
3934,South America,0,7010,0.468955296752886,0.3562664602201734,0.39292708695284834,0.6355873160934186,0.6092193841289032
3937,South America,0,8010,0.364828574331533,0.40544397450080744,0.4119482074423044,0.6174901551357892,0.7201690783993219
3938,South America,0,8010,0.388822323240836,0.24456860649310394,0.2810498507574352,0.5508887547991719,0.4720846586155002
3940,South America,2,8012,0.574400498098573,0.3909677880600715,0.370580842532417,0.41805318602984465,0.444118389404902
3941,South America,2,8012,0.620400607324352,0.2697523371933641,0.29901823480901385,0.21896865372884855,0.20660992463525574
3942,South America,4,7013,0.002421278040792,0.48017391565559825,0.46196353476023416,0.3422594965149416,0.6066632857607559
3943,South America,4,7013,0.619699333774523,0.6116153396656044,0.6515158700719546,0.48075539393841027,0.5327312715043178
3944,South America,2,7012,0.592553536738391,0.6190215156746353,0.6044648462911291,0.46939827673002205,0.4452168499461997
3945,South America,2,7011,0.723728890903976,0.722193146877928,0.6454801514141024,0.6202129141042897,0.7473883434000131
3946,South America,3,6011,0.294721798834885,0.5725388005694444,0.5914194538097275,0.3822013386305093,0.4452063746853088
3947,South America,3,6011,0.629667829656917,0.5217046633355664,0.5131269407023024,0.43975034006598057,0.5096398074201002
3950,South America,3,6011,0.48870544405333,0.47161675577606715,0.5041401412232215,0.3242999383561627,0.4600848834482265
3953,South America,3,6012,1.005603182422348,0.46723771399887787,0.43225845124859935,0.2594638314816248,0.2880047121600997
3957,South America,3,6012,0.720492180862011,0.5957782601086417,0.5052578751062377,0.20435752002181362,0.2777662716542525
3958,South America,3,6012,1.240448015922081,0.6000450568463234,0.5552574034383541,0.2517442418519869,0.3528871700936572
3959,South America,4,7013,0.806889418801432,0.6484106968376819,0.6587739787596806,0.5401466963160118,0.7144359401557215
3960,South America,3,6013,0.677371594566083,0.657178658352844,0.5958497987727669,0.3779940926044462,0.4274054200759968
3961,South America,3,6013,0.624211349457362,0.6287943226020156,0.544331266026649,0.2936574122106377,0.39401781156686655
3962,South America,3,6013,0.633216883432992,0.6067401665648023,0.5588977996293528,0.28100242493143796,0.38066870023007593
3963,South America,3,6013,0.880865964815301,0.601018897363721,0.5499570530702452,0.3936942536223391,0.5042653956939411
3964,South America,4,7013,1.104239911808441,0.6009027089442837,0.6121840569615692,0.43661309304111295,0.5050306187934523
3965,South America,3,6013,0.713970617966243,0.6490612857794209,0.6395757467131384,0.19570027168252607,0.31193048198159856
3966,South America,3,6013,0.994322506418242,0.6289243898093592,0.5991532087378663,0.35136468104709884,0.4036607272431719
3967,South America,3,6013,0.541486358642786,0.6246880800974428,0.5380648252560132,0.3306049793042173,0.49907458329509413
3968,South America,3,6013,0.341290029255746,0.6318599837173461,0.5684383764338139,0.24789501041997036,0.40000981555424764
3969,South America,3,6013,0.591456781101602,0.6084319369646556,0.5901385268932394,0.4027421486388194,0.42654147431171796
3970,South America,3,6013,0.599845570143915,0.609784535917808,0.5877538932829242,0.3064255210124174,0.37904264305849
3971,South America,3,6013,0.610081278514218,0.6116142463588842,0.5304488613391893,0.2622408473944182,0.32344851361820715
3972,South America,3,6013,0.615370330779831,0.5836821335972316,0.56003648949925,0.2660532040592334,0.3460877422520647
3974,South America,3,6013,0.603666642399407,0.6194273031429323,0.5494557851624234,0.30363878795548593,0.417407923915893
3980,South America,3,6013,0.106443497979374,0.4632414087365104,0.44918304286162053,0.2691683211106907,0.35664322914428015
3982,South America,3,6013,0.393532459560795,0.5746230927629323,0.5606592241014555,0.17884839047646434,0.26817770773191363
3983,South America,3,6013,0.485209210851472,0.6007050817752267,0.5091172099387103,0.29761037735362394,0.3229746272378937
3984,South America,3,6013,0.408368302332813,0.5974744968578161,0.6107550759227336,0.2698995609502616,0.3129719427445065
3989,South America,3,6013,0.317180264656193,0.4644086100523947,0.4373314571392232,0.24377146359263402,0.2996456105812286
3990,South America,3,6013,0.199151697842598,0.46108671644941496,0.4765002287756188,0.10414323397436687,0.08558234697516254
3993,South America,3,6012,0.802927015181453,0.5856547276971272,0.5426695121346262,0.18218398980778205,0.3467114333993443
3994,South America,3,6012,0.485453793849305,0.6248103163056952,0.5828333401498152,0.30498235063902923,0.42549054360490024
3995,South America,3,6012,0.848325020471339,0.6051301576992532,0.5499611869598082,0.35969496954295627,0.45889334019232864
3996,South America,3,6012,0.413538255374007,0.6106074153678638,0.5838245877285935,0.34496940178736635,0.4428982083937613
3997,South America,3,6012,0.594481000372992,0.544678193624139,0.5062826682814652,0.17961385147200454,0.3055277438169106
3998,South America,3,6012,0.686514436624453,0.5773656673952028,0.5580655843329972,0.26438535139816827,0.37289248166427624
4000,South America,4,5012,1.283956468979263,0.30843079894900194,0.3633353042145355,0.30883316072085587,0.34541314485354624
4008,South America,3,6012,0.322200013575082,0.4094589543343494,0.4346153119341651,0.008691464900436596,0.06978703049804602
4010,South America,3,6012,0.144451068614794,0.6205230714113681,0.5440400483679912,0.21645047582713917,0.2204328402080531
4011,South America,3,6013,0.68039656664002,0.46861474429998756,0.4568486815064627,0.07820673064547345,0.09017881445120524
4031,South America,1,5011,0.298327452061306,0.4115343128607616,0.3998594884210908,0.27051825289582476,0.19216938933610894
4037,South America,1,5011,0.746408862507021,0.4277315825398446,0.47256466987791435,0.3314633021184828,0.30064150704322795
4040,South America,1,5011,0.009938060761222,0.3010947831565937,0.4224583965627642,0.3871362506263682,0.28840632120865073
4044,South America,3,5010,0.304634918039949,0.5911711512374067,0.5007400771837385,0.18053857304172322,0.21583596342867356
4045,South America,3,4010,-0.213541830996983,0.5242711765116382,0.48630100336866944,0.07391902233987713,0.07001386616002903
4053,South America,3,5010,0.139555686971595,0.5546748653197187,0.5799511438265679,0.2806446929868485,0.3230050523673871
4066,Oceania,3,4032,-0.008822916298642,0.2863636106487916,0.28360644717427547,0.20327166455784867,0.21313314384183102
4082,South America,3,6013,0.313595084384547,0.41054797390665976,0.3960097609281023,0.08649168870107593,0.07586177792020954
4084,South America,3,6013,0.46909083183297,0.4007538395420186,0.2980762861243754,0.10349038055228515,0.2002682166379024
4085,South America,3,6013,0.276569167122598,0.4184768203235032,0.4372822911608252,0.13042294097571655,0.1905924585496152
4087,South America,3,6013,0.418147371062682,0.5339119113426164,0.4924857848664516,0.1748483127809205,0.20502761068830133
4089,South America,3,6013,0.826641233915777,0.419641661508889,0.39103683057801203,0.13886999915910808,0.19842198782468135
4095,South America,3,6013,0.171472285466168,0.3905437223532224,0.3591939434482938,0.19307523651336372,0.25172709922394154
4096,South America,4,7013,0.265108167147904,0.3369106616482708,0.34521849037060204,0.27980273613494505,0.32110250584365074
4097,South America,4,7013,1.004584457318242,0.33468425579082167,0.33925742120488006,0.25825833570450274,0.3350247427909614
4098,South America,4,7013,0.449360565738972,0.38489658361132884,0.38674307678469577,0.2760373561276123,0.4759409065222979
4100,South America,4,7013,0.331099416730753,0.4714302173485724,0.4861008282973821,0.3908939932280253,0.4520591926447468
4106,South America,3,6013,0.456888260194468,0.4552704781216051,0.42699241609495664,0.10159976392428505,0.16072352982081772
4109,South America,4,8014,0.593249326067331,0.5018035446942506,0.4498963575889882,0.44131931014448217,0.4406660070639964
4115,South America,1,7014,0.632180058276304,0.39875100944185127,0.42541217070689896,0.38035292514629077,0.5059555526149637
4116,South America,1,7014,0.403337782547599,0.3210808067012234,0.3466884212528164,0.3145987552228814,0.36667108810369975
4117,South America,1,7014,0.104806206097195,0.24443068322608275,0.27810879381660947,0.2544973824595205,0.44356507542638135
4118,South America,1,7014,0.427336434757424,0.3621047693632551,0.4220916085468471,0.4161495144005861,0.4012280608208234
4119,South America,4,7013,0.389926486761038,0.46223249729606014,0.446733073151138,0.3856224182897275,0.45417589838865247
4124,South America,4,8014,0.157650811259679,0.36499406215304786,0.36787782671907926,0.460293398442867,0.685652453952335
4125,South America,4,8014,0.563877038893389,0.4926188345037939,0.4638299683146109,0.504797852476462,0.6655661577857417
4127,South America,4,8014,0.474788302076398,0.22941416200197134,0.28433562579060545,0.3044419408695818,0.21186090135391467
4130,South America,4,8014,0.305291510085001,0.26814081954043467,0.30629781093779995,0.31408964967322567,0.3579750098155895
4133,South America,4,8013,0.209235114590161,0.38081642632458573,0.39364990459274346,0.4145316087723205,0.5640782971038492
4134,South America,4,8013,0.011671793159103,0.3385251816011211,0.34111047352344465,0.36584557030754666,0.42287205269790534
4142,Europe,3,12017,0.822812948305623,0.4694935388775912,0.4517898080302052,0.4775825608335235,0.5020644921679841
4245,Europe,3,12017,0.920501268562279,0.6016700232257519,0.5777882253816645,0.558225766758341,0.6104912839792678
4257,Africa,3,12017,-0.105510825266999,0.4668430151962158,0.4506142434737367,0.3458294820564762,0.44873906711421196
4266,Africa,3,12017,1.147865617325665,0.6919573870583191,0.6790382340299249,0.6480542282511703,0.698396311514449
4272,Africa,3,12017,0.660651650496613,0.5396906994503509,0.47737418440535045,0.561568477407885,0.7623231820536635
4274,Africa,3,12017,0.745068681124797,0.49212334216475273,0.5201103987607131,0.5456192515422585,0.6534307526120544
4300,Africa,4,10017,0.637610542257792,0.49771266294585675,0.4874908300352535,0.540720255051076,0.6791950437908671
4301,Africa,4,10017,0.303607245633368,0.536974895789364,0.46429567594335436,0.4952283191380753,0.3630493587638166
4302,Africa,4,10017,0.41402629524021,0.725894829448227,0.8236024867101132,0.724111834968501,0.6910287498942297
4304,Africa,4,10017,0.330383160479597,0.5723767158811132,0.5044399981909182,0.5684723343852337,0.581403761766031
4305,Africa,2,10016,0.861895462400379,1.017757101079004,1.0418669470615407,1.1217438277011018,0.9714242943525644
4306,Africa,4,11016,-0.035996797256802,0.5226555921748409,0.5196297196471396,0.8656118729623717,0.4795219976558649
4307,Africa,2,10016,0.697385576093556,0.6564983118792346,0.6684185462179971,0.698977058379578,0.6171589838298635
4309,Africa,2,10016,0.34754609544939,0.38485351474334595,0.4024697428986512,0.4492730825557376,0.4123320118748861
4310,Africa,2,10016,0.473686235638738,0.4641631653248003,0.4631561412038579,0.4885046702809597,0.462715938961504
4312,Africa,2,10016,0.919282328385837,0.5683205897875442,0.568397103696664,0.5698057963833837,0.5148584779157502
4313,Africa,2,9016,0.544784827064676,0.36506840305523,0.39982657553277934,0.31090015209487887,0.291579257951712
4314,Africa,2,9017,0.211468200214081,0.26515963121407865,0.3234723505500252,0.3466232593616041,0.21407605716457478
4317,Africa,4,10017,0.538644176544657,0.4272502182323253,0.43323955326930724,0.48526063169850997,0.400074566004399
4318,Africa,2,9017,0.691765175722483,0.47756082047260934,0.5386105910146276,0.4899065208448917,0.4684933637591018
4322,Africa,2,9017,0.338923644295535,0.41442867013563817,0.4363303410410814,0.3886993135131843,0.3321279082017212
4324,Africa,2,9017,0.461205374955535,0.4085382649062294,0.41438019563176126,0.34854403941911194,0.2788492492126359
4328,Africa,2,9017,0.484251839003787,0.28534008943745426,0.28728250679296546,0.3583913509522027,0.21510805590640514
4329,Africa,2,9017,0.674374905507604,0.5471014714560442,0.5559940860757427,0.5954204942368861,0.5280305288168947
4330,Africa,2,9017,0.406820987063375,0.47041124335200724,0.41454845567304166,0.4400712192018293,0.3976102078332986
4331,Africa,2,9017,0.432301141026098,0.41672554316751187,0.4026640253070024,0.4263911202799857,0.41499803082564213
4334,Africa,2,9017,0.276907214699274,0.5021731297543239,0.43924873796945474,0.4023784990025161,0.34442598817590564
4339,Africa,4,9018,0.061375813034291,0.2746650706682796,0.2924927950060693,0.36653447167391406,0.0835009371155575
4351,Africa,4,9018,0.546729971806872,0.5575951584835943,0.5446609304748625,0.5388404374550272,0.4802879870154759
4352,Africa,4,9018,0.791791324906426,0.5338321147078644,0.5114426904580713,0.5613964599167378,0.429576903810718
4355,Africa,4,9018,0.349246088212179,0.4619365399756205,0.44259601362857043,0.5027924182762884,0.43693070880824836
4356,Africa,4,9018,0.322723553245296,0.432401271392483,0.41740830907358206,0.3803096797064174,0.24782611845951275
4357,Africa,4,9018,0.268311894174022,0.396541433573481,0.35292681469712,0.3919227526049428,0.3234576991864244
4358,Africa,4,9018,0.175970639124759,0.3013725243305278,0.2709555544200055,0.3923013154955105,0.27098856609869326
4361,Africa,4,9018,0.437681356367464,0.26483663109495226,0.32529738730739355,0.3974757064742419,0.21400318432461857
4365,Africa,4,9018,0.173056675052822,0.28549064547644043,0.32315499779371837,0.4174053761775135,0.2522752046079333
4372,Africa,4,9018,0.15697606373994,0.31578870843921086,0.3200900744806643,0.37548780776771473,0.24987534912210174
4378,Africa,4,9018,0.819425389276168,0.40851905339734335,0.40458522410575376,0.4539961724483119,0.33718192790399504
4387,Africa,4,9018,-0.066175666147302,0.39803879310912865,0.40323174229359765,0.45999802414129415,0.42997155344193394
4388,Africa,4,9018,0.493271417965135,0.255421865736868,0.341354436061827,0.33394023203782897,0.2145068166670313
4392,Africa,4,9018,0.265106603005976,0.512415352193552,0.4957029465872871,0.5176682173960909,0.5586301570782503
4393,Africa,4,9018,0.237182100102501,0.4421076095045355,0.4156230404690148,0.41967954870381474,0.19453160259425195
4394,Africa,4,9018,0.301174701206529,0.5471754857261045,0.5331391846162665,0.49453357490372163,0.4094539997744995
4395,Africa,4,9018,0.199382976929659,0.5590916462146552,0.5704230434244546,0.5578821740395394,0.5181128049254029
4396,Africa,4,9018,0.260751675758447,0.3375643297790592,0.3318918694394925,0.4343663322456178,0.32061592125735383
4401,Africa,4,9018,0.183197463666673,0.35989549272037386,0.37020727666949993,0.4044819493498298,0.1111088104591183
4402,Africa,4,9019,0.185441323932621,0.43988089677664116,0.3818353022566438,0.46978830925719883,0.3539324736046039
4403,Africa,4,9019,0.154045648049332,0.2443200111505449,0.2580689933367261,0.24233201656158893,0.09228821436784984
4405,Africa,4,9018,0.003684117232068,0.3976131111894203,0.4075012727615806,0.3580146496576982,0.24418932351069872
4407,Africa,4,9018,0.254547563917162,0.4026836778220436,0.32253930135865544,0.4332189465907069,0.3123107120677502
4408,Africa,4,9018,0.312613953682513,0.3166034193541439,0.3306988419270135,0.37935318110880994,0.2635002767339924
4416,Africa,4,9019,0.244824354910912,0.6407187054637725,0.5993971532618149,0.7019864532943731,0.6240077683012909
4417,Africa,3,10019,0.187049299341552,0.46950363220883334,0.4846856276746332,0.6314295304401697,0.6189159631824357
4427,Africa,1,10018,1.097484739631983,0.6736109882614237,0.6979500284634769,0.8203259141814099,0.8167670800115476
4429,Africa,3,10019,1.027678719127266,0.45519110221964176,0.4116069033972918,0.5761502865634127,0.6972503914503014
4431,Africa,1,10018,1.278783695642929,0.4952600961451275,0.5211363116045413,0.7297897948860539,0.824888467889909
4432,Africa,1,10018,0.649484774438015,0.5479362796740752,0.5210826973718273,0.649500188088713,0.7574521866122711
4435,Africa,1,10018,1.11926942785634,0.46292207475670394,0.4615406869192539,0.6200752987647693,0.5315460728993732
4440,Africa,3,12019,0.079621458183613,0.5280040536336169,0.479826452713345,0.6360846331028149,0.7163542071472355
4441,Africa,4,12018,0.432521450636304,0.28191387883146335,0.33706591877180053,0.6245077996386406,0.7082739373239553
4450,Africa,4,12018,0.454843265122608,0.620532819667529,0.5816744778217808,0.5845000702500742,0.6592121074747763
4453,Africa,4,12018,0.953476885504648,0.7728805673062424,0.688120937130035,0.6908138257872339,0.8551133059319349
4454,Africa,4,12018,0.843379954827572,0.5300960899220462,0.5497031588036593,0.6530047242086492,0.6745952683533633
4455,Africa,4,12018,0.829455451669354,0.6113499281703583,0.542099181439651,0.6458581592429542,0.7151401906994177
4540,Africa,4,12018,1.185635386266366,0.7455783186948791,0.6808219807181805,0.6706653651149406,0.8145470458485387
4541,Africa,4,12018,1.2286104610994,0.7571850131021157,0.664548561553052,0.7203641448780477,0.8518924830032267
4542,Africa,4,12018,0.769656169974799,0.32345313724680497,0.34307610600808935,0.5389057394787334,0.5057663675429483
4544,Africa,4,12018,0.982630825867036,0.7413446181125147,0.8267405733267247,0.725309415270337,0.7633612741494984
4545,Africa,4,12018,0.724986168998443,0.5557040792360884,0.5550685967080622,0.630452413589386,0.6010997218738858
4548,Africa,4,12018,0.029466453684727,0.463861669146788,0.4625350354968757,0.673751815575437,0.7095257066779646
4554,Africa,4,12018,0.382719370213043,0.6983952669465496,0.6192459874283286,0.6343922875112552,0.7269553609324723
4555,Africa,3,12019,0.838428505367409,0.5518453574764098,0.5484957814027355,0.55551319504456,0.5713157926717307
4656,Europe,1,13020,0.694659595312001,0.3036552931914758,0.4048695579610381,0.4394452250301951,0.4913225550992626
4683,Africa,2,11021,0.931623656443534,0.8197562157965985,0.7577455778291139,1.6760528870151123,1.477458059691228
4687,Africa,2,11021,0.692645187077224,0.5628909516077047,0.593711023814108,1.4527993103636798,1.3273856558666757
4689,Africa,2,11021,0.429975177983033,0.5840090283619762,0.5722220011488097,1.4231950570914762,1.2854689306165437
4692,Africa,2,11021,0.548255972834787,0.7694518948296013,0.7707306078063207,1.415983813084579,1.3623973886539402
4693,Africa,2,11021,0.10605525217357,0.8195592929641992,0.7678396244621694,1.4759639397363147,1.3374489027533114
4696,Africa,3,12021,0.326789978203641,0.5587275995646724,0.4837788771602048,0.8725204257017855,0.7638507367019176
4698,Africa,2,11021,1.427364070196853,1.0339960961987607,1.0437068583347666,1.3686286225311477,1.2751608035872897
4699,Africa,2,11021,0.293552987855233,0.8566813478634958,0.8451009028179584,1.35804759448318,1.2729450770992472
4700,Africa,2,11021,0.314968772397031,0.6033325275061627,0.5951528388891993,1.2527925308033456,1.1671090603381455
4702,Africa,2,11021,-0.008512659903242,0.9439784839335005,0.9658436939585593,1.5016630225426149,1.4332697481156382
4708,Europe,1,12020,0.610423470065124,0.7347942869850947,0.7284269758656343,0.5741141395615019,0.9184509806589992
4736,Asia,1,13020,0.316765385537659,0.7214840421903405,0.6889121844703056,0.6437408635140993,0.7970390367789049
4738,Asia,1,13020,0.203593337073967,0.5017268524733397,0.42455126811367017,0.5040758526791075,0.5035570720636926
4750,Asia,1,12020,0.191179148521105,0.43831879092821213,0.5279998370817559,0.43638535393188826,0.5960679533292702
4754,Asia,1,12020,0.431386887254972,0.41845688675177106,0.3194269237349956,0.4525640554576549,0.42510617650399585
4757,Asia,1,12020,-0.329234507197069,0.5192574831182317,0.5732635014490126,0.5062033986197801,0.6367769542106851
4770,Asia,3,12021,1.317437173012972,0.6666654653395974,0.6671269647572304,0.7248086276259382,0.8273206961067273
4779,Asia,3,12021,0.756390653102802,0.6401440920207011,0.66367625722532,0.7023536197108153,0.7691948697057003
4781,Asia,3,12021,0.785586141244084,0.530136783634632,0.5004988106128395,0.5737681745400365,0.7082608222639319
4791,Asia,3,12021,0.617862805698562,0.4805410261442666,0.5090905804519151,0.5845503696053264,0.6242769129880161
4795,Africa,3,12021,0.687543695730042,0.5321208129468157,0.5325751587683846,0.9605238327408705,0.8188214160748591
4800,Africa,3,12021,1.511277660877463,0.9251800291402194,0.8583930003169881,1.1251640896258168,1.0403803537336034
4801,Africa,3,12021,1.461460695260579,0.9025270935937066,0.8237189039344404,1.035365446487989,0.9983431253719028
4802,Africa,3,12021,1.040512070626522,0.5642674441980502,0.6051773390622686,0.9201546669968893,0.8149168184991112
4803,Africa,3,12021,1.68772783310927,0.9123683451035152,0.756803325876419,1.0285466822015712,0.957429911226193
4804,Africa,3,12021,0.622613064162937,0.6485451320607235,0.6641799040959142,1.0033248760580307,0.9183261311699773
4813,Africa,3,12021,0.967044481161418,0.43023878353643863,0.4805703489269243,0.7798907373308304,0.8210115665927333
4828,Asia,3,12021,0.555798498749695,0.43561864770301356,0.49186929737721446,0.46282851048762347,0.5019747971057364
4849,Asia,3,12021,0.780215627012389,0.3237911808667657,0.34987596281082334,0.4748403037941654,0.5743492194683929
4853,Asia,3,12021,0.325190780181952,0.5870969440020289,0.6200234640877381,0.6111850077324301,0.6842087498442567
4856,Asia,3,12021,1.05781548170631,0.6966259046253107,0.6426366499586456,0.7089270924166445,0.8109274609509809
4871,Asia,4,12022,0.956485576934119,0.7577119866436988,0.7779946444772579,0.7311271226686478,0.7659573667864223
4874,Asia,4,12022,0.512563813028627,0.6093080126226801,0.6884086908369941,0.7363806909222128,0.8411189651253357
4879,Asia,4,12022,0.50055645903946,0.5387647707771042,0.5588646135658124,0.7663066072227809,1.071847524102139
4883,Asia,4,12022,1.990255862773467,0.7175214493157297,0.8294113958346531,0.8585940653958735,0.9503910286506769
4894,Africa,3,10021,0.145001632546993,0.6770406510445968,0.6352426810092925,0.8020359377430921,0.6056570309633359
4905,Asia,1,10022,0.603594907174059,0.761971324016826,0.8228560863270322,0.9009871211918767,0.7569158688154791
4920,Africa,1,10022,0.27241399284503,0.7500659971695107,0.77064663261229,0.7817729779671198,0.6764183965897881
4921,Africa,1,9022,0.145231420954522,0.783329052756934,0.8148753959322272,0.9943554415026116,1.0019341334252225
4923,Africa,3,10021,-0.280605497599839,0.3100734525543105,0.30594587012982744,0.5393026551537311,0.5066033041854132
4926,Africa,2,9021,-0.027276749674229,0.4194100799792558,0.5376350573959855,0.772846501479763,0.6477779775664785
4936,Africa,3,10021,0.585648195240986,0.3166145214231175,0.273537181282986,0.5732327985062224,0.6475967588579119
4937,Africa,3,10021,0.289396676834715,0.7674420070778479,0.6798914380471294,0.7108498256061938,0.6223465954952913
4938,Africa,3,10021,0.373126884454613,0.49036751873614626,0.46416789923318025,0.695707819932048,0.28214898899335417
4951,Africa,3,10021,0.413638234889377,0.6118297700112971,0.5562217876598954,0.7631804980891572,0.6145266909919691
4960,Africa,3,10020,0.603200185940013,0.827679614363362,0.9074449098340276,0.873592264143819,0.8817621920820813
4961,Africa,3,10020,0.844831386986241,0.7743723552195486,0.8538587560213642,0.7890259700000575,0.7390011264313019
4963,Africa,3,10021,0.232571303198387,0.8636293857372036,0.8953195929093294,0.8265150080210881,0.9485707098990084
4964,Africa,3,10021,0.271198136706582,0.6291064141438646,0.6017866962148473,0.7035733081457151,0.5969019872070469
4965,Africa,3,10021,0.486025707817365,0.7703537094335403,0.6582825784394324,0.7551685176394345,0.7322494592874489
4968,Africa,3,10021,0.312425260736449,0.3973132885742573,0.45754097069865646,0.6124054822098448,0.5660446562207834
4976,Africa,3,9020,0.479130759663185,0.5366811750460142,0.5487502373893262,0.7157918971406498,0.7232576995083019
4977,Africa,2,9021,0.098422964282043,0.45684073286716065,0.5362268150942661,0.5214899316824634,0.5217003207285955
4982,Africa,2,9021,0.525621393311763,0.3007440357608293,0.30660034664447355,0.46270823323884275,0.37699741361750716
4986,Africa,2,9021,0.407341965912244,0.33447644774134383,0.3511078534478185,0.4998399366348348,0.43858191109368483
4988,Africa,2,9021,0.662817026777811,0.28769604499456797,0.31183891671194086,0.5560378777247754,0.466204902371744
5019,Africa,2,8021,0.372036769509187,0.30115672582554437,0.3002754370127457,0.47215139255757255,0.42174341457320597
5021,Africa,2,8021,0.299173907102834,0.47986547607168684,0.4876747407310344,0.7164932448837597,0.6889674748204926
5022,Africa,2,8021,0.309040646856412,0.44561452455259615,0.4513901523825835,0.5988291960298082,0.565848063813007
5025,Africa,3,7021,0.484527278513072,0.5931199515345249,0.5849993115340665,0.6204582506005223,0.5851543693770836
5028,Africa,2,8021,0.002242473349905,0.5004997460014831,0.5255603614611573,0.6304484654455061,0.5774108415331283
5030,Africa,2,8021,0.006569182287284,0.2588442653196437,0.2967758295521868,0.5274640554542382,0.42504491307190895
5031,Africa,3,7021,0.297850383117054,0.38308028487366697,0.3560833469948346,0.4333836723306477,0.32501344504482876
5045,Africa,0,7020,0.247678203418172,0.33698446305638935,0.35763435010743516,0.5636878369443125,0.4373931677576156
5046,Africa,0,7020,0.538620499110257,0.3008238994622686,0.3104067282785534,0.5058989966514993,0.437872425305127
5047,Africa,0,7020,-0.261468835410824,0.30574581333765327,0.2856867440936054,0.40291222545829364,0.30439809850316835
5049,Africa,0,7020,0.683139298026642,0.45975849117988327,0.4305210813600139,0.5554463109648891,0.4865365202383468
5050,Africa,0,7020,0.299976902771911,0.32286583330675,0.3275054623462151,0.46584377314583936,0.4080662247796133
5052,Africa,0,7020,0.489758527228337,0.2541231217093619,0.2438354352586,0.45135771275984143,0.2938215487053635
5053,Africa,0,7020,0.681113768040545,0.37545514305437094,0.40527274293956367,0.563310149091665,0.5289860858770338
5054,Africa,0,7020,1.000474595369586,0.5065661561034877,0.5287847436876849,0.6606159722024154,0.5688210183575224
5055,Africa,4,8020,0.691581967819467,0.582474045307235,0.5790872388694507,0.6629913169794122,0.6091652948738511
5057,Africa,4,8020,0.138806412848797,0.3114394812474253,0.3089029116899693,0.42766720418130966,0.31935950835324434
5058,Africa,4,8020,0.870893894086285,0.5404044598134506,0.5066992938678274,0.5868559079891074,0.42616427825670145
5059,Africa,2,8021,0.377435704335868,0.3444395892366874,0.43306279356859306,0.5779890580391202,0.5098358329096764
5060,Africa,4,8020,0.831063685496716,0.518474636375465,0.528596402309372,0.5145860212252481,0.3754533303386933
5083,Africa,2,8021,-0.01368165116943,0.2848822725931803,0.3144810679796323,0.4827784160242904,0.38548423341799276
5099,Africa,4,8020,0.34864871571774,0.6468973612669149,0.5274957276556034,0.644986476606014,0.5643633674674164
5103,Africa,4,8019,0.442628281170736,0.6354649875408407,0.56994026145683,0.6238500749626527,0.5439969536579259
5108,Africa,2,7019,0.861737887724935,0.6310906849331072,0.6604067798231009,0.7594002726420729,0.7106255679274415
5109,Africa,2,7019,0.684551841883193,0.4841018090777652,0.438156317143628,0.9760827729550274,0.8154586791985053
5110,Africa,2,7019,0.449660778896281,0.5076320807680961,0.5999141817441942,0.7558705287905751,0.7196926817760052
5111,Africa,2,7019,0.348910986719542,0.519443636498703,0.5357627783744509,0.7158639656768727,0.6012679102809719
5112,Africa,2,7019,0.319395957917016,0.32648974795067465,0.30040719512666764,0.49553164008512174,0.38048018178570586
5113,Africa,2,7019,0.428684726045906,0.6255227348451913,0.6569656926930678,0.7019274958918666,0.6069415054226422
5114,Africa,2,7019,0.612125552500473,0.6130127703337024,0.6783351092989682,0.706128393538184,0.6022806625831507
5115,Africa,2,7019,0.429248587867865,0.6393262778613339,0.6088942752549041,0.6689532817499524,0.6858582913570825
5121,Africa,1,6019,-0.410998503211103,0.28274992477270444,0.359060597321655,0.6364542289764299,0.5050989887096865
5122,Africa,1,6019,0.38628831160451,0.29978042718562836,0.35633708086812166,0.6388345394137217,0.5750351525270467
5126,Africa,2,5019,0.490607432264607,0.3341705313138054,0.3566864629498643,0.4314592974223874,0.33988512350031574
5127,Africa,2,5019,0.247739283964231,0.42122729650813245,0.43447649078630735,0.5195130616453258,0.5126162317383517
5128,Africa,0,5020,0.397025609377859,0.4613621538639089,0.48270390604726593,0.49248131605068796,0.41923712756193254
5153,Africa,1,6020,0.005821107289815,0.3828496599252452,0.4376839690663106,0.5130647581271474,0.5288434418119702
5156,Africa,1,6020,0.375617617722692,0.386358739605845,0.424392623558938,0.4502034420614113,0.46616432939605257
5157,Africa,1,6020,0.42452558846044,0.40975485022916075,0.46392881047297424,0.5079670393748105,0.4825593160256233
5178,Africa,4,6021,0.142164523248064,0.3633728306761558,0.3204146004807361,0.5024531157798344,0.5363136711016859
5179,Africa,4,6021,0.245425674987278,0.39410958577295246,0.4290360017680149,0.45139202710332516,0.2154612274718064
5188,Africa,1,6020,0.203392548954404,0.26641284634858287,0.32103383364206795,0.45424017920156706,0.39743201816831064
5194,Africa,4,6021,0.152961801670641,0.40771648997481985,0.378549272295477,0.36450359282607736,0.19147320112087352
5196,Africa,4,6021,-0.001480872222143,0.43561557336620943,0.4076308210548878,0.3926755342794094,0.175640287362901
5197,Africa,3,6023,-0.049622850438443,0.3329034933732377,0.2958473108875074,0.25410945704425064,0.1849921076056522
5198,Africa,3,6023,0.009888280716579,0.5060737808423578,0.4726743590119891,0.32076680621449044,0.17532439011433698
5238,Africa,2,7022,0.333128638700492,0.20555063101834561,0.18220827095289338,0.3212209557223159,0.19938897733606886
5241,Oceania,4,5029,0.341719216984077,0.4303160319607279,0.4989847124762273,0.4178053195874939,0.39315060549809544
5257,Asia,1,8029,0.036419688195848,0.3616257831370395,0.35226349130962503,0.5300646663893457,0.48152089757391414
5258,Asia,1,8029,0.134910032986926,0.3769426146539653,0.4376864398907834,0.5910251996832391,0.5687695916664517
5259,Asia,0,8028,0.830062928775042,0.38345771964604747,0.4034851578719697,0.6031835420484537,0.5771658122323571
5260,Asia,0,8028,0.395857616842731,0.3239958950393659,0.2919836822394904,0.6302183981836863,0.5668914738724579
5261,Asia,0,8028,0.198666379979199,0.38900835552417695,0.3182111245348838,0.7569815527739909,0.753272732429863
5263,Asia,0,8028,0.185538197981245,0.3346067355602171,0.32249767648583594,0.5742461463473402,0.5098456683206621
5271,Asia,3,9028,0.172760120539309,0.3908309434897775,0.36717505490909075,0.41454490851105147,0.40400062132837566
5272,Asia,3,9028,0.260586289961812,0.3220297212012469,0.3457934692342387,0.46931871521773505,0.5022593709019515
5273,Asia,3,9028,0.453387814855983,0.3415279149448489,0.3459447944293796,0.47095152689848807,0.5132115829749974
5275,Asia,3,9027,0.145152872027693,0.2786172720654319,0.295474670023397,0.40430921973551426,0.3803249204087761
5276,Asia,3,9027,0.250421700559644,0.25452392749438424,0.28528966525721183,0.36127369551850325,0.38224032310030853
5286,Asia,0,11027,0.743270281559427,0.5536533147589026,0.4960371390632419,0.6020755093030872,0.6290182868984379
5288,Asia,3,10027,0.363887833435633,0.40268588161560065,0.34593256287413726,0.4812319203104683,0.5090329618200394
5314,Asia,0,10028,0.549140009777701,0.2406795609886467,0.2492128441726191,0.43441989697650235,0.3844223127267631
5329,Asia,0,10028,0.433265616138572,0.34955644439039035,0.3382031353119162,0.41197174378929247,0.43791004362269825
5332,Asia,0,10028,0.088603486696418,0.4671165534316065,0.4349748460904132,0.5712733584616448,0.5688746149978334
5337,Asia,0,10028,0.551889324976654,0.5318978786400244,0.5318386541740148,0.5632126766621612,0.4782139869538403
5338,Asia,2,11028,-0.065507514312141,0.5395182379736899,0.5339040775025546,0.6208752480265326,0.6280644547888561
5340,Asia,0,10028,0.617225252822397,0.3299534120478048,0.34445536572994806,0.4327260710100985,0.4718388646794266
5342,Asia,4,10029,0.20596896410502,0.4345416869131856,0.442577865847152,0.5372443524430154,0.39986201747894196
5343,Asia,4,10029,0.257253175084054,0.35037580432368726,0.3478715009543625,0.46829156311060083,0.44926248244982947
5345,Asia,0,10028,0.584156845097207,0.65495160493318,0.6456332318504825,0.5962342931692586,0.6129149838287248
5346,Asia,1,11029,0.595034191420889,0.3844648247119196,0.39210345287027965,0.5451930596009454,0.5076857245036062
5348,Asia,0,10028,0.229068907929267,0.22213283119716748,0.3054475701065276,0.457256168149936,0.4581784685004258
5350,Asia,0,10028,0.049319037364042,0.46171590438676996,0.4472844061129211,0.579146127350185,0.5595083068632836
5351,Asia,0,10028,0.477049256881969,0.5862638017426225,0.5524014803081017,0.5780299340055052,0.6009550796369904
5352,Asia,0,10028,0.187001948496795,0.3496031479851652,0.38248510338709635,0.5255601710379193,0.46061028141799387
5353,Asia,3,9028,0.312337194395314,0.2950965209186615,0.31358731741301277,0.5081322664551507,0.5072240150826979
5354,Asia,3,9028,0.079333626048875,0.23495029530853448,0.24656959052970104,0.35902924884202336,0.3918675593235117
5357,Asia,3,9028,0.218002663619919,0.37597780917398754,0.36874883522584545,0.4387271922713779,0.4457231982221346
5359,Asia,3,9028,0.175614948262054,0.43803348924265006,0.4476044322998794,0.45191202377162637,0.378974386576579
5360,Asia,3,9028,0.437420825429383,0.2328965760419671,0.28085221115344106,0.33155783043410814,0.3272218495231021
5361,Asia,3,9028,0.080491264042758,0.3453853830291651,0.3195139857377444,0.46133126804460706,0.4365969484538693
5363,Asia,4,9029,0.065342193346013,0.3264910099466963,0.30586579227593885,0.5227442497403708,0.481430354309869
5364,Asia,4,9029,0.268365412531902,0.2237983177818494,0.16646953954896274,0.3404170424413367,0.5437936246724713
5368,Asia,4,9030,0.206541367780689,0.36176721393836847,0.3586258162780603,0.6082916466999708,0.5084887996023013
5370,Asia,0,10030,0.156713604817579,0.6580298313855568,0.5870652100345847,0.6602048786270356,0.6340355362384095
5372,Asia,0,10030,0.380016480795208,0.43689684407011237,0.4219998981626624,0.6017089535557444,0.6111133927234521
5373,Asia,0,10030,0.349121296812085,0.4129050078087612,0.47310157638986605,0.619654374816099,0.6967754538470976
5374,Asia,0,10030,0.250667916487338,0.3650644969664369,0.4650920489333522,0.6659066893345813,0.7608609092504951
5375,Asia,0,10030,0.19783639496972,0.3993241418471337,0.45306004256331456,0.5786095758059299,0.5431131785851219
5376,Asia,1,11029,-0.277264108235208,0.2504405795734518,0.248687950211149,0.3308320891221961,0.08865340744895855
5378,Asia,1,11029,0.064083485799244,0.4172783072557628,0.40869271519109285,0.5530790161409144,0.47177059071445193
5383,Asia,1,11029,0.613622991021495,0.41678342762377785,0.4455603178424661,0.5412301503879418,0.5409119784299612
5385,Asia,1,11029,0.34515979647712,0.5573992935287865,0.58011852078972,0.6461858091983,0.6574442275272453
5386,Asia,1,11029,0.400672171959404,0.5807965221553665,0.5364510382488288,0.6088125623778994,0.6490781334098662
5388,Asia,1,11029,0.885709160524863,0.33353382491820993,0.3464841727841805,0.44589348852757027,0.49505916431812147
5391,Asia,1,11029,0.592773997978234,0.44755373695077977,0.45463702401772915,0.4918718350643439,0.43354724544166345
5393,Asia,1,11029,0.457051066055175,0.5863453445829769,0.5312114081395738,0.6174476163345232,0.5973374109032926
5395,Asia,1,11029,0.567848022505515,0.49837187653302345,0.5068626429142973,0.5560369981870248,0.5670722082194488
5400,Asia,1,11029,1.018649720494681,0.5649874365825012,0.5799349225977191,0.6087127506378032,0.5652544275731747
5401,Asia,1,11029,-0.025573304881608,0.5189437771771924,0.5139392263117087,0.5068452325625384,0.5050123615957653
5402,Asia,1,11029,0.517327241233902,0.5584472206520367,0.5959256902707142,0.6540614218020894,0.6092847261854917
5404,Asia,1,11029,0.019033480453225,0.5104627614191248,0.5453937516400754,0.5979449323014917,0.5713795656511382
5405,Asia,1,11029,0.123182271595715,0.49101205470645437,0.5088626588090184,0.5323609773735333,0.5128058266226204
5406,Asia,1,11029,0.956486959843802,0.5961638459888309,0.606784657201531,0.6552482466454119,0.6736240615650361
5407,Asia,1,11029,0.722728212886195,0.5436989912616773,0.5647203114814551,0.6360717684981475,0.6994656134989804
5408,Asia,1,11029,0.581985818081172,0.5810417229267767,0.5568335036968862,0.5549551963249535,0.4096246241509379
5409,Asia,1,11029,0.714399218454605,0.39043090042556494,0.4101593042946278,0.499243686958212,0.5459078348854058
5410,Asia,1,11029,0.381683752909887,0.4221420542165239,0.4222851505614628,0.4865822878061897,0.5098302657344529
5411,Asia,1,11029,0.596690225858639,0.40471795633417756,0.40816365457741455,0.4703722133912979,0.40617407382092435
5413,Asia,0,12029,0.978856882206018,0.46669921416582394,0.47932536236694256,0.5601522520705328,0.6004573690787444
5414,Asia,0,12029,0.254951956622384,0.374735489566593,0.33522455913777016,0.46161117978207017,0.3907616973225313
5416,Asia,0,12029,0.816757948200294,0.5032694021730956,0.5098788216363626,0.6203715338518562,0.6138963681925992
5419,Asia,0,12029,0.767342515231088,0.5808348803669301,0.5724504029908593,0.5293014059772528,0.5431671587022388
5424,Asia,0,12029,0.464564521527154,0.3837362461025726,0.3894482245350829,0.48810358982589364,0.3505183455022458
5426,Asia,0,12029,0.734891867387005,0.4059877669733827,0.38677664799837747,0.5004721437615173,0.45214503448409193
5427,Asia,0,12029,0.592411295451802,0.3743850715771139,0.3536447520090291,0.4290626783976874,0.4060999236996543
5428,Asia,1,11029,0.203775230495745,0.36793984138302627,0.4004345123128009,0.512596048651733,0.511009936411243
5430,Asia,0,12029,0.447211059800224,0.3947278702831733,0.41488147232793626,0.46824544737519413,0.414374975135285
5432,Asia,0,12029,0.446935923048388,0.5444819570385755,0.5145216328351992,0.538397221807655,0.492435572407366
5433,Asia,1,11029,0.65554000451531,0.41965214403629375,0.462580877177567,0.5378286995783967,0.5480020518958041
5435,Asia,0,12029,0.35817058795598,0.38619964721995775,0.32837357151986907,0.47096493060371825,0.40993719034671916
5436,Asia,0,12029,0.308688584784678,0.35859780657845475,0.292251797495726,0.44295470799486114,0.4921685673870858
5437,Asia,0,12029,0.065507109495645,0.4980102574266828,0.5107656064008939,0.551049351214934,0.5777295206917886
5438,Asia,0,12029,0.268298564733908,0.373243427832586,0.33427044175652726,0.48396960511022497,0.49164682800822945
5441,Asia,0,12029,0.003436364782088,0.35088002417559505,0.2815269223945119,0.3913759852278346,0.21528750448356704
5442,Asia,1,11029,0.712602269450339,0.5496544192950565,0.5649386454210249,0.5608207130383562,0.5316245138753783
5444,Asia,1,11029,0.62648915638149,0.4507133233194687,0.43219367298435457,0.4604470218683718,0.40291697765642587
5446,Asia,1,11029,0.829250233983131,0.5498798868617516,0.5623538404161628,0.6042776525684377,0.6089477876002175
5451,Asia,1,11029,0.575309810967983,0.43164056943439527,0.4442498088057986,0.4818830092563227,0.4320828813245556
5454,Asia,1,11029,0.941820285183483,0.564826972839041,0.5771144239135207,0.6519714590489333,0.6558279509478678
5456,Asia,1,11029,-0.003229238425946,0.42752329105908393,0.452811288740434,0.482632713346683,0.37854171277319293
5459,Asia,1,11029,0.112486429611566,0.3222973473373924,0.36052183734234733,0.47266606781355597,0.4151316355748021
5461,Asia,1,11029,0.244379808605047,0.27342530860074826,0.30727766010283897,0.4441768637157621,0.3023548109730847
5462,Asia,1,11029,0.341245524248315,0.4514080901927858,0.47076616752194744,0.542332320238096,0.4344143666513417
5463,Asia,1,11029,0.108324434317242,0.4159361875974478,0.45161664058956386,0.5240037533181815,0.5064063106451987
5465,Asia,2,11030,0.500093234627374,0.4167525310827966,0.4312233352074729,0.49005549697762013,0.42886882218833944
5468,Asia,1,11029,0.588782435903294,0.5017722306691929,0.5217684526651925,0.5832188208341232,0.4971688431010379
5470,Asia,2,11030,0.767563339310742,0.5535353640696581,0.5375299247769221,0.5107148430519648,0.470043884801465
5471,Asia,1,11029,0.396449670069823,0.42426273230639455,0.4206841694011015,0.5144506032287003,0.4707620999429926
5473,Asia,0,12029,0.314178425793068,0.5092451651447246,0.48212614427742556,0.5732466044644032,0.59737051356939
5474,Asia,0,12029,0.323396783643145,0.4712333549947292,0.49004015113467636,0.6063557451484295,0.8607259808316249
5475,Asia,0,12029,0.406519836925421,0.45468300352514646,0.42568294079100516,0.4810800195905267,0.3917322511799385
5476,Asia,0,12029,0.337352545405035,0.38178611241307975,0.3141917123999576,0.4329799891729078,0.2502046956001017
5477,Asia,0,12029,0.384682125839632,0.48165508586551786,0.4574607996292116,0.5563550708334165,0.4581351527158103
5478,Asia,2,11030,0.616213601182287,0.38637659450141687,0.405639142606169,0.5169471631300249,0.4236171331226637
5480,Asia,4,12030,0.335759067773827,0.3059960107351552,0.31635793356452985,0.5835430834522478,0.4774091895808672
5483,Asia,2,11030,0.348420651916373,0.4048497940505778,0.4160798335821517,0.5190300553420243,0.5110068861325552
5485,Asia,2,11030,0.643709327373544,0.4343273283036196,0.45991788409511214,0.4511968306632316,0.4311215305499398
5486,Asia,2,11030,0.384070986708379,0.4203294806795326,0.40971160135550305,0.38934793729990597,0.2515252910431389
5487,Asia,2,11030,0.365570120275928,0.4014791986225942,0.42680712644143187,0.4360684810598013,0.3583475399592433
5491,Asia,2,11030,0.224871147206501,0.4172119996656619,0.41633709946139213,0.4942658043687066,0.5615829004442353
5492,Asia,2,11030,0.096372801716235,0.3594101666204675,0.3607785988089432,0.4515912257110574,0.4601995985452717
5600,Asia,4,12030,0.582855435501506,0.8399000346036204,0.8026580199351325,0.6207201715216388,0.6854471657959467
5602,Asia,4,12030,0.902309498466599,0.9325198895338904,0.9940005639897891,0.6818176348902847,0.670444953155194
5603,Asia,4,12030,0.653713779763551,0.6888265481849822,0.6979492284335344,0.5933049916634594,0.6342293997090314
5604,Asia,1,13030,1.11513383564891,0.8274272606417895,0.794954659982778,0.601533068441607,0.6253410162173287
5605,Asia,0,12029,0.428270281227467,0.7198849104806104,0.7393386448331039,0.5864542760115987,0.5237680080904116
5607,Asia,0,12029,1.369653425456552,0.7088465903892454,0.6781277467416817,0.5297636500888284,0.5470765676707422
5608,Asia,0,12029,0.837335320378931,0.7298463826621299,0.659398602216929,0.5480730851778101,0.538584672582532
5610,Asia,4,12030,0.65577226951714,0.6384234989745248,0.7009642634620928,0.6218709269590369,0.6211191088335567
5611,Asia,4,12030,0.606143639375988,0.654124571961666,0.6631877025740353,0.6168011708237319,0.6101068807537783
5612,Asia,4,12030,0.904077411893187,0.6876657975898334,0.6869369669235725,0.5823772745282704,0.5864401697272967
5614,Asia,4,12030,0.595812830690528,0.7157015840376171,0.7728348695250373,0.5707954644716211,0.5818672605940514
5619,Asia,0,12029,0.644531346287402,0.7000420225518729,0.7303363102108337,0.6887554335903161,0.7619211227844801
5620,Asia,0,12029,0.566470107635643,0.8032987628081206,0.7316372491055814,0.7865247172828224,0.8299382424650773
5624,Asia,4,12030,0.501327519927131,0.5890458449871094,0.5894608241951089,0.5780603701420164,0.635368998454627
5625,Asia,4,12030,0.563897365391266,0.7078236786083406,0.7008459637288584,0.6461272020692022,0.6677694795617639
5628,Asia,4,12030,0.414306215101312,0.21682931009477796,0.2555500107083243,0.6349967946160704,0.5647861203118802
5629,Asia,4,12030,0.675139653038616,0.28814931121090276,0.35467732777561417,0.6612985097414026,0.621518396227527
5630,Asia,4,12030,0.668990883180939,0.23061491507433318,0.24833448066379513,0.654539370562217,0.5684690889142632
5632,Asia,4,12030,0.396465971455862,0.24575208618457578,0.3047527833098287,0.5353901895841742,0.5081842911865122
5633,Asia,4,12030,0.255075773360073,0.3060266231729105,0.35046052383867415,0.5004484228200643,0.4877853028551207
5634,Asia,4,12030,0.780095197779108,0.272183526622982,0.21452564219794593,0.5200753502672939,0.3893190731132685
5635,Asia,4,12030,0.674227756162242,0.23175993561093555,0.19179287872908826,0.5659521290726345,0.49670489684748476
5638,Asia,4,12030,-0.140136883650572,0.33870586744397757,0.361846927302944,0.6882414072179586,0.603979957246142
5644,Asia,0,12029,-0.181861472762505,0.3550654575745622,0.3156226223993417,0.49695465267167466,0.4159578384331951
5645,Asia,0,12029,0.265471549643414,0.3596640412010658,0.2946178263655261,0.4951920114019376,0.5630112491287603
5647,Asia,0,12029,0.801619585577528,0.45552130113579553,0.4437066542199447,0.5369525377087045,0.5331047408086854
5648,Asia,0,12029,0.270308791895022,0.46340944262582456,0.4838378607385656,0.5278852633827386,0.5859532005501537
5653,Asia,0,12029,-0.030882456775716,0.31968315597169705,0.2744507174346378,0.35114774239187346,0.47405681926310905
5654,Asia,4,12030,0.462428280646148,0.21620730747685862,0.234743173058785,0.5731252536153706,0.5908483505030884
5656,Asia,0,12029,-0.071195785912838,0.543043414145855,0.5608465811131308,0.6044205193677433,0.6933328678337484
5657,Asia,0,12029,0.659230314896514,0.46908675281656154,0.5021275889343579,0.5508282629401019,0.4968493781172151
5658,Asia,0,12029,-0.055356726912693,0.6213963495302427,0.5935608209486511,0.6436747420220064,0.8243091949337403
5659,Asia,0,12029,0.731403578303691,0.486856044518721,0.5011793110509345,0.5494859783586753,0.6950584007614667
5660,Asia,0,12029,0.393939121219633,0.38485237616792634,0.4118427861605548,0.49836633603440683,0.6171823363531445
5661,Asia,0,12029,0.73067475542822,0.40375865044853915,0.46600693937045107,0.5009197880628133,0.5294360029856248
5662,Asia,0,12029,0.466088951690883,0.49211284482716305,0.5070541327527853,0.567171185811941,0.6928657584550627
5664,Asia,0,12029,0.225804357654681,0.539482768368596,0.5237835575448735,0.6049091104558212,0.7294832335751097
5665,Asia,4,12030,0.191781218450719,0.3269772601663469,0.36487572556163267,0.5486810628619275,0.6222510503848278
5667,Asia,0,12029,-0.023620525060906,0.4022783721652365,0.3767704352906154,0.48739884628893554,0.5784391001891357
5668,Asia,0,12029,0.818049559213175,0.5197237350404076,0.5194940928458996,0.5161159624416158,0.5616622858182679
5669,Asia,0,12029,0.841767982036002,0.6337075657281274,0.5660477586320948,0.5890854138393903,0.5759940302674936
5670,Asia,0,12029,0.210401891021384,0.5677821908213413,0.5868273025848394,0.5306812124701978,0.5063814967229046
5671,Asia,0,12029,0.999162297300469,0.6152166359301844,0.5483552679362017,0.5713658822387789,0.5660329011809259
5672,Asia,0,12029,0.348259296369346,0.571728133213057,0.5490506969083281,0.5681133835767094,0.5721458238834091
5673,Asia,0,12029,0.604805341166531,0.5668062048186515,0.5367897378122022,0.5584184619946416,0.5215222220079806
5678,Asia,0,12029,1.067843160471683,0.6805200031753693,0.6653734739613393,0.5412852996259915,0.7391912067633174
5680,Asia,0,12029,1.158075613408048,0.8781565736990415,0.8613910602036706,0.6598747149155304,0.7253700626863474
5681,Asia,0,12029,0.900456545776252,0.7078083295615768,0.6975903757785143,0.5594801697095585,0.8207917934588328
5682,Asia,0,12029,0.804209648019771,0.6768827842911751,0.6558200791756486,0.559405733594137,0.5486575829972119
5683,Asia,0,12029,0.657161344991847,0.7416699150632968,0.7155929936339881,0.6105195964599528,0.605037174479306
5686,Asia,0,12029,0.743524879886477,0.5940757726765676,0.6175794548197777,0.6083461038172383,0.7193014781544785
5687,Asia,0,12029,1.012727969899498,0.7597475601067183,0.7868841575599302,0.8048126512462908,0.8870371227888444
5688,Asia,0,12029,0.367299794370597,0.5984721567532746,0.5873486617512411,0.6130210246342092,0.6557095735732027
5689,Asia,0,12029,0.608254615363108,0.49666796364484506,0.5123342908427047,0.5021339903700387,0.6502139567590316
5690,Asia,0,12029,0.441527852457095,0.5901541323713959,0.5951978362067566,0.6377217658320282,0.7397982881241517
5691,Asia,0,12029,0.201733554006369,0.4342089888558465,0.38214403959727805,0.5335814871625416,0.6257875411058499
5692,Asia,0,12029,0.651576705600751,0.4787065117414901,0.5057151862573823,0.5638020219120731,0.6294388728013204
5696,Asia,0,12029,0.521404995170749,0.4242293484665562,0.47850743237389187,0.5262732316372842,0.5906742086951724
5697,Asia,0,12029,0.591902288702038,0.6384068908305784,0.6525405529432411,0.7361392504881986,0.8413835543095552
5698,Asia,0,12029,0.490218045313644,0.5954140874903974,0.5840622487762167,0.7630525193818126,0.9205449963277458
5699,Asia,0,12029,0.390631124083995,0.4532862374880043,0.4408346844160104,0.5489275674184727,0.7037305612984844
5700,Asia,0,12029,0.444383837939523,0.5290304796252505,0.515962830556393,0.6059053676199757,0.7533363022089531
5702,Asia,0,12029,0.562985615782483,0.5206897602036352,0.5183884169112197,0.6071544668592185,0.7037007068394107
5704,Asia,0,12029,0.2961343838132,0.45297318395721625,0.4245089889063132,0.536823419340691,0.7048094608760961
5706,Asia,0,12029,0.408696881298241,0.4071608354811059,0.4416798754544506,0.45485752500647925,0.5254564403791778
5707,Asia,0,12029,-0.052413202297758,0.33241399395459614,0.3994076432280159,0.4450003890557773,0.49279266305271574
5708,Asia,0,12029,0.76168455837176,0.39296844507822054,0.3857566932338855,0.45004697689831274,0.4690613304376591
5709,Asia,0,12029,0.98946560258415,0.413839761660341,0.3966870505358593,0.5211551249267227,0.5256458106672751
5710,Asia,0,12029,0.982942466143534,0.7781645663349605,0.7913911368255273,0.7722330465857594,0.9083988197781522
5711,Asia,0,12029,1.007491254696722,0.7083729117250019,0.6542152292355625,0.7125406311233418,0.8699930300165725
5712,Asia,0,12029,0.501943516974263,0.4278481738728993,0.41840952943303933,0.5029421135592865,0.6957225221631765
5715,Asia,0,12029,0.572698547424748,0.4258507940336529,0.4249188020488084,0.5415702524501007,0.6163513915755173
5716,Asia,0,12029,-0.155733570311308,0.4718371596632958,0.4689656923777893,0.5750963213626539,0.6582165980860596
5717,Asia,0,12029,0.8087123818882,0.4036005763401051,0.43173914415105724,0.5097487645850489,0.5407484383301756
5718,Asia,0,12029,0.509143090168126,0.4102447033508327,0.4292746161980789,0.5411900651439259,0.6236240768058906
5719,Asia,0,12029,0.751467490538316,0.5097268065099977,0.43225537608823145,0.5447030753503647,0.6087642618647601
5720,Asia,0,12029,0.417192286975528,0.5275241997709309,0.4622919943515342,0.5695147472161397,0.6498432715528103
5721,Asia,0,12029,0.75865260020689,0.4351026256066052,0.47842936948457265,0.5387018225541813,0.6259462380782387
5722,Asia,0,12029,0.919528065632141,0.8558299092056051,0.8851924269975879,0.7383883518884089,0.8355097732252578
5726,Asia,0,12029,0.665917379074478,0.489421137299469,0.5270159679417434,0.480171407297841,0.47088219087839134
5728,Asia,0,12029,1.102485513623204,0.6507192109390835,0.6253467614678475,0.565413902076953,0.5140241534714599
5729,Asia,0,12029,0.63905424400706,0.4773946848105756,0.4980057929707027,0.43490884070692637,0.43699684879120826
5732,Asia,0,12029,0.779664154753673,0.5673409519434267,0.5910691577283587,0.6143292769165216,0.7076719465900534
5733,Asia,0,12029,0.889558702243183,0.7162391498097834,0.7565962236248239,0.6181069736370512,0.6245863416308223
5734,Asia,0,12029,0.600526269702734,0.8385906338543643,0.7548392275147335,0.6607684938539352,0.617181271436933
5739,Asia,0,12029,0.788367530647825,0.584491027596376,0.6037142680004706,0.5415777684265569,0.5056472932122124
5741,Asia,0,12029,1.012075601754395,0.7299755511537847,0.7280623708250362,0.5217644163276748,0.5286974738916255
5742,Asia,0,12029,0.320010288094536,0.8339439870701372,0.9334949666857145,0.6980136578879556,0.7700415746393027
5745,Asia,0,12029,0.998719791929608,0.5125256288210153,0.5113478826799449,0.4924412953649159,0.45900846838852327
5747,Asia,0,12029,0.707358180548577,0.6038004921216337,0.6012722075879944,0.5617462176332362,0.6210074900902988
5748,Asia,0,12029,0.559214200893859,0.5434150560786218,0.5456462801830201,0.5184267949972001,0.5256866760161022
5749,Asia,0,12029,0.726649818986351,0.4454561456319258,0.4803033163008809,0.504058550295064,0.6166148648003841
5751,Asia,0,12029,0.958092616722094,0.7819684094763847,0.7911578906332205,0.6058578600196901,0.5781467187290904
5753,Asia,0,12029,0.668594953685899,0.7307496571156215,0.717417908559666,0.5215439999564996,0.4837350638051149
5754,Asia,0,12029,0.824869310443742,0.8319755477968287,0.8359372898206362,0.6842399076786579,0.7163019040849753
5756,Asia,0,12029,1.046004147590166,0.8357180683835285,0.8291184099382398,0.6111356041628268,0.6858867799226248
5757,Asia,0,12029,0.551719510804189,0.826032979017606,0.8177066601980877,0.6139576356749894,0.6094951844816704
5767,Asia,0,12029,0.270408794534473,0.6618285523200017,0.7362149809474069,0.5150636790354126,0.48676133257582077
5768,Asia,0,12029,1.255029769023549,1.0207684172586715,1.0593313562359854,0.6968857481018897,0.7553100345606987
5769,Asia,0,12029,1.161567856405342,0.8452090135493893,0.900649503908662,0.6266690249157084,0.6493723023834005
5771,Asia,0,12029,0.688924655002285,0.6772998824522725,0.6601698249922439,0.6028891474755882,0.9727234084089303
5774,Asia,0,12029,0.656008372912106,0.756925164674695,0.7177728666454744,0.5572768931592496,0.476633577804833
5775,Asia,0,12029,0.783444036830932,0.7113990862100984,0.6763982822854336,0.515394370428881,0.6713935284242863
5776,Asia,0,12029,0.646589308073487,0.8806002645439025,0.878681743591614,0.6474523614428536,0.7270878241728244
5777,Asia,0,12029,1.270843628061354,0.8159128388836769,0.8103319672718833,0.5791071106208971,0.5030541532161236
5778,Asia,0,12029,0.989487067616217,0.8863151256280485,0.85098008351156,0.6595784506577224,0.7141061501796413
5779,Asia,0,12029,1.39498610701364,0.8446546683786916,0.8269832284403725,0.5772846111970245,0.5441650758123724
5780,Asia,0,12029,0.618183304242287,0.7306184717657147,0.6847369096739505,0.5448245705743142,0.716400046875617
5782,Asia,0,12029,0.554055714274632,0.8776948171352449,0.8696210412620692,0.7090388214781798,0.7475201836326691
5783,Asia,0,12029,0.632627576900392,0.6924812351373233,0.677987982464013,0.5872893779325543,0.6628243054944801
5784,Asia,0,12029,0.69971394065627,0.6696377285732836,0.6452365844057759,0.5271359842489266,0.7261136123057047
5785,Asia,0,12029,0.654566877967517,0.6654938459530303,0.6768610890679432,0.5343728527918828,0.594933002863571
5786,Asia,0,12029,0.709925728478128,0.6853208833570725,0.6804246625216426,0.5858405265927712,0.7121761634170479
5787,Asia,0,12029,0.527543807428697,0.5606735195689703,0.5488831620049732,0.48146623399608024,0.6606269612199199
5789,Asia,0,12029,0.42360744394598,0.6381763169153614,0.6468471911901502,0.5423742284024217,0.6986737033619238
5791,Asia,0,12029,0.403884849447153,0.5940201079556748,0.5681753583459062,0.4962939885506756,0.5022679848371064
5796,Asia,0,12029,0.435974859249661,0.5630190067028032,0.5359161673551971,0.5072899489020983,0.6449060094823157
5797,Asia,0,12029,0.565135820635756,0.6698522240703896,0.6712219250858162,0.5953877433308193,0.6525569310561973
5799,Asia,0,12029,0.406209289710369,0.6699204148886224,0.6900234539624001,0.531301434933197,0.6423995095554279
5801,Asia,0,12029,0.608268496593448,0.702729103821245,0.7055589870776423,0.586954445934982,0.6901649981859995
5803,Asia,0,12029,0.849952061710597,0.7980049793343585,0.8095044855038286,0.6228157219117083,0.6018168390430139
5804,Asia,0,12029,0.96128891599934,0.6767076941299583,0.7197149459863169,0.5189431883001934,0.5681223525362251
5806,Asia,0,12029,1.257647124628161,0.8260614573969468,0.7972629420658992,0.6675155997348544,0.6899439455085993
5810,Asia,0,12029,1.129307805204957,0.8268090998878664,0.8124892048048569,0.6324665269996763,0.6131619270839453
5812,Asia,0,12029,0.599836217788439,0.6594134228635505,0.6538962851601696,0.5165115391408126,0.6840094933644708
5817,Asia,0,12029,0.930142587867293,0.8517952089230795,0.748466021317552,0.7039868587582072,0.7409765927720403
5821,Asia,4,13029,0.840900688891368,0.6932681945182563,0.7191003570437748,0.6336001533250522,0.633091144996421
5823,Asia,0,12029,0.812675692819031,0.687006938841579,0.6863693267862667,0.6004561494653959,0.6375292752545045
5825,Asia,4,13029,0.713083145609834,1.0606248162523721,1.124579095049294,0.7506944220138939,0.682028537440676
5848,Asia,2,12028,1.251808168110833,1.1183740948563758,0.944292718042013,0.8813658147268237,0.8798242315271865
5851,Asia,2,12028,0.428459064643299,0.8735422291697761,0.7968083684309409,0.8126556173699823,0.8947039665782714
5862,Asia,2,12028,1.33773790408423,1.0784309950867879,0.9109892562249262,0.9192846875705128,0.9602686101300861
5872,Asia,2,12028,1.27395160773725,0.6485616547409888,0.6591419866305882,0.8015390631621329,0.845227943162964
5878,Asia,2,12028,0.51053199187541,0.7461767409597071,0.749888223006122,0.7398884426241955,0.8870342118111242
5880,Asia,2,12028,0.493497997888038,0.599766076351689,0.5778642951285108,0.656913798561982,0.6899705158857111
5892,Asia,2,12028,-0.008987371030616,0.9157843365153927,0.812181054676157,0.8001629070032152,0.8139869150628658
5896,Asia,0,12029,0.045321331641028,0.5291203964928628,0.5767176682441211,0.5415250533562209,0.5353751637508098
5917,Asia,0,12029,0.320336260647317,0.7616770745150983,0.8264633875933134,0.5899511037115671,0.6211420120600837
5919,Asia,2,12028,0.896141398899554,0.7237128834729954,0.7517781996115894,0.6551727883475901,0.6348071338717722
5920,Asia,2,12028,1.422948173397015,0.7540841705971272,0.831027660107805,0.6171443015513619,0.6204201937259374
5921,Asia,2,12028,0.06777216621098,0.4955049886156068,0.5382196108253368,0.5201441307669846,0.4987308499905706
5926,Asia,0,12029,0.305651254589089,0.5297233886484322,0.5635638067372063,0.5234088330179347,0.4991243973369738
5927,Asia,0,12029,0.599519451888326,0.5084724749929111,0.5383590246082135,0.5255532521022148,0.48501590300646574
5929,Asia,0,12029,0.987889441371663,0.5687959806789005,0.5748381348536662,0.5746150948092033,0.6189407972080171
5930,Asia,0,12029,0.532885627611489,0.4582202893093448,0.4502134854899102,0.4408297232924089,0.44326823911988955
5932,Asia,0,12029,0.811830747654284,0.4754760711724067,0.5090169284424415,0.46572710231498704,0.48245555134625107
5933,Asia,0,12029,0.405262858949751,0.446957078466497,0.4602283000795233,0.4677993120655962,0.4751415695295811
5936,Asia,0,12029,0.432962826694437,0.45331395256923895,0.44745821703083977,0.5182524459225795,0.6433693068759968
5937,Asia,1,11029,0.199642490572222,0.4612263831494198,0.4619680596566727,0.4397962871008762,0.4318240392744014
5939,Asia,0,12029,0.441080065458672,0.3584415777887634,0.35067423343267756,0.39553278091850697,0.43507665238195126
5940,Asia,0,12029,0.631440638068483,0.3343582758403501,0.3536571193733714,0.39031559492687656,0.44583984846129654
5942,Asia,2,12028,0.68609080901913,0.6874167897324713,0.7587791989923942,0.6946139646428556,0.6896201266011779
5943,Asia,2,12028,0.656788686012305,0.5552671809553723,0.5985052174167778,0.5791961776931387,0.5421453983177855
5944,Asia,2,12028,0.102452290113041,0.4392247371691215,0.4173007875039938,0.5398448662432431,0.4718081606210256
5946,Asia,2,12028,0.526691858789939,0.6065394873705897,0.6195811490115612,0.6822402373049359,0.6254497756703132
5947,Asia,2,12028,0.516023632518469,0.6264741534788086,0.6469788287630382,0.6358969605344817,0.6513913439427408
5948,Asia,2,11028,0.689987969507566,0.6328058737922009,0.6951773355840166,0.7259321100490451,0.6950075354900539
5954,Asia,1,11029,0.247899355650705,0.5219822469341566,0.486148597906456,0.511046641300073,0.4732145642333998
5956,Asia,1,11029,0.422669864533347,0.41960762745587543,0.42669229860861535,0.46301653219897,0.4904585890838614
5957,Asia,1,11029,0.471743507897858,0.5913899528082868,0.6062042895342694,0.6354160100013979,0.658994190177036
5958,Asia,1,11029,0.659160435773105,0.47350186366113733,0.4740705736623278,0.48483364608908813,0.45654046820576777
5963,Asia,1,11029,0.294510766469591,0.41873179956320966,0.45244268632026907,0.4261649325334187,0.38821542226679245
5964,Asia,1,11029,0.384812984981663,0.6086617700145521,0.5821147271976047,0.5612734316863154,0.5990797001432792
5966,Asia,1,11029,0.61287768603952,0.5931161483812837,0.5687704977270899,0.5437463963498684,0.517011843967651
5968,Asia,1,11029,0.457115164081711,0.5128779452562695,0.5906662384123721,0.5567543163558488,0.5091560044594171
5969,Asia,1,11029,1.148234328254689,0.46017772887616704,0.4628376759759625,0.5346520120716294,0.5198908723111735
5970,Asia,1,11029,0.486602359463054,0.5359098417113036,0.5363504072409636,0.5153285757256015,0.4072448551568926
5971,Asia,1,11029,0.735863094697932,0.4415865319092669,0.4979849530462939,0.5501868982225339,0.582023851855218
5972,Asia,1,11029,0.7390806284876,0.4301165890045375,0.40226939520508237,0.569239387972026,0.4780702357694362
5973,Asia,1,11029,0.579761401528763,0.3633016083766071,0.3964327146100444,0.4755160529161148,0.510037130051946
5974,Asia,1,11029,0.435917885898312,0.3853328682638357,0.3794342928450745,0.5143720809717912,0.5642692753108932
5975,Asia,1,11029,0.539345466685008,0.3275669513204743,0.3648136437839615,0.4680928612755657,0.4583556903188296
5978,Asia,1,11029,0.358218889207289,0.4878218812064884,0.5226472393163472,0.5594622161345931,0.49531213661053164
5980,Asia,2,11028,0.660149575995335,0.43286096182616174,0.40253668417468774,0.42389898760294303,0.400021726312784
5981,Asia,2,11028,0.194606179829239,0.4695399740513005,0.4863148687955883,0.43270989898377354,0.3857189683597609
5983,Asia,2,11028,0.44810537946505,0.4684880606784915,0.44187385497412973,0.442805317695668,0.3154902579294592
5985,Asia,2,11028,0.85216242965013,0.5371611611024272,0.618615704965368,0.5685385020596412,0.5159991021452692
5987,Asia,2,11028,1.085544191793507,0.5983792261626847,0.6174696278639642,0.7581243235002246,0.7479398240886572
5989,Asia,2,11028,0.737151196298454,0.5664493826997444,0.5426570050710925,0.7579315961170494,0.6822150323527202
5991,Asia,2,11028,0.957655412702469,0.6999690198028751,0.6550474757562904,0.8026773845831258,0.797722171757643
5995,Asia,2,11028,0.590144951334442,0.4969077186930229,0.534823933376865,0.6072253471409591,0.5189594752950957
5996,Asia,2,11028,0.110087405170282,0.5356118102184464,0.6531000380862151,0.7067516522687505,0.6556295699672903
6000,Asia,2,11028,0.882392153734855,0.4611708297994109,0.4890768691463822,0.5857578564836403,0.5400975614701283
6006,Asia,2,11028,0.860866413331819,0.46427222592310696,0.4549063067591268,0.5658842803078693,0.5628255558731458
6008,Asia,2,11028,0.289171070964935,0.4604400023582634,0.45717425723684807,0.5455356518300583,0.5661893923359337
6009,Asia,2,11028,0.881166975159515,0.6423042520107732,0.6905600829359743,0.7764368018713592,0.783773129168582
6014,Asia,2,11028,1.019851315767979,0.6569649115539564,0.6558434371810018,0.5973692870064646,0.5568308051705999
6016,Asia,2,11028,0.52557994778369,0.7670375455191002,0.7921086104612846,0.655229670072915,0.6484542798962036
6017,Asia,2,12028,-0.089566448215756,0.7536555977101785,0.7488206008016735,0.6848410850400974,0.6760168961790605
6018,Asia,2,11028,0.742024032916997,0.7069013025574614,0.7088268589793172,0.6291999483851152,0.6434436215441207
6021,Asia,2,12028,0.767381727018198,0.5691633746436883,0.5188697486001183,0.6149630498945676,0.6352358124478095
6022,Asia,2,12028,1.102647656269353,0.814563808812989,0.8644595404326995,0.7359919089098002,0.7429373351975836
6024,Asia,2,12028,0.079466151529124,0.5100366227879684,0.46971801650307177,0.5663852004766481,0.5662010758121587
6026,Asia,2,12028,0.157156235023986,0.41325731622776035,0.45640113764532264,0.5497442594504284,0.5126978746940163
6033,Asia,2,11028,0.335966017889522,0.5371220010967462,0.49240916562361203,0.7215885992760407,0.6872578904148807
6034,Asia,2,11028,0.552928803422651,0.42895502311622646,0.44806043103274074,0.5491388201388214,0.5751150134635339
6036,Asia,0,11027,0.428247214370498,0.3941557485035816,0.39673346046108066,0.3236329506924712,0.38426720247474344
6037,Asia,0,11027,0.847332808110405,0.6383121473909192,0.578623244134139,0.6838397077969807,0.7670317511472927
6042,Asia,0,11027,0.590624715907629,0.5655774009964868,0.5075336329894157,0.6548453861830962,0.603445759206176
6043,Asia,0,11027,0.949454609933086,0.6004113510654953,0.5344022177961979,0.6744334388025724,0.5265492159037022
6046,Asia,0,11027,0.562781291653389,0.5518279994589264,0.4411664826232336,0.6972548927407767,0.6639263906880154
6048,Asia,0,12027,1.768419625979837,0.7843151081308045,0.816482917277162,0.7339959726714558,0.877477844182532
6059,Asia,2,13026,0.568423726674739,0.42116462164808655,0.3922720933849503,0.5408105214116222,0.2559716982433413
6120,Asia,3,13025,0.296291400714856,0.32579574141344203,0.2791954471356102,0.5887394353768014,0.6164532002533863
6151,Asia,1,12025,0.234285555510891,0.8893376908544678,0.8389186714558253,0.8196484147052094,0.7527603727015033
6155,Asia,1,12025,0.288478049235485,0.9263317377555838,0.7957724741254205,0.6918152660645341,0.7028939136505604
6157,Asia,1,12025,-0.038386034443862,0.790888183758093,0.7821091453038375,0.7837582308843488,0.809394245700712
6161,Asia,1,12025,1.125036841543006,0.9016723454325556,0.8451756762183742,0.893349398416794,0.9601440243641399
6171,Asia,2,11025,0.772840435442397,0.6023768719429571,0.6027334684670013,0.5901473068074788,0.5966578813531609
6175,Asia,2,11025,1.364675729434961,0.961696462501421,0.9554502067152155,0.709252794975876,0.7447067814972541
6182,Asia,2,11025,0.614362039878846,0.6431301829843603,0.6763963369436775,0.5978072983899065,0.6046139081586328
6183,Asia,2,11025,0.698639899219064,0.8251962651944812,0.8104447084935026,0.6488460231727853,0.7392081635608448
6188,Asia,1,12025,0.730340789757194,0.653278294337934,0.5838890182818223,0.6014401407855682,0.5941877772055422
6189,Asia,1,12025,0.612353103683065,0.6626414115346312,0.6579933676853206,0.5875350658553057,0.693515295553043
6194,Asia,2,11025,1.197071977119853,0.9219590723886494,0.9630823664627164,0.7461037806533999,0.8805253035594822
6196,Asia,2,11025,0.804145518631622,0.8284175494417835,0.8150746147166732,0.6623396901983539,0.7381812238247204
6197,Asia,2,11025,0.928408994060554,0.6472132053104374,0.7088826463194495,0.6219534109262456,0.7241183284348158
6198,Asia,2,11025,0.939508110690233,0.6378708256783158,0.6801176286186624,0.5951705168081745,0.6117644527860233
6211,Asia,2,11025,0.938775216413406,0.8226760890811875,0.836184826135336,0.7208722662340192,0.747935777065242
6213,Asia,1,12025,0.708983507137693,0.8476834899418857,0.7222825078274415,0.6404147117884214,0.741746701941134
6220,Asia,1,12025,0.843138198991287,0.735383486614845,0.7251548639001603,0.7133359861106023,0.7080680011967944
6226,Asia,1,12025,0.882507585872522,0.9415764038718369,0.9494922289488738,0.7188663770217574,0.6855004166897092
6227,Asia,1,12025,1.150959931169953,1.2326370955020962,1.260662116104117,0.7952323940451772,0.8270157352578578
6228,Asia,1,12025,0.655654983475446,0.894149547984121,0.8500642349598541,0.6933472393373779,0.6544637973992287
6229,Asia,1,12025,0.83187435219166,0.7965158630478547,0.7329105102810022,0.6276867364929931,0.6299791831790547
6234,Asia,1,12025,0.588430524633201,0.7662179277538147,0.7799764868521355,0.663063037835809,0.6797925693910551
6240,Asia,1,12025,1.160339964491413,0.9229525488349622,0.9200051513631208,0.6921362860063761,0.678714347685323
6243,Asia,1,12025,1.574027582930371,1.2211165346635868,1.2819535966122197,0.7723411759560999,0.7937180519685637
6311,Asia,1,12025,1.056832838267285,0.902000098435752,0.859952797138305,0.7638657172723508,0.8312293280641738
6319,Asia,1,12025,1.071060421425355,0.9589513926198718,0.9191723126807925,0.7982001594599093,0.8854110358309325
6325,Asia,2,11025,1.45000745010589,1.1049380925233268,1.1365549953097431,0.9317584659902496,0.9846908825643721
6331,Asia,2,11025,0.600133829326402,0.8372739413602212,0.7863739152117889,0.7205056119428178,0.7768097814029656
6375,Asia,2,11025,1.395039644487395,0.6333817295082768,0.6699083494645311,0.5982025733354889,0.6951793589910842
6389,Asia,2,11025,0.642788409818825,0.6795113455695173,0.6770922207756785,0.6181618259888012,0.6461870267135402
6391,Asia,2,11025,1.279214754183102,0.8161144626096462,0.7738894592240663,0.6366028093850916,0.6784241870992651
6395,Asia,2,11025,0.301419694922891,0.5518539817481706,0.501989747797509,0.5416341993324367,0.5660984368905506
6400,Asia,2,11025,0.488075562821813,0.6688180685791463,0.640197994783222,0.6020531246859733,0.6241402375305118
6401,Asia,2,11025,1.4528418642814,0.908350159561124,0.8811900663228588,0.7246073093649041,0.7719962759237549
6402,Asia,2,11025,0.611560485060076,0.7939589829725008,0.760591459425284,0.67670571728247,0.7815975890340437
6412,Asia,2,11025,0.990479316039092,0.5202635894581172,0.48341859934652154,0.5408560184965219,0.6074468802919356
6413,Asia,2,11025,0.786576022266009,0.6600096360908331,0.6342088899863769,0.639814027610846,0.7187552704093761
6418,Asia,2,11025,1.802028305854987,1.1555901123952443,1.1212581836224569,0.7513119994211721,0.8850367891104082
6421,Asia,2,11025,0.986187687204004,0.7655736251926163,0.7483451573405602,0.6587381987092591,0.7456444501835136
6422,Asia,2,11025,1.137863243499829,0.5864127441372621,0.5950793549229113,0.5948435744270083,0.643203241920639
6426,Asia,2,11025,1.280443368963508,0.9568814363301222,0.9583423131669583,0.670148988926544,0.7531680418092677
6427,Asia,2,11025,0.841344997921713,0.8919614623259189,0.8259308833366803,0.6690383132299036,0.7818733197407182
6432,Asia,2,11025,0.900663534317467,1.0853670527089858,1.036909026902479,0.7026830922259161,0.7530776346751042
6433,Asia,2,11025,0.43687943239105,0.9187331260271521,0.9206941748256328,0.6747746250259667,0.7216803847221517
6436,Asia,2,11025,0.878036490422008,0.6433128094462621,0.5608277011902992,0.621625794720043,0.6340963213834774
6441,Asia,4,11026,1.136110385012632,0.6865548907143648,0.6772773378892323,0.6331377828621537,0.5140676170254092
6446,Asia,4,11026,0.347113795713112,0.6200765981228229,0.5780819370481327,0.5950552954130186,0.5075288090250583
6448,Asia,4,11026,0.817579619756439,0.505458437071124,0.4558365642980017,0.6023751697162423,0.5219826423960752
6449,Asia,4,11026,0.795748183165815,0.613992802432355,0.5800413039572963,0.626501339416311,0.5838324497421562
6450,Asia,4,11026,0.518485544503984,0.677723812492481,0.5629949558230091,0.6544001397152869,0.5511217547893239
6454,Asia,4,11026,0.87753852341949,0.9016080872289739,0.9085785053655658,0.7730057778396702,0.6271662601013979
6455,Asia,4,11026,1.116318498488726,0.8122081687944477,0.8293356893183613,0.7252027415639448,0.6454660970147148
6456,Asia,4,11026,0.545041973629593,0.6858158537885868,0.6773804495839653,0.7286107019687174,0.5660156805871817
6459,Asia,4,11026,0.987717137956892,0.6873406721875371,0.6753409994814917,0.7150765739097461,0.6600918471592486
6460,Asia,4,11026,0.637217553449281,0.4828131221377231,0.42584086484096667,0.5220931606667386,0.4578351030440657
6462,Asia,4,11026,1.032148039076723,0.7268090635431118,0.7086535411988427,0.71719065728172,0.7960700801777127
6464,Asia,4,11026,0.484100563501218,0.7397635220055963,0.6700946019476134,0.7131088798666161,0.7510923586311808
6466,Asia,4,11026,0.990114478315787,0.75358104114877,0.679731984281048,0.7358038973401932,0.7077653261212393
6467,Asia,4,11026,0.916196637895179,0.7167071060398431,0.7227794172703953,0.6882088179582002,0.5746191943264254
6468,Asia,4,11026,0.576429360936535,0.5393962719110594,0.5278533416939687,0.5097129755976039,0.4633290697570045
6469,Asia,4,11026,0.8216607758054,0.8520366345577536,0.8925397705673492,0.6930262065934124,0.6924474715789906
6471,Asia,4,11026,0.982588164910452,0.8548590912392958,0.8867502164678541,0.7117685669800766,0.7187138945190443
6475,Asia,4,11026,1.31063103031078,0.8385351335902783,0.8729484704152106,0.7117456320064521,0.7036291601201542
6476,Asia,4,11026,1.099823086462492,0.9337041327255019,0.9573371123261109,0.7180332522037534,0.7442573761689182
6477,Asia,4,11026,1.079376686309074,0.7235240452023682,0.7214438112882562,0.701275529320514,0.681322400497829
6478,Asia,2,11025,0.92261455905657,0.733058751338328,0.7733386921237563,0.6158669658019941,0.6959154620255137
6479,Asia,2,11025,0.798612895836542,0.7211311931010332,0.614381859787963,0.5418192499170482,0.7209612699055112
6480,Asia,2,11025,0.472475076716952,0.7035383002943384,0.6453711621206599,0.6041331947495191,0.6255460038983784
6484,Asia,4,11026,0.334359769311158,0.5450963821847785,0.5340469452389848,0.6011274659523655,0.5683529777138533
6485,Asia,4,11026,0.278078445227595,0.5555731487605519,0.5529815702656542,0.6575163678338086,0.600181956599609
6487,Asia,4,11026,0.707953613024244,0.5727466523489919,0.5805943474733251,0.6418110517853741,0.5757122285726703
6490,Asia,4,11026,0.701670531386492,0.7451948256154259,0.7861491045803526,0.7746125471726459,0.6172801237668593
6492,Asia,4,11026,0.422473167717764,0.572220067668375,0.5892196002078045,0.6539847101799983,0.6289018584961558
6495,Asia,4,11026,1.270736921950426,0.8357151075039834,0.8740017086965518,0.7718943488835805,0.705474641183383
6502,Asia,4,11026,0.763501751845869,0.6193033880195051,0.5959019793401857,0.7835262564146999,0.7309489582090912
6503,Asia,4,11026,0.477898053939333,0.5955031089278748,0.5526870528024018,0.658737167409308,0.6131437775358851
6504,Asia,4,11026,0.632766456544451,0.5772282436095098,0.5664881684345476,0.6695583812401494,0.4988969815066111
6505,Asia,4,11026,0.560756589786937,0.5800155621656696,0.544524195558684,0.6319481305730055,0.5878668822713453
6507,Asia,4,11026,0.630509261404233,0.5979541629313959,0.5904221942544436,0.6665126520034147,0.6858109089184783
6516,Asia,4,11026,0.510016018947619,0.5635985998319781,0.5209807107406176,0.6368639782690562,0.5872053120467455
6517,Asia,1,10026,0.677125980029517,0.45831968927919364,0.40939288046904276,0.5822432941995342,0.6149654437937879
6520,Asia,2,11025,0.636576666656934,0.4466822627528133,0.4434467876282391,0.5342864338326,0.6322982697630952
6522,Asia,2,10025,0.493816121286201,0.27732803421407354,0.31571738384710774,0.3910450275337971,0.41364578460137835
6525,Asia,1,10026,0.955146783613648,0.7465529229879381,0.7310357610361942,0.617445572171437,0.6932749406226876
6527,Asia,1,10026,0.668038883280531,0.649089712508565,0.718131987405145,0.6230059884707718,0.609005139293967
6529,Asia,1,10026,0.757512372150234,0.5634765973852757,0.5850411252587491,0.6306139667754544,0.6710648680071347
6530,Asia,1,10026,0.372578926831211,0.6214529628713591,0.6620613789376343,0.5983426150289181,0.6359285427697786
6531,Asia,1,10026,0.508712780260204,0.6210472397177019,0.6395680078431858,0.6448623827516329,0.703737271638566
6533,Asia,1,10026,0.411358456309206,0.4401354482110041,0.42439264515992486,0.5811362892884054,0.6186392128787713
6534,Asia,1,10026,0.738200514699302,0.44901289281279516,0.40394710043085036,0.5498572321068431,0.6394813559933411
6538,Asia,2,10025,0.899732025901146,0.7335804502851612,0.7253412498629084,0.6634406898434846,0.6761913965764359
6551,Asia,2,10025,0.229117293115531,0.33670411240440035,0.3663707731607226,0.4767663496382025,0.5061025276541259
6553,Asia,2,10025,0.765822436589505,0.7327877115622257,0.7421313145050856,0.6753886515303289,0.7544760252327406
6556,Asia,2,10025,0.481994502643773,0.5126008082520972,0.4978458597234853,0.6128230998858116,0.6903016764946396
6557,Asia,2,10025,0.894168633373029,0.48173265118563885,0.5160327224909366,0.5883368301407177,0.6734885697020744
6559,Asia,2,10025,0.965703832699382,0.5994934375205959,0.5738812650188702,0.5767511032650612,0.7541192364432785
6560,Asia,2,10025,0.621269063382682,0.5434161770931208,0.5124867609462352,0.6060779963369416,0.7560795852573262
6561,Asia,2,10025,0.44521011314546,0.946762331573039,0.8802410813421989,0.7042473862394267,0.9412658840918604
6568,Asia,2,10025,0.508461323727491,0.4555196736311585,0.48598963140733753,0.5950641978085647,0.5894967757952895
6571,Asia,2,10025,0.299255323729054,0.5152088454944463,0.5364685406090143,0.5573039219040313,0.6480263581561905
6581,Asia,2,10025,1.153292409607489,0.8515031845536517,0.9070329537535388,0.6953413458863505,0.7653110153414611
6582,Asia,2,10025,0.929240715847103,0.5443610699387268,0.5666326744444615,0.6323025615372896,0.6821842325864091
6584,Asia,2,10025,1.223767644395673,0.5263889069676744,0.5519913310659266,0.5519384475954523,0.5798367260183885
6585,Asia,2,10025,0.798147265790391,0.6370249261696317,0.622693175639777,0.5828012531095831,0.6076423573671763
6590,Asia,2,10025,0.297494177811108,0.5009431872485792,0.4515278296417792,0.4416860830659183,0.44340962039882126
6592,Asia,2,10025,0.322740072021741,0.5537707360803278,0.49799250008997453,0.4850249157932971,0.46347270558766107
6604,Asia,2,10025,0.240600713095813,0.6325744412864435,0.6329991160931684,0.6441887091541596,0.6529200908512078
6610,Asia,2,10025,0.732612425213284,0.6659535007502992,0.6464830944953409,0.6190968870973891,0.6787819660194345
6612,Asia,2,10025,1.058719661603055,0.7976845193180905,0.7266930512026641,0.6092511979500567,0.6794133430526801
6615,Asia,2,10025,0.617798397272289,0.8238306063095104,0.8821104057226117,0.6533920015560847,0.6687431288718713
6616,Asia,2,10025,0.35042269630217,0.7201924303013302,0.7051325541956155,0.6482066160895454,0.6551487287138373
6617,Asia,2,10025,1.997469601353044,0.8689960486822611,0.914181023158774,0.6988044876849592,0.7443476540694728
6618,Asia,2,10025,0.597544131826989,0.5827699122609289,0.5777715463152493,0.620621345722417,0.7080264804807042
6625,Asia,2,11025,0.655839481157782,0.7905400748056468,0.7016839386634252,0.6211513193115787,0.7385310222281372
6627,Asia,2,11025,0.992295814698785,0.7159285630794364,0.6281432649252416,0.5565669448163331,0.5753644262986919
6628,Asia,2,11025,0.516497793184688,0.7175056390778752,0.6363396315951053,0.6290815326808653,0.7056864912103291
6631,Asia,2,11025,0.447616641456772,0.7621343515591408,0.7235043677391687,0.6057495530920132,0.653063900127218
6648,Asia,2,11025,0.977159194420592,0.9764890467069174,0.9700610355247379,0.7287842270398321,0.7668087060016169
6656,Asia,2,11025,0.59344365568598,0.5149983674137193,0.4926541344481361,0.4829935598001406,0.470881630664991
6671,Asia,2,11022,0.913791270677441,0.7631761156905769,0.7782103258248766,0.9943857470865383,0.9196136134579338
6678,Asia,1,11023,0.783086237829882,0.8473617710065967,0.802657070306259,0.7407283931183145,0.7884686895564715
6694,Asia,3,12024,0.178316629212816,1.1922617334088306,1.3125811973090171,1.1406373652576325,1.016043524620811
6747,Asia,3,12024,0.531057115789233,0.8225284471417459,0.8211323827667046,0.6897673337866231,0.6273411411047836
6752,Asia,3,12024,1.266779409380528,0.8716358642488294,0.8827762043491115,0.7391317328868596,0.7193080231588956
6758,Asia,4,13024,0.970064929453302,0.6399090941026278,0.6259877364515971,0.6907587697046427,0.557007784545227
6769,Asia,3,12023,0.658645796166686,0.6792057050927751,0.7516223819808577,0.7605567140400532,0.8872395798924501
6781,Asia,3,12023,0.167839328084636,0.4907423319023806,0.4230193858665016,0.6377013664703715,0.7203103327580945
6798,Asia,3,12023,0.274665399091718,0.8394483014688244,0.823339973352321,0.8192580764877258,0.9302893710247623
6818,Asia,1,11023,0.053206774709146,0.6255052775956811,0.5874290571510598,0.6419289980651296,0.7963689466180053
6821,Asia,3,12023,1.210080594055527,0.7586094331607866,0.768674270980214,0.6313225762893384,0.8062649232671241
6843,Asia,2,11022,1.021866096554265,0.8984461797502862,0.8734696443859415,0.9462932240659635,0.9096689132213707
6845,Asia,4,12022,0.156571388471281,0.6104221729247769,0.6353945933056779,0.775715788802016,0.8135413137256231
6850,Asia,4,12022,0.977487911491365,0.41689707144545934,0.4417588967406383,0.539778170621861,0.6154402181267147
6852,Asia,4,12022,1.021593287037914,0.5419951256488263,0.5429121910060559,0.6399020737817458,0.6641080258505929
6871,Asia,4,12022,0.909301467510603,0.6272582794529498,0.6321434034367258,0.7013135914469389,0.7403270733588692
6904,Asia,4,12022,0.502665617635513,0.4573255418492361,0.47362632200560906,0.5271945817179728,0.6327771161614872
6910,Asia,1,13022,0.024232251578632,0.4572775523726762,0.5622890766547026,0.5097303352336875,0.5990029585475345
6919,Asia,1,13022,0.600204720403409,0.45748705913555815,0.5120686624535453,0.4282417714335336,0.6208123106057615
6920,Asia,1,13022,0.30133605492933,0.3907387470554518,0.47681855739125634,0.4109180823888124,0.5140921059177597
6962,Asia,4,13021,0.250366759989125,0.238279397293725,0.32219146951008915,0.4037064609653513,0.5325740898669771
6963,Asia,4,13021,0.640391722722543,0.2828512832334746,0.36272858846009587,0.4173203591739615,0.4509603591880596
7063,Europe,4,13021,0.483144598011392,0.6217507519426669,0.6444203136606442,0.6018671898291422,0.5185544316446404
7113,Europe,4,13021,0.698749464883868,0.6924875707618465,0.6750160231949882,0.4838766907084531,0.5611538014456582
7133,Europe,4,13021,0.797935689699771,0.5181175010764723,0.476778535153983,0.4749886775941505,0.8230931010143672
7136,Europe,1,13022,0.626480621453491,0.4070361021270247,0.39344649264254944,0.405659011885124,0.4695339513065453
7143,Europe,1,13022,1.130163950885559,0.5916532331502602,0.5575829837750774,0.46247037630721616,0.4756723723510926
7230,Europe,1,14021,0.553154937186384,0.4572993485980913,0.4717962475022644,0.5351089792204798,0.5251351925437876
7294,Europe,1,14023,0.395424393042081,0.3408315643610276,0.4148630496938103,0.46359287188440657,0.5374121190776524
7309,Europe,1,14023,-0.079346858797326,0.37144202647583785,0.42052563023246725,0.5193259819080148,0.7013212628624884
7327,Europe,4,14022,0.232926131406515,0.6523995864445256,0.6813371491399178,0.5444989260896013,0.6142171877555802
7335,Asia,1,14023,0.773225887002883,0.7839739035579661,0.7327748815788792,0.6183282713988951,0.5832997010786767
7355,Asia,4,13024,1.326132331205598,0.9079792137588035,0.8895476550184136,0.8140121971986289,0.8741869598643284
7357,Asia,1,14025,0.973843736961184,1.1283957455870866,1.275764617103097,0.8591163651786378,0.8703657005035342
7360,Asia,1,14024,0.880079097810202,0.7226903411836921,0.6914993740631719,0.5974066620616081,0.5991311741307773
7363,Asia,3,13025,0.42914726098847,0.9279564606327283,0.9799813706518461,0.6971856967842244,0.862386212148021
7380,Europe,0,14026,-1.008396900430483,0.6770623064447787,0.7056141249063316,0.5059485254116105,0.5206635679623298
7468,Europe,1,14024,0.315137708627701,0.3655022734003903,0.4597702362630434,0.49153478243229876,0.6564188532382891
7470,Asia,1,14024,0.581186019195297,0.7314845971112586,0.7195807497694794,0.5777653077633611,0.6255729051551321
7488,Europe,1,14023,0.190010420497713,0.3563946629857929,0.405353587923083,0.4994579921319591,0.4972476207306737
7493,Asia,1,14024,0.900248874299355,0.7788881454425414,0.7085152527014881,0.6234499962193659,0.6435811420882667
7668,Europe,4,14019,0.501810240263784,0.3579482752781256,0.3998027325461994,0.48078705676479133,0.4639983492166231
7679,Europe,1,15019,0.003750026381745,0.31323963725674914,0.4395033039619704,0.493257899680588,0.548084925872504
7680,Europe,2,15020,0.773916259188653,0.3465913796637376,0.3538864636033998,0.48685380826697905,0.5018486975747755
7724,Europe,1,14021,0.417747734444209,0.35329942208547127,0.4468662084297405,0.4992427275888168,0.4886411089938676
7725,Europe,1,14021,0.479852646797758,0.3464481972209748,0.3289300929074665,0.5297809412845654,0.48706370162966495
7762,Europe,1,14021,0.502965757535741,0.5086079644389166,0.4508493827866216,0.6488246436509646,0.6274404220696989
7763,Europe,1,14021,0.25085307582636,0.3796829142720138,0.411784513371405,0.44389463036762516,0.42209112233425283
7773,Europe,1,14021,0.576522682842573,0.5073682608113731,0.6207428497391896,0.6176397777108016,0.609422035886177
7774,Europe,1,14021,0.36277008287531,0.40036181091083745,0.4644383541581348,0.4661677589229133,0.4801907163306304
7784,Europe,3,14020,0.439695160721632,0.4718586155571227,0.48654298646525673,0.6122302686019208,0.6446644511916321
7795,Europe,3,14020,0.343611133907763,0.45321091357269383,0.45822019998107605,0.5703971738526745,0.5332870098327019
7800,Europe,3,14020,0.428711963702395,0.45682681928986785,0.4409407236105434,0.48760549280653287,0.49740554276710847
7805,Europe,3,14020,0.458618654189494,0.40610149600220774,0.3804258298618921,0.5701814002666379,0.5962186737756451
7813,Europe,4,14019,0.410277050408772,0.42166318969472716,0.4111353575052675,0.5398118302201054,0.5513832189909782
7814,Europe,4,14019,0.428559577006341,0.32961064285806846,0.3434014744066031,0.44653698782305734,0.46854513313886825
7815,Europe,4,14019,0.100223633890132,0.3151617216182015,0.33763890739807306,0.40902537104600956,0.3813158771325351
7825,Europe,4,14019,0.385093800146132,0.315297220323194,0.34612650898198033,0.47597863579453803,0.4779877053315613
7834,Europe,4,14019,0.667154317271711,0.4448212402066984,0.4380107351750482,0.49350741647555657,0.46084087368165816
7843,Europe,4,14019,0.304452500360192,0.38791275979179396,0.4548990893689751,0.4920282348222023,0.41849007603094535
7847,Europe,4,14019,0.21131137343593,0.30432179832582923,0.3494225246256622,0.48418217681075537,0.4748783075084837
7874,Europe,4,14019,0.347391578623654,0.30532329551700976,0.3284927193788032,0.4664043252400162,0.4427413214757907
7877,Europe,4,14019,0.527347228759416,0.31551296899192155,0.3147263906419664,0.4360051886494045,0.42576486612448694
7879,Europe,4,14019,0.197680900591085,0.3768238954397319,0.3839834557923663,0.48763025277193583,0.5003514564573361
7930,Europe,4,14019,0.61720514410508,0.393634431186766,0.3954602808361012,0.4468699792321239,0.4386333273074483
7931,Europe,4,14019,0.607436254038228,0.42503647079185297,0.4225507821903792,0.47175003851903663,0.47255708729564416
7954,Europe,3,14020,0.29396220406932,0.39144154349453675,0.3963966618740426,0.5322074503667947,0.5448528075839386
7956,Europe,3,14020,0.547810244879393,0.44296092173692786,0.44839867602080985,0.6075167706014901,0.5885418812589773
7958,Europe,3,14020,0.343108273463762,0.4666925877645043,0.4635707363863591,0.5988334137175364,0.6261754630504079
7971,Europe,3,14020,0.245220591086479,0.4675203286609851,0.50254035823163,0.5713675121840598,0.5719087550887221
7972,Europe,1,13020,0.458196935484133,0.4961630186281918,0.5078725240768481,0.5781131193049054,0.534742663007254
7984,Europe,1,13020,0.841549863538794,0.3356549874755549,0.30106269288328485,0.4659867229503389,0.423241448135557
7989,Europe,1,13020,0.33776144583676,0.47966600552544725,0.5273072815180825,0.5300530754006665,0.5326107286485239
7992,Europe,1,13020,0.531798863810523,0.31380322378193415,0.320902696840119,0.44822369187599675,0.44809859406604224
7993,Europe,1,13020,0.508187052453954,0.3386938607178224,0.27470126903552444,0.46824006692574294,0.4767302421633043
7997,Europe,3,14020,0.489930741629443,0.4288372148750907,0.44888087552445327,0.5833755317953512,0.5772666971271483
8037,Europe,1,13020,0.728445144183724,0.5034599760220013,0.49293990119604475,0.5023954199411237,0.48405706593446496
8047,Europe,1,13020,0.357691942999165,0.36454585536674966,0.3926462561286248,0.43610985694800053,0.40065703307383327
8130,Europe,3,13019,0.255825892449204,0.4477643947536231,0.4232123062362047,0.4613997687002659,0.45995283279771226
8153,Europe,3,13019,0.398620312423122,0.3521751880695423,0.372326493253594,0.4615678801892637,0.447852898580019
8165,Europe,3,13019,0.537492468213022,0.17943349314704715,0.2148723966265698,0.44024215963760654,0.4813633163528268
8228,Europe,4,13018,0.206222853150418,0.34657085415107414,0.4026962400830319,0.3943000952442256,0.3153522523084391
8277,Europe,4,13018,0.212376328522341,0.31418159013995184,0.28342776214434845,0.3809531952266143,0.2841637078797412
8285,Europe,4,13018,-0.03523005365582,0.33572314548240567,0.32113565163545305,0.40194369437658883,0.43092460830954793
8286,Europe,4,13018,0.219969178761243,0.35030053449171744,0.3988699963537914,0.4361702477051535,0.4426276276911131
8341,Europe,3,13019,0.300647345686168,0.20090394571755252,0.15838653819453097,0.3986400609197709,0.4024844351661123
8358,Europe,3,13019,0.287489501700317,0.354476523233368,0.3310910132138774,0.44211480673150694,0.4434151712924651
8424,Europe,1,14018,0.320324401101091,0.30599892503315246,0.3063893313365042,0.40631419640692307,0.348050430923341
8450,Europe,1,14018,0.185969668345161,0.2740906926402417,0.2600419645746208,0.390937536469113,0.28765035075816026
8465,Europe,1,14018,0.232073166452118,0.2699213991716587,0.29073863118482346,0.4243866353597848,0.35990435488036565
8487,Europe,1,14018,0.315398809971445,0.2788981732805876,0.26629491217613305,0.3630532652236868,0.310172615362761
8506,Europe,1,14018,0.69425737305028,0.2640047162703292,0.2977524031921225,0.4279152213050471,0.46652028510568966
8507,Europe,1,14018,0.400350293429429,0.29607436569965556,0.348253848579144,0.41855986287478864,0.46158976230466187
8518,Europe,1,14018,0.563131591095146,0.3164604852166906,0.3255454192344074,0.3965461700471023,0.41928819588624866
8527,Europe,1,14018,0.502818268442439,0.30707053950756547,0.32452745878498435,0.4824204945160174,0.44323341784934067
8528,Europe,1,14018,0.49590296972367,0.31019179853686046,0.3348161388996916,0.4642272051890519,0.4325324699862243
8533,Europe,1,14018,0.474543640342345,0.2784934975061974,0.30969326462384583,0.4099937385731166,0.4114261703986547
8534,Europe,1,14018,0.458582294398532,0.2954628260098114,0.30899441337338956,0.4383326138647908,0.42030181071628014
8544,Europe,1,14018,0.465219902013468,0.36018084737281203,0.3680762979504318,0.4801120684819813,0.4756457786296706
8558,Europe,1,14018,0.357268334743582,0.26834272790145186,0.2617423660778379,0.36835184660884834,0.29012540397207986
8561,Europe,1,14018,0.293200820785794,0.27497213685769306,0.35511705708646796,0.42066233290048105,0.3939693180902171
8563,Europe,1,14018,0.131385747588608,0.2947172894755262,0.28700412136162196,0.44709839718282623,0.39251702615981665
8566,Europe,1,14018,0.063862697887801,0.3261460773516811,0.30626868959623155,0.4755720085741653,0.4676822396212432
8620,Europe,4,13018,0.476967833930926,0.4504768803756948,0.4321793224141098,0.3847847253313885,0.3816011783062443
8651,Europe,3,14017,0.168623834763361,0.2543269766534851,0.22686354501408693,0.4460576445860265,0.4244872515568344
8657,Europe,3,14017,0.047322882467429,0.42976916504212337,0.44835849940401307,0.45866833295928866,0.40795395730504924
8658,Europe,3,14017,0.373616440175547,0.3949372286940707,0.38587640129269424,0.45622339493612807,0.45839151918623355
8659,Europe,3,14017,0.258509386567631,0.38977987552132126,0.40194838151005874,0.446612597181136,0.4200755929282478
8660,Europe,3,14017,0.424328480118411,0.21448846771788677,0.22799513313437325,0.36234891498194954,0.34995557449945935
8663,Europe,3,14017,0.169907424586502,0.22503479778698915,0.2548422434150273,0.41146921786448254,0.37877370752839057
8665,Europe,3,14017,0.362564725688872,0.3889740061220487,0.39346486199786807,0.4510872134378143,0.39107377853529224
8670,Europe,3,14017,0.079395007891945,0.4024798839561,0.4195592794549095,0.4860199702780918,0.4352079231343866
8671,Europe,3,14017,0.24638926406061,0.261139080713201,0.2561624766698168,0.42448457880668616,0.40816739295438254
8676,Europe,3,14017,0.338448935079445,0.4572265530834118,0.4767827774462946,0.514103759254065,0.4940100824813931
8682,Europe,3,14017,0.233648510518751,0.4588561165836617,0.45491450833821023,0.5559201546602116,0.47587909243137716
8683,Europe,3,14017,-0.041759166838448,0.40354399799738816,0.4165359043572679,0.46052955443838695,0.4601183612157693
8685,Europe,3,14017,0.343463986995478,0.47490739598405024,0.46839897801759317,0.5599376991063985,0.520257928377335
8686,Europe,3,14017,0.520802809623566,0.3957223649475423,0.377353760357637,0.46884155121100346,0.4309492855917847
8687,Europe,3,14017,0.341782082116869,0.44186156707983976,0.4483671070826565,0.47952961659096194,0.4175046107359881
8688,Europe,3,14017,0.409341705753924,0.4588695128144395,0.4404895549547354,0.4665237387592108,0.43914450917948644
8695,Europe,3,14017,0.394856184492524,0.31558787201543353,0.3298100122599187,0.4791701465158772,0.4119213136898825
8699,Europe,3,14017,0.291273220678085,0.4052292643742211,0.4381872246023477,0.47866295264084335,0.46148845307969777
8700,Europe,3,14017,0.40374940059475,0.4175213915257933,0.4372147576631051,0.5129080159066659,0.48418203722091124
8703,Europe,3,14017,0.314109090980234,0.3965562318006582,0.3924638614309844,0.5023019813387068,0.45160378761345843
8704,Europe,3,14017,0.454135922532211,0.4380577219930552,0.4207873497459467,0.47420165213749405,0.39497832931931587
8708,Europe,3,14017,0.364755938904123,0.368138808612845,0.3561110037200782,0.48904315752363764,0.49423436752448335
8796,North America,1,14006,0.200844378140961,0.5058207080954262,0.594566067534573,0.4947224744689141,0.41947729868689193
8803,North America,1,13005,0.330594806264983,0.28461836470916135,0.30260311081898483,0.2902631610665702,0.19666838295299394
8806,North America,1,13005,0.239113280165479,0.28688801074193504,0.4291946327486019,0.3184580502752376,0.2578438086815905
8807,North America,1,13005,0.72053855074071,0.2724569240524878,0.42898197187668385,0.3250464568263342,0.2748271092240772
8809,North America,1,13005,0.107946835015219,0.2841292102146463,0.2355567995427725,0.3924724803120245,0.300597314814364
8820,North America,0,13006,0.497524969171972,0.49280607870466736,0.5842298429930913,0.4279188522886413,0.5428226558254845
8879,Asia,4,13029,1.158517949758629,1.0979015389250497,1.1151716172885848,0.8196173999570691,0.8603709365316863
8890,Asia,1,13030,0.691947902531785,0.5841969521533281,0.602941949379726,0.6067234371393311,0.5953723116921521
8892,Asia,4,12030,0.012374325796863,0.5080293940312388,0.4822370280678791,0.5122654185959385,0.5839113432199301
8893,Asia,1,13030,0.516742505499516,0.5413472040558,0.6435474352705225,0.5727576750277051,0.6076341402886367
8899,Asia,1,13030,0.617308031470499,0.41129748220519047,0.5069007333878672,0.4962274288812235,0.47416945096134466
8900,Asia,1,13030,1.14303148963493,0.5953421956220498,0.7242427800713747,0.6160956899304756,0.6151299106701478
8907,Asia,1,13030,1.409358922678118,0.6625312005739787,0.6908810306782298,0.6111266726074636,0.6126849876593135
8908,Asia,1,13030,1.448939087360618,0.745129466051605,0.8321471844958354,0.7082842707830634,0.7094617686988731
8909,Asia,1,13030,1.350529143535421,0.6084698660528554,0.6635873213633876,0.6262982494471112,0.6445807521213128
8910,Asia,1,13030,1.091462325051096,0.5377753962383203,0.6018692260638554,0.5753158077449634,0.6088543366531015
8911,Asia,1,13030,1.854510562011525,1.0117773225891287,1.0452511566369533,0.7816071528893349,0.8036248190830143
8912,Asia,1,13030,0.611019876326433,0.5585644517499012,0.49142233182165207,0.6123876731282366,0.5113918802353694
8914,Asia,1,13030,1.761800158104456,1.0471000509876884,1.034359851269329,0.7269293241455417,0.6899240036570454
8916,Asia,1,13030,1.416459166026897,0.7747927639320898,0.7761399566834366,0.6211037421895125,0.641563492984525
8917,Asia,1,13030,1.167713258343119,0.7995842477903382,0.8199813982645285,0.6425362887168237,0.585835517536334
8918,Asia,1,13030,0.537581127598696,0.5374674581755935,0.6005028170140201,0.5483081122694092,0.553347254173674
8919,Asia,1,13030,0.812929289288419,0.7089769680702023,0.6612117669569373,0.5909992382521189,0.584913081105211
8922,Asia,1,13030,0.554297454084798,0.6378463698180639,0.6822471920704861,0.6268234911137583,0.5976616833951194
8923,Asia,1,13030,0.599816622440934,0.3948052717008001,0.3505193471846194,0.5285471689173131,0.45753932212088255
8924,Asia,1,13030,1.185333039299306,0.8046988318250282,0.8458354190854201,0.695605314246536,0.6737264271817814
8925,Asia,0,13031,0.458475871263719,0.7234136941883959,0.7083961761460039,0.4551456681674069,0.495848406112363
8928,Asia,1,13030,1.297910500161338,0.42471794737521174,0.48409925289920447,0.5214347614493537,0.45332044537157645
8935,Asia,0,13031,-0.218609111010601,0.5830826009999184,0.5197839633319218,0.5969443489368429,0.571739604843121
8943,Asia,1,13030,2.249527838765544,0.8874406399398851,0.8748104128211212,0.6681316144585207,0.642922752962095
8944,Asia,1,13030,1.00657895324402,0.520999063667341,0.5302137326332431,0.5766786992580529,0.5155950459241578
8946,Asia,1,13030,1.408616965515351,0.5436380480112103,0.586105375398308,0.5743157405768426,0.4667616782224516
8954,Asia,1,13030,1.21456770378316,0.8217688385363757,0.6916006311641503,0.6329434154304402,0.6036309237379532
8955,Asia,1,13030,1.581540537598007,0.9610410253180408,0.952970910272863,0.7324067585598304,0.7386674724761375
8956,Asia,1,13030,1.360372754240759,0.9351586556264895,0.9448333154497793,0.696141659722449,0.7228411697424594
8959,Asia,1,13030,1.098445911508281,0.5878760247700656,0.5637064616914051,0.6460910795347359,0.6163472991601289
8988,Europe,0,13032,0.451886654864282,0.49348159065042135,0.46208798248613053,0.5430574405192908,0.607638689108929
9023,Europe,0,13031,0.885825684941619,0.589384006133981,0.5186158776502933,0.5695696605785476,0.5512028093163334
9024,Asia,0,13031,0.309985903197345,0.6230073757018502,0.6694574845344193,0.5631084115672805,0.5991639793750503
9026,Asia,1,13030,-0.03047649943874,0.6264678620241807,0.6563579713248804,0.6905593091584012,0.6133399247158815
9027,Asia,4,12030,0.35396651970513,0.4041603830786795,0.3593546314376154,0.6747037029988274,0.655489688239021
9060,Oceania,0,5032,0.524625441209022,0.47780594076227234,0.5274493829062993,0.4474904903833442,0.43930421244397744
9093,Oceania,3,6034,0.039126710933884,0.3510502024385291,0.4023967319835095,0.383210822576155,0.4230017639846654
9099,Oceania,1,4035,0.688957636882698,0.22113310068977346,0.25534337413928077,0.2639862300295935,0.21833419587844693
9108,North America,4,12005,0.219626393004705,0.6289675766475785,0.6555415404255576,0.369693046033991,0.47229102266489886
9116,North America,0,12006,0.703056823543422,0.5343902931712224,0.5777773616727203,0.38023387329836544,0.47185622180396936
9118,North America,0,12006,1.334344162453415,0.5729675358263318,0.6443728046664321,0.4525219058846909,0.5056394650222467
9162,North America,0,12006,0.362268792994999,0.5082792448960416,0.5481324455053508,0.4160804142155923,0.4231029335650439
9166,North America,0,12006,0.486870927485354,0.6169870126185194,0.6619427847594117,0.48355442055320513,0.5887811652766434
9168,North America,0,12006,0.687323618621328,0.5298647926870801,0.5668439281690157,0.36842253096171684,0.4115164414932625
9178,North America,3,11007,0.539933324965146,0.4439462205516615,0.42149649510823867,0.29269431448092753,0.22114221443418558
9179,North America,0,10007,0.272503396931704,0.47129560320359754,0.43203977428672163,0.3275662317963149,0.1710819899372048
9180,North America,0,10007,0.500757273501118,0.6531947123740526,0.6990029514586881,0.44592952412463516,0.42004055061068524
9181,North America,3,11007,0.563175432088876,0.5804966264130278,0.558975900602946,0.456113873847093,0.4622249450416596
9183,North America,3,11007,1.04715020740175,0.723517239892055,0.7019058135555465,0.6141645156163114,0.5994561271666801
9185,North America,3,11007,1.237777371083948,0.6908251236165586,0.7031976013272739,0.5880582119806821,0.5368851247432056
9186,North America,0,10007,0.403732675075192,0.6656885526615558,0.6560232956881702,0.5001623106851232,0.4985457386903911
9187,North America,0,10007,0.945771856379814,0.5115768603825722,0.50618062092663,0.39058478484693393,0.32377004094063255
9189,North America,2,10008,0.318383807435171,0.4371109595414062,0.38263884356172395,0.2724372767335946,0.18268310454174452
9192,North America,2,10008,0.722822167934226,0.5764366837027246,0.5302570152979414,0.5249492079978955,0.4494451139624921
9194,North America,2,10008,1.483221571979936,0.5994458784006808,0.6321164727146299,0.6015184181932978,0.5067047746606077
9195,North America,2,10008,0.800446683142237,0.7078380032197057,0.8143051659513116,0.6358586969941028,0.5760636656215431
9196,North America,2,10008,0.510646419356542,0.49509555512016756,0.44730831805916915,0.4194610487104806,0.2818080978294396
9197,North America,2,10008,0.966687639092147,0.5925643585259202,0.5412669039873578,0.5407404995316576,0.47728061221990403
9198,North America,2,10008,0.807340600049723,0.3258489637346999,0.31749770649557424,0.34315076989109733,0.20353208744171813
9199,North America,2,10008,0.50991289044893,0.5076563962834411,0.4859875454221355,0.49858128017656883,0.42504112522407345
9200,North America,2,11008,0.763069423245284,0.6150882553754715,0.595467449173608,0.5792441445312414,0.6355754259063066
9202,North America,2,11008,0.861368270407551,0.4319564140366555,0.3969737131284992,0.2075908212615667,0.17066719685919773
9203,North America,2,10008,0.598471518930158,0.3510806285849616,0.34377617802984156,0.23721321053900207,0.09167108513920963
9205,North America,2,10008,0.266489889494709,0.41411554358295916,0.44056026887349,0.2985226934730567,0.25405365569113914
9259,North America,2,11008,0.56813342946089,0.6123957327697993,0.6183713692997718,0.42841006123341213,0.3616882331733554
9264,North America,3,11007,-0.022621386266824,0.6860621622387914,0.6841113464819367,0.4900794516750524,0.5797350093181874
9265,North America,3,11007,0.457381969761661,0.6203802469721392,0.5941612149401659,0.5424214997254442,0.6187117754140383
9266,North America,1,11006,1.249352055840107,0.7811216925029332,0.6590589328661783,0.6407951477811766,0.7566870651295297
9269,North America,3,11007,1.849279134437082,0.5040502621882346,0.4853093116194719,0.44071598481174035,0.5418933959766341
9271,North America,3,11007,1.241184224498814,0.7789508999675001,0.7526003961335119,0.5647977459026572,0.6476804658811142
9272,North America,3,11007,0.579511688250022,0.6422867577359439,0.6438965057597781,0.5425436582348796,0.5711239651034495
9280,North America,3,11007,0.989986243526409,0.694321323639275,0.7058772824278603,0.5299844983807855,0.5413001112687426
9282,North America,2,12007,0.430019737799176,0.6464357946727395,0.581290842434751,0.5198709819348671,0.4129502205278084
9315,North America,0,13007,0.524279270418153,0.4565708030972165,0.5324913773007975,0.39961147929939855,0.35246945695498144
9324,North America,3,13008,0.318133833116742,0.42586030311146966,0.45759362232863693,0.3552781061604452,0.33577524663506875
9329,North America,0,12008,0.372971677799276,0.451753065661599,0.46232040808963404,0.30361049379288446,0.2719460952234404
9356,North America,3,13008,0.222418681107333,0.39891687228805395,0.4180066984935737,0.216748973652846,0.1725625269621015
9400,North America,1,13010,0.415977754933643,0.3165256558156241,0.45886749343827576,0.37026001148669996,0.34573281219313623
9401,North America,3,13009,0.104019171882352,0.3495529642775346,0.32134286269689427,0.35347712735388215,0.3647944368835485
9538,North America,2,11009,-0.000401044066329,0.26909395216543824,0.3389453292026095,0.2407050684539775,0.3074155627785952
9575,North America,4,11010,0.086383055108226,0.3859033769952938,0.42703959705680916,0.47394819592368437,0.5213075784492002
9629,North America,1,13010,0.288551818427196,0.3111322496877612,0.38564359730538894,0.33006803283554487,0.32047305699860507
9659,South America,1,10011,0.199525920991205,0.2650325734246577,0.3536277119391594,0.385085686445012,0.5748314218193841
9665,North America,1,10011,0.239840499002362,0.3207486808493267,0.27059345980785215,0.32128608479144394,0.11322261583449622
9667,South America,2,9012,0.196164171594328,0.1908833540630011,0.23700444806268087,0.09194709924003136,0.16169424706832214
9668,South America,2,9012,0.110219363094878,0.2625526027449485,0.27742020667794076,0.20819224550665844,0.3660140762217027
9669,South America,0,9011,0.282094444542496,0.34908667570593865,0.40971801953686915,0.27733808070052685,0.553433888855817
9677,South America,4,9010,0.355537166102631,0.44395824893409735,0.4714775783502835,0.36959353378315674,0.4145787947785592
9678,South America,4,9010,0.581390503728148,0.4078236048761596,0.42800141076544584,0.4247548571892437,0.5423574582600679
9679,South America,4,9010,0.519179784161711,0.45143540117687714,0.4468695793482412,0.40345738630404043,0.48403207262716563
9680,South America,4,9010,0.141306790078438,0.39641072421797224,0.38352102639583885,0.4680905389700306,0.3844258534034276
9681,South America,4,9010,0.881148220524022,0.44357994122525685,0.4271456585096497,0.2781581562929437,0.23472132823783265
9682,South America,4,9010,0.265734747921622,0.37463696458349954,0.4326947215073432,0.37782530179513574,0.4911010224672939
9683,South America,4,9010,0.652475356323703,0.3020153746597475,0.3372799245732725,0.41304157134762565,0.46599874192222723
9684,South America,4,9010,0.713386597824614,0.5360963620859932,0.6059403215498442,0.5569272960374824,0.6626629535691998
9685,South America,4,9010,0.307624672931301,0.4221110267155675,0.46340561112047396,0.4817875199952695,0.5209221644102893
9686,South America,0,9011,-0.166365016466356,0.23774888492300955,0.2494283530838208,0.19357535496424477,0.35219145867729884
9687,South America,0,9011,0.501695411878267,0.3269714027978354,0.35766629148700885,0.3127470541913923,0.317996158829863
9689,South America,0,9011,0.176189645200238,0.38775631455873394,0.4173438530165811,0.39820275296219676,0.5049322771896272
9691,South America,0,9011,0.416058237055019,0.3450024031776585,0.3569748871359873,0.3012537357111116,0.47275159737373906
9692,North America,1,10011,0.048494673358517,0.2989908354756333,0.34001612732086967,0.411219393470013,0.23952321932405607
9694,South America,3,10010,-0.048220741190055,0.178496077658248,0.18675407305723057,0.238218488971857,0.33307112630312874
9698,South America,3,10010,0.418279697087428,0.3776471887989039,0.4372872347388671,0.3647056436586009,0.4533156192402565
9699,South America,3,10010,0.357934067559936,0.20381771786221817,0.20986452324320803,0.2730459254164252,0.4015658270505871
9700,South America,3,10010,0.280413606185166,0.2147987503099635,0.27333270036371893,0.24409591719374985,0.3676554871726835
9701,North America,3,10010,0.520157694631389,0.5437728721162776,0.5957059731920958,0.4805958754007822,0.4544087575960929
9702,South America,3,10010,0.386030733447159,0.3304603721971562,0.39099047417312016,0.31770043904087564,0.4281834534822392
9703,North America,2,10009,0.390393571231698,0.4145154893100314,0.41553456267883115,0.30063462146896497,0.21007145748622746
9704,South America,1,8009,0.348003224829978,0.3989615130273264,0.39095672787876784,0.454678732449576,0.5115380325115371
9706,South America,1,8009,0.389693134984526,0.4613770161589926,0.48946337125663986,0.6323308400179294,0.6943556812902703
9711,South America,0,7010,0.832968573414938,0.3740466583243465,0.3991238722083843,0.6555562274617727,0.6267340249714469
9714,South America,0,7010,0.600219226179137,0.19000092401715787,0.2478657474442125,0.49296334361128213,0.4736880865245947
9720,South America,0,7010,-0.435298741721269,0.20164994380017637,0.25684667555078783,0.5660574423509265,0.42045452131384947
9721,South America,0,7010,1.773816729142148,0.253979887889154,0.28227027042340924,0.6928297845773272,0.5769244773658702
9723,South America,0,8011,0.627036704360582,0.40056646410221675,0.43785061914651474,0.38098507491498806,0.27428866918013084
9724,South America,0,8010,0.255003771439702,0.4399069237802578,0.433079083572416,0.31444898943873034,0.3381985326969402
9726,South America,0,8010,0.781067374874157,0.24145151473026008,0.2315155869011487,0.4911563525164599,0.5556969510644741
9727,South America,0,8010,0.425013457506705,0.2520252540685072,0.27989347180416807,0.42035964234860235,0.3843107905079993
9732,South America,0,8010,-0.137812320556974,0.3705178572852703,0.37626032286596756,0.1119972055394815,0.1674822784655453
9733,South America,0,8011,0.687692239683182,0.4744116222150351,0.403440154100582,0.37877611378792975,0.3014284635742056
9734,South America,2,8012,0.212327349248172,0.19698925767092967,0.20077077575565738,0.19859770037815,0.3605448506957244
9735,South America,4,8013,1.283517341609241,0.4390919179021456,0.4378482747185578,0.4002917761568594,0.38958099582197614
9736,South America,4,8013,0.76839617845,0.4525104227880944,0.44410447490148663,0.33769201506257257,0.4046030431677073
9737,South America,4,7013,0.137673076984487,0.37490569101963295,0.36762229902674165,0.2659031387384478,0.5617832457294887
9738,South America,4,7013,0.341107748063374,0.5040657608040288,0.46436741763283784,0.3873267115797631,0.4456247425368973
9739,South America,4,7013,0.471678512553522,0.45248458980014483,0.48956631038246234,0.3346146479128483,0.47479520929777624
9740,South America,4,7013,0.99554302353687,0.30557096113030907,0.30502681776675244,0.22981050103461492,0.34976675260975376
9742,South America,4,7013,0.419510976938173,0.49796929910783894,0.5659643529799523,0.3254613823246209,0.4248558529152388
9744,South America,4,7013,0.485450113566868,0.4165075779655908,0.44751908714138106,0.41710141204458934,0.77396207430417
9745,South America,4,7013,0.355069063528908,0.3189988962592856,0.38928760234604404,0.31996662407979043,0.474198824884813
9746,South America,4,7013,0.238553816750082,0.44192099721691613,0.46452558360336316,0.4445585197424195,0.7924551036020443
9747,South America,4,7013,0.201775758111239,0.25976202170517776,0.304302847028867,0.28299569063578356,0.5194290396234331
9749,South America,2,7012,0.803292829483874,0.5423529183920641,0.43799054961020906,0.39328574649923675,0.4934815801106852
9750,South America,2,7012,0.813677571093662,0.5513503871877455,0.5905958074403227,0.28427978862556214,0.3322778727923789
9751,South America,2,7012,0.273474540784489,0.3375665191515128,0.3894278570774797,0.19822995747731686,0.33028448127976473
9752,South America,2,7012,0.407407312111432,0.6000027923379131,0.5544534812913863,0.3248658451489992,0.34923431674946803
9753,South America,2,7012,0.267527280050587,0.470567037318368,0.4513111695818553,0.26059107874432497,0.22417605513161265
9754,South America,2,7011,0.961432921678012,0.49086785998339033,0.5347204664219016,0.22176620365318556,0.29717081774477916
9755,South America,2,7011,0.596113332861059,0.3992799569858814,0.4821660461081762,0.2209087589220251,0.11754121454891187
9756,South America,2,7011,-1.182324028176794,0.5861479716354892,0.5458491357739509,0.8909295850593548,0.8871077254952702
9758,South America,2,7011,-0.17389427234779,0.4514454385603856,0.43251568379440686,0.789886845553586,0.8524475470879167
9760,South America,3,6011,0.170087863868902,0.44000182784579667,0.5084191924997052,0.38358337834343914,0.4133568849709458
9761,South America,3,6011,0.787677543124804,0.28841471978919964,0.35141089589904023,0.04340017031979493,0.10145268575706312
9776,South America,3,6011,0.476686518238798,0.5473738334016642,0.542208952814609,0.14619382533832287,0.19710571265826665
9782,South America,3,6012,0.342081715086821,0.5080346586728108,0.5199235516729647,0.11379749217951712,0.15552647535056052
9787,South America,3,6012,0.68295623340228,0.606885101539719,0.5736251233731248,0.2339073203737157,0.3888723515652225
9788,South America,3,6012,0.447901212944382,0.5916105986163273,0.5592564596275339,0.1818996380426443,0.31461840858773177
9789,South America,3,6012,0.528811333957238,0.4232416724044127,0.42357180443617376,0.10608269547940202,0.1635227845645142
9790,South America,3,6012,0.522985945778926,0.6337407941792316,0.5197552651185281,0.1642574232134421,0.23215575496477614
9792,South America,3,6012,0.418402316155905,0.5984934680147546,0.5752428676271398,0.19279684327665442,0.2903415852236631
9793,South America,3,6012,0.457772119357943,0.422257515105788,0.40377453738271585,0.08908387505567894,0.2062296270294508
9795,South America,4,7013,0.983081521132138,0.6029710399392422,0.5819024438415519,0.29347461506815115,0.4432015947782648
9796,South America,4,7013,0.596887711339817,0.6570707692247292,0.6119617349410743,0.2922699437896191,0.4023175470808001
9797,South America,4,7013,0.944085802943801,0.5165588628036109,0.525535980563454,0.33048153251639717,0.4974558746828364
9801,South America,4,7013,0.649676331913625,0.46177138892806535,0.4971162246302641,0.3364644669146263,0.4725814698054159
9803,South America,4,7013,0.539600605122419,0.49840858429055496,0.4744504662109322,0.2876480379866202,0.40346219380883963
9806,South America,3,6013,0.592756113732291,0.40096892273463525,0.4038661470388548,0.12987687657021185,0.21125903808833063
9808,South America,3,6013,0.959487019323798,0.5367500796228036,0.5293458509754162,0.20818887080966436,0.32990637606907297
9813,South America,3,6013,0.462258869098173,0.6005527588813212,0.5603358711244503,0.19931441788010046,0.2997826423891054
9814,South America,3,6013,0.747228148682895,0.43906842292637394,0.35949829382104737,0.171996924822434,0.2761447730315686
9817,South America,3,6013,0.795185682728794,0.5871492489020482,0.5533366653255505,0.20489279022822854,0.31313437040226566
9824,South America,3,6013,0.897154216478971,0.6330870573496437,0.596959084670682,0.23174882411980097,0.33010470960991795
9825,South America,3,6013,0.734454634903169,0.43095121774462897,0.42153096196543677,0.16010365004969185,0.22366989468943643
9828,South America,3,6013,0.522609516985519,0.6358489078827438,0.610767464594463,0.14180852131233185,0.25418875160765864
9829,South America,3,6013,0.433040536348316,0.3865559635276377,0.3313578897519753,0.09894302387028009,0.2478445853891258
9831,South America,3,6013,0.525623474271312,0.6232628851286406,0.48084702267819246,0.1704280357828587,0.28601566272431667
9833,South America,3,6013,0.231817026003159,0.4419800608121183,0.4284499786438241,0.13248658069982838,0.24990254002932832
9835,South America,3,6013,0.444526715049706,0.5717596175634883,0.556255050179276,0.2089336904552173,0.30702406005445093
9836,South America,3,6013,0.633579382459518,0.4828709276391251,0.45057249800482796,0.14992508758911555,0.2733114040369423
9837,South America,3,6013,0.278909598487358,0.619256745722956,0.5190708546197672,0.18660894511351145,0.27668295444472213
9839,South America,3,6013,0.426403862391687,0.42214606837536167,0.41161302403464667,0.06766281995078705,0.16951813459365905
9841,South America,3,6013,0.725757857621215,0.517438763532998,0.5075838225949691,0.18617285234052117,0.27761043845317557
9847,South America,3,6013,0.236608885371023,0.42973876603740924,0.3953801970019915,0.09553129814734185,0.1831555982236459
9850,South America,3,6013,0.28854166330236,0.5398821667768975,0.5139994780904986,0.1483205077554428,0.18112980924271216
9851,South America,3,6013,0.537322836361771,0.5577763490773969,0.5667515918464558,0.2068099075251355,0.2624039031170948
9852,South America,3,6013,0.538830190789166,0.449185843833791,0.3931189021908021,0.14415060702601545,0.206374154306055
9855,South America,3,6013,0.524412805689906,0.4102597034167084,0.42805332051982053,0.15207502852682125,0.22739280199452117
9857,South America,3,6013,0.669867771321592,0.41503053875794543,0.4021960863075362,0.1752888515333147,0.24116575939092116
9862,South America,3,6013,0.414262725400645,0.46109386425086185,0.46022538215169767,0.11484910081437694,0.14641181004725806
9863,South America,3,6013,0.584878671812012,0.6120716457008689,0.560365375479423,0.2618120024903694,0.3163158893603811
9866,South America,3,6013,-0.037236284808417,0.31022210777236675,0.3507966824759833,0.0385082505320663,0.09285088035560374
9867,South America,3,6013,0.138883010655934,0.43264071705281826,0.4437481106854778,0.07943854300827224,0.14195301062111965
9870,South America,3,6013,0.209800025870091,0.4870099485437414,0.4964345722503906,0.04029214576458762,0.09243443131136453
9871,South America,3,6013,0.179349388601098,0.3458869409695885,0.3820574187773726,-0.016772397097821745,-0.01766690451967945
9873,South America,3,6012,0.309939489025873,0.5619321423162911,0.5080968247646455,0.15995929779357193,0.24509665601863218
9879,South America,3,6012,0.282138152753455,0.3900240903368273,0.366032588242691,0.03132190751447228,0.10452999405818342
9881,South America,3,6012,0.435390985453918,0.6183293549921434,0.5877346216903159,0.17888768319269788,0.25913199622765304
9882,South America,3,6012,0.773717000171928,0.6103717146460151,0.5574167479339768,0.12360065988696961,0.2227640604137161
9884,South America,3,6012,0.6136079162717,0.6133398461297499,0.585219728030878,0.1068598780922308,0.20439899208872908
9885,South America,3,6012,0.764045963375303,0.6116565643026689,0.5750551923815448,0.15568810922097215,0.25593896974179964
9887,South America,3,6012,0.610468016598151,0.4642573035167793,0.47674176110327465,0.008325303518809113,0.057580037741756795
9890,South America,3,6012,0.44899020317333,0.39704828209070975,0.34112369444520013,0.010161323847245662,0.0337028284178843
9894,South America,4,5012,0.339649070708366,0.44902946950751765,0.42037298129708783,0.24453594262816603,0.20841112664959782
9905,South America,3,6012,-0.036771674525063,0.5388088381145993,0.4762636639025305,0.015481549589543286,0.007291671700025537
9907,South America,3,6013,0.313182216237397,0.3272355148801939,0.2952665126802222,0.045100131461528026,0.09134306546233895
9961,South America,1,5011,0.496019237684658,0.3185721521586642,0.30577638283324243,0.15669800709721254,0.07939896091245668
9978,South America,1,5011,0.80509783605396,0.3822481182741982,0.41515948103178335,0.21253803327287046,0.16200985135070844
9982,South America,1,5011,0.683739677027452,0.3966989462750866,0.4417175365193318,0.25024463397918284,0.19156411305961418
9993,South America,1,5011,0.136851439227341,0.35769504422942155,0.40165646032950475,0.3608143321380245,0.3157864621439654
10004,South America,3,5010,0.134936148815637,0.3193895716245779,0.34410913520841957,0.07390305071826198,0.0694282430961064
10005,South America,3,4010,0.210065308310292,0.41886519408833406,0.4378400791749835,0.05659440580750097,0.06721964472482977
10015,South America,3,5010,0.409567761578708,0.43095022474996814,0.4490966896445422,0.167503008442765,0.18816523795773876
10018,South America,3,5010,0.76044279279657,0.3141443191788785,0.3441360484567405,0.08713654856675301,0.13318771379370825
10020,South America,3,5010,0.360986924964586,0.4923144313347503,0.47554905214611864,0.1047012918287919,0.140945611574465
10048,Oceania,1,4035,0.01575839485459,0.2605368075828957,0.26492797402163837,0.2894072222871754,0.05721630359330976
10057,South America,0,4011,0.169088187256921,0.22400178322605666,0.2715744388500545,0.322779138079658,0.30745326649643145
10065,South America,3,4010,-0.003209378926851,0.24612926685900657,0.19841517630754987,-0.11970855105140621,-0.12100808792975326
10067,South America,3,6013,0.272932913345831,0.4428329233378995,0.4132565585432702,0.05940913482353172,0.06485342192775945
10068,South America,4,7013,0.59925099401641,0.32175747276223865,0.3014221649885485,0.2405204114065464,0.36112028339937696
10070,South America,4,7013,0.393176026466762,0.3333070491004937,0.3358375380231251,0.2664843422621581,0.3819142515950746
10071,South America,4,7013,0.409179924211336,0.390882284447869,0.3228055896352872,0.26363219817291,0.24646848788911235
10072,South America,4,7013,0.260328271789614,0.4329996620964753,0.4464306838023774,0.2910325211570248,0.2813989006907768
10073,South America,3,6013,0.197088617297883,0.3979150871648018,0.3703074412327792,0.07579602344966585,0.1008200659707682
10075,South America,1,7014,0.097472486807096,0.21323555771700248,0.23205487613062442,0.2226703766743034,0.13570861529880274
10078,South America,4,8014,0.152700475221156,0.27968033057499736,0.2886774902473905,0.4135450080286091,0.4947296721183261
10081,Africa,3,12017,0.340880117668572,0.4812230339941028,0.5119829363091689,0.5998571735619668,0.736291126623708
10106,Africa,4,10017,0.281535010776579,0.3512015633544462,0.35494229464295574,0.43092802714104284,0.3054939288587871
10109,Africa,2,10016,0.590706276062298,0.5206175394593655,0.5114444391607926,0.747468164674979,0.6360819755417851
10110,Africa,2,10016,-0.283506988408559,0.3643437783546632,0.3141630793827161,0.4594528773160321,0.4006691208287555
10112,Africa,2,10016,0.561159851243224,0.5286510573909874,0.45001260372146196,0.5555748187241932,0.4997451745805286
10114,Africa,2,9016,0.43110231062339,0.37547540402962243,0.34989876860260305,0.31273579144985153,0.11059909405140894
10115,Africa,2,9017,0.642730658341363,0.3684168408381766,0.4068353306980176,0.37399917731287263,0.26364673998281807
10116,Africa,2,9017,0.154122081159194,0.17163694318925532,0.2524513188418546,0.3058360884217747,0.17339350461689107
10118,Africa,2,9017,0.277382301831949,0.18328648690201751,0.1755538539346635,0.28763182607517385,0.18574629579222446
10126,Africa,4,9018,0.316326340083469,0.3467488870971191,0.3050678872813492,0.3286350364680961,0.21782703828419359
10127,Africa,4,9018,0.169734007639511,0.2332242410831607,0.2270606486919355,0.3706885343885201,0.1846844663771332
10129,Africa,4,9018,0.012612674603047,0.2506981371161844,0.23223611786756823,0.34532263885163006,0.061811124829991404
10130,Africa,4,9018,0.191609742970444,0.37113272011204856,0.38105550458197346,0.40909929235903014,0.2235609032502055
10131,Africa,4,9018,0.343918618391614,0.2952608915250227,0.2781727833940094,0.4137747600803159,0.246982984915447
10132,Africa,4,9018,0.413396282811366,0.4391276129168682,0.38877540988901355,0.4310829718394409,0.3522479916989256
10133,Africa,4,9018,0.275043881681772,0.527197907362711,0.5237691807235183,0.5614709344620297,0.5210648677271494
10136,Africa,4,9018,0.39754916867094,0.45068053747574344,0.420306656256136,0.4716005894984235,0.3379770703743664
10137,Africa,4,9018,0.693259527666284,0.5197119338521958,0.5222037154820839,0.5219779543083444,0.4448052063181832
10139,Africa,4,9018,0.43574880949821,0.4193447873343624,0.4127159207473028,0.46398993528764515,0.33179529730334556
10144,Africa,4,9018,0.669471221065989,0.4036538495960987,0.38393474500694447,0.42172443873084997,0.24505956903753845
10147,Africa,4,9018,0.322533716696136,0.3357369597264979,0.33456958146743626,0.46202816456926843,0.30665220129392073
10151,Africa,4,9018,0.425233259713736,0.34229789276666345,0.36088227839768705,0.41590216130232227,0.37294387252683936
10155,Africa,4,9018,0.38630325173321,0.44787222022060574,0.4177357086946407,0.37653479862576333,0.3530127715284711
10156,Africa,4,9018,-0.153455332681471,0.3440148877187109,0.362355104470634,0.32600906002643354,0.20259435000207915
10162,Africa,4,9019,0.730756106576234,0.4443210850563815,0.4196055160348041,0.5477925190058266,0.5244021174653652
10166,Africa,3,10019,0.685761067348228,0.5563485125272448,0.54770440181716,0.6440002260094313,0.7663201754978062
10170,Africa,3,10020,0.388523580353427,0.765973452089084,0.72869966243712,0.7217619488365269,0.5715823943836394
10175,Africa,3,12019,0.099996335825272,0.39920619944584235,0.41714072053378987,0.6555532802004226,0.711226655300583
10177,Africa,4,12018,1.072233692038864,0.4265631999935883,0.43873994894169593,0.5636885772013402,0.7066391774749023
10188,Africa,4,12018,0.384408312378377,0.3287219311505497,0.3976729610720245,0.5206266106546097,0.47495424019035115
10190,Africa,4,12018,0.648288137189603,0.311015970242002,0.3617782164632058,0.4684967164520554,0.4903410515373351
10226,Africa,2,11021,0.223784973037641,0.600078612395262,0.5744576302494208,1.3560264126258885,1.2336041272930038
10229,Africa,3,12021,0.62672961586265,0.47184152037185284,0.4017306802650981,0.8873966953856371,0.9659917726315099
10240,Asia,1,12020,-0.18906163114892,0.32247245315791273,0.3782384131160285,0.3956295656965402,0.5215416534817139
10246,Asia,3,12021,0.540244327958883,0.4938677937033197,0.4862831077416915,0.5009567972495963,0.5995727056293473
10247,Africa,3,12021,1.253220671206365,0.6631821241158002,0.7236420135041092,0.9577233065771069,0.9133125525785966
10250,Africa,3,12021,0.878639563641082,0.4494997105699253,0.4018437399197094,0.9895405557566386,0.8919858176998147
10261,Asia,3,12021,0.64146731039725,0.5783394923340829,0.5874732776554668,0.6611753846981536,0.7267389366119192
10270,Asia,3,12021,0.262254631208453,0.23477816699857837,0.30426502774000974,0.4143864403215668,0.5016692225631949
10275,Asia,4,12022,0.543895854532564,0.6936788014252611,0.6954765779176719,0.8621769399788408,0.8433677534642927
10285,Africa,2,9021,-0.07446308690453,0.30717190124855304,0.3413410980062802,0.615240247292682,0.5944120016581949
10290,Africa,3,10020,0.091585408299415,0.2966049226916978,0.32132184843083383,0.43394950461681736,0.3208211265599922
10291,Africa,3,10021,0.433764999040355,0.42038440126399484,0.4524469739986533,0.6118656041370965,0.7301455636867863
10295,Africa,2,9021,0.332178001295088,0.3637539414036141,0.40594594455890043,0.5974201302434922,0.6107040303364131
10305,Africa,3,7021,0.104612190782209,0.21267804149337005,0.1936034753220376,0.33045838016167584,0.21343124048745743
10307,Africa,3,7021,0.019962809479581,0.36895024644716456,0.39277890549432315,0.5006134106119604,0.44666940287565754
10310,Africa,3,7021,0.153485124329272,0.33316706561521114,0.2977672505425416,0.44633224375405367,0.4045087577322113
10311,Africa,3,7021,0.43410350137864,0.3185023962622523,0.3331882260678708,0.46341993160992445,0.4230854860788965
10312,Africa,3,7021,0.426097861671986,0.3150402839398528,0.3194447764980359,0.4331630656699823,0.42661383842183664
10313,Africa,0,7020,0.214560014961261,0.3035030358626964,0.2812695220889743,0.4318851837369447,0.34515493271448755
10316,Africa,4,8020,0.226139992108192,0.3386202913924546,0.361145634366253,0.4708679225076551,0.5128475429959904
10317,Africa,2,8021,0.228128214619598,0.32965614217675787,0.37160727025633244,0.5309814389217508,0.36389666820488376
10327,Africa,4,8019,0.124082670800447,0.5741440280975313,0.5359764601138798,0.5632592024174703,0.5323384233116166
10328,Africa,4,8019,0.02740401141676,0.5234428822589744,0.5214507359085702,0.4518334377969373,0.2878152233762346
10330,Africa,4,8019,0.17216507218216,0.46823462285792483,0.4102879878451393,0.4508481724117817,0.036810677628750677
10331,Africa,2,7019,0.120048627109673,0.4523600968557888,0.4613820320086232,0.6112606628753404,0.5330526059033098
10359,Africa,2,7022,0.239039387331098,0.2025509996190111,0.202947045369966,0.1945555491108475,0.11713382216921286
10366,Asia,1,8029,0.424244663545217,0.27852353222792847,0.2581000859338151,0.41718796142145786,0.36857433305316634
10370,Asia,0,11027,0.204113179804479,0.4380435356997718,0.3681676716344167,0.5628623697783414,0.5271001438436346
10386,Asia,2,11028,0.219631464408937,0.49523230287189623,0.40571727312892936,0.48084855166097706,0.5067822567635455
10391,Asia,1,11029,0.306664119700442,0.45263362224484593,0.4858190289584596,0.5273412984801061,0.49034339114232317
10394,Asia,0,10028,0.215713847826912,0.3894125542270728,0.4098781347406703,0.49132858291043185,0.5681879001832525
10404,Asia,1,11029,0.43383984706828,0.4131721588422948,0.4135808079956915,0.4747999130092847,0.48005028107963976
10405,Asia,1,11029,0.479266122010665,0.3444028825141724,0.40727511531503,0.3872095538546148,0.4317895018334983
10407,Asia,1,11029,0.205690300438621,0.45144287196588734,0.45211299762010543,0.47042603286275014,0.44034154902280964
10408,Asia,1,11029,0.474530301164847,0.38060596415795606,0.38655514428981097,0.3583608890696928,0.27873740088551735
10409,Asia,1,11029,0.721884208294335,0.4431237791994688,0.42354379939526887,0.3936322241682781,0.2946767225395339
10411,Asia,0,12029,0.541170406294007,0.41643027948383565,0.4222985831325879,0.45652525175974235,0.5550725208393895
10412,Asia,0,12029,0.323270157567645,0.3608169443142869,0.3416781641370314,0.45310640179330747,0.33525202290991263
10414,Asia,0,12029,0.526601219556575,0.34878266370830313,0.3484924949712068,0.5038788136826571,0.5087893948518915
10418,Asia,1,11029,0.112907007560257,0.4119829770225361,0.45903770633792657,0.42619044315110877,0.42579644237014586
10420,Asia,1,11029,0.459468958199213,0.3063202812732838,0.31582605059453445,0.41188391965954135,0.2620452404129273
10422,Asia,1,11029,0.339784474805067,0.37266726863900984,0.40807065773571993,0.3986940428139995,0.3377897787191406
10424,Asia,0,12029,0.521553688494983,0.4067247482963021,0.36980275261556345,0.5050573969814237,0.5740987615141325
10425,Asia,4,12030,0.149608226036225,0.21026189328445227,0.1941551779126461,0.41562220496288105,0.30275894153810134
10436,Asia,1,13030,0.352719364061143,0.5119336556812356,0.5562153794513123,0.5059798147949377,0.46599506882929287
10440,Asia,4,12030,0.789686181305621,0.2590928259350442,0.29250921755518505,0.5292357546262817,0.4867589946055715
10446,Asia,4,12030,0.059713122415186,0.21617698536328978,0.18522270217249925,0.5398096699329518,0.5209832556885379
10447,Asia,0,12029,0.768915178926091,0.6809111425464444,0.6890257991909605,0.5338471191370407,0.7026338956048478
10448,Asia,0,12029,0.744746797662468,0.6247902105154286,0.6902113884281128,0.5568467458568522,0.5362857439809264
10450,Asia,0,12029,0.695743733186614,0.5128106561713117,0.48004412940514873,0.5132641176647768,0.6993734810970748
10452,Asia,0,12029,0.855137574049813,0.4497012392561682,0.4938700409404701,0.5574428399553902,0.5449690895891427
10453,Asia,0,12029,0.33526317610783,0.4544210454218126,0.4554133203778109,0.5335764569730264,0.6306092234507431
10455,Asia,0,12029,0.494031751815656,0.5125300388060895,0.5049264817393956,0.5759815838434432,0.7165002587042905
10458,Asia,0,12029,0.493411391804364,0.36159480908119346,0.30164645850627236,0.4879066101330351,0.6329460399768175
10459,Asia,0,12029,-0.097775699819674,0.3210528156649003,0.2505945238165521,0.3982244980577334,0.6255801498663344
10460,Asia,0,12029,0.398113233751196,0.5050754977339221,0.4939446520347048,0.531125148377875,0.5602587322835156
10461,Asia,0,12029,0.466213926240624,0.42327436936042856,0.4076092828206061,0.5246424077018786,0.5652850117461546
10462,Asia,0,12029,0.612382713133699,0.4144337129779315,0.3528066883772447,0.4686465757970196,0.5307354469131852
10463,Asia,0,12029,0.765340738518986,0.4326333847141419,0.4537387188598803,0.4946746216761228,0.5137074327691148
10464,Asia,0,12029,0.466962845761173,0.40485305107816427,0.43530293560386263,0.5444999013908909,0.6313245612614503
10465,Asia,0,12029,0.903141454837098,0.48043331867821343,0.47855543716577326,0.48935857432254015,0.5393055853691088
10466,Asia,0,12029,0.483270320676524,0.41365271390146335,0.39815693870262664,0.45968267414443276,0.489111588869669
10467,Asia,0,12029,0.753726589719619,0.588864195411255,0.5670486828803604,0.5845033629209813,0.7034315398224255
10471,Asia,0,12029,0.514478410334472,0.7077286799800089,0.6863588659687644,0.5535344063562205,0.5041207974929326
10474,Asia,0,12029,0.48098366882865,0.5705126784156396,0.5759481680945664,0.5208429736236501,0.5392073231021998
10475,Asia,0,12029,0.28447495988167,0.6221700730244175,0.6413423556398503,0.63155494163721,0.7885273148084068
10476,Asia,0,12029,0.646117919060104,0.49091526221420234,0.512026133714478,0.4735617887102991,0.5078114461087548
10478,Asia,0,12029,0.871340790411069,0.6917640382860781,0.6642929732801064,0.5295302549506948,0.7205306153300614
10480,Asia,0,12029,0.539323488385924,0.8235524079827146,0.8330785375204555,0.6464894480819428,0.7621400443719356
10482,Asia,0,12029,0.690317658580495,0.7779745325824196,0.7174326294758996,0.5664702970021224,0.5871144160798936
10484,Asia,0,12029,1.214050912106122,0.7850300617099198,0.718395250409924,0.545582502984663,0.4855189666550085
10486,Asia,0,12029,0.735866712278299,0.7725071453600464,0.7431546962906884,0.5448093026921462,0.5514818777229685
10490,Asia,0,12029,0.793344948123757,0.6510728938098517,0.6025962807714359,0.5012379553056328,0.6127930087800247
10492,Asia,0,12029,0.689194230361737,0.6634948870332822,0.6591940792038385,0.468172813600508,0.4373918520646085
10493,Asia,0,12029,0.764708674177837,0.7035379292222558,0.6655697643045989,0.5671456488824704,0.5718278485207066
10497,Asia,4,13029,1.048348993193382,0.8461220603241304,0.9302682955711196,0.6218504862756358,0.6341749754668398
10502,Asia,4,13028,1.089770050759264,0.7407114586313344,0.7107352346538378,0.7430495461709157,0.7876024078808025
10504,Asia,2,12028,0.387229205046176,0.9642770899480988,0.8589927374980955,0.8532272782154173,0.9526683181612519
10507,Asia,2,12028,0.447756644213659,0.42542613901312104,0.4584981706675147,0.529887756963588,0.48432453413692156
10513,Asia,0,12029,0.551615244777815,0.4481561779370521,0.497728516841852,0.4805927348857188,0.4111108442726149
10515,Asia,2,11028,0.610957260049015,0.4381678315884167,0.4758648484268714,0.5221993302619664,0.5060663070951705
10517,Asia,1,11029,0.45262186936398,0.40172617268394983,0.40924980553273865,0.4832134978986211,0.43123582299603136
10518,Asia,1,11029,0.12293600942398,0.40048627620359245,0.38592809935804556,0.42868086333003097,0.38326741790640306
10520,Asia,1,11029,0.722630580198808,0.38542138971426093,0.4148799599435879,0.4287202774448021,0.48634201320151327
10521,Asia,1,11029,0.429350450627659,0.4297931422079441,0.459443618918298,0.458474574216024,0.47257384656996415
10522,Asia,1,11029,0.703875512284241,0.4755360356879866,0.5225652698691738,0.5904607209322223,0.5956934803451319
10525,Asia,2,11028,0.398569686246188,0.35702540045766756,0.39199664154867475,0.4086324380707135,0.36742859343573786
10526,Asia,1,11029,-0.113188949091567,0.36439778450637506,0.38091591619233733,0.4570081634426583,0.42729306942098055
10528,Asia,2,11028,1.068324918300748,0.5150867765834185,0.43723633833089987,0.4373630657694487,0.3845211612625096
10529,Asia,2,11028,0.257910351349545,0.48698081601142007,0.45973999187547054,0.45341518451136525,0.4072262954293764
10530,Asia,2,11028,0.767221820400639,0.3496262356765586,0.3221359220121207,0.38165012794414443,0.4076495761519497
10531,Asia,2,11028,0.211991016231983,0.3556916411963813,0.40154296959198243,0.4854831057421167,0.3773461897571704
10536,Asia,2,11028,0.244917073683885,0.40957860650816097,0.3700182736150183,0.5642018688666902,0.6078763210127319
10540,Asia,2,11028,0.481192416828066,0.2867951833988119,0.32992702311820354,0.5380445664962272,0.423469553584795
10542,Asia,2,11028,0.17280683493516,0.35629810178753596,0.3752130039528859,0.5105812813770938,0.5542861118789485
10544,Asia,2,12028,0.345155796834718,0.4034529575831445,0.4291624634138805,0.42875604955297986,0.40744474491536303
10545,Asia,2,12028,0.675269060702258,0.5155721105294033,0.5338867865534059,0.5761972705586823,0.5886527093427568
10548,Asia,0,11027,0.4295433435973,0.4564978533706174,0.41948055448655663,0.47481035349425554,0.576847584522925
10555,Asia,4,13024,0.088830723193906,0.6057554647477125,0.6093965680390487,0.5244877657653293,0.41867365796753847
10584,Asia,2,11025,0.661247585757168,0.7980146052360064,0.7209333326107806,0.6090327447306015,0.6323430209356358
10586,Asia,2,11025,0.379659844601115,0.5282232436872536,0.500744371762167,0.5466612429450195,0.5616771999323305
10587,Asia,2,11025,0.710530726653045,0.5217357026628964,0.48615513706499713,0.5511856887327178,0.5114080297836874
10589,Asia,2,11025,0.602781441417822,0.37548536822491113,0.4243400986527371,0.5543046567294232,0.6729853142972995
10590,Asia,2,11025,0.494755487083553,0.6390472032965454,0.6935244609367923,0.614192730990401,0.7378195641322014
10591,Asia,2,11025,0.662837364469649,0.5389817692985377,0.541681153834635,0.5636775184837801,0.5799284224084543
10592,Asia,2,11025,0.570152372386861,0.8155093056180889,0.8084050793453029,0.6433047983373189,0.7258063860758716
10593,Asia,2,11025,0.969879251665061,0.37838120491856103,0.41244731202634416,0.6381194077471396,0.6881965857967524
10594,Asia,1,12025,0.819378486327047,0.7069214691218588,0.7334525352083351,0.7167631174307815,0.78631929007173
10599,Asia,1,12025,0.537714179593907,0.5932318203949307,0.5874599592588546,0.5737163633948855,0.5802739575912031
10623,Asia,2,11025,1.311639609569814,0.7344219963529556,0.7105413433681937,0.6107282155709746,0.5951523303291195
10624,Asia,2,11025,0.494898018475633,0.6107522490002082,0.5102687637371182,0.5465480009616767,0.6069062794150412
10629,Asia,2,11025,0.614894978387467,0.31781380410140575,0.37950963855547176,0.49933325211323987,0.4589344000670418
10631,Asia,2,11025,0.763185903324057,0.6519006746307383,0.6433824495809626,0.6298219055664204,0.7100383788415146
10632,Asia,2,11025,0.576178045768749,0.6834304867560109,0.7012165181980351,0.670119345002163,0.7380207108541297
10634,Asia,2,11025,0.479188380897283,0.5615557854809655,0.5802135955888306,0.5411983198182483,0.5086371119856765
10635,Asia,2,11025,0.692895648800707,0.5322130669654357,0.5428927823278312,0.5773952570021272,0.6304369766924276
10636,Asia,2,11025,0.588805038153784,0.4542159755334781,0.4130240566317964,0.5378305918996303,0.5881488069950385
10639,Asia,4,11026,0.678755927530849,0.4583585792875492,0.4464669933889909,0.5266306324574929,0.5200506351002155
10641,Asia,4,11026,0.002326680776523,0.40180576630137055,0.35549003413343727,0.4410595362941725,0.27561757758278427
10642,Asia,4,11026,0.082550532052786,0.4915845261502037,0.4480884960452962,0.48849253282705873,0.3878214632786241
10643,Asia,4,11026,0.359989043569103,0.6753900907678957,0.6797759308199879,0.6705938448352202,0.43272271585349686
10645,Asia,4,11026,0.750271662981578,0.6936675200271822,0.7041963494428526,0.7069277745611923,0.6295701942260841
10648,Asia,4,11026,0.267025296422508,0.4402100842936738,0.4583211936229102,0.5416415224801296,0.3636981450500309
10650,Asia,4,11026,0.23708491820695,0.5521763421374183,0.5090625400506792,0.5758131003530377,0.4360519238911478
10652,Asia,4,11026,0.33333896030808,0.72861092713455,0.7599722002387523,0.6714874072423476,0.7192856359441016
10655,Asia,4,11026,0.310266142411355,0.4294092508027849,0.38737742148094023,0.5130671600634178,0.3353924043295644
10658,Asia,2,10025,0.493662558269116,0.5192956230005416,0.4942192860318624,0.5370219516398238,0.6016306265863546
10661,Asia,1,10026,0.870095283374038,0.4545030721916576,0.4935125423675385,0.5738114361651979,0.5593100106515959
10665,Asia,0,9025,0.103222106738421,0.5028524472948602,0.43802361893619485,0.6313684146076285,0.5403853341275643
10666,Asia,2,10025,0.495530815793762,0.3805838287384723,0.412509209960451,0.4968421095663156,0.4972983218618745
10667,Asia,2,10025,0.609712994526502,0.38581673094818575,0.39985975120460227,0.411572818009853,0.2530300597673484
10668,Asia,2,10025,0.348598588436447,0.5073712416293663,0.5260657158562979,0.6234218023265825,0.6919231439198555
10670,Asia,2,10025,0.613434915324934,0.4774507194087984,0.4575741974897144,0.5719784869957051,0.6561692902754254
10673,Asia,2,10025,0.397450134791607,0.48512066543971105,0.4666819788434085,0.6185292466853884,0.7158407875649884
10674,Asia,2,10025,0.648166234891637,0.6035448144747199,0.5694443985760852,0.600410381346152,0.5878529878234279
10676,Asia,2,10025,0.013145063841637,0.3320555088837809,0.33185469175281673,0.3798756358087157,0.27958615698151423
10689,Asia,2,11025,0.363444092887036,0.4066293622143323,0.3904891720636381,0.4666024721087737,0.49657185112848984
10771,Europe,1,13022,0.465882038414984,0.3847109773973656,0.39785692982799953,0.4335136400793679,0.5091169501014063
10878,Asia,2,13023,0.357892375857818,0.5366648528433888,0.48160523457831866,0.7869457681212257,0.6183644196121215
10933,Europe,1,15024,0.308751728345652,0.3706152982086407,0.4565990299729767,0.47860989092252754,0.502415037276927
10978,Europe,1,14023,0.144226588208315,0.3824653322913555,0.4774802205190365,0.48466521767323556,0.5059384873903559
11001,Europe,1,14023,0.493417273209903,0.3296748225102851,0.37782024249237356,0.4524826649550886,0.4181406826093468
11207,Europe,3,14020,0.279161057425412,0.4212193513036739,0.4314376231812741,0.5161014359637287,0.5393901591391104
11221,Europe,3,14020,0.409957300381464,0.43650547445012233,0.4380430860714567,0.5446449485179996,0.5798522702351105
11249,Europe,4,14019,0.27080975840865,0.31059812402968917,0.33860187066190967,0.4349124761160259,0.4386719507083149
11289,Europe,3,14020,0.200477266785883,0.3802650703523343,0.4013850468808379,0.45814183649705614,0.3872701145079518
11292,Europe,3,14020,0.348094688402065,0.35651055385646613,0.3671215147295407,0.46508586266633445,0.4788422967399508
11300,Europe,1,13020,0.20770500110651,0.32233943558715866,0.28260808580755425,0.4007908694651793,0.3440069477206176
11436,Europe,1,14018,-0.008599210998238,0.27532690318076336,0.2565797091480123,0.3726638366933659,0.3051864630768203
11499,Europe,3,14017,0.30097890687657,0.20034840339973722,0.24394211419992282,0.4316425684515892,0.43175395220595236
11500,Europe,3,14017,0.127964268356371,0.20401843072416473,0.2245777539626888,0.4734953347625987,0.5097878197619261
11525,Europe,3,14017,0.16820577479436,0.2191839415219202,0.23022072588517184,0.48740283875269785,0.4649999245362947
11560,North America,1,14006,0.35355364080009,0.36646439508481243,0.4066123366207879,0.39376251975745313,0.23957069381821183
11599,Asia,1,13030,1.042390859010669,0.7073500387580843,0.7119493720109846,0.6059221708982704,0.6322230225310732
11604,Asia,1,13030,1.317724453235555,0.5284512639348706,0.5882119124992693,0.5348692223378002,0.49727281946711566
11609,Asia,1,13030,0.896759189514409,0.4927689457844084,0.5442561441569943,0.5973025065500925,0.5351632270314466
11611,Asia,1,13030,1.016203210793664,0.439737097378822,0.5251318519679208,0.5744358530093965,0.5275942376272807
11613,Asia,1,13030,0.397450464687276,0.4521356007339161,0.5028520804777024,0.5279962692439383,0.4355312912687427
11620,Asia,1,13030,1.066144595044766,0.48186694518650763,0.5709273666042745,0.5384156155099122,0.5189962819824547
11621,Asia,1,13030,0.690803665869461,0.501241107224336,0.4847358361493,0.5512793524473054,0.5318519292150985
11623,Asia,1,13030,1.121929605806151,0.6553064335397369,0.6199070166211241,0.6081358693666891,0.5438995695878197
11635,Asia,0,13031,1.121201538838434,0.94907886534363,0.9882318116863532,0.6894172971245929,0.6681004256927031
11644,Europe,0,13031,0.396718024559702,0.5750582645775124,0.5666735379421548,0.455079090832511,0.4040397657055256
11645,Asia,1,13030,0.370668195150837,0.5530075206818282,0.5088381813961569,0.6702272115167677,0.5899243575316953
11648,Oceania,4,8032,0.193752878859775,0.2843634969842797,0.2310679962900648,0.348684109387985,0.2550214541564506
11675,North America,0,12006,0.277804385426913,0.4565256249149057,0.47791302661002816,0.4167599099765831,0.37936525918654074
11681,North America,2,10008,1.319331262119041,0.48839911858891416,0.49124538291642983,0.5550115948487484,0.4788454050311607
11682,North America,2,11008,0.863540337239567,0.5562500733244434,0.5184162817572037,0.5578438629050515,0.4691960396911815
11684,North America,2,10008,0.127279987620335,0.49363613404968604,0.5282544691404485,0.5360899352748218,0.484803932400496
11698,North America,2,11008,0.846441130040102,0.5148563766811948,0.5206548072949626,0.3716008813996595,0.33816401075184466
11702,North America,3,11007,0.90158451436866,0.7299143511210141,0.6798713904935164,0.5606152726254265,0.5479849245994017
11705,North America,3,11007,0.522901882093423,0.43433071096537385,0.4585820732205273,0.2894829067928005,0.46965098241006964
11787,South America,1,10011,0.12918450738955,0.24479735386033546,0.27176890831142736,0.40380961307299734,0.4096155350376376
11788,South America,0,9011,0.154623113924431,0.28153844177630877,0.3531751711066233,0.29567241628696994,0.4614665614597606
11790,South America,4,9010,0.641799236396151,0.2950399491678067,0.3158178967861186,0.22526934682115685,0.11414737050593637
11791,South America,4,9010,0.091541324591092,0.24537944414212506,0.22313847680716772,0.23059700450283954,0.17066933855834465
11792,South America,0,9011,-0.016304788926314,0.18148903202062797,0.20767810520755467,0.25770407477280177,0.3514131253887982
11793,South America,0,9011,0.106630739469774,0.23909410035955767,0.2894689798168541,0.2754233178021837,0.464561757343696
11795,South America,0,9011,0.319763724578518,0.2768005999858553,0.3788182548187477,0.28705859835378345,0.40902539829941265
11796,North America,1,10011,0.560236174416674,0.3773688818390173,0.3802699815395559,0.4565987801957109,0.33843991483016767
11798,North America,2,10009,0.032269520128191,0.3636578373362763,0.3918460517437065,0.2745128666594375,0.2069852670887926
11799,North America,2,9009,-0.074470735955804,0.3710813060786187,0.44399683926198147,0.21030590231995477,0.08486416355396553
11808,South America,2,7012,0.255736001038939,0.383295136469571,0.43809337517874014,0.21829073953844141,0.2739259606976022
11809,South America,2,7011,0.316278578954129,0.29047896504825554,0.3503848375635153,0.20390307355762544,0.1958681514293532
11816,South America,3,6011,0.296279759451273,0.3592459857540519,0.3829246021227956,0.07779869286136765,0.1203662983656737
11825,South America,4,7013,0.180776547056018,0.533859233198191,0.5561531776790685,0.29122006842735754,0.30468383337277355
11835,South America,3,6012,0.331154503949643,0.40682576258533576,0.3745461344233875,0.08137147536219391,0.1366170038063983
11837,South America,3,6012,0.110626489179827,0.6300781887145894,0.5868136078706059,0.18413000549000064,0.29115464100225363
11845,South America,4,5012,0.252557407317161,0.34301329769077127,0.36547370472469415,0.16334726371333141,0.14567634800049023
11856,South America,3,5010,0.340137495933404,0.23771499781807054,0.2375861169547478,-0.03285132906317456,-0.03307442731743038
