i,j,yceo_i,yceo_j,D_SC,D_geo_km,D_H,D_R,DH_stratum
0,10,10,41,0.750744549676521,2498.754965232528,0.31556537743390084,0.13689642118998002,mid_DH
0,11,10,46,0.1367549474003981,341.34208265655695,0.09681155800323973,0.3491926861367851,low_DH
0,12,10,49,0.682570046972472,275.1053623757737,0.12494988131493293,0.368352708433225,low_DH
0,17,10,64,0.8493720365179914,5890.152627290057,0.45353317184289127,0.33018691014514095,high_DH
0,18,10,67,0.8054670785695257,5723.8262463762485,0.3156697735242546,0.622871119219702,mid_DH
0,29,10,101,0.8355939508603033,2496.0972316569605,0.45935345256108007,0.34986228299539013,high_DH
0,46,10,144,0.9225917123751554,8132.579060203718,1.0130670472399739,0.8280860350612109,high_DH
1,15,14,60,1.0284472907689195,2773.8690114685533,0.0667045326598016,0.275150247726943,low_DH
1,16,14,62,1.1804480209165054,3722.5483308969983,0.1415797488934854,0.310325670017922,low_DH
1,67,14,251,1.041911295406907,559.934440442444,0.5896219454445337,0.201555843961148,high_DH
2,19,16,70,0.9135436644540971,339.20078994626607,0.23333040155372636,0.10059137739133206,mid_DH
2,20,16,71,0.7025115727591578,1971.1496522401915,0.17999618861407216,0.6620014694761649,low_DH
2,21,16,72,0.9092091230726714,333.88149048980046,0.07296602423800148,0.06062360249990806,low_DH
2,24,16,78,0.8960787633166205,5657.137639068916,0.14379591534229036,0.10583995486039988,low_DH
2,75,16,282,0.9353112770584483,2912.9813932421644,0.2500475548516122,0.40648841355754406,mid_DH
2,112,16,437,0.9973667831413533,6096.137751454024,0.15958742458841885,0.414810858845992,low_DH
3,51,23,165,1.0409506123323695,3627.9064744037464,0.3311158564676742,0.48061407896157804,mid_DH
3,63,23,243,1.0520508377638627,10647.815811683085,0.49011255377442653,1.290471922869518,high_DH
3,184,23,629,1.0152254518101154,3803.337054053927,0.09824171526554722,0.473916511573902,low_DH
3,362,23,1405,0.7563853746146606,305.2171130735601,0.39711875956948806,0.178267350407459,high_DH
4,26,24,83,0.5311728160264431,2937.6466511143835,0.46498437770349105,0.23468200404928896,high_DH
4,28,24,100,0.3504335086483495,1202.7321090747805,0.46667591474105485,0.771621649149676,high_DH
4,85,24,297,0.5521801596154844,4019.593006082227,0.16427558007183968,0.6614149674279,low_DH
4,89,24,325,0.6288131926053323,5606.741408526271,0.12168144559976793,0.063089691463031,low_DH
4,100,24,395,0.4902630942915865,989.1996000058137,0.04276357302809107,1.016707827910322,low_DH
4,165,24,603,0.6416784155536699,3476.635402909639,0.40956221830944234,0.41741934724154195,high_DH
4,169,24,611,0.6024734423467654,3980.7907769855847,0.9166928744661492,0.4773614642947439,high_DH
4,380,24,1573,0.6355128023115276,502.9922660040428,0.23878917971185884,0.22398031190304302,mid_DH
4,594,24,2232,0.5883695918814331,3870.5801997570984,0.369126429297398,0.791102516054002,mid_DH
5,19,27,70,1.1373873473039282,7433.541450178937,0.26260636601489606,0.7043941685525179,mid_DH
5,64,27,245,1.4509249333655756,14585.922782262316,0.3608579980695468,0.16840848435647904,mid_DH
6,8,28,35,0.9059290747629694,2884.0426882982574,0.22026972935575928,0.11194313623799701,mid_DH
6,35,28,116,0.9365477263290772,2204.2585357607527,0.7050555066500692,0.39954318458815297,high_DH
6,48,28,156,0.9157079999076437,2927.4370031529784,0.47531446694973584,1.212393827992004,high_DH
6,120,28,463,0.6723362426061339,735.6521662377344,0.2613813792128608,0.473463238880465,mid_DH
6,121,28,464,0.8342225321426302,1184.095576858329,0.23407134604148336,0.07710563028413997,mid_DH
7,35,30,116,0.6688909217646262,1157.567504408235,0.08958781610199754,0.05151135813504798,low_DH
7,36,30,117,0.4166414325110496,932.3697537691473,0.5660525755591463,0.31983276401088495,high_DH
7,37,30,118,0.7193104802281831,592.7762710234406,1.075410383003618,0.094602483833502,high_DH
7,43,30,137,0.5932822254170794,714.1221986997315,1.17805680557933,0.09047116034675401,high_DH
7,44,30,138,0.5068567931960491,825.6143563759773,0.7057253467218092,0.0030329126757909775,high_DH
7,49,30,160,0.6988904777245866,3363.625181573569,0.11312372895129393,0.9611678500526191,low_DH
7,120,30,463,0.5471909336959891,2207.391444552221,0.8769555251310535,0.12543141242736,high_DH
7,154,30,577,0.691800389317197,1552.862000763019,0.750894239016286,0.269585171220824,high_DH
8,35,35,116,0.981853078565673,1849.8107642142606,0.9067682980889868,0.28760004835015596,high_DH
8,46,35,144,0.6562472247413658,1073.3349491903418,0.3415279426209102,0.9134938338343279,mid_DH
8,48,35,156,0.8421665727626121,4242.922392635397,0.6635668013573596,1.324336964230001,high_DH
9,37,37,118,0.6931872927565237,1021.2327462288727,0.4273136506018782,0.130574492426489,high_DH
9,42,37,136,0.5884140632321049,414.0742427643364,0.048975071412439654,0.367058463291609,low_DH
9,43,37,137,0.58805911106476,907.3909868949921,0.5112245989278227,0.05449915175376702,high_DH
9,44,37,138,0.5848555197488022,792.9350116650847,0.05620163355183017,0.032939095917196015,low_DH
9,141,37,536,0.5421928189128068,579.9256056226353,0.037970419539496626,0.6841043579457939,low_DH
9,147,37,558,0.6453592163344032,921.1201077000552,0.22585176168913856,0.940586157956403,mid_DH
9,228,37,930,0.4444134131429692,595.5342753412028,0.13274231165737693,1.19395246208644,low_DH
10,11,41,46,0.7669229757720876,2489.1155845725266,0.22241670426159052,0.2122962649468051,mid_DH
10,29,41,101,0.672082965135401,1755.2552559763105,0.14643010203035287,0.2129658618054101,low_DH
10,46,41,144,0.9391554599820956,5786.529287807204,0.6992095078698976,0.6911896138712309,high_DH
10,54,41,200,0.8292687748116446,634.7564371791569,0.0878337211205476,0.018949948421750018,low_DH
11,12,46,49,0.6862814055584814,615.8106555870289,0.034511734924176224,0.7175453945700101,low_DH
11,17,46,64,0.818985394924147,6153.07548833623,0.35726901809455514,0.679379596281926,mid_DH
11,18,46,67,0.8035696895814336,6008.025454794123,0.22118925269084194,0.9720638053564871,mid_DH
11,29,46,101,0.8044814279311299,2255.7915438853533,0.3645191874235667,0.0006695968586050149,mid_DH
11,46,46,144,0.8833513980652201,8212.378484210078,0.9189610865298661,0.4788933489244258,high_DH
12,15,49,60,0.9580490362568547,6123.778744968615,0.06475301750511218,0.15599532562169,low_DH
12,17,49,64,0.6562979095147268,5666.634918647129,0.3332370948569944,0.03816579828808403,mid_DH
12,18,49,67,0.6761462717639138,5484.510598792895,0.20068204381221108,0.25451841078647697,mid_DH
12,55,49,218,0.6764812737991516,827.7870555096408,0.15382715943285216,0.28423062074899796,low_DH
13,14,58,59,0.3161082630184631,367.28454701226207,0.17954613136165534,0.14553076026298806,low_DH
13,15,58,60,0.8212091206735699,1504.2720696425215,0.45785318553718696,0.24199429140370504,high_DH
13,16,58,62,0.4528325906018371,1549.4412464290397,0.3460976845304823,0.277169713694684,mid_DH
13,17,58,64,0.5757865231795464,1972.8621897098706,0.18074538066450066,0.359823818737311,low_DH
13,18,58,67,0.9139685153455731,2087.6285848391963,0.31554171328020053,0.652508027811872,mid_DH
13,24,58,78,0.906736349003813,10199.510845510315,0.040678703491517754,0.3780316501206379,low_DH
13,62,58,242,0.8722389563680704,2566.9778149883987,0.0532008190732056,0.14277970160765197,low_DH
13,70,58,267,0.6862626528505361,1263.5991821356192,0.5668272902064798,0.034621426467321026,high_DH
13,247,58,1001,0.9230678656675974,658.48855769863,0.2327780405465689,0.41124275157600587,mid_DH
14,15,59,60,0.6424127487648881,1283.0788904866047,0.27970053692570623,0.09646353114071698,mid_DH
14,16,59,62,0.4641734191925998,1781.586470442766,0.16730007712142272,0.13163895343169596,low_DH
14,17,59,64,0.6116319311765375,1917.0623372937846,0.027829811871479766,0.21429305847432295,low_DH
14,18,59,67,0.8415204531477016,1931.9243722445299,0.13695349750274732,0.506977267548884,low_DH
14,58,59,228,0.9619862171211605,2609.3873381070134,0.0818636826143575,0.146263065727901,low_DH
14,62,59,242,0.8657153690362123,2289.6975152032064,0.21915781705955645,0.28831046187064,mid_DH
14,67,59,251,0.9581856452999573,1404.1821002541024,0.2869710699760415,0.02286912737492197,mid_DH
14,70,59,267,0.7085554304435383,1474.5368397359296,0.38751037461043236,0.11090933379566703,mid_DH
15,16,60,62,0.9714481943080266,1889.667239823053,0.12496703624246579,0.035175422290978975,low_DH
15,17,60,64,0.5530181319889044,969.601300765288,0.2778631978012626,0.11782952733360597,mid_DH
15,18,60,67,0.40834742725174367,708.0024704946204,0.15233232421825293,0.41051373640816696,low_DH
16,67,62,251,1.1149804773591903,3162.658609439095,0.45086854170529556,0.10876982605677399,high_DH
16,70,62,267,0.8229727770139463,316.87583471999915,0.2234418282398553,0.242548287227363,mid_DH
17,18,64,67,0.3983747364733658,556.9768584260506,0.14356208495963158,0.292684209074561,low_DH
17,56,64,223,0.8643800251290386,5733.18682418102,0.4027055517463657,0.28259326084422803,high_DH
17,58,64,228,0.8043742316103084,3773.968885241474,0.0825972784877486,0.06802999274642196,low_DH
17,247,64,1001,0.8008385795730283,2628.319498360114,0.4114672285500609,0.7710665703133168,high_DH
18,58,67,228,0.9143751343089258,3381.655061296733,0.07105718294646562,0.36071420182098296,low_DH
19,20,70,71,0.8804614472047093,1688.4575937520258,0.057641909651385236,0.5614100920848328,low_DH
20,75,71,282,1.023216731184592,1124.179905121254,0.4017836411981432,1.0684898830337088,high_DH
21,33,72,111,0.8662724931103143,7513.971670958803,0.25510791558669477,0.678262209711691,mid_DH
21,72,72,278,0.7876898412623627,622.6635477843537,0.31413952854363664,0.22941222537280404,mid_DH
21,73,72,279,0.567527470896765,465.8476072264022,0.2669390599259514,0.45087120677364295,mid_DH
21,74,72,280,0.7975219009611896,1326.930343428711,0.17497043561788234,0.152793132298379,low_DH
21,75,72,282,0.7881498408651826,3036.3690360174014,0.31854552626911803,0.345864811057636,mid_DH
21,283,72,1103,0.574156483928888,662.0251006083249,0.37278042153679697,0.234083811905051,mid_DH
21,291,72,1112,0.49408808413813077,821.4154110158049,0.027217348662396754,0.28094551285048996,low_DH
21,397,72,1663,0.8960916323774041,7618.750576091865,0.22695886865753379,0.002520519219438966,mid_DH
22,76,74,285,0.6515213786637344,1859.3484902932496,0.06303687166119212,0.6932267847941589,low_DH
22,79,74,288,0.3381474186496025,666.5414978016117,0.025327654995075097,0.129076700185637,low_DH
22,83,74,293,0.3085900489525358,622.3355125676732,0.09829875248940308,0.02875577423019099,low_DH
22,90,74,327,0.5533704786198351,4040.300731817594,0.4854582411393193,0.371191399596003,high_DH
22,110,74,431,0.6921920594246709,8164.100835348497,0.18007832515395494,0.05804144825371804,low_DH
22,274,74,1093,0.5830777251088706,4840.947114166471,0.19493719398145667,0.404248794338699,mid_DH
23,31,77,106,0.44281219800493116,3150.1315196010037,0.1616454048186487,0.28135141499857996,low_DH
23,85,77,297,0.6806167972331769,834.4035695976771,0.3449086746329085,0.558255639165222,mid_DH
23,98,77,367,0.49991456600396844,1268.699776047954,0.6337843085184547,0.7059103701210879,high_DH
23,100,77,395,0.6259402022457765,2471.885494995525,0.4696295738251356,0.913548499647644,high_DH
23,188,77,677,0.48215806374424525,3897.986106403966,0.3509902522821777,0.409142143236516,mid_DH
23,380,77,1573,0.618255708460837,3376.83316373221,0.25058153460617183,0.32713964016572106,mid_DH
23,658,77,2614,0.5497318503554385,3983.4222455544204,0.49907427041763075,0.919935652322262,high_DH
24,25,78,80,0.5527053520114423,498.85424981085885,0.29010375003068917,0.05055512361670611,mid_DH
25,90,80,327,0.4429656175270495,617.1757347133938,0.28484264918324614,0.337154105302502,mid_DH
25,95,80,339,0.5923836916040249,218.0702831526049,0.24047912320281511,0.344280474018692,mid_DH
25,110,80,431,0.7426784690069598,4220.265980282608,0.19219107503355978,0.766386953152223,low_DH
25,319,80,1264,0.6150571091187617,815.7967254756959,0.16577577651542597,0.75661706059802,low_DH
25,320,80,1265,0.5993606133867704,1428.6657238061114,0.20908657954311524,0.40025828351148407,mid_DH
25,347,80,1313,0.6816866821930574,444.1354297886912,0.19970910675028533,0.5458829059865721,mid_DH
26,28,83,100,0.33705901840907787,1820.748038117599,0.9309573264992453,0.536939645100387,high_DH
26,56,83,223,0.7813783113361128,1800.5526352610211,0.8006536660975765,0.20188294385842098,high_DH
26,85,83,297,0.4785329335211667,1109.6991137607524,0.34267069556084867,0.42673296337861105,mid_DH
26,100,83,395,0.606850959341492,2117.0481415842396,0.4675455153148921,0.782025823861033,high_DH
26,190,83,709,0.7241717057122399,2656.6193898430643,0.40755113122231806,0.2696238587648361,high_DH
28,85,100,297,0.5191509767721538,2857.714102932551,0.6114988663301146,0.110206681721776,high_DH
29,48,101,156,0.9282698596702926,4550.890773240279,0.2397001209409221,0.8890668824614938,mid_DH
30,53,104,171,0.5336994471185471,2132.0697689639683,0.13081275562557987,1.071930030863675,low_DH
30,88,104,321,0.6659655033178219,4033.286888915403,0.18438793671878942,0.3677939572698459,low_DH
30,380,104,1573,0.3722621289081431,310.4599155991171,0.06864700160407286,0.19318833048855288,low_DH
30,381,104,1575,0.6248852212075822,406.90109695182457,0.5681024356249793,0.8016728196304259,high_DH
31,98,106,367,0.3517587582826691,1885.3244060129032,0.4872544352507126,0.9872617851196679,high_DH
31,101,106,399,0.48489205538555674,353.7370459000418,0.47117569127832093,0.2011305639186869,high_DH
31,593,106,2231,0.4995443428238376,3784.537325583305,0.16364613645458834,0.44321032294310103,low_DH
32,51,109,165,0.4711828044722554,1230.5934044668734,0.3415891581489953,0.497829192193953,mid_DH
32,108,109,427,0.43396622454540973,966.0708246372692,0.3224739376369455,0.9022933625439931,mid_DH
32,184,109,629,0.6249645953603459,1316.535240670195,0.16820806306565708,0.504526759581629,low_DH
32,185,109,630,0.9679352269314225,1266.6294387005187,0.27530439647482896,0.349606314785196,mid_DH
33,60,111,239,0.8845693675083502,10544.696266367024,0.4876783294634563,0.583375220489031,high_DH
33,73,111,279,0.7490269841031291,7673.904761068234,0.16616131826454314,0.22739100293804804,low_DH
33,74,111,280,0.5748659042678573,7715.430390961935,0.12091778345639424,0.525469077413312,low_DH
33,112,111,437,0.5118546526300907,1250.779468177908,0.3113120060824301,0.32407495336560704,mid_DH
33,115,111,447,0.44266564143217824,469.1102733766929,0.27341504751266676,0.03451249011913898,mid_DH
33,291,111,1112,0.9022382457648401,7747.690813028098,0.25346888400710177,0.397316696861201,mid_DH
34,59,113,237,0.3481563898045778,2131.9217030634454,0.14370062455667099,0.85620089434613,low_DH
34,60,113,239,0.8796014259342411,3277.6938295941477,0.06272727611829862,0.13824688716613498,low_DH
34,61,113,240,0.33149870414406574,3606.437972181454,0.18778353225206218,0.312503580169762,low_DH
35,48,116,156,0.8884078692107553,4759.309581623277,0.2538370514927351,1.6119370125801569,mid_DH
35,49,116,160,0.41521349964146964,3549.110742223643,0.20142782206117668,1.012679208187667,mid_DH
35,50,116,162,0.8896606447845318,5125.336717225562,0.22337096523910366,1.08374732995003,mid_DH
35,120,116,463,0.5183916416210176,1608.5291432820115,0.9646544323358976,0.07392005429231202,high_DH
35,121,116,464,0.9153784479888327,2478.45735356514,0.48958379333226343,0.322437554304013,high_DH
36,43,117,137,0.6546236615548731,604.9470849045188,0.6138204926429013,0.41030392435763896,high_DH
36,44,117,138,0.22128752052973938,455.967398859123,0.1428938056584316,0.32286567668667593,low_DH
36,124,117,470,0.5725749384431897,293.8712838230053,0.24914302435297425,0.19397737339541093,mid_DH
36,139,117,533,0.3773800998251753,316.25173408786213,0.39580226304753247,0.08490173479706209,high_DH
36,154,117,577,0.4392316360675231,758.5703606985642,0.18744548044559617,0.05024759279006097,low_DH
36,155,117,578,0.5922202992434572,981.7569638889355,0.3682522161880997,0.7248740911045871,mid_DH
36,466,117,1822,0.585081622586733,261.4729765601618,0.3356418094002926,0.28894222288892196,mid_DH
37,39,118,120,0.555535313122506,624.788756602329,0.5974831676199834,0.106073035567667,high_DH
37,42,118,136,0.5909105928941871,665.0803172820946,0.38801188001308135,0.23648397086512002,mid_DH
37,44,118,138,0.5760449547492688,248.178538600798,0.38142846204530023,0.09763539650929298,mid_DH
37,147,118,558,0.6120585760485043,1159.6153157287592,0.6293250004017994,0.8100116655299141,high_DH
37,155,118,578,0.6296946014631969,1556.344605055598,0.2496615579439611,0.9501043712819701,mid_DH
38,39,119,120,0.32266171960007567,638.6979366822372,0.5800517628455252,0.233902370315678,high_DH
38,42,119,136,0.5543168111006825,713.555005736558,0.3775060225830831,0.10865463611710902,mid_DH
38,44,119,138,0.5928310447174051,361.80357809506586,0.37195084810550566,0.22546473125730399,mid_DH
38,45,119,142,0.616605336635035,1119.1103957181504,0.8490978945075736,0.77665773913472,high_DH
38,124,119,470,0.2665996860664965,858.9736763094835,0.26073501572820906,0.09657642796603899,mid_DH
38,139,119,533,0.3971506573681328,468.41283628819343,0.21432659471062893,0.18230268022643403,mid_DH
38,141,119,536,0.5561065300119751,923.1875242344317,0.385007084002375,0.425700530771294,mid_DH
38,436,119,1764,0.5734531761084501,1863.2638032631078,0.3302468423379019,0.025293587395187944,mid_DH
38,466,119,1822,0.35375967239257805,570.5703245479998,0.2012599459502793,0.19154127745955002,mid_DH
39,124,120,470,0.4283700601265044,669.1087757199615,0.3360099818737831,0.13732594234963902,mid_DH
39,139,120,533,0.5613026194992519,792.2731090688862,0.5073658444918524,0.41620505054211204,high_DH
39,155,120,578,0.6607598329393147,1568.1138280397006,0.39703067332277253,1.056177406849637,high_DH
39,436,120,1764,0.4739944569216946,1369.5655853906792,0.2596897090437555,0.25919595771086595,mid_DH
39,466,120,1822,0.5052330874632254,503.3812970060646,0.4403769563576358,0.04236109285612799,high_DH
40,119,121,456,0.5631620758422744,3059.193895353218,0.26170584831817534,0.6787180704439459,mid_DH
40,122,121,467,0.332660770906876,1020.6324745976947,0.5614660496379009,0.031105366943921964,high_DH
40,125,121,473,0.51895704724211,680.5370527237241,0.9651402753333457,0.0005947600760660143,high_DH
40,472,121,1837,0.48985202824281615,772.1904616628981,0.728547151943158,0.08953429810754299,high_DH
40,556,121,2100,0.49393460920173493,1855.4277477638645,0.17009792678624314,0.18752640629358097,low_DH
40,1129,121,5338,0.46064949064097904,2226.0188040804123,0.7609216808430411,0.47574272674624696,high_DH
41,125,127,473,0.3804839319930802,1228.8718359374243,1.457229365142142,0.308923758153817,high_DH
41,133,127,523,0.3966731359858728,1223.0748858317077,1.0310486874541895,0.49477660869766094,high_DH
41,472,127,1837,0.1989213737975097,1150.2881740095133,1.2080174804997368,0.21998422012234,high_DH
42,45,136,142,0.2522132730731532,554.7021593048635,0.47455347148383625,0.668003103017611,high_DH
42,47,136,145,0.371841208415904,429.44492688017374,0.25588307980174974,0.46451254365857286,mid_DH
42,139,136,533,0.5864372363461785,559.0494046631634,0.2649919349161456,0.07364804410932502,mid_DH
42,141,136,536,0.3593425490266915,623.0929842738341,0.038043452794524785,0.317045894654185,low_DH
42,147,136,558,0.5318400924974843,1057.228328583498,0.24899589060856597,0.573527694664794,mid_DH
42,228,136,930,0.3985718065814308,676.5906095211736,0.17735220082458666,0.8268939987948309,low_DH
42,229,136,933,0.6103259248808739,952.1545118102208,0.21678319660965514,0.797441574925388,mid_DH
43,46,137,144,0.7658906143732658,1026.4256552235117,0.690954528972688,1.24005368439619,high_DH
43,147,137,558,0.6580762097667339,1137.0031771598942,0.7286979377175136,0.9950853097101701,high_DH
44,124,138,470,0.5499643831460898,703.0963054210491,0.12191470423291063,0.128888303291265,low_DH
44,141,138,536,0.4189674437028025,563.1467581878717,0.042502276924708524,0.6511652620285979,low_DH
44,154,138,577,0.591681367635645,1203.9836727826194,0.04727936377719618,0.27261808389661496,low_DH
44,155,138,578,0.500532841207255,1406.8728483642362,0.2683930739966635,1.047739767791263,mid_DH
44,466,138,1822,0.590816987680871,466.8216103258098,0.1935161487912852,0.033923453797753966,low_DH
45,47,142,145,0.1723420729630383,366.5991568885325,0.2213357824696896,0.20349055935903815,mid_DH
45,141,142,536,0.4088460814202862,371.7895358360517,0.4755156268062597,0.35095720836342603,high_DH
45,147,142,558,0.6687568393095928,653.469637885044,0.23868886982611068,0.09447540835281698,mid_DH
45,148,142,567,0.5052020452740468,419.02817609587385,0.21205285880956629,0.3550800170531151,mid_DH
45,228,142,930,0.5114434314772576,865.6201492213006,0.3203370944142977,0.15889089577721993,mid_DH
45,229,142,933,0.5053410989334113,1113.8769834518969,0.2598011324523164,0.12943847190777702,mid_DH
47,141,145,536,0.5015749335102122,676.4057439251109,0.25585597393940457,0.14746664900438788,mid_DH
47,148,145,567,0.43942249857535215,755.1946045335983,0.04506515484039925,0.15158945769407695,low_DH
47,228,145,930,0.6172749938754448,499.0762600826857,0.10948342250536187,0.3623814551362581,low_DH
47,229,145,933,0.5359310841452841,752.7033838272982,0.060060966648373536,0.33292903126681517,low_DH
48,49,156,160,0.6960257003744724,1300.9337513290122,0.11638814785735878,0.5992578043924899,low_DH
48,177,156,620,0.9101712224850572,1737.0520259313107,0.6573871288961748,0.5961487214641188,high_DH
49,50,160,162,0.6547359612576595,1643.701275086139,0.05553282207258974,0.07106812176236299,low_DH
49,120,160,463,0.6500285653301155,2347.042226489601,0.7653965380212474,1.086599262479979,high_DH
49,176,160,619,0.5829513222152628,1366.917727251621,0.6327047470568632,0.2610173181424911,high_DH
51,108,165,427,0.743944777484245,2181.288441363253,0.07079507702395389,0.40446417035004,low_DH
51,945,165,4305,0.8422084728235145,6791.488257541822,0.9382771404563975,0.05969528709392602,high_DH
53,103,171,408,0.7409576580497764,2213.3015892330213,0.5700522636768551,1.314911679072945,high_DH
53,156,171,580,0.8177064566015865,2516.9673888222865,0.285922929572828,1.241183356071504,mid_DH
54,156,200,580,0.8740598925918796,4154.259606578893,0.456962168805062,0.4810402461788339,high_DH
54,190,200,709,0.4691275085698088,1054.8292935971288,0.23884617556743207,0.27118093381905806,mid_DH
54,202,200,787,0.6585021802139978,692.0164616629024,0.25776939539055554,0.25411629005862,mid_DH
54,230,200,934,0.6777748940705604,6055.0118438902155,0.5177000816310544,1.037096992995233,high_DH
55,56,218,223,0.3575953511562815,807.2205422106445,0.21777010844506453,0.0365284383833141,mid_DH
55,57,218,225,0.39641846001476727,946.6594725199036,0.021333383245349245,0.24602859411490097,low_DH
55,85,218,297,0.721148372808689,2200.274919200329,0.2678167875291306,0.18832158113687597,mid_DH
55,190,218,709,0.6602966425102831,1440.6060755098545,0.1953427534719987,0.031212476523100996,mid_DH
55,204,218,801,0.24387089116598565,751.6124177357542,0.22061515468492307,0.07705082111489103,mid_DH
55,210,218,882,0.3972883875716531,1076.8726698241544,0.07622549106906197,0.09177825971568393,low_DH
56,57,223,225,0.6244117048726312,398.0611490936381,0.22594196900296046,0.28255703249821507,mid_DH
56,204,223,801,0.4778681182776324,1552.3284073259726,0.4338090483007604,0.040522382731576934,high_DH
57,192,225,718,0.5692281519387254,3223.9494387161317,0.6951787987130462,0.754777615381315,high_DH
57,204,225,801,0.5609677614314896,1685.258257277475,0.21371041001693997,0.323079415229792,mid_DH
57,210,225,882,0.2838586155924289,308.6264170942898,0.06840530248454874,0.15425033439921704,low_DH
57,218,225,900,0.733690406330382,4572.9915730775565,0.14520525729303804,0.239310421417484,low_DH
57,261,225,1034,0.758021151082562,5781.981199196445,0.24925624936952043,0.008345809104878976,mid_DH
58,62,228,242,0.616378031861379,777.4115135164719,0.2948741873300366,0.434573527598541,mid_DH
58,66,228,249,0.8503451425135573,2759.0734498695633,0.23830841099303066,0.12551517444014199,mid_DH
58,70,228,267,0.9188691808789051,4010.732142105036,0.31161606739730874,0.257172399523568,mid_DH
58,246,228,1000,0.8514970796918901,2741.6680428482687,0.5881663812910386,0.011338622073750027,high_DH
58,261,228,1034,0.5632166306569935,3262.2470240405055,0.14354142549418716,0.07633957350528797,low_DH
59,60,237,239,1.0180415363128101,1148.255251291088,0.10915514520410292,0.994447781512265,low_DH
59,61,237,240,0.39281833101435126,1597.16645083281,0.3107678548063519,0.543697314176368,mid_DH
60,61,239,240,0.8390633023821829,730.6052109191,0.20205757981469052,0.45075046733589696,mid_DH
62,65,242,246,0.8489081156882506,3012.2693362763957,0.6187760516942669,0.19585190276961695,high_DH
62,66,242,249,0.5251155584776174,2329.3614969945365,0.08600594798963603,0.309058353158399,low_DH
62,70,242,267,0.6697062187628475,3760.4410504815364,0.6048793227354937,0.177401128074973,high_DH
62,239,242,978,0.7266913640047151,245.93238731984752,0.0924716559292999,0.5839113665812811,low_DH
62,241,242,986,0.7990425008242726,416.0451298405139,0.07155350755348792,0.12353988453424603,low_DH
62,246,242,1000,0.6211446123041029,2344.7560775224215,0.2974028316076024,0.423234905524791,mid_DH
62,261,242,1034,0.7077502035905167,3281.7135035624406,0.1535800232870084,0.510913101103829,low_DH
63,67,243,251,0.7570536438985527,412.425183999215,0.4713704134572548,0.406628257876061,high_DH
63,250,243,1004,0.927952936069464,582.8262924536967,0.9355308696103645,0.011801239242760012,high_DH
64,270,245,1088,1.3188864348745089,3168.2093472820466,0.11351133989121305,1.150915600712429,low_DH
65,66,246,249,0.5894983267323997,813.1509936584165,0.5566210541581897,0.11320645038878208,high_DH
65,70,246,267,0.8160305564319196,761.2742493211811,0.02513702904189821,0.018450774694643957,low_DH
65,246,246,1000,0.5444340344310341,733.9597558464388,0.909175793530864,0.22738300275517404,high_DH
65,256,246,1012,0.5983473706324636,869.885722896904,0.23492272705697384,0.18698341489843495,mid_DH
65,261,246,1034,0.6912882487797475,1290.204516614553,0.46637332964040645,0.31506119833421203,high_DH
65,263,246,1056,0.6234824902217593,791.4205414613679,0.15159043496314878,0.25328374785316904,low_DH
65,266,246,1082,0.4052574174355716,2746.6917691757412,0.08322846466920733,0.005871985677850078,low_DH
66,70,249,267,0.6492112954436355,1557.29126008306,0.5424922193843743,0.13165722508342603,high_DH
66,239,249,978,0.7977296469455228,2133.563924753237,0.06594517159002104,0.8929697197396801,low_DH
66,241,249,986,0.8825135357143935,2029.5157144693546,0.08301257460576013,0.43259823769264505,low_DH
66,247,249,1001,0.8057236520448283,453.4348460498391,0.2535452833115163,0.5775214031267529,mid_DH
66,261,249,1034,0.7196992654990336,1833.903268303555,0.10929097050695143,0.20185474794542996,low_DH
66,266,249,1082,0.6524124923094329,3503.775308645804,0.4940673747696048,0.107334464710932,high_DH
68,69,252,253,0.7925132681367066,598.5907494866929,0.05358161658502067,0.03306889875541097,low_DH
68,221,252,908,0.7345004317257172,1164.5013869755967,0.15079521106265245,0.04196108298386003,low_DH
68,222,252,909,0.8378300141456047,1435.270526105299,0.10112005616725277,0.25706067367246305,low_DH
68,250,252,1004,1.0194387943198655,942.5159162613182,0.19784276400412076,0.6126807462197951,mid_DH
68,251,252,1006,0.9343652505734504,643.1759909392259,0.41351937552865364,0.756246722653128,high_DH
68,252,252,1007,0.6217739559350971,772.6854712977066,0.06041309325533543,0.28887193351180496,low_DH
69,221,253,908,0.9635781872715256,1441.6147011311523,0.18073737959027172,0.008892184228449063,low_DH
70,246,267,1000,0.8233704875736612,1489.655979060259,0.8943504223255658,0.245833777449818,high_DH
71,75,277,282,1.0704778320763435,2472.3981134542205,0.5000608209749966,0.2635060231091281,high_DH
71,108,277,427,1.267822045191198,12428.122058429144,0.19863304439238202,0.5100845639321869,mid_DH
72,73,278,279,0.7323637919898476,789.7103404063239,0.11190293258050757,0.22145898140083892,low_DH
72,267,278,1083,0.7005363680334663,3586.2304768914087,0.23461683256904337,0.645300768928485,mid_DH
72,291,278,1112,0.8229153144134634,1081.2562119205695,0.31070600754098077,0.05153328747768593,mid_DH
72,397,278,1663,0.5287474019216121,8120.033558437913,0.14441591043977312,0.231932744592243,low_DH
72,400,278,1668,0.5112098571783251,8126.1690089226395,0.5397891140764739,0.12763799136226006,high_DH
72,404,278,1675,0.7959062533423354,8676.6944033343,0.51796779862999,0.07534468160900598,high_DH
72,867,278,3945,0.6605340202897737,1626.588113935211,0.22752581922638965,0.05481197241611402,mid_DH
73,74,279,280,0.6065797605889489,878.995739137544,0.10596793909665596,0.29807807447526397,low_DH
73,283,279,1103,0.2735020452524905,720.3620168544454,0.10823094395394597,0.21678739486859194,low_DH
73,286,279,1106,0.581977948626587,1930.751514046061,0.18800237351592974,1.001541364866756,low_DH
73,287,279,1107,0.5952727571376405,1087.4940268256178,0.14923105235798984,0.41754105512466694,low_DH
73,291,279,1112,0.41655336901952617,358.3953929851041,0.2550160702785978,0.169925693923153,mid_DH
73,867,279,3945,0.549711622824992,1758.68393073296,0.2717288236449777,0.27627095381695294,mid_DH
74,112,280,437,0.7774675587208822,6464.945360526397,0.2431850268104373,0.20139412404770496,mid_DH
74,115,280,447,0.7346635214830304,8042.479111510142,0.27255511886325723,0.490956587294173,mid_DH
74,287,280,1107,0.6927085126336819,813.4026867236556,0.05110428969533744,0.11946298064940297,low_DH
74,291,280,1112,0.7848314682662799,529.8392132434111,0.16516762537099644,0.12815238055211098,low_DH
75,112,282,437,0.8133013699752909,7949.569774303651,0.3822523155236088,0.008322445288447944,mid_DH
76,82,285,292,0.5727730131412478,2069.388154065503,0.12870354436312664,0.885460831120966,low_DH
76,83,285,293,0.5945175806237295,2173.9314832735895,0.1520888669899012,0.664471010563968,low_DH
76,115,285,447,0.6762533244033715,7551.747865105756,0.1880020574494682,0.8456496804652199,low_DH
76,287,285,1107,0.7285527523747595,1498.529786752121,0.15716081326949033,0.23523011252164394,low_DH
76,295,285,1120,0.5239426030028328,2061.176247970967,0.4401330085449859,0.2932078821066171,high_DH
76,867,285,3945,0.4028371887218755,2170.8972418310914,0.24940446049278361,0.37650021382935794,mid_DH
77,292,286,1113,0.3361579332137537,1035.8919354784293,0.19925654182845193,0.181259590708704,mid_DH
77,300,286,1132,0.21165883372674346,373.78067103735526,0.09027839355199938,0.205731486223939,low_DH
77,871,286,3953,0.347615121471679,1876.5704991540397,0.08718215882594155,0.4426339345080339,low_DH
77,881,286,3966,0.40598653043353433,725.267332679294,0.3263584711988892,0.431353258503928,mid_DH
77,882,286,3967,0.39284356287637745,744.4502815811429,0.5059484131387251,0.021482889271527972,high_DH
77,885,286,3970,0.3627056906504807,637.7115022596173,0.5355058249145508,0.03687632222960102,high_DH
77,889,286,3980,0.3329527937606525,649.5299301410658,0.5138538968521295,0.45652574993494,high_DH
78,81,287,291,0.20226192445703622,289.8810587288718,0.11207275726123253,0.11329248668879399,low_DH
78,82,287,292,0.29296691554835186,425.26455725377116,0.061242345461629905,0.22572906448559898,low_DH
78,303,287,1140,0.2290328563942426,205.925281623704,0.45594320580314246,0.038325353328545975,high_DH
78,321,287,1267,0.5230511530925271,3312.8221556251196,0.19943684247754828,0.20595122085863,mid_DH
78,329,287,1277,0.48242315492680193,4098.739602945303,0.10510682716028324,0.09039188857615699,low_DH
78,1765,287,9684,0.6182623767995642,4512.087615084145,0.1988352170907827,0.272889259726647,mid_DH
79,83,288,293,0.5915256517882655,1018.4171288532361,0.09672530851864762,0.15783247441582798,low_DH
79,275,288,1094,0.6851281347015242,4810.326463889553,0.3977814178531225,0.15526235850848003,high_DH
79,281,288,1101,0.5357825049257668,1690.8055022896167,0.1197286934899539,0.08688046021802101,low_DH
79,348,288,1314,0.7915956187513487,5823.62997593312,0.24535897262726086,0.09812936104146203,mid_DH
79,862,288,3940,0.6945335751435403,2610.5877088532015,0.13730212527678723,0.29647487834503494,low_DH
80,81,290,291,0.45640275164921007,903.7151010556141,0.04029408799741941,0.20988330220926998,low_DH
80,82,290,292,0.4673446400451799,839.470454788588,0.0904188129635125,0.5489048533836629,low_DH
80,91,290,330,0.5261646779707279,5464.580031886475,0.32786509735352404,0.19005379166642,mid_DH
80,92,290,331,0.46217745151100087,5297.773406862187,0.3200695060248069,0.004475005819258082,mid_DH
80,94,290,338,0.5021268093256375,5728.581054877755,0.2711160626281504,0.206929926853757,mid_DH
80,96,290,340,0.45511938593014434,5836.543371592796,0.41763341463613673,0.631520601917054,high_DH
80,271,290,1089,0.517427944795066,3227.8033841402157,0.30566330933766295,1.035844978346366,mid_DH
80,853,290,3918,0.5347824289576182,5172.415299206616,0.22084404168764185,0.44636122736089495,mid_DH
80,866,290,3944,0.3428990636655113,1864.5532425917083,0.17334627428669797,0.17111959025764,low_DH
80,1086,290,5103,0.47133421012337495,6056.355116722102,0.4846400299616738,0.32104484582529497,high_DH
81,303,291,1140,0.22537300733866814,483.7116237932336,0.34514654614130197,0.15161784001733997,mid_DH
81,321,291,1267,0.4694433749719072,3042.905907724424,0.09957654231070164,0.319243707547424,low_DH
81,329,291,1277,0.5241816213797136,3913.839723392452,0.15023014539405483,0.20368437526495098,low_DH
81,833,291,3889,0.5155013651657342,3818.477053858145,0.49307634886241203,0.11946160811679096,high_DH
82,303,292,1140,0.4164670913234676,601.9507928295567,0.40342215264746895,0.187403711157053,high_DH
82,321,292,1267,0.4231380123514737,2960.9221595252466,0.1549936236621278,0.019777843626968994,low_DH
82,1086,292,5103,0.5915051721515424,5218.704299273637,0.5718267221569584,0.227860007558368,high_DH
83,90,293,327,0.43143877625225646,4263.230481170797,0.5685424408699282,0.342435625365812,high_DH
83,273,293,1091,0.5994488704812172,3998.2917743999087,0.14333422925792672,0.14849502857386898,low_DH
83,274,293,1093,0.510442667822986,4232.852456251284,0.2651838219296712,0.375493020108508,mid_DH
83,319,293,1264,0.6142459152115393,4468.162242699544,0.44252733641775505,0.07702732992970601,high_DH
83,320,293,1265,0.4885815074033802,3839.058365393671,0.15264309072753063,0.27933144715682995,low_DH
83,352,293,1320,0.6401414923060609,5490.028331528105,0.34624289688839116,0.83414543896364,mid_DH
84,87,294,320,0.6220582353025899,209.39582565776692,0.15815871253340608,0.562219633914113,low_DH
84,317,294,1251,0.4154646455434258,205.3561066655592,0.1053171589450361,0.5274196152224091,low_DH
85,100,297,395,0.4726754307479848,3139.3562296796617,0.14509684236243747,0.355292860482422,low_DH
85,101,297,399,0.5755378778921688,3485.2517440481065,0.6437516196878285,0.638476490245115,high_DH
85,190,297,709,0.6675468002252614,3354.47778194492,0.09754036684474918,0.15710910461377497,low_DH
85,204,297,801,0.6334270374443761,2761.1732189455292,0.0846167858812556,0.265372402251767,low_DH
86,312,301,1177,0.32875618798764494,287.53118803991083,0.13778912632058216,0.19611392278043,low_DH
86,313,301,1206,0.3367933870318998,421.825187237244,0.10623529928142654,0.020933967940858,low_DH
87,102,320,400,0.5607662753277931,3133.5176982891844,0.08080655328915913,0.605219572288087,low_DH
87,315,320,1244,0.568026452252973,345.6221736333952,0.4166641629475917,0.14571868586174896,high_DH
87,360,320,1399,0.6145806962994408,1138.9751944994894,0.12924460715159766,0.46286937197559097,low_DH
87,379,320,1569,0.3863387031675584,3821.669679702809,0.27860168369548943,0.16836900215406603,mid_DH
87,382,320,1579,0.5303362343462719,3993.1803501023596,0.41496152026524513,0.44485040084527194,high_DH
87,659,320,2615,0.6269509627327319,4332.87406666833,0.4935721843908881,0.38996189428763794,high_DH
87,660,320,2616,0.4400483289571045,4184.723726146267,0.13677060934113652,0.3461788495184359,low_DH
88,89,321,325,0.6369150371282047,2316.2596873379057,0.40513636051129365,0.11246437658478103,high_DH
88,100,321,395,0.6235113679168799,3148.000856275877,0.3431372419840469,1.0660825130320721,mid_DH
88,164,321,601,0.6901508277701872,7357.817710923279,0.08422335248339902,1.0357458467104028,low_DH
88,380,321,1573,0.5920172660246771,4050.429514310865,0.12940447167046934,0.174605626781293,low_DH
89,165,325,603,0.6850521803438532,9082.941985479063,0.4648482676947827,0.48050903870457295,high_DH
89,274,325,1093,0.7634059565699186,5592.4466487954505,0.5002784695899241,0.171754635374058,high_DH
89,352,325,1320,0.6566461059228326,2816.833462065874,0.574860665126646,0.286897783481074,high_DH
90,110,327,431,0.5300446976409874,4772.971998733248,0.3264152138700943,0.42923284784972104,mid_DH
90,274,327,1093,0.5693252085160546,7487.167406235483,0.3298183867287879,0.03305739474269598,mid_DH
90,319,327,1264,0.47739012933624214,630.7792792716805,0.1477995049401353,0.419462955295518,low_DH
90,320,327,1265,0.29230858341843946,959.8900267530743,0.4382360487996055,0.06310417820898206,high_DH
90,352,327,1320,0.44922405188837145,1256.5690989167506,0.2564340048976335,0.49170981359782795,mid_DH
90,638,327,2392,0.6648107112190726,8626.803584608031,0.11648741343195597,0.06904874102122405,low_DH
91,94,330,338,0.5145380449086823,394.35296135106944,0.08672432667977037,0.016876135187336994,low_DH
91,96,330,340,0.5190295476016663,1050.1364267024724,0.6541324813475083,0.44146681025063395,high_DH
91,97,330,341,0.3602008887885644,385.8297326336901,0.1452491376390013,0.13139595336315202,low_DH
91,272,330,1090,0.5316684774381902,7945.826748618465,0.38067043081700924,0.48573250559057296,mid_DH
91,338,330,1300,0.22399305516768778,320.9256035215053,0.6221196829885204,0.31907224665314193,high_DH
91,1086,330,5103,0.48760417047758925,1683.3909167778381,0.7051784075076117,0.13099105415887496,high_DH
92,94,331,338,0.4515650415744213,466.2786890961416,0.10114990249873537,0.21140493267301508,low_DH
92,96,331,340,0.26659447646731604,1014.1197574087178,0.629293534654193,0.635995607736312,high_DH
92,336,331,1297,0.2615488055806601,203.96021009581676,0.3989018743044393,0.248149589806281,high_DH
92,338,331,1300,0.4899693925207171,497.3363449752436,0.652502988981809,0.51360104413882,high_DH
92,339,331,1301,0.5162442720167791,575.8278162242211,0.06159345967926824,0.36686488024554303,low_DH
92,837,331,3894,0.4904561748153565,7115.884793724164,1.0194866599349506,0.715293448301574,high_DH
92,866,331,3944,0.5869988138160163,7016.840349987101,0.4402437791353611,0.1755945960768981,high_DH
92,1086,331,5103,0.4203557175979297,1632.333228912581,0.669085157212015,0.32551985164455305,high_DH
93,96,336,340,0.5251085673582013,620.5348038053257,0.5525372437599831,0.606471584262019,high_DH
93,322,336,1268,0.5376610927677397,2286.0066074290758,0.47230851058427464,0.16287028545760396,high_DH
93,323,336,1269,0.4385834952495402,1994.949030701361,0.4487338384857733,0.19108651422941603,high_DH
93,324,336,1270,0.6174333957750502,2341.827816358776,0.4093788018518371,0.725301664766679,high_DH
93,349,336,1315,0.49757824871045875,1252.777599871728,0.4430068365787241,0.413553617972336,high_DH
93,637,336,2391,0.48864927151660636,7441.097783005959,0.1127664673119637,0.680471949088391,low_DH
94,96,338,340,0.3722438500310285,707.5626276036369,0.6179227133330205,0.42459067506329695,high_DH
94,323,338,1269,0.5084780015492202,2014.4525654575941,0.49994248341340414,0.009205605030694008,high_DH
94,334,338,1290,0.3994364200634999,217.68730119950865,0.2925675482696474,0.15534713795040994,mid_DH
94,336,338,1297,0.4771384390995401,270.5341854890293,0.42388934883063945,0.03674465713326591,high_DH
94,349,338,1315,0.5049822340408209,1243.6083378755839,0.4898296007337494,0.23167270877361396,high_DH
94,637,338,2391,0.504044241142499,7398.305728167214,0.31327293814377183,0.49859103988966896,mid_DH
95,333,339,1289,0.5838847126419768,232.45788616618637,0.4607941196330873,0.37793043649567803,high_DH
95,338,339,1300,0.6282724811910279,364.0505020068448,0.5497226329372764,0.516520262142519,high_DH
95,347,339,1313,0.5920352334663281,229.99893774460904,0.12216218979391236,0.20160243196788008,low_DH
96,333,340,1289,0.5341952608987052,957.3161350710297,1.2116011888181981,0.260984389244333,high_DH
96,336,340,1297,0.402316314653945,897.8316703172179,1.0231640903616814,0.38784601793003104,high_DH
96,338,340,1300,0.5434505167446128,990.1915581222676,1.2681497390560956,0.12239456359749201,high_DH
96,866,340,3944,0.589019288815074,7410.064098551561,0.26607343797805283,0.46040101165941394,mid_DH
96,1086,340,5103,0.4674673144426907,635.4730222006853,0.12401569215924259,0.310475756091759,low_DH
97,272,341,1090,0.5101376854817761,8225.964888774779,0.5127967452776665,0.6171284589537249,high_DH
97,319,341,1264,0.5569573138235319,998.5269416005111,0.20467916938921044,0.346284524453103,mid_DH
97,320,341,1265,0.523312473084402,1695.3176229254561,0.4679723586532863,0.010074252633432978,high_DH
97,351,341,1319,0.6352419757581403,851.3862529299357,0.5943396870244118,0.028903920499878,high_DH
97,638,341,2392,0.5317138150440316,7578.7440860851675,0.24748173197769816,0.004129689821190996,mid_DH
98,365,367,1468,0.45560798137993297,657.8037538477338,1.0774266104561134,0.3999657583059619,high_DH
98,378,367,1566,0.45114495225288914,1932.5116128659279,0.5404150590698082,0.8906458710074541,high_DH
99,362,389,1405,0.6405108307503758,482.8965935777437,1.2387505591758743,0.561638810123754,high_DH
99,385,389,1600,0.8211286343514603,2867.7713395513915,0.9391251584535905,0.075638055908396,high_DH
100,380,395,1573,0.6176936059621523,917.2054922316472,0.23106327738051802,1.2406881398133651,mid_DH
100,594,395,2232,0.5882900679396447,4483.072357478625,0.356532761480549,1.807810343964324,mid_DH
101,192,399,718,0.5616383974876634,1139.2958432040696,0.27432314713747774,0.058594112158175005,mid_DH
101,210,399,882,0.5972154504936856,3372.925976631804,0.8296134547076524,0.5419331688239231,high_DH
102,315,400,1244,0.4863212813658497,2788.154033757033,0.4742721662761182,0.750938258149836,high_DH
102,316,400,1245,0.5365424834411139,2730.149229076307,0.14118795431272696,0.37648848764603404,low_DH
102,360,400,1399,0.35570084229525367,1994.6232081876528,0.19649702091105017,0.142350200312496,mid_DH
102,365,400,1468,0.5645255021765268,887.811225363891,0.2752210129235122,0.06040011080099694,mid_DH
102,377,400,1564,0.48152365388200663,651.7357722912088,0.06804200874528313,0.028416105082539,low_DH
102,379,400,1569,0.35252393363803564,689.086662203505,0.2369222568654227,0.43685057013402095,mid_DH
102,575,400,2189,0.48161012185042285,3704.7009285411423,0.7541526140314164,0.351717538543872,high_DH
102,1019,400,4736,0.39921993306939046,403.71860954357663,0.4410156633932937,0.25982600469850303,high_DH
104,187,410,674,0.38780157509543184,1142.279887081889,0.2289693598348062,0.5145349507268471,mid_DH
104,371,410,1531,0.5441361824536498,282.4117577547609,0.2339140056990761,0.1655180546165318,mid_DH
104,381,410,1575,0.6806376743896675,248.76798308798195,0.3712441398166528,0.5734366528744139,mid_DH
104,522,410,1979,0.6546716977200796,6636.634929532037,0.19496903402458673,0.06949009601404699,mid_DH
104,572,410,2163,0.6570538107841801,2871.2685701548858,0.2219532362495193,0.6967335262867799,mid_DH
104,1345,410,5848,0.5894165197255762,6268.414372251937,0.9005763620937326,0.016780251360286158,high_DH
105,183,416,628,0.6030892813792884,898.7982895587836,0.7422151302912054,0.9700389220560119,high_DH
105,185,416,630,0.5576966890465516,885.7700039248062,0.7479992672107078,1.935985786913337,high_DH
105,188,416,677,0.7044752553413864,493.94056450271,0.73439363640296,0.658062773339692,high_DH
105,652,416,2448,0.8125713462049856,1292.2313071207996,0.6544235267859078,1.1407138524656708,high_DH
105,945,416,4305,0.6357844037233003,6190.724706901558,0.16566863271222074,1.148245567028114,low_DH
105,1029,416,4800,0.6972738475175919,1229.5576476751892,0.45236878784552764,0.49886336855103,high_DH
105,1446,416,6325,0.6396623169146837,2816.9631916219823,0.38323064023413544,0.560133579322603,mid_DH
106,107,422,425,0.6918243153693602,922.0274858484007,0.4780371514595111,0.746971725849163,high_DH
106,109,422,430,0.9971080219513608,2017.295645245585,0.13894684450285175,0.1347233397769121,low_DH
106,153,422,574,1.0722492042079288,6156.928596264669,0.7229882508654505,0.20317971465816198,high_DH
107,109,425,430,0.7371925515086972,1160.9927294208653,0.3648690658074404,0.612248386072251,mid_DH
107,153,425,574,0.7964177699877628,6970.620299500904,0.2772119640524483,0.950151440507325,mid_DH
107,270,425,1088,0.9638459522896613,12421.209613859884,0.7205212839399646,0.688486054758503,high_DH
107,280,425,1100,1.3697267534790816,13000.56031384823,0.5339958634918542,0.11710657305160399,high_DH
107,842,425,3903,1.1865509508106808,12542.236098516398,0.5971318254951334,0.385036068010101,high_DH
108,184,427,629,0.8239791742732996,2243.9847579623893,0.36058912437113605,0.397766602962364,mid_DH
109,153,430,574,0.8928096446279746,7655.091634944009,0.594462117745596,0.33790305443507407,high_DH
109,397,430,1663,0.799049081991816,1831.1915475488256,0.05544417421834675,0.19565615581788298,low_DH
110,115,431,447,0.8048335281530674,2231.888944898791,0.09219526230910521,0.094381447417343,low_DH
110,116,431,453,0.7215867695139631,8096.07972512802,0.391417054708314,0.053630051196633,high_DH
110,176,431,619,0.6116357135361582,5036.818563096982,0.45794647730215504,0.686817313744612,high_DH
110,179,431,622,0.7095502727393878,5085.921765796486,0.263660265966277,1.1953305179441922,mid_DH
111,114,434,442,0.5347758372535655,818.3184063847877,0.26097436281255065,0.06907915901869399,mid_DH
111,282,434,1102,0.5082340000062536,8170.170002456899,0.5734247268648663,0.783098032355021,high_DH
111,395,434,1657,0.38152735935150023,805.4343090808218,0.06488638281855025,0.576369096247035,low_DH
111,396,434,1659,0.30667958085757635,614.7284815075076,0.04627247103947556,0.462753626738284,low_DH
111,403,434,1672,0.37468172010973816,1254.239223503,0.2573428585746691,0.17139796147131203,mid_DH
111,415,434,1699,0.5678874712092474,1236.0593392503242,0.6653772241967756,0.015907299004723985,high_DH
111,1068,434,5028,0.6088859831723566,719.1687854302454,0.4164828732957017,0.837693694693332,high_DH
111,1078,434,5054,0.5875214746658655,259.374284972043,0.443422658979589,0.16053842732634893,high_DH
111,1092,434,5113,0.4731121581092815,1353.0812640955903,0.24153380136498412,0.411251441997331,mid_DH
111,1094,434,5115,0.5489775083031266,910.4516845208597,1.0984762958789887,0.410687580175372,high_DH
112,115,437,447,0.49527837387793344,1615.7572019437355,0.5072303560749511,0.28956246324646806,high_DH
113,294,439,1118,0.6382515673881349,7413.592818083722,0.09673900838907959,0.7202233242796119,low_DH
113,295,439,1120,0.6385903343916991,7737.3961862915985,0.17060694905583706,1.062007689408397,low_DH
114,399,442,1666,0.35624404394724424,798.6794871265694,0.302310643372102,0.04394388478789801,mid_DH
114,407,442,1681,0.3429714545131554,1219.9868935679613,0.42063287240911235,0.827635329938691,high_DH
114,410,442,1691,0.6097120920676602,1024.5180853391332,0.39504927981600463,0.23779774319285707,high_DH
114,411,442,1692,0.34522639947111555,1027.3712902078348,0.2348483971195189,0.423987797667744,mid_DH
114,414,442,1697,0.6722820026847335,566.2443152035845,0.2437331458521214,0.20590630444076696,mid_DH
114,415,442,1699,0.21110417141862553,421.54342865001615,0.42721652558747164,0.08498645802341798,high_DH
114,420,442,1709,0.6792446315723647,1068.3633126099119,0.12156139688306081,0.587979095164964,low_DH
114,1065,442,5021,0.6619001546252727,1739.3395652890542,0.41625283573583705,0.47168310192170904,high_DH
116,120,453,463,0.6286577413481416,2130.8989567230865,0.9834018072871241,0.08513457939624297,high_DH
116,121,453,464,0.4333196608311076,1690.903654113045,0.5163389108519696,0.31122302920008205,high_DH
116,426,453,1734,0.8419524523518918,559.7555062330462,0.09030678465394298,0.21102111662087697,low_DH
116,436,453,1764,0.6574068227430276,3244.4952564275945,0.8386616469548129,0.288022239007818,high_DH
117,119,454,456,0.5238117822817293,1498.7995456684635,0.1578771451542508,0.5101576797043229,low_DH
117,443,454,1776,0.1499405806017035,402.8185085744861,0.15828694179905112,0.23694118104445905,low_DH
117,1142,454,5359,0.3434593356530593,341.51392973950493,0.22751798225089812,0.403180654911675,mid_DH
118,166,455,607,0.6902497884327224,2551.3672730774565,0.06866537351055903,1.4188706285407309,low_DH
118,176,455,619,0.7864512385203655,1765.0221662134352,0.5307545958493748,0.24394738138411398,high_DH
118,178,455,621,0.6590807299542035,2366.284411306247,0.6937173526417895,0.211862112663884,high_DH
118,436,455,1764,0.6247619309876227,1117.972419004696,0.5246688007107739,0.208477744549313,high_DH
118,558,455,2102,0.5500004825553247,1433.5768855997069,0.3588813234305675,0.252315683449452,mid_DH
119,441,456,1774,0.5217256962442173,1592.3993798236625,0.30751700337870763,0.7336635926870899,mid_DH
119,443,456,1776,0.5518726804150972,1873.3195477333159,0.07183032327021328,0.747098860748782,low_DH
119,1129,456,5338,0.4820177587199736,835.4222985267954,0.5156405077191495,1.154460797190193,high_DH
120,121,463,464,0.4816133189145542,1023.9511311657594,0.48516673045942743,0.396357608596325,high_DH
120,176,463,619,0.5778442040124465,2891.7311552534597,0.1639077642295972,0.8255819443374879,low_DH
120,179,463,622,0.7581980533297922,3125.6475527515527,0.34318774933041907,1.334095148537068,mid_DH
122,125,467,473,0.2886851760338722,580.3534819586381,0.4155336626445387,0.03051060686785595,high_DH
122,472,467,1837,0.41510126295797917,719.4806321570932,0.17171089310327953,0.05842893116362102,low_DH
122,556,467,2100,0.2792153347087801,848.1249342296911,0.6427147115781412,0.21863177323750294,high_DH
122,1129,467,5338,0.4850880073734517,1206.7825874228506,0.21701958781480024,0.444637359802325,mid_DH
123,152,468,572,0.31926908777213214,791.6111229424206,0.2221653309327976,0.5042088359196939,mid_DH
123,456,468,1807,0.24384608534641894,627.688359671882,0.19023734264050096,0.025440278479227973,low_DH
123,457,468,1808,0.2816354688446654,608.237679381835,0.15753790838023024,0.19815336900397604,low_DH
123,487,468,1934,0.29962930865820186,728.3839924626935,0.7276042030643545,0.211031543356681,high_DH
123,552,468,2096,0.25368034694216385,604.5325162020051,0.08155911075617216,0.06683048137285302,low_DH
123,554,468,2098,0.33668711630576825,839.8126180554038,0.04446946117682992,0.19738533432904198,low_DH
123,1129,468,5338,0.2931122149424614,1244.1199585999593,0.1956764807224877,0.48717872871591905,mid_DH
124,125,470,473,0.5033200157469768,820.4087236781352,0.3390182499393578,0.05184259177737505,mid_DH
124,139,470,533,0.32190304598507147,579.5613306380304,0.20894478980555858,0.278879108192473,mid_DH
124,436,470,1764,0.4742447001579968,1076.8727521361413,0.10732591733498653,0.12187001536122694,low_DH
124,466,470,1822,0.1332752360296431,289.1717216049631,0.12494618182639886,0.09496484949351103,low_DH
125,466,473,1822,0.535535732414835,533.8482373283898,0.3284097122280548,0.04312225771613598,mid_DH
125,556,473,2100,0.4368397254883325,1282.4066159993874,1.0552403305891775,0.18812116636964699,high_DH
126,437,478,1766,0.3859084586576838,1078.3896727522215,0.12181978926207093,0.30574513696403205,low_DH
126,497,478,1947,0.4384051779661069,910.9065263909796,0.2107149985780102,0.03541771120734605,mid_DH
126,513,478,1966,0.39596502818659557,664.4854559386621,0.39868481274348344,0.105794673741751,high_DH
126,556,478,2100,0.36667202039464514,982.5981810740868,0.6400879420450271,0.06299894993834798,high_DH
126,558,478,2102,0.46398993921119686,1127.577742799202,0.1708164356854831,0.004752451807163993,low_DH
127,471,479,1836,0.34765451052010155,911.7477591423418,1.461867067423982,0.230011093447797,high_DH
128,129,514,515,0.1572089521171971,305.6283400905625,0.19632834571541458,0.7080336827321101,mid_DH
128,130,514,518,0.36249848223577125,363.2416771104327,0.40729751707217626,0.08815371999841592,high_DH
128,226,514,923,0.34110995773520203,286.31174242233146,0.08368360485523131,0.09959656150037,low_DH
128,525,514,1983,0.3250568042705239,616.2789992508809,0.2961834834594491,0.06563431069236603,mid_DH
128,526,514,1985,0.2218121360700375,549.9098732337403,0.3303440750850281,0.3441376461548269,mid_DH
128,528,514,1992,0.2736382358352987,375.4050605534961,0.0808157785022149,0.325652407905455,low_DH
129,130,515,518,0.2511213996998875,215.5861705230019,0.22589072274418182,0.796187402730526,mid_DH
129,135,515,525,0.2739845468517553,208.69413757057387,0.5552342763154011,0.24329204285668998,high_DH
129,499,515,1949,0.34285967057964634,475.6614548060681,0.5469760007831129,0.23935769432471798,high_DH
129,504,515,1956,0.2873335393287199,401.3935545462711,0.2029999032687553,0.567695165177168,mid_DH
129,515,515,1969,0.3253353998780153,718.921334970624,0.6704769091306879,0.75953688443631,high_DH
129,526,515,1985,0.2836972677924647,607.2500582691135,0.513842189249321,1.052171328886937,high_DH
129,528,515,1992,0.23683149405258141,531.261676714241,0.2362819412537622,1.0336860906375651,mid_DH
130,133,518,523,0.3776747929052301,479.5871713530886,0.1202758428456904,0.613072645687546,low_DH
130,137,518,530,0.35285231517192567,321.34462699386484,0.2641843627545071,0.643637340005377,mid_DH
130,148,518,567,0.40503729272774713,647.6651678277051,0.37399779294093427,0.22892875440637106,mid_DH
130,528,518,1992,0.18228976935161886,400.8097529502991,0.4576666756366254,0.2374986879070391,high_DH
131,499,519,1949,0.26378143580996255,201.05900659989356,0.07256519074401437,0.51956595743264,low_DH
131,515,519,1969,0.24270135939481483,484.5959581044277,0.11509043647490338,1.0397451475442319,low_DH
131,1275,519,5698,0.2979457411827433,345.7352615739978,0.1378851192238098,0.358047762562662,low_DH
132,150,521,570,0.15740184830075815,733.2719933314897,0.61864352710922,0.31378406932877195,high_DH
132,456,521,1807,0.2468644646342177,771.1619128687072,0.6054351897022968,0.257893953401016,high_DH
132,458,521,1809,0.2596010037196233,712.422793985283,0.3779256949939702,0.338529746622292,mid_DH
132,512,521,1965,0.2672368848812536,293.8347820792453,0.5675523276950643,0.6356292445497551,high_DH
133,135,523,525,0.3389124332206585,397.4513127195616,0.44775102471892153,0.42640679989966995,high_DH
133,137,523,530,0.33480405008386627,296.05784427332947,0.17269201624429956,0.03056469431783093,low_DH
133,472,523,1837,0.30032969601761905,299.69979976316273,0.21099572285040608,0.27479238857532096,mid_DH
133,515,523,1969,0.2717055312690301,344.3573988093957,0.5611910558623441,0.57642212739333,high_DH
134,140,524,535,0.31531557360480605,552.3434464252645,0.49462877194564164,0.49384232598754796,high_DH
134,516,524,1970,0.23124745050352866,235.98783291678333,0.10903255583110534,0.34077031795381596,low_DH
134,518,524,1972,0.3212954039445645,435.879602114817,0.2113269423065632,0.561637820403151,mid_DH
134,520,524,1975,0.19083725646069172,493.2032006353235,0.3042285962457369,0.7353489456410609,mid_DH
134,523,524,1981,0.33184799790483777,445.70291324991894,0.15074258478443894,0.580166900069928,low_DH
134,1284,524,5710,0.317843874639271,234.5566124007252,0.4328484473955824,0.65773905337288,high_DH
134,1294,524,5722,0.2429138990941577,513.5081283293268,0.25757880560602436,0.594324652861487,mid_DH
135,136,525,526,0.3334020960081977,217.56981404880867,0.3766700302429818,0.5548578697882931,mid_DH
135,528,525,1992,0.24871734041961208,523.8867091978689,0.7889687924919779,1.2769781334942552,high_DH
136,524,526,1982,0.30704153354528047,228.8010064342515,0.08102472350728446,0.029345014248736034,low_DH
136,541,526,2020,0.3277251298798593,384.42630329994967,0.08534593449559942,0.7196302837784649,low_DH
137,143,530,540,0.3690657190426438,328.6874309624754,0.038651333638592064,0.646570827435254,low_DH
137,148,530,567,0.2142016993295069,440.85040595604886,0.13319803213733306,0.4147085855990059,low_DH
137,472,530,1837,0.41762534284252056,593.6081542014292,0.37014396686940615,0.24422769425749002,mid_DH
137,499,530,1949,0.2864813349552443,289.64738482819433,0.5805923417473954,0.08680763159956895,high_DH
137,528,530,1992,0.41800459399398265,532.58890567876,0.21227173936968344,0.8811360279124161,mid_DH
139,141,533,536,0.36366257815430936,466.51313684184817,0.25237237269883384,0.24339785054485996,mid_DH
139,154,533,577,0.5991414076390038,1060.0919131640308,0.21130597215489128,0.13514932758712306,mid_DH
139,155,533,578,0.5481607094838417,1263.7755968027475,0.2983125020184676,0.639972356307525,mid_DH
139,436,533,1764,0.6013632046259098,1656.4127674565336,0.30299926873492666,0.1570090928312461,mid_DH
139,466,533,1822,0.3538745283357892,377.85115182100856,0.08761415508377783,0.37384395768598405,low_DH
140,149,535,569,0.29117334089304675,215.17153790715375,0.48553082109789936,0.207030091014883,high_DH
140,508,535,1961,0.11846879910635862,353.0829800702863,0.7077209300560133,0.184424320836301,high_DH
140,512,535,1965,0.17074374228982492,384.8029920586211,0.7031220885369471,0.005801045273543082,high_DH
140,516,535,1970,0.16370023014869758,322.1880726543168,0.5686577224443214,0.153072008033732,high_DH
140,525,535,1983,0.26229686369473454,273.86831033905344,0.8007942864989762,0.23573217914044609,high_DH
140,530,535,1996,0.30799397422760433,493.4311468735425,0.6425329955105359,0.532267121090902,high_DH
140,1228,535,5620,0.3042573007024959,614.7845039158199,1.2831778550496467,0.252575631122559,high_DH
140,1267,535,5687,0.13199277819196847,384.27175483817757,0.9862445692122213,0.193682231141296,high_DH
141,147,536,558,0.5475720753045391,438.8383600643058,0.25900625584588544,0.25648180001060905,mid_DH
141,155,536,578,0.46651811594041487,1007.6586923500403,0.292263059755957,0.39657450576266506,mid_DH
141,228,536,930,0.4693624809923149,1153.286138010412,0.16561909932688607,0.509848104140646,low_DH
142,501,537,1951,0.2032909894003964,563.1120425161602,0.9821343743748104,0.016132713408039012,high_DH
142,504,537,1956,0.18226719230812052,368.28077184666,0.6681597394537592,0.09002065775774803,high_DH
142,505,537,1957,0.2427892435749625,281.90138590091465,0.6682769282299923,0.15734906615963595,high_DH
142,508,537,1961,0.20551675766719646,304.98015680659785,0.49343777218781837,0.11341700631617901,high_DH
142,517,537,1971,0.2141720236428834,237.7015891551939,0.5492427725817265,0.12021679778789296,high_DH
142,526,537,1985,0.18333428002705954,232.0795682002498,0.04550695675432373,0.574496821467517,low_DH
142,535,537,2004,0.1853949191898185,488.61086996695,0.8780127034471559,0.10303926099629201,high_DH
142,536,537,2007,0.2707682926901788,469.2500367722987,0.38586240963885043,0.27322741851231913,mid_DH
142,547,537,2085,0.16532118546762226,258.27870017886994,0.47597338532671063,0.2570010492975481,high_DH
142,1275,537,5698,0.25258927356290295,484.0487135537118,1.148761820269039,0.39983500796467997,high_DH
143,148,540,567,0.37220858943819,236.86666027171796,0.11440465086043163,0.23186224183624804,low_DH
143,497,540,1947,0.36845437347286364,509.94177006736413,0.1375391270146408,0.641319056022622,low_DH
144,145,548,553,0.504399179147511,531.0914498487771,0.24002915268064526,0.2004069945506881,mid_DH
144,156,548,580,0.631172170506849,1999.5988858393562,0.7378390393487129,0.46624603373335316,high_DH
144,157,548,582,0.5726546202033999,2862.0410911496488,0.6377102778007743,0.6870783343896811,high_DH
144,158,548,583,0.7330111497624272,3054.8256875508705,0.6474438926112024,0.4324139818510131,high_DH
144,189,548,690,0.7466606734288296,5531.295817703082,1.1319230143235517,2.220737275144598,high_DH
144,758,548,3473,0.7314367992841624,876.6693785608157,0.7299770139793161,0.204254103010437,high_DH
145,156,553,580,0.8164535576874725,1666.904344489641,0.9721689111200186,0.26583903918266505,high_DH
145,371,553,1531,0.7410358309426222,6261.10934096058,0.6893945644235576,0.49033993534737985,high_DH
145,758,553,3473,0.7325219508063183,1051.3006210163085,0.960567785893607,0.4046610975611251,high_DH
146,158,557,583,0.5264141543210827,2965.9873572372003,0.2043813890135248,0.9134151494238729,mid_DH
146,189,557,690,0.6077935622171238,5470.681344801929,0.6647658111615846,0.8749081438697119,high_DH
146,522,557,1979,0.5612489623246721,573.0460602072018,0.30238447706706323,0.7511101599793029,mid_DH
147,155,558,578,0.47735285430537433,606.7315131969183,0.45328587589244956,0.140092705752056,high_DH
147,228,558,930,0.4674178200991353,1516.6430885160712,0.15015515408436295,0.2533663041300369,low_DH
149,497,569,1947,0.3019368546076757,664.8480520354938,0.2707065642118756,0.04183526774663393,mid_DH
149,499,569,1949,0.26349672584537137,761.5565059532215,0.7526870262965724,0.039720592440303015,high_DH
149,508,569,1961,0.2777665350052872,553.7295400302721,0.23488398242532732,0.391454411851184,mid_DH
149,515,569,1969,0.311281765038137,356.90387113313415,0.8765726249852887,0.559899782551895,high_DH
149,516,569,1970,0.2610628242982024,480.3816776306148,0.0865294224734771,0.05395808298115101,low_DH
149,520,569,1975,0.2172341911315981,241.9616797412455,0.2909115501365544,0.44853671066839595,mid_DH
149,523,569,1981,0.3051477785541362,365.7173429950386,0.15938977570541976,0.29335466509726305,low_DH
149,1267,569,5687,0.2825279918149438,573.3095925300131,0.5021987376518198,0.400712322156179,high_DH
150,456,570,1807,0.16752267422997213,281.02039236593197,0.07289389086353767,0.055890115927755946,low_DH
150,461,570,1814,0.2517795867509137,252.9225967255968,0.14337952506724122,0.42842231173629297,low_DH
150,463,570,1816,0.19975767762817553,367.42405661318423,0.12993773882706156,0.039727400589244954,low_DH
150,469,570,1834,0.23886279375306443,770.9434274739123,0.7050963469973672,0.23926680722757993,high_DH
150,487,570,1934,0.1058910770773708,817.1343577488781,0.8482978969419611,0.1297011489496971,high_DH
150,489,570,1937,0.21732202294641645,785.6736420668311,0.5823828351676329,0.06536642056908992,high_DH
150,512,570,1965,0.1972382546004972,563.075617305072,0.08112942802004931,0.3218451752209831,low_DH
150,552,570,2096,0.24079309838854057,381.7135876379817,0.20412389634588132,0.14816087577983694,mid_DH
150,1238,570,5638,0.13033002570507518,807.8802427239582,0.8544768288768014,0.6431384924613339,high_DH
151,455,571,1806,0.3358250225965524,646.5044960837117,0.1475698654995208,0.1275035974957971,low_DH
151,513,571,1966,0.33526099259633285,676.9117092046652,0.2189449354361256,0.23832478192472406,mid_DH
151,548,571,2090,0.4116871246857786,219.62621450466716,0.049284085422695925,0.31841343076184103,low_DH
151,562,571,2112,0.4473193454919641,498.76557882115196,0.4058540491427162,0.125808598958572,high_DH
152,456,572,1807,0.27023338829098364,391.3759140196718,0.09699512525818826,0.478768557440466,low_DH
152,457,572,1808,0.1864531657899495,405.1976922734933,0.08882625458265528,0.70236220492367,low_DH
152,468,572,1832,0.2611486976856443,1019.2223430750101,0.5174310066753046,0.42556151771902795,high_DH
152,552,572,2096,0.2600643494982414,295.5761249464958,0.24446414324499438,0.571039317292547,mid_DH
152,565,572,2117,0.34274885123488125,1855.8515205511517,0.6899349262223612,0.11065390527582208,high_DH
153,617,574,2347,0.818974887487486,1756.9312196835003,0.4006389516761055,0.09958349663872601,high_DH
154,166,577,607,0.7116035549569296,3445.3372955100876,0.5639652071412037,1.605488607845921,high_DH
154,178,577,621,0.6039586729611363,3519.387054818905,0.2504897986326233,0.39848009196907397,mid_DH
155,161,578,594,0.6152480961462508,2924.408883435512,0.11484599359720525,0.22688872386024017,low_DH
156,157,580,582,0.6348381321637651,862.7460750366748,0.17906088139223325,0.22083230065632797,low_DH
156,202,580,787,0.832712897079032,4388.543214984207,0.22404021488169312,0.7351565362374539,mid_DH
156,229,580,933,0.6730287476660739,2996.8074920102813,0.3159893526901767,0.17014492484522115,mid_DH
156,230,580,934,0.6452280209293153,3059.353802808065,0.09513031838669869,0.556056746816399,low_DH
156,758,580,3473,0.9299184936487275,1555.7667270779907,0.12561887952113093,0.6705001367437902,low_DH
157,189,582,690,0.6492905478243639,2694.0362325234323,0.5130627129796014,1.533658940754917,high_DH
158,189,583,690,0.43443601185516034,2508.4839365155767,0.5041007720459749,1.788323293293585,high_DH
158,371,583,1531,0.7334985674730228,3572.0642748548535,0.23762026707589687,0.25833294804705487,mid_DH
159,571,584,2159,0.4041412989485566,426.0575896947224,0.10552856875055602,0.44505502095816496,low_DH
159,653,584,2489,0.43071281384477905,570.3067799729313,0.4014606646619193,0.35772572502470196,high_DH
160,192,585,718,0.5752953254942584,2464.1411846854808,0.3113359061424879,0.09547901493146194,mid_DH
161,169,594,611,0.439539434906254,789.0930930423207,0.23810762803305496,0.370011120634534,mid_DH
161,172,594,615,0.5185503665102604,1066.6925899870375,0.38009172745729525,0.6074624523686101,mid_DH
161,178,594,621,0.6219460470189996,1678.256539441337,0.044344363016331274,0.14975286806533394,low_DH
161,179,594,622,0.6606897153996656,1879.967004121849,0.40334626081589736,0.39084560485447617,high_DH
161,352,594,1320,0.6654654326053403,6926.394442282576,0.594081663212017,0.11645774835783307,high_DH
161,594,594,2232,0.5344971304883691,401.4147186550985,0.7479614237120941,0.683752172393792,high_DH
162,163,596,598,0.38107895483642373,293.8205754896505,0.22177446743635656,0.39188354992182095,mid_DH
162,167,596,609,0.4605394296117342,999.3016250490015,0.31823476189752625,0.6954857173154669,mid_DH
162,180,596,623,0.4015036330791485,1087.877265223526,0.20941553897157714,0.6345969512854659,mid_DH
162,592,596,2230,0.5011439968216438,206.0117354544068,0.07781570650164395,0.33143193754672406,low_DH
162,638,596,2392,0.5219447576595853,2192.5380916435897,0.4173211242610058,0.42954592362217603,high_DH
163,167,598,609,0.39507930039537875,1099.8524920897596,0.12100671406718513,0.303602167393646,low_DH
163,168,598,610,0.4441198952613622,1064.8397222601916,0.06048340116917731,0.336506418632333,low_DH
163,170,598,613,0.2111128453239615,664.4348019819905,0.31235008158635313,0.459441485940868,mid_DH
163,173,598,616,0.4615278850350567,1291.771468235513,0.06918959145655078,0.37970957321921794,low_DH
163,180,598,623,0.47969871755159066,1317.446939896016,0.06461105068964344,0.24271340136364494,low_DH
163,581,598,2205,0.28890697248945746,487.92946283479563,0.15774838258990168,0.15102270545463714,low_DH
163,594,598,2232,0.49186478612111983,213.50131198804112,0.308941560623886,0.306623505111014,mid_DH
163,610,598,2333,0.4005843592433514,1041.7813159341265,0.20845700125932187,0.05256290521420115,mid_DH
164,165,601,603,0.5491271850924451,206.72503197391518,0.049147517318961734,0.6677011845906109,low_DH
164,166,601,607,0.5551524247639963,935.9443490602416,0.09072420786812505,0.07948545963956999,low_DH
164,170,601,613,0.4732764070880478,669.748384069223,0.049068923751678616,0.14120003494829692,low_DH
164,172,601,615,0.5538752773316686,917.3404413455767,0.4234692635889846,0.37030773580333287,high_DH
165,188,603,677,0.5000371347851521,2713.7533154842663,0.29045317455275504,0.111436532267704,mid_DH
165,380,603,1573,0.6016909379336682,3245.926510083074,0.19515812757958484,0.19343903533849893,mid_DH
165,599,603,2285,0.5247016696705649,461.88821911338744,0.3737001773860593,0.33523166617269795,mid_DH
165,658,603,2614,0.6424773063660673,2628.7308039082377,0.5745393047691683,0.39935697681804205,high_DH
166,172,607,615,0.43987458240877964,944.3990002188106,0.4702610439473489,0.44979319544290286,high_DH
166,176,607,619,0.535589769763574,1369.0036817495304,0.5641115715732973,1.174923247156617,high_DH
166,178,607,621,0.7089827087031172,515.806949491379,0.7328767445047821,1.2070085158768469,high_DH
167,170,609,613,0.3397219866460113,728.3125699378038,0.40750406098005465,0.155839318547222,high_DH
167,175,609,618,0.22179167609867892,1167.740661363961,0.25625894708023533,1.025820474693074,mid_DH
167,180,609,623,0.4197243552883848,622.1813839217073,0.11442066058144007,0.06088876603000104,low_DH
167,430,609,1741,0.27566225867954586,2358.1761630924425,0.3595549878292047,0.9536485810866789,mid_DH
168,170,610,613,0.4341312525732055,543.7572350816423,0.3052885478738729,0.12293506730853498,mid_DH
168,173,610,616,0.49664914718807585,995.4263756372319,0.02078460736279332,0.7162159918515509,low_DH
168,180,610,623,0.40391744218043535,374.39767074530084,0.028795775023815105,0.09379301726868805,low_DH
168,649,610,2430,0.44530031908416184,370.17055870633425,0.624246674938098,0.6417940530799799,high_DH
169,172,611,615,0.5518980149332119,513.6414501222235,0.16310864244749565,0.23745133173407607,low_DH
169,179,611,622,0.6905433967365452,1091.6745975589693,0.236671425945003,0.020834484219942162,mid_DH
169,352,611,1320,0.5346811269397406,7168.577369214701,0.40878121038123477,0.25355337227670094,high_DH
169,594,611,2232,0.5010222791920721,443.5565906085968,0.5919105621946087,0.31374105175925804,high_DH
170,171,613,614,0.3689646963633526,428.471337083452,0.05479991648956723,0.2943266253700929,low_DH
170,173,613,616,0.3339284075237224,733.208972976513,0.2981708924699903,0.8391510591600859,mid_DH
170,581,613,2205,0.2645212353697163,202.10922416620687,0.3166394435336635,0.30841878048623084,mid_DH
170,610,613,2333,0.40007674014923467,442.7635857485218,0.5164871931607223,0.4068785807266668,high_DH
171,173,614,616,0.27342186460053775,332.5757205367048,0.32693653323858923,0.544824433789993,mid_DH
171,174,614,617,0.30181072866458003,532.1633023539549,0.27092120965872785,0.616928487796444,mid_DH
171,581,614,2205,0.32955759990109323,567.2492876985913,0.3629711787385731,0.014092155116137928,mid_DH
171,596,614,2236,0.3337127302287013,1057.866538331544,0.5946938972384028,0.06342433363352296,high_DH
171,609,614,2332,0.3165064277825418,375.84525326062493,0.3766307077851395,0.1727036638426851,mid_DH
171,613,614,2339,0.33482107851699466,213.28241923366795,0.3218423271117679,0.4965754505980411,mid_DH
171,615,614,2345,0.3185893549439554,403.29517787795055,0.4921884267907323,0.39621250172322897,high_DH
171,629,614,2380,0.41313894596711437,1000.4018600550606,0.19845062951215808,0.4725282895159879,mid_DH
171,636,614,2390,0.37850816525928277,1769.7621278628474,0.10640502553689328,0.93049586141064,low_DH
172,180,615,623,0.36755634709310125,663.4604437918977,0.26523826465016165,0.012379616277812922,mid_DH
172,436,615,1764,0.5890049838017017,2605.613082309914,0.2074900435490451,1.177555177647141,mid_DH
172,558,615,2102,0.5211521113834692,2790.642095098646,0.16263278204957754,1.22139311654728,low_DH
172,594,615,2232,0.5707993446655224,667.9438097988248,0.4824815315929272,0.07628972002518197,high_DH
173,174,616,617,0.35382791678532505,329.2586807748502,0.5896151288032419,0.07210405400645103,high_DH
173,558,616,2102,0.5245747187935362,2366.6413615090287,0.12066895492037005,0.61134975824223,low_DH
173,636,616,2390,0.49460846732974395,1893.5159432692412,0.2888083851802486,0.385671427620647,mid_DH
174,175,617,618,0.32463124508915564,646.8833436726768,0.5948485032487763,0.27040468007375895,high_DH
174,430,617,1741,0.32982707302396685,1021.7166283047948,0.3346220996483197,0.19823278646736398,mid_DH
174,581,617,2205,0.3519189047598673,1093.1857320279291,0.6256796472124171,0.6028363326803061,high_DH
174,610,617,2333,0.366052144055436,899.4766191606512,0.8091545303930249,0.5043765324398701,high_DH
174,611,617,2334,0.3002524481737697,642.7571523749555,0.764790161651884,0.333701825656739,high_DH
174,613,617,2339,0.3395973605068639,525.1225403622585,0.5912725967839128,0.12035303719840296,high_DH
174,626,617,2374,0.37438927592913107,500.9026382520254,0.862698512154667,0.23172055250036605,high_DH
174,627,617,2375,0.35120289046965114,529.5267195765118,0.05394301861515389,0.400300346589337,low_DH
175,180,618,623,0.45175142958790887,580.3846086829483,0.20812468947580037,0.9649317086630729,mid_DH
175,430,618,1741,0.20439908741973895,1426.3103842066553,0.29659918620539855,0.07217189360639498,mid_DH
175,437,618,1766,0.3847861830094119,2859.6773254591712,0.2644542989898064,0.03215166099484801,mid_DH
175,626,618,2374,0.3193312219920345,430.27074203180024,0.38367578338814856,0.502125232574125,mid_DH
175,627,618,2375,0.3705663927576819,436.9111834021649,0.5476465920757342,0.12989566651557805,high_DH
176,179,619,622,0.5436537853199934,520.3469759240437,0.19785171632196283,0.5085132041995801,mid_DH
177,178,620,621,0.6715050336165554,730.3190661068921,0.16843005939579545,0.29621166979109215,low_DH
177,179,620,622,0.4724966569267243,499.62693137590605,0.2758095167376021,0.24438680312871797,mid_DH
177,426,620,1734,0.9579578334295251,3993.5391085522847,0.9802452670682654,1.215594882632984,high_DH
178,179,621,622,0.5951210904298012,503.351361959798,0.3658376209505435,0.5405984729198101,mid_DH
178,348,621,1314,0.6183715654810489,6959.848336232231,0.6284126695633164,0.8238966579977629,high_DH
180,558,623,2102,0.5114014943028036,3015.4147873779057,0.12414238278535102,1.233772732825093,low_DH
180,594,623,2232,0.500264381999363,1130.6378635271496,0.2699077872878328,0.06391010374736905,mid_DH
180,610,623,2333,0.41340137766557183,288.50998276764847,0.22978556358100358,0.1901504961494438,mid_DH
180,638,623,2392,0.48517331357504356,1151.1354738140253,0.22447118848219544,1.0641428749076418,mid_DH
181,581,624,2205,0.3790264719621474,1041.826905151995,0.18534575296750108,0.616354474054831,low_DH
181,608,624,2329,0.39313431179593755,591.1292918933799,0.1425905488464615,0.2820153853468731,low_DH
181,610,624,2333,0.33774631841257524,433.20116823382443,0.12295017077458992,0.517894673814395,low_DH
181,611,624,2334,0.3439491558264127,602.2610963604784,0.07405783510867237,0.3472199670312639,low_DH
181,618,624,2353,0.3553764433966942,1104.4905773732348,0.1578164848609671,0.07427922101758011,low_DH
181,641,624,2396,0.4088838540694662,961.4664817667319,0.1501102509818887,0.11112862174957905,low_DH
181,643,624,2399,0.45107659784513543,851.7120022225067,0.09363315105642113,0.36600267698716105,low_DH
182,580,626,2202,0.49833725509640203,1207.0821466492475,0.3885996918193439,1.072031640940542,mid_DH
182,621,626,2363,0.41052048846216826,1773.990908477691,0.5311112790011404,0.08266792965016001,high_DH
182,1414,626,6042,0.5246591370291965,2051.391123954621,0.8971989996112579,0.320119080643672,high_DH
183,362,628,1405,0.9276957134185008,3855.4099301051924,0.17100151217030093,0.18383537067594302,low_DH
183,383,628,1595,0.8220869483810888,968.9959634946587,0.6763080210079163,0.9664091842264801,high_DH
183,652,628,2448,0.781353434655582,492.64680715306434,0.10667323027137163,0.17067493040965898,low_DH
183,945,628,4305,0.6237951794559448,6756.967710570896,0.8565454844005154,0.17820664497210204,high_DH
183,1539,628,6671,1.0518645050218456,267.868214512674,0.2741285651877831,0.12631083669503995,mid_DH
183,1550,628,6843,0.633819310080275,493.49669403006857,0.8094444753545103,0.01823601081821602,high_DH
184,945,629,4305,0.8346932574591567,6945.317459467865,0.578656024687286,0.06639285448160204,high_DH
185,652,630,2448,0.8998655358322196,428.1132987501139,0.1044825748464426,0.795271934447666,low_DH
185,945,630,4305,0.5108383958792839,6842.7292729946585,0.8679539692603858,0.7877402198852229,high_DH
185,1029,630,4800,0.9739169471437585,1943.8809644283167,0.3182888196545685,1.437122418362307,mid_DH
186,371,655,1531,0.7209408135697549,2061.878979596707,0.35312803033010726,0.36878020790324706,mid_DH
186,1541,655,6694,0.7995464490061358,1395.3042734133458,0.1959380332213296,0.5224130250179521,mid_DH
187,371,674,1531,0.657373659418411,1367.4833100776743,0.2619222510896042,0.6800530053433789,mid_DH
187,381,674,1575,0.7109945649301301,926.9910591440395,0.36546851867314445,1.087971603601261,mid_DH
187,657,674,2605,0.5719269842643055,204.43268410848188,0.5855690234088653,1.182318372285088,high_DH
187,1000,674,4541,0.6988764653667007,3759.8251257123193,0.3197496178168793,0.520952406377994,mid_DH
187,1345,674,5848,0.6656247439478787,5525.259334910022,0.9136897115100272,0.4977546993665609,high_DH
187,1541,674,6694,0.6618866631339075,1924.464166105762,0.14272480046455252,1.571246238264578,low_DH
188,380,677,1573,0.4189226116604396,534.9054682322862,0.12851217723923467,0.08200250307079493,low_DH
188,381,677,1575,0.7017232820236162,516.6961622559696,0.6103465782331766,0.690486992212668,high_DH
188,599,677,2285,0.5877198455634692,3039.131147992577,0.6409507681052169,0.22379513390499395,high_DH
188,1446,677,6325,0.5957922055139658,2976.19310683941,0.3906342350326297,0.097929194017089,high_DH
189,371,690,1531,0.4091464048174764,1068.7755316002654,0.6843543749427399,1.5299903452465302,high_DH
189,572,690,2163,0.6013724323257398,2087.2694978757977,0.4612645096394899,0.998774873576282,high_DH
190,202,709,787,0.38219786285583035,432.29695981550293,0.0860937247462493,0.017064643760438036,low_DH
190,204,709,801,0.4414897270645092,689.3956100128239,0.03978036760194849,0.10826329763799203,low_DH
190,229,709,933,0.7051931923559914,6700.002710042536,0.5605906220210464,0.9223661048431131,high_DH
190,230,709,934,0.7252853445154659,6636.841913897338,0.336303006729674,1.308277926814291,mid_DH
191,192,710,718,0.3549551134853535,427.5865404535756,0.8571953782223508,0.1730562697005681,high_DH
191,195,710,732,0.557008724487103,1302.819041175554,0.4956576262403426,0.016930180995937016,high_DH
191,203,710,789,0.3709419034649586,1391.6959996594837,0.37275691970038843,0.41818141873487796,mid_DH
191,206,710,854,0.4476109748969231,1941.6530010268473,0.2017031442244586,0.42762568393508893,mid_DH
191,210,710,882,0.5332493268564046,2944.982441894716,0.22672270878228173,0.4274710112815299,mid_DH
192,206,718,854,0.4543249138702116,2352.5920413439376,0.6583461820615001,0.600681953635657,high_DH
192,210,718,882,0.45336423272632664,3355.4043791934014,0.6309705028135166,0.6005272809820981,high_DH
193,667,725,2724,0.2648826311641629,483.2921382755159,0.11082190842088675,0.233713415176255,low_DH
193,670,725,2821,0.2501808390758133,290.43828305295904,0.19627835374309172,0.48528695576121994,mid_DH
193,672,725,2839,0.25204966550602587,820.4560765444969,0.10863784248322916,0.12100790386943105,low_DH
193,684,725,2991,0.25976211698552765,393.75490416516215,0.053796416788525245,0.23816938434462398,low_DH
193,686,725,2993,0.18105408803400508,364.92463461174685,0.05181671056869432,0.30534931424182293,low_DH
193,695,725,3043,0.19131184572577328,942.1948817085536,0.12767578470036756,0.12744040160748493,low_DH
193,699,725,3047,0.28138750838338766,745.4459450270562,0.3608591482740011,0.37064906518825097,mid_DH
194,195,731,732,0.1733672703265163,329.2548728242356,0.35999867922789414,0.05065225627935399,mid_DH
194,196,731,749,0.511416854980986,2418.219985408947,0.3230616303351618,0.3152483680874709,mid_DH
194,198,731,759,0.5230310932867686,1838.4875131296878,0.26712311621143536,0.010173850633566017,mid_DH
194,199,731,761,0.5543854028621192,1098.1936821517477,0.20628657437149442,0.5084266234636501,mid_DH
194,202,731,787,0.45798339004724814,1070.782582719411,0.24824180992931305,0.316118509045092,mid_DH
194,204,731,801,0.623427036097898,1546.6657062537554,0.23703886930227597,0.22491985516753799,mid_DH
194,224,731,916,0.5020651049988132,2968.225530384333,0.056586275500570146,0.12869326576024898,low_DH
194,1572,731,7357,0.4718312454632916,1883.5148197089864,0.9376868547172187,0.09887100585481601,high_DH
195,196,732,749,0.3973261992557931,2113.105852020894,0.04331325542198105,0.3659006243668249,low_DH
195,198,732,759,0.3691110471581997,1523.3984817500348,0.10076656008751829,0.06082610691292001,low_DH
195,199,732,761,0.4001496174086925,773.8415866788675,0.16356137093037879,0.4577743671842961,low_DH
195,202,732,787,0.5903293698705959,1391.2482227003377,0.11412768725777779,0.36677076532444597,low_DH
195,204,732,801,0.5879005766617511,1866.8049680414563,0.14431893268275373,0.275572111446892,low_DH
195,210,732,882,0.5966616366121167,3487.781589493829,0.26996697724175345,0.44440119227746694,mid_DH
195,224,732,916,0.4278690719920169,2680.7604967770867,0.4081091668205528,0.17934552203960297,high_DH
195,1572,732,7357,0.4881411900931034,1554.3965646146203,0.5882716521365433,0.04821874957546202,high_DH
196,198,749,759,0.29521671934489757,610.3053197918226,0.06188677010073819,0.3050745174539049,low_DH
196,199,749,761,0.29004662488362776,1364.6189265738922,0.12511116994890054,0.823674991551121,low_DH
196,224,749,916,0.40996087776725176,636.774983858382,0.37039425858493746,0.18655510232722194,mid_DH
196,1572,749,7357,0.5990119097133673,877.8457494334035,0.6217842780331759,0.41411937394228693,high_DH
197,225,752,919,0.47506654108793106,1236.7018816576258,0.3546550766540522,0.10255843417060306,mid_DH
197,568,752,2130,0.47090405492664655,1226.6418665075958,1.0224889665940498,0.8972552832191409,high_DH
197,672,752,2839,0.3676063716203873,2391.760561575467,0.15281748499440787,0.144247879409106,low_DH
197,768,752,3497,0.4787908314208207,3175.345743079679,0.1320742356712552,0.4740196632932059,low_DH
197,1690,752,8924,0.4859482284026687,3379.697271812404,0.11535989943111022,0.41805267096958,low_DH
198,199,759,761,0.21491824892356365,760.251728084883,0.08226738050438648,0.5186004740972161,low_DH
198,224,759,916,0.3448865451159697,1232.0690244413565,0.3121094862447137,0.11851941512668296,mid_DH
198,225,759,919,0.5928641428349695,2043.1710898348192,0.27700777770259827,0.200076946313679,mid_DH
198,771,759,3508,0.6148512940437479,4170.721386350785,0.23002472074771763,0.1374600723309649,mid_DH
198,1572,759,7357,0.5481825863647817,444.54898018998585,0.6823016351807427,0.10904485648838202,high_DH
199,204,761,801,0.6650760769845709,2640.624831880047,0.07647757442459316,0.7333464786311881,low_DH
199,224,761,916,0.4800882750825007,1964.0187972942288,0.25590607213764915,0.6371198892238991,mid_DH
199,1572,761,7357,0.6203732762135685,803.3474003444468,0.7321861776482609,0.4095556176088341,high_DH
200,203,773,789,0.32976829845862365,667.8020634831616,0.20339149861429456,0.11842708613957798,mid_DH
200,207,773,861,0.2323056680692057,763.9528801384375,0.33471441430470605,0.18970619000764805,mid_DH
200,209,773,881,0.3371008289231399,1157.5110619147458,0.1064287276646676,0.386509898341692,low_DH
200,213,773,887,0.30849098057600605,1144.964412210287,0.10691226215457375,0.11199843787749597,low_DH
200,214,773,888,0.378065199147565,1097.8658138922285,0.26721752069922766,0.11665429203779099,mid_DH
200,216,773,891,0.28330694071539586,1035.6462484775598,0.13575112226136896,0.12345590420436198,low_DH
200,690,773,3003,0.22504698129609624,732.9150544418983,0.152225515980788,0.057148871722907,low_DH
200,692,773,3029,0.25453705327411014,802.795062142323,0.1192618630622326,0.29017272584203996,low_DH
200,730,773,3363,0.36720846884550784,1191.556120738228,0.18138968105351003,0.08408034326055902,low_DH
201,669,786,2817,0.24979645912654172,334.2771286941661,0.2066647876118464,0.08304317842283393,mid_DH
201,670,786,2821,0.22411514451463904,282.07007476085994,0.24670727313179397,0.281211228717128,mid_DH
201,671,786,2836,0.16611693674169264,479.2644952964235,0.2745001478633835,0.373529572328006,mid_DH
201,672,786,2839,0.2727392139688228,643.6276219342851,0.13411286831047586,0.325083630913523,low_DH
201,684,786,2991,0.26459477806260945,724.8921651081181,0.12088465320362529,0.03409365730053204,low_DH
201,685,786,2992,0.26353901334046265,807.7703098488439,0.08090977112644479,0.06851342345161493,low_DH
201,1585,786,7762,0.3334422653513343,652.2970004017233,0.0625122939639016,0.083478859289568,low_DH
202,204,787,801,0.6296204315221978,475.9288124656407,0.055873653822087976,0.09119865387755399,low_DH
203,206,789,854,0.260176663529181,550.5405897049498,0.1747409727551087,0.009444265200210966,low_DH
203,207,789,861,0.23673373913445883,805.2732130350139,0.13305630600161109,0.07127910386807007,low_DH
203,209,789,881,0.29483727473168597,1523.6419957745397,0.27836804885044414,0.50493698448127,mid_DH
203,212,789,885,0.36594885058267196,1309.693902256431,0.44587522714449546,0.04096306814429601,high_DH
203,213,789,887,0.35170973420252283,1269.286824280275,0.28835138300497687,0.006428648262082004,mid_DH
203,216,789,891,0.22168718321974748,1245.1163463977796,0.3261045644479873,0.005028818064784002,mid_DH
203,690,789,3003,0.2939254104357932,685.61556076293,0.34650076619819187,0.17557595786248498,mid_DH
203,741,789,3392,0.3699117423717166,1283.6902121821665,0.29971751127558555,0.11579409285109798,mid_DH
204,210,801,882,0.46729499794355983,1828.277946821527,0.1458454192612849,0.16882908083057496,low_DH
205,217,811,896,0.29179151939515696,1459.2450144114694,0.20277898009206585,0.210217400065832,mid_DH
205,704,811,3096,0.3525338818896109,423.6898673800024,0.13488892316697892,0.16691298439228902,low_DH
205,706,811,3172,0.39103626656517937,674.0434633310716,0.13737454618508252,0.18752821141646803,low_DH
205,730,811,3363,0.38863613071767517,1433.0523813050695,0.28581214467594923,0.283365487430184,mid_DH
205,741,811,3392,0.40141865804600235,1416.120092496674,0.23052836213498684,0.19665215088114502,mid_DH
206,209,854,881,0.27445217380514125,979.9961134099817,0.10676134067048218,0.49549271928105904,low_DH
206,216,854,891,0.3870794462907088,696.4150347806236,0.16043473370163308,0.014473083264994968,low_DH
206,741,854,3392,0.376105266199918,733.171815124167,0.12761510096094947,0.10634982765088702,low_DH
207,209,861,881,0.25150014579131635,782.1572143040542,0.4059949987420801,0.57621608834934,high_DH
207,212,861,885,0.21860939592461123,506.8952302824917,0.5738849724583303,0.03031603572377406,high_DH
207,213,861,887,0.15555067461547878,465.7883283569586,0.41554784349505,0.07770775213015207,high_DH
207,214,861,888,0.2902987117282476,393.39449215939146,0.5891720637165788,0.07305189796985706,high_DH
207,216,861,891,0.1375177509438117,449.53243703799393,0.45478154181013025,0.06625028580328607,high_DH
207,690,861,3003,0.29434569822058543,1337.1060364697737,0.47417126933567244,0.24685506173055505,high_DH
207,692,861,3029,0.24423506274958412,830.9868335573306,0.21839460252409215,0.10046653583439191,mid_DH
207,730,861,3363,0.2608724802720229,571.9022134664303,0.4931899313796313,0.27378653326820707,high_DH
208,711,866,3230,0.1665730263960382,735.384036457873,0.12374544383890056,0.376586500618884,low_DH
208,712,866,3235,0.16304893981922253,639.3534530578955,0.03963667976607972,0.25595923516857,low_DH
208,717,866,3275,0.13724000282193455,283.7656877371567,0.5733229462784186,0.026687461250736066,high_DH
208,724,866,3326,0.21829141735962987,422.58342096817603,0.009374889297585735,0.052681845031886,low_DH
208,733,866,3366,0.139496743091025,240.87044865920996,0.21565048031002595,0.17311623221462402,mid_DH
208,734,866,3371,0.17691079939845633,204.63710555574542,0.0255645549319433,0.482780051042474,low_DH
208,746,866,3399,0.22923196728521425,547.0312748691756,0.08065120358012069,0.18355776063270302,low_DH
208,747,866,3401,0.23143496477514328,506.55119095253707,0.06349739024322751,0.19895347101073202,low_DH
209,212,881,885,0.23120980088603013,508.335768217113,0.16911758059356466,0.545900052625566,low_DH
209,213,881,887,0.23251372862100625,510.2908166597759,0.03464473795018345,0.498508336219188,low_DH
209,216,881,891,0.2391887884156935,379.1476539103234,0.05826339723841202,0.509965802546054,low_DH
209,217,881,896,0.29662443925415644,250.29721119333337,0.0451658614841341,0.375577642445485,low_DH
209,730,881,3363,0.21058204856061913,391.50107451437486,0.08796890614301997,0.302429555081133,low_DH
209,741,881,3392,0.23722383625460214,303.48347094262573,0.04338224998634514,0.389142891630172,low_DH
210,219,882,905,0.6357743368788336,4902.055268809064,0.05333558700860571,0.07334637962024004,low_DH
211,217,884,896,0.32759204036295897,211.80404298244716,0.06544848171859831,0.15963314653638594,low_DH
211,716,884,3257,0.2224322265601427,806.748573901378,0.16967533727418244,0.33234252495417793,low_DH
211,724,884,3326,0.20987299022829478,525.5026127173348,0.0712749933236461,0.011498114724568076,low_DH
211,726,884,3357,0.17804750370422634,419.8954160829164,0.15538696042167877,0.1330911039839371,low_DH
211,729,884,3362,0.1894866900876253,214.65136959647393,0.23578735711364135,0.19887569905960195,mid_DH
212,217,885,896,0.2665730004962885,338.83307701489565,0.19279363541441075,0.17032241018008099,low_DH
212,741,885,3392,0.2725281361228917,254.00125498661873,0.1610626961786252,0.156757160995394,low_DH
213,217,887,896,0.28231684368494714,323.13991583248395,0.0793031801383334,0.12293069377370297,low_DH
213,692,887,3029,0.336507060442799,1284.7227889166786,0.200714136813886,0.178174287964544,mid_DH
213,741,887,3392,0.35370751273041334,238.4002430619928,0.07347341434597557,0.10936544458901598,low_DH
214,217,888,896,0.39044622567478493,357.4316681458949,0.21121711045219915,0.12758654793399798,mid_DH
214,689,888,3000,0.2870582350637439,1454.1565550890214,0.7264675163258433,0.02311554289734502,high_DH
214,692,888,3029,0.3185581499391954,1205.7611289058125,0.37327496301242064,0.17351843380424897,mid_DH
214,730,888,3363,0.3168566858372833,218.57648100349957,0.09933740796865943,0.20073463529835,low_DH
215,695,890,3043,0.23949622134988444,1626.7678923514839,0.26815024645382485,0.419292251379457,mid_DH
215,724,890,3326,0.2485055439058511,430.4811237411649,0.015001627652312687,0.28849761599761703,low_DH
215,726,890,3357,0.12570025898441525,374.9511573925896,0.09882889034671655,0.41009060525698604,low_DH
215,729,890,3362,0.18209161652438055,251.83971263367343,0.1815651411456699,0.078123802213447,low_DH
216,690,891,3003,0.30483636624784566,1709.6262414366995,0.038823014584700576,0.18060477592726898,low_DH
216,692,891,3029,0.2599729108656533,1279.4744814383344,0.23838596300571208,0.16671682163767798,mid_DH
217,730,896,3363,0.18813399776431391,259.30229103598157,0.11401644214444295,0.07314808736435202,low_DH
218,219,900,905,0.3707150879899929,378.52596146501224,0.12869047161313046,0.320214376196461,low_DH
218,220,900,907,0.47216096652602685,1931.8853869126751,0.22431005305274263,0.490155310607612,mid_DH
218,255,900,1010,0.6373079866974782,2064.8284809355255,0.057834357759922544,0.288257544671425,low_DH
218,259,900,1029,0.3887405544044521,812.0413564830591,0.1682390662357169,0.135493132811838,low_DH
218,260,900,1030,0.5150525111655426,893.2009021320296,0.06908059881252004,0.48460437792202,low_DH
218,261,900,1034,0.7219486382322522,1210.9801098421121,0.1123308304786751,0.230964612312605,low_DH
219,220,905,907,0.47053611858624034,1674.6921929066764,0.09909598488303735,0.16994093441115105,low_DH
219,259,905,1029,0.33965875430015524,433.6258735672866,0.2933645818525918,0.18472124338462298,mid_DH
219,260,905,1030,0.4842244859197779,514.9149622410798,0.1736193087119599,0.164390001725559,low_DH
220,222,907,909,0.6058410417887957,1194.091026769954,0.3513733614512641,0.12226661100822905,mid_DH
220,259,907,1029,0.4728805960640402,1458.4685998876541,0.38994589346023784,0.354662177795774,mid_DH
221,222,908,909,0.42505534028153463,280.5475823810702,0.06180075967029192,0.21509959068860302,low_DH
223,241,914,986,0.8092623413456135,948.3609900223937,0.2758283426702699,0.716351824668414,mid_DH
223,250,914,1004,0.8184926810104889,1349.636940560981,0.6704103063483681,0.136797146230215,high_DH
223,253,914,1008,0.7996913435192617,527.9829091488251,0.32607340930962586,0.02333663181107898,mid_DH
223,254,914,1009,0.5945307688073893,447.0144107429247,0.14823489500648065,0.54762574472045,low_DH
223,787,914,3629,0.7058915166088487,1124.0083462520583,0.5966262775669836,0.18979636999195199,high_DH
223,812,914,3701,0.5857066241000546,1674.5242455985328,0.568146646053672,0.49568293777031797,high_DH
223,813,914,3702,0.727460326004986,1550.9363029394078,0.7081504528785538,0.381580397850194,high_DH
224,225,916,919,0.3952660588283895,847.4106122366197,0.08680131545807615,0.08155753118699605,low_DH
224,771,916,3508,0.4905594596576519,2941.077436667834,0.5347692833461241,0.018940657204281952,high_DH
224,1572,916,7357,0.48327169342915005,1508.568435267551,0.9874941286228772,0.22756427161506498,high_DH
225,568,919,2130,0.47672676408649617,1607.2774928962249,1.3669211697867427,0.999813717389744,high_DH
225,759,919,3477,0.5422626665282035,1564.196476147249,1.0174797780633926,0.8946660829920051,high_DH
225,771,919,3508,0.476353129331883,2208.238481320222,0.5007119397476711,0.0626168739827141,high_DH
225,1572,919,7357,0.5655428510476272,2245.870437576184,0.9361859491058189,0.30912180280206103,high_DH
226,759,923,3477,0.43722868513361396,227.1502010572098,0.307046332178645,0.339379227059744,mid_DH
227,231,925,936,0.4255893481121897,787.924489250525,0.1972724924682658,0.22978659838705795,mid_DH
227,769,925,3502,0.436021411709747,727.8193491648758,0.21183805667010433,0.21566936585108198,mid_DH
228,229,930,933,0.49167800375787457,278.14153537512595,0.10482622490925063,0.029452423869442912,low_DH
228,230,930,934,0.5891526140390796,510.55185649171864,0.29480543914695884,0.356459398101735,mid_DH
229,230,933,934,0.31074850645151825,233.61878375045447,0.23683382710373474,0.3859118219711779,mid_DH
229,232,933,940,0.6293936985061697,1297.8471800285586,0.80661632207851,0.28308586636589705,high_DH
231,764,936,3485,0.43422487164639273,740.008063605871,0.5065896658918474,0.9220287506468781,high_DH
231,768,936,3497,0.21336914321134004,254.6444658281722,0.06474226501177587,0.057227027606771896,low_DH
231,769,936,3502,0.22895977920813093,532.4532428988841,0.07359090355433581,0.44545596423813993,low_DH
231,775,936,3538,0.43455028159823766,246.58250583732826,0.21455945609136187,0.536637199751121,mid_DH
231,1572,936,7357,0.47358939186236637,4283.394978599997,0.6630976360402241,0.21022926705497602,high_DH
231,1678,936,8908,0.3977380020655716,445.9047319653183,0.3483927125924902,0.26486608334445805,mid_DH
231,1681,936,8911,0.4289710698549353,595.9634743356876,0.5928974074428749,0.670437557995365,high_DH
233,773,941,3536,0.29158391300785536,257.2206478347808,0.038852631412406136,0.509768209069356,low_DH
234,235,966,969,0.5233598928338739,2163.8410883330516,0.29339934776257426,0.626746995328895,mid_DH
234,777,966,3572,0.4531767300163033,883.341849299112,0.06761487673637714,0.06654916692358798,low_DH
234,780,966,3591,0.6782600421615668,1593.7974521415479,0.09685867767591073,0.12103673015231597,low_DH
234,781,966,3595,0.8068900512379197,2246.978794353994,0.24783408492972303,0.388037144930765,mid_DH
234,782,966,3596,0.6132696044536756,2238.600012981013,0.15315158596624645,0.296847706078506,low_DH
234,783,966,3600,0.474627369155045,2197.44421227702,0.1518575948177938,0.318089481961219,low_DH
234,1111,966,5241,0.7461449943003498,3350.1915038632565,0.5217156121578415,0.03057103042009396,high_DH
234,1707,966,9093,0.8129258473151716,1872.952923515433,0.28234062853433395,0.27202147563009904,mid_DH
234,1708,966,9099,0.8832730632842795,2278.076883921281,0.277547220557896,0.37780945031871493,mid_DH
235,777,969,3572,0.5062771457921641,2439.599296580513,0.24800922175889367,0.5601978284053071,mid_DH
235,778,969,3579,0.5853473803033709,2125.513185752892,0.07117292254536028,0.332773832523403,low_DH
235,782,969,3596,0.5136291481207067,304.3060846225895,0.19368655081190622,0.923594701407401,low_DH
235,783,969,3600,0.6096911094319682,677.5454077611184,0.3747862050716912,0.308657513367676,mid_DH
236,240,970,983,0.6577569206015493,4357.322966642645,0.9320335044702789,1.4220268519607,high_DH
236,248,970,1002,0.6914611476805486,6043.31709355984,0.85967616921317,0.450814755449493,high_DH
236,802,970,3681,0.5348959433776965,6038.834815741337,0.822301921186342,0.805147168588606,high_DH
236,808,970,3694,0.5618348366785524,4873.623128679483,0.7220546127650409,1.824610571581361,high_DH
236,809,970,3696,0.5137410407008463,4766.133472723442,0.7367585770387376,0.8550081248382531,high_DH
236,850,970,3915,0.7027687983010251,7018.0217635721065,0.34795486207971493,1.361328040675783,mid_DH
236,1738,970,9266,0.6558566035106118,4866.453953139607,1.334018303941364,1.273964869352991,high_DH
236,1740,970,9271,0.4822071857080715,5150.601211561107,0.7311339721072486,1.265797038011698,high_DH
237,255,972,1010,0.6298529929968053,2249.304103531432,0.30564377537556475,0.117983032115409,mid_DH
237,256,972,1012,0.6088522641664393,2322.0116855294336,0.20401031264129277,0.5627347129892359,mid_DH
237,257,972,1017,0.48675310240578906,2448.8073375648846,0.2798736737245453,0.05796680417355299,mid_DH
237,262,972,1035,0.5358743045128022,3326.2475215607274,0.2574151481048685,0.056278146864274015,mid_DH
237,787,972,3629,0.4783790894144453,660.5630146201162,1.4505703325808086,0.168587630718202,high_DH
237,816,972,3722,0.4477305972346161,2195.9760482123975,0.37094364522576967,0.321711917967671,mid_DH
237,824,972,3779,0.5938552597018346,3267.359395442524,0.6428504811177649,0.17343191035134398,high_DH
238,786,975,3628,0.5558292716091613,829.5158229720422,0.12602321081667653,0.070200713575369,low_DH
238,787,975,3629,0.4077972384447155,649.507438551898,0.8690261680922521,0.06950852361395599,high_DH
238,1713,975,9166,0.6704736361584643,641.8733027716463,0.1771178019756449,0.129854268533538,low_DH
239,246,978,1000,0.8330193414766,2157.4973400401245,0.388127807925491,1.007146272106072,mid_DH
239,250,978,1004,0.6121731542885583,954.7081786523551,0.3013769576377601,1.313520452945664,mid_DH
239,263,978,1056,0.8869528342766261,3634.0091142779856,0.378115875923683,1.033047017204067,mid_DH
240,362,983,1405,0.9019445869272792,10653.762409721478,0.8176304784707438,0.17347656039939197,high_DH
240,809,983,3696,0.37082053134283677,578.6459266978156,0.22385803106814264,0.5670187271224469,mid_DH
240,945,983,4305,0.9674373098353245,9781.449381205943,0.19957109452851915,0.535518576047437,mid_DH
241,250,986,1004,0.6492627640448385,825.3606881085115,0.4043806079891814,0.8531489708986291,high_DH
241,256,986,1012,0.6859814710521434,2085.1048065084265,0.3908937113963366,0.13240837240542802,high_DH
241,263,986,1056,0.8718654769337898,3554.467869085984,0.4720737618635687,0.5726755351570321,high_DH
242,243,987,988,0.7473673136048524,1513.8547815396932,0.12567579864964215,0.27626509806769295,low_DH
242,244,987,989,0.7287648999471327,567.1187071928067,0.018107225425923752,0.772218359878099,low_DH
242,247,987,1001,0.9332585548388065,644.6352920176341,0.2208618066400071,0.3120772876378719,mid_DH
243,244,988,989,0.8435856923486177,953.1627630910926,0.1119300214672513,1.048483457945792,low_DH
243,267,988,1083,0.737946095061506,2607.033590454537,0.11245745936207618,0.48604526741140003,low_DH
243,269,988,1087,0.9642029198488202,1976.0767963213843,0.2201349538277422,0.671553583596115,mid_DH
243,278,988,1097,0.6090887621732123,868.8387619468706,0.13923582582860353,0.14576534419788606,low_DH
243,789,988,3632,0.9604767616931369,1382.1102378646365,0.5759515878723087,0.37017029323887896,high_DH
243,842,988,3903,0.7921746356907384,1880.0281211447455,0.17919053181583622,0.03168022777070506,low_DH
243,852,988,3917,0.8464215739716265,364.499285549969,0.14893068223986403,0.18872090872683606,low_DH
244,249,989,1003,0.8336561795274711,449.1635611892551,0.33972667773803117,0.09389335081624606,mid_DH
244,280,989,1100,1.0619309545729676,3034.6091416308554,0.16291546475411223,1.348093180674994,low_DH
244,788,989,3631,0.8460722336778653,529.5742013731226,0.3374300785485271,0.022477035669469014,mid_DH
244,789,989,3632,0.6341214991847367,429.38695719164923,0.48204057615893886,0.6783131647069129,high_DH
244,795,989,3640,0.7241078616994284,288.97493681366024,0.4318380002013307,0.286507081116371,high_DH
245,249,990,1003,0.96737924794988,347.1824335551851,0.14781847598268327,0.709316291470687,low_DH
245,280,990,1100,0.8759318411958734,3164.3869470074046,0.3622114545629765,0.732670240020553,mid_DH
245,284,990,1104,0.907047228610181,5477.249401222395,0.2673489219207727,1.235594390756324,mid_DH
245,789,990,3632,0.8830228003584856,294.9079456890743,0.28712748676081074,0.06289022405247202,mid_DH
246,247,1000,1001,0.7957211287152781,573.3461424572932,0.11571002440854125,0.6916979554931448,low_DH
246,261,1000,1034,0.6401970457963682,1712.3340396527117,0.4473157920617759,0.087678195579038,high_DH
246,266,1000,1082,0.6361670898741519,3454.579527465506,0.8474207766577395,0.22151101707732396,high_DH
246,850,1000,3915,0.7249482441146204,1322.2597705313603,0.4247828107132884,0.930409379979702,high_DH
248,263,1002,1056,0.6634001317183063,1560.639601779201,0.8806277168591573,0.04579683985140698,high_DH
248,265,1002,1058,0.6816359758404857,1641.2211749545436,0.263011922509589,0.33663214332257796,mid_DH
248,787,1002,3629,0.7119915138492171,1992.6635249131639,0.4558868147195013,0.0003232406291630019,high_DH
248,846,1002,3910,0.621558323938988,3349.874406348588,0.15446410261674695,0.399638052574278,low_DH
248,850,1002,3915,0.5562047039363691,1053.9646859125528,0.5491701547448732,0.91051328522629,high_DH
248,1740,1002,9271,0.5792473345846018,934.6070859745496,0.16314965132396061,0.8149822825622051,low_DH
249,253,1003,1008,0.8639935764042868,2258.7920315211677,0.35324283523081934,1.3919727813479161,mid_DH
249,790,1003,3633,0.5731081434836178,273.13635919127944,0.1731829221910112,0.696531415104108,low_DH
249,793,1003,3636,0.6395033718210283,404.9833793748945,0.37847371186133827,1.06661655973928,mid_DH
249,803,1003,3687,0.3496619332055469,363.32902437707247,0.18332861777020576,0.944808219867877,low_DH
249,805,1003,3689,0.8111445206696283,454.1361442657334,0.12085412081248399,0.666243241913489,low_DH
249,806,1003,3691,0.6580363131035637,431.1677185078093,0.06379867750409686,0.09760309486862706,low_DH
249,810,1003,3699,0.494253205318387,888.1795803954202,0.10224586811097336,1.514334322068112,low_DH
249,1726,1003,9195,0.589607444750395,718.3553748007427,0.030013110380481194,0.851591542590578,low_DH
250,252,1004,1007,0.8539370133974566,512.0482951278062,0.199047873522866,0.9015526797316,mid_DH
250,805,1004,3689,1.0195160936650027,1040.887436879048,0.8052090276143945,0.885863317475721,high_DH
251,252,1006,1007,0.9034502975518958,448.2478869975133,0.4149965214662718,1.045118656164933,high_DH
251,253,1006,1008,0.6326509420397318,616.3403935863385,0.2710805090371394,0.303699754474627,mid_DH
251,254,1006,1009,0.6455536741610725,665.6179084569543,0.12176628196174027,0.8279888673839979,low_DH
252,254,1007,1009,0.9290252570279012,818.5120701056464,0.3321567113319391,0.21712978878093503,mid_DH
252,810,1007,3699,0.7769748716721058,720.1039086209273,0.5396236103413068,0.863780442410502,high_DH
253,795,1008,3640,0.9386124864849216,2439.3905001666362,0.44267004877135846,1.011572349415299,high_DH
253,810,1008,3699,0.7550905975340374,1393.0151763155875,0.3900012577789553,0.12236154072019598,mid_DH
254,812,1009,3701,0.6329835760769466,1227.5539335174394,0.4254226752681565,0.05194280695013198,high_DH
254,813,1009,3702,0.6818298752528463,1105.5036116682309,0.565167182181724,0.16604534687025596,high_DH
255,256,1010,1012,0.4022614067193939,571.9220590100184,0.10346258040103753,0.444751680873827,low_DH
255,259,1010,1029,0.4957343125625712,1302.517404133483,0.1930991246626047,0.152764411859587,low_DH
255,261,1010,1034,0.5583722602388328,1108.7206746276256,0.13847027198911427,0.05729293235881999,low_DH
255,824,1010,3779,0.47289392156049675,1050.0183405066198,0.33891716052877047,0.05544887823593497,mid_DH
256,261,1012,1034,0.7110542589693991,1209.6298155703787,0.23573050139406435,0.502044613232647,mid_DH
256,263,1012,1056,0.5248174695037504,1588.8079346481306,0.090272780654139,0.440267162751604,low_DH
256,824,1012,3779,0.40371936008010767,1033.3148230978072,0.4413948642381947,0.389302802637892,high_DH
257,258,1017,1022,0.37832108665614217,383.75948041990875,0.17957253799874015,0.14181955057422901,low_DH
257,260,1017,1030,0.33516773164256747,1030.587505965294,0.08996495113348855,0.372296669539557,low_DH
257,262,1017,1035,0.18889278353177497,884.6983974340138,0.06856098439998366,0.0016886573092789736,low_DH
257,754,1017,3455,0.40995837668466006,2393.050298516206,0.06857085898905146,0.305725936539194,low_DH
257,755,1017,3456,0.36192612232776467,2402.7246149014795,0.14380171080823348,0.520176246762872,low_DH
257,816,1017,3722,0.19856962210191567,267.71857403488855,0.1073274024011563,0.379678722141224,low_DH
257,818,1017,3747,0.39492071518232874,386.23763515754786,0.24535223968040346,0.568689225049685,mid_DH
257,824,1017,3779,0.34668085127898457,876.4477131244417,0.3666732284515589,0.23139871452489696,mid_DH
257,828,1017,3866,0.39100711718288134,1230.7020024331052,0.0783873989596042,0.004301140150371974,low_DH
258,260,1022,1030,0.3884711032664477,664.1756363285078,0.10822398250609591,0.23047711896532797,low_DH
258,262,1022,1035,0.3086223483243681,532.7797819387936,0.20044833593517575,0.14013089326495004,mid_DH
258,751,1022,3437,0.4372047471015939,718.6599621870878,0.033782842073109144,0.04873609488048597,low_DH
258,754,1022,3455,0.44282292522871114,2675.83402971679,0.17163478166610877,0.16390638596496498,low_DH
258,816,1022,3722,0.4248721165963501,649.8470105138055,0.09470775887203878,0.237859171566995,low_DH
258,821,1022,3765,0.3850075074694389,795.116433121351,0.3879083585986056,0.31169278424039804,mid_DH
258,827,1022,3865,0.35699662714229496,826.1408772515049,0.48981803885418285,0.06250296020542095,high_DH
258,828,1022,3866,0.28166605227301267,854.6380706804778,0.14690266263128052,0.13751841042385704,low_DH
258,1669,1022,8809,0.4501892642828121,2676.8323845990017,0.4068217317007419,0.23384346323302702,high_DH
260,754,1030,3455,0.515753423245223,3312.9607344962014,0.1217086165498894,0.06657073300036298,low_DH
260,755,1030,3456,0.5219918869180362,3338.4573206035525,0.23274002089795223,0.14787957722331502,mid_DH
260,816,1030,3722,0.4606046455007485,1297.3050747043287,0.07084228848110075,0.007382052601667022,low_DH
260,824,1030,3779,0.5047859973290837,617.010311146718,0.28336617805442305,0.14089795501466001,mid_DH
260,828,1030,3866,0.2325812177983635,216.49044020244813,0.08679004774462923,0.367995529389185,low_DH
260,1669,1030,8809,0.5428612657327587,3282.550681611091,0.3247695873645093,0.464320582198355,mid_DH
262,754,1035,3455,0.36229555232429883,3202.8925089939635,0.034969149598378095,0.304037279229915,low_DH
262,755,1035,3456,0.3541073957555852,3224.854888545905,0.10802663058575368,0.518487589453593,low_DH
262,816,1035,3722,0.2674871869704225,1149.4702622869547,0.1330485909333585,0.377990064831945,low_DH
262,818,1035,3747,0.3227281812514493,500.27353084991177,0.22472323580004985,0.567000567740406,mid_DH
262,824,1035,3779,0.4064480744425019,493.25695074270465,0.39148979156698405,0.229710057215618,high_DH
262,827,1035,3865,0.44109506861454706,321.01495400337495,0.2931423219284783,0.202633853470371,mid_DH
262,828,1035,3866,0.287140820288129,377.7469637592467,0.09297170098133987,0.002612482841093,low_DH
263,266,1056,1082,0.6458408485695308,1956.9129102276975,0.11218173085629826,0.24741176217531896,low_DH
263,826,1056,3825,0.7687069241713981,201.02604692567823,0.3614729071082709,0.218379687398195,mid_DH
263,1771,1056,9692,0.7629407576464083,2212.9303794948355,1.3652780749293267,0.331910428726685,high_DH
264,272,1057,1090,0.6566283012482832,2095.6097556359327,0.5661161384941812,0.327147623191766,high_DH
264,273,1057,1091,0.6071084854730707,1790.8794074357927,0.3287574401554922,0.12777138733530696,mid_DH
264,274,1057,1093,0.6578259861239197,1391.621385990012,0.714581691743745,0.39621666134707,high_DH
264,275,1057,1094,0.6146579561058557,1571.043992190983,0.16408934489466298,0.292371191685746,low_DH
264,321,1057,1267,0.5491197729748623,6966.225585829103,0.5793221382677476,0.180488335691467,high_DH
264,851,1057,3916,0.5167356534534784,1028.0572477219205,0.8630646600933476,0.06424300406740097,high_DH
264,853,1057,3918,0.4086387370869611,1286.028534053561,0.4276718016952956,0.09772255329566798,high_DH
264,854,1057,3919,0.5648594517426382,1590.375693035948,0.49368376074137105,0.21399045832730998,high_DH
265,800,1058,3651,0.5474316298038631,1101.0122157466847,0.24960313326225056,0.513250302437795,mid_DH
265,825,1058,3817,0.770548749443694,584.1972773064728,0.4359156739688046,0.45780277108159595,high_DH
265,826,1058,3825,0.3478602360873516,238.31037554842064,0.3227841347200793,0.07245561607297601,mid_DH
265,1750,1058,9538,0.7848791551832581,378.85426621233125,0.46787312484310517,0.08997084268036,high_DH
265,1771,1058,9692,0.36914106838759186,2061.020348056927,0.7609050490239507,0.041075125255513996,high_DH
266,333,1082,1289,0.5294620675790842,7628.91024349539,1.4716099089401224,0.23467994993721097,high_DH
266,850,1082,3915,0.6272105516748423,2477.451701841928,0.4342480026968498,0.7088983629023781,high_DH
267,269,1083,1087,0.8936942816981371,1320.3673544965498,0.17684626838718487,1.157598851007515,low_DH
267,277,1083,1096,0.6272073643249171,2448.9873986664943,0.1037506743069922,0.104826157499945,low_DH
267,348,1083,1314,0.7934515371237195,8663.445101870253,0.35016726176454466,0.156180109152699,mid_DH
267,852,1083,3917,0.6011375507364918,2242.6343802889655,0.16194658388948285,0.29732435868456397,low_DH
268,331,1084,1286,0.4654156008969805,6248.59920807759,0.5817775918009632,0.10084533835766496,high_DH
268,335,1084,1292,0.4595920451108831,6552.255230955934,0.5342210540228526,0.025671531148224958,high_DH
268,835,1084,3891,0.299055302487911,1853.7964318688057,0.24536608684931988,0.287542876377101,mid_DH
268,951,1084,4313,0.39973626516500127,4446.888147072803,0.8745087196196524,0.176235658038152,high_DH
268,1764,1084,9683,0.40928835551547216,2913.6858013563096,0.2638834693473227,0.283926187297179,mid_DH
268,1773,1084,9698,0.43196169215080193,2713.658248745883,0.28564684418633246,0.049730528060904,mid_DH
268,1777,1084,9702,0.34995431236822455,2841.2807126443495,0.31641085726801743,0.017481564420634976,mid_DH
268,1785,1084,9723,0.4574182861802829,2161.9967627620636,0.21149223150609994,0.258487535334058,mid_DH
269,278,1087,1097,1.0418000800493419,1108.0333220959287,0.1305088542992678,0.817318927794001,low_DH
269,348,1087,1314,0.8281712303189493,9764.692443332062,0.5095565392249758,1.001418741854816,high_DH
269,842,1087,3903,0.6191959991189947,330.18653111482683,0.07468477166247747,0.70323381136682,low_DH
269,843,1087,3904,0.8461022328286358,554.7506630354089,0.10820005441542876,0.887728081247227,low_DH
269,852,1087,3917,0.7921556363201613,1666.2452156751951,0.26682033522806864,0.8602744923229511,mid_DH
270,280,1088,1100,1.1160365913764811,726.623184346868,0.19906469197467347,0.571379481706899,mid_DH
270,842,1088,3903,1.0993925181318247,240.6438935709941,0.14258760190178277,0.303449986748402,low_DH
271,277,1089,1096,0.5089716711426234,2383.643248093997,0.07742320876292608,0.19096184340976702,low_DH
271,792,1089,3635,0.49264017043773867,3565.163484355375,0.1526316750222913,0.267884706377321,low_DH
271,798,1089,3645,0.4613063194282547,2855.2755949659063,0.12452107071630378,0.691944339405442,low_DH
271,851,1089,3916,0.5195452042248513,2291.8163172781483,0.5363997063165283,0.622963300213738,high_DH
271,853,1089,3918,0.3888781033887735,2051.448132088568,0.12483430936322779,0.589483750985471,low_DH
271,854,1089,3919,0.5179688911092022,1314.4544772440663,0.18412753454196223,0.47321584595382904,low_DH
271,1776,1089,9701,0.508627716738299,1080.8667641746545,0.5000652404430644,0.7923295459817239,high_DH
272,273,1090,1091,0.4589845373514153,404.8005949378711,0.23982597368817224,0.19937623585645903,mid_DH
272,277,1090,1096,0.4056205747464847,2338.1016982597216,0.24221781879273557,0.16909683767960598,mid_DH
272,338,1090,1300,0.536197662814628,8247.864512468353,0.9575684692619378,0.16666025893743103,high_DH
272,853,1090,3918,0.4499114145471115,2005.1225890273354,0.15274943458903648,0.229425069896098,low_DH
272,854,1090,3919,0.44053020122345893,1267.0433905579177,0.11571374790864548,0.11315716486445601,low_DH
272,867,1090,3945,0.6229683357508756,3157.0555582181114,0.2895811186755999,0.635842061164938,mid_DH
273,274,1091,1093,0.6492946418879056,892.9526879912491,0.39953182409753324,0.5239880486823769,high_DH
273,324,1091,1270,0.6174890846440086,6351.364622440422,0.0967054703423992,0.27394062102118,low_DH
273,853,1091,3918,0.46509291603072056,1600.3366136677168,0.11822007468471456,0.030048834039638983,low_DH
273,854,1091,3919,0.3396659534160552,875.538642002789,0.19029241962767934,0.08621907099200302,low_DH
273,862,1091,3940,0.6168207551919194,1997.368956237211,0.14077843537763432,0.28713743250307594,low_DH
274,320,1093,1265,0.5732126753070447,6635.950925930403,0.1456754632432347,0.09616157295167804,low_DH
274,352,1093,1320,0.6754803748698494,8383.2243705415,0.15755473056573352,0.45865241885513197,low_DH
275,281,1094,1101,0.5343856042798999,3220.9113074468714,0.2833946379870537,0.06838189829045901,mid_DH
275,322,1094,1268,0.5824383805998481,6744.9704930553235,0.8850194411997694,0.453090562638334,high_DH
275,851,1094,3916,0.5264790143775068,1515.7955821979804,0.7219674567639769,0.22812818761834502,high_DH
276,303,1095,1140,0.5331260454727677,4863.897777575462,0.12233597122123019,0.357146847847644,low_DH
276,329,1095,1277,0.4867989464388328,8134.500270284762,0.34787439027094713,0.409213383095255,mid_DH
276,792,1095,3635,0.5226961652103951,2725.910957787168,0.06436773987324472,0.763605977590079,low_DH
276,833,1095,3889,0.4261324615763899,1186.4648222702135,0.2786971224191692,0.324990615947095,mid_DH
276,849,1095,3914,0.47716243685972265,1704.9121960076068,0.9308742151353169,0.46552926054996,high_DH
276,851,1095,3916,0.4570182334266892,1467.9745402883889,0.42985373032319335,0.408527383753662,high_DH
276,949,1095,4310,0.5102735722088347,6523.373193005304,0.3502958650462307,0.285632596978327,mid_DH
277,847,1096,3911,0.5192868203928803,2195.880407716613,0.11865634077135821,0.48682460521960297,low_DH
277,852,1096,3917,0.5532942039175859,216.63284396902935,0.17966829119894712,0.402150516184509,low_DH
277,853,1096,3918,0.5316606519702256,362.60865062041756,0.11937042545014957,0.398521907575704,low_DH
279,280,1099,1100,1.3320584380303402,2138.0014445129173,0.26559336736740247,0.9597287295840641,mid_DH
279,284,1099,1104,1.1619749591506026,233.3338362866099,0.15704585253328296,1.462652880319835,low_DH
279,1781,1099,9711,1.4059174733478834,907.1210452492205,0.3491732524763283,0.33681185041070105,mid_DH
279,1784,1099,9721,1.4782852506803181,239.72800768823976,0.1179945470140088,0.604036305316509,low_DH
280,284,1100,1104,1.0920908580676216,2339.3192696876963,0.13156247738517768,0.502924150735771,low_DH
281,322,1101,1268,0.4206175772042463,4055.202530947195,0.6350919510281958,0.384708664347875,high_DH
281,323,1101,1269,0.40586466303110114,4273.443751367283,0.1521527909356108,0.3564924355760629,low_DH
281,324,1101,1270,0.36426425588109157,4054.7063090512097,0.05844553661227058,0.1777227149612,low_DH
281,334,1101,1290,0.4923229721535502,6068.465686922871,0.2793695895912826,0.210350902656347,mid_DH
281,344,1101,1308,0.5610533152338731,6299.216828383274,0.8487943600486951,0.20643841551956602,high_DH
281,347,1101,1313,0.45881467274419874,6199.118007501505,0.5857243925094585,0.3784197593155909,high_DH
281,854,1101,3919,0.44813345437637203,3629.1727846332365,0.1203576636072479,0.009998835067976997,low_DH
281,862,1101,3940,0.31308075021641746,1296.984228636158,0.0382448228000059,0.3833553385630559,low_DH
282,298,1102,1130,0.48069431759185255,798.7897349743308,0.16588130171732873,0.847204074346126,low_DH
282,395,1102,1657,0.5752332170316302,8806.954249923927,0.5168989999534748,0.20672893610798598,high_DH
282,396,1102,1659,0.5718968658745589,8723.960325564449,0.5722723390352069,0.320344405616737,high_DH
282,874,1102,3959,0.4341255659895025,318.5634418583633,0.06275179385609099,0.7500512831132159,low_DH
283,287,1103,1107,0.730762753730249,1284.8169302117828,0.24804206149949323,0.200753660256075,mid_DH
283,291,1103,1112,0.5413778411311526,974.2912301696232,0.3618333532066258,0.046861700945438955,mid_DH
283,867,1103,3945,0.6263970809145165,1477.961822928842,0.1654713786930085,0.05948355894836099,low_DH
284,858,1104,3929,1.2225236441757334,581.2023456612487,0.40312420595140447,1.263952367595311,high_DH
285,290,1105,1110,0.31714950919485635,1984.4042984789967,0.040758079733047695,0.290343291685096,low_DH
285,295,1105,1120,0.5879925314882293,806.887935561665,0.26405622055249134,0.431523306822584,mid_DH
285,867,1105,3945,0.6430876018940582,1025.8404140014889,0.42534614195178067,0.23818478911339103,high_DH
285,884,1105,3969,0.42091270354687077,1822.308652543342,0.15432545336802173,0.37045689891576494,low_DH
285,893,1105,3989,0.5562910942839151,1629.6274780477797,0.09878694981997584,0.644733415361174,low_DH
285,897,1105,3995,0.4045341274959285,1466.5410303568397,0.4201285583109143,0.11358865954602804,high_DH
286,287,1106,1107,0.6716869916892578,938.4748078490987,0.13217174740012755,0.584000309742089,low_DH
286,291,1106,1112,0.7471589384179864,1601.2110829153464,0.11328040672414115,0.831615670943603,low_DH
286,294,1106,1118,0.6143876353728992,700.1211483968005,0.13435596503962677,0.3973466802426131,low_DH
286,295,1106,1120,0.5008766806660745,372.6745213727837,0.2473266041500499,0.05556231511382803,mid_DH
286,867,1106,3945,0.6073511047667426,1516.1092402171962,0.4543106166801645,0.725270411049803,high_DH
287,288,1107,1108,0.5584786532937898,616.2663188693685,0.2106285403131321,0.36575938474668596,mid_DH
287,294,1107,1118,0.733302411975311,1067.3986176866667,0.20571466522666895,0.18665362949947595,mid_DH
287,295,1107,1120,0.7006729419973101,898.8591724312379,0.2902770998794359,0.528437994628261,mid_DH
288,866,1108,3944,0.4395110338900718,562.4929829112917,0.18942378154737735,0.09331392927338694,low_DH
288,867,1108,3945,0.6537708504763846,945.1649219711711,0.1913695266414752,0.22448928343897195,low_DH
288,874,1108,3959,0.45106958257943863,685.9897581601067,0.08860019700256443,0.30764981133642794,low_DH
288,878,1108,3963,0.4879257876707581,711.9694471047256,0.15017663514810836,0.381626357350297,low_DH
288,897,1108,3995,0.442845160095982,474.40485356576096,0.17777509384078397,0.34908541300633494,low_DH
289,305,1109,1142,0.3163561173619068,721.6038014967485,0.20301884713424012,0.13679240052700603,mid_DH
289,876,1109,3961,0.3260716259445519,264.06290672848047,0.12896431641976697,0.25021559901080404,low_DH
289,877,1109,3962,0.3258979543942894,300.76293214490653,0.20035678492566694,0.24121006503517406,mid_DH
289,879,1109,3964,0.30556746816527197,438.05563386387365,0.06751549032396048,0.2298129633402749,low_DH
289,882,1109,3967,0.21400573075638757,368.64202568371843,0.20493445963602627,0.33294058982538,mid_DH
289,885,1109,3970,0.21865733108547683,216.59078749792988,0.13906733615399228,0.274581378324251,low_DH
289,886,1109,3971,0.364490806368606,216.8283777807195,0.19052144173052338,0.26434566995394804,low_DH
289,900,1109,3998,0.35445437577267286,830.0509267052912,0.159854163040401,0.18791251184371305,low_DH
290,298,1110,1130,0.4568712275809024,308.41087696354765,0.15624222323348563,0.23247182170207104,low_DH
290,874,1110,3959,0.49586017536698157,539.3370746317922,0.28797198555300707,0.13531903046916094,mid_DH
290,878,1110,3963,0.32798922312272827,302.20117460313264,0.35304340639858556,0.20929557648303,mid_DH
290,897,1110,3995,0.28814250780823003,538.6546640775945,0.38276566914732246,0.17675463213906795,mid_DH
290,898,1110,3996,0.43140962093471813,614.6831390573874,0.41958093277442426,0.258032132958264,high_DH
292,871,1113,3953,0.16533504040060704,1004.8507007101933,0.1248218262120448,0.6238935252167379,low_DH
292,889,1113,3980,0.28390573291989274,387.82140513517817,0.32015019684965923,0.275266159226236,mid_DH
294,295,1118,1120,0.43349425061596547,334.2491077216586,0.11482360955737717,0.3417843651287851,low_DH
294,907,1118,4040,0.7443628011032077,571.0436928745637,0.02188636730801096,1.0417145609499439,low_DH
295,867,1120,3945,0.5945521057989339,1700.5211418801778,0.6822159642069406,0.669708095935975,high_DH
296,856,1127,3923,0.48516350582293405,4629.224141622553,0.17874576114400098,0.030234619036500987,low_DH
296,901,1127,4000,0.4692470299913769,1484.8332113683307,0.33619017194571427,1.0597065769644651,mid_DH
296,921,1127,4100,0.47763825006299204,389.2676588512918,0.2498963819124574,0.10684952471595499,mid_DH
296,924,1127,4115,0.36749774813850344,577.126410691394,0.3109308418712943,0.40793016626150597,mid_DH
296,927,1127,4118,0.4345956070794467,882.3038668380456,0.21898680492922382,0.203086542742626,mid_DH
296,928,1127,4119,0.5116034138592388,962.5374232150793,0.10887918354993696,0.16567659474624002,low_DH
297,1799,1129,9744,0.38348272332148686,914.5465843853207,0.4929907970287302,0.336852182000708,high_DH
297,1847,1129,9855,0.29836453620236886,350.48338279183906,0.27423441661777076,0.37581487412374603,mid_DH
298,884,1130,3969,0.45323207308070534,463.9237339939424,0.05850408900839436,0.31258542893274,low_DH
298,891,1130,3983,0.35565709287164016,393.1621297435718,0.1581325541045218,0.41883299918287004,low_DH
298,903,1130,4010,0.3613777150722172,1137.9389375495284,0.11280800149642758,0.759591141419548,low_DH
299,1799,1131,9744,0.36665740096755184,898.0637763147137,0.2951858784956937,0.19744158408191304,mid_DH
300,878,1132,3963,0.37360510818578674,408.6569265250688,0.5946097602804327,0.523628203124926,high_DH
300,881,1132,3966,0.3462644089089508,576.1203849540858,0.38883759967885795,0.637084744727867,mid_DH
300,882,1132,3967,0.3315342436180468,508.97660843469066,0.570931322813824,0.18424859695241103,high_DH
300,884,1132,3969,0.4051030440400093,358.974162495035,0.3697015652902964,0.23421901941122703,mid_DH
300,885,1132,3970,0.2733795043353619,362.5468891222505,0.5956612881537503,0.24260780845354002,high_DH
300,889,1132,3980,0.40005500480858575,297.1329451763205,0.5730156588895878,0.250794263711001,high_DH
300,891,1132,3983,0.33699856814574486,289.5359215931695,0.24611759419043905,0.12797144916109698,mid_DH
300,898,1132,3996,0.33201041267698617,803.8687990877594,0.6663444177458683,0.05630049368363199,high_DH
300,903,1132,4010,0.38546666558739084,1021.9169160982414,0.5003523207763112,0.212786693075581,high_DH
301,876,1133,3961,0.15497653840122635,375.1668044044309,0.2678045453882652,0.21498952818722,mid_DH
301,877,1133,3962,0.3135992568970311,385.92058396508384,0.37652707056437673,0.22399506216284998,mid_DH
301,883,1133,3968,0.18945542411851957,572.719957913767,0.16479493092249223,0.06793179201439603,low_DH
301,886,1133,3971,0.1764973932261267,374.0591205708772,0.13944375677238668,0.200859457244076,low_DH
301,888,1133,3974,0.32033831255783524,375.7501448247799,0.2156355101565608,0.19444482112926503,mid_DH
301,890,1133,3982,0.2937256939138924,354.6000834104676,0.4468454064988402,0.015689361709346983,high_DH
301,892,1133,3984,0.19143233831849849,424.1671226305807,0.10633462443773152,0.0008535189373289898,low_DH
301,895,1133,3993,0.2846616951954875,1103.5278040491587,0.3780640363095276,0.39370519391131104,mid_DH
301,1803,1133,9749,0.24706353491374808,686.6301675428334,0.5953295308185651,0.39407100821373203,high_DH
301,1850,1133,9863,0.14761021147513606,407.7734320059176,0.30172611295833107,0.17565685054187002,mid_DH
302,876,1135,3961,0.15814515187585265,476.1564786711979,0.26016292379351313,0.09292761804437,mid_DH
302,877,1135,3962,0.31790118975244086,484.5660571881591,0.37527459012887615,0.10193315201999997,mid_DH
302,883,1135,3968,0.20857756894578872,668.5846416336669,0.12384546676743309,0.18999370215724604,low_DH
302,886,1135,3971,0.18404897390400277,477.11075595845216,0.11620672713136622,0.078797547101226,low_DH
302,887,1135,3972,0.3426407454063658,431.0551886589679,0.2656830726105984,0.08408659936683904,mid_DH
302,888,1135,3974,0.3318056938420174,479.18669270097007,0.2060206284848171,0.07238291098641503,mid_DH
302,892,1135,3984,0.24814873681949254,527.1912356652647,0.13227998180095848,0.122915429080179,low_DH
302,1803,1135,9749,0.23306469398483418,728.5717804853613,0.5935774907034537,0.272009098070882,high_DH
302,1850,1135,9863,0.19227930538735505,510.8643559140324,0.3039143920690984,0.05359494039902002,mid_DH
303,329,1140,1277,0.46176015827000255,4288.573026007657,0.4507996931349336,0.05206653524761101,high_DH
303,1067,1140,5025,0.6075426465098254,8243.931954511281,0.5588041015736728,0.08235529374365097,high_DH
304,930,1141,4125,0.4523245423558568,903.7940792599063,0.4535496308728566,0.208431178091539,high_DH
304,1074,1141,5049,0.5676156384337137,7087.911728021548,0.15995645223781166,0.08916891895828605,low_DH
304,1801,1141,9746,0.5180540534628671,802.598581495975,0.8655175501844666,0.533754400234846,high_DH
305,875,1142,3960,0.40892794043531294,563.3444483148974,0.18529687302337244,0.06026295337507703,low_DH
305,881,1142,3966,0.36331999770845697,736.996238674819,0.09225110276672968,0.25668795847708203,low_DH
305,882,1142,3967,0.31648146050931725,827.4402847146791,0.29170468099865,0.19614818929837396,mid_DH
305,885,1142,3970,0.3748990718297219,775.8904884566931,0.2956625804042699,0.13778897779724497,mid_DH
305,888,1142,3974,0.2857243554246789,748.8315184494039,0.22203538599279452,0.13396790554175297,mid_DH
306,308,1143,1146,0.263073229463398,561.5819981255189,0.410142223969388,0.028696492205672997,high_DH
306,309,1143,1147,0.5305572091316967,583.759949516634,0.07794494413064411,0.06973940772377801,low_DH
306,834,1143,3890,0.6289450866734797,3434.817093979802,0.6288807066496654,0.403281746913989,high_DH
306,855,1143,3922,0.5989914491755793,4535.294394387663,0.08611977104246614,0.12415775263595596,low_DH
306,1780,1143,9706,0.5450087835277165,4448.10005508266,0.13199752143332863,0.0012117055056429793,low_DH
307,308,1144,1146,0.46503745591977713,379.96089297553016,0.2014866409911596,0.16807718232091995,mid_DH
307,309,1144,1147,0.49083288853461227,316.18493497914704,0.3168635623090985,0.20912009783902497,mid_DH
307,832,1144,3888,0.5041560809032581,3600.011713560423,0.15961475113831589,0.586393725632873,low_DH
307,856,1144,3923,0.5058447854465633,4516.961909460148,0.17131404972062766,0.27580101955411696,low_DH
307,921,1144,4100,0.40477547784525647,1325.36545667952,0.44744323942174474,0.19918611387466295,high_DH
307,930,1144,4125,0.24772672275602847,389.64231935170443,0.1165785540319953,0.03359150828797308,low_DH
307,1066,1144,5022,0.48979947239917565,8486.60142555667,0.13991823660719147,0.22124488374900392,low_DH
308,855,1146,3922,0.6273393258712704,5015.905257399932,0.47685414996423686,0.09546126043028297,high_DH
308,1090,1146,5111,0.6220465242776267,5444.57223711604,0.688850726664314,0.01329736156495398,high_DH
308,1780,1146,9706,0.5702275772049873,4949.03423022379,0.32374060021670914,0.027484786700030017,mid_DH
309,855,1147,3922,0.5450224228094305,4843.515793442784,0.04081171349215941,0.05441834491217795,low_DH
309,921,1147,4100,0.4492592155764925,1601.4346348485274,0.14199053380207258,0.009933983964362014,low_DH
309,1779,1147,9704,0.4217374838891675,4808.009127666611,0.32160791703451835,0.026837792063586996,mid_DH
310,405,1149,1676,0.7611119994163981,7396.819009514065,0.3637623679126514,0.38125064289916605,mid_DH
311,312,1166,1177,0.2449294959571435,221.62306040418193,0.04059029289457623,0.303645521410702,low_DH
311,313,1166,1206,0.3116974921845434,370.50899613389225,0.07284377598062593,0.12846556657113,low_DH
311,314,1166,1213,0.3846120373922449,521.3342637173147,0.025204698294005127,0.126348253226088,low_DH
311,363,1166,1414,0.441942943815295,2088.93758472292,0.12804696523276168,0.03798823262735701,low_DH
311,935,1166,4142,0.5306754310021199,766.3353502707896,0.4087581544265087,0.54016996840802,high_DH
311,1019,1166,4736,0.47054706938045654,2976.3698294478754,1.2213694508480455,0.034122405640055975,high_DH
312,368,1177,1506,0.32944319465057365,2472.247698721561,0.07509452299428034,1.1274681528162729,low_DH
312,698,1177,3046,0.3965676790331999,2395.6199765028296,0.19312739512902774,0.5113639545922011,low_DH
312,706,1177,3172,0.4838261661599361,1020.0212111435733,0.06514546030823881,0.404845775781585,low_DH
313,363,1206,1414,0.4480747751379944,1726.694667113144,0.19141265169596913,0.090477333943773,low_DH
313,364,1206,1467,0.4929236723188222,1920.9250701642304,0.8208778890475742,0.8994971070118489,high_DH
313,668,1206,2765,0.4018531080424245,3470.403880196635,0.3427690258124023,0.22619180095360802,mid_DH
314,363,1213,1414,0.4758154973323155,1576.9959199869204,0.12794014956227046,0.08836002059873099,low_DH
314,370,1213,1527,0.47552446493477113,2583.9124976693693,1.0238334823006936,0.28739607495924,high_DH
314,663,1213,2662,0.4264132536640408,3265.698297584541,0.6368912876672537,0.014725946671512002,high_DH
315,360,1244,1399,0.21325356692177233,793.5334015103136,0.2902311105792583,0.6085880578373399,mid_DH
315,376,1244,1562,0.5280809111219211,3503.5572635768403,0.05388787231573787,0.16841740861102394,low_DH
315,379,1244,1569,0.6069832865215421,3476.472168123617,0.673680970916724,0.314087688015815,high_DH
315,382,1244,1579,0.43259797873276423,3647.8747465510323,0.8161406722412552,0.5905690867070209,high_DH
315,1000,1244,4541,0.5512600078398671,684.4001974545688,0.5387525254626003,0.09891918728659799,high_DH
315,1002,1244,4544,0.5620143627639836,740.9097240114824,0.17620416876817815,0.344898822518962,low_DH
316,357,1245,1333,0.5311279567061755,539.0215784296146,0.13859661711517757,0.6759518882369401,low_DH
316,360,1245,1399,0.4424367408049894,735.5850249752478,0.25280398171900825,0.51883868795853,mid_DH
316,376,1245,1562,0.5165728452369625,3446.306862558076,0.5046514054410964,0.959009337184846,high_DH
316,996,1245,4453,0.4499984758778054,246.23246073897795,0.16945780519521442,0.7533739829145201,low_DH
316,999,1245,4540,0.483382067772259,649.3379913191593,0.20698579814286674,0.985532483676238,mid_DH
316,1000,1245,4541,0.42302152338305066,626.4194204871815,0.11494329293092896,1.028507558509272,low_DH
316,1002,1245,4544,0.38369453649767105,684.3705587563497,0.3675194456804214,0.782527923276908,mid_DH
316,1038,1245,4856,0.3871289335350991,3534.3957543554557,0.23533668182679607,0.8577125791161819,mid_DH
317,381,1251,1575,0.6911823711896472,3817.351718040446,0.35430161120949033,0.4854196799564121,mid_DH
318,659,1257,2615,0.6463963911145713,4410.180640009872,0.5532910867330032,0.740082171599195,high_DH
318,660,1257,2616,0.6140240070475231,4260.998442548829,0.07185416520527305,0.696299126829993,low_DH
319,320,1264,1265,0.2904352535925774,700.8147581182802,0.3041910137580606,0.35635877708653596,mid_DH
319,351,1264,1319,0.5999811312712224,1803.2041527493352,0.4440717703624506,0.317380603953225,high_DH
319,352,1264,1320,0.5354137738422522,1091.7953974987142,0.11664629067981928,0.911172768893346,low_DH
320,352,1265,1320,0.35917289980540795,1792.3715964761323,0.20676671486482576,0.55481399180681,mid_DH
320,638,1265,2392,0.6217448191464172,9203.7977457363,0.5265812565106882,0.0059445628122419825,high_DH
321,350,1267,1318,0.44301977756004196,3242.0461069221215,0.36160500215664076,1.070591100961295,mid_DH
321,351,1267,1319,0.5442963023991112,3444.04615678188,0.1692922348653247,0.441565250953548,low_DH
321,354,1267,1322,0.5195293614151029,2374.179157244562,0.4627016502030045,1.093547505454078,high_DH
321,833,1267,3889,0.5293577418552806,5226.327335983699,0.40864653838254955,0.19978209943063302,high_DH
321,943,1267,4302,0.41562806103453964,1369.1614595929323,0.3148187486943856,0.17948017800087301,mid_DH
321,958,1267,4329,0.5094706890135795,1782.0271905825043,0.8909203127673561,0.43982878826826705,high_DH
322,323,1268,1269,0.40957887693822614,362.6376081824282,0.6675942410854644,0.02821622877181207,high_DH
322,334,1268,1290,0.336358959327213,2118.74934273121,0.453138293603917,0.174357761691528,high_DH
322,344,1268,1308,0.3722152262060444,2362.832759840148,0.23567511656005827,0.178270248828309,mid_DH
322,347,1268,1313,0.5396372672293531,2269.8354975528305,0.05715126990998935,0.006288905032284076,low_DH
322,862,1268,3940,0.5709409320028455,5342.666750891702,0.6594250014466656,0.0013533257848190594,high_DH
323,324,1269,1270,0.2715311700870185,485.354807720803,0.10503054627555945,0.534215150537263,low_DH
323,334,1269,1290,0.3126361447314363,1825.626416112068,0.2347873066773369,0.14614153291971593,mid_DH
323,344,1269,1308,0.3481144109848125,2066.690973604636,0.8843529040327938,0.15005402005649693,high_DH
323,347,1269,1313,0.28796922834263505,1970.3427144716914,0.6138837279809632,0.021927323739527993,high_DH
323,854,1269,3919,0.5603553409280645,7572.344480330887,0.1596165625579576,0.346493600508086,low_DH
323,862,1269,3940,0.43087670898543057,5568.463736751727,0.17766748758236028,0.02686290298699301,low_DH
324,334,1270,1290,0.47858009781958377,2176.527265925348,0.26896650134261346,0.388073617617547,mid_DH
324,344,1270,1308,0.5366171632813823,2421.165562682725,0.8658937430373528,0.38416113048076606,high_DH
324,347,1270,1313,0.20675205023422255,2330.473449596935,0.6021053109304608,0.556142474276791,high_DH
324,862,1270,3940,0.4117024864299858,5336.279899711726,0.07636760708871357,0.561078053524256,low_DH
325,342,1271,1305,0.1872415522289159,1705.5018660018532,0.17313912642242313,0.431487128371279,low_DH
325,953,1271,4317,0.29607833900110475,498.4439943257881,0.13326973528461902,0.295803350032827,low_DH
325,954,1271,4318,0.26912960588013835,301.33619491692576,0.23995733655559295,0.14268235085500103,mid_DH
325,961,1271,4334,0.31432215778976835,689.2354298311009,0.5233407021341279,0.5575403118782101,high_DH
325,963,1271,4351,0.3680529032791513,1035.4237716536438,0.3152321661617993,0.287717554770612,mid_DH
325,964,1271,4352,0.35396943085250493,1185.9723796624082,0.47806725415651047,0.04265620167105799,high_DH
325,965,1271,4355,0.23822846146240634,1233.0175101533396,0.26936615408823084,0.485201438365305,mid_DH
325,972,1271,4378,0.32401866492508913,1495.18308412371,0.1891309231051655,0.015022137301315963,low_DH
325,1903,1271,10137,0.31133928957782164,1237.8210798815574,0.2076518851060769,0.14118799891120004,mid_DH
326,330,1273,1285,0.3322635833431336,1058.620121070928,0.8310006108916532,0.20176906278446305,high_DH
326,337,1273,1299,0.31966128878977984,1289.5331215304718,0.6301402701279816,0.04648415541444195,high_DH
326,341,1273,1304,0.32498215865803726,1657.8929545258216,0.9504104611781157,0.16528385054615097,high_DH
326,349,1273,1315,0.4736071718816215,2632.8610541527587,0.1484008462545175,0.18327957914474896,low_DH
326,353,1273,1321,0.369539822022229,1446.981518580717,0.505611585351853,0.35833635817449905,high_DH
326,943,1273,4302,0.38742181450464896,395.8198107251526,0.5761138202119904,0.09432377527319896,high_DH
326,958,1273,4329,0.344173620442081,498.0006769705361,1.1975003499803856,0.16602483499419507,high_DH
326,964,1273,4352,0.3408003135244779,1021.9833845575188,0.8092700284272875,0.28344125439301704,high_DH
326,978,1273,4395,0.25811890924365805,1130.158228542663,1.2119553374466914,0.30896709358374996,high_DH
326,1903,1273,10137,0.46442114774113913,1077.995224482717,0.533520212413773,0.184909457152875,high_DH
327,952,1274,4314,0.2696651840712155,575.2791343473581,0.28784064385537983,0.073228440231461,mid_DH
327,953,1274,4317,0.2485728868271638,958.1516724065659,0.17430677486698587,0.253947536099115,low_DH
327,955,1274,4322,0.1428514155925806,473.66410453752115,0.18740749928767114,0.054227003849993016,low_DH
327,956,1274,4324,0.23522424699931432,410.23709939015123,0.5036120358283465,0.176508734509993,high_DH
327,965,1274,4355,0.25754122884233294,726.5051499825378,0.3515707383027636,0.06454944776663701,mid_DH
327,1892,1274,10115,0.2839317516495894,663.1222018127272,0.17156075984952884,0.358034017895821,low_DH
327,1900,1274,10132,0.3184581509793563,438.23784298424295,0.18422468377507015,0.12869964236582399,low_DH
327,1904,1274,10139,0.16389736803321112,665.6679620232513,0.5513913436065249,0.151052169052668,high_DH
327,1905,1274,10144,0.3502476452626792,869.3047847975974,0.40940654961726336,0.384774580620447,high_DH
327,1910,1274,10162,0.33845651540389887,1973.5791734699408,0.2844339329890953,0.44605946613069203,mid_DH
328,343,1276,1306,0.3127089067195442,1043.4162279416475,0.6790566945470627,0.228376890868366,high_DH
328,952,1276,4314,0.2047621132010515,600.5122340358786,0.3165445677405112,0.552266509646526,mid_DH
328,955,1276,4322,0.3123762381570326,532.0761648074705,0.20718829477229186,0.424811065565072,mid_DH
328,956,1276,4324,0.3724791717115661,461.35006257464266,0.5071888786212853,0.302529334905072,high_DH
328,965,1276,4355,0.3817685188557701,725.2251815313731,0.3560766949187722,0.414488621648428,mid_DH
328,1064,1276,5019,0.3583731435621461,4622.9431272084485,0.48135082434598875,0.39169794035141997,high_DH
328,1889,1276,10110,0.34263865741239025,1844.724878962718,0.5053244244721801,1.047241698269166,high_DH
328,1901,1276,10133,0.38455001531688865,621.7101505030373,0.7960546277590047,0.48869082817883497,high_DH
328,1904,1276,10139,0.28101204353939596,662.6421450640472,0.54408772661161,0.327985900362397,high_DH
329,349,1277,1315,0.39529234423217025,2250.627748715019,0.392882458621961,0.02503495815314999,high_DH
329,390,1277,1642,0.488857406686705,3031.8666837743312,0.3615658596324493,0.9916301191578439,mid_DH
329,949,1277,4310,0.4681170788041804,1707.4377959540102,0.14081854317348208,0.12358078611692802,low_DH
330,337,1285,1299,0.3550556743318597,321.3198231795072,0.21557832142202718,0.248253218198905,mid_DH
330,341,1285,1304,0.4586875713997573,658.3413646777306,0.17199339577716158,0.367052913330614,low_DH
330,954,1285,4318,0.37899494259724537,1142.9651586526018,0.2790357976184918,0.018353957575389046,mid_DH
330,963,1285,4351,0.3416734211012051,298.67296423016154,0.25696126759568255,0.16338916149100002,mid_DH
330,973,1285,4387,0.2657268945380464,275.1753081125262,0.3427882898914375,0.776294799445174,mid_DH
331,335,1286,1292,0.42007365407207675,384.80127932344266,0.17261806602671528,0.07517380720944,low_DH
331,343,1286,1306,0.36229658414508975,370.5560652257861,0.23238350339106584,0.06596331160805202,mid_DH
331,346,1286,1312,0.4863945775879795,451.9491603545434,0.48699345264339544,0.09384782712815998,high_DH
331,390,1286,1642,0.4211277769154636,2372.2621029407755,0.5381673824817783,0.872341061295465,high_DH
331,949,1286,4310,0.3926578055690047,2303.9345277559078,0.23513740143033268,0.004291728254549043,mid_DH
331,951,1286,4313,0.3997930189848526,1829.3295229344774,0.3247698920298498,0.07539031968048704,mid_DH
331,971,1286,4372,0.4984523126464971,218.91946156263006,0.1185580088657445,0.312418443644249,low_DH
331,1938,1286,10327,0.48136621272038416,2056.048159047922,0.28881503348444076,0.345311836583742,mid_DH
331,1939,1286,10328,0.5289434615629817,1727.3332325686015,0.19225349589726481,0.44199049596742895,low_DH
332,335,1287,1292,0.44347523268763206,457.6714596425774,0.20221877248754572,0.461689411445942,mid_DH
332,342,1287,1305,0.37991619323308373,561.7802492101946,0.09225554521658963,0.452949713414486,low_DH
332,343,1287,1306,0.38363794549404007,463.25119869188893,0.43396982133855055,0.32055229262845,high_DH
332,841,1287,3898,0.4621507501731872,7173.464771704568,0.3047911505505756,0.5690268529356439,mid_DH
332,972,1287,4378,0.35944298528061985,352.5664167859333,0.2073457430777511,0.036484722344522935,mid_DH
332,973,1287,4387,0.17608120100463479,313.48710164627806,0.6627856199704248,0.9220857777679929,high_DH
333,338,1289,1300,0.587668212697338,508.21280434257693,0.254932406518281,0.13858982564684097,mid_DH
334,344,1290,1308,0.12453611004690371,244.65169637834154,0.6729784697903588,0.0039124871367809955,high_DH
334,346,1290,1312,0.5590149489221224,291.6432057707003,0.11690681636502251,0.025849381935835025,low_DH
335,951,1292,4313,0.34996709458623493,2171.5286754055664,0.4131379800659076,0.15056412688992704,high_DH
335,1905,1292,10144,0.3182261349154653,208.2755020290588,0.1885417819112328,0.27525052089124,low_DH
336,338,1297,1300,0.4810801122716928,319.0126604703028,0.29172840510563036,0.265451454332539,mid_DH
336,837,1297,3894,0.5593315538699164,7316.0442875004355,1.4137878536769803,0.46714385849529305,high_DH
336,1086,1297,5103,0.555763266905057,1530.6000484448841,1.064691163645556,0.07737026183827206,high_DH
337,339,1299,1301,0.3780213390106875,304.5775708875952,0.052106865723887695,0.06058266252922101,low_DH
337,342,1299,1305,0.3000492435896067,371.3306947418925,0.1396153873353469,0.05890551689276202,low_DH
337,954,1299,4318,0.33792362358547456,1334.2088454321158,0.11957539699384874,0.22989926062351596,low_DH
337,958,1299,4329,0.2957637761150519,810.3158044023954,0.5748204442841428,0.21250899040863702,high_DH
337,963,1299,4351,0.29487334017981837,430.5640119369394,0.10098970557819885,0.08486405670790498,low_DH
337,964,1299,4352,0.1808014451880769,302.12005757868656,0.18171595951093925,0.329925409807459,low_DH
337,978,1299,4395,0.43733931237557283,264.2106963788816,0.5960705503172008,0.262482938169308,high_DH
337,987,1299,4417,0.3994732021949402,512.2293798827423,0.06740266568662703,0.274816615757415,low_DH
339,837,1301,3894,0.5204816867877768,7673.245294813333,0.9917531515262067,0.348428568056031,high_DH
339,958,1301,4329,0.43589960430078994,1049.0695833529185,0.6206447826143283,0.27309165293785803,high_DH
339,963,1301,4351,0.40151311656056765,675.3976583321593,0.13202794521511738,0.145446719237126,low_DH
339,964,1301,4352,0.4062991848398254,475.8754371898363,0.223965295986561,0.39050807233668,mid_DH
339,987,1301,4417,0.5205600932885144,405.79166022787774,0.11393344811730755,0.214233953228194,low_DH
339,1086,1301,5103,0.5602453821876131,1438.7045318009932,0.6490257223640346,0.041345028600989986,high_DH
340,400,1303,1668,0.8148224237080653,3154.8242487917214,0.3476192004941464,0.666111827105856,mid_DH
340,403,1303,1672,0.5189558592535923,2999.4354087360666,0.4077281567264303,0.538095123827659,high_DH
340,404,1303,1675,0.7717506544866762,2691.7374454723167,0.2560555457534174,0.46312915413459,mid_DH
340,793,1303,3636,0.8099521639179547,11511.197184097044,0.38787360855825376,0.454978583249269,mid_DH
341,353,1304,1321,0.1829464159954997,247.65610944604083,0.45007614071579705,0.5236202087206501,high_DH
341,943,1304,4302,0.490578867531029,1545.7287258195265,0.383191387926434,0.070960075272952,mid_DH
341,964,1304,4352,0.41419714994855017,660.4048735484979,0.1595774992920532,0.448725104939168,low_DH
341,978,1304,4395,0.3296519077131653,587.7746413249798,0.3289608055566548,0.143683243037599,mid_DH
341,990,1304,4431,0.4750365606477354,382.65637029191595,0.17830614975299594,0.935717475675671,low_DH
341,1938,1304,10327,0.4637172188637945,1976.1496700171822,0.4688538690534756,0.218983549166811,high_DH
342,954,1305,4318,0.2689171248685139,1626.677427775165,0.13206966399183903,0.288804777516278,low_DH
342,961,1305,4334,0.3676187134965554,1032.365607088857,0.36069193033651276,0.126053183506931,mid_DH
342,963,1305,4351,0.31962800749156633,737.0581016619825,0.16035914607258955,0.143769573600667,low_DH
342,964,1305,4352,0.27760188268046593,532.575318727157,0.32078037789751984,0.388830926700221,mid_DH
342,965,1305,4355,0.35639311078801306,479.9850933365748,0.12148435190610235,0.05371430999402599,low_DH
342,972,1305,4378,0.36181596629334944,246.23898123449047,0.16148945883586022,0.41646499106996304,low_DH
342,1903,1305,10137,0.3720766344760924,470.15882646177056,0.050701528682845304,0.29029912946007896,low_DH
343,949,1306,4310,0.35046599221207775,2674.347567082815,0.4531134725281697,0.06167158335350298,high_DH
343,952,1306,4314,0.3243263005672805,1642.9400880927274,0.8733078199419877,0.32388961877816,high_DH
343,1903,1306,10137,0.36025131300820246,397.52882907790655,0.41974105403113693,0.15790170867404296,high_DH
343,1905,1306,10144,0.39279818668929545,210.87323143559985,0.3036900460822458,0.134113402073748,mid_DH
343,1939,1306,10328,0.4112285599514709,1477.126772274955,0.4150578672529919,0.507953807575481,high_DH
345,1758,1309,9677,0.9389559987459694,9495.482227234952,0.25299791606488287,0.15893586459104103,mid_DH
345,2098,1309,11799,0.8234945121026565,10338.68511430355,0.29569163097696577,0.588943766649476,mid_DH
346,973,1312,4387,0.47354966796690806,225.15013723202057,0.9371616443400274,0.44172234640333097,high_DH
347,862,1313,3940,0.4736954345014853,7495.606886909602,0.6108304558524109,0.004935579247465016,high_DH
349,353,1315,1321,0.5213217311818359,1407.1311472885748,0.3992607683386033,0.541615937319248,high_DH
349,390,1315,1642,0.3289776521352201,853.7031557012109,0.0900787789377391,1.016665077310994,low_DH
349,639,1315,2393,0.5212993897962808,6511.421540880544,0.7865065804155267,0.423996745819136,high_DH
349,943,1315,4302,0.40478826299308074,2625.4605989377856,0.4605731891419671,0.08895580387155,high_DH
349,1067,1315,5025,0.4989978390649126,3147.6766869423213,0.4977587395388489,0.15945678714441197,high_DH
349,1512,1315,6553,0.49578319867469206,6552.371280897054,0.6838521190829223,0.440751945220845,high_DH
350,351,1318,1319,0.23526696078222423,209.3589709602798,0.4949371768465461,0.629025850007747,high_DH
350,354,1318,1322,0.4208682694403374,869.8646150227532,0.24310429702152658,0.022956404492783022,mid_DH
350,355,1318,1323,0.28671890866327243,1213.1456141010237,0.2908896153752684,0.08863417236535209,mid_DH
350,599,1318,2285,0.5165875788731232,6436.830475840969,0.23082203910683588,0.176854096016825,mid_DH
350,639,1318,2393,0.521060886248772,6977.717885491934,0.2297826692500636,0.556069981012836,mid_DH
350,943,1318,4302,0.39454700234501905,1902.9209914989626,0.2211969424776189,0.8911109229604219,mid_DH
350,1054,1318,4961,0.5818601013975337,1274.7578430733656,0.41732410445917834,0.46030583121439095,high_DH
351,354,1319,1322,0.5585026807570818,1069.9451707150972,0.5385169553102511,0.65198225450053,high_DH
351,355,1319,1323,0.2639530708283642,1412.2655035238097,0.5592989392852272,0.7176600223730991,high_DH
351,599,1319,2285,0.5124467717801958,6234.203061536511,0.5764428790250595,0.452171753990922,high_DH
351,943,1319,4302,0.5050227447796303,2109.991014116599,0.3866842519168094,0.26208507295267497,mid_DH
353,943,1321,4302,0.40994570585660023,1308.8260949420048,0.11160103761493141,0.452660133447698,low_DH
353,978,1321,4395,0.45073016923673787,471.24171001041753,0.716613971497538,0.667303451758249,high_DH
353,990,1321,4431,0.37854083329721383,211.30901475965473,0.5916284148591319,0.412097266955021,high_DH
353,1054,1321,4961,0.43745753843727125,1873.7422030367557,0.2792620281880343,0.021855041701666966,mid_DH
354,355,1322,1323,0.46546405018995296,343.3588912771526,0.10291684247720057,0.06567776787256907,low_DH
354,943,1322,4302,0.45088071445235584,1057.3385744031884,0.1682190201201827,0.914067327453205,low_DH
354,990,1322,4431,0.42169269093940964,256.5120344141544,0.36539021170721286,0.04930992705048598,mid_DH
354,1054,1322,4961,0.404367704097237,2133.05978623157,0.2779982373292673,0.48326223570717397,mid_DH
354,1055,1322,4963,0.45408304771844704,2703.0795972557967,0.8606315171648635,1.095522319495028,high_DH
355,599,1323,2285,0.5317454731903829,7463.097610761005,0.11696119558331902,0.2654882683821771,low_DH
356,374,1331,1545,0.7292636701081713,2975.224344477929,0.6850443609924314,0.557303568027535,high_DH
356,1002,1331,4544,0.6937846490110976,282.36297861231805,0.3524733484351726,0.06690327623283099,mid_DH
357,376,1333,1562,0.4779614512616814,2907.2899933549284,0.5037961700114262,0.28305744894790597,high_DH
357,938,1333,4266,0.47315034933017336,470.86246990442925,0.33565688050978504,0.2718108264985969,mid_DH
357,995,1333,4450,0.457170242316218,399.14056019221664,0.13393164334135454,0.4212115257044601,low_DH
357,1018,1333,4708,0.5138016208417658,1861.2110902971533,0.5556648431259759,0.26563132076194407,high_DH
357,1039,1333,4871,0.3518034398482291,3234.732564325184,0.3114050070499097,0.0804307861070509,mid_DH
357,1923,1333,10261,0.5078329622163192,2818.105736037569,0.3886381256444977,0.23458748042981803,mid_DH
358,363,1337,1414,0.4451945590843891,1110.9759496689387,0.8157998959207234,0.332179467439435,high_DH
358,369,1337,1509,0.42864828568673946,2062.76796400543,0.09911499284868128,0.14145914701511098,low_DH
358,370,1337,1527,0.4706585635477753,2308.5164651695327,0.34501682851440185,0.707935562997406,mid_DH
358,935,1337,4142,0.37785758691772975,825.8528892493304,0.30699048541006924,0.24597873359594202,mid_DH
358,938,1337,4266,0.42497539701973297,370.54796201545133,0.2003948369002014,0.571031402615984,mid_DH
358,995,1337,4450,0.5245947808688408,298.34001624939594,0.2789499659823297,0.12199094958707302,mid_DH
358,1018,1337,4708,0.44659641559857566,1981.1449357592167,0.770285543603478,0.03358925535544299,high_DH
359,376,1339,1562,0.47995223883941723,3053.036246543892,0.44752736860005204,0.6946863453612371,high_DH
359,668,1339,2765,0.485167454485333,3210.59652661036,0.38440183546370704,0.08405668013365597,mid_DH
359,935,1339,4142,0.2821674857126163,790.5419403921978,0.3894940139478237,0.358387053891886,mid_DH
359,938,1339,4266,0.48684756197189605,343.1896252654284,0.2855907981784657,0.683439722911928,mid_DH
359,1018,1339,4708,0.3156106535111352,2015.452230630754,0.6778027030380975,0.145997575651387,high_DH
359,1019,1339,4736,0.4064243455395203,2234.27623189076,0.4423702904419183,0.147660508876078,high_DH
359,1923,1339,10261,0.5304765789708744,2979.671300387815,0.3179289674975945,0.17704141598351303,mid_DH
360,376,1399,1562,0.5040109044587263,2712.3846029546626,0.26553836862100355,0.440170649226316,mid_DH
360,379,1399,1569,0.5398540670281654,2683.0243773076822,0.3899976809224234,0.29450036982152494,mid_DH
360,382,1399,1579,0.5330463936369565,2854.358464777655,0.5313008467887695,0.018018971130319028,high_DH
360,657,1399,2605,0.5852223653674878,3469.3331702573714,0.5127284813673475,0.151697095356352,high_DH
361,367,1402,1493,0.6714959751177009,2038.0714370001976,0.15591331564723918,0.179844282186308,low_DH
361,656,1402,2546,0.6268004349411532,4273.468027266388,0.4507731395682809,0.011495514460529987,high_DH
361,1039,1402,4871,0.48793700275547125,3150.523554545439,0.09172111826766377,0.332598619687985,low_DH
361,1042,1402,4883,0.367855473471299,3486.72214709317,0.16676047084883305,1.3663689055273331,low_DH
361,1043,1402,4894,0.683854272629351,3520.089880159064,0.5074848786352825,0.47888532469914097,high_DH
361,1888,1402,10109,0.634150801817131,3044.444217850183,0.10779047486734562,0.03318068118383599,low_DH
361,1923,1402,10261,0.451784208810169,2710.596533325157,0.17519410987596756,0.017580353151116057,low_DH
361,1925,1402,10275,0.6397099682354866,3306.0632915019683,0.4086859044402042,0.07999110271357002,high_DH
362,654,1405,2493,0.6299426367417272,4846.6162582065945,0.4235415673344018,0.38419877184958307,high_DH
362,809,1405,3696,0.8970014986507258,10647.222581585635,0.6122429055934346,0.393542166723055,high_DH
362,1550,1405,6843,0.8236342333091731,3391.9407210258278,0.9651731196080132,0.20207138149415904,high_DH
363,364,1414,1467,0.43198731842876575,483.5907567697315,1.0112587853454238,0.8090197730680759,high_DH
363,370,1414,1527,0.4212774606331597,1209.9765784649492,1.142775167942326,0.37575609555797096,high_DH
363,375,1414,1557,0.48367156949410967,1856.300251930792,0.6097848709554309,0.194053836298122,high_DH
363,668,1414,2765,0.39624100678789603,2111.8574655687726,0.5284810782850373,0.13571446700983503,high_DH
363,935,1414,4142,0.28368965562943244,1916.140709682855,0.534625938215205,0.578158201035377,high_DH
363,1019,1414,4736,0.48521818748961426,1117.5713771245933,1.347918908946481,0.07211063826741299,high_DH
364,668,1467,2765,0.38516503224014315,1677.4160709463822,0.5157154844199915,0.673305306058241,high_DH
364,935,1467,4142,0.4585634950414771,2261.8074686034197,0.483345782773935,0.23086157203269897,high_DH
365,377,1468,1564,0.5486588555637565,1524.7260633566925,0.21674575114266165,0.03198400571845794,mid_DH
366,1008,1492,4683,1.171922195630827,581.5660548981957,0.6823269949671568,0.020899125028683074,high_DH
366,1010,1492,4689,0.9306769888764861,241.14366109277356,0.6548259612385726,0.522547603489184,high_DH
366,1011,1492,4692,0.8782230895382396,359.44307876564517,0.3954469225093712,0.40426680863743003,high_DH
366,1012,1492,4693,0.8070836494429916,311.88919580888717,0.5575738062297422,0.846467529298647,high_DH
366,1029,1492,4800,1.1293839100060314,223.91767819919122,0.34945680666865625,0.5587548794052459,mid_DH
366,1030,1492,4801,0.9992873830765558,213.37406694857768,0.37482823510846447,0.5089379137883621,mid_DH
366,1031,1492,4802,1.0360321530600987,227.9071923830089,0.39853233587846126,0.08798928915430504,high_DH
366,1917,1492,10226,1.1116983378163987,384.64935196706097,0.9510829695670915,0.728737808434576,high_DH
366,1921,1492,10247,0.9836589475407042,228.85991988357026,0.1353870073339052,0.3006978897341479,low_DH
367,386,1493,1609,0.6676861716250178,1334.099819403289,0.8907397957403284,0.21897560886422898,high_DH
367,675,1493,2862,0.779772671993864,3168.793359115686,0.6041845463681877,0.34189787601534805,high_DH
367,993,1493,4440,0.6897889240868463,1588.6525335217068,0.2675998327111844,0.364421216876213,mid_DH
367,1013,1493,4696,0.6868259730169864,442.93155364490696,0.8878051848324313,0.117252696856185,high_DH
367,1034,1493,4813,0.35591772306046665,623.6949785649969,0.1390604318759959,0.523001806101592,low_DH
367,1913,1493,10175,0.7799920526651919,1590.8821546830159,0.16862956564313916,0.34404633923455397,low_DH
367,1918,1493,10229,0.6608741272233739,331.481141466238,1.2115332890659893,0.182686940802824,high_DH
367,1925,1493,10275,0.5442156293960565,1310.842336177973,0.2665880426157271,0.09985317947273797,mid_DH
368,688,1506,2999,0.35625883880791614,1284.878181199735,0.2343346961858171,0.8239701440287939,mid_DH
368,698,1506,3046,0.289179136511415,754.0399909913101,0.1681868605178831,0.6161041982240718,low_DH
368,703,1506,3075,0.26526680197855673,523.0576309200347,0.1071166271876127,0.3915338185392999,low_DH
368,706,1506,3172,0.40311263711767215,1519.2278189198414,0.07043679322330142,0.7226223770346879,low_DH
368,1585,1506,7762,0.361071746331988,1503.7694634182476,0.06347414382868015,0.6034998537674329,low_DH
368,1608,1506,7971,0.38231210434547086,950.0993965785575,0.14691478684731316,0.8612450202166949,low_DH
369,370,1509,1527,0.34065180872839046,249.5326315705918,0.2541948919250394,0.849394710012517,mid_DH
369,1022,1509,4754,0.364088635508414,278.71822263082686,0.5731631499498081,0.28690647446982,high_DH
369,1035,1509,4828,0.4504099761115034,1094.1679152526378,0.1215814941725513,0.16249486297509697,low_DH
369,1036,1509,4849,0.35700932949100844,893.7729049797005,0.09366133854242682,0.061922265287597034,low_DH
369,1556,1509,6910,0.42657853669300316,1741.1395058767316,0.08577051838722731,0.69406111014616,low_DH
369,1916,1509,10190,0.4604198791701459,1545.0386554554862,0.3199235438952492,0.07000522453518898,mid_DH
370,663,1527,2662,0.3402618231735634,726.3897233095604,0.3953819255403757,0.30212202163075197,high_DH
370,1036,1527,4849,0.45458558186321674,692.5751548767577,0.32301086475262264,0.911316975300114,mid_DH
370,1555,1527,6904,0.44726185027472176,1683.3877054527413,0.30924593208199147,0.633766965923238,mid_DH
370,1556,1527,6910,0.29466100454849864,1492.801446652911,0.18381642315664387,0.15533359986635698,low_DH
371,522,1531,1979,0.6168548184649547,6918.108430592421,0.33178793269742785,0.09602795860248481,mid_DH
371,572,1531,2163,0.5078938211819028,3150.3716877792954,0.26738644051139804,0.5312154716702481,mid_DH
372,656,1536,2546,0.5646366830552942,1796.85467869866,0.7690903397282027,0.5203051952257741,high_DH
372,1006,1536,4555,0.667177838374769,2083.150330598233,0.0913116327987861,0.2942681326439691,low_DH
372,1023,1536,4757,0.5674497282830134,384.0929262251932,0.39279036582326066,1.4619311452084471,high_DH
373,383,1542,1595,0.6107801732332718,1116.6812955664395,0.4925155510386586,1.7653664324166751,high_DH
374,381,1545,1575,0.7006803064974175,619.9834816167319,0.7484004250554503,0.303167282269463,high_DH
374,382,1545,1579,0.412682637295385,684.7228772236982,0.9821267090538468,0.37853658007230706,high_DH
374,1046,1545,4921,0.7213040585026071,2633.7904722655703,0.7078642956570482,0.213192560652148,high_DH
375,1020,1557,4738,0.5728836662457182,1001.206045254183,0.2668878562369661,0.235115246494401,mid_DH
375,1036,1557,4849,0.5361958072177213,429.5088602965093,0.2154485450913347,0.341507043444021,mid_DH
376,938,1562,4266,0.47831558239283556,3377.6740105671684,0.17600822910189584,0.011246622449309074,low_DH
376,1018,1562,4708,0.5251832808646341,1055.5652512524955,1.0084045405003366,0.54868876970985,high_DH
376,1019,1562,4736,0.4910665334056396,1027.9239188962017,0.8818421084177306,0.842346854237315,high_DH
376,1039,1562,4871,0.46604505351276176,390.3498136085252,0.21697336787025148,0.20262666284085507,mid_DH
376,1923,1562,10261,0.3508708918996466,402.8171003494029,0.15624411463700985,0.517644929377724,low_DH
377,574,1564,2185,0.42863256549372286,3158.334775412067,0.7239284962994991,0.32389161645208103,high_DH
379,660,1569,2616,0.3192715287341534,372.56779453624796,0.4018793315448614,0.5145478516725019,high_DH
380,658,1573,2614,0.5630630205767713,618.7662326515394,0.742563384950555,0.592796012156541,high_DH
381,657,1575,2605,0.6034004317040392,738.9302250973719,0.24790155773261605,0.09434676868382696,mid_DH
382,660,1579,2616,0.6049771951862294,220.70754218161952,0.5421463657276461,0.7910292503637079,high_DH
383,652,1595,2448,0.7641691672854677,1356.2426344083558,0.5888556611456107,1.137084114636139,high_DH
383,1029,1595,4800,0.6709798511970995,1203.137631196564,0.38477220016208397,0.4952336307214982,mid_DH
383,1030,1595,4801,0.7220214491576963,1226.2518924449353,0.39289788182789775,0.545050596338382,high_DH
383,1032,1595,4803,0.8378603016381112,1247.282177410088,0.6713939435764396,0.31878345848969114,high_DH
384,385,1599,1600,0.5363343947676819,260.430951386616,0.15909291982769289,0.260939673510812,low_DH
384,1013,1599,4696,1.0895340742755653,1017.1388291890986,1.3640041898188322,0.150207072118613,high_DH
384,1044,1599,4905,0.8657370384265575,1138.104824602012,0.18048937618637825,0.12659785685180497,low_DH
384,1539,1599,6671,0.6258579225841193,676.725693039133,0.286048606014729,0.43679422035518706,mid_DH
384,1550,1599,6843,0.6686797339327748,432.33996957993895,0.8040321341055804,0.5448690462320109,high_DH
385,1539,1600,6671,0.5828604219986155,416.8576769850093,0.1674610442979649,0.17585454684437507,low_DH
385,1550,1600,6843,0.5967578199972242,303.7890128105326,0.6477764686423017,0.283929372721199,high_DH
386,946,1609,4306,0.961591307720419,5634.9161510416025,0.15271252041406183,0.261063863452399,low_DH
386,1013,1609,4696,0.4510193930531041,932.5653226032912,0.08613367896463814,0.10172291200804398,low_DH
386,1034,1609,4813,0.643245162422082,887.9986802952332,1.0205482471125262,0.7419774149658209,high_DH
386,1539,1609,6671,0.6690302902946534,939.0906681647743,1.141175974262019,0.688724204481844,high_DH
386,1918,1609,10229,0.5032705351088448,1020.3655951076953,0.5469079652461167,0.40166254966705295,high_DH
386,1925,1609,10275,0.8440495910470925,819.5679566020342,0.6572721622145878,0.31882878833696693,high_DH
387,1541,1617,6694,0.906845120084856,2782.5970761023286,0.29643871029296986,0.400339718551467,mid_DH
388,1043,1631,4894,0.6813272810062427,471.01664132280814,0.7957930392760434,0.499751616325199,high_DH
388,1053,1631,4960,0.4667323709984335,1205.0716494788703,0.7612339130140536,0.041553062932178975,high_DH
388,1055,1631,4963,0.5881597939101942,711.120551580156,1.3664355578805303,0.41218194567380495,high_DH
388,1056,1631,4964,0.3939653921578942,466.71998259734335,0.43640780390193107,0.37355511216561,high_DH
388,1057,1631,4965,0.3944266683873584,476.8156586170799,0.3219141744541305,0.158727541054827,mid_DH
388,1912,1631,10170,0.5538349696279473,1683.5613023706196,0.5834705094737612,0.256229668518765,high_DH
389,391,1632,1645,0.7191365727155655,1516.1756923491605,0.10523063541822202,0.604687480292464,low_DH
389,1048,1632,4926,0.18968752848365877,531.2293047482999,0.5431841860385682,0.05578919130424401,high_DH
389,1393,1632,5987,0.6322625977851892,6799.288479905527,0.43501128393418553,1.16861013277198,high_DH
389,1394,1632,5989,0.6304328826239175,6840.628671080212,0.6096877141527179,0.820217137276927,high_DH
389,1401,1632,6009,0.6470234884771485,6588.046602705244,0.7112137192618295,0.964232916137988,high_DH
389,1410,1632,6033,0.566072957507562,6454.284604317502,0.3832933352702236,0.41903195886799505,mid_DH
389,1926,1632,10285,0.6086435408330952,584.9969506148685,0.6237615087379302,0.008602854073942998,high_DH
389,1929,1632,10295,0.5485559818166544,709.6545069357351,1.1360784129562589,0.415243942273561,high_DH
390,978,1642,4395,0.4366840834146954,2350.0165764779003,1.0341540928537216,1.142352591749995,high_DH
390,1067,1642,5025,0.46624963950633885,2327.456101341425,0.43488321185624323,0.857208290166582,high_DH
390,1938,1642,10327,0.4004663435141326,940.6638874947741,0.3415924743222975,1.217652897879207,mid_DH
391,981,1645,4402,0.7309902512610543,2813.154194868492,0.25500825397104715,0.33618021538137,mid_DH
391,1048,1645,4926,0.7023331475018388,1002.7695863316446,0.6187786082919118,0.54889828898822,high_DH
391,1068,1645,5028,0.496679091727748,1067.7321786920074,0.11196182749240119,0.519379065964086,low_DH
391,1092,1645,5113,0.6554262857713049,2611.852793502493,0.17896087752950288,0.092936813268085,low_DH
391,1093,1645,5114,0.7141576289849884,2480.464846610746,0.07841378257260376,0.09050401318648194,low_DH
391,1413,1645,6037,0.7683641507459137,7372.364071259744,0.1555275026944659,0.325711268796414,low_DH
391,1929,1645,10295,0.6701809099204855,813.715721761068,1.2215113381741067,0.189443538018903,high_DH
392,981,1651,4402,0.744419840267848,2921.266899672492,0.27020597823554476,0.041381105805398,mid_DH
392,1068,1651,5028,0.4791190456333538,1001.1184401828624,0.09611076859584947,0.224579956388114,low_DH
392,1092,1651,5113,0.5971198403299122,2636.8163049957416,0.210645135207171,0.20186229630788702,mid_DH
392,1093,1651,5114,0.5805241560383029,2503.7607353814324,0.10314957213674655,0.38530312276245393,low_DH
392,1413,1651,6037,0.7769168570998581,7333.887358916267,0.14412366348010006,0.620510378372386,low_DH
392,1929,1651,10295,0.6692886386706824,889.2132834457414,1.1945742574522518,0.10535557155706901,high_DH
393,642,1652,2398,0.5642154150269921,4955.497886665927,1.4985344275716503,0.06457872219817995,high_DH
393,1060,1652,4977,0.442536854652542,535.2959832141241,0.9113773100206782,0.496918518308366,high_DH
393,1061,1652,4982,0.6021938832293279,420.6041912541964,1.166784992369607,0.06972008927864592,high_DH
393,1077,1652,5053,0.575606740164751,1579.8573175445608,0.2320684077064139,0.08577228545013604,mid_DH
393,1078,1652,5054,0.3825059284240709,1501.5998165827025,0.42519417364541984,0.40513311277917696,high_DH
393,1083,1652,5060,0.4483012917028936,779.0501128948183,0.18148115320317673,0.23572220290630708,low_DH
393,1093,1652,5114,0.7048581899627051,2395.7752999183076,0.4141636087068426,0.01678406991006398,high_DH
393,1094,1652,5115,0.43530855740222385,2092.8106171983663,1.073518389938639,0.16609289472254396,high_DH
394,1062,1656,4986,0.5913834671548572,955.3119673745234,0.21953784613117408,0.36368887619263296,mid_DH
394,1063,1656,4988,0.6279510920001571,981.8033178574245,0.1667833690959642,0.6191639370581999,low_DH
394,1069,1656,5030,0.584266888933222,363.4755141794093,0.23083725751244508,0.037083907432327,mid_DH
394,1070,1656,5031,0.3193551122630427,448.3576596764326,0.29374262599730716,0.25419729339744296,mid_DH
394,1077,1656,5053,0.42437080237299535,1007.1797843184899,0.7399089790825351,0.637460678320934,high_DH
394,1937,1656,10317,0.3512442834467271,448.9843803711441,0.43842338567705874,0.18447512489998702,high_DH
394,1941,1656,10331,0.49041836934832417,2106.734735671376,0.46340109900738435,0.076395537390062,high_DH
395,396,1657,1659,0.3167887437292642,242.8491020770365,0.07573104446212807,0.11361546950875101,low_DH
395,399,1657,1666,0.5406040340033977,757.397759942733,0.10779911109327873,0.463346052440443,low_DH
395,402,1657,1671,0.5257128379380718,1513.418790227042,0.3899206773590969,0.37982501181455697,mid_DH
395,403,1657,1672,0.36481173522332094,1491.845138948162,0.19670868855198292,0.404971134775723,mid_DH
395,404,1657,1675,0.6851715928893176,1631.4947779994889,0.8368058173054893,0.330005165082654,high_DH
395,1067,1657,5025,0.6287249594924841,458.9604989553363,0.6278550525114033,0.22096020671687,high_DH
396,399,1659,1666,0.5118808796723346,567.5189204137789,0.06735515968217948,0.349730582931692,low_DH
396,402,1659,1671,0.6031833624074917,1274.3224550759896,0.44198367972827446,0.26620954230580596,high_DH
396,403,1659,1672,0.3411527703781185,1275.5940074812547,0.24713754610870145,0.291355665266972,mid_DH
396,404,1659,1675,0.5317405848980381,1397.2304805589386,0.8811214786551628,0.21638969557390297,high_DH
396,1092,1659,5113,0.6517270743788379,1955.0584093438433,0.21909556933443533,0.05150218474095303,mid_DH
397,400,1663,1668,0.23128131052335044,424.7876184991104,0.5702382502670146,0.10429475322998294,high_DH
397,404,1663,1675,0.6375861909363946,1508.2775681452954,0.5728377405788401,0.307277426201249,high_DH
398,412,1665,1694,0.44251144180548707,1374.0048163676888,0.45119467203009805,0.8262224128834229,high_DH
398,415,1665,1699,0.6003638760862913,1053.982809928165,0.610670638727934,0.552422699205289,high_DH
398,418,1665,1703,0.4910827774921535,1264.054966117428,0.43342486675804587,0.222713619029699,high_DH
398,1065,1665,5021,0.4963245772129415,1217.4362881438044,0.5889371903103957,0.004246860739838043,high_DH
398,1070,1665,5031,0.5369288778393558,688.5977086487,0.7551663612522594,0.005570384725618049,high_DH
398,1077,1665,5053,0.48095608410881624,219.09720918412026,0.2810399569020994,0.377693000197873,mid_DH
398,1082,1665,5059,0.46856832589278385,1150.514286367569,0.25915052340716394,0.07401493649319596,mid_DH
398,1100,1665,5153,0.5826536171070281,1147.6994198284506,0.2622593988567616,0.297599660552857,mid_DH
398,1941,1665,10331,0.5748859898610493,1157.9952624433254,0.762331216279758,0.183372140732999,high_DH
399,403,1666,1672,0.49396700098717466,1253.8474197555402,0.300874292130139,0.05837491766472003,mid_DH
399,407,1666,1681,0.5877557627139569,1620.7721452332637,0.700676182378595,0.783691445150793,high_DH
399,415,1666,1699,0.445910075386037,1213.5618509538158,0.7097771721616177,0.128930342811316,high_DH
399,1068,1666,5028,0.6116760936894856,696.2002691797688,0.46062739654666274,0.72467065088674,high_DH
399,1092,1666,5113,0.5691825617643316,1396.9805562544295,0.28105047793852583,0.298228398190739,mid_DH
400,404,1668,1675,0.5774615915469948,1117.3133242592348,0.24136397125548217,0.20298267297126604,mid_DH
401,1059,1670,4976,0.8054951307885544,982.3996556586686,1.0295505914772043,0.33195438251427895,high_DH
402,403,1671,1672,0.6465021247943415,405.68258830736625,0.20380761638833042,0.02514612296116603,mid_DH
402,1054,1671,4961,0.4511653419230896,1786.0914125566367,0.41651744362460164,0.2014393033754821,high_DH
403,404,1672,1675,0.48239262663095916,321.616052317473,0.6429329513199761,0.07496596969306901,high_DH
403,1092,1672,5113,0.6863019369060714,2207.1939159033986,0.0752580005142262,0.23985348052601896,low_DH
404,1087,1675,5108,0.6283893714594587,2320.440675395752,0.3103554601492482,0.268165650846079,mid_DH
406,839,1680,3896,0.6025865919598047,7863.094255818886,0.11646460810940036,0.781103940574883,low_DH
406,959,1680,4330,0.5713202053267047,1505.4916190842584,1.4409311343590352,0.707330442195059,high_DH
406,966,1680,4356,0.3864065989023022,1054.2084027062035,0.9318627595396582,0.6232330083769799,high_DH
406,1754,1680,9665,0.5346848220691409,7860.730339750228,0.1182253047606243,0.540349954134046,low_DH
406,1942,1680,10359,0.6198271048072004,4838.970084306781,0.12300807889513636,0.539548842462782,low_DH
407,410,1681,1691,0.5492577608482306,1290.3030390097358,0.09253825170295614,0.589837586745834,low_DH
407,411,1681,1692,0.3998990231250217,1178.358036508799,0.24856116824775187,0.40364753227094696,mid_DH
407,415,1681,1699,0.38794265286958896,1272.2125694995254,0.12486797135374422,0.912621787962109,low_DH
407,1065,1681,5021,0.7596302712490959,2707.8389179057913,0.31345337385458305,0.355952228016982,mid_DH
408,1099,1683,5128,0.23593744738318626,323.3212961431983,0.16226538455704229,0.07146846702735299,low_DH
408,1104,1683,5179,0.6162877908176185,1714.7168355209612,0.2154768056434611,0.22306840141793402,mid_DH
409,412,1685,1694,0.663083233953867,567.2674677118574,0.48123635045377433,0.7171465257788299,high_DH
409,416,1685,1701,0.3822472801861815,752.2806836586144,0.3408692901841748,0.16802098529143,mid_DH
409,417,1685,1702,0.6387855250397728,728.1990394882902,0.7580390581702191,0.654141679267462,high_DH
409,1100,1685,5153,0.5879601629924914,861.8239180938651,1.158084047067984,0.40667554765745,high_DH
409,1106,1685,5194,0.5961655919362012,266.1590924418085,0.9949157209255012,0.259534853276624,high_DH
410,413,1691,1696,0.5864030824156914,428.04784102799243,0.14530284738417462,0.09755569798777697,low_DH
410,414,1691,1697,0.6710590166766602,548.8442687173613,0.23572667678472842,0.44370404763362403,mid_DH
410,415,1691,1699,0.663770084348408,635.6454242346489,0.06431568735083493,0.32278420121627505,low_DH
410,418,1691,1703,0.6719506610788584,439.33478464432613,0.16575162584650488,0.0069248789593149285,low_DH
411,413,1692,1696,0.7631327839534936,371.552865906609,0.3257495134018531,0.08863435648710999,mid_DH
411,414,1692,1697,0.6235007471062716,506.94403492581154,0.09755174816519865,0.6298941021085109,low_DH
411,415,1692,1699,0.4102399293531244,667.6174914677077,0.21868407637175277,0.5089742556911621,mid_DH
411,420,1692,1709,0.6941923871825326,402.6068789145804,0.1756369095659317,0.16399129749722,low_DH
412,415,1694,1699,0.6521363581875868,396.4517886747729,0.1726155493822562,0.27379971367813394,low_DH
412,418,1694,1703,0.24318650616753715,261.2017526721423,0.047091230386394796,0.6035087938537239,low_DH
412,1100,1694,5153,0.4534590851031762,300.2118073961048,0.6928524832789591,1.1238220734362798,high_DH
412,1102,1694,5157,0.5961451071712811,618.2953547325541,0.4221711125996792,0.705117592265655,high_DH
413,419,1696,1708,0.8210468060782087,435.1790870811329,0.39154026469771774,0.36755015075265896,high_DH
413,1065,1696,5021,0.7572718218662824,2440.3965627030957,0.2744860950417122,0.136329660741075,mid_DH
414,417,1697,1702,0.6198456175672201,539.9001764142881,0.22344343578805237,1.218408337785507,mid_DH
414,1065,1697,5021,0.6467082575642606,2305.505207138639,0.35147973853976605,0.677589406362476,mid_DH
415,420,1699,1709,0.6595289005926388,647.4887856884648,0.3546080575729244,0.672965553188382,mid_DH
415,1065,1699,5021,0.6322005105694841,2081.6474255199805,0.21602932397687713,0.556669559945127,mid_DH
416,1100,1701,5153,0.6839475653261639,570.3631517512218,0.8619358685671435,0.23865456236602,high_DH
417,420,1702,1709,0.45953724049140887,477.6230995249482,0.12555186101752946,0.424522938179776,low_DH
418,1070,1703,5031,0.555134297796086,1662.869755593041,0.33073159598778745,0.22828400375531704,mid_DH
418,1100,1703,5153,0.6461844644290974,421.0911045407093,0.6718402524869896,0.520313279582556,high_DH
421,1067,1711,5025,0.44873852791860913,698.4629240753425,0.3894733315066875,0.30823606385658997,mid_DH
421,1104,1711,5179,0.6870731746369219,597.2964691592023,0.6412482683759055,0.547337667382384,high_DH
421,1939,1711,10328,0.4972697570023919,2784.890590783461,0.46571169612970864,0.765359330952902,high_DH
422,1063,1716,4988,0.7157635655758453,2665.7312323514025,0.220111487333585,0.007112439815357918,mid_DH
422,1079,1716,5055,0.7431801962168656,2671.9885048731157,0.4363050550828964,0.035877380857013974,high_DH
422,1926,1716,10285,0.7972604874706183,3414.4774054841364,0.6884467112538603,0.730167673866983,high_DH
423,424,1731,1732,0.46466056302981856,1154.7306775328043,0.6285626862784947,0.31036471119786097,high_DH
423,638,1731,2392,0.5705322966357806,4759.008689929432,0.9845413619673048,0.670853909583749,high_DH
423,1116,1731,5261,0.47198886689792613,1316.4719463153765,0.22612785070945948,0.160375311048994,mid_DH
424,427,1732,1737,0.3999534002378796,1318.3909422059962,0.428667024103086,0.08389577958241096,high_DH
424,444,1732,1777,0.23934728101605543,780.7584426730103,0.05943970004010009,0.36759513922792497,low_DH
424,447,1732,1784,0.4388188846371302,1744.5270187266606,0.34123683878684036,0.06330702721185705,mid_DH
424,448,1732,1785,0.5446871286489505,2647.6585260906727,0.31991988788175185,0.18756328026846097,mid_DH
424,637,1732,2391,0.4568571624487957,3927.87490782178,0.12010533646454141,0.29050361987546097,low_DH
424,1114,1732,5259,0.43446589581900685,747.0247216462268,0.06579435355119022,0.481407148646976,low_DH
424,1115,1732,5260,0.3375687792821138,458.3537374422438,0.3113225587629403,0.047201836714665046,mid_DH
424,1116,1732,5261,0.4120570354127065,274.8448192130234,0.40651549492754774,0.14998940014886697,high_DH
425,427,1733,1737,0.3586182496401453,1416.8876031724822,0.24028698564300396,0.38154730247344004,mid_DH
425,439,1733,1771,0.4378356023851311,1411.839090502164,0.19446312610422764,0.39401295667152203,mid_DH
425,444,1733,1777,0.4248645148176354,884.9970836650823,0.24676703981373965,0.8330382212837759,mid_DH
425,446,1733,1781,0.2895338657165942,965.8264237257627,0.0778717604687723,0.446983854095672,low_DH
425,447,1733,1784,0.3048230961639606,1738.7489956186046,0.1438803167362503,0.528750109267708,low_DH
425,1112,1733,5257,0.44534741820640245,740.2665751965675,0.10393089673240852,0.153206990123633,low_DH
425,1114,1733,5259,0.25940625909294335,757.7393418706974,0.16664836413192025,0.9468502307028269,low_DH
425,1115,1733,5260,0.30429146913475646,557.3935970550403,0.11440700622526731,0.512644918770516,low_DH
427,444,1737,1777,0.3886462579022492,557.1183033070977,0.4593086407957369,0.45149091881033593,high_DH
427,446,1737,1781,0.44329871982046315,1194.2098853056316,0.18011759771118013,0.065436551622232,low_DH
427,447,1737,1784,0.2528507341210374,1750.1322977817963,0.09785014967634305,0.147202806794268,low_DH
427,637,1737,2391,0.37622944589087676,2913.5955141027976,0.4083547593252002,0.20660784029305002,high_DH
427,1113,1737,5258,0.41932104493216493,1859.53167112627,0.2528194946397861,0.12984996755872902,mid_DH
427,1114,1737,5259,0.32480192829744137,1171.825310761279,0.3646422260994567,0.5653029282293869,mid_DH
427,1115,1737,5260,0.23723675700193309,860.1505409806754,0.131109383507713,0.131097616297076,low_DH
428,429,1738,1739,0.13354704961969785,251.4253064182425,0.11693842433954084,0.45522247414773404,low_DH
428,433,1738,1758,0.42544429796108535,867.9456257591356,0.2876462900888336,0.32799888888833806,mid_DH
428,438,1738,1770,0.16875576102909154,821.7404722267615,0.05421852542722793,0.564551569524649,low_DH
428,439,1738,1771,0.41849402464417035,221.33050385194372,0.13597208557357104,0.44262336437480004,low_DH
428,442,1738,1775,0.4114853638988431,424.86664887294285,0.5343383009348694,0.285347385894312,high_DH
428,1112,1738,5257,0.32088511523035873,2073.936314491667,0.3364394686342386,0.6834293309226891,mid_DH
428,1117,1738,5263,0.3996115451388595,1890.741435310565,0.3120531008660754,0.534310821137292,mid_DH
428,1128,1738,5337,0.39094886172047494,1589.301544734634,0.5604883119305883,0.16795969414188305,high_DH
428,1147,1738,5368,0.1857935748780391,2727.619386370579,0.7766687082132041,0.5133076513378481,high_DH
428,1152,1738,5375,0.31169483074188137,2369.5135772267413,0.08957417303850627,0.522012624148817,low_DH
429,433,1739,1758,0.3704615423343698,809.929865593766,0.19513109030831716,0.12722358525939598,mid_DH
429,438,1739,1770,0.18486532554134988,1000.6380072234477,0.08783713423046526,0.10932909537691501,low_DH
429,439,1739,1771,0.3513720495023381,472.5098681478916,0.19980022040849327,0.012599109772933992,mid_DH
429,442,1739,1775,0.3976614725416678,615.6894566104639,0.4885160459849353,0.169875088253422,high_DH
429,1112,1739,5257,0.3606915345975855,2301.697156949775,0.37086956995418585,0.228206856774955,mid_DH
429,1119,1739,5272,0.384044219818263,342.94199389618495,0.08154206377795786,0.004040255008991023,low_DH
429,1120,1739,5273,0.38701710673237744,294.5571246600851,0.22104855018916897,0.18876126988518,mid_DH
429,1147,1739,5368,0.24171499738811852,2961.9809166832006,0.8496127285451169,0.058085177190114023,high_DH
429,1152,1739,5375,0.38982587688306414,2559.069107542522,0.14398938183490836,0.06679015000108302,low_DH
430,623,1741,2367,0.3711319581637313,1080.497542665043,0.7043046471755042,0.357389921677677,high_DH
430,626,1741,2374,0.24902349821447264,1496.6694054880024,0.5315758115802183,0.42995333896773,high_DH
430,627,1741,2375,0.2858982369309561,1525.4753287408685,0.2853850460517246,0.20206756012197302,mid_DH
430,629,1741,2380,0.43854995226713345,1729.8394854545713,0.14811836461215125,0.3426329847478201,low_DH
430,641,1741,2396,0.4312913938907311,2223.6153715227983,0.2833241840173367,0.07358602334326003,mid_DH
431,622,1742,2364,0.24768286859218402,1258.078831207305,1.0320648760830649,0.535246421202866,high_DH
431,1121,1742,5275,0.36368048965383515,1097.235018744591,0.36142769034398337,0.680309045605437,mid_DH
431,1123,1742,5286,0.3916160143817124,621.5666058111656,0.24573666532113267,0.08219163607370306,mid_DH
431,1125,1742,5314,0.37844898953081,691.0139935989437,1.1660000395229202,0.276321907855429,high_DH
431,1130,1742,5340,0.4047247315294055,969.1862228891571,0.8744281361867375,0.208236664810733,high_DH
431,1138,1742,5352,0.2959892398357355,1235.0618624482681,0.8459622908885995,0.6384599691363351,high_DH
431,1945,1742,10386,0.389040971042362,758.1725313831607,1.3251970217650328,0.605830453224193,high_DH
431,1947,1742,10394,0.38569822040664076,1008.1160123080143,1.1746529572460125,0.6097480698062181,high_DH
432,433,1745,1758,0.47252488733830306,226.3303141592145,0.07269181330183258,0.158193984660005,low_DH
432,434,1745,1760,0.3527425229678431,277.71573510015463,0.3336416309730443,0.246247022051918,mid_DH
432,442,1745,1775,0.3650069704000556,1504.3331474920644,0.35252859264209163,0.11554248166597897,mid_DH
432,1118,1745,5271,0.3581543503238331,1270.5182978377718,0.11019075610810153,0.377283994350895,low_DH
432,1119,1745,5272,0.4396882458576056,1242.3399686345654,0.18595531491456135,0.289457824928392,low_DH
432,1120,1745,5273,0.36212739459317345,1188.668820089864,0.3601178177700419,0.09665630003422099,mid_DH
432,1122,1745,5276,0.46802769571470026,859.7839662400218,0.33377625684262785,0.29962241433055997,mid_DH
432,1138,1745,5352,0.3823588059117776,1069.4418462192746,0.07953280665054974,0.363042166393409,low_DH
432,1141,1745,5357,0.3475443904345167,1330.5117612396225,0.5603596276216103,0.332041451270285,high_DH
433,434,1758,1760,0.4209026804111494,295.66825822117954,0.37572409801918877,0.088053037391913,mid_DH
433,438,1758,1770,0.3269573769699714,857.511997017127,0.2526987722047339,0.236552680636311,mid_DH
434,1119,1760,5272,0.46675024747288857,1226.6233857053026,0.17657807306880963,0.043210802876474,low_DH
434,1137,1760,5351,0.41030803309175234,699.3609510014209,0.8089470412102092,0.173252164043683,high_DH
436,466,1764,1822,0.4300800041041746,1324.130986283165,0.22020164219185848,0.21683486485473796,mid_DH
437,454,1766,1805,0.4454904525141567,943.9327519293599,0.3018124382234989,0.615360641079822,mid_DH
437,556,1766,2100,0.38779270391440107,488.7654448130755,0.611030424770666,0.24274618702568407,high_DH
438,451,1770,1791,0.37460986380788563,1462.2375342130065,0.3271464029666642,0.4137234964672589,mid_DH
438,557,1770,2101,0.39996085639234524,1252.0860461838654,0.40763655585429115,0.294866493470579,high_DH
438,1112,1770,5257,0.3512378197106849,2044.8472293640148,0.34403061452958755,0.11887776139803999,mid_DH
438,1128,1770,5337,0.3053689542166401,913.5304989266245,0.5265576158308597,0.39659187538276597,high_DH
438,1147,1770,5368,0.1919164306004155,2039.898205381711,0.7981046068095773,0.05124391818680099,high_DH
438,1152,1770,5375,0.3802704360016651,1558.4327725280289,0.08688068557880432,0.042538945375832,low_DH
439,443,1771,1776,0.4136423801979743,431.93497801305034,0.11874983893138036,0.06462876738553297,low_DH
439,446,1771,1781,0.27693541520943515,1031.1102510344665,0.2277162772684884,0.05297089742415001,mid_DH
439,1119,1771,5272,0.24422465951823052,201.42396861497198,0.2044535428660896,0.016639364781925015,mid_DH
439,1120,1771,5273,0.43602814474830276,209.81556883252762,0.04968391194870148,0.176162160112246,low_DH
439,1127,1771,5332,0.4267277199985582,1445.5882345719338,0.1358459750058399,0.18862216804731902,low_DH
439,1142,1771,5359,0.2292829676091225,380.87480718595896,0.20432101862782115,0.101610706481683,mid_DH
440,442,1772,1775,0.28755515585279057,280.6705958328323,0.6879464779043252,0.18755708072601904,high_DH
440,1118,1772,5271,0.2833779054350328,283.2063575273727,0.3926292049309625,0.07418443195889698,high_DH
440,1119,1772,5272,0.2573584379330723,289.6610294457504,0.23631538149042897,0.013641737463606002,mid_DH
440,1120,1772,5273,0.24197127512421535,315.2893967870491,0.05037932141418002,0.20644326235777702,low_DH
440,1141,1772,5357,0.2151299936869377,269.22387977269364,0.1928332711007388,0.028941888878286998,low_DH
440,1943,1772,10366,0.3060128816970356,1627.840375787671,0.1939311775039896,0.17730011104701102,low_DH
441,443,1774,1776,0.30324417682043686,292.7690139430424,0.34469024814991445,0.01343526806169204,mid_DH
441,444,1774,1777,0.38637932902540156,458.6301465553127,0.2896112860641043,0.36096122916502893,mid_DH
441,446,1774,1781,0.4348589786642796,1082.236543544643,0.02912078267075199,0.025093138023075,low_DH
441,637,1774,2391,0.4231986927349218,3025.1954952116503,0.2655495546178806,0.297137529938357,mid_DH
441,1142,1774,5359,0.495499461356459,231.7756722819133,0.4209741795644446,0.179674741928908,high_DH
442,445,1775,1780,0.42934243374130715,1147.2783391101882,0.7437823364305578,0.16580872034273403,high_DH
442,1118,1775,5271,0.15849146745458476,253.66644572192126,0.2981116201562737,0.261741512684916,mid_DH
442,1119,1775,5272,0.29155597862319016,281.01941066733303,0.49076624659308793,0.17391534326241304,high_DH
442,1120,1775,5273,0.1240368505217241,336.1580477188765,0.6627446816583217,0.01888618163175798,high_DH
442,1138,1775,5352,0.3376558253330895,1110.2735818693086,0.4216592593052969,0.24749968472743003,high_DH
442,1943,1775,10366,0.24422911549361723,1656.3814741508154,0.8731721478758843,0.010256969679008021,high_DH
443,446,1776,1781,0.34756173228436427,903.929924088831,0.33070576365624416,0.01165786996138296,mid_DH
444,446,1777,1781,0.4656083691490443,997.1545752376165,0.28111666429601007,0.38605436718810393,mid_DH
444,447,1777,1784,0.35563268215289645,1737.5480999219933,0.3701346245258714,0.3042881120160679,mid_DH
444,637,1777,2391,0.31743849992399786,3238.2985782174615,0.16409757093396285,0.658098759103386,low_DH
444,1114,1777,5259,0.320836599598842,881.339739537313,0.10032395842460108,0.11381200941905101,low_DH
444,1115,1777,5260,0.37307106122576045,336.70355172134293,0.3379936378678344,0.3203933025132599,mid_DH
444,1116,1777,5261,0.4825440801182688,533.8023453113162,0.4386874935466759,0.5175845393767919,high_DH
445,1118,1780,5271,0.31370410135824256,1298.7167030513267,0.44799570244155584,0.095932792342182,high_DH
445,1120,1780,5273,0.4196944123679875,1341.1702619017944,0.09620567686959441,0.184694901974492,low_DH
445,1121,1780,5275,0.2553795889066113,1480.4163814121678,0.12013798925163766,0.123540040853798,low_DH
445,1122,1780,5276,0.4263809712902908,1578.013013124835,0.14451745259993234,0.018271212321846975,low_DH
445,1125,1780,5314,0.32344418227359606,1568.6795580136582,0.7125899700323592,0.28044709689621006,high_DH
445,1141,1780,5357,0.3927182071444748,1265.5583276591274,0.12864381266554523,0.05069024926157201,low_DH
445,1143,1780,5360,0.2998407178786641,1029.6091934704762,0.31501735565781513,0.168727912547892,mid_DH
445,1943,1780,10366,0.2913090901306285,719.6398441174667,0.14068058959489163,0.155551750663726,low_DH
446,447,1781,1784,0.29507714264769846,806.8343724145469,0.08995267499293748,0.081766255172036,low_DH
446,1114,1781,5259,0.2865146124496484,208.36354473303004,0.1881201400537881,0.49986637660715494,low_DH
446,1142,1781,5359,0.29088643854825846,941.0735146717897,0.40832518652607624,0.154581603905833,high_DH
447,557,1784,2101,0.42130916335491175,1880.1726503582483,0.832140456794777,0.03820113572454398,high_DH
447,637,1784,2391,0.4137976331431121,4584.443789209488,0.31929569346476094,0.353810647087318,mid_DH
447,1114,1784,5259,0.20411779331872973,1005.2918821116849,0.2765701944098705,0.41810012143511893,mid_DH
447,1115,1784,5260,0.2875718944888407,1624.1586655066706,0.04756249201917878,0.016105190497192,low_DH
448,1113,1785,5258,0.4093441806932569,1680.8602180681396,0.12791179852441412,0.026182466872679,low_DH
448,1115,1785,5260,0.44222831172559407,2624.3970004494968,0.06459216393108588,0.23476511698312602,low_DH
448,1116,1785,5261,0.46865855821605934,2568.3838420614184,0.14715938991187746,0.037573880119594005,low_DH
449,624,1786,2368,0.3805279836352074,3625.856754439214,1.3613898625489917,0.33988328984232596,high_DH
449,1121,1786,5275,0.34814639333211234,2376.110550356029,0.034049634664444536,0.28289710235932,low_DH
449,1125,1786,5314,0.35127522779608705,2019.2215085028008,0.8478047596574833,0.12109003539068808,high_DH
449,1135,1786,5348,0.23928186754868092,1246.4907686571596,0.5325304822839632,0.19898106645774596,high_DH
449,1139,1786,5353,0.24100539763289153,2366.2437115053053,0.07922778092028492,0.11571277999169899,low_DH
450,1113,1789,5258,0.4333944671815536,1809.4196262820096,0.5402728710400581,0.47705741583076006,high_DH
450,1117,1789,5263,0.4231915084643496,2557.056280005855,0.544559712727475,0.42642925083644106,high_DH
450,1145,1789,5363,0.39814248840771654,904.0709381169688,0.6482792736450463,0.5466252554716731,high_DH
450,1147,1789,5368,0.4110149064732996,561.6171966184357,1.0087211531989528,0.40542608103699707,high_DH
450,1152,1789,5375,0.44164169376188267,403.9039947895137,0.3031137292416038,0.41413105384796606,mid_DH
450,1415,1789,6043,0.3945956113322893,3656.9855320555703,0.3483159678110704,0.3374871611153999,mid_DH
451,555,1791,2099,0.34079031412563054,329.3912962828241,0.1429684752581594,0.08073776178079695,low_DH
451,557,1791,2101,0.2831028204321126,381.9360154785698,0.13367541887270312,0.11885700299667995,low_DH
451,1127,1791,5332,0.3831020286079031,840.98803658312,0.3328577575238964,0.48041745936472896,mid_DH
451,1128,1791,5337,0.26406482889218535,568.0457691676908,0.2481651172824748,0.017131621084492954,mid_DH
451,1157,1791,5386,0.2614178958247269,405.1475621303518,0.42965888185312967,0.16834877410174293,high_DH
451,1161,1791,5395,0.26955058408049215,248.06723322535117,0.2571777958725502,0.0011729235556319217,mid_DH
452,1155,1792,5383,0.21047010233775054,273.09315636419115,0.21083141257631655,0.4700259886518421,mid_DH
452,1198,1792,5463,0.2609775903425182,795.9022997812178,0.5045359200014375,0.975324545356095,high_DH
452,1386,1792,5974,0.21811436080979896,225.69981946161485,0.5981923379219621,0.6477310937750251,high_DH
452,1387,1792,5975,0.29501714328257095,231.53029822554663,0.3185260792308928,0.544303512988329,mid_DH
452,1388,1792,5978,0.29706596897801,305.3976953337438,0.32529397854548575,0.725430090466048,mid_DH
452,2001,1792,10521,0.3237872469926527,256.0921798731113,0.37366501205921165,0.6542985290456781,mid_DH
452,2005,1792,10528,0.1472611853967178,400.0280174251895,0.4733394284451534,0.015324061372589126,high_DH
452,2006,1792,10529,0.31130776169027286,422.2642780344955,0.13175954799885892,0.8257386283237921,low_DH
453,1159,1795,5391,0.21608410273467393,483.4759649219043,0.09946286347014416,0.03107703269519002,low_DH
453,1385,1795,5973,0.2220959736154473,242.9569803744525,0.3177901136857294,0.018064436245718962,mid_DH
453,1386,1795,5974,0.23340186417227696,373.7099648045973,0.5914972841676346,0.12577907938473204,high_DH
453,1387,1795,5975,0.18609250193722612,373.8559380279427,0.30132272048221204,0.02235149859803598,mid_DH
453,2001,1795,10521,0.19479754112827652,361.36901909412984,0.351945806130086,0.13234651465538505,mid_DH
453,2004,1795,10526,0.30930498816193414,350.36932081801785,0.10058964787680223,0.674885914374611,low_DH
453,2005,1795,10528,0.14942510971155568,470.58436692115566,0.48821261428161206,0.5066279530177039,high_DH
453,2006,1795,10529,0.21977950458432255,511.4936850332763,0.12326560312492373,0.30378661393349904,low_DH
454,455,1805,1806,0.3607718231752777,352.89080279427435,0.3872564766424849,0.31464201480296594,mid_DH
454,513,1805,1966,0.36413218082603654,763.0582839252629,0.5892840000343875,0.20382083037403897,high_DH
454,558,1805,2102,0.40338742775745645,1014.8916737681554,0.2226319699524684,0.31436795592295397,mid_DH
455,513,1806,1966,0.3688497648601175,696.8970518337198,0.24318480694370898,0.11082118442892697,mid_DH
455,562,1806,2112,0.43276130890926295,1026.4180959441182,0.391560357165884,0.0016949985372251009,high_DH
455,1167,1806,5406,0.35317575441481736,224.93331964598215,0.5032044107205433,0.4166977803672871,high_DH
456,463,1807,1816,0.17953071417290614,362.5407229753038,0.09976929347565722,0.01616271533851099,low_DH
456,467,1807,1831,0.20915628997605906,592.6023823137888,0.4116016130833889,0.21678456744374397,high_DH
456,469,1807,1834,0.27375907275943573,739.8356211413263,0.6856871658450726,0.18337669129982398,high_DH
456,487,1807,1934,0.17197040535742708,824.9629181322989,0.8391708373544251,0.18559126487745303,high_DH
456,1238,1807,5638,0.21098926342548222,822.0487142756641,0.8392382428200277,0.587248376533578,high_DH
457,468,1808,1832,0.230493932477931,649.2762481263136,0.43877936274205936,0.276800687204642,high_DH
457,487,1808,1934,0.31056182586872094,805.9479297186977,0.8320870350049223,0.409184912360657,high_DH
457,497,1808,1947,0.39453288087204863,850.7110474281288,0.08406194140109732,0.346662534596883,low_DH
457,556,1808,2100,0.3434597329940382,542.9240098162171,0.5087015297072645,0.37424377332788494,high_DH
458,461,1809,1814,0.22358347966383352,325.8575228410906,0.17152940501165043,0.45316798902981303,low_DH
458,463,1809,1816,0.16842990489744297,313.2515013010721,0.15615381997928274,0.06447307788276502,low_DH
458,465,1809,1819,0.24298533753164958,378.08626369908023,0.34890415236985656,0.019182055737747006,mid_DH
458,467,1809,1831,0.20485329762982943,513.8577045497229,0.17193873492496253,0.13614877422246796,low_DH
458,469,1809,1834,0.21019077101843478,665.0941661826055,0.4496661992415308,0.2640124845211,high_DH
458,550,1809,2093,0.20189369378593863,260.89063785502344,0.13367494929632495,0.07519078419376002,low_DH
458,1191,1809,5446,0.2004483411485507,414.0065706397321,0.14983189612523468,0.301502947878849,low_DH
458,1238,1809,5638,0.270576646182449,756.2231264751866,0.6107782877064277,0.667884169754854,high_DH
459,461,1810,1814,0.22060970119874432,205.14182917526688,0.10290564912838046,0.566118808221311,low_DH
459,463,1810,1816,0.18691654902815333,280.0181116245179,0.15767208877366937,0.17742389707426298,low_DH
459,467,1810,1831,0.21843527675748375,558.4167988872113,0.4334701007949982,0.023197955030969997,high_DH
459,468,1810,1832,0.2513932740264148,632.4178978334827,0.46302756045012244,0.14037957269133594,high_DH
459,514,1810,1968,0.32079659327926596,420.1754944941154,0.6115077735014347,0.25418259498794304,high_DH
459,552,1810,2096,0.18632546091855745,278.35544853437125,0.21297678187286165,0.28585737226485497,mid_DH
459,1168,1810,5407,0.1885074377539236,247.5068181832984,0.4911091810878426,0.08203010759041507,high_DH
459,1193,1810,5454,0.3165902243162415,350.8294958661459,0.5069570097758027,0.30112217988770307,high_DH
460,1156,1813,5385,0.36685530716509396,775.8358484689404,0.36962762291655576,0.507974420265427,mid_DH
460,1162,1813,5400,0.3091773126051196,576.9400266431797,0.3483811296549162,0.16551550375213397,mid_DH
460,1164,1813,5402,0.3183520947391346,512.7483373012318,0.1497952102842366,0.335806975508645,low_DH
460,1165,1813,5404,0.38155700747171833,365.3589534610939,0.33604133980401674,0.834100736289322,mid_DH
460,1167,1813,5406,0.2987902307651967,349.72515792576445,0.28618281953810704,0.10335274310125508,mid_DH
460,1193,1813,5454,0.35009621591768647,403.87707068951744,0.11632313009585683,0.08868606844093607,low_DH
460,1367,1813,5942,0.36766567443926473,502.3166485659701,0.29909109339308687,0.16704340772341697,mid_DH
460,1375,1813,5957,0.2951937890746493,302.0097977934402,0.12311454331501429,0.38139070884468895,low_DH
460,1404,1813,6017,0.3381565646849077,798.5565659131541,0.1567464181441859,0.942700664958303,low_DH
461,464,1814,1817,0.18656371094999494,209.61190924111042,0.08265133901038126,0.502493765976056,low_DH
461,465,1814,1819,0.2542064378074448,256.07196514218043,0.18649196838302784,0.47235004476756004,low_DH
461,467,1814,1831,0.235857990431213,417.45929135691273,0.34131194566204753,0.589316763252281,mid_DH
461,469,1814,1834,0.2153044767161921,520.074053348764,0.6183207272700924,0.18915550450871302,high_DH
461,550,1814,2093,0.09027986597027772,343.1973361745916,0.2832506846795469,0.377977204836053,mid_DH
461,1168,1814,5407,0.21504797309486726,289.50351455482956,0.390400707592013,0.6481489158117261,mid_DH
461,1191,1814,5446,0.1741099201534371,368.92505650360334,0.30397823226820625,0.754670936908662,mid_DH
462,470,1815,1835,0.24115600594117179,616.7851968568817,0.4729527811991705,0.164770677264102,high_DH
462,474,1815,1840,0.2415268842571671,703.7107950150186,0.24385935778455747,0.27067991028706695,mid_DH
462,485,1815,1931,0.16609062099377483,680.751159680544,0.15385031001297148,0.028218932211622028,low_DH
462,486,1815,1932,0.21144228825404204,643.7967549806851,0.4744237645780681,0.0012026482583720188,high_DH
462,490,1815,1938,0.193013652560569,556.3626723884515,0.06883767107640024,0.19408882865316796,low_DH
462,491,1815,1939,0.26048491972803206,545.3236141109779,0.20111046901862087,0.537321091925563,mid_DH
462,1209,1815,5480,0.2230735223259634,630.8861368737699,0.08242373991732799,0.11786536039667095,low_DH
462,1233,1815,5630,0.2763954880979998,693.6283927354041,0.11035262687980213,0.21536645501044105,low_DH
462,1244,1815,5654,0.25759509958119214,628.5725363546616,0.12580656769843407,0.00880385247565002,low_DH
462,1278,1815,5702,0.22895166886698734,467.986778076173,0.12012200551949243,0.10936118761198499,low_DH
463,467,1816,1831,0.1932868099239293,290.2330842082001,0.3152186167974435,0.20062185210523298,mid_DH
463,469,1816,1834,0.2189380465700095,408.2514311984204,0.5897318173361643,0.19953940663833497,high_DH
463,550,1816,2093,0.11147827250947144,423.09580229922193,0.25042944610893647,0.010717706310995001,mid_DH
463,552,1816,2096,0.20969967802183812,455.4298735598435,0.08409189066076926,0.10843347519059199,low_DH
463,1168,1816,5407,0.18605388904014974,234.90571146526722,0.34652896332988864,0.25945400466467805,mid_DH
463,1191,1816,5446,0.20347790256746093,236.10540153851764,0.2691549358202166,0.36597602576161403,mid_DH
464,492,1817,1940,0.2783806211966649,251.1703143522635,0.49197386431001966,0.426648747033915,high_DH
464,495,1817,1945,0.29382914514617187,386.42451926884024,0.13760090525111396,0.06299360812968702,low_DH
464,550,1817,2093,0.2196820782916582,543.4658570709505,0.2741608153533993,0.12451656114000298,mid_DH
464,551,1817,2095,0.2655332045223934,656.010593034905,0.09024054034479694,0.273325092272077,low_DH
464,1191,1817,5446,0.17001787780315733,246.5007665625889,0.2913571678131844,0.25217717093260605,mid_DH
464,1201,1817,5470,0.288874575207104,340.08164079829135,0.5739502069168179,0.19049027626021708,high_DH
464,1207,1817,5477,0.26778458165811125,282.9500810840987,0.5801519327635645,0.19239093721089295,high_DH
464,1378,1817,5964,0.29361984891395215,700.5017072679768,0.18762943457092146,0.19226007806886197,low_DH
465,469,1819,1834,0.17487297697030688,295.96373290459013,0.7861771274387492,0.283194540258847,high_DH
465,474,1819,1840,0.20425903706697873,418.0930072404823,0.5815961455041812,0.363984823958598,high_DH
465,486,1819,1932,0.2463928006296638,398.0300285398966,1.0391649381534247,0.09210226541315902,high_DH
465,488,1819,1935,0.19965538395704194,358.3258904338682,1.0642039928378424,0.05090128510462,high_DH
465,492,1819,1940,0.2690440684739319,321.8582252571388,0.6664589678593629,0.396505025825419,high_DH
465,1157,1819,5386,0.24597604690693148,565.2235317499286,0.2263384125516576,0.146257169882625,mid_DH
465,1201,1819,5470,0.1901431258856882,280.0073934312408,0.7455279193072307,0.22063399746871304,high_DH
465,1207,1819,5477,0.15182896228094375,278.81078557473046,0.7546667041148656,0.162247216002397,high_DH
466,558,1822,2102,0.5801016808192003,999.3401081648922,0.3418139191931401,0.17299692595459898,mid_DH
467,550,1831,2093,0.17165864200459977,696.5600514812942,0.09962217079819403,0.21133955841622798,low_DH
467,552,1831,2096,0.22809963463192306,655.1099677268894,0.23783207668816295,0.30905532729582497,mid_DH
467,1168,1831,5407,0.09368100374212095,403.6832535030085,0.12999325305651266,0.05883215255944507,low_DH
467,1193,1831,5454,0.3123629837590653,267.45751546032756,0.11767115927801818,0.27792422485673307,low_DH
468,552,1832,2096,0.2770367970184339,732.3223703483159,0.28634810070461936,0.14547779957351903,mid_DH
468,1168,1832,5407,0.2663095319552632,481.08028655206977,0.19558455561259064,0.222409680281751,mid_DH
469,489,1834,1937,0.16322508758266416,255.81288850442337,0.12903359487756808,0.17390038665849,low_DH
469,550,1834,2093,0.24353275077978628,829.2871874496824,0.3499205279952534,0.18882170032733997,mid_DH
469,1191,1834,5446,0.25642915990593296,262.20896047238733,0.32781640644752014,0.565515432399949,mid_DH
469,1233,1834,5630,0.27901069397714856,258.92111489907404,0.12992775884318913,0.405256081597757,low_DH
470,484,1835,1928,0.30515830440941977,224.58431217055548,0.18021020931669982,0.003087722860635078,low_DH
470,1242,1835,5648,0.22826243593282683,241.85483364047332,0.8825516955719374,0.348086313539578,high_DH
470,1244,1835,5654,0.1559338751571956,225.9957908470317,0.37772757596406287,0.15596682478845197,mid_DH
470,1276,1835,5699,0.28381883525858975,401.2818221349931,0.3097695338613673,0.227763981350605,mid_DH
471,489,1836,1937,0.26042070429781566,235.5807976272653,0.10954082682666917,0.11830443701299204,low_DH
471,493,1836,1943,0.32673931271337064,295.9705660732098,0.24955236404768236,0.076072358000182,mid_DH
473,1175,1839,5416,0.28356681508810466,798.4840174489184,0.2571415587839433,0.380038107812096,mid_DH
473,1183,1839,5433,0.24191471685507904,391.6246037887823,0.3610941307242844,0.21882016412711203,mid_DH
473,1189,1839,5442,0.2617262610146501,292.756416908873,0.16632455884597303,0.275882429062141,low_DH
473,1203,1839,5473,0.27147590233500946,287.75802843797635,0.4403359247842559,0.12254141459513002,high_DH
473,1204,1839,5474,0.2484476455001211,327.6712625737683,0.39509802381874765,0.113323056745053,high_DH
473,1232,1839,5629,0.26435674156619837,450.6534448781109,0.1836590291334067,0.238419812650418,low_DH
473,1245,1839,5656,0.25641491205801675,465.50871176239315,0.22780084605322515,0.507915626301036,mid_DH
473,1378,1839,5964,0.16375763470500387,979.2852623825297,0.23908967564640835,0.051906855406535,mid_DH
473,1379,1839,5966,0.25752667440849053,1073.3905559498714,0.13027245556472392,0.17615784565132198,low_DH
474,485,1840,1931,0.20389764282530526,260.4481345571619,0.3222962893757434,0.29889884249868903,mid_DH
474,486,1840,1932,0.1485934099827132,276.8576150764064,0.6061836589990944,0.27188255854543897,high_DH
474,488,1840,1935,0.23991905520786766,262.07839825647693,0.6224472312532245,0.414886109063218,high_DH
474,490,1840,1938,0.21611299612030005,437.05728420947906,0.18346097956273613,0.07659108163389902,low_DH
474,492,1840,1940,0.176405260638756,383.264465516037,0.30944940359592094,0.032520201866821,mid_DH
474,1173,1840,5413,0.1593488617625357,797.4677550268684,0.4232675033611226,0.7959123643225869,high_DH
474,1207,1840,5477,0.20212698694947842,229.5605588496626,0.278017758114244,0.20173760795620102,mid_DH
474,1233,1840,5630,0.24290327339856804,389.48180352734414,0.2172901471640651,0.486046365297508,mid_DH
477,478,1916,1917,0.24253707721554574,330.60738005735135,0.3316717079189894,0.6014038621002891,mid_DH
477,482,1916,1924,0.26355483000759156,379.7834577421528,0.3498448198898264,0.3295760367163131,mid_DH
477,1218,1916,5603,0.2223215897149173,366.74666736582975,0.14776140531923124,0.402229178057957,low_DH
477,1223,1916,5610,0.18469307855692424,383.4989010975852,0.3208364049492225,0.4001706883043681,mid_DH
477,1225,1916,5612,0.1908812244271333,328.9416164720675,0.0657584301124726,0.15186554592832102,low_DH
477,1230,1916,5625,0.1714958393984625,426.3801627157671,0.12460590060042724,0.49204559243024204,low_DH
477,1308,1916,5751,0.2348450406264557,614.876799308113,0.13404696900707075,0.09785034109941404,low_DH
477,1319,1916,5776,0.2521454500756915,380.51557709854086,0.345917827806222,0.409353649748021,mid_DH
477,1321,1916,5778,0.21239800314514817,360.729839487859,0.2777860157746506,0.06645589020529108,mid_DH
477,1339,1916,5810,0.13708071040344552,254.1559856814944,0.26731918016258616,0.07336484738344895,mid_DH
478,506,1917,1958,0.11730836157527354,305.91894851782837,0.33940432005187227,0.318240650528677,mid_DH
478,507,1917,1959,0.19578975379852565,319.4954151206252,0.23126101470219773,0.29327593573107,mid_DH
478,540,1917,2019,0.11107931349246856,399.5787610802567,0.34014065909249264,0.21260756344591603,mid_DH
478,1262,1917,5680,0.13386236609712843,377.37249649341595,0.05175289666922336,0.7035365176868291,low_DH
478,1266,1917,5686,0.1752012359033328,333.19600685522437,0.11562308247829181,0.288985784165258,low_DH
478,1270,1917,5690,0.19483664186584856,437.94753446066665,0.29467844193013953,0.01301124326412395,mid_DH
478,1300,1917,5734,0.22725447440866553,639.8652228734271,0.2974060312314365,0.14598717398151506,mid_DH
478,1321,1917,5778,0.15084864726998223,460.618883785462,0.085342579395271,0.534947971894998,low_DH
478,1341,1917,5817,0.1512395569258274,363.6448178370376,0.47565793305914367,0.475603492146074,high_DH
479,527,1918,1987,0.23014045563730126,524.6715731679163,0.4324561811806386,0.03284433050064606,high_DH
479,532,1918,1999,0.20757113657706897,217.53288477499234,0.06382225069952169,0.3416670732054591,low_DH
479,762,1918,3483,0.2655979817184624,434.95955330402643,0.20105809666712307,0.365406410220449,mid_DH
479,763,1918,3484,0.2841521792857252,482.1687911126157,0.5445645567388161,0.14218469020992797,high_DH
479,1299,1918,5733,0.2605649913096793,654.4636262268914,0.2255241469840767,0.140645144969182,mid_DH
479,1303,1918,5742,0.19698838990197542,648.2507569720226,0.32892154507444793,0.428903269179465,mid_DH
479,1311,1918,5756,0.2742333294578508,482.6836783406408,0.14206042879495986,0.297090590316165,low_DH
480,505,1920,1957,0.2821551103787377,252.29498464285496,0.3368667548485344,0.3482507636278269,mid_DH
480,510,1920,1963,0.3105778858815103,249.92106318930647,0.9927320964675512,0.3197731115544369,high_DH
480,521,1920,1977,0.2150753656085984,539.1913273863682,0.4061350676616522,0.2300077653445799,high_DH
480,529,1920,1995,0.3444855405316933,225.82878747279457,0.38812798032514767,0.14754095013049395,mid_DH
480,762,1920,3483,0.2826566757397552,481.0357297017092,0.09408849984370857,0.6974476036929629,low_DH
480,763,1920,3484,0.2838518055158842,529.4981477452114,0.7695678250717678,0.4742258836824419,high_DH
480,1303,1920,5742,0.21899988924088745,548.7423192688456,0.5558882286302853,0.7609444626519789,high_DH
481,504,1922,1956,0.2670452776972193,236.05270971423357,0.08678937510198766,0.04056363308386701,low_DH
481,505,1922,1957,0.1950153796935342,339.40284794016446,0.08996782431623006,0.287933357001251,low_DH
481,510,1922,1963,0.2508770524932342,263.4457425015599,0.7429086837222805,0.25945570492786096,high_DH
481,517,1922,1971,0.25085152058066224,432.86996828649404,0.2302089152024754,0.010367493053722088,mid_DH
481,521,1922,1977,0.2508783337800819,606.4450859978601,0.15570107925084212,0.16969035871800398,low_DH
481,524,1922,1982,0.31969879430632764,408.36588324901106,0.03744581650849383,0.326037985578168,low_DH
481,529,1922,1995,0.23952768823815268,328.71516231499487,0.14314252987666512,0.08722354350391803,low_DH
481,536,1922,2007,0.1859637313300825,333.7916436859906,0.36808782992700007,0.14264312767070408,mid_DH
481,541,1922,2020,0.20562880300723832,440.7056742773637,0.027321578944633784,0.422937312449033,low_DH
481,1275,1922,5698,0.331134891535056,302.2191941704086,0.40124184856669526,0.530419298806295,high_DH
482,506,1924,1958,0.13525146496221876,364.55604823986005,0.36635269861833564,0.04641282514470102,mid_DH
482,539,1924,2018,0.16691115638628304,471.7039878492973,0.13903684583333828,0.01928448669290095,low_DH
482,540,1924,2019,0.2328933896217593,462.41114693697097,0.33873010870361864,0.05922026193805996,mid_DH
482,1262,1924,5680,0.18885637427289143,444.5976731482446,0.08756284652460673,0.43170869230285314,low_DH
482,1300,1924,5734,0.187069486953352,691.5509145622151,0.3057537580176625,0.12584065140246092,mid_DH
482,1310,1924,5754,0.2672379059638951,568.2865352374173,0.15295612721475438,0.09850238933854705,low_DH
482,1338,1924,5806,0.20504461200725213,437.7255447240582,0.08565710367918725,0.5312802035229661,low_DH
482,1341,1924,5817,0.16835048982002893,427.00691144784577,0.49662161617761946,0.20377566676209802,high_DH
483,1254,1927,5667,0.35401925370144943,322.5772972772385,0.12071314488360124,0.5871385384762879,low_DH
485,490,1931,1938,0.1728496020164632,218.44480534710598,0.1617979791824374,0.22230776086478998,low_DH
485,491,1931,1939,0.16175384909277757,201.03117453330668,0.34400570274098147,0.565540024137185,mid_DH
485,1173,1931,5413,0.11506822685219172,755.7403270650666,0.2705605817495737,0.49701352182389796,mid_DH
485,1244,1931,5654,0.24601327823490812,226.56981251376624,0.27306357156527084,0.019415079735972007,mid_DH
485,1278,1931,5702,0.21648682858587803,334.84944425638395,0.2171678714687627,0.08114225540036296,mid_DH
486,494,1932,1944,0.31444964314069757,252.78019718193016,0.5809396518815766,0.33991871743338997,high_DH
486,519,1932,1973,0.2537780719839444,664.4919693507735,1.1496725576881046,0.24835087863703398,high_DH
486,1173,1932,5413,0.15872211283596396,717.1990889959526,0.8629390504364695,0.524029805777148,high_DH
486,1201,1932,5470,0.25951883236263656,232.42219777197954,0.3867322505391135,0.31273626288187206,mid_DH
486,1247,1932,5658,0.2725219010193653,414.80524985650834,0.20989441310355564,0.510183803341563,mid_DH
486,1278,1932,5702,0.21432211593989176,294.99904080765657,0.38806239870984355,0.10815853935361297,mid_DH
487,512,1934,1965,0.26561035948009304,403.20270252074835,0.7878995982840242,0.19214402627128602,high_DH
487,552,1934,2096,0.2670195583375588,902.6464423344796,0.6782534909449675,0.27786202472953403,high_DH
488,519,1935,1973,0.24314757744031523,638.4341859661965,1.1751577019040529,0.10534732811925496,high_DH
488,1201,1935,5470,0.3080372691645447,200.26160719237265,0.40139114784379143,0.16973271236409304,high_DH
488,1278,1935,5702,0.2992085708717322,282.4543315025931,0.4141825457628127,0.03484501116416605,high_DH
489,512,1937,1965,0.24949415831343816,292.4980206004945,0.5307682129736772,0.387211595790073,high_DH
489,519,1937,1973,0.23523019606900192,582.6314527211532,0.775465488754892,0.26554276682423195,high_DH
489,1207,1937,5477,0.2914327780105474,220.786742854869,0.09808878592293847,0.05295306240204001,low_DH
489,1247,1937,5658,0.29982903711686,270.9886009581377,0.24439895679215684,0.492991915154365,mid_DH
489,1285,1937,5711,0.29871082834779794,466.2753869056638,0.08381931836048137,0.56985606645505,low_DH
490,519,1938,1973,0.19820198632275235,518.8647404664274,0.6553483512064441,0.44364235554857395,high_DH
490,1173,1938,5413,0.1526034834362082,610.9037246970598,0.3632873972933983,0.7193212826886879,mid_DH
490,1201,1938,5470,0.3215534402866458,347.74343743330303,0.21400594797366188,0.5080277397934121,mid_DH
490,1207,1938,5477,0.2580063573328683,220.76657510565803,0.21525711449377224,0.125146526322302,mid_DH
490,1209,1938,5480,0.18714693691647236,253.07811293058336,0.07327335312710181,0.076223468256497,low_DH
490,1247,1938,5658,0.20864371460213924,245.94511500940726,0.336256349046859,0.314892326430023,mid_DH
491,1173,1939,5413,0.1298633659983876,603.82375322976,0.5920550570059202,1.0625535459610829,high_DH
491,1209,1939,5480,0.129596193873187,228.24041780436238,0.18127201678805446,0.41945573152889204,low_DH
491,1276,1939,5699,0.3013526955345004,234.0361318200571,0.07276922128018547,0.47432778783906,low_DH
491,1972,1939,10460,0.22327337980673662,372.1931737390123,0.32509151653715196,0.481809897506261,mid_DH
492,1173,1940,5413,0.16578577436353154,586.597231675411,0.4862460833769155,0.828432566189408,high_DH
492,1201,1940,5470,0.2507876649561533,285.3628202811611,0.1993011517222257,0.6171390232941321,mid_DH
492,1209,1940,5480,0.15677458325377208,205.36354812319303,0.12496046756062049,0.18533475175721703,low_DH
492,1231,1940,5628,0.11223030512088505,211.49385446577173,0.1483105443664452,0.263881899084702,low_DH
493,500,1943,1950,0.38018574289603085,328.3013099715031,0.1928349547780297,0.21101510281869504,low_DH
493,524,1943,1982,0.37259388263585713,513.7558316370967,0.16247084873237103,0.45134096531327306,low_DH
494,1209,1944,5480,0.2719044867147949,338.4097780572259,0.1940971354298268,0.220850708778347,mid_DH
494,1231,1944,5628,0.08190184633634398,211.38598277957618,0.16536939607265166,0.29939785610583197,low_DH
494,1237,1944,5635,0.2844930782002151,268.90066729942623,0.5777580779747322,0.5593193971667619,high_DH
494,1274,1944,5697,0.31663120443704873,232.86097712891342,0.14422286740744916,0.47699392970655796,low_DH
495,1231,1945,5628,0.26398831218022245,302.0305493334029,0.26508056327843693,0.09977323981952596,mid_DH
495,1284,1945,5710,0.34542564667663095,201.3328219670685,0.11687772189346464,0.468863011222696,low_DH
495,1285,1945,5711,0.3031623698772354,314.19273547482385,0.3341122601956654,0.4934117997758841,mid_DH
495,1405,1945,6018,0.3723634695244844,1439.1088530179304,0.03869074394339557,0.22794457799615908,low_DH
496,1231,1946,5628,0.272832275320622,272.1156500612022,0.17483433774153742,0.059284132056517,low_DH
496,1237,1946,5635,0.24815461156986188,322.97328760366537,0.6613173621731756,0.31920567311744696,high_DH
496,1296,1946,5728,0.2855319534302363,606.3116053756031,0.2165639884444965,0.7474634305784089,mid_DH
496,1300,1946,5734,0.23763191921081628,529.3994374815843,0.09391790434175909,0.24550418665793905,low_DH
496,1972,1946,10460,0.21375711579593054,359.237171359474,0.05600099669918803,0.043091150706401016,low_DH
497,513,1947,1966,0.3294405808221941,257.04797985197285,0.2905877418032916,0.14121238494909705,mid_DH
497,520,1947,1975,0.3152272055589924,464.57331505374174,0.03519978565037333,0.4903719784150299,low_DH
497,523,1947,1981,0.34819365141491543,451.5422475308861,0.4218232622781357,0.335189932843897,high_DH
498,507,1948,1959,0.22906703641535742,213.32435443987188,0.0593541348888548,0.599110549305669,low_DH
498,1242,1948,5648,0.24845695013457345,285.39561146434534,0.2309064690868891,0.121604309748402,mid_DH
498,1266,1948,5686,0.2526826771871597,225.84712316505443,0.18050187237845047,0.594820397739857,low_DH
498,1268,1948,5688,0.12664923688936142,260.0401832443832,0.1738893566249197,0.21859531222397702,low_DH
498,1270,1948,5690,0.19606215233845586,279.67915225571295,0.13424064649557516,0.292823370310475,low_DH
498,1962,1948,10440,0.2267436890609739,219.3305289548838,0.2203665019401736,0.6409816991590009,mid_DH
498,1982,1948,10475,0.20083882006305992,328.0472131668484,0.1166481184674022,0.13577047773505,low_DH
499,515,1949,1969,0.14297919654295024,405.3864036520085,0.13420207819332067,0.520179190111592,low_DH
499,523,1949,1981,0.3403197541819448,556.9931362539736,0.8924388882172676,0.25363407265696003,high_DH
499,547,1949,2085,0.2930738601751832,709.0769642991138,0.5781726441086228,0.49531786239225006,high_DH
500,524,1950,1982,0.19102510431272157,368.2379062721019,0.3139641713522244,0.240325862494578,mid_DH
500,529,1950,1995,0.2799523055820938,364.5354289347217,0.4212391457564614,0.47914030456882795,high_DH
500,541,1950,2020,0.3161918652707515,520.4790948124155,0.30273865155806806,0.989301160521779,mid_DH
500,1328,1950,5786,0.5185184240076052,227.41634321181286,0.3811604514383572,0.25565223243093493,mid_DH
501,504,1951,1956,0.2343230563051632,203.50624175637077,0.317158232310371,0.10615337116578705,mid_DH
501,505,1951,1957,0.22021876515866295,311.3019569288768,0.3184560822295121,0.14121635275159694,mid_DH
501,508,1951,1961,0.2922138260150029,261.61756196780453,0.49138790154088446,0.12954971972421803,high_DH
501,510,1951,1963,0.19016928984143922,210.66775142656996,0.975008050390727,0.1127387006782069,high_DH
501,517,1951,1971,0.24350487469396598,383.49195223320856,0.4523057292112632,0.13634951119593197,high_DH
501,521,1951,1977,0.29037029285296645,564.0969053135811,0.3867425093990104,0.022973354468349916,mid_DH
501,525,1951,1983,0.25633606013020493,394.77002593325386,0.4035364994261535,0.1808575780283631,high_DH
501,536,1951,2007,0.23265827496621536,340.787705629423,0.6001063392610081,0.28936013192035814,high_DH
501,1275,1951,5698,0.24312945847375408,249.07751797230807,0.17793760489097998,0.38370229455664095,low_DH
502,527,1952,1987,0.11250770516386818,405.7803476112055,0.6666219593104122,0.2076631753829209,high_DH
502,1263,1952,5681,0.3014741830579182,232.7004713781876,0.10541810369594158,0.08896451738131594,low_DH
502,1303,1952,5742,0.2961858475712261,512.2185142000161,0.5649178563317278,0.6694107750630319,high_DH
502,1311,1952,5756,0.28243171049767285,386.8431269301711,0.3626560991173233,0.056583084432598074,mid_DH
502,1312,1952,5757,0.2984116738698873,386.50935545301735,0.41557656171655366,0.43770155235337893,high_DH
502,1342,1952,5821,0.29610924548895734,493.63979695339276,0.3313659717715737,0.1485203742661999,mid_DH
502,1982,1952,10475,0.2580018098980943,298.4388237746344,0.24697420486507418,0.7049461032758979,mid_DH
503,1276,1955,5699,0.2821070218722492,222.05459344329955,0.13183177673704305,0.46925034377455305,low_DH
503,1305,1955,5747,0.20382979214081653,270.43932483044955,0.13160434672236093,0.152523287309971,low_DH
503,1308,1955,5751,0.2411330393043893,280.9355911515999,0.25585664777297784,0.09821114886354598,mid_DH
503,1982,1955,10475,0.21331919064034963,203.45113623035917,0.23444097731968216,0.575406507976878,mid_DH
504,515,1956,1969,0.2749007688962856,386.3195551000551,0.47769163805562503,0.19184171925914195,high_DH
504,517,1956,1971,0.1463250929360724,239.27144637695085,0.15992783447597594,0.030196140030144925,low_DH
504,526,1956,1985,0.24930942264302045,256.24556673041997,0.7013457480639453,0.484476163709769,high_DH
504,536,1956,2007,0.2643035008685647,236.26160294498354,0.28410353966601837,0.1832067607545711,mid_DH
504,547,1956,2085,0.2397990224970344,551.68986308169,0.23327846718271236,0.16698039153980004,mid_DH
504,1275,1956,5698,0.2268152855536746,269.87602048880103,0.4825510873283557,0.489855665722428,high_DH
505,510,1957,1963,0.19627786611121265,229.8514020213278,0.6602599350868769,0.028477652073390036,high_DH
505,517,1957,1971,0.26911882788926494,229.2604408378814,0.17049326101650134,0.2775658639475289,low_DH
505,521,1957,1977,0.1863200199777473,301.1979551519905,0.08040745371553319,0.11824299828324702,low_DH
505,535,1957,2004,0.14382184073639473,206.78378977929955,0.21938142414588999,0.26038832715592797,mid_DH
505,536,1957,2007,0.12874404482213975,218.82920846475662,0.2833117186406508,0.4305764846719551,mid_DH
505,541,1957,2020,0.23813393763015872,347.36585848984015,0.08470613678454396,0.710870669450284,low_DH
506,540,1958,2019,0.21262803916978038,423.7303256508388,0.19841424419323667,0.10563308708276098,mid_DH
506,1227,1958,5619,0.22344192811334065,248.24903842240215,0.2485200247362174,0.12824839996249393,mid_DH
506,1230,1958,5625,0.12903396839978537,485.2506465640752,0.14291979606877492,0.20888238085862998,low_DH
506,1252,1958,5664,0.2454982197660626,409.65773313749605,0.16572700892977651,0.546975388595215,low_DH
506,1299,1958,5733,0.23408559369277135,373.2401767343917,0.2987895554985706,0.11677895599328703,mid_DH
506,1300,1958,5734,0.17900410812852716,338.1384809195537,0.14001599013942845,0.17225347654716194,low_DH
506,1321,1958,5778,0.21563079033226398,303.0633820772532,0.30223251918199456,0.21670732136632098,mid_DH
506,1341,1958,5817,0.2223655130725646,395.2866367248618,0.14789873461469674,0.157362841617397,low_DH
507,540,1959,2019,0.20845725009476548,489.8225609687085,0.19339791352962643,0.080668372285154,low_DH
507,1230,1959,5625,0.23257642039799942,487.05998203780985,0.07934668613039839,0.183917666061023,low_DH
507,1276,1959,5699,0.2465101827965055,260.8705148680303,0.3522617656509635,0.35718390736829403,mid_DH
507,1277,1959,5700,0.12779015634753613,207.82671658522847,0.30923948184670935,0.303431193512766,mid_DH
507,1299,1959,5733,0.13914626329141241,356.94237617337694,0.19081977755246346,0.141743670790894,low_DH
507,1319,1959,5776,0.263450233415974,302.51002927341165,0.24215537137958057,0.10122572337880198,mid_DH
507,1321,1959,5778,0.23573183844328174,371.748914104319,0.19627927705137826,0.24167203616392796,mid_DH
508,512,1961,1965,0.23630340863164684,283.8987563805046,0.01732286725616384,0.17862327556275792,low_DH
508,520,1961,1975,0.1973420884503458,311.8362938800749,0.12400297341175502,0.05708229881721194,low_DH
508,523,1961,1981,0.19499966904627292,215.3544370129214,0.3651944280161704,0.09809974675392097,mid_DH
508,526,1961,1985,0.26635711902360254,263.67796249084716,0.5288958072021103,0.461079815151338,high_DH
508,535,1961,2004,0.2856915143692204,252.9208461182204,0.3856397164963478,0.010377745319887,mid_DH
508,547,1961,2085,0.20372290857871547,459.7378958550683,0.15217613628411766,0.14358404298136906,low_DH
509,1230,1962,5625,0.23014146064497285,505.98530383159624,0.11284387228397916,0.005994211165279983,low_DH
509,1242,1962,5648,0.2564591521301151,330.97072670626903,0.14646998625468777,0.287594362330964,low_DH
509,1299,1962,5733,0.26135172966791476,354.4743145083813,0.09671774878205754,0.331655548017197,low_DH
509,1305,1962,5747,0.20465306575730013,240.18036794715564,0.25478171223043916,0.149455026322591,mid_DH
509,1308,1962,5751,0.17298107839621088,263.3333304748255,0.1418211389053228,0.400189462496108,low_DH
509,1972,1962,10460,0.2220362762749611,324.83719136957257,0.1784673626862895,0.15978992047479001,low_DH
510,519,1963,1973,0.27620310947318955,441.8127308400774,0.2339630033644603,0.05800368412617407,mid_DH
510,521,1963,1977,0.16810645093889537,383.7335363534512,0.5899773932073402,0.08976534620985699,high_DH
510,535,1963,2004,0.2327204643349299,284.97978989921506,0.8719664754914229,0.23191067508253793,high_DH
510,536,1963,2007,0.2871631524416249,389.50952362682807,0.37777126102781017,0.40209883259856505,mid_DH
511,1242,1964,5648,0.18089919570294144,246.6914498862215,0.08903551738543453,0.589547414614748,low_DH
511,1268,1964,5688,0.1397812716471434,213.22422915737585,0.4542984762920324,0.492556412139173,high_DH
511,1270,1964,5690,0.20481819391759407,211.82569705991014,0.36640320454407954,0.418328354052675,mid_DH
511,1305,1964,5747,0.23189080244195773,346.81543827851135,0.45521104199158197,0.152498025961193,high_DH
511,1962,1964,10440,0.18640502295188516,235.35629555034046,0.4502467040946869,0.07017002520414906,high_DH
511,1982,1964,10475,0.17538643666415293,260.3861122928829,0.3499614294914515,0.5753812466281001,mid_DH
512,518,1965,1972,0.2036012979541332,261.6312707163944,0.05886644625820943,0.06199444914205998,low_DH
512,520,1965,1975,0.24301403692954246,317.1531652951145,0.11785829810421053,0.23570557437996986,low_DH
512,1238,1965,5638,0.27156743259083566,385.26748694639133,0.7991941186640509,0.964983667682317,high_DH
512,1267,1965,5687,0.2138446270277924,239.82730277347275,0.2967141384042787,0.18788118586775293,mid_DH
514,518,1968,1972,0.3116504128540079,270.7441084805307,0.5284117809615216,0.008039467109917986,high_DH
514,550,1968,2093,0.27810069883840816,552.9526428215797,0.24110648864103015,0.442324198373201,mid_DH
514,1193,1968,5454,0.3062268617467878,420.7628375426646,0.11731556840382666,0.04693958489976002,low_DH
514,1274,1968,5697,0.32435564550949214,314.2429957601572,0.16758221644361004,0.30297841158168504,low_DH
514,1284,1968,5710,0.18451499300665214,212.6341827439883,0.2855446173927152,0.08806176585981096,mid_DH
514,1294,1968,5722,0.20269360647532225,269.5692880597143,0.4640665439892541,0.024647365348417938,high_DH
514,1375,1968,5957,0.22818434976445204,534.493733715323,0.27197418859698996,0.423137192385865,mid_DH
515,547,1969,2085,0.19045741218380688,307.3988658093782,0.694778267618388,0.024861327719341908,high_DH
515,1275,1969,5698,0.1755640216616233,256.9914065816167,0.05027663459097423,0.68169738498157,low_DH
516,518,1970,1972,0.21290225018546657,201.5550335597469,0.11823857067708352,0.22086750244933506,low_DH
516,520,1970,1975,0.10784531480806922,259.73427811461295,0.20911750983290736,0.39457862768724494,mid_DH
516,523,1970,1981,0.2574358384702327,243.9090085619906,0.23257023897505175,0.23939658211611203,mid_DH
516,1228,1970,5620,0.31730208541249977,353.8139040962031,0.7167330625452242,0.09950362308882699,high_DH
516,1294,1970,5722,0.27349035114233544,277.6208854287219,0.18056086090103646,0.253554334907671,low_DH
517,526,1971,1985,0.31450588082775943,311.94601698864426,0.5787403886699298,0.45428002367962406,high_DH
517,535,1971,2004,0.2887959436702424,391.6295586146143,0.3821289569013636,0.017177536791600945,mid_DH
517,536,1971,2007,0.26622258234614393,445.17633144031043,0.19396309217999405,0.15301062072442617,low_DH
517,547,1971,2085,0.21707887813554555,328.40016824707163,0.09423238537961577,0.13678425150965512,low_DH
517,1275,1971,5698,0.14311706285905773,248.92467719956844,0.6243649270343916,0.5200518057525729,high_DH
518,530,1972,1996,0.32959888273749566,467.5640863247845,0.05175119118805036,0.46447162667529895,low_DH
518,1228,1972,5620,0.25415827301322835,520.6414592577441,0.6004909454395688,0.32037112553816205,high_DH
518,1267,1972,5687,0.2549831086261479,283.4585775119541,0.30306486992900794,0.12588673672569295,mid_DH
518,1274,1972,5697,0.1565784264148792,315.0418882530354,0.43288971848503854,0.29493894447176705,high_DH
518,1284,1972,5710,0.2503446574792446,215.93690361020055,0.24712703961695628,0.09610123296972894,mid_DH
519,545,1973,2077,0.2961798710981753,356.5308103687398,0.5807380498946979,0.07581881807972202,high_DH
519,1233,1973,5630,0.22069420702648251,670.7969292161459,0.7771132081765015,0.03418707188496495,high_DH
519,1247,1973,5658,0.1635599631794533,491.12966158710174,0.9487835090650514,0.758534681978597,high_DH
519,1278,1973,5702,0.19652547298205478,399.29203748334635,0.7636880493679029,0.140192339283421,high_DH
520,1267,1975,5687,0.14525004543374323,334.63308053120113,0.21356293195081882,0.04782438851221693,mid_DH
521,532,1977,1999,0.27295707280240444,430.63685904597503,0.21912592811712725,0.23963364507752505,mid_DH
521,534,1977,2002,0.24568414022687587,509.19177559630805,0.4072033055193373,0.0030234685594839883,high_DH
521,535,1977,2004,0.27903271741254954,507.02932607914136,0.29799527486609295,0.14214532887268094,mid_DH
521,536,1977,2007,0.2936775898070673,500.3630597522064,0.21796682985846647,0.31233348638870806,mid_DH
522,570,1979,2142,0.6487986589607583,2820.051252705773,0.8421130428643314,0.8329043572491839,high_DH
522,572,1979,2163,0.618415512574319,3889.4450951840336,0.10876653269345116,0.6272434302727329,low_DH
522,575,1979,2189,0.5579364777712419,3845.4473002140217,1.0868409176089364,0.2372288919564659,high_DH
522,759,1979,3477,0.6302776601696755,841.81691462728,0.6083348006364828,0.39385019641462815,high_DH
522,1345,1979,5848,0.42532066481761144,374.4886600207876,1.0028161923139631,0.08627034737433315,high_DH
523,547,1981,2085,0.28952302959246323,261.3718666845069,0.35738141208093166,0.24168378973529003,mid_DH
523,1267,1981,5687,0.22099969714819623,259.4930978345716,0.6473038999180014,0.10735765705891598,high_DH
524,529,1982,1995,0.2349218734862635,256.0891945655958,0.11192954856026309,0.23881444207424996,low_DH
524,534,1982,2002,0.32735010609483167,316.1903360444298,0.2855223415193446,0.15332415830068002,mid_DH
524,541,1982,2020,0.3212382246088733,489.54192588328425,0.04548064442203394,0.748975298027201,low_DH
524,1328,1982,5786,0.4055413964684487,275.8097161567119,0.6789864236536166,0.015326369936356943,high_DH
525,530,1983,1996,0.3022762750819567,227.3764045155326,0.1693138744704627,0.29653494195045593,low_DH
525,535,1983,2004,0.18895933217553784,321.0015493453662,0.29895840316081695,0.06168560362403208,mid_DH
525,536,1983,2007,0.26092202508883755,326.3772284708052,0.20348170414521333,0.10850255389199503,mid_DH
525,547,1983,2085,0.2360183759266993,383.36061728426586,0.17395357046844553,0.09227618467722398,low_DH
525,1267,1983,5687,0.2718794069151822,208.42588135851506,0.20472498431487343,0.04204994799915007,mid_DH
525,1275,1983,5698,0.302170796533454,359.326738081891,0.564019688362289,0.5645598725850041,high_DH
526,535,1985,2004,0.21653340166246876,312.80962277574577,0.9134409414122848,0.471457560471225,high_DH
526,536,1985,2007,0.27548597249145307,250.06496454922,0.419650224804468,0.3012694029551979,high_DH
527,531,1987,1998,0.19740558787976079,339.51857215659516,0.3660440921336354,0.037356290844117956,mid_DH
527,533,1987,2001,0.20399011111797025,396.40199631691263,0.7950553807665184,0.17905344783896104,high_DH
527,538,1987,2012,0.278173726411184,407.966329764258,0.23164165026661335,0.43049551091606386,mid_DH
527,1256,1987,5669,0.21189507743389824,426.64943248918024,0.7718141145914605,0.06001009426135495,high_DH
527,1342,1987,5821,0.20007100516440451,561.9019469202624,0.3441881664649352,0.05914280111672099,mid_DH
529,534,1995,2002,0.3129362990986844,210.10402020919534,0.39368936942120636,0.08549028377356993,high_DH
529,541,1995,2020,0.12113873660057271,235.04668817295547,0.13602268330682665,0.510160855952951,low_DH
530,535,1996,2004,0.27481122587202605,206.8969726656336,0.46218509896913945,0.358220545574488,high_DH
530,546,1996,2081,0.3620690918241568,516.5050414177832,0.036905126425204944,0.457969743689683,low_DH
530,1228,1996,5620,0.19004254903852535,343.74860242079325,0.6435356204132554,0.784842752213461,high_DH
530,1285,1996,5711,0.3185186919672942,430.3318161030182,0.5571678622830492,0.3438216051523819,high_DH
531,538,1998,2012,0.3174023431348991,339.09884137783797,0.15768701300925192,0.3931392200719459,low_DH
531,762,1998,3483,0.2834047404323967,538.6010329749801,0.27991926398890316,0.435607031565213,mid_DH
531,1303,1998,5742,0.2569939032967713,469.7273738760285,0.25723890177845815,0.499103890524229,mid_DH
531,1311,1998,5756,0.20815439318293208,294.9152018861981,0.07741019575887886,0.226889968971401,low_DH
531,1312,1998,5757,0.251622088722559,297.4848443617832,0.11367329630727044,0.267394667814576,low_DH
532,545,1999,2077,0.28060079752818284,478.90745111711874,0.13794606094255935,0.3115838573338341,low_DH
532,763,1999,3484,0.2970460968884836,616.4372836402983,0.5835630280467717,0.48385176341538705,high_DH
532,1247,1999,5658,0.2742464878815006,308.19807307606743,0.36626324142847505,1.1459373573921532,mid_DH
532,1299,1999,5733,0.21794809791968886,461.0972601707259,0.2747778254853036,0.20102192823627707,mid_DH
532,1303,1999,5742,0.2814779631736806,437.6518121223577,0.37038829975065024,0.7705703423849241,mid_DH
533,762,2001,3483,0.23423990421277316,524.9422577872151,0.17600150332923953,0.21919729288213402,low_DH
533,763,2001,3484,0.2442269245526942,573.3764190691949,0.9075287192537782,0.00402442712838702,high_DH
533,1303,2001,5742,0.2333985863261285,518.824458571155,0.6932759650822231,0.28269415184115,high_DH
534,541,2002,2020,0.30660196215281804,352.1055240376904,0.2665628782655445,0.595651139726521,mid_DH
534,762,2002,3483,0.25479218847913015,511.30177393742986,0.06905425977375959,0.46441636978889905,low_DH
534,763,2002,3484,0.2679113977290743,559.7794008514816,0.768707176169081,0.241194649778378,high_DH
534,1303,2002,5742,0.23442356233265155,519.7104282954276,0.5541041570677302,0.527913228747915,high_DH
535,541,2004,2020,0.3108366832412765,264.2384140356066,0.17746555105389528,0.450482342294356,low_DH
537,1219,2011,5604,0.2691881193024657,405.27230978613295,0.10334428440500658,0.46667745241521896,low_DH
537,1221,2011,5607,0.2043404950351639,202.01066496527278,0.2050371059749345,0.721197042222861,mid_DH
537,1261,2011,5678,0.15514885961079614,250.45051118093502,0.341875846749555,0.4193867772379919,mid_DH
537,1326,2011,5784,0.2624086665498342,216.82463511026504,0.27607983034882105,0.05125755742257898,mid_DH
537,1327,2011,5785,0.10246351401415904,243.27152305436158,0.2704129864750647,0.006110494733825966,mid_DH
537,1330,2011,5789,0.16499096834926488,265.36351839279195,0.49453813573269295,0.22484893928771105,high_DH
537,1964,2011,10447,0.12346139136489964,258.79853561937483,0.42523779099978937,0.12045879569239992,high_DH
537,1968,2011,10453,0.25925776949426566,491.03908963656926,0.36021336686963423,0.313193207125861,mid_DH
537,1984,2011,10478,0.23757251338017255,303.3668837516636,0.5336646881894807,0.222884407177378,high_DH
538,1263,2012,5681,0.14722618070563867,322.60449726111125,0.5138594459491265,0.3117968529144589,high_DH
538,1311,2012,5756,0.16685673753899172,317.85020849748713,0.11330930993937861,0.1662492511005449,low_DH
538,1312,2012,5757,0.11362985037864186,327.7165457720942,0.06723493545098404,0.6605338878865219,low_DH
538,1964,2012,10447,0.2566941062905037,306.09712167372356,0.346550851856942,0.44333821976461996,mid_DH
539,1227,2018,5619,0.21988703954059502,414.0644541783327,0.12177889766138182,0.06255108812489196,low_DH
539,1262,2018,5680,0.24572690858885085,386.21024913848555,0.16704594332599057,0.4509931789957541,low_DH
539,1300,2018,5734,0.22483810710752314,705.3357814749947,0.17158984488045265,0.10655616470955998,low_DH
539,1310,2018,5754,0.2364209042493227,482.97589192124667,0.2625104834858714,0.117786876031448,mid_DH
539,1324,2018,5782,0.15990186154826588,234.55467425028002,0.3073204102245669,0.15302672013766205,mid_DH
539,1338,2018,5806,0.14428146222546398,208.55410474518354,0.1483115922346344,0.5505646902158671,low_DH
540,1227,2019,5619,0.24427413128990946,401.68423015676734,0.27834057220138314,0.02261531287973295,mid_DH
540,1230,2019,5625,0.19633832866113,533.1099212471612,0.15641544530071805,0.103249293775869,low_DH
540,1262,2019,5680,0.1867250805639876,369.15731535947566,0.35723088457795554,0.4909289542409131,mid_DH
540,1266,2019,5686,0.20597606279479477,493.208730319724,0.3668428895985837,0.07637822071934197,mid_DH
540,1270,2019,5690,0.22336975651658922,584.9160595693435,0.1413372867986896,0.22561880671003998,low_DH
540,1321,2019,5778,0.13217685407957958,242.96296559406323,0.2655247025198253,0.32234040844908196,mid_DH
542,543,2048,2052,0.5859251506246343,224.23119875737876,0.4833388730234162,0.37368675799848905,high_DH
542,566,2048,2120,0.7297435848793222,833.4650909471465,0.2500525897365719,0.12394491416463094,mid_DH
542,1347,2048,5862,0.4920089233617688,425.246723909811,0.42632854547627563,0.15665633515655908,high_DH
542,1574,2048,7363,0.48760219041719555,2618.3778986831953,0.2043038940561798,0.751934307939201,mid_DH
542,1671,2048,8879,0.48149430297009604,634.9007795517051,0.297651882465341,0.022563619169041926,mid_DH
543,570,2052,2142,0.634121870823191,2163.233198419725,0.5716524133901651,1.222134863438844,high_DH
543,1345,2052,5848,0.7208531566509887,346.53283606398907,0.7468750247581939,0.302960158815327,high_DH
543,1347,2052,5862,0.3010434795095031,326.3655213577056,0.8725253307849852,0.21703042284192997,high_DH
543,1423,2052,6161,0.7290336350196469,2584.069974289005,0.41124167891998187,0.429731485383154,high_DH
543,1671,2052,8879,0.4865130310191882,794.1750646243762,0.284906857457582,0.396250377167531,mid_DH
544,545,2064,2077,0.2421284870582397,289.79103563667013,0.2814599770153051,0.43226497402411,mid_DH
545,1227,2077,5619,0.22222241523788455,644.440444916887,0.2366245167564419,0.13446542685822394,mid_DH
545,1247,2077,5658,0.2434513490082414,577.9482194065017,0.42675364573893654,0.834353500058319,high_DH
545,1285,2077,5711,0.284420652602701,322.5084854256686,0.1867422067401286,0.22849448155109608,low_DH
546,1228,2081,5620,0.330109429981406,757.3799250663978,0.647273023479005,0.326873008523778,high_DH
547,1267,2085,5687,0.26833820232538297,486.2590451392189,0.3148907588768735,0.13432613267637405,mid_DH
547,1275,2085,5698,0.1993956339430059,544.0037103430349,0.7045939745140025,0.656836057262228,high_DH
548,1284,2090,5710,0.4043935844443141,587.5163687654031,0.08221001869149787,0.634063119933063,low_DH
548,1407,2090,6022,0.4591849803901235,626.0999507328141,0.15945851567597918,0.753768310058882,low_DH
549,1164,2091,5402,0.389638149515448,744.8905890964547,0.21565851625945737,0.048732541562275966,mid_DH
550,552,2093,2096,0.2581582228555395,253.3958967749427,0.1720696730654074,0.09771576887959699,low_DH
550,1168,2093,5407,0.1657181771409581,345.38729835519246,0.13608351011559144,0.27017171097567305,low_DH
550,1191,2093,5446,0.18664056683559238,612.7229678689882,0.02944107393863201,0.37669373207260903,low_DH
551,1162,2095,5400,0.34040529812537074,222.7657858261248,0.12474311492920143,0.16825156517207895,low_DH
551,1191,2095,5446,0.2566561603079356,650.9482487530967,0.36325714217031646,0.021147921339470965,mid_DH
551,1193,2095,5454,0.33444316483753794,488.800529337983,0.45374301318033056,0.09142212986088105,high_DH
551,1405,2095,6018,0.3314965667067471,696.7193102764921,0.22524974011952623,0.10837412240560496,mid_DH
552,1168,2096,5407,0.24099299749178502,251.76810845763697,0.2817251089575111,0.36788747985527004,mid_DH
553,557,2097,2101,0.2711003431298351,382.98694353606817,0.20003388171469136,0.31963465670174396,mid_DH
553,1157,2097,5386,0.2749588415159768,395.87704989819537,0.3146666397198221,0.270142885596681,mid_DH
553,1161,2097,5395,0.3435685348036533,238.27244125415478,0.13195955718469543,0.43731873614279204,low_DH
553,1193,2097,5454,0.26455418848881646,671.8930163377106,0.4349674705813222,0.8112909988207601,high_DH
553,1415,2097,6043,0.34383987963969265,2159.6280082979924,0.32087845944325266,0.818925323570363,mid_DH
554,616,2098,2346,0.38485512808198685,2239.829885910107,0.6132004639154164,0.410606134451177,high_DH
554,1129,2098,5338,0.38608433637738016,409.3481935206404,0.22944635680674727,0.684564063044961,mid_DH
554,1157,2098,5386,0.30611822747081485,634.6534318300875,0.3471665624845193,0.218384376773416,mid_DH
554,1384,2098,5972,0.27488949116589895,206.08496369503254,0.18193359662094405,0.12002407975478002,low_DH
555,1127,2099,5332,0.2612074012168857,637.7525255841958,0.25948799103525977,0.399679697583932,mid_DH
555,1384,2099,5972,0.35028542818967673,280.3461192710961,0.16976660331124338,0.25079744420725003,low_DH
556,565,2100,2117,0.39077205032884854,1784.1015039332756,0.2658330312492534,0.4387723368716071,mid_DH
556,1129,2100,5338,0.49316381874899023,474.71555780681604,0.8267475750474262,0.6632691330398279,high_DH
557,616,2101,2346,0.2692716576888827,2180.862092216125,0.7771595861461217,0.57949874011953,high_DH
557,1127,2101,5332,0.3809586284973567,477.3866786162979,0.39999464362251164,0.361560456368049,high_DH
557,1157,2101,5386,0.2855656083481529,777.9546538125904,0.5095848301660927,0.049491771105062976,high_DH
557,1384,2101,5972,0.15653724897773166,294.0633485348015,0.08372652964470179,0.28891668542313304,low_DH
559,560,2104,2108,0.6313836903007529,337.42757954746736,0.12501146695415605,0.410264129942442,low_DH
559,564,2104,2116,0.8936243107323069,1298.3198835458631,1.1183302882320894,0.466321604629907,high_DH
559,661,2104,2620,0.9186424234917931,5804.891410004886,0.24117815001236528,0.47218086592255504,mid_DH
559,1401,2104,6009,0.5411133040720318,371.5332677073159,0.1742279058096185,0.379029086263862,low_DH
559,1422,2104,6157,0.9273957431097176,2988.3268221827707,0.5999959217083642,0.540523923339515,high_DH
560,1393,2108,5987,0.6241748828056726,350.0202579345992,0.26245993601200324,0.1731421729554119,mid_DH
560,1394,2108,5989,0.6685747745010294,258.6558836748571,0.10439060241987844,0.17525082253964097,low_DH
560,1397,2108,5996,0.4506424321075476,401.0295946128137,0.5494216315900955,0.802314613667813,high_DH
560,1410,2108,6033,0.6251728918134556,270.2028492245895,0.3103048702195165,0.576436000948573,mid_DH
560,1413,2108,6037,0.5673086591081584,349.3243114919033,0.742893935582644,0.06506921072769001,high_DH
560,1420,2108,6151,0.5428014546395885,3031.55490050256,0.18137019008859137,0.678116463327204,low_DH
562,1164,2112,5402,0.44747732103700066,819.0462145525485,0.29731731082668217,0.0241569367798381,mid_DH
563,578,2115,2200,0.4602323036537855,1681.4223487009356,0.9645206113159477,0.5209206744791159,high_DH
564,1148,2116,5370,0.7850263241069156,3140.583806472013,0.40345535507969166,0.12089732055183301,high_DH
564,1397,2116,5996,0.7433855218938752,1406.7083570620725,0.6997217854332072,0.074271120904536,high_DH
566,1347,2120,5862,0.7405274777075419,510.4284698189667,0.22003112650522785,0.28060124932119,mid_DH
566,1348,2120,5872,0.7102304419305497,443.9386636081834,0.2989261102839514,0.21681495297420983,mid_DH
566,1349,2120,5878,0.6149532779108556,607.9398206385747,0.5566631522613646,0.5466046628876301,high_DH
566,1671,2120,8879,0.5651900362029568,1411.9769415121066,0.46063394876786323,0.10138129499558901,high_DH
567,766,2129,3491,0.46860480828937573,3028.585313080327,0.7105011971474822,1.2013763412085572,high_DH
567,1314,2129,5768,0.45918083989491304,2204.8590790094804,0.6023815577375592,0.6950898599648181,high_DH
567,1350,2129,5880,0.5958799977339735,2109.883430396858,0.31807840829106504,1.456621631100329,mid_DH
567,1683,2129,8914,0.4712834300482933,3018.0640806098013,0.8090881181164411,0.1883194708839111,high_DH
568,662,2130,2639,0.34528688490151066,3246.299203275522,0.8793394820901721,1.417856463619442,high_DH
568,771,2130,3508,0.6139761042529474,3725.083377933035,0.8907418045979885,0.9371968434070299,high_DH
569,1541,2134,6694,0.8808128219482176,2143.6060608590105,0.19546613838843274,1.301772606902976,mid_DH
570,653,2142,2489,0.5898393031981036,1317.6024549747713,0.5433495784339926,0.13872937392297002,high_DH
570,654,2142,2493,0.5796258054320271,1412.119674730491,0.7482213166349325,0.507105242711525,high_DH
570,759,2142,3477,0.5867002057593171,3033.452313749606,0.29695058151235504,1.226754553663812,mid_DH
572,657,2163,2605,0.5395388301681165,2093.0804060125442,0.5791629146185334,0.028950104728538983,high_DH
573,653,2173,2489,0.3439817957191402,421.67678703096306,0.22556230523872295,0.434622704815595,mid_DH
573,1574,2173,7363,0.5083440107767684,762.2948255514483,0.5130653558588608,0.476838281237411,high_DH
574,579,2185,2201,0.357906367200901,785.7409028515092,0.36593487306133765,0.41588329141457897,mid_DH
574,585,2185,2213,0.37295609972747074,707.5497516904878,0.842865898330022,1.09874692628447,high_DH
574,587,2185,2216,0.3424913399354779,706.0169979705782,1.1840379976517306,0.844281920527457,high_DH
574,1421,2185,6155,0.33973639512864273,241.67152811438532,0.4715125064262418,0.007362170368864995,high_DH
574,1487,2185,6480,0.36775300451036963,943.841482713017,0.2742634625144657,0.191359197850332,mid_DH
575,1368,2189,5943,0.6014346593496066,3366.4507864398684,0.41626109347370227,0.271520242767729,high_DH
576,1372,2191,5948,0.6723909458314469,3364.1050374132897,0.34517035492030124,0.19835852914562002,mid_DH
576,1397,2191,5996,0.6788456548535022,3337.4646430967728,0.6100528776697595,0.778259093482904,high_DH
577,578,2196,2200,0.45537755199735097,629.5566387354722,0.25331660511579956,0.37942692778392995,mid_DH
577,584,2196,2212,0.3402351102018578,630.3164477069342,0.4432986709555767,0.690254923176174,high_DH
577,588,2196,2218,0.2823688419218717,513.3646833568143,0.9557758642039464,0.71974609828065,high_DH
577,595,2196,2235,0.4170243505737055,229.57318363795332,0.11465577497718585,0.629768363871989,low_DH
577,606,2196,2323,0.330497127105982,1026.4272806100998,0.08002118163845372,0.002864756760091902,low_DH
577,1407,2196,6022,0.4553373896986375,2970.7698756156856,0.43849948238273934,0.506447546044864,high_DH
578,593,2200,2231,0.5077624882484989,261.44494257422105,0.7742725384228101,0.691870812785547,high_DH
578,595,2200,2235,0.2838229728888648,401.78714499708747,0.17331720815418203,0.25034143608805903,low_DH
578,606,2200,2323,0.41931173109121994,766.6884565865365,0.22820176803137118,0.37656217102383804,mid_DH
578,618,2200,2353,0.4724304850243406,1056.8396153165754,0.27513312176828725,0.015336424431757978,mid_DH
578,643,2200,2399,0.43591507640090443,2006.176051837445,0.2187621570462901,0.27638703153782296,mid_DH
578,649,2200,2430,0.4889027343313271,1225.02309098213,0.3009167947793799,0.249659779601885,mid_DH
579,619,2201,2361,0.4102239075060356,1208.5085777689376,0.6081839038998293,0.179020423328216,high_DH
579,648,2201,2422,0.3224695706947573,1002.8358929012558,0.6043729144903454,0.669335909784938,high_DH
579,650,2201,2436,0.41642153484876404,1180.7046567057193,0.36822914649756217,0.02916236829214902,mid_DH
579,1443,2201,6243,0.39637283523904693,482.1506761479657,0.4814119081278835,0.877028412649172,high_DH
579,1462,2201,6432,0.2510537728088714,500.93703093186645,0.29605470761954106,0.2036643640362681,mid_DH
580,596,2202,2236,0.3520897639107961,573.9912838526249,0.2361185167693937,0.28972770279070414,mid_DH
580,609,2202,2332,0.265791795050928,296.7741454098815,0.10788898714079762,0.180448372581542,low_DH
580,613,2202,2339,0.36692330563870323,509.76877637858024,0.059945936678507776,0.143423414173814,low_DH
581,596,2205,2236,0.26527961015545876,494.58317243361165,0.31163672024377137,0.04933217851738503,mid_DH
581,608,2205,2329,0.39488553555816225,462.70141404670676,0.06901927103413567,0.8983698594017041,low_DH
581,609,2205,2332,0.3486434191692831,311.3038807509364,0.20503436891823165,0.15861150872654717,mid_DH
581,610,2205,2333,0.3724377098549976,639.5998242219041,0.28570951060701477,0.09845980024043599,mid_DH
582,588,2208,2218,0.45185346648564356,242.89192408680756,1.097323771742422,0.5107792078401759,high_DH
582,590,2208,2223,0.23814816617414536,290.419885962794,0.5625446197127708,0.5149380646050529,high_DH
582,1430,2208,6194,0.4206622144701715,230.91180564214451,0.7520438031148378,0.39190497645489,high_DH
582,1453,2208,6401,0.3239421986662604,385.7594168528198,0.5894409703278503,0.647674863616437,high_DH
583,591,2211,2226,0.20819033078166652,371.0633533222816,0.9058850432779203,1.322595989192701,high_DH
583,600,2211,2286,0.3874089040753364,510.918824471261,0.04900967531347375,0.729256475108313,low_DH
583,601,2211,2307,0.3306307505103076,1060.8968723998862,0.6029132028444613,0.39591426057232515,high_DH
583,1430,2211,6194,0.37981028458556654,202.2178498534228,0.21966032724075915,0.44166580395116206,mid_DH
583,1453,2211,6401,0.20359020439005926,469.7311700427489,0.33622224394727945,0.18589591678961503,mid_DH
583,1528,2211,6612,0.34365961886402496,1192.5783910331056,0.5255847515029795,0.5800181194679601,high_DH
584,590,2212,2223,0.4939459123074177,215.97390842062484,0.16920301715566635,0.03365003186935289,low_DH
584,592,2212,2230,0.45621237576788287,318.50449456258997,0.39383318892795766,0.18366780628219104,high_DH
584,595,2212,2235,0.4643816553337298,419.8833977667103,0.335330462820513,0.060486559304185006,mid_DH
584,606,2212,2323,0.34949778967434864,624.7048174415005,0.40508621591059735,0.6873901664160821,high_DH
584,608,2212,2329,0.3854941851391926,482.9042173546303,0.1781107835962578,0.503227735289779,low_DH
584,628,2212,2378,0.34404902257936587,1294.9975302674807,0.3193717465340516,0.26751415453476013,mid_DH
584,1512,2212,6553,0.5099515939116585,2005.8640381909051,0.08205409955630219,0.520632596811158,low_DH
585,591,2213,2226,0.31521637709209754,320.61870089337526,0.7468920605408768,1.063721013272776,high_DH
585,612,2213,2335,0.32941020403433174,713.1742912779288,0.421298281602041,0.3814851799642751,high_DH
585,1421,2213,6155,0.39615288781326824,614.4802587028926,0.5283310116517573,1.091384755915605,high_DH
585,1453,2213,6401,0.22081989216377934,535.842100699811,0.18296609589708,0.07297905913031011,low_DH
585,1487,2213,6480,0.41217321708811094,249.2279532819862,0.8465252170337967,0.907387728434138,high_DH
585,1528,2213,6612,0.3570830737979729,1268.6396097057861,0.3786755620134944,0.32114314354803497,mid_DH
586,609,2215,2332,0.394222999292624,421.1158276995756,0.2085628039338699,0.12922171751906308,mid_DH
586,615,2215,2345,0.34506241569765755,254.46414119881752,0.30040358080965057,0.35273055539960696,mid_DH
586,1443,2215,6243,0.33235989195953397,439.6459216483216,0.22222417318369256,0.07817978337473308,mid_DH
586,1457,2215,6418,0.36337119455222233,322.91890349151544,0.15106689059088263,0.14982093954988307,low_DH
586,1491,2215,6490,0.3962975909925515,921.5375472304192,0.16944491548905777,0.950536834918612,low_DH
586,1493,2215,6495,0.300990399548343,934.3425405940663,0.09408001818183863,0.3814704443546779,low_DH
587,648,2216,2422,0.3405100720950461,1025.8161947480241,0.33020502232593274,0.24093728067206,mid_DH
587,1453,2216,6401,0.4067184237618411,593.9385815601435,0.5292079879264399,0.32744406488732314,high_DH
587,1462,2216,6432,0.23331862259599295,536.3134054285517,0.68033814922277,0.22473426507660987,high_DH
587,1487,2216,6480,0.38981717001793026,238.1311105679861,1.192335190094857,0.6529227226771249,high_DH
588,592,2218,2230,0.43624747939448066,202.38635506836854,0.1806310918041495,0.15417663117771507,low_DH
588,595,2218,2235,0.42513416843154733,300.3180748139266,0.8542584884080197,0.08997773440866097,high_DH
588,606,2218,2323,0.33548533583311696,693.3332294223022,0.9255453888741489,0.716881341520558,high_DH
588,628,2218,2378,0.3691201119765548,1410.7945620030525,0.8383043451557197,0.2970053296392361,high_DH
588,1512,2218,6553,0.51428864019131,2114.755403307664,0.5524555420422429,0.550123771915634,high_DH
589,597,2219,2252,0.6149609761698899,305.7143851695753,0.13812978836888604,0.005226602853474871,low_DH
589,598,2219,2280,0.5940103635748678,394.7616759930278,0.04314635432969333,0.2753776232833771,low_DH
589,1055,2219,4963,0.596003701897449,5005.75597498893,1.0903349527206503,1.101154272505523,high_DH
589,1446,2219,6325,0.4657661662637784,267.71052183211987,0.1331958568868059,0.11628187440198001,low_DH
590,1446,2223,6325,0.6183137922643098,290.89841688244337,0.38007742330477334,0.12990238483587402,mid_DH
591,600,2226,2286,0.34208801617569967,615.3288558036091,0.9117198040093553,0.593339514084388,high_DH
591,601,2226,2307,0.350881053616018,1144.6418552357468,0.45516406560032885,0.9266817286203759,high_DH
591,1427,2226,6183,0.2711490878503414,292.65386922759444,0.3809638901180108,0.38249810734075,mid_DH
591,1430,2226,6194,0.31623819778825113,207.89723470241435,0.7695197291190871,0.880930185241539,high_DH
591,1431,2226,6196,0.29533038215804913,297.20410606617185,0.5992636961734011,0.488003726753308,high_DH
591,1453,2226,6401,0.3010991220774557,659.1552000773186,0.5873802398159074,1.136700072403086,high_DH
591,2022,2226,10592,0.26475314086741203,266.953240882107,0.5663051813868292,0.254010580508547,high_DH
592,599,2230,2285,0.4527919265584663,622.7696336720123,0.40177715429726124,0.34183971749904707,high_DH
592,606,2230,2323,0.49756912342313003,790.9660739754114,0.790318690668231,0.8710579726982731,high_DH
592,608,2230,2329,0.315910433475773,724.2501676183826,0.31331430587542963,0.6868955415719701,mid_DH
592,658,2230,2614,0.493844235923643,2879.417063999678,0.5982092383917558,0.39274892549169294,high_DH
593,599,2231,2285,0.48073887378003516,615.8179075279711,0.6057410518905536,0.539214728610159,high_DH
593,639,2231,2393,0.46789066939450974,2255.540037111476,0.6910030996196439,0.91843061360617,high_DH
593,658,2231,2614,0.5590809727136782,2951.373115077615,0.80863796714458,0.19537391438058105,high_DH
594,599,2232,2285,0.5825475205732341,586.5441388721335,0.4625866711112608,0.708914834985158,high_DH
594,638,2232,2392,0.5329267640539992,2216.9796378813307,0.4942003419942468,1.128052978655011,high_DH
595,606,2235,2323,0.4339596585442594,910.5052358898395,0.07601766667422316,0.6269036071118971,low_DH
595,626,2235,2374,0.39039114088778143,1438.224978323411,0.18646242922225145,0.08451290323617,low_DH
595,627,2235,2375,0.3965418405449326,1431.2096500722596,0.9901857980353065,0.547507995853533,high_DH
596,609,2236,2332,0.22893270094713156,782.6281097412501,0.24290172612758562,0.10927933020916214,mid_DH
596,611,2236,2334,0.3272879152629446,1164.7116465036777,0.10170728178549031,0.2198023285061821,low_DH
596,613,2236,2339,0.2657727588579108,1066.5947605510817,0.2782858972507956,0.43315111696451813,mid_DH
596,615,2236,2345,0.17865571975250835,656.7979436367044,0.12054940029105875,0.332788168089706,low_DH
596,618,2236,2353,0.44530184812955237,1466.4152125445944,0.2601808761585817,0.6413015165550261,mid_DH
597,988,2252,4427,0.5998008210953447,6771.482524081339,0.17648999969092455,0.23101423321845216,low_DH
597,1045,2252,4920,0.46868680828947673,3744.372455973632,0.4622014764756651,1.056084980005405,high_DH
598,988,2280,4427,0.6461260641792874,6632.932957725086,0.3151682536306996,0.5116184593553041,mid_DH
598,1042,2280,4883,0.6535377175464043,2676.773703613438,0.29426240145450877,0.38115266378617996,mid_DH
598,1045,2280,4920,0.4620107175770445,3557.0927379987365,0.4508951851534873,1.336689206142257,high_DH
598,1446,2280,6325,0.6086023002175894,221.04120987279325,0.136904004744716,0.1590957488813971,low_DH
599,658,2285,2614,0.46057260781471726,2953.7128890102463,0.20733031261455034,0.73458864299074,mid_DH
600,1430,2286,6194,0.1869256375486056,450.55481331160104,0.21018298662745208,0.287590671157151,mid_DH
600,1431,2286,6196,0.36476504048723224,491.84309026993685,0.3406307826645983,0.10533578733108007,mid_DH
600,1434,2286,6211,0.39575194799236846,437.3724377789594,0.1869879147691283,0.029293910450703953,low_DH
600,1435,2286,6213,0.4233828893723992,562.0073487862949,0.5482874349544875,0.20049779882500907,high_DH
600,1439,2286,6228,0.2604280126738809,587.8898749782855,0.3919885458153243,0.253826322487256,high_DH
600,1440,2286,6229,0.32059331785959755,588.8999060887835,0.20044160189119947,0.0776069537710421,mid_DH
600,2022,2286,10592,0.33772309372945647,540.094157253133,0.4393696585708144,0.33932893357584104,high_DH
601,633,2307,2384,0.3146530466418404,1293.9064596420608,0.20869809835511735,0.72988495254596,mid_DH
601,634,2307,2386,0.32752246191738643,1469.5397652729635,0.11984961830514937,0.814982206029847,low_DH
601,1427,2307,6183,0.32730570933499115,1136.5432934568387,0.10450938911511001,0.5441836212796259,low_DH
601,1503,2307,6525,0.21844951065652232,1123.7042806104832,0.07906326806411686,0.2876767368850419,low_DH
601,1529,2307,6615,0.3139168509943405,858.6520540692529,0.12180484173240978,0.6250251232264009,low_DH
601,1534,2307,6627,0.32949611077964847,849.6002185614959,0.20471581479154985,0.2505277057999049,mid_DH
601,2045,2307,10665,0.3275337614878372,1635.70325080295,1.2589499224912146,1.139601413760269,high_DH
601,2048,2307,10668,0.34285671001284673,1511.6363900312147,0.29904829045863357,0.894224932062243,mid_DH
602,630,2314,2381,0.2270955493033599,1111.6181856134756,0.45488919822066903,0.371703871839546,high_DH
602,631,2314,2382,0.2771920961947389,1048.016834761644,0.6416587873127011,0.24235301498734896,high_DH
602,632,2314,2383,0.2047523248984321,1167.152344749394,0.13817197172945808,0.6143473553391721,low_DH
602,633,2314,2384,0.2449116067505402,1205.5064629117257,0.09075584823040955,0.835889296563825,low_DH
602,647,2314,2420,0.31662135755651355,590.2239057048764,0.21751957158092222,0.13885911671899898,mid_DH
602,648,2314,2422,0.3323387012305668,528.9633716205285,0.5853224008552782,0.0175072155495819,high_DH
602,1462,2314,6432,0.2270947493595534,656.0718866403095,0.24385067476444452,0.44816433019908797,mid_DH
602,1493,2314,6495,0.34491701401287317,1252.1297431731268,0.6725765390704123,0.07809094256612892,high_DH
602,1505,2314,6529,0.3538451173854527,1153.3207234339245,0.619435820798955,0.591315492366321,high_DH
602,1517,2314,6561,0.2817494478172715,1254.4099873177581,0.24062441248859073,0.903617751371095,mid_DH
603,630,2316,2381,0.32403410625874457,1141.5655793545347,0.18202525133352726,0.17460719008362502,low_DH
603,631,2316,2382,0.2314402892027682,1061.7137244154906,0.03952456279995713,0.04525633323142797,low_DH
603,632,2316,2383,0.1991356191875417,1160.8664413660244,0.4898248035208199,0.4172506735832511,high_DH
603,633,2316,2384,0.3259087358528802,1188.6505591746868,0.7057890659385061,0.6387926148079041,high_DH
603,1462,2316,6432,0.26857135036453184,773.0494734967514,0.4021481773614013,0.251067648443167,high_DH
603,1510,2316,6538,0.39814545466359946,1362.6870221206207,0.5229227364666065,0.25199915685948804,high_DH
603,1517,2316,6561,0.31384025221064266,1230.6449745923119,0.7892570056355326,0.706521069615174,high_DH
604,612,2318,2335,0.3026721080732253,616.3166839215295,0.17019286416306165,1.4558739985940732,low_DH
604,1527,2318,6610,0.3422881521029569,698.6672726842992,0.21284063911623818,0.427138438691992,mid_DH
604,1528,2318,6612,0.35173321285947257,590.3517093467315,0.19748123801195638,0.753245675081763,mid_DH
604,1533,2318,6625,0.3279053939538669,357.8607043194772,0.1548270200125523,0.35036549463649,low_DH
604,1534,2318,6627,0.2983422893784323,371.4049841131478,0.3271679656788892,0.686821828177493,mid_DH
604,2041,2318,10652,0.21999690516657955,1005.4940468614717,0.17818559935825526,0.02786497378678804,low_DH
605,645,2319,2411,0.24520522239847473,714.1405372758846,0.45553846311529295,0.302801890551897,high_DH
605,646,2319,2416,0.34162392854082063,658.6354615026714,0.20927521298362795,0.09349121197479793,mid_DH
605,647,2319,2420,0.27728932652981647,473.75387393033003,0.27489077577150695,0.218457151787399,mid_DH
605,1463,2319,6433,0.3513074829618701,311.0860032909042,0.09874994040347779,0.991546467193905,low_DH
605,1520,2319,6581,0.21944037714238926,969.5799063482611,0.1429153807567561,0.275133489977466,low_DH
605,1529,2319,6615,0.2464773604616847,554.8194608192936,0.2687019754800474,0.810627502312666,mid_DH
605,1531,2319,6617,0.17705375980753507,537.1094361493305,0.2454278685006647,0.5690437017680889,mid_DH
605,1533,2319,6625,0.34739115100295626,392.41630248572875,0.34081703254230206,0.772586418427173,mid_DH
605,1537,2319,6648,0.22379112619512365,319.0733726670169,0.2413489019172125,0.45126670516436307,mid_DH
606,628,2323,2378,0.3683252598871574,951.7986461912376,0.09361490942796473,0.41987601188132195,low_DH
606,1054,2323,4961,0.4850710765041473,5309.81706616184,0.711489938127447,0.2457665200016601,high_DH
607,1429,2325,6189,0.43540917959462966,430.71762429883177,0.21809580284372646,0.55191351949165,mid_DH
607,1430,2325,6194,0.42972906215956164,279.6895150273204,0.3645322610850935,0.03280535394513806,mid_DH
607,1434,2325,6211,0.30906502057417495,290.1374106576962,0.7326665216917646,0.22549140676130897,high_DH
607,1435,2325,6213,0.25880292553203355,404.38260064215734,0.37308507967660687,0.455283116037022,mid_DH
607,1440,2325,6229,0.40514366171859467,422.8146641508652,0.7531508163917444,0.332392270983055,high_DH
607,1447,2325,6331,0.4426507121721016,281.3124163347909,0.3786200617938016,0.5641327938483129,mid_DH
607,1549,2325,6821,0.45714809482789154,2412.9138209499038,0.5079041374710146,0.04581397088081207,high_DH
608,609,2329,2332,0.3841404337128857,260.51790954075426,0.1832476708079092,0.7397583506751569,low_DH
608,626,2329,2374,0.3896819790969623,732.9310207867514,0.31070644126923697,0.527254079221764,mid_DH
608,627,2329,2375,0.3467786863553525,714.3300307282612,0.600912116434676,0.10476681986793901,high_DH
608,628,2329,2378,0.34189625334946744,885.31256575655,0.436003530273477,0.23571358075501891,high_DH
608,641,2329,2396,0.3154381077790162,1520.575534853904,0.2415639830790276,0.17088676359729404,mid_DH
609,613,2332,2339,0.2713242823851287,521.5074340798758,0.10814808635160399,0.323871786755356,low_DH
609,615,2332,2345,0.16757157532198927,269.1490161950952,0.15800520121917166,0.22350883788054388,low_DH
609,629,2332,2380,0.3690511300771239,1108.5153793846198,0.19700577092997662,0.2998246256733028,mid_DH
610,611,2333,2334,0.36315087502886845,256.7239828039884,0.06541763538332998,0.17067470678313112,low_DH
610,618,2333,2353,0.37126155212814244,806.756983335278,0.2482543426125609,0.5921738948319751,mid_DH
610,649,2333,2430,0.2786923231082195,521.8328637370273,0.41230651106201044,0.3578505396618481,high_DH
611,613,2334,2339,0.32121873985146754,529.2649612026262,0.1876594466049206,0.21334878845833605,low_DH
611,615,2334,2345,0.3626616940560411,579.9018382538619,0.08544262722233018,0.11298583958352393,low_DH
611,618,2334,2353,0.2511767123933078,550.8270200658696,0.21117915367753715,0.421499188048844,mid_DH
611,626,2334,2374,0.3374250778913201,275.7352039569579,0.12364487901518784,0.10198127315637295,low_DH
611,627,2334,2375,0.26229537055468904,263.70161334948443,0.7164860039946321,0.734002172246076,high_DH
611,649,2334,2430,0.3479538223169892,727.8600368406995,0.4525365925891037,0.18717583287871697,high_DH
612,1427,2335,6183,0.2332067642764042,746.3006546331385,0.08796895078313355,1.062708085896301,low_DH
612,1486,2335,6479,0.20754752655797085,528.6789547250728,0.6153289234860813,0.962735089278823,high_DH
612,1487,2335,6480,0.30159925106458274,549.4922055451484,0.4557191804185694,1.288872908398413,high_DH
612,1528,2335,6612,0.23985225440672245,714.6256579742858,0.08221261811712617,0.7026283235123101,low_DH
612,1529,2335,6615,0.35901325366018,731.3468831646614,0.07680438633866933,1.1435495878430761,low_DH
612,1534,2335,6627,0.2886357698882787,504.9657318362862,0.20369177959082446,0.76905217041658,mid_DH
612,2041,2335,10652,0.3595975301242844,415.9769667810796,0.05783192487817904,1.428009024807285,low_DH
613,615,2339,2345,0.18471800169017205,428.6930539429451,0.17574295141093305,0.10036294887481212,low_DH
613,623,2339,2367,0.3721243812885396,762.0146994540128,0.4486090281729503,0.675975745343444,high_DH
613,629,2339,2380,0.3165241727950813,1174.1109485202812,0.1278094262591878,0.02404716108205318,low_DH
614,1425,2344,6175,0.2842951760740256,229.65877368892362,0.11215471257119679,0.24712596851642088,low_DH
614,1470,2344,6454,0.1549941160823898,402.03660589992586,0.23896103876823185,0.24001123749905007,mid_DH
614,1471,2344,6455,0.30608168093444427,362.32186343564246,0.23171136166279085,0.001231262429814084,mid_DH
614,1472,2344,6456,0.21513724498988798,380.9780934095214,0.30607972144948725,0.5725077872889471,mid_DH
614,1473,2344,6459,0.24854743961155884,412.0255764382628,0.36471915888557666,0.1298326229616481,mid_DH
614,1477,2344,6466,0.2728070373945279,278.8389738028428,0.3784396763479587,0.12743528260275305,mid_DH
614,1480,2344,6469,0.27520272486657554,225.14475061484785,0.1231152617770501,0.2958889851131401,low_DH
614,1491,2344,6490,0.31267533370955675,622.3448567499299,0.327348698371722,0.41587922953204803,mid_DH
614,1507,2344,6531,0.3350939171907471,1073.4359461855638,0.22737714337832438,0.6088369806583361,mid_DH
614,2038,2344,10645,0.23976415528475437,420.3503046522564,0.19446144284894326,0.3672780979369621,mid_DH
615,629,2345,2380,0.4119909893342752,1323.84674665494,0.29510311437240067,0.07631578779275894,mid_DH
616,1384,2346,5972,0.3366377789275624,2443.9079664342794,0.7792898141866571,0.290582054696397,high_DH
618,643,2353,2399,0.32579244279448927,1533.7453859312664,0.24458167143108142,0.29172345596958094,mid_DH
618,649,2353,2430,0.2984825567554847,1249.6925153695481,0.5735458703805105,0.23432335517012703,high_DH
619,625,2361,2373,0.27614853224511854,708.0987100090668,0.3986096472597996,0.23633452520011,high_DH
619,630,2361,2381,0.3150888181042689,1083.9600499964397,0.13532166450874675,0.10110439906759405,low_DH
619,650,2361,2436,0.27697038204797114,1671.9797711350213,0.3728331709544443,0.14985805503606697,mid_DH
619,1415,2361,6043,0.21222554672854768,277.4899098111312,0.2417962169276594,0.073435016323671,mid_DH
619,1505,2361,6529,0.3629194062224768,1058.02610156969,0.2460433780724486,0.11850722145918091,mid_DH
620,1416,2362,6046,0.17748183209696156,214.04397180431948,0.913439034347889,0.346179277064647,high_DH
620,1471,2362,6455,0.28987460526067493,720.0892776577552,0.1426160185887195,0.20735792977069,low_DH
620,1473,2362,6459,0.24901589121892526,661.1848196261294,0.18138868764811117,0.07875656923885599,low_DH
620,1477,2362,6466,0.3134295606384484,798.9232025886121,0.4255468562192617,0.08115390959775104,high_DH
620,1489,2362,6485,0.19957417851491172,287.14606923952783,0.0892338060284229,0.6308821234904409,low_DH
620,1497,2362,6505,0.2891528537716076,280.2531699116028,0.4370109019196141,0.348203978931099,high_DH
620,1507,2362,6531,0.24781378518026445,627.1709277065227,0.1172478332718687,0.40024778845783204,low_DH
620,2002,2362,10522,0.28526992895577397,2225.0892969050856,0.13352601263133568,0.20508505643379504,low_DH
621,1415,2363,6043,0.40382236711835734,209.50109403061242,0.08488944767293631,0.596281045018969,low_DH
621,1491,2363,6490,0.3699247514134806,522.310142272024,0.1332187447776206,0.34849696647237505,low_DH
621,1493,2363,6495,0.31792859391768963,510.4095498477658,0.08692106339917997,0.9175633570363091,low_DH
621,1498,2363,6507,0.4243696421998102,224.26797121938438,0.25219898441363303,0.277335696490116,mid_DH
621,1510,2363,6538,0.3417544127191716,1592.091018724116,0.48238860430483127,0.546558460987029,high_DH
622,1121,2364,5275,0.3386206231969524,1975.7236451542249,0.6787516824617558,0.145062624402571,high_DH
622,1123,2364,5286,0.3525442477082661,723.7767920756753,0.7899113605179336,0.453054785129163,high_DH
622,1125,2364,5314,0.34188507474052604,1817.4927818397275,0.14604441572657237,0.25892451334743705,low_DH
622,1130,2364,5340,0.39775912991850476,2160.662331457755,0.220357600098869,0.32700975639213303,mid_DH
622,1138,2364,5352,0.30040859414133764,2459.197357552469,0.20539162427170876,0.10321354793346901,mid_DH
622,1945,2364,10386,0.36619552132234157,1828.5073591126522,0.30495184110359774,0.07058403202132701,mid_DH
623,626,2367,2374,0.34472755830830665,449.3154751132023,0.22132732646345588,0.787343260645407,mid_DH
623,627,2367,2375,0.29255362870457813,475.76316960005204,0.9851908034684435,0.155322361555704,high_DH
623,628,2367,2378,0.398354347310381,705.1512903721513,0.12388400219522137,0.4958027621786619,low_DH
623,629,2367,2380,0.3867353953622768,689.4443060262594,0.5705844310628753,0.7000229064254971,high_DH
623,650,2367,2436,0.34261859006285494,1345.9565576332473,0.17586366166599068,0.203023421886107,low_DH
623,1415,2367,6043,0.41032206140180755,686.89218983151,0.5865458110904788,0.426316493245845,high_DH
623,1512,2367,6553,0.42772105577089525,1317.8662647795034,0.3317045788481262,0.24268431990226402,mid_DH
624,1123,2368,5286,0.3847231243522295,903.8378551489204,1.4356659791172222,0.65510359701474,high_DH
624,1132,2368,5343,0.27351566382801706,2492.554568729684,0.6251425755859609,0.16908649053936697,high_DH
624,1135,2368,5348,0.2984400039654342,2538.611089943827,0.9014841802272614,0.14090222338458003,high_DH
624,1139,2368,5353,0.389605165468335,2094.552368734329,1.432600531796648,0.22417050985062698,high_DH
624,1149,2368,5372,0.3812523590196341,3663.579463896131,1.2497956413291418,0.291849796250521,high_DH
624,1511,2368,6551,0.36581788313523517,1334.3293737830952,0.9250639206268357,0.14095060857084402,high_DH
624,2003,2368,10525,0.32081891217006925,2424.8181673729287,0.7739459395113707,0.310403001701501,high_DH
625,630,2373,2381,0.31129873575741135,564.9192605755546,0.33561012837792814,0.13523012613251595,mid_DH
625,631,2373,2382,0.3336785310359491,667.0191248960914,0.4956920562807965,0.0058792692803188995,high_DH
625,646,2373,2416,0.3286030367111402,766.5628884348673,0.17903099480250032,0.409562992750228,low_DH
625,647,2373,2420,0.31662498008240064,598.9266232991741,0.022146018545810272,0.09761462898803108,low_DH
625,648,2373,2422,0.1867775097857865,472.42080899123715,0.42144198822409296,0.25398096125661196,high_DH
625,650,2373,2436,0.32141212982566075,974.828927603437,0.21118597606433923,0.386192580236177,mid_DH
625,1462,2373,6432,0.29685630883651387,523.0876320871764,0.08773458047801672,0.2116905844920579,low_DH
625,1493,2373,6495,0.33833379376916495,417.84983292260415,0.4991801163151659,0.15838280314090114,high_DH
625,1517,2373,6561,0.319501895539074,1066.022400968906,0.4435029953537334,0.667144005664065,high_DH
626,639,2374,2393,0.41481890972463864,1217.1728488096244,0.08740457234560126,0.561414140144852,low_DH
626,641,2374,2396,0.3973093848547686,1129.7849694800038,0.2666851252997319,0.35636731562447,mid_DH
626,649,2374,2430,0.39734531450021393,828.7797193471018,0.3747935370291023,0.08519455972234402,mid_DH
627,628,2375,2378,0.40722135728148523,403.34811016060286,0.9741457898358217,0.3404804006229579,high_DH
627,641,2375,2396,0.3511062561116143,1114.9305761647613,0.5638471234780642,0.27565358346523305,high_DH
627,649,2375,2430,0.3976569179487237,799.8610667747517,1.1656824147737341,0.546826339367359,high_DH
628,641,2378,2396,0.35882911752117447,720.2725135596678,0.42462316013309864,0.06482681715772487,high_DH
628,650,2378,2436,0.3563184080168833,748.8090293937883,0.06729474554556296,0.2927793402925549,low_DH
628,1512,2378,6553,0.2516803769708249,763.2826624449636,0.2900340846627607,0.2531184422763979,mid_DH
629,636,2380,2390,0.31290454545227603,782.2980409877825,0.14749251688933998,0.4579675718946521,low_DH
629,641,2380,2396,0.3552362711623987,603.3501150464515,0.20894832940352784,0.2690469614045601,mid_DH
629,1510,2380,6538,0.4130502395057675,517.4595050919692,0.5003752865941935,0.32342899721159213,high_DH
630,632,2381,2383,0.2586848907798025,345.0165650252766,0.3241100017345171,0.24264348349962606,mid_DH
630,633,2381,2384,0.21004430805785207,453.2576502230462,0.5322368824728121,0.46418542472427904,high_DH
630,634,2381,2386,0.3433694694135466,623.8185206616383,0.2513283299281059,0.549282678208166,mid_DH
630,1517,2381,6561,0.3019096630973,535.5308050924015,0.608820679051824,0.531913879531549,high_DH
630,2048,2381,10668,0.3451661752107282,750.6498342717865,0.6353414061979145,0.628525404240562,high_DH
631,632,2382,2383,0.22001584101813737,212.53254905294258,0.5072265066988925,0.3719943403518231,high_DH
631,648,2382,2422,0.314697281140397,586.0782998414803,0.10228510080974693,0.25986023053693086,low_DH
631,650,2382,2436,0.35346634346363803,914.9231149747018,0.5358871557057512,0.3803133109558581,high_DH
631,1510,2382,6538,0.23193444285433598,490.6301672574665,0.5431667306677577,0.20674282362806007,high_DH
631,1517,2382,6561,0.2812867408214067,399.9893831553269,0.8008651987729739,0.661264736383746,high_DH
632,1505,2383,6529,0.38418174738555105,370.2985914669363,0.48332746651955094,0.02303186297285109,high_DH
632,1510,2383,6538,0.322282405855934,279.63908525576613,0.08574028730294617,0.16525151672376304,low_DH
632,2048,2383,10668,0.3628763010201784,418.4676551503808,0.3170820749752362,0.38588192074093597,mid_DH
633,634,2384,2386,0.2985168806567749,211.29078864678627,0.29654134458077386,0.08509725348388697,mid_DH
633,1503,2384,6525,0.31152778709746165,410.24047742809597,0.2824809859475742,0.44220821566091806,mid_DH
633,1505,2384,6529,0.29877549028704653,477.8974399549525,0.7011115804505225,0.24457380419750407,high_DH
633,1529,2384,6615,0.2899126033069563,579.031120255875,0.3010423573925273,0.10485982931955906,mid_DH
633,2048,2384,10668,0.2501921789705942,319.3108786776204,0.12848558135273772,0.16433997951628299,low_DH
634,1503,2386,6525,0.20657349961678573,612.4126685059606,0.1001397452377536,0.527305469144805,low_DH
634,1504,2386,6527,0.30324540669776334,569.5533149609087,0.46671923690567413,0.24019756881168797,high_DH
634,1506,2386,6530,0.3020122052680326,808.0056074728537,0.22227436909055198,0.05526238763763197,mid_DH
634,2045,2386,10665,0.24852804395927178,372.8839588143135,1.1907586091044633,0.32461920773042197,high_DH
635,1131,2388,5342,0.4160788620616597,3397.4577772157927,0.35918770215730644,0.025888972020902012,mid_DH
635,1508,2388,6533,0.23978721698921843,562.8603456181895,0.729241358469208,0.17950052018328397,high_DH
635,1509,2388,6534,0.3148159410779396,592.0666940082065,0.6754442254401857,0.50634257857338,high_DH
635,1944,2388,10370,0.394497027935056,2047.0561675931963,1.374974633916796,0.02774475632144302,high_DH
635,2043,2388,10658,0.40484518944609393,677.4265535020069,0.09586065115697312,0.261804622143194,low_DH
635,2044,2388,10661,0.2541620406267037,612.9312087001073,0.5839083982503472,0.638237347248116,high_DH
635,2052,2388,10676,0.41028920928408386,808.6161341501153,0.3485305893967514,0.21871287228428501,mid_DH
637,1114,2391,5259,0.461246484355312,4065.8509431181724,0.12332462468089492,0.7719107685224369,low_DH
637,1129,2391,5338,0.4049219982760048,3492.9800135025735,0.636466169980842,0.123659674564746,high_DH
640,1133,2394,5345,0.3436296364563255,3536.5403340906255,0.1333046775258281,0.27780826061460895,low_DH
640,1144,2394,5361,0.4303507737631027,2756.8045043756697,1.182198989044306,0.781473841669058,high_DH
640,1522,2394,6584,0.3092204965026001,475.94144549445195,0.43697908422539894,0.36180253868385714,high_DH
640,1525,2394,6592,0.42677718559682765,919.6685164201614,0.13369370809526956,0.539225033690075,low_DH
642,1083,2398,5060,0.6001215231364699,5670.105682299388,1.676024085077465,0.300300925104487,high_DH
643,649,2399,2430,0.39148320262276937,905.5015091324495,0.4640580815817933,0.526046811139708,high_DH
644,1438,2405,6227,0.43876119843676237,1794.2544518974632,0.29846834244810533,0.16294433149077192,mid_DH
644,1463,2405,6433,0.4078662479949472,986.1765258647201,0.18442124282440128,0.8770248302696749,low_DH
644,1531,2405,6617,0.3357045681559379,364.2887207538201,0.20951494329627438,0.6835653386923191,mid_DH
644,1537,2405,6648,0.20275796133856258,652.8592059137343,0.3187547821157129,0.33674506824013295,mid_DH
645,646,2411,2416,0.23784211461412583,243.00642532726303,0.26077944200374287,0.3962931025266949,mid_DH
645,647,2411,2420,0.223643589311394,384.5318433960011,0.23105184186273864,0.084344738764498,mid_DH
645,648,2411,2422,0.3129927215361049,561.1991893010439,0.5857273297302573,0.24071107103307887,high_DH
645,1520,2411,6581,0.24323088093108194,300.96789240555916,0.5834083366510362,0.027668400574430985,high_DH
645,1531,2411,6617,0.2861681429540234,270.0087410242321,0.6995788031988941,0.8718455923199859,high_DH
645,1537,2411,6648,0.3081269493552919,412.0017590510132,0.24458770861022944,0.14846481461246608,mid_DH
646,647,2416,2420,0.1883479802887489,209.07993234479014,0.1710197240082692,0.3119483637621969,low_DH
646,648,2416,2422,0.16728441750886675,410.72099588046996,0.33207134978110453,0.15558203149361605,mid_DH
646,1462,2416,6432,0.28390523722735767,920.2081359794633,0.10522942130158222,0.6212535772422859,low_DH
646,1517,2416,6561,0.26820027373926375,548.5958278939511,0.4360651561123593,1.076706998414293,high_DH
646,1520,2416,6581,0.3842894668969477,334.6131082478997,0.3262175966984659,0.36862470195226393,mid_DH
647,648,2420,2422,0.2262380357463201,201.65329063898972,0.40961382665373347,0.15636633226858088,high_DH
647,1462,2420,6432,0.25293885579595593,711.4921005175966,0.0736269534746785,0.309305213480089,low_DH
647,1493,2420,6495,0.3304770309149159,1008.8186269520037,0.4874780728817295,0.06076817415287006,high_DH
647,1517,2420,6561,0.18394158129977686,719.5289816798154,0.4491406464694301,0.764758634652096,high_DH
647,1537,2420,6648,0.308130251712255,329.8019900749847,0.04487185259012572,0.23280955337696407,low_DH
648,1462,2422,6432,0.2119891563378888,510.2134187736463,0.3522028301597825,0.46567154574866987,mid_DH
648,1517,2422,6561,0.26759985661116126,900.9656780610716,0.7657526022143415,0.9211249669206769,high_DH
650,1415,2436,6043,0.2436724085983693,1928.360101712496,0.5316764692574318,0.22329307135973797,high_DH
650,1505,2436,6529,0.31048465073417586,1053.4497277186883,0.5221585152583562,0.03135083357688606,high_DH
652,945,2448,4305,0.9199983361233731,7248.720949297517,0.7766894672425155,0.007531714562443059,high_DH
652,1028,2448,4795,0.9226031029004632,2421.2190095055107,0.285818158014181,0.18188348123277998,mid_DH
652,1029,2448,4800,0.8662772557026509,2370.311434568783,0.22772622441334922,0.641850483914641,mid_DH
652,1030,2448,4801,0.9022592655803027,2389.861900365138,0.23957309698094056,0.5920335182977571,mid_DH
652,1032,2448,4803,0.8729718486649679,2402.8418262431123,0.13620114405534922,0.818300656146448,low_DH
652,1033,2448,4804,0.8026076972100848,2397.5826684648146,0.2416246575329157,0.24681411279988497,mid_DH
653,1574,2489,7363,0.5774077427506903,1156.1356208779703,0.2920675448664422,0.042215576421816,mid_DH
654,675,2493,2862,0.7116791397707005,531.8204156407185,0.3767103988718403,0.053798155123666924,mid_DH
654,1571,2493,7355,0.7244510841816933,667.3374312849598,0.11124840867887724,0.486393625006757,low_DH
655,996,2510,4453,0.4401498815946893,4941.372481777308,0.2543320634469719,0.019516733904855088,mid_DH
655,999,2510,4540,0.4290714692554278,4540.578117858477,0.06009405183394206,0.25167523466657304,low_DH
655,1000,2510,4541,0.5869476901147391,4562.248171066691,0.16194155182882833,0.294650309499607,low_DH
655,1002,2510,4544,0.5157395652770632,4520.131211135159,0.5267503278372131,0.04867067426724303,high_DH
655,1024,2510,4770,0.41569543867823955,2350.391907348957,0.7356530277051742,0.38347702141317896,high_DH
655,1025,2510,4779,0.430043592212552,2338.4571224807946,0.14134429015501582,0.177569498496991,low_DH
655,1038,2510,4856,0.5110730160285015,1676.214300110037,0.06796217074201218,0.12385533010651695,low_DH
655,1346,2510,5851,0.5896782999141772,4500.61373978231,1.099695906581192,0.505501086956494,high_DH
655,1554,2510,6871,0.4153590316963745,992.5642768655971,0.16563821021638328,0.02465868408918992,low_DH
655,1994,2510,10504,0.4308533378150953,4175.879555463557,0.42229872026443493,0.546730946553617,high_DH
656,1039,2546,4871,0.4723973538570276,1263.5864417650278,0.531059578404228,0.344094134148515,high_DH
656,1923,2546,10261,0.49219561179249033,1570.5388297156996,0.6052326559123407,0.029075867611646045,high_DH
658,1446,2614,6325,0.608116686602296,2890.8382355524786,0.47157433828177386,0.41286431506865706,high_DH
659,1438,2615,6227,0.5071748037778978,2985.116376749884,0.7202844789804314,0.42081292564193395,high_DH
661,1348,2620,5872,0.8241095139060971,5223.942341585892,0.20989018687524744,1.2439945847641518,mid_DH
662,704,2639,3096,0.4832848739265005,2317.000328262548,0.2057390023725094,0.15777927336324,mid_DH
663,1556,2662,6910,0.44847958417979394,766.4993148123338,0.23132810679236168,0.146788421764395,mid_DH
664,691,2708,3010,0.2541262316801173,1019.526673858016,0.0656969157389375,0.05573589985908206,low_DH
664,722,2708,3308,0.2603566205013057,1926.400375445654,0.3753804363541495,0.04449560703251798,mid_DH
664,1566,2708,7230,0.28467548997728864,1185.0769351288257,0.07314461631962543,0.003474663349675944,low_DH
664,1590,2708,7795,0.21249403977826356,921.425359000098,0.07916049492877375,0.20606913992894504,low_DH
664,1611,2708,7989,0.19760499279658042,414.9275911659212,0.1726491785370492,0.21191882799994805,low_DH
664,1653,2708,8682,0.2695166445880655,2076.7919181325597,0.2142021272467115,0.316031763317957,mid_DH
665,702,2712,3071,0.20258894180149606,607.4758285326786,0.120972510415309,0.28596127727199394,low_DH
665,726,2712,3357,0.25845865908497434,2358.494745706936,0.18313200291900902,0.38521797801605306,low_DH
666,686,2723,2993,0.17735624096786795,340.49958959991363,0.2655849036713849,0.24602671217066802,mid_DH
666,696,2723,3044,0.13714711768085783,325.6490011649299,0.31263936224976135,0.046960727560586,mid_DH
666,699,2723,3047,0.20650875012739728,398.14273308612195,0.6324564499774508,0.31132646311709605,high_DH
666,700,2723,3049,0.16030120489847272,467.4784538322392,0.527938496221977,0.38043671456181605,high_DH
666,710,2723,3229,0.27255781445325195,1352.3231852325082,0.25865733240253924,0.8173586610369861,mid_DH
666,1606,2723,7956,0.17958902144126251,557.2085407076073,0.4779844943884532,0.18338749691885303,high_DH
666,1607,2723,7958,0.251642407503299,594.8974244419945,0.4579394054577243,0.38808946833448404,high_DH
667,686,2724,2993,0.11304185371287283,237.52611190488724,0.09986419119631906,0.07163589906556794,low_DH
667,695,2724,3043,0.27223262032774215,703.7773653480571,0.12959254336731424,0.10627301356877006,low_DH
667,696,2724,3044,0.22436377371405164,260.55391521490697,0.0868858624477028,0.12743008554451407,low_DH
667,699,2724,3047,0.22792709320917195,366.5813646515166,0.30158315305413125,0.13693565001199598,mid_DH
667,700,2724,3049,0.20966721965002025,465.18548759498515,0.19381170767898284,0.20604590145671597,low_DH
667,702,2724,3071,0.28253399241211774,908.3077901980564,0.09890355844855063,0.7682506227343461,low_DH
667,710,2724,3229,0.18367755272138278,1290.0693351514956,0.2191959066433651,0.642967847931886,mid_DH
667,1606,2724,7956,0.21450039670331097,501.1417546982986,0.1546115136924786,0.00899668381375296,low_DH
668,935,2765,4142,0.42792416110406456,3921.927712094899,0.08317628670245211,0.442443734025542,low_DH
669,671,2817,2836,0.3307233149774526,503.93299645496546,0.08491318300375056,0.4565727507508399,low_DH
669,672,2817,2839,0.1889709032052577,557.7552839399953,0.0985652511102945,0.24204045249068906,low_DH
669,684,2817,2991,0.27098968431782394,613.9576491534125,0.08821971019677256,0.11713683572336597,low_DH
669,685,2817,2992,0.30740077282017364,626.2826711064438,0.20792370396860796,0.014529754971219,mid_DH
669,689,2817,3000,0.2869091093094136,1231.6140525612423,0.2584567252611297,0.15763165879767793,mid_DH
669,690,2817,3003,0.2554123102727964,1006.6487236855759,0.37007222960759956,0.35455036545572094,mid_DH
669,692,2817,3029,0.2665988359227976,1565.5281681544443,0.11828278587352567,0.007228767890773979,low_DH
669,697,2817,3045,0.3214025743628983,974.5668101205961,0.024267564763151166,0.04363492809730507,low_DH
670,671,2821,2836,0.18941026451460585,611.108036020133,0.10435681143427405,0.09231834361087801,low_DH
670,672,2821,2839,0.16884739583603106,700.9791780530267,0.11530395800621546,0.606294859630651,low_DH
670,684,2821,2991,0.09948359803509507,493.8135047316114,0.15519355072243102,0.24711757141659596,low_DH
670,688,2821,2999,0.30545181764047397,904.428331798362,0.10656821537721214,0.022737920833800995,low_DH
670,689,2821,3000,0.2956403792484016,1085.126418465426,0.1951476609816107,0.206622748342284,mid_DH
670,697,2821,3045,0.25996322474452216,923.5717236525339,0.11544275509120609,0.407889335237267,low_DH
670,1585,2821,7762,0.22970131684909476,465.1846395602356,0.2555647813182736,0.19773236942756,mid_DH
670,1587,2821,7773,0.32523022138482954,357.07396642887187,0.09908590330439254,0.271289294734392,low_DH
671,672,2836,2839,0.2647243883448958,213.49672548843654,0.1580932194174555,0.698613203241529,low_DH
671,684,2836,2991,0.22771312918652226,1103.3330041011122,0.15693791048146066,0.33943591502747394,low_DH
671,685,2836,2992,0.36841776866045084,1129.844957121952,0.2784900579070949,0.4420429957796209,mid_DH
671,688,2836,2999,0.2874573852153766,1514.489135679206,0.09840974105804845,0.06958042277707702,low_DH
671,1585,2836,7762,0.223764214014393,1071.645092126092,0.2621594881588719,0.290050713038438,mid_DH
671,1587,2836,7773,0.3433378674127611,968.0907963881278,0.04443070636057762,0.36360763834527,low_DH
672,684,2839,2991,0.23470345369553683,1171.0285946969989,0.06284020449206568,0.35917728821405503,low_DH
672,697,2839,3045,0.31889478543043376,1471.879554471998,0.07901774755573233,0.198405524393384,low_DH
672,1585,2839,7762,0.3704850513174289,1164.466708762515,0.1444189065900957,0.408562490203091,low_DH
673,679,2854,2881,0.3605503983814379,1629.3002854930976,0.371530959189954,0.10805939241324203,mid_DH
673,1698,2854,8955,0.5328790134598913,4756.384927718473,0.09407389271965103,0.2506009181823179,low_DH
674,675,2855,2862,0.6998391941125188,926.4504542884966,0.455497705296663,0.32996317751705506,high_DH
674,1571,2855,7355,0.39224657908929456,1079.2772824971978,0.27048916198430134,0.21022860261336884,mid_DH
675,1550,2862,6843,0.8283352310377515,1972.611472255196,0.9248801094689232,0.23592554547909095,high_DH
675,1571,2862,7355,0.37181344947458317,539.0184318655637,0.3130857849684423,0.5401917801304239,mid_DH
676,677,2874,2879,0.27154291361457755,336.55689887662163,0.37931599738847904,0.21987312810002807,mid_DH
676,678,2874,2880,0.2967902903200435,294.6771120739367,0.25154380583641134,0.495919122094959,mid_DH
676,680,2874,2903,0.39903031526819943,1333.1063742831886,0.055351710448714356,0.605364447031487,low_DH
676,1573,2874,7360,0.27287404995428305,1060.3626816877572,0.24464945527801954,0.5080266452282001,mid_DH
676,1577,2874,7470,0.365100595195053,1084.8290486587625,0.32740257251061744,0.20913356661329502,mid_DH
676,1579,2874,7493,0.3654555383654951,1443.6811693184602,0.13559146252569645,0.5281964217173529,low_DH
676,1699,2874,8956,0.44352994703812637,2734.871531745306,0.9335660532718922,0.9883203016587572,high_DH
676,1702,2874,9023,0.42438791035794415,3533.5707300991776,0.12044877356091992,0.5137732323596169,low_DH
677,680,2879,2903,0.43387781035012907,1308.1166391708123,0.4003444022181911,0.38549131893145894,high_DH
677,767,2879,3495,0.4342468721806265,3171.8010199121904,0.70892845287635,0.4286570530625269,high_DH
677,1570,2879,7335,0.4547195461714574,2189.222884365103,0.0871374723893794,0.18130030632085292,low_DH
677,1573,2879,7360,0.434572318758985,981.0561902428966,0.14728900289376173,0.28815351712817194,low_DH
677,1579,2879,7493,0.34875585382723856,1354.599852173382,0.24617264305927877,0.3083232936173249,mid_DH
677,1698,2879,8955,0.448347110024646,3007.6503365305693,0.23564399289291246,0.9896149569159769,mid_DH
677,1699,2879,8956,0.3412718288550539,2931.4342661651995,0.5817178854744378,0.768447173558729,high_DH
678,680,2880,2903,0.48272794094745647,1134.430290898978,0.29148158023290544,0.10944532493652803,mid_DH
678,1569,2880,7327,0.40341793298629575,2124.1923189730583,0.1316572116664843,0.635045443270446,low_DH
678,1570,2880,7335,0.47182170459355205,2054.280968359068,0.1431633944678349,0.09474568767407798,low_DH
678,1573,2880,7360,0.12655074234910285,823.9097982313996,0.14107547824945232,0.012107523133241038,low_DH
678,1574,2880,7363,0.4730943894741514,752.8750689731021,0.818578618359236,0.43882431368849095,high_DH
678,1575,2880,7380,0.42246559644711107,381.1139032819966,0.34341082600382505,1.8763684751074439,mid_DH
678,1577,2880,7470,0.3972092750952602,883.9276764474624,0.16332151658516172,0.28678555548166396,low_DH
678,1579,2880,7493,0.40995855095893063,1205.151053564147,0.15894159890101653,0.03227729962239401,low_DH
678,1697,2880,8954,0.38386406708473336,3099.342859468242,0.17397468440435904,0.34659612910619897,low_DH
679,680,2881,2903,0.45448955246187356,1142.5084775595021,0.19373207399638537,0.24546332738895804,low_DH
679,767,2881,3495,0.4185469103659277,3332.0878774201437,0.9436417515028127,0.2022975932578901,high_DH
679,1577,2881,7470,0.5520443304073094,896.3501904666193,0.18947930547962577,0.64169420780715,low_DH
679,1579,2881,7493,0.4016863742969856,1180.98918752136,0.07442848077316712,0.32263135270309207,low_DH
680,767,2903,3495,0.5137660893210214,4238.647977940286,1.0924660291907173,0.043165734131067945,high_DH
680,1570,2903,7335,0.3499136743806332,1034.4235542425802,0.343067237104801,0.20419101261060602,mid_DH
680,1573,2903,7360,0.427465488959998,356.94408099144,0.26364366396010186,0.097337801803287,mid_DH
680,1577,2903,7470,0.13684962368719145,250.8765811350259,0.34960524043609137,0.396230880418192,mid_DH
680,1579,2903,7493,0.1648617482082849,272.4379154151465,0.15651507779959878,0.07716802531413403,low_DH
681,1584,2939,7725,0.5418915939654079,1031.1562434128614,0.10716322577379174,0.452196600015983,low_DH
682,1580,2963,7668,0.18231081120966125,253.3885991248981,0.1271239990604388,0.34808319493207696,low_DH
682,1582,2963,7680,0.23700613650164745,748.4422748692764,0.09829568415168387,0.620189213856946,low_DH
682,1586,2963,7763,0.15660218688926272,997.8927805678961,0.05528028531350138,0.09712603049465302,low_DH
682,1592,2963,7805,0.21580681480430866,738.0219169245527,0.08230738392215506,0.304891608857787,low_DH
683,1583,2990,7724,0.17826463144915589,631.8230986487374,0.07417803654004006,0.08382111724389196,low_DH
683,1584,2990,7725,0.3738460057452727,628.9912696044896,0.6292206243677071,0.021716204890342927,high_DH
683,1593,2990,7813,0.2844357409658148,1108.8427157814313,0.5511047086261087,0.09129180127932895,high_DH
683,1613,2990,7993,0.40365059674910436,1083.7581834998612,0.6425576434989277,0.006618200765853066,high_DH
683,2057,2990,10978,0.34047085396444987,1225.2505861741124,0.2422443207833893,0.3573422634797859,mid_DH
683,2059,2990,11207,0.24138730130000616,511.1212478431738,0.3152646612623281,0.22240779426268897,mid_DH
683,2060,2990,11221,0.18543441623607604,545.0781967587005,0.18289299212948087,0.09161155130663695,low_DH
684,688,2991,2999,0.24049010440921798,428.3950756719036,0.07119959652446534,0.26985549225039696,low_DH
684,689,2991,3000,0.2699775793279794,643.9456791385802,0.33396545016120777,0.04049482307431196,mid_DH
684,697,2991,3045,0.1932143595745399,534.3959385864867,0.06715831611592225,0.16077176382067104,low_DH
685,690,2992,3003,0.3692769130173152,668.7274891193376,0.173807634377605,0.34002061048450194,low_DH
685,692,2992,3029,0.29979731305745594,970.5612554665335,0.1152604249439019,0.0073009870804450205,low_DH
685,701,2992,3053,0.24416706873731805,564.7238199164565,0.0726932679589973,0.42903289821964996,low_DH
686,695,2993,3043,0.2073062409890703,606.4136570437738,0.15995791755803873,0.177908912634338,low_DH
686,696,2993,3044,0.16328343345328217,229.31272872427812,0.06660962910497047,0.19906598461008201,low_DH
686,699,2993,3047,0.18139533500312296,382.0212696329181,0.3805890200821681,0.06529975094642804,mid_DH
686,700,2993,3049,0.16825278268491198,523.8465043515038,0.27649604971177344,0.13441000239114803,mid_DH
686,710,2993,3229,0.17860909245258014,1151.8271744325627,0.1524110495620685,0.571331948866318,low_DH
686,713,2993,3236,0.23531763618475268,1446.2675716102046,0.11376509323512884,0.31204280851146804,low_DH
686,1606,2993,7956,0.1497549470242552,422.8333663323944,0.22621029798829506,0.06263921525181498,mid_DH
687,712,2996,3235,0.22646986917663142,1224.4110630774246,0.024488996738689706,0.299992421910956,low_DH
687,1589,2996,7784,0.09302632926027267,212.9617831941288,0.23715617428927077,0.189305177932716,mid_DH
688,1585,2999,7762,0.1200797271857121,445.1667062057077,0.17320253790883938,0.220470290261361,low_DH
688,1587,2999,7773,0.225109510173219,548.0091291526201,0.11763973357339447,0.294027215568193,low_DH
688,1608,2999,7971,0.33268005069029366,377.70331458116965,0.09131390529049402,0.03727487618790101,low_DH
689,690,3000,3003,0.2595369043273416,335.9945539352919,0.6115484558594322,0.196918706658043,high_DH
689,692,3000,3029,0.2701883524637622,464.31031078065195,0.3545475595293717,0.15040289090690395,mid_DH
689,697,3000,3045,0.3221982622473934,817.4021091124813,0.27507107170590966,0.201266586894983,mid_DH
690,692,3003,3029,0.209721949238572,797.8670508100223,0.2588714360732054,0.34732159756494696,mid_DH
691,722,3010,3308,0.29979048564993194,973.4754905670233,0.37571156556489543,0.01124029282656408,mid_DH
691,1556,3010,6910,0.3406148343248301,2690.0864488520665,0.5981769606559378,0.46971212239899396,high_DH
691,1566,3010,7230,0.37586087228521897,1482.5899780337304,0.1012961448707467,0.059210563208758005,low_DH
691,1590,3010,7795,0.29560466330289964,391.9482076105271,0.05232841090146467,0.15033324006986298,low_DH
691,1593,3010,7813,0.25490666447263816,359.7790880107551,0.22800370427110625,0.08366732356885398,mid_DH
691,1640,3010,8563,0.37282529059390385,1041.164326902034,0.10729315945561677,0.362558626389018,low_DH
691,1641,3010,8566,0.31622778149459857,1062.4139938035516,0.2376502257642395,0.43008167608982495,mid_DH
693,694,3038,3040,0.13402114625968545,249.90431449412182,0.17581060163763976,0.22843925306637503,low_DH
693,696,3038,3044,0.21500889529836706,542.2530622488573,0.037102321661616366,0.18717332387847802,low_DH
693,709,3038,3227,0.2180572341357034,564.3194934706446,0.018200474044586454,0.087185831461151,low_DH
693,711,3038,3230,0.20154650492787263,679.1234461865724,0.08681413305137235,0.28868303906610404,low_DH
693,719,3038,3294,0.20976053858597818,1010.0220399354971,0.047735892658878246,0.05405212771096396,low_DH
693,734,3038,3371,0.21795481803164174,1515.6481053538328,0.22035894179810964,0.394876589489694,mid_DH
693,1589,3038,7784,0.18442480575198172,382.9933381021135,0.08822428624673181,0.057368529637550014,low_DH
693,1606,3038,7956,0.20226826776924708,301.3711999948255,0.1683893518087221,0.050746554520210985,low_DH
693,1607,3038,7958,0.13423236994162172,349.63390340088785,0.15196854414917815,0.15395541689542003,low_DH
693,1655,3038,8685,0.2294434446766203,1541.5706902488294,0.133429264107249,0.15359970336370404,low_DH
694,709,3040,3227,0.22959766996006903,379.7152849219451,0.17305077779475014,0.14125342160522403,low_DH
694,711,3040,3230,0.13991701517193644,447.00974872707354,0.11838039947060762,0.06024378599972899,low_DH
694,713,3040,3236,0.23667827400930513,576.9143974659785,0.06572187137608947,0.09549621617669699,low_DH
694,719,3040,3294,0.17846710908745517,803.5933928496979,0.1485794143901396,0.282491380777339,low_DH
694,734,3040,3371,0.23028596328247927,1331.3095113120885,0.11054415632289907,0.16643733642331898,low_DH
694,1589,3040,7784,0.18975188322806488,493.9049616923943,0.22569833151518484,0.171070723428825,mid_DH
694,1607,3040,7958,0.20060745425904822,514.2579311458819,0.30633389208619244,0.074483836170955,mid_DH
695,696,3043,3044,0.249979510725462,443.4865062096639,0.09411162162888924,0.021157071975744013,low_DH
695,699,3043,3047,0.26803457392229096,374.37839850278044,0.24200506083525733,0.24320866358076604,mid_DH
695,700,3043,3049,0.2462222105838871,409.01448375085056,0.1511714798703752,0.31231891502548603,low_DH
695,710,3043,3229,0.2394377711549622,596.3821206918885,0.17138955628510066,0.749240861500656,low_DH
695,736,3043,3375,0.22069166581610133,1584.8631233441301,0.4549408461206285,0.117206910739868,high_DH
696,700,3044,3049,0.09276395722893266,296.1991007627601,0.22271519134036927,0.33347598700123005,mid_DH
696,1589,3044,7784,0.23744886638997992,366.993136330444,0.07682954146652163,0.24454185351602803,low_DH
696,1606,3044,7956,0.12468622566394431,241.17924085100526,0.16818329313846359,0.13642676935826703,low_DH
696,1607,3044,7958,0.24883151432528677,274.0735036166105,0.1455746922229178,0.34112874077389804,low_DH
696,1614,3044,7997,0.22157618104215143,475.3680407213205,0.33695048070579364,0.19430627260821703,mid_DH
697,703,3045,3075,0.2783523357937819,454.9214954937817,0.2073291158186381,0.001809069418425957,mid_DH
698,703,3046,3075,0.3178685310763212,253.39962432855802,0.14912249821999274,0.22457037968477195,low_DH
698,1587,3046,7773,0.28705006850597714,822.8248266350852,0.184356454191852,0.086161269763471,low_DH
698,1608,3046,7971,0.24912586875281836,218.93950296778948,0.03574978129571641,0.24514082199262302,low_DH
699,703,3047,3075,0.2310134988306492,387.84332441018114,0.4566879381436624,0.295060514082724,high_DH
699,1561,3047,7063,0.294977004751415,229.367997868511,0.45875690264006475,0.063273319330242,high_DH
699,1614,3047,7997,0.26750911860836324,364.76532140153085,0.03912667644881049,0.07005946294829302,low_DH
700,713,3049,3236,0.2460840420262157,1283.3677382434496,0.3411794127495577,0.17763280612031998,mid_DH
700,736,3049,3375,0.2397983041451328,1913.8433362964774,0.5966995336354523,0.19511200428561803,high_DH
700,1606,3049,7956,0.10620898438173865,277.6710183895429,0.0670226388459226,0.19704921764296301,low_DH
700,1614,3049,7997,0.2222175278941868,345.97776603307574,0.13307417198704385,0.139169714393013,low_DH
702,710,3071,3229,0.2730158321848502,980.2409217501478,0.13344261515840863,1.411218470666232,low_DH
702,736,3071,3375,0.2726801788559016,1719.4122367173097,0.3955628408912878,0.779184519905444,high_DH
703,1587,3075,7773,0.3066039002322007,1069.4263783420743,0.3241009450669666,0.13840910992130095,mid_DH
703,1609,3075,7972,0.3003210656415474,343.5678435974645,0.2943634883643191,0.256734857279741,mid_DH
704,705,3096,3171,0.4914415809141199,991.2056952827998,0.21593671421578187,0.206119559160093,mid_DH
704,706,3096,3172,0.20005362256927003,967.285803860767,0.26234773652247245,0.020615227024179006,mid_DH
704,707,3096,3174,0.27728907293048927,918.7127536199667,0.3620319205620981,0.11471620154874301,mid_DH
705,1620,3171,8228,0.4437009224192683,219.3509635039593,0.35065062991709517,0.007883951017846003,mid_DH
708,1618,3176,8153,0.33285120483210706,519.4939228167165,0.18345189175555948,0.360280475803795,low_DH
708,1619,3176,8165,0.31108257065415745,319.6166211610582,0.018339262510782706,0.499152631593695,low_DH
708,1627,3176,8450,0.3810434729965895,433.87428768875054,0.22208407456044998,0.147629831725834,mid_DH
709,719,3227,3294,0.2383326548352123,447.26628738833887,0.03803748272513591,0.14123795917211496,low_DH
709,722,3227,3308,0.26783747356084536,809.0471333224829,0.3511535336640483,0.09530680790615903,mid_DH
709,734,3227,3371,0.2307988756685515,956.6697311803356,0.20937018259392065,0.307690758028543,mid_DH
709,1590,3227,7795,0.21451737818431976,518.1239589152564,0.09414094354756695,0.06626672499026803,low_DH
709,1607,3227,7958,0.16347943916550892,884.7636554953493,0.16224867270809587,0.06676958543426903,low_DH
709,1611,3227,7989,0.20099917002451032,773.8509112639142,0.19056201472247275,0.07211641306127103,low_DH
709,1655,3227,8685,0.12144535886012862,979.6089509653463,0.1206688268762528,0.06641387190255305,low_DH
710,713,3229,3236,0.20537622964531796,304.677209854151,0.0781417500824503,0.25928914035485,low_DH
710,736,3229,3375,0.21203039470831356,1022.9293838779696,0.30288054662180247,0.632033950760788,mid_DH
711,717,3230,3275,0.13062627978445235,496.5532692019416,0.4534086579433934,0.3498990393681479,high_DH
711,719,3230,3294,0.13764737975389513,377.74403205939353,0.04883461299763806,0.34273516677706795,low_DH
711,733,3230,3366,0.2104659630134335,972.8604631419381,0.0958949536409614,0.20347026840426,low_DH
711,734,3230,3371,0.1831595498217039,919.583146631968,0.13525017043435908,0.10619355042359001,low_DH
711,740,3230,3381,0.2044600145844644,888.9577354434668,0.155806691748924,0.185867430492292,low_DH
711,746,3230,3399,0.1907991372113998,952.5720365336518,0.10038942384434024,0.193028739986181,low_DH
711,747,3230,3401,0.1943099892590306,986.5583528640548,0.1335510667333481,0.177633029608152,low_DH
712,717,3235,3275,0.14169157382932335,400.7192394163927,0.5388482191249641,0.22927177391783393,high_DH
712,719,3235,3294,0.21856920674403493,280.9977371772733,0.1392203868107801,0.22210790132675395,low_DH
712,724,3235,3326,0.1921261518122962,688.6259277982743,0.038161405912818705,0.203277390136684,low_DH
712,733,3235,3366,0.14489774405090297,876.2916780354684,0.18560861604755272,0.08284300295394598,low_DH
712,737,3235,3377,0.18500094044158263,792.6827555708602,0.15630662542455862,0.12459648978264698,low_DH
712,740,3235,3381,0.15663042130210872,792.6215511753852,0.24996701143071978,0.065240165041978,mid_DH
712,746,3235,3399,0.16560165557731216,883.0094120356454,0.04648289398397696,0.07240147453586698,low_DH
712,1633,3235,8527,0.2193771518369907,364.9198580811937,0.23358816645784974,0.17381035169904702,mid_DH
713,719,3236,3294,0.214443306697955,264.5448657830175,0.09332772977802219,0.37798759695403594,low_DH
713,736,3236,3375,0.1929686213071671,755.5595585024117,0.2570829512964287,0.372744810405938,mid_DH
713,1606,3236,7956,0.19756225165872304,1099.7548981695845,0.2884433390740103,0.37468202376328297,mid_DH
713,1614,3236,7997,0.257314262962156,937.6224563150953,0.4487557910247638,0.316802520513333,high_DH
714,723,3239,3313,0.22638889346085428,853.4946817157033,0.4211491733526266,0.040999110250896975,high_DH
714,742,3239,3393,0.24293997583325416,743.0548378694565,0.057157860083327086,0.329774960347568,low_DH
714,1633,3239,8527,0.1914393463601503,230.62310462554137,0.06170590513033269,0.08121919209331296,low_DH
715,720,3241,3300,0.255925965004583,440.7437876591642,0.23907634870318964,0.19654176156443298,mid_DH
715,723,3241,3313,0.23659123115444305,804.1546803401119,0.4155109876380836,0.004094944661056976,high_DH
715,742,3241,3393,0.1703628700235999,716.9607268993075,0.05803925817730549,0.37486901525952193,low_DH
716,741,3257,3392,0.23678392198016096,816.6101421645012,0.24588615046018064,0.186274627602479,mid_DH
717,724,3275,3326,0.20826564866466316,338.2011369694654,0.567172059274849,0.025994383781149932,high_DH
717,733,3275,3366,0.1561692076952761,497.38106323498613,0.36527036248000627,0.14642877096388796,mid_DH
717,734,3275,3371,0.16519561894469706,434.3042507803253,0.5810773169551622,0.45609258979173795,high_DH
717,737,3275,3377,0.17345301376330816,427.9841750811578,0.385921098130176,0.10467528413518695,mid_DH
717,740,3275,3381,0.1609082556976612,421.1456522853506,0.30823849598109054,0.16403160887585594,mid_DH
717,746,3275,3399,0.17814784891256275,734.6249443563963,0.5175998943552306,0.15687029938196695,high_DH
717,747,3275,3401,0.20641287520002086,722.0414057208255,0.5582421956555859,0.17226600975999595,high_DH
718,732,3290,3365,0.1439313435880344,571.38392322357,0.28248702905125883,0.008548066162062995,mid_DH
718,738,3290,3378,0.16647404235555233,525.2100410311912,0.31656755530424696,0.03483490526001304,mid_DH
718,743,3290,3394,0.19067572589294535,632.8670664547908,0.6918682405766685,0.29533950899334405,high_DH
718,1637,3290,8544,0.17758427582858388,394.53968864957363,0.3303208930104175,0.006997183295192999,mid_DH
718,1639,3290,8561,0.18754733599525852,386.3841642255544,0.10108388112988442,0.179016264522867,low_DH
718,1651,3290,8671,0.14346807245462673,635.119866304636,0.3230094512162114,0.225827821248051,mid_DH
718,1657,3290,8687,0.15225834039731168,505.80311389511684,0.2032225140386582,0.13043500319179202,mid_DH
718,1662,3290,8703,0.1557640426660184,619.2704277553962,0.4490445294536654,0.15810799432842704,high_DH
718,1663,3290,8704,0.18151228907928518,588.9565963838098,0.26853598498236114,0.01808116277645,mid_DH
718,1664,3290,8708,0.18407020863449486,571.2022579647216,0.38928669953736483,0.10746114640453802,mid_DH
719,734,3294,3371,0.18210660362145317,542.123699178538,0.1793877139499415,0.44892871720065797,low_DH
719,746,3294,3399,0.21937455039048576,703.2323122550023,0.13223877733638997,0.14970642679088697,low_DH
719,747,3294,3401,0.22476995970461347,708.2664454603026,0.16988404901966656,0.16510213716891597,low_DH
719,1655,3294,8685,0.19525664526732417,552.8713326446646,0.09457846178546882,0.207651831074668,low_DH
720,734,3300,3371,0.22611807046198024,218.5166502188149,0.033061349526784634,0.33040265301378496,low_DH
720,742,3300,3393,0.20075639546693272,283.52802347918987,0.2929432685785663,0.17832725369508895,mid_DH
720,747,3300,3401,0.23286788115100146,532.4808116802952,0.08604110125127624,0.04657607298204297,low_DH
720,1615,3300,8037,0.24481030169328424,1577.4102910796455,0.1788183134374524,0.295855390300451,low_DH
720,1633,3300,8527,0.17518186210351114,290.59301578149774,0.2627764883608479,0.07022851455916607,mid_DH
720,1634,3300,8528,0.2174001748742453,295.53313687158175,0.4369886840602603,0.06331321584039701,high_DH
721,725,3307,3354,0.16137785154770706,323.15359279420227,0.26199392016291817,0.16207158677903805,mid_DH
721,739,3307,3379,0.15073288473897228,343.5974802382093,0.11771423122093251,0.060465437969203006,low_DH
721,1603,3307,7930,0.16618756355352446,1062.1106339328,0.10177891552957974,0.12541588717576496,low_DH
721,1626,3307,8424,0.16309518703617118,646.3970306516615,0.09106565624963586,0.17146485582822402,low_DH
721,1632,3307,8518,0.18872366316226957,253.27677527046322,0.11650568398631551,0.07134233416583097,low_DH
721,1657,3307,8687,0.1795862075268114,363.4630260725604,0.10139959347715215,0.15000717481244602,low_DH
721,1658,3307,8688,0.18364746445648347,336.7298674552457,0.13402472189690512,0.08244755117539104,low_DH
721,1660,3307,8699,0.15907292516508514,438.18253870422694,0.09842869896896343,0.20051603625123005,low_DH
721,1661,3307,8700,0.23187476925154338,467.4032690176952,0.09841137911240776,0.08803985633456501,low_DH
721,1663,3307,8704,0.17380460617601987,476.4789223212258,0.06005267599212084,0.037653334397104,low_DH
722,732,3308,3365,0.26884256300150267,265.3362444018364,0.2510039337346157,0.024419515333466035,mid_DH
722,1597,3308,7834,0.2230746492867812,956.9195103834406,0.2739131141287597,0.161969650467521,mid_DH
722,1611,3308,7989,0.20571165450073176,1518.9213155280693,0.5129315278174865,0.16742322096743006,high_DH
723,727,3313,3360,0.29860832417174915,350.40369111567594,0.04423448191529263,0.34925388963375303,low_DH
723,742,3313,3393,0.2796725899334582,554.7745482587338,0.46614484490476177,0.37077407059846496,high_DH
723,1633,3313,8527,0.2351810870372339,623.475015784775,0.4424411987619866,0.12221830234420994,high_DH
724,726,3326,3357,0.21461809496042403,437.22351780685483,0.08482249888933713,0.12159298925936901,low_DH
724,729,3326,3362,0.2416356716047318,599.6573564404777,0.16732813978728617,0.21037381378417003,low_DH
724,733,3326,3366,0.12497848437190263,485.86618568675374,0.20876244299168675,0.12043438718273802,mid_DH
724,737,3326,3377,0.16794288309863983,479.73285907468284,0.18315757188909768,0.07868090035403702,low_DH
724,740,3326,3381,0.15008852379580695,458.02566749805374,0.2714517156042987,0.138037225094706,mid_DH
725,739,3354,3379,0.22202047797725524,322.61216532339756,0.3430854757804855,0.10160614880983504,mid_DH
725,1626,3354,8424,0.20676545945056235,935.688684665423,0.18877407808335797,0.00939326904918597,low_DH
725,1632,3354,8518,0.154831999775796,556.5935013324124,0.36421767948737127,0.233413920944869,mid_DH
725,1648,3354,8663,0.23630052034903487,249.41850283588917,0.3804837323072717,0.159810245563775,mid_DH
725,1660,3354,8699,0.2413320610632366,352.7606998125157,0.2880426004644889,0.038444449472192,mid_DH
726,729,3357,3362,0.19153424828057758,311.01800392348565,0.08531249974134086,0.33196680304353904,low_DH
726,736,3357,3375,0.2346391058731741,429.9965014970074,0.11521779620962085,0.10800526461739701,low_DH
726,737,3357,3377,0.19543292013533958,463.5336340034288,0.2565772759076122,0.20027388961340603,mid_DH
726,740,3357,3381,0.2410598902256609,441.1465764930874,0.35097686618882934,0.259630214354075,mid_DH
727,728,3360,3361,0.2539267807830357,480.5569324544711,0.27984180997206914,0.693370676446548,mid_DH
727,1615,3360,8037,0.2999197405887373,1951.850072051649,0.33998842274405827,0.24584531623667805,mid_DH
727,1633,3360,8527,0.2007372695619509,854.2773293396384,0.4327541565979828,0.471472191977963,high_DH
727,1644,3360,8657,0.25728447165326546,239.0693019663818,0.11341533935195883,0.926967577952973,low_DH
728,734,3361,3371,0.22646338365271873,536.7283004024746,0.12496885115379623,0.17873268310436596,low_DH
728,747,3361,3401,0.16277324593828138,622.7007811086979,0.1096195834431495,0.10509389692737603,low_DH
728,1633,3361,8527,0.23981504611868917,986.0476203791138,0.16307395672309835,0.22189848446858507,low_DH
728,1634,3361,8528,0.19014947825021486,992.5789711789361,0.32195351936918193,0.214983185749816,mid_DH
728,1644,3361,8657,0.18481263703662695,377.4636593413553,0.17300972732291126,0.23359690150642498,low_DH
728,1645,3361,8658,0.2056906489028898,367.38488755361453,0.15287335412022535,0.09269665620169304,low_DH
729,733,3362,3366,0.25227662692104286,210.96560018204684,0.36318705381168986,0.089939426601432,mid_DH
729,736,3362,3375,0.26927138457948013,307.23423431981263,0.08182943464876295,0.22396153842614203,low_DH
729,737,3362,3377,0.23098527030890112,306.3920329370293,0.33518093617820066,0.131692913430133,mid_DH
729,740,3362,3381,0.25964263028512125,297.8076638440928,0.43308441968002187,0.07233658868946402,high_DH
729,744,3362,3395,0.27942794175336766,390.0326490167526,0.07713714906131705,0.091077602603655,low_DH
731,1602,3364,7879,0.23197141743483704,1383.3626054026681,0.15532942220517978,0.10764097953179802,low_DH
731,1604,3364,7931,0.21032370451208815,1366.2157272580641,0.10545443863642043,0.30211437391534496,low_DH
731,1610,3364,7984,0.22728241048507997,1830.6631403454278,0.17431879760897986,0.5362279834159109,low_DH
731,1612,3364,7992,0.20179914383507702,1790.6128857055407,0.07069133946157193,0.22647698368763997,low_DH
731,1631,3364,8507,0.1754187633780884,502.57912307377404,0.504606973196878,0.09502841330654599,high_DH
731,1635,3364,8533,0.17974201818591598,475.54579962455017,0.30014103721656377,0.16922176021946195,mid_DH
731,1639,3364,8561,0.14364759237633812,231.7534346138764,0.3235581967560582,0.012121059337089013,mid_DH
732,1604,3365,7931,0.22145522727830297,1386.565811987725,0.08814090645577226,0.12667110256750397,low_DH
732,1634,3365,8528,0.21295187890800435,564.8819200869317,0.3424814434172015,0.015137818252945967,mid_DH
732,1636,3365,8534,0.12679838971617519,551.6096710637378,0.1979667147909579,0.02218285707219203,mid_DH
732,1644,3365,8657,0.21393281270210415,214.38339493255484,0.1629052748629706,0.433442269003295,low_DH
732,1664,3365,8708,0.1968340588943947,263.384990186618,0.14602435115385265,0.11600921256660102,low_DH
733,746,3366,3399,0.18932009881783046,620.8961459669341,0.17075637834930127,0.010441528418078994,low_DH
733,747,3366,3401,0.2535716669419137,550.6008311648391,0.2106674961699953,0.025837238796107997,mid_DH
733,1633,3366,8527,0.2514474511296937,536.8244009597855,0.10136633915772496,0.09096734874510104,low_DH
734,747,3371,3401,0.16845160858308142,594.3518530604726,0.07085563715711109,0.283826580031742,low_DH
735,743,3373,3394,0.2798776715442542,339.75824232717866,0.45668431586510494,0.15821452385333498,high_DH
735,1634,3373,8528,0.227128189625863,458.75783866688516,0.3023186952941502,0.160810869555018,mid_DH
735,1636,3373,8534,0.14254854426930594,470.0602630768624,0.1610221119597633,0.12349019422988,low_DH
735,1644,3373,8657,0.1922467325005519,247.39915975170598,0.19543080960574996,0.287769217701223,mid_DH
735,1645,3373,8658,0.15662435324146576,237.36100568647308,0.19461012213627987,0.03852434000689503,mid_DH
736,1606,3375,7956,0.24936410998909256,1787.3779377598612,0.5446646896985644,0.0019372133573449801,high_DH
737,746,3377,3399,0.2145092541011077,551.2065666823779,0.140420840612527,0.05219501524678,low_DH
738,1597,3378,7834,0.2284912927075347,1134.1417591049335,0.08038660969946988,0.22977213722306306,low_DH
738,1602,3378,7879,0.19492527143994923,1357.0466844252085,0.057364223939907394,0.23970127945756298,low_DH
738,1604,3378,7931,0.18896935812862864,1340.1373401001047,0.05282388475696655,0.17005407398958,low_DH
738,1612,3378,7992,0.23363982241192838,1764.2592376962734,0.05227732939638871,0.09441668376187501,low_DH
738,1630,3378,8506,0.22354670480367844,441.83838861820414,0.4725289586998294,0.25687519300163203,high_DH
738,1636,3378,8534,0.1633167034477472,504.891950844632,0.2096066327667261,0.021200114349884003,mid_DH
738,1664,3378,8708,0.2378594647390431,249.6660588147046,0.0873336025010856,0.07262624114452498,low_DH
739,1562,3379,7113,0.3501547683536057,2846.0012189371755,0.10790670709605929,0.267425645923756,low_DH
739,1603,3379,7930,0.22365372855383198,1266.1070592141255,0.147903496087612,0.18588132514496797,low_DH
739,1625,3379,8358,0.3221253176277102,899.9125430741003,0.18876009111473063,0.143834317259795,low_DH
739,1626,3379,8424,0.17605611189299256,731.5544587843486,0.15551374783909122,0.11099941785902101,low_DH
739,1632,3379,8518,0.1609439365450189,433.2514940870594,0.07051725781540233,0.13180777213503397,low_DH
739,1642,3379,8620,0.33350081679304966,640.5900384431771,0.27752677160517863,0.045644014970813995,mid_DH
740,746,3381,3399,0.20885132031644751,575.8287055284887,0.2428509921998441,0.00716130949388899,mid_DH
740,1589,3381,7784,0.2724970276892827,1803.1872138725269,0.08717013037850038,0.045447078936261986,low_DH
742,1633,3393,8527,0.2046561555434355,574.1201951851243,0.0924245818932823,0.24855576825425502,low_DH
743,1635,3394,8533,0.1477519199432231,548.3342148053622,0.7467686423519564,0.297666064027028,high_DH
743,1636,3394,8534,0.1894850476097117,584.6836580932038,0.5777077741501223,0.28170471808321496,high_DH
743,1647,3394,8660,0.28746440430584974,249.3249911269532,0.2827826421330569,0.247450903803094,mid_DH
743,1651,3394,8671,0.10765271275719497,255.10803881132648,0.3732214446147116,0.06951168774529301,mid_DH
743,2066,3394,11499,0.08679540489846155,403.3941850066167,0.7515057727729136,0.12410133056125297,high_DH
744,746,3395,3399,0.25736578342896616,373.6059905243793,0.27326277812116045,0.170575500787008,mid_DH
745,1645,3396,8658,0.25736133977706116,373.42440620620306,0.08152285693605688,0.233846876973021,low_DH
745,1651,3396,8671,0.21759078103569787,300.84503446764023,0.08214348505621123,0.106619700858084,low_DH
747,1634,3401,8528,0.22060662912275583,730.7939516163012,0.42961636726834035,0.10988928882243998,high_DH
748,1581,3406,7679,0.42706048200529134,1572.7907499961668,0.4781118096055377,0.069454085267783,high_DH
749,821,3418,3765,0.4496676351079182,512.947396215525,0.4532387262649811,0.392401937855865,high_DH
749,822,3418,3767,0.3924867863804361,591.3564352635384,0.14860844047129534,0.20189544138759102,low_DH
749,829,3418,3880,0.40567131026808734,487.2696091126721,0.5494477232076783,0.195639130713396,high_DH
749,1666,3418,8803,0.4492004357187659,3631.627818974891,0.0819646675763702,0.09190464559873002,low_DH
749,1667,3418,8806,0.38871261343351293,3667.1427272634905,0.2595040065570808,0.183386171698234,mid_DH
749,1668,3418,8807,0.41003187847435435,3656.556283839312,0.25247698665720864,0.29803909887699703,mid_DH
749,1747,3418,9356,0.4729997976566868,1519.249797438997,0.04382715900068428,0.20008077075638,low_DH
749,1748,3418,9400,0.27552009312870485,564.8222672773894,0.9560685758803975,0.006521696930070042,high_DH
749,1749,3418,9401,0.3325397349689523,612.7500121798147,0.08936716527724196,0.318480279981361,low_DH
749,1752,3418,9629,0.32848521216691495,416.39968236133706,0.13506088198551242,0.133947633436517,low_DH
750,822,3420,3767,0.43352367961394167,588.5198838285673,0.07703643960198926,0.49160666245264906,low_DH
750,1667,3420,8806,0.4182132641902023,3699.808076337339,0.1507409092378384,0.10632504936682399,low_DH
750,1668,3420,8807,0.47324177381699095,3689.283820575399,0.1393807169622576,0.5877503199420551,low_DH
750,1747,3420,9356,0.3818414385109185,1524.8384992896554,0.11308905644982331,0.089630450308678,low_DH
750,1748,3420,9400,0.2401088785550166,560.5718600326752,0.849274976491459,0.283189524134988,high_DH
750,1749,3420,9401,0.34532034056515715,606.7194429015694,0.06383897142300816,0.028769058916303006,low_DH
750,1752,3420,9629,0.21053695262214683,415.3309855236563,0.023290888612763988,0.155763587628541,low_DH
751,753,3437,3439,0.5135768902308294,697.359493256725,0.23704546910798283,0.602049105269961,mid_DH
751,818,3437,3747,0.42844248320204115,797.4639035843206,0.3874974748618248,0.37813357959497,mid_DH
751,821,3437,3765,0.3053636857225105,1357.9471223856674,0.4195216946580062,0.360428879120884,high_DH
751,822,3437,3767,0.39958930062744186,1346.5392616881802,0.09496149925457004,0.23386850012257204,low_DH
751,823,3437,3768,0.4521436035663475,1425.809861408839,0.4292036779659668,1.008555962547146,high_DH
751,827,3437,3865,0.444455127997848,1438.3277639669268,0.4591321799032224,0.013766865324934985,high_DH
751,1745,3437,9324,0.44422315047951444,369.68966376614634,0.08056182253348425,0.07239256001199001,low_DH
751,1748,3437,9400,0.5196522567810686,1377.077587207334,0.9409346937123129,0.025451361804910977,high_DH
751,1749,3437,9401,0.45116445312526876,1362.3962541028743,0.051773011384978335,0.28650722124638,low_DH
752,753,3438,3439,0.14928102581273786,233.7244232270066,0.14923734940236844,0.799341418140383,low_DH
752,756,3438,3458,0.7311678810890061,2764.484396219599,0.19413719320130643,0.293966005282996,mid_DH
753,1665,3439,8796,0.6901684445824493,668.2824318571116,0.4829677515496531,0.791731120257732,high_DH
754,816,3455,3722,0.4968075085591324,2185.3975443343006,0.1017588341403714,0.07395278560203,low_DH
754,818,3455,3747,0.45780482338141654,2729.0540040677224,0.2524687240335664,0.262963288510491,mid_DH
754,824,3455,3779,0.5276160824678257,3266.848970326764,0.36184113732805817,0.07432722201429703,mid_DH
754,827,3455,3865,0.4449897198895943,3461.270127768579,0.32356351690395985,0.10140342575954403,mid_DH
754,828,3455,3866,0.4643236088960779,3462.928736946195,0.09013732322694819,0.301424796388822,low_DH
754,1669,3455,8809,0.3422324365309141,390.51930031440463,0.2394605557363611,0.397749849197992,mid_DH
755,816,3456,3722,0.44412469646711517,2187.8924877364216,0.23197456010572076,0.140497524621648,mid_DH
755,818,3456,3747,0.4468898242671628,2745.89245721249,0.12066563800179701,0.048512978286813,low_DH
755,824,3456,3779,0.4262910302814997,3273.501906768577,0.49827374254741824,0.28877753223797503,high_DH
755,827,3456,3865,0.5474152980994953,3488.781950880483,0.18606014816330557,0.31585373598322203,low_DH
755,828,3456,3866,0.5239860976573782,3492.8911285145036,0.18545435147056238,0.5158751066125,low_DH
755,1669,3456,8809,0.49241318486757524,488.0169147359877,0.10218601257684462,0.61220015942167,low_DH
756,1669,3458,8809,0.5981734336732981,2183.791783024399,0.15166826218963247,0.208678760039905,low_DH
759,1681,3477,8911,0.4768986212521906,308.4786951826705,0.1719020671274828,0.2951225448603969,low_DH
760,1313,3479,5767,0.33728009918496155,604.7706430135843,0.2307502419281194,0.558993017601153,mid_DH
760,1315,3479,5769,0.4230265676647572,659.6720650008982,0.19636759042921254,0.33216604426971597,mid_DH
760,1692,3479,8928,0.4306891434793417,864.1274208201148,0.19628523490542774,0.468508688025712,mid_DH
760,1697,3479,8954,0.4108110161751836,505.75380732724705,0.4778448604124304,0.3851658916475339,high_DH
760,1992,3479,10497,0.34404063122852785,364.35983532178483,0.11176754310884007,0.218947181057756,low_DH
760,2071,3479,11604,0.31880168242831886,393.47898521728257,0.15354827182603287,0.48832264109992896,low_DH
761,765,3481,3486,0.3249416886548467,209.1444517125266,0.2926618720527249,0.36178727479944894,mid_DH
761,775,3481,3538,0.3396081375328727,958.1815724950873,0.8811765916127281,0.418970116135994,high_DH
761,1678,3481,8908,0.28792071639518724,368.55613162115037,0.32780348957332045,0.38253316695958506,mid_DH
761,1681,3481,8911,0.23703481291718573,269.806193775336,0.08856492951642986,0.788104641610492,low_DH
761,1690,3481,8924,0.3453225138481508,760.8627251444323,0.4972975919877902,0.11892711889827301,high_DH
761,1698,3481,8955,0.4180536415157585,487.11281644302386,0.3945339687118742,0.515134617196974,high_DH
762,767,3483,3495,0.3910590624467611,578.507918307239,0.3168100023551527,0.6370754866910049,mid_DH
762,1303,3483,5742,0.37436605798928224,981.9281894235294,0.5276265605984601,0.06349685895901597,high_DH
763,1303,3484,5742,0.37116878328297553,1028.375681571718,0.21709682646054043,0.286718578969537,mid_DH
765,766,3486,3491,0.359677619494606,303.3690654360348,0.2865384033405418,0.04412464217822598,mid_DH
765,775,3486,3538,0.3715820255358135,799.8289147722243,0.59741167662022,0.057182841336545054,high_DH
765,1678,3486,8908,0.32344330683319245,290.70946727841687,0.06627305613119353,0.744320441759034,low_DH
765,1679,3486,8909,0.35118956580234584,217.16283422752258,0.10751625221528598,0.6459104979338369,low_DH
766,775,3491,3538,0.447895728041436,552.11387268666,0.32424436230202225,0.10130748351477104,mid_DH
766,1350,3491,5880,0.4683289340524745,1732.099655430858,0.425823834005721,0.25524528989177203,high_DH
766,1683,3491,8914,0.40738251028824257,356.8468756346403,0.10657805111929672,1.0130568703246459,low_DH
766,1685,3491,8917,0.37127458469760966,327.2089861656001,0.15406418444125577,0.41896997056330887,low_DH
766,1688,3491,8922,0.4214748735169213,256.2585570417319,0.039786076027399066,0.194445833695012,low_DH
766,1690,3491,8924,0.40487507235677334,356.57275336456865,0.08954254927918168,0.43658975151949597,low_DH
766,1694,3491,8943,0.2702795403099158,439.2828645616591,0.09863292404424627,1.5007845509857343,low_DH
767,1579,3495,7493,0.4910416780160988,4398.202550109216,0.9446506998178221,0.12033375944520197,high_DH
767,1699,3495,8956,0.4460726290580019,240.57087650765337,0.19807521426499844,0.33979012049620216,mid_DH
768,769,3497,3502,0.2930131018861869,488.73732112725367,0.027463048138711935,0.38822893663136804,low_DH
768,771,3497,3508,0.49625841820563615,398.7013552574718,0.26432585618685583,0.5139612234810949,mid_DH
768,775,3497,3538,0.36124236697544626,426.2636394734723,0.1650423647720655,0.5938642273578929,low_DH
768,1678,3497,8908,0.3668697856651239,620.8120228252018,0.3916775321519306,0.20763905573768615,high_DH
768,1681,3497,8911,0.4676641266028763,727.9021403542877,0.6382540336000107,0.6132105303885931,high_DH
768,1690,3497,8924,0.28848539831391706,438.47095552549393,0.2379473135122399,0.0559669923236259,mid_DH
769,1572,3502,7357,0.41122322515772786,3754.322782171866,0.7027125861036277,0.655685231293116,high_DH
769,1690,3502,8924,0.4926430625998705,657.5110406158781,0.2186873269571568,0.44419592895499393,mid_DH
770,1694,3507,8943,0.4409671499966076,855.7555100422354,0.43822098994595704,1.785624156976429,high_DH
770,1701,3507,8988,0.4505546281171292,579.5505382356399,0.020868064928536177,0.01201702692483303,low_DH
772,773,3513,3536,0.45917830015597744,327.0420282382187,0.05973128717354516,0.045085240789358993,low_DH
774,1313,3537,5767,0.4056506187544623,1674.412858574062,0.36057593684195555,0.15200465036623498,mid_DH
774,1675,3537,8899,0.40199369566128756,802.6786782413767,0.8505808346587893,0.498903887302261,high_DH
774,1686,3537,8918,0.31975486895469324,475.12207888146867,0.6723930151330114,0.41917698343045806,high_DH
774,1692,3537,8928,0.2641789784029458,323.05245502999276,0.43768294449891776,1.1795063559931,high_DH
774,1701,3537,8988,0.3822944269270742,902.0795661621407,0.057808715854168705,0.33348251069604395,low_DH
774,2071,3537,11604,0.2782002457642402,764.9115961130639,0.4505247608845906,1.199320309067317,high_DH
774,2075,3537,11620,0.3959708583255979,619.6726733706317,0.5601044133410241,0.9477404508765281,high_DH
775,1678,3538,8908,0.18313419049264718,610.6962167778354,0.5545363923405361,0.801503283095579,high_DH
775,1681,3538,8911,0.4488486582716393,783.2092527021388,0.7994220966557117,1.207074757746486,high_DH
776,1144,3564,5361,0.45954903122531954,5230.53183784039,0.23860515430134221,0.184415491072745,mid_DH
776,1145,3564,5363,0.44214343581533033,3586.2143679792475,0.41033278536766327,0.19956456176949,high_DH
777,778,3572,3579,0.45606073185417656,717.8935699707001,0.19975588942780867,0.22742399588190404,mid_DH
777,780,3572,3591,0.7631853447705144,2109.48525304861,0.12766882789647807,0.054487563228728,low_DH
777,781,3572,3595,0.6334301882887449,2625.059489981293,0.20272150166529346,0.454586311854353,mid_DH
777,782,3572,3596,0.6545698294143113,2612.991184972719,0.11830115267595016,0.363396873002094,low_DH
777,783,3572,3600,0.5954827512831331,2699.1960868017904,0.20319822370939436,0.251540315037631,mid_DH
777,911,3572,4066,0.6297099711389361,580.8594517351896,0.16045476061760153,0.386520269786213,low_DH
777,1111,3572,5241,0.603891520687595,2658.8323031347554,0.5706182335291137,0.03597813650349402,high_DH
777,1708,3572,9099,0.8209614324280531,2689.7032891943386,0.23093979390305772,0.31126028339512696,mid_DH
778,780,3579,3591,0.6850498582707271,1729.8146876486737,0.32648952178862,0.17293643265317604,mid_DH
778,781,3579,3595,0.5994077759705773,2234.1796086826234,0.0478915084334056,0.682010307736257,low_DH
778,782,3579,3596,0.5080301478854268,2224.791394475826,0.147482307480988,0.590820868883998,low_DH
778,783,3579,3600,0.426419327439831,2216.6448142571608,0.3574144083187127,0.024116319155726984,mid_DH
778,911,3579,4066,0.5982784295773739,989.4387049374271,0.06907276150372116,0.613944265668117,low_DH
778,1111,3579,5241,0.6173226246560114,3251.7889744790536,0.7699808188616806,0.26340213238539806,high_DH
778,1707,3579,9093,0.7719112588616897,2033.1258794056832,0.4809488919089778,0.5659946384355911,high_DH
778,1708,3579,9099,0.6599105202943697,2274.076464223733,0.06442215681288384,0.08383628751322292,low_DH
779,780,3586,3591,0.8955154865378391,1093.7072361577189,0.3016928969181091,0.249773312071924,mid_DH
779,781,3586,3595,0.7255611549676133,2526.2533066074598,0.06290854203767021,0.259300563011157,low_DH
779,911,3586,4066,0.7944512928768912,1815.9040202797414,0.05498620981038337,0.19123452094301702,low_DH
779,1111,3586,5241,0.6733941043463599,3633.198881223664,0.7453265443214259,0.15930761233970198,high_DH
779,1706,3586,9060,0.5915894221245614,1409.7169479555691,0.8805983968963096,0.342213836564647,high_DH
779,1707,3586,9093,0.8497681881701463,1457.041295060271,0.46134689747461316,0.143284893710491,high_DH
779,1708,3586,9099,0.8459270228514385,2529.205569380198,0.0795157140492715,0.506546032238323,low_DH
779,1875,3586,10048,0.7987107282670937,2579.518802475727,0.0926966668092997,0.166653209789785,low_DH
780,781,3591,3595,0.8532988641408513,3610.745976975613,0.3287411373808691,0.509073875083081,mid_DH
780,783,3591,3600,0.9126520136479304,3437.2804067179068,0.18407591253895858,0.19705275180890303,low_DH
780,1111,3591,5241,0.5381907950205125,3418.654522515902,0.44613487967961846,0.09046569973222202,high_DH
780,1707,3591,9093,0.9217996932008286,2072.4591070521356,0.23884625110958155,0.393058205782415,mid_DH
780,1708,3591,9099,0.9837810355219402,3607.401029953224,0.3578486409862544,0.25677272016639896,mid_DH
781,783,3595,3600,0.7274089929139045,384.10647364806493,0.34362564989579863,0.706126626891984,mid_DH
781,911,3595,4066,0.25606223910959575,2277.9314742419037,0.061419289814375846,0.06806604206814,low_DH
781,1111,3595,5241,0.5336448014066661,5251.488175214487,0.7663642957779413,0.418608175350859,high_DH
781,1706,3595,9060,0.819269936727751,2621.928594504045,0.9006260488342954,0.601514399575804,high_DH
781,1875,3595,10048,0.6292420107722998,628.8784570939295,0.07803865226689788,0.092647353221372,low_DH
782,783,3596,3600,0.7301729322446537,394.7139320906124,0.26388147326197336,0.614937188039725,mid_DH
782,911,3596,4066,0.6585285258750128,2264.339371909029,0.11848878567885554,0.023123396784119,low_DH
782,1706,3596,9060,0.9240403556792475,2610.0600286872937,0.7890497338009991,0.5103249607235449,high_DH
782,1707,3596,9093,0.8313000360477303,2256.989430778388,0.3982352490801568,0.024826230448407,high_DH
782,1875,3596,10048,0.5914805476659792,614.5397011449157,0.057040887487855435,0.0014579143691130017,low_DH
783,911,3600,4066,0.7578263349236564,2425.9949725799,0.29356794356594573,0.638060584823844,mid_DH
783,1111,3600,5241,0.9040108721991176,5354.613891700719,0.4741979685080755,0.28751845154112504,high_DH
783,1708,3600,9099,0.6406569449957626,288.11222847934397,0.35871926499639084,0.059719968357495934,mid_DH
784,818,3602,3747,0.5298288485232399,2835.880347818789,0.03771423366919264,1.0484598392968771,low_DH
784,1713,3602,9166,0.5626657739862994,677.5267852463063,0.7094880322959791,0.766670794058529,high_DH
785,801,3606,3676,0.5962176161717089,2296.305570399769,0.8065082080430187,0.249884682638855,high_DH
786,804,3628,3688,0.6633522830313513,1567.3621524439527,0.2333693991541622,0.6989593580437881,mid_DH
786,808,3628,3694,0.605044226623182,806.2246550842486,0.26535655879558884,1.51318181269203,mid_DH
786,1738,3628,9266,0.49865777378759674,1059.1701174788868,0.8437076320115832,0.96253611046366,high_DH
787,804,3629,3688,0.6673765043038827,1677.653500500388,0.9864918916843465,0.559250120854463,high_DH
787,812,3629,3701,0.6661269294539477,1412.1029909495835,1.1554682071610196,0.305886567778366,high_DH
787,1711,3629,9118,0.6468124097821275,367.86985988293776,0.6620537113103561,0.9078189798876429,high_DH
788,790,3631,3633,0.28410395907455444,267.30690556793036,0.206083335104267,0.5801610286183929,mid_DH
788,793,3631,3636,0.5341910973656747,461.4538221933074,0.3818471402939621,0.950246173253565,mid_DH
788,795,3631,3640,0.22001155478641077,240.60244513628277,0.12304871694445005,0.264030045446902,low_DH
788,797,3631,3643,0.8375189780734266,615.8916079006085,0.13361739675187723,0.5470666138750899,low_DH
788,803,3631,3687,0.30801434114234244,414.42250635983646,0.16009566022028068,0.8284378333821619,low_DH
788,806,3631,3691,0.4713985259445634,339.6681578975478,0.039679826959166324,0.01876729161708801,low_DH
788,810,3631,3699,0.6716955219755217,844.8448761628736,0.06947321822843194,1.397963935582397,low_DH
788,1720,3631,9185,0.6637722943889685,213.77297871220344,0.10699997176277053,0.297890468163152,low_DH
788,1726,3631,9195,0.44513020018061744,791.1663326172298,0.05695597304395451,0.7352211561048629,low_DH
789,793,3632,3636,0.5525056636140757,356.6642100727624,0.5226034259981811,0.29441004421612105,high_DH
789,803,3632,3687,0.5062120487804106,482.5995526257012,0.08521392675613355,0.172601704344718,low_DH
789,805,3632,3689,0.843847546825338,524.1325603553418,0.037537675280375736,0.10596327360966995,low_DH
789,810,3632,3699,0.6892202587912045,949.1105171552366,0.13083951982961195,0.742127806544953,low_DH
790,793,3633,3636,0.5528877217204078,227.47208795251066,0.24811758398529324,0.37008514463517206,mid_DH
790,797,3633,3643,0.7952030634186786,449.056722351144,0.14046646612628338,0.03309441474330299,low_DH
790,803,3633,3687,0.46259689103901525,635.6896589699461,0.3545824361165007,0.248276804763769,mid_DH
790,806,3633,3691,0.44776942272590486,597.9044488424227,0.19793868947902313,0.5989283202354809,mid_DH
790,1726,3633,9195,0.385473210942448,555.5527351114756,0.16876440346774557,0.15506012748647002,low_DH
791,792,3634,3635,0.406252399010833,466.5245836922648,0.13806346378500453,0.769385609623527,low_DH
791,796,3634,3642,0.4224640083126998,386.50455192880804,0.33082394324493125,0.402706330703384,mid_DH
791,798,3634,3645,0.559543646127645,419.9952587032028,0.19395365296683884,0.34532597659540604,low_DH
791,837,3634,3894,0.46579968311171827,3841.348611211267,0.7565952777807254,0.712243780136798,high_DH
791,848,3634,3913,0.5067917062463811,2043.9541037917047,0.7590063833765824,0.491404763869534,high_DH
791,849,3634,3914,0.5439055811155875,995.4783827738485,0.7683588800986338,0.471308892583408,high_DH
791,851,3634,3916,0.5622991338618146,957.7675855684346,0.2611912439412443,0.41430701578711,mid_DH
791,1776,3634,9701,0.44333099077513755,2670.2398850938453,0.22355392693340262,0.24494077001912407,mid_DH
792,796,3635,3642,0.39729066153107706,635.0003371015132,0.19820601812762703,0.366679278920143,mid_DH
792,833,3635,3889,0.41433547879869637,3871.5180847235238,0.30825584207957096,0.43861536164298404,mid_DH
792,848,3635,3913,0.42222173768201254,2447.511819951789,0.6247831022981417,0.277980845753993,high_DH
792,849,3635,3914,0.3846941727504018,1445.915938790122,0.9046396451296818,0.298076717040119,high_DH
792,851,3635,3916,0.48188219357740114,1275.3179126951773,0.39211604657513977,0.35507859383641704,high_DH
792,853,3635,3918,0.48321277706343674,1555.6729644998327,0.057333604421911426,0.32159904460815003,low_DH
792,1776,3635,9701,0.46991626422044824,3090.4443734810493,0.35444867671288827,0.5244448396044029,mid_DH
793,795,3636,3640,0.4373578914269112,227.3931003600968,0.46928837832222553,0.686216127806663,high_DH
793,803,3636,3687,0.5203900074062511,747.6476489673562,0.5394812438314964,0.12180833987140305,high_DH
793,810,3636,3699,0.6492461004453771,1290.9112572906038,0.42710617430056697,0.447717762328832,high_DH
793,1726,3636,9195,0.4270708519154995,332.107881702871,0.36019403179926474,0.21502501714870204,mid_DH
794,1719,3637,9183,0.7801939118663251,361.5960638243632,0.4252255069486183,0.598653709225911,high_DH
794,1720,3637,9185,0.6075268683962919,304.3117895186955,0.37790322282127325,0.7892808729081089,mid_DH
794,1731,3637,9200,0.42048340869191314,219.47815110132711,0.8118373849591594,0.31457292506944506,high_DH
794,1736,3637,9264,0.802171561484064,1139.5215380681261,0.5831020589364709,0.471117884442663,high_DH
794,1741,3637,9272,0.5601752617977532,1338.8466799085754,0.6364770882645645,0.131015190074183,high_DH
794,1761,3637,9680,0.7995672752935784,3071.3318465156176,0.40748173888075945,0.307189708097401,high_DH
794,2085,3637,11684,0.6772544427107099,655.1512498750426,0.08984685479700333,0.321216510555504,low_DH
794,2087,3637,11702,0.45417509252316324,646.0009076333148,0.718209701159179,0.4530880161928211,high_DH
795,803,3640,3687,0.36464213372867776,539.0761419145508,0.144834348307315,0.5644077879352599,low_DH
795,805,3640,3689,0.8931572969136033,631.1855628322627,0.06831931394615802,0.28584280998087197,low_DH
795,806,3640,3691,0.6015078900257066,578.6115359075754,0.14237187887975353,0.28279733706399,low_DH
795,810,3640,3699,0.5757800480685594,1063.7019209458872,0.1283788331446608,1.133933890135495,low_DH
795,1726,3640,9195,0.44260080960513976,552.1762774874619,0.12213342383772965,0.47119111065796093,low_DH
796,802,3642,3681,0.37912415747866307,422.1255019633523,0.649283811174269,0.418142221128593,high_DH
796,807,3642,3692,0.3535621897203571,883.010222091971,0.6247889429598223,0.926677499728904,high_DH
796,833,3642,3889,0.4463137358424255,3779.7198926624224,0.12736427830135663,0.07193608272284102,low_DH
796,836,3642,3893,0.45171079953420623,3946.1642903933694,1.0310072622377218,0.209320848752348,high_DH
796,848,3642,3913,0.22318747919067694,2246.8313544634566,0.4359303636096806,0.08869843316615,high_DH
796,849,3642,3914,0.2602929024301728,1142.2645347988878,1.0982584488937865,0.068602561880024,high_DH
796,1740,3642,9271,0.3834905020567051,1012.4137047889274,0.5485863778077779,0.8787920905516851,high_DH
796,1776,3642,9701,0.4274151789049477,2835.824029805948,0.5382360468560533,0.15776556068425995,high_DH
797,806,3643,3691,0.6103777832885005,941.0383600326669,0.11132695775629603,0.5658339054921779,low_DH
797,1719,3643,9183,0.6840236333236497,480.3890528866864,0.0945627163273078,0.058548982029740015,low_DH
797,1720,3643,9185,0.710214798107292,422.3940940560358,0.07234107730106872,0.2491761457119379,low_DH
797,1721,3643,9186,0.7355715161767615,538.1814397094607,0.21433154773000831,0.5848685502968181,mid_DH
798,847,3645,3911,0.4253565859667959,2674.836484140623,0.21513684665239252,0.01415789077607199,mid_DH
798,1718,3645,9181,0.6003909989385955,1343.6883740780022,0.7584119457660597,0.14340294403376902,high_DH
798,1735,3645,9259,0.5939261573513442,999.2371707879473,0.28652407583759787,0.148360941405783,mid_DH
798,1776,3645,9701,0.49811285552021656,2386.3512060923435,0.39993241342707836,0.10038520657628197,high_DH
799,807,3646,3692,0.402765809611944,1685.5456370025793,0.44139885698076026,0.98865449761804,high_DH
799,846,3646,3910,0.41646772862196807,2352.7577256438285,0.38247231288798667,0.273851246695662,mid_DH
799,1715,3646,9178,0.3918679518937225,1535.9551335276,0.24557773887751547,0.23951818890715298,mid_DH
799,1716,3646,9179,0.4653995942281571,1448.7659046908104,0.7605349720899363,0.027911739126289026,high_DH
799,1717,3646,9180,0.5684412655630949,1385.8924540925389,0.41209267458821236,0.20034213744312496,high_DH
799,1751,3646,9575,0.3171765886940063,1472.1236248963964,0.09695973797854265,0.21403208094976703,low_DH
799,1769,3646,9689,0.482181526990814,2556.087797170982,0.25298335334483607,0.12422549085775503,mid_DH
799,1779,3646,9704,0.580212914376478,2568.7607025436278,0.4459726339077387,0.04758808877198495,high_DH
800,801,3651,3676,0.5902622630853483,584.601695442169,0.18091589063958413,0.18237360285359394,low_DH
800,817,3651,3723,0.6469048187927173,790.703719670448,0.43556358216863084,0.31539155299188204,high_DH
800,825,3651,3817,0.6535086120398949,614.0573844183533,0.19627168555978405,0.055447531356199065,mid_DH
800,826,3651,3825,0.33872662099385986,1129.91738641474,0.09156094725504961,0.440794686364819,low_DH
800,838,3651,3895,0.5736970302746472,3832.2605469260193,0.46060344485199317,0.27063958569592705,high_DH
800,1750,3651,9538,0.5223426975631602,1043.6816943132226,0.7042636187027749,0.603221145118155,high_DH
800,1771,3651,9692,0.6178477011582205,3115.623459432746,0.9456987697293111,0.5543254276933091,high_DH
801,817,3676,3723,0.6320029706597714,274.4894131964212,0.2651356444892763,0.497765155845476,mid_DH
801,1709,3676,9108,0.5258769460713011,2306.3604610834864,0.16974605673261933,0.565567310900715,low_DH
801,1746,3676,9329,0.5300904755397076,226.60732495795574,0.37929891263398047,0.412222026106144,mid_DH
802,807,3681,3692,0.4506591948743518,876.0200192296824,0.07104840277713212,0.508535278600311,low_DH
802,808,3681,3694,0.5690060024770306,1166.0654073821647,0.1412602430300493,1.019463402992755,low_DH
802,848,3681,3913,0.41017508455092416,2385.48645216309,1.076614580798687,0.506840654294743,high_DH
802,850,3681,3915,0.4377905957515697,1049.6160471892294,0.5102257636882438,0.556180872087177,high_DH
802,1740,3681,9271,0.13887498147207827,924.387159356456,0.12851210885474523,0.46064986942309205,low_DH
803,806,3687,3691,0.5033024918178078,401.0659686522756,0.1804289560383556,0.8472051249992499,low_DH
803,810,3687,3699,0.4811971384376106,620.6316601923061,0.13340485057768686,0.569526102200235,low_DH
803,1720,3687,9185,0.6468665398343382,543.882090872467,0.26422487215955065,0.5305473652190099,mid_DH
803,1726,3687,9195,0.3557202200023574,1028.1235883527754,0.1943511531177359,0.09321667727729899,mid_DH
804,808,3688,3694,0.6733343799418932,843.8566891618053,0.3844288688946468,0.814222454648242,mid_DH
804,1735,3688,9259,0.5342349097897947,420.34594833440826,0.2865960295157973,0.41764187395934504,mid_DH
804,1738,3688,9266,0.6877747489150732,943.0709051986236,1.0056227957061445,0.263576752419872,high_DH
805,809,3689,3696,0.9141658752781847,842.6571006350362,0.14803148076881045,0.15539967249395692,low_DH
805,810,3689,3699,0.510643995218917,434.2212801837125,0.10124161612501838,0.848091080154623,low_DH
806,1719,3691,9183,0.5836370606469007,503.71693260845603,0.04756229294958491,0.5072849234624379,low_DH
806,1720,3691,9185,0.4906442676080549,553.4386809873521,0.09848510139718657,0.31665775978024,low_DH
806,1724,3691,9192,0.7092426013400484,969.0449389668212,0.32646037663420596,0.8316129629299619,mid_DH
806,1726,3691,9195,0.5296411864128642,1130.4513990186538,0.04354399822824291,0.753988447721951,low_DH
807,808,3692,3694,0.5026554901971636,590.5640018262197,0.0923290194520805,0.510928124392444,low_DH
807,836,3692,3893,0.5008980846624222,4824.617955084911,0.4097419467177695,1.135998348481252,high_DH
807,848,3692,3913,0.4186947963344919,3129.8302859391724,1.0530681730923357,1.015375932895054,high_DH
807,849,3692,3914,0.42394241377445413,2023.669130777988,0.48042407997263026,0.995280061608928,high_DH
807,1735,3692,9259,0.5810851887243911,742.0030115173648,0.19546570899359922,0.720936204215143,mid_DH
807,1751,3692,9575,0.4835602240876598,2951.2421431914045,0.3557618654698427,1.202686578567807,mid_DH
808,834,3694,3890,0.5192038181502211,5139.049951441096,0.48438288207216856,1.812374664492297,high_DH
808,855,3694,3922,0.6888970999833592,4535.908988151554,0.24375725920356098,1.5332506702142639,mid_DH
808,1738,3694,9266,0.21278108180391864,376.2168296587262,0.6219777917008559,0.55064570222837,high_DH
808,1740,3694,9271,0.5883161630684695,392.4408535639872,0.018674766097179815,0.5588135335696629,low_DH
809,1740,3696,9271,0.6636569981382878,595.5009225915894,0.09119207685185185,0.410788913173445,low_DH
810,1726,3699,9195,0.6535198278539088,1605.3392210164475,0.1003138826525508,0.662742779477534,low_DH
811,813,3700,3702,0.4310867242531623,353.94755004191524,0.14631593064666226,0.027270525514304977,low_DH
811,815,3700,3717,0.9484012288843013,962.6033201500695,0.3433385960806601,0.195523758801377,mid_DH
811,817,3700,3723,0.6175311600030444,587.9176263413542,0.7012949913291069,0.303610136849765,high_DH
811,1670,3700,8820,0.5851568707410241,1802.1549715974222,0.6869184471691363,0.09351371573773704,high_DH
811,1711,3700,9118,0.7244895886881271,1650.7578370757792,0.5065305366682858,0.7433054775437059,high_DH
811,1713,3700,9166,0.5627432947313783,1398.5604986542896,0.47716934463842275,0.10416775742435502,high_DH
812,1713,3701,9166,0.6690290562910366,1393.1274717010588,0.46130376784865174,0.24554082285878398,high_DH
813,815,3702,3717,0.8050396654160659,632.4629836011637,0.4663636558635741,0.222794284315682,high_DH
813,1670,3702,8820,0.6519006628988747,1566.8125519470796,0.8180206760527543,0.12078424125204201,high_DH
813,1743,3702,9282,0.47334281452123517,371.60559292114124,0.03517652171489373,0.18828947262483797,low_DH
814,1665,3716,8796,0.7036149780175164,1498.9474020910868,0.14729881255135965,0.823194401206166,low_DH
815,1665,3717,8796,0.7365358590373221,1489.1025432609051,0.07309887577697442,0.194670547967371,low_DH
815,1670,3717,8820,0.728667255313889,1039.7717071452241,0.3656186709196233,0.10201004306363998,mid_DH
815,1741,3717,9272,0.7392471873304608,1348.7389852117724,0.4207047278151567,0.18399676214168997,high_DH
815,1742,3717,9280,0.8676304338479459,1360.9149047177252,0.05037799544190079,0.5944713174180769,low_DH
816,818,3722,3747,0.3590405890051652,653.2216735507951,0.3355325059668413,0.189010502908461,mid_DH
816,824,3722,3779,0.37217791674993594,1089.3133619917025,0.2747714782560529,0.14828000761632704,mid_DH
816,828,3722,3866,0.4972150703155737,1498.3610938947718,0.11778730490615077,0.375377581990852,low_DH
817,819,3723,3748,0.45854483539446134,919.3774603814982,0.6759511069609249,0.152375320990673,high_DH
817,1709,3723,9108,0.5629039868562722,2187.74965617565,0.3695815528513284,0.06780215505523901,mid_DH
817,1713,3723,9166,0.5631103846790049,1788.9279172078443,0.24173082722313746,0.19944237942541,mid_DH
817,1750,3723,9538,0.520435112478561,1664.6168932387595,0.3083117656012184,0.287829592126273,mid_DH
818,823,3747,3768,0.3815697279736837,740.5747295283935,0.0441477862391497,1.3866895421421161,low_DH
818,827,3747,3865,0.3702016730848944,808.6834497423606,0.08001250403514724,0.36436671427003503,low_DH
819,822,3748,3767,0.39443397341553904,795.9293169842189,0.18999250677424134,0.489341666182033,low_DH
819,823,3748,3768,0.37055925645210436,764.7644315024526,0.32908916119609516,0.7530827964876851,mid_DH
819,1667,3748,8806,0.45717679779557696,2807.2079879663283,0.3319569006631814,0.104060053096208,mid_DH
819,1745,3748,9324,0.3020576607004081,722.4196864758336,0.0317119790822826,0.18308060604747098,low_DH
819,1746,3748,9329,0.4001834818391918,946.9491987740273,0.0779153445151875,0.23791845073000498,low_DH
819,1747,3748,9356,0.4101180073415751,249.4663501989438,0.10921503199529538,0.08736545403806201,low_DH
819,1748,3748,9400,0.30500730314521346,824.1757014223313,1.0431481345581934,0.28092452786437194,high_DH
819,1749,3748,9401,0.29242956945817516,779.9623718437429,0.13685849893056393,0.031034055186919,low_DH
819,1752,3748,9629,0.38098552191616963,969.9855637072313,0.21339695477022427,0.153498591357925,mid_DH
820,821,3749,3765,0.4096450288891231,848.3768504267152,0.5856141874724942,0.315386223813093,high_DH
820,822,3749,3767,0.33567663957929117,763.6022637910119,0.2561899595066323,0.27891115543036304,mid_DH
820,823,3749,3768,0.39033921177059444,719.1554487586296,0.2647027792473645,0.963513307239355,mid_DH
820,1667,3749,8806,0.37836690241173415,2882.9906248797024,0.39330370352363525,0.10637045765546199,high_DH
820,1668,3749,8807,0.4193294350949915,2875.0469847297004,0.393836772079102,0.37505481291976905,high_DH
820,1745,3749,9324,0.36734127759260976,798.1591639339206,0.10049756712365039,0.027349904704199013,low_DH
820,1747,3749,9356,0.40088264502428356,325.3063791076909,0.1590399566548421,0.12306505671360798,low_DH
820,1748,3749,9400,0.2926698228282983,790.4900467154267,1.1004304404314873,0.07049401711270198,high_DH
820,1749,3749,9401,0.2377792480470462,744.1630708873012,0.20216226300450618,0.241464565938589,mid_DH
820,1752,3749,9629,0.39983524612891325,938.6790786791405,0.273120776894206,0.05693191939374498,mid_DH
821,823,3765,3768,0.38559377339879963,253.5351816974319,0.8464811614720946,0.648127083426262,high_DH
821,1668,3765,8807,0.4784718229465399,3273.567584141528,0.22044028256026355,0.6904410367328621,mid_DH
821,1745,3765,9324,0.4097868524703621,1363.5651168887625,0.49332730439920713,0.288036319108894,high_DH
822,829,3767,3880,0.4825298524123482,771.8231866714898,0.6756414397000997,0.397534572100987,high_DH
822,1667,3767,8806,0.4379813072732589,3281.9878021955656,0.15530011569993643,0.38528161308582504,low_DH
822,1668,3767,8807,0.4429329742409574,3272.2668717727597,0.17655090977304633,0.09614365748940601,low_DH
822,1745,3767,9324,0.33543410587045797,1324.5475073905827,0.1609823312583785,0.30626106013456206,low_DH
823,1745,3768,9324,0.47928935650279847,1363.7003560733854,0.35855149365254396,0.936163402535156,mid_DH
825,826,3817,3825,0.5316822533081987,537.6314364540403,0.1406664878528065,0.38534715500861993,low_DH
825,1750,3817,9538,0.3286853105792053,431.01719394827927,0.8970837935552348,0.547773613761956,high_DH
826,1771,3825,9692,0.4731359753710049,2152.098235299336,1.0151746859731308,0.11353074132849,high_DH
827,1668,3865,8807,0.5033259328950931,3364.347976304471,0.664963993363414,0.31624529228704307,high_DH
827,1669,3865,8809,0.5017125015765572,3421.1576674029493,0.0842787557148538,0.29634642343844797,low_DH
828,1669,3866,8809,0.4484167085922227,3412.5820224274307,0.28072890563415875,0.09632505280916999,mid_DH
829,1666,3880,8803,0.4188978907009328,3999.9098816776936,0.499198734773377,0.10373448511466599,high_DH
829,1667,3880,8806,0.4349295232283476,4035.910551343064,0.8061579748108256,0.01225295901516199,high_DH
829,1668,3880,8807,0.414972210853692,4025.8617471513567,0.7905816085218224,0.49367822959039304,high_DH
829,1748,3880,9400,0.48108770782047505,740.2893250868988,1.483924936700731,0.18911743378332596,high_DH
829,1749,3880,9401,0.42868863390674716,764.5320608874412,0.6124289075323266,0.12284114926796501,high_DH
830,856,3886,3923,0.44676223358502737,2108.801776885233,0.37218558524946804,0.424845702779006,mid_DH
830,1760,3886,9679,0.5595908162218439,1252.8597759273234,0.30247720761758234,0.689540975889418,mid_DH
830,1777,3886,9702,0.5117510148085048,793.1013056702012,0.29282834159159626,0.556391925174866,mid_DH
830,1779,3886,9704,0.5653034252022334,1977.9554946444377,0.42612313922514455,0.518364416557685,high_DH
831,1718,3887,9181,0.6329140030565474,4221.41305868918,0.44738471723398976,0.470463453455344,high_DH
831,1719,3887,9183,0.7333914288065048,3844.577195968198,0.08414898515017838,0.954438228768218,low_DH
831,1721,3887,9186,0.5811409548661675,3888.7498739619964,0.17310272433977453,0.31102069644165997,low_DH
831,1724,3887,9192,0.7013322105182178,3368.3716000195236,0.25411242630650555,0.6301101893006941,mid_DH
831,1727,3887,9196,0.3702874470981698,3590.9830319325984,0.2450344532738164,0.41793444072301,mid_DH
831,1728,3887,9197,0.7124056131377581,3556.400952877155,0.4145234474089187,0.8739756604586151,high_DH
831,1766,3887,9685,0.45635093130588406,640.2156509881052,0.20934102727959805,0.21491269429776902,mid_DH
832,930,3888,4125,0.5485294304882553,3977.4754095111516,0.09342857114478335,0.619985233920846,low_DH
832,1760,3888,9679,0.6046346139453495,1274.022965013795,0.17410874963952946,0.575287979189168,low_DH
832,1765,3888,9684,0.6067211267617636,710.9932749958139,0.38401280500824625,0.769494792852071,mid_DH
832,1766,3888,9685,0.5640937475923842,688.803676291789,0.4149541073203109,0.36373286795875803,high_DH
833,848,3889,3913,0.3332358494040044,1571.6304234539584,0.3262341582702219,0.16063451588899103,mid_DH
833,849,3889,3914,0.33820043073889006,2667.953301715131,1.2061768966309951,0.14053864460286503,high_DH
833,949,3889,4310,0.5160334079390021,5349.609993815733,0.6225338791525427,0.039358018968768005,high_DH
833,958,3889,4329,0.5122958966704765,6980.515318597481,1.285786064256343,0.24004668883763403,high_DH
834,846,3890,3910,0.6387360719562405,695.7866502080009,0.44975175095689657,0.038940795786151,high_DH
834,855,3890,3922,0.3934854764600811,2389.3700270274917,0.6981752060920481,0.279123994278033,high_DH
834,1738,3890,9266,0.479737947407055,5111.025852143575,0.37567485126943184,1.261728962263927,mid_DH
834,1780,3890,9706,0.5958236436881709,2584.0205830196974,0.5714522813397966,0.402070041408346,high_DH
835,951,3891,4313,0.37345505709406046,5755.355857607891,0.9493663840818461,0.463778534415253,high_DH
835,1723,3891,9189,0.46332809885961435,3086.400275573229,0.5235337587704645,0.23737751478574798,high_DH
835,1764,3891,9683,0.37848564513592076,1298.3165731482466,0.2923965186538883,0.5714690636742801,mid_DH
835,1773,3891,9698,0.35262179341954575,994.5431429383126,0.35921036125270467,0.337273404438005,mid_DH
835,1777,3891,9702,0.28976673551870663,1098.4212299966953,0.41652595357574435,0.305024440797736,high_DH
835,2097,3891,11798,0.45673838646296616,2519.647218094476,0.6922015695298366,0.04873677252123199,high_DH
836,844,3893,3906,0.493143933375532,782.3179673315927,0.5864919358154005,0.081334473841386,high_DH
836,848,3893,3913,0.37335117767168535,1731.9835484165806,1.4581247967526125,0.12062241558619799,high_DH
836,849,3893,3914,0.31972415286742206,2831.846011811779,0.08262353563497692,0.140718286872324,low_DH
836,949,3893,4310,0.4430336628508134,5195.630621925939,0.5299067899861286,0.32061495044395705,high_DH
836,1769,3893,9689,0.45269632350292344,660.6911108597844,0.6010670506607353,0.023118360005457,high_DH
836,1776,3893,9701,0.5275071725919461,1348.5466963409428,0.5102558382165955,0.367086409436608,high_DH
837,840,3894,3897,0.5371042600109407,873.0817917204956,0.4925384192194336,0.20407143065467498,high_DH
837,850,3894,3915,0.603294051000099,3218.2111543189953,0.5782573936091623,1.283860542649184,high_DH
837,866,3894,3944,0.5973985530868875,2980.2415134164303,0.6247965698480109,0.539698852224676,high_DH
837,1790,3894,9733,0.5874053497347343,2176.6704283392996,0.1971785063144923,0.634837555169467,mid_DH
838,839,3895,3896,0.48861019339160927,230.85543819247457,0.13531122182197297,0.1484139700873,low_DH
838,840,3895,3897,0.4593539275679543,943.3338182530165,0.2858625692586173,0.07525440018750901,mid_DH
838,846,3895,3910,0.5393774122870932,1162.64239980248,0.753695867002234,0.305616625993568,high_DH
838,960,3895,4331,0.4484533529969441,6288.859377434615,1.1606354639076337,0.10012062567019903,high_DH
838,1751,3895,9575,0.5346515039622193,2283.786157852725,0.4822066341653759,0.245797460247673,high_DH
838,1754,3895,9665,0.28353495514801935,373.96260584102157,0.1381910138908244,0.09234001635353697,low_DH
838,1771,3895,9692,0.4794805113897998,1016.2661420538172,1.3414978847125292,0.283685841997382,high_DH
839,942,3896,4301,0.5880043318040616,6336.970318919974,0.8944455719716151,0.176987239809831,high_DH
839,1733,3896,9203,0.48360608179533104,3589.704767057086,0.1943737624542284,0.11787703348695905,mid_DH
839,1754,3896,9665,0.3349844415307198,484.26791833947,0.024858175823709486,0.24075398644083698,low_DH
840,960,3897,4331,0.5852613391541047,5839.99193702346,0.8974992751367483,0.17537502585770803,high_DH
840,1754,3897,9665,0.5687649947999337,848.7685023691608,0.36871089141777297,0.017085616166027967,mid_DH
840,1771,3897,9692,0.6265561013822262,1661.4487529301553,1.1086827719470818,0.20843144180987297,high_DH
840,1790,3897,9733,0.560902796515257,1885.9099344694216,0.3078816825860687,0.43076612451479207,mid_DH
841,844,3898,3906,0.25572831529446166,1233.253150122718,0.09232472724585102,0.05247749964887999,low_DH
841,863,3898,3941,0.4215449486803608,886.9816556738654,0.6728691654233153,0.333517348639305,high_DH
841,973,3898,4387,0.4523265690124704,7479.552314743121,0.7603061522650706,0.353058924832349,high_DH
841,1723,3898,9189,0.43564317627675136,3710.031291558503,0.11488856707905258,0.03150054875012398,low_DH
841,1769,3898,9689,0.30018812484912133,1201.635162995799,0.11091313364145898,0.110693613484809,low_DH
841,1785,3898,9723,0.36144689628540666,1624.5915672620035,0.46292480168901035,0.340153445675535,high_DH
841,1786,3898,9724,0.3203394020622811,1976.9453044905206,0.1281730659826429,0.031879487245345006,low_DH
841,1790,3898,9733,0.39700885054662205,1334.4425132303518,0.7247132799629318,0.40080898099813506,high_DH
841,1792,3898,9735,0.42180150711177816,1738.4787772350962,0.4416286499332555,0.996634082924194,high_DH
842,852,3903,3917,0.9217035461102266,1540.899585770168,0.20740739680744158,0.157040680956131,mid_DH
843,1758,3904,9677,0.5977418571438371,381.9102839120287,0.462555963292792,0.062050246782966,high_DH
843,1759,3904,9678,0.6574635035968343,374.7507047505654,0.5208891685014583,0.28790358440848307,high_DH
844,863,3906,3941,0.43884393034256525,2113.4675421067186,0.6377522002927952,0.385994848288185,high_DH
844,1717,3906,9180,0.4745975163780085,3795.6933480803755,0.15606209271531388,0.266351514464951,low_DH
844,1723,3906,9189,0.24514733709098543,2497.535464211119,0.13957465636449956,0.08397804839900397,low_DH
844,1732,3906,9202,0.5066884499682679,3207.9531160252545,0.2664239058239413,0.626962511371384,mid_DH
844,1785,3906,9723,0.3715406483826831,2083.7173863117864,0.4279021026089641,0.392630945324415,high_DH
844,1786,3906,9724,0.38973148624370474,1950.6002591794015,0.0669721450475169,0.020598012403534982,low_DH
844,1792,3906,9735,0.42008983648630194,2971.724437758071,0.3916281846444898,1.049111582573074,high_DH
845,1734,3907,9205,0.4151691307372189,2712.24440142516,0.16378778019057497,0.15787150143866596,low_DH
845,1756,3907,9668,0.34002141624651283,1159.6743192817473,0.8961250438021653,0.0016009750388349953,high_DH
845,1767,3907,9686,0.5013383278938284,536.7934580313366,0.3418022028492134,0.274983404522399,mid_DH
845,1768,3907,9687,0.2620793941322677,245.29861787932535,0.2835174124835031,0.39307702382222404,mid_DH
845,1772,3907,9694,0.4913477351278925,226.09904573796183,0.16085298810351228,0.156839129246098,low_DH
845,1774,3907,9699,0.3935831759601668,470.7634632159283,1.1531140679412486,0.249315679503893,high_DH
845,1778,3907,9703,0.42651903879482117,2356.539686415353,0.2243857411053959,0.281775183175655,mid_DH
845,2097,3907,11798,0.46826577482969306,2114.8884452954085,0.5859869367213815,0.076348867927852,high_DH
846,1751,3910,9575,0.4747766710726258,1664.4937378715927,0.30645084100776626,0.059819165745895,mid_DH
847,853,3911,3918,0.548910430555859,1860.063667685539,0.21805779235923967,0.08830269764389898,mid_DH
847,1765,3911,9684,0.5787819551530676,423.240328614016,0.3578823343482378,0.307772000545579,mid_DH
848,849,3913,3914,0.3244215320122932,1110.784007374473,1.5255700781869916,0.020095871286126,high_DH
848,1740,3913,9271,0.4197138086687468,3249.2634270283834,0.9793018160561057,0.9674905237178351,high_DH
848,1776,3913,9701,0.4992124188746382,662.4827609698001,0.9686245437959494,0.24646399385040996,high_DH
849,1776,3914,9701,0.4039032237701424,1695.8261438320671,0.5730605032970416,0.22636812256428396,high_DH
850,1740,3915,9271,0.44016609245042176,1869.5311543448397,0.4026147818338598,0.09553100266408499,high_DH
851,853,3916,3918,0.3796617786729616,420.71749941651075,0.4413153596462596,0.033479549228267014,high_DH
851,854,3916,3919,0.4257403191222319,1170.9471853492578,0.37005966214160746,0.149747454259909,mid_DH
851,1765,3916,9684,0.5427228863736294,1886.1070536379802,0.29305585517777083,0.362595148961211,mid_DH
851,1776,3916,9701,0.47559100265690774,1885.364676507542,0.0912195020527243,0.16936624576798592,low_DH
853,854,3918,3919,0.29582065659102347,815.7792709283689,0.08374958679243784,0.116267905031642,low_DH
854,862,3919,3940,0.5279134280507858,2545.5592740328543,0.1487248963869366,0.373356503495079,low_DH
855,1738,3922,9266,0.6181695136529667,4321.776967741585,0.8572710668906401,0.9826049679858939,high_DH
855,1780,3922,9706,0.5163839435725677,330.5908004434832,0.16691849052371815,0.12294604713031299,low_DH
856,921,3923,4100,0.5078534648927414,4479.118648857518,0.39042850876978996,0.076614905679454,high_DH
856,922,3923,4106,0.5198049760130001,4632.350002520994,0.05902653578636995,0.202403749143169,low_DH
856,1779,3923,9704,0.3527592730780214,251.88589837295834,0.0855502950748423,0.09351871377867899,low_DH
856,1792,3923,9735,0.42578326444752446,3609.418407476132,0.5321934919004587,1.029032830557942,high_DH
857,1088,3925,5109,0.8183471574500517,10023.742387434815,0.22549095982250597,0.08975773268753795,mid_DH
859,860,3934,3937,0.8683139841179877,1413.9961020663618,0.524809572238714,0.10412672242135301,high_DH
859,861,3934,3938,0.8671604805745442,1549.4191018674167,0.7819996511817174,0.08013297351205001,high_DH
859,1781,3934,9711,0.46546625051729795,389.4483935275136,0.1688938512484749,0.364013276662052,low_DH
859,1782,3934,9714,0.921355712701951,248.42615855344548,0.20714654955032186,0.13126392942625104,mid_DH
859,1783,3934,9720,1.192508790792463,330.8172895180303,0.90196473331664,0.904254038474155,high_DH
859,1784,3934,9721,0.5857612147935489,293.0384721198022,0.5885093659810108,1.304861432389262,high_DH
859,1810,3934,9756,0.7561819659930699,715.9396700046467,0.9625749758060039,1.65127932492968,high_DH
859,1811,3934,9758,0.9492504259465648,942.6747357415875,0.6900513502549465,0.642849569100676,high_DH
860,1761,3937,9680,0.6411018954506124,1024.5030134353115,0.26209395143707526,0.223521784253095,mid_DH
860,1812,3937,9760,0.9183674208242945,2583.9477990662594,0.31839528214706087,0.19474071046263097,mid_DH
861,1730,3938,9199,0.8226292240952445,3144.8866887750573,0.5334308445680609,0.12109056720809397,high_DH
861,1761,3938,9680,0.6351487541859504,849.9901238631356,0.1198929413798004,0.247515533162398,low_DH
861,1781,3938,9711,0.764764822264905,1258.9588485362874,0.6169276326998313,0.44414625017410203,high_DH
861,1782,3938,9714,0.5675089951109373,1409.906571891195,0.576906451288796,0.21139690293830105,high_DH
861,1812,3938,9760,0.8449457448208259,2710.508189772705,0.25681862587901105,0.21873445937193398,mid_DH
861,2083,3938,11681,0.9339661443683241,3133.739269479771,0.09889347624314926,0.930508938878205,low_DH
861,2084,3938,11682,0.9816589247892473,3202.819122205241,0.23758100099103124,0.47471801399873104,mid_DH
863,864,3941,3942,0.34843145756593735,1114.5582312162226,1.3533367534265461,0.61797932928356,high_DH
863,1756,3941,9668,0.4060035630918657,1096.613820389974,1.2515010009510015,0.510181244229474,high_DH
863,1768,3941,9687,0.37826379461618453,2098.2109020679272,0.6336780172760924,0.11870519544608493,high_DH
863,1785,3941,9723,0.41066535833663437,1671.8479027021417,0.231376390038228,0.0066360970362300264,mid_DH
863,1786,3941,9724,0.31177938940905403,2293.3570767392603,0.6866310627144826,0.36539683588465,high_DH
863,1792,3941,9735,0.3419497883559091,873.1518743646642,0.26231703420119623,0.6631167342848889,mid_DH
863,1793,3941,9736,0.3391528311021527,894.274671144612,0.726561757656,0.14799557112564798,high_DH
864,873,3942,3958,0.35003773454385184,1244.2978770034815,0.7349958148641785,1.238026737881289,high_DH
864,1785,3942,9723,0.4619401400394355,2134.118742314795,1.1404619695228748,0.6246154263197901,high_DH
864,1786,3942,9724,0.38823166372411855,2885.9535109715184,0.7035725115292645,0.25258249339891,high_DH
864,1792,3942,9735,0.29928299530182095,529.146008245713,1.120789259802963,1.281096063568449,high_DH
864,1793,3942,9736,0.10200649797777432,334.6298046792468,0.6715671066050649,0.765974900409208,high_DH
864,1806,3942,9752,0.2642225170360635,973.8297966233054,0.6539207155397485,0.40498603407064,high_DH
864,1809,3942,9755,0.4273901847975058,1489.276451688106,1.2354181623898512,0.5936920548202671,high_DH
865,874,3943,3959,0.42029817126082164,296.97068285040865,0.14679642268211335,0.18719008502690893,low_DH
865,875,3943,3960,0.2543062347723214,495.2170395435974,0.1026954492002823,0.05767226079155996,low_DH
865,879,3943,3964,0.31596952534184614,396.1887250371144,0.05208244701715022,0.4845405780339179,low_DH
866,878,3944,3963,0.49908940591285705,1069.1925306775795,0.33857242693541456,0.28831242807691004,mid_DH
866,1086,3944,5103,0.5509292287381834,7508.734951065456,0.3378528039260825,0.14992525556765496,mid_DH
868,1812,3946,9760,0.6735978261325197,304.1668390861711,0.17317009092839583,0.12463393496598296,low_DH
870,906,3950,4037,0.39021707012170215,476.0494715960667,0.26596949152067445,0.257703418453691,mid_DH
871,889,3953,3980,0.3717599338346689,1288.3680181100542,0.44292456564818283,0.8991596844429739,high_DH
871,893,3953,3989,0.5467898814667583,998.2444540247302,0.08656457320479713,0.6884229177661549,low_DH
871,894,3953,3990,0.4394145687643723,963.6676671871328,0.14432623313566062,0.8064514845797499,low_DH
871,921,3953,4100,0.5148341125892841,1968.008897694002,0.14750018002484816,0.6745037656915949,low_DH
872,877,3957,3962,0.24654291312387605,335.67927538088406,0.3915897034278054,0.08727529742901896,high_DH
872,886,3957,3971,0.2621507772192189,395.62734121061163,0.12305553033037327,0.11041090234779294,low_DH
872,887,3957,3972,0.2214498428752707,459.4807110096217,0.2819627110126057,0.10512185008217989,mid_DH
872,888,3957,3974,0.3105472588957042,413.594133559278,0.22144499236205653,0.1168255384626039,mid_DH
872,892,3957,3984,0.28660652874880443,439.285354371681,0.1549876091469798,0.31212387852919793,low_DH
872,1806,3957,9752,0.26607194686760544,715.1570012087801,0.33717861263706855,0.31308486875057895,mid_DH
872,1816,3957,9787,0.15947933263220618,350.6221365130734,0.4601883132716653,0.03753594745973099,high_DH
872,1850,3957,9863,0.3441020356586959,442.518155071083,0.321210634638939,0.13561350904999891,mid_DH
873,877,3958,3962,0.3451053218760566,244.32333737238488,0.20330412757950966,0.607231132489089,mid_DH
873,886,3958,3971,0.24353860774742722,325.33260051141036,0.09519521736372447,0.630366737407863,low_DH
873,887,3958,3972,0.32379498929966394,384.3186434684768,0.1051715143937263,0.6250776851422499,low_DH
873,888,3958,3974,0.39481397665555445,348.2915678970651,0.0596994383211907,0.6367813735226739,low_DH
873,892,3958,3984,0.316737702876728,395.26330797207066,0.18013966290924965,0.8320797135892679,low_DH
873,1793,3958,9736,0.39664076507080226,1576.4173583668899,0.17001026530145957,0.472051837472081,low_DH
873,1806,3958,9752,0.20369880242216204,687.6822451208144,0.16232822171586578,0.833040703810649,low_DH
873,1816,3958,9787,0.09939982110739834,464.5585995086689,0.25806446528057486,0.557491782519801,mid_DH
873,1850,3958,9863,0.3313390358853883,393.1347398144755,0.14647655027556658,0.655569344110069,low_DH
874,878,3959,3963,0.30453873163948336,254.68909294490695,0.07898321406094871,0.07397654601386905,low_DH
874,881,3959,3966,0.42142206412756245,238.91311452212074,0.14715604387190673,0.1874330876168101,low_DH
874,884,3959,3969,0.39362167492329475,515.488520918662,0.19791198674328248,0.2154326376998299,mid_DH
874,891,3959,3983,0.40404943959539197,498.22359752436836,0.2832703368161817,0.32168020794995994,mid_DH
874,897,3959,3995,0.3720401165812148,572.6319236213604,0.10720554684333745,0.04143560166990701,low_DH
874,898,3959,3996,0.3843781765388819,626.771010762551,0.17077486832503852,0.39335116342742493,low_DH
875,888,3960,3974,0.3620484267503506,227.7912139351218,0.09055243108344904,0.07370495216667594,low_DH
875,896,3960,3994,0.3715629822797254,580.9687750006774,0.15999969894674412,0.191917800716778,low_DH
875,900,3960,3998,0.38489421298625304,792.4356441197979,0.057353717350703,0.009142842058370015,low_DH
876,879,3961,3964,0.29898300828201335,251.9882339176812,0.11535678040633054,0.48002856235107894,low_DH
876,883,3961,3968,0.19495745154541386,212.6893378097743,0.18566323216921074,0.28292132020161603,low_DH
876,895,3961,3993,0.33664089645873363,739.9470541067076,0.11627821505391592,0.17871566572409103,low_DH
876,1803,3961,9749,0.2806018661745545,567.2003340119833,0.33510105294326975,0.17908148002651203,mid_DH
877,879,3962,3964,0.29907728397350497,226.94410040739106,0.21256933132667571,0.47102302837544896,mid_DH
877,895,3962,3993,0.3401233315409518,743.5908669801105,0.09526653497213007,0.16971013174846106,low_DH
877,896,3962,3994,0.39738594517243675,420.3069156183662,0.09625442512262218,0.147763089583687,low_DH
877,900,3962,3998,0.3426983369137939,644.8347495409779,0.27348727313427135,0.05329755319146101,mid_DH
877,1816,3962,9787,0.30484304485122543,686.0475989601692,0.12125124730739884,0.04973934996928797,low_DH
878,884,3963,3969,0.225749243535549,261.0579376820685,0.24889575913503084,0.28940918371369895,mid_DH
878,891,3963,3983,0.34115954236426077,246.32628229146997,0.3504956681066246,0.395656753963829,mid_DH
878,897,3963,3995,0.24643612312124474,420.125296593346,0.037211017121756944,0.03254094434396204,low_DH
878,898,3963,3996,0.24872641474229182,491.510537536901,0.0972205811588383,0.467327709441294,low_DH
879,882,3964,3967,0.2636895151205869,308.83857469649746,0.1723798515317819,0.5627535531656549,low_DH
879,885,3964,3970,0.31691639823373274,331.6792446717472,0.13029325703604913,0.5043943416645259,low_DH
879,887,3964,3972,0.3283003924143207,309.80908562820287,0.10695136054982404,0.4888695810286099,low_DH
879,888,3964,3974,0.23415630532186113,318.50153203336924,0.07454563920331664,0.5005732694090339,low_DH
879,900,3964,3998,0.27798091108526934,810.4686173267354,0.10248126473477463,0.41772547518398795,low_DH
880,1804,3965,9750,0.2437704779988818,463.1929300980163,0.05913976090330307,0.09970695312741906,low_DH
880,1819,3965,9790,0.15545289927701011,226.21509600790063,0.13911390411371094,0.19098467218731696,low_DH
880,1822,3965,9795,0.16588393003545385,304.4488684243641,0.22763659054631535,0.26911090316589503,mid_DH
880,1823,3965,9796,0.12257226900164192,245.47265368303187,0.18759110626074152,0.11708290662642595,low_DH
880,1836,3965,9831,0.16230670673891784,224.9222454540764,0.16426784683516718,0.188347143694931,low_DH
880,1842,3965,9841,0.23921833192848696,201.3503816466867,0.2579228328253531,0.011787239654972081,mid_DH
880,1859,3965,9884,0.2357764686826897,533.5706374096188,0.1721319981032548,0.10036270169454298,low_DH
880,1860,3965,9885,0.25551220807894737,630.9594050579935,0.31247592053099094,0.05007534540906,mid_DH
881,885,3966,3970,0.23335840905783567,279.26813762216483,0.20942593720386138,0.394476936274327,mid_DH
881,888,3966,3974,0.35534840309739396,284.3563330580213,0.13428525190487928,0.390655864018835,low_DH
881,891,3966,3983,0.4127824351976487,373.17223704692105,0.14375950001580173,0.5091132955667701,low_DH
881,897,3966,3995,0.41276485611754027,334.0568462520524,0.23987474549736337,0.1459974859469031,mid_DH
881,898,3966,3996,0.2300613516082438,391.21474056721576,0.2809387946941666,0.580784251044235,mid_DH
882,887,3967,3972,0.37604251208629436,219.18740790889214,0.12594570259799745,0.073883972137045,low_DH
882,891,3967,3983,0.3718429364924941,247.63490022032505,0.33311946283263716,0.05627714779131404,mid_DH
882,896,3967,3994,0.404009912734281,327.5013189399058,0.09616543221509855,0.056032564793481066,low_DH
882,898,3967,3996,0.27777118887958446,316.1217318143086,0.15736474182748214,0.12794810326877903,low_DH
882,900,3967,3998,0.336164782556033,533.8886661246687,0.14709965233403102,0.14502807798166695,low_DH
883,886,3968,3971,0.12298059183898838,245.98371657820195,0.06961651586444777,0.26879124925847203,low_DH
883,887,3968,3972,0.2378547070996727,309.7944254139161,0.20134977085374725,0.2740803015240851,mid_DH
883,888,3968,3974,0.20606817313437573,264.3923893113406,0.14042630386033528,0.26237661314366106,low_DH
883,892,3968,3984,0.17180765561114786,295.45169298286135,0.17967074290442278,0.06707827307706704,low_DH
883,1803,3968,9749,0.28226803900782116,502.1413485941554,0.5115547068965053,0.46200280022812806,high_DH
883,1816,3968,9787,0.2744761053084034,499.5789334486486,0.3524661461376422,0.341666204146534,mid_DH
883,1850,3968,9863,0.17710201270488046,296.9388334104925,0.24445952805294494,0.24358864255626606,mid_DH
884,897,3969,3995,0.24015770406210657,378.5304144608605,0.27686061887887353,0.2568682393697369,mid_DH
884,898,3969,3996,0.32554588400000084,453.75320020329593,0.30392291851760167,0.17791852572759503,mid_DH
884,903,3969,4010,0.44935831680724203,731.3893943263117,0.16925918844721968,0.44700571248680804,low_DH
885,896,3970,3994,0.3856192386194865,366.1906798740588,0.05377502282899316,0.11439177629461006,low_DH
885,898,3970,3996,0.24615209086728046,443.21978243868926,0.07418026754715701,0.18630731476990803,low_DH
885,900,3970,3998,0.31767489298669804,640.0188554688309,0.18393102950332196,0.08666886648053795,low_DH
885,903,3970,4010,0.38112445094920183,798.5049190530716,0.12664516578717588,0.45539450152912103,low_DH
886,895,3971,3993,0.3300391872616159,730.4421317099482,0.26499283571593657,0.19284573666723503,mid_DH
886,1803,3971,9749,0.26384331808550243,621.1858364371833,0.49833603985316344,0.19321155096965603,high_DH
886,1816,3971,9787,0.23531118788339814,744.4698827662565,0.34839754036948106,0.07287495488806195,mid_DH
887,895,3972,3993,0.32219092524114246,776.9980863977511,0.1287695531411004,0.187556684401622,low_DH
887,900,3972,3998,0.3440754814838807,721.9566028203132,0.16571502639772195,0.07114410584462194,low_DH
887,1816,3972,9787,0.2766342809042943,808.5409298071281,0.20092346526051721,0.0675859026224489,mid_DH
888,900,3974,3998,0.34938074539633446,669.6259416874603,0.10834903768577785,0.08284779422504596,low_DH
889,893,3980,3989,0.252707467969614,342.87825221574667,0.3891875187281466,0.21073676667681898,mid_DH
889,1790,3980,9733,0.46239788244738006,2505.715406622714,0.7412726614217611,0.581248741703808,high_DH
890,899,3982,3997,0.33790227258996447,569.3484717592821,0.4102928175274064,0.20094854081219699,high_DH
890,1825,3982,9801,0.16516365611675207,483.9128427538541,0.0560453283536697,0.2561438723528299,low_DH
890,1855,3982,9873,0.3243299446131892,661.8154539799792,0.4291350560669873,0.08359297053492204,high_DH
890,1857,3982,9881,0.20888079951820718,506.097204588318,0.07259465276384161,0.041858525893123,low_DH
891,896,3983,3994,0.4042167308990933,395.82132076759285,0.37648896935007486,0.0002445829978329761,mid_DH
891,897,3983,3995,0.34600096008905545,441.4373393513782,0.38108080374489295,0.36311580961986695,mid_DH
891,898,3983,3996,0.32313483982865704,517.65983668387,0.4206516654099791,0.07167095547746499,high_DH
891,903,3983,4010,0.24046772591334709,791.8250598033939,0.2583966789736402,0.340758142236678,mid_DH
892,895,3984,3993,0.26297960539232046,687.1145078375574,0.3212798615858363,0.39455871284864,mid_DH
892,1803,3984,9749,0.3607428882263833,714.1915988020949,0.5204275661330099,0.394924527151061,high_DH
892,1816,3984,9787,0.2934014251318856,778.1699927677615,0.39746192382394546,0.27458793106946694,high_DH
895,900,3993,3998,0.3380020978967392,252.09902527448108,0.2547802741963224,0.11641257855700005,mid_DH
895,1850,3993,9863,0.3164343258694112,702.3351659844066,0.12447507123955481,0.218048343369441,low_DH
896,900,3994,3998,0.3101343993283955,332.4035033785115,0.19755665625791502,0.201060642775148,mid_DH
896,903,3994,4010,0.387227686801213,464.49269583646077,0.13817323878084187,0.341002725234511,low_DH
899,1855,3997,9873,0.16916158491405978,293.6218733596781,0.046731228325477124,0.284541511347119,low_DH
901,905,4000,4031,0.2229778739405243,769.4113628944084,0.14657161614323824,0.9856290169179571,low_DH
901,1815,4000,9782,0.40911980773823753,789.0791114580117,0.20052525305975874,0.9418747538924421,mid_DH
901,1852,4000,9867,0.5192491935224981,805.1926952941707,0.14970792027134833,1.145073458323329,low_DH
901,1863,4000,9894,0.398509776942494,203.20015978010488,0.04471674194115149,0.9443073982708972,low_DH
901,1872,4000,10015,0.45753811475993345,1898.101849581438,0.5903247372300757,0.8743887074005551,high_DH
901,1873,4000,10018,0.5232451888200206,1997.9447177942754,0.6196572108957722,0.5235136761826931,high_DH
901,1874,4000,10020,0.5096279310933887,1937.9034918646107,0.7843053201606566,0.922969544014677,high_DH
902,1814,4008,9776,0.3549311368055622,882.2250633809431,0.2220968019974931,0.154486504663716,mid_DH
902,1815,4008,9782,0.2929167174954519,746.1426043281809,0.21922438420643456,0.019881701511739014,mid_DH
902,1851,4008,9866,0.22193509308855824,419.8221630825801,0.09833918436395515,0.359436298383499,low_DH
902,1854,4008,9871,0.1536366667727196,399.03271208302715,0.23133122463228728,0.142850624973984,mid_DH
902,1861,4008,9887,0.2668662462889894,224.82372485124162,0.060829981627937256,0.288268003023069,low_DH
902,1862,4008,9890,0.25832696275864797,258.2905076882393,0.2738141762740343,0.126790189598248,mid_DH
902,1863,4008,9894,0.3351928492049187,290.96512931986933,0.43055635845799267,0.017449057133283985,high_DH
902,1865,4008,9907,0.10393873799661775,307.8899650235608,0.46616651421647065,0.009017797337684985,high_DH
902,1867,4008,9978,0.42149383438539617,934.5359465575625,0.33112107028034127,0.482897822478878,mid_DH
902,2105,4008,11845,0.4069051356910804,458.2695349960232,0.10750155713861675,0.06964260625792101,low_DH
904,1852,4011,9867,0.23060476199509294,359.99595161521046,0.11206188723761573,0.541513555984086,low_DH
904,1853,4011,9870,0.2543655267863271,246.58062948964852,0.1898042932378802,0.470596540769929,low_DH
905,1815,4031,9782,0.3245404244668495,470.028599460162,0.33344310745487005,0.043754263025514994,mid_DH
905,1853,4031,9870,0.5088445769764963,1315.483359897481,0.3740793530442403,0.08852742619121501,mid_DH
905,1863,4031,9894,0.33255820247888684,616.4181691738852,0.10872610335239863,0.041321618647059966,low_DH
905,1868,4031,9982,0.48552804094936836,300.5285180958375,0.21158896284174195,0.38541222496614597,mid_DH
905,1872,4031,10015,0.3443496182019493,1141.354841781113,0.7308819745811845,0.11124030951740199,high_DH
905,1873,4031,10018,0.40016846203689155,1243.3118796121312,0.7532866109240653,0.462115340735264,high_DH
905,1874,4031,10020,0.4115953680819174,1190.6318468719037,0.9218092019198045,0.06265947290328,high_DH
906,907,4037,4040,0.6118924790932413,650.1992001160853,0.3938311019492854,0.736470801745799,high_DH
906,1872,4037,10015,0.596004295470384,806.2573990137079,0.31893433306148017,0.336841100928313,mid_DH
907,910,4040,4053,0.8331947166832029,974.1176474342817,0.40456503571346414,0.129617626210373,high_DH
907,1098,4040,5127,0.7126813230603573,7029.900381106324,0.3627917890512156,0.237801223203009,mid_DH
908,909,4044,4045,0.4299364021453701,304.8096099047702,0.16933622109406093,0.518176749036932,low_DH
908,910,4044,4053,0.4314895521842193,220.24462351391824,0.5223711009766384,0.165079231068354,high_DH
908,1871,4044,10005,0.6807074245275736,209.54754555642253,0.25802938356636584,0.09456960972965703,mid_DH
908,1872,4044,10015,0.5540483870042423,240.37859562693413,0.21957641351120896,0.10493284353875898,mid_DH
909,910,4045,4053,0.8360166111345698,519.7450113780133,0.5144520684621284,0.353097517968578,high_DH
909,1872,4045,10015,0.5791698595218662,544.59841650645,0.26830431443555397,0.623109592575691,mid_DH
909,1873,4045,10018,0.6306115139054577,496.65151375756284,0.18747331030617273,0.973984623793553,low_DH
909,1874,4045,10020,0.515893909275611,447.32388904257175,0.12379631240205312,0.574528755961569,low_DH
911,1111,4066,5241,0.5661732541883634,2984.4068148817364,0.7223159621260022,0.350542133282719,high_DH
911,1706,4066,9060,0.7781266147116471,621.1109262717782,0.8559476641892938,0.533448357507664,high_DH
911,1708,4066,9099,0.4539666380707432,2359.2356880543416,0.07846935532305832,0.6977805531813399,low_DH
911,1875,4066,10048,0.5377385101632559,1867.1746628593635,0.0730870863839595,0.024581311153232,low_DH
912,1799,4082,9744,0.3987891770760167,902.3900700694895,0.49924491764874923,0.17185502918232104,high_DH
912,1847,4082,9855,0.39598219402364726,306.0922362441326,0.2968190872794223,0.21081772130535903,mid_DH
913,1797,4084,9740,0.3319322320650933,719.2790007158998,0.5580414120694419,0.5264521917039,high_DH
913,1839,4084,9836,0.2678976789706077,308.6915310206955,0.41847699192144583,0.16448855062654794,high_DH
913,1841,4084,9839,0.3558823645770757,370.0588746226276,0.3002407499877704,0.04268696944128303,mid_DH
913,1878,4084,10067,0.24258877678680507,263.58403122652305,0.49894084943416844,0.19615791848713904,high_DH
913,1881,4084,10071,0.21903145156902257,300.1573710726745,0.9836750144237698,0.059910907621634035,high_DH
913,2103,4084,11835,0.2520744005530561,610.4938546382937,0.2784143687608747,0.137936327883327,mid_DH
914,1838,4085,9835,0.3283118479189742,386.6302948757281,0.07995451139116859,0.167957547927108,low_DH
914,1839,4085,9836,0.23168403468330634,360.1169510690865,0.1451138667447551,0.35701021533691996,low_DH
914,1863,4085,9894,0.3232232858679907,1370.6626110930224,0.43576283432532703,0.06307990358576798,high_DH
914,1864,4085,9905,0.3850815789282995,1024.563973349087,0.12058689828434896,0.31334084164766096,low_DH
914,1878,4085,10067,0.22540534880822888,217.9999817558596,0.1399964951319525,0.0036362537767670178,low_DH
914,1881,4085,10071,0.36682408077608325,293.9369270363129,0.6250724709739311,0.13261075708873798,high_DH
915,1838,4087,9835,0.300021825377874,546.0219413406235,0.07934027638888766,0.026379343987023962,low_DH
915,1840,4087,9837,0.30206506079919776,540.538408961057,0.09893729469770823,0.139237772575324,low_DH
915,1847,4087,9855,0.29141405081187444,282.9304128075048,0.06618917364525666,0.10626543462722399,low_DH
916,1799,4089,9744,0.48653485733880053,744.9136999122821,0.4616342092354663,0.341191120348909,high_DH
916,1847,4089,9855,0.274389790932606,250.64252673010841,0.24490240809687236,0.30222842822587104,mid_DH
916,1856,4089,9879,0.4249150034009104,960.0780047430095,0.16169535108137653,0.544503081162322,low_DH
917,1796,4095,9739,0.17788236617879943,582.5025495898499,0.4134934816617528,0.300206227087354,high_DH
917,1798,4095,9742,0.24764507884188033,554.023459515567,0.2314178713899456,0.24803869147200502,mid_DH
917,1800,4095,9745,0.27245770282708714,606.454658394731,0.1305749163331702,0.18359677806274,low_DH
917,1828,4095,9808,0.18808232062737792,223.0057800654574,0.23827743600786916,0.78801473385763,mid_DH
917,1837,4095,9833,0.21278518386015588,560.2695126355517,0.06645467347943708,0.060344740536991015,low_DH
917,1839,4095,9836,0.29602836814236066,496.18156676512075,0.2141916200058684,0.46210709699334995,mid_DH
917,1844,4095,9850,0.25016116517860426,311.5184528461713,0.16229224182390634,0.11706937783619198,low_DH
917,1849,4095,9862,0.22478086415501564,400.3330073988,0.13948626367932462,0.24279043993447702,low_DH
917,2102,4095,11825,0.2628366245497356,412.7660929332493,0.2829883744038878,0.00930426158985001,mid_DH
918,1796,4096,9739,0.24190145960212586,560.2806570021228,0.2753166139185303,0.20657034540561803,mid_DH
918,1798,4096,9742,0.26947179889020184,534.0998437438012,0.09609484537666078,0.15440280979026905,low_DH
918,1800,4096,9745,0.2853069217266735,584.6338883341751,0.0912690518740202,0.08996089638100402,low_DH
918,1837,4096,9833,0.18023602171306072,574.2757874639576,0.13775322245436136,0.03329114114474496,low_DH
918,1843,4096,9847,0.2732358325112804,367.22271493274263,0.09193899842714076,0.028499281776880964,low_DH
918,1844,4096,9850,0.21016574888648326,327.59981726750357,0.07754438589973203,0.023433496154456,low_DH
918,1849,4096,9862,0.29018895373673487,419.78812192471383,0.1205803138184802,0.14915455825274104,low_DH
918,2102,4096,11825,0.2453668157142556,399.0647846674929,0.15051204560373116,0.08433162009188597,low_DH
919,1797,4097,9740,0.3167265657883737,372.7766481394939,0.08140162791532937,0.009041433781372121,low_DH
919,1830,4097,9814,0.28236765930992913,517.7437628047652,0.3615171134926553,0.2573563086353471,mid_DH
919,1835,4097,9829,0.3197743271920497,642.1249427014637,0.2814354907073942,0.571543920969926,mid_DH
919,1841,4097,9839,0.29372080391292726,597.4204437930534,0.294325598964228,0.578180594926555,mid_DH
919,1843,4097,9847,0.23224433423300916,478.0077308667439,0.3251638389358094,0.7679755719472191,mid_DH
920,1797,4098,9740,0.25509832113597714,234.74200066010593,0.12726515777504596,0.546182457797898,low_DH
920,1805,4098,9751,0.24412440122669166,796.2207890839336,0.05692199629271158,0.17588602495448297,low_DH
920,1818,4098,9789,0.3015412453442658,1010.730538219181,0.14786227453570705,0.07945076821826602,low_DH
920,1830,4098,9814,0.20410973628467602,593.3357953705627,0.2748377798078901,0.297867582943923,mid_DH
920,1833,4098,9825,0.18068058861168743,545.870118560104,0.36804365675753137,0.285094069164197,mid_DH
920,1835,4098,9829,0.1913776100801151,696.065970926027,0.17501468065060044,0.016320029390655966,low_DH
920,1841,4098,9839,0.23118566215629727,685.6950463847013,0.22531083472277566,0.022956703347285,mid_DH
920,1843,4098,9847,0.22692521463444434,598.2453633446207,0.25889852126176677,0.21275168036794898,mid_DH
920,1848,4098,9857,0.24807002947482085,623.2401876493036,0.40201517965983796,0.22050720558262005,high_DH
921,922,4100,4106,0.46633361632524417,236.22196513679697,0.3426128221605841,0.125788843463715,mid_DH
921,1779,4100,9704,0.5223772481408011,4639.946773793551,0.43739829067346736,0.01690380809922498,high_DH
922,923,4106,4109,0.48794868988254325,1323.3398831087559,0.1781522967749815,0.13636106587286306,low_DH
922,924,4106,4115,0.3774102674739632,395.1269907284691,0.21893480282334396,0.17529179808183598,mid_DH
922,927,4106,4118,0.4408488280133432,700.8564620438849,0.33937872009620024,0.029551825437043988,mid_DH
922,928,4106,4119,0.4723933026501462,784.4857285590663,0.04907943294228998,0.06696177343342996,low_DH
922,1882,4106,10072,0.4288245929549993,334.17513385269734,0.08146479589879162,0.196559988404854,low_DH
923,924,4109,4115,0.2440778049691151,928.2128936703851,0.15647085286802792,0.03893073220897292,low_DH
923,925,4109,4116,0.4750000340675187,800.5298838965438,0.10008037557855565,0.18991154351973205,low_DH
923,927,4109,4118,0.4948333817899919,628.8094066042872,0.4163051699793794,0.16591289130990705,high_DH
923,928,4109,4119,0.2983171820876262,589.6932180625726,0.18761511678433318,0.20332283930629302,low_DH
923,934,4109,4134,0.43322105070245265,945.6343179528417,0.33742920593950326,0.581577532908228,mid_DH
923,1795,4109,9738,0.24924397829058437,947.7781499974712,0.5700301488086625,0.25214157800395703,high_DH
923,1882,4109,10072,0.37369901910017406,1042.56830577097,0.17130976352995864,0.33292105427771707,low_DH
924,927,4115,4118,0.48316290559533775,309.58549475428083,0.5268834246410593,0.20484362351887997,high_DH
924,928,4115,4119,0.24259943469478507,410.88063187235235,0.24992465988385673,0.24225357151526594,mid_DH
924,934,4115,4134,0.43249262160712043,1640.9406486173234,0.44192890932355655,0.6205082651172009,high_DH
924,1795,4115,9738,0.3276950414126404,824.3024329506009,0.45815550889874995,0.29107231021292995,high_DH
924,1807,4115,9753,0.3742495353661254,1896.1509774849565,0.6205704438946064,0.36465277822571696,high_DH
924,1883,4115,10073,0.5057191579287116,465.29152382716535,0.3417762037171422,0.435091440978421,mid_DH
925,928,4116,4119,0.3665604758537207,283.5613795361255,0.13651668388189897,0.013411295786560973,low_DH
925,932,4116,4130,0.4234941790114077,1028.18419965054,0.1216371099521644,0.098046272462598,low_DH
925,1794,4116,9737,0.4542876887565209,1158.4356760179048,0.590304395359528,0.265664705563112,high_DH
925,1795,4116,9738,0.4286317749071031,749.3205541419953,0.5768800531878039,0.06223003448422498,high_DH
925,1807,4116,9753,0.4197930490019042,1935.2730349455437,0.5055786261275967,0.135810502497012,high_DH
925,1878,4116,10067,0.394915999423688,636.1357836847465,0.052162133358942424,0.13040486920176803,low_DH
925,1882,4116,10072,0.33682407329101527,264.01940023923606,0.12682123044832427,0.14300951075798501,low_DH
925,1883,4116,10073,0.24815587593326321,590.5276569100636,0.2250205918283632,0.206249165249716,mid_DH
925,2100,4116,11809,0.4877475325319454,2715.5105270727345,0.12459250316946577,0.08705920359347002,low_DH
926,931,4117,4127,0.43528999226712545,1005.0369817526054,0.6540019574104112,0.369982095979203,high_DH
926,932,4117,4130,0.4701995192749974,1010.8122301028247,0.5717768836559678,0.200485303987806,high_DH
926,1893,4117,10116,0.5767266246716939,4468.292122645726,0.6084159062973582,0.04931587506199901,high_DH
926,1894,4117,10118,0.5735243203293472,4570.235149977089,1.240624843731687,0.17257609573475402,high_DH
926,1897,4117,10129,0.6955973260451634,5239.566530426706,0.9154342640519212,0.092193531494148,high_DH
927,931,4118,4127,0.5288652389911408,857.8083351146443,0.43379107398623445,0.047451867318973995,high_DH
927,932,4118,4130,0.4973996003084331,859.7618597554053,0.5026511264643747,0.122044924672423,high_DH
927,933,4118,4133,0.51422248257402,1241.038080885205,0.18480721119654578,0.218101320167263,low_DH
928,1795,4119,9738,0.31050831288884106,565.6536757271551,0.7059613049567595,0.04881873869766401,high_DH
928,1882,4119,10072,0.29472297338297,470.1207853873304,0.04846961970615949,0.12959821497142404,low_DH
929,933,4124,4133,0.4792554283616675,660.0900424409599,0.6830780063716998,0.051584303330482,high_DH
930,1066,4125,5022,0.5493382641242905,8106.356087124025,0.23915634111822073,0.254836392036977,mid_DH
930,1766,4125,9685,0.5906566324289834,4396.371739884945,0.4536034280364822,0.256252365962088,high_DH
930,1779,4125,9704,0.5899150322683921,4991.920466997454,0.10166634505268063,0.21587381406341105,low_DH
931,933,4127,4133,0.36271214475684493,780.1573863136805,0.3176053396176318,0.265553187486237,mid_DH
931,969,4127,4361,0.5539352401797346,4639.4224376295615,0.24033066426056873,0.03710694570893397,mid_DH
931,970,4127,4365,0.448797204747358,4612.575209549796,0.11442665182862095,0.30173162702357603,low_DH
931,1884,4127,10075,0.38158699087589965,844.5753876744412,0.5972597394322839,0.377315815269302,high_DH
931,1896,4127,10127,0.4402857853195103,4400.012760947747,0.49520290447147186,0.30505429443688703,high_DH
931,1899,4127,10131,0.4616548503997748,4294.853091445021,0.27996223906344514,0.13086968368478402,mid_DH
932,933,4130,4133,0.40769148381183873,746.0373627915702,0.3683970727194038,0.09605639549483999,mid_DH
932,970,4130,4365,0.4704558333525057,4632.00178576365,0.20949850220039126,0.132234835032179,mid_DH
932,1791,4130,9734,0.5313825525600361,1975.0976391106508,0.42819233025787284,0.09296416083682899,high_DH
932,1883,4130,10073,0.4585109602606887,1618.0410481632603,0.32538779252219463,0.108202892787118,mid_DH
932,1884,4130,10075,0.39101578002740106,847.3605587292501,0.6666238057199232,0.207819023277905,high_DH
932,1896,4130,10127,0.44830056478053326,4419.601182039831,0.4354257769704859,0.13555750244549,high_DH
932,1899,4130,10131,0.49965166656645305,4313.704613721957,0.23236650210935353,0.03862710830661298,mid_DH
933,970,4133,4365,0.5281984315061634,5016.023181353486,0.2851973033953157,0.03617843953733901,mid_DH
933,1896,4133,10127,0.5257060849955375,4809.582736872154,0.8006421692789574,0.03950110695065001,high_DH
934,957,4134,4328,0.41315544147667593,4380.398650255086,0.34735383411056914,0.472580045844684,mid_DH
934,1756,4134,9668,0.4398046113352049,2116.3474911784842,0.8215334194415719,0.098547569935775,high_DH
934,1770,4134,9691,0.3383131369540949,3134.337336531886,0.1656627638699947,0.404386443895916,low_DH
934,1794,4134,9737,0.42561586043797206,1095.3315599772438,0.8841734372139706,0.126001283825384,high_DH
934,1807,4134,9753,0.4237547669579025,2487.4489589279115,0.1834083096354955,0.255855486891484,low_DH
934,1895,4134,10126,0.4269932062063331,4881.791936141586,1.0153505282582735,0.304654546924366,high_DH
935,1018,4142,4708,0.36621459765964054,2803.348538892426,0.9406532607307626,0.21238947824049903,high_DH
935,1019,4142,4736,0.4927451858107504,2972.5504049137303,0.8220740012825012,0.506047562767964,high_DH
936,938,4245,4266,0.42684142767717187,436.25597480918515,0.12183375336515459,0.22736434876338596,low_DH
936,995,4245,4450,0.28367662931438586,437.4564249166712,0.552844646692001,0.465658003439671,high_DH
936,996,4245,4453,0.4745850820825444,492.88805466148153,0.39025203959599075,0.03297561694236906,mid_DH
936,997,4245,4454,0.5011797860599166,577.4872505740154,0.3055970439250584,0.07712131373470699,mid_DH
936,998,4245,4455,0.3525540831723961,680.3732426607118,0.49759159901747857,0.09104581689292501,high_DH
936,999,4245,4540,0.3593204893455649,736.2429945271275,0.6119981590291206,0.265134117704087,high_DH
936,1005,4245,4554,0.45063858261470363,914.8648072690822,0.48748900524613537,0.537781898349236,high_DH
936,1025,4245,4779,0.4415123680453786,2791.182163573988,0.46724066732798214,0.16411061545947703,high_DH
936,1038,4245,4856,0.4549020359674634,3472.2353312520554,0.6617741143043077,0.13731421314403092,high_DH
937,1022,4257,4754,0.6160971213886047,2802.2130717068208,0.3530145950590955,0.5368977125219709,mid_DH
937,1919,4257,10240,0.6617437345677595,2885.9454914483717,0.47048128907179776,0.083550805881921,high_DH
937,1924,4257,10270,0.5807782189066653,3542.135066656595,0.3405911240441591,0.367765456475452,mid_DH
938,998,4266,4455,0.4558049942336492,436.1473773476934,0.3890963357154727,0.318410165656311,mid_DH
938,999,4266,4540,0.47695748330508164,579.9767511402749,0.5006700792558401,0.037769768940701054,high_DH
938,1005,4266,4554,0.4200252024005454,783.3770879248958,0.3770635434497911,0.765146247112622,mid_DH
938,1019,4266,4736,0.44342834766650374,2575.930561360391,0.7097075959933957,0.831100231788006,high_DH
938,1038,4266,4856,0.3171098500945398,3464.13682037132,0.5521117092664098,0.09005013561935504,high_DH
939,1020,4272,4738,0.6185936275507748,2893.211382109805,0.4659796078295316,0.457058313422646,high_DH
939,1546,4272,6781,0.6852363378288182,5115.46273753334,0.4348774117596169,0.49281232241197703,high_DH
939,1560,4272,6963,0.7778746166864426,3771.3444390043464,0.20666326186467845,0.02025992777407004,mid_DH
941,1549,4300,6821,0.5658739708826341,5690.162405746256,1.1197500562991567,0.572470051797735,high_DH
941,1753,4300,9659,0.5598221862150535,7007.060261582619,0.628058120850759,0.438084621266587,high_DH
941,1887,4300,10106,0.39795791936880454,364.94750119728354,1.1694584203974498,0.356075531481213,high_DH
941,1890,4300,10112,0.5634430423882524,978.4675978054468,1.6139311697332348,0.07645069101456803,high_DH
941,1927,4300,10290,0.5782715948427845,3500.3913172782186,0.9509293936292843,0.546025133958377,high_DH
942,959,4301,4330,0.2668087614710193,521.9459668626587,0.6625255931687235,0.103213741430007,high_DH
942,960,4301,4331,0.4613383286998299,546.739240722058,0.3687886764303035,0.12869389539273002,mid_DH
942,966,4301,4356,0.5437566042519361,900.5375741734874,0.256747751559885,0.019116307611928007,mid_DH
942,987,4301,4417,0.5587640394279333,1491.2924172345672,0.1678016627511378,0.11655794629181598,low_DH
943,958,4302,4329,0.4394215574937242,424.90440733380535,0.6266325993517431,0.26034861026739403,high_DH
943,1054,4302,4961,0.5101657474033109,3177.225912656157,0.23049591497989863,0.43080509174603104,mid_DH
944,965,4304,4355,0.32752024505087196,1217.2950732663082,0.2335133620918438,0.018862927732582024,mid_DH
944,989,4304,4429,0.4220364032872259,1703.704640917829,0.5088782731766731,0.697295558647669,high_DH
944,991,4304,4432,0.43353270502059876,1319.0517563190224,0.66749431253713,0.319101613958418,high_DH
944,992,4304,4435,0.2605228278154498,1049.901196788657,0.5529018604162871,0.788886267376743,high_DH
944,1902,4304,10136,0.4135112658006206,1209.2971274277313,0.2713470704247196,0.067166008191343,mid_DH
944,1910,4304,10162,0.3879191813385703,2391.4534258887215,0.64635199931527,0.40037294609663704,high_DH
944,1911,4304,10166,0.39059329251144004,1801.379045823629,0.5223695929112474,0.35537790686863097,high_DH
945,1029,4305,4800,0.8458092442616363,4962.652501167142,0.5584732957882028,0.649382198477084,high_DH
946,1013,4306,4696,0.9917872631199985,4961.087156520154,0.18728718478481007,0.36278677546044297,low_DH
946,1015,4306,4699,0.94316990378416,4862.94829831997,1.2760079939779707,0.329549785112035,high_DH
946,1016,4306,4700,0.8493695805900199,4908.786218433858,1.530509681153182,0.350965569653833,high_DH
946,1028,4306,4795,0.706017113047582,4873.128351226926,1.1616451384721138,0.7235404929868441,high_DH
946,1033,4306,4804,0.9568817347906639,4891.492245904915,1.220834435062704,0.6586098614197391,high_DH
946,1034,4306,4813,0.7154759269375554,5159.62021717817,1.1367550007785707,1.0030412784182199,high_DH
946,1918,4306,10229,0.6592515310026521,4846.406007781965,0.5367113362901724,0.662726413119452,high_DH
946,1922,4306,10250,0.6834858778923414,4944.465377431752,0.8453481608347156,0.914636360897884,high_DH
947,1045,4307,4920,0.6215802587384182,6493.014366158802,0.614310440841937,0.424971583248526,high_DH
947,1057,4307,4965,0.5523942445599892,5342.869533435198,0.5201139446177968,0.21135986827619102,high_DH
947,1089,4307,5110,0.5846421783788727,4519.916288090876,0.33719135511715803,0.24772479719727503,mid_DH
947,1780,4307,9706,0.6332586240921112,7362.244548924666,0.09991406329692462,0.30769244110903,low_DH
947,1911,4307,10166,0.4935416861989805,3049.629820241739,0.6572291034985692,0.011624508745328055,high_DH
948,957,4309,4328,0.3678425782798427,1612.1937870247873,0.6830057162161756,0.13670574355439696,high_DH
948,989,4309,4429,0.42164334456682745,2917.3236865393665,0.6420858820311368,0.680132623677876,high_DH
948,1890,4309,10112,0.44325967110422787,576.8819405127799,0.6555029741128479,0.21361375579383396,high_DH
948,1898,4309,10130,0.4280866717793994,2018.6463337258172,0.49816147570677394,0.15593635247894602,high_DH
948,2096,4309,11796,0.4490336911086392,5642.889719854469,0.5294930636213231,0.21269007896728392,high_DH
949,1777,4310,9702,0.5032507953869008,6369.702131498102,0.08781045558298628,0.08765550219157903,low_DH
950,986,4312,4416,0.46644431705999473,3250.0766424151752,0.06896562019479345,0.674457973474925,low_DH
950,992,4312,4435,0.45757489663204715,2201.8613380152187,1.0195287615819617,0.19998709947050297,high_DH
950,1890,4312,10112,0.3947327001914169,500.3448191012455,0.22241361011863575,0.358122477142613,mid_DH
950,1901,4312,10133,0.4075749155523807,2251.927396204045,0.904708780979936,0.6442384467040649,high_DH
950,1911,4312,10166,0.4259199805330201,2954.7479889424235,0.9731480947413537,0.23352126103760906,high_DH
951,952,4313,4314,0.3941996407270143,663.7076382168461,0.9746430876594564,0.33331662685059504,high_DH
951,967,4313,4357,0.34767407163556446,1837.251039826359,0.35961128265261816,0.276472932890654,mid_DH
951,971,4313,4372,0.26172335583475376,1977.4584017598715,0.33268243175836776,0.387808763324736,mid_DH
951,985,4313,4408,0.3380679186076432,2205.065008460155,0.48765324724445763,0.23217087338216302,high_DH
951,1908,4313,10155,0.3745737353346908,2369.6170785368863,0.8873922985889083,0.158481575331466,high_DH
951,1909,4313,10156,0.42229420019961134,2355.492368881572,0.4011744124613973,0.698240159746147,high_DH
952,967,4314,4357,0.3166131566130861,1295.9426004718416,1.3199711536930805,0.056843693959941016,high_DH
952,971,4314,4372,0.3342908205517624,1404.8079399062096,0.6764825805503775,0.054492136474141,high_DH
952,985,4314,4408,0.39559860151252246,1618.2798468649123,0.5369270533301899,0.10114575346843199,high_DH
952,1891,4314,10114,0.38209656268710984,608.0806388915477,0.9228294069117661,0.219634110409309,high_DH
952,1904,4314,10139,0.25349620855847554,1240.8124311121408,0.7483955116314229,0.224280609284129,high_DH
952,1905,4314,10144,0.2653729017938421,1432.4645310572103,0.5717171115989323,0.458003020851908,high_DH
953,955,4317,4322,0.2896218068737367,597.003567211059,0.06485675226123383,0.199720532249122,low_DH
953,956,4317,4324,0.3520819319816969,664.5259653817994,0.3308134627034382,0.07743880158912203,mid_DH
953,965,4317,4355,0.17746455542837775,1559.0295643089732,0.17990727884094476,0.189398088332478,low_DH
953,976,4317,4393,0.37736351347899116,1765.5448015680286,0.07871042135395125,0.30146207644215606,low_DH
953,1900,4317,10132,0.2916114605646917,1154.3552925991637,0.13463628250533297,0.12524789373329104,low_DH
953,1902,4317,10136,0.307739679212904,1557.6717979422137,0.3151575186431888,0.14109500787371704,mid_DH
953,1904,4317,10139,0.1861545688182646,1510.9759992686356,0.38693893566085047,0.10289536704644703,mid_DH
953,1905,4317,10144,0.3376715540737388,1764.2389809968197,0.23722713755718458,0.13082704452133198,mid_DH
954,961,4318,4334,0.30961728831756713,700.6548158284386,0.3088265364449876,0.414857961023209,mid_DH
954,963,4318,4351,0.13116920574852742,905.0888073285239,0.14603824798165932,0.14503520391561098,low_DH
954,964,4318,4352,0.2161399773780321,1094.1283993641491,0.26344783027086716,0.10002614918394304,mid_DH
954,972,4318,4378,0.38901176328157816,1444.3720202649693,0.24230420286158078,0.12766021355368506,mid_DH
954,987,4318,4417,0.4112354372881597,1841.804786813153,0.14091085963895372,0.504715876380931,low_DH
954,1902,4318,10136,0.42536288370923075,1146.5076634082968,0.1938468223187477,0.294216007051543,low_DH
955,957,4322,4328,0.2639877197203452,279.28681393738884,0.43073360608335615,0.14532819470825198,high_DH
955,965,4322,4355,0.33880539563659035,1190.585829690257,0.19986595510723823,0.010322443916643997,mid_DH
955,976,4322,4393,0.30733775948431413,1359.1261353817958,0.08217190904174718,0.10174154419303402,low_DH
955,1892,4322,10115,0.25114270969653096,226.26442728032768,0.11903877402228137,0.303807014045828,low_DH
955,1898,4322,10130,0.2670489293073855,733.0833770877038,0.5468052438659305,0.147313901325091,high_DH
955,1900,4322,10132,0.24876656182649373,844.0583589964274,0.19186905209739635,0.07447263851583097,low_DH
955,1904,4322,10139,0.22582455519728023,1131.5767032423616,0.4149048660314768,0.09682516520267498,high_DH
956,957,4324,4328,0.24031681689480172,228.8485117764162,0.7668471550005908,0.023046464048252002,high_DH
956,976,4324,4393,0.314718298268249,1296.1645900041976,0.3390102442016839,0.224023274853034,mid_DH
956,1892,4324,10115,0.30463278364635926,298.82886476894794,0.45360624413288,0.18152528338582802,high_DH
956,1898,4324,10130,0.24444178729813684,673.4483301515197,0.23499731157944148,0.26959563198509096,mid_DH
956,1900,4324,10132,0.25481714683903095,798.3198995297812,0.3853737182514536,0.04780909214416901,mid_DH
956,1904,4324,10139,0.27820163713237395,1072.996883636901,0.12434103935940315,0.025456565457324998,low_DH
956,1905,4324,10144,0.35299527291967964,1278.566736232473,0.1036473717371204,0.208265846110454,low_DH
957,1895,4328,10126,0.30008237260181475,521.0661360952276,1.34985977046062,0.167925498920318,high_DH
957,1898,4328,10130,0.14171370278434026,456.9040637537844,0.9696058885182088,0.292642096033343,high_DH
957,1900,4328,10132,0.3510301527963152,569.4814300790725,0.5035967899050389,0.07085555619242101,high_DH
957,1906,4328,10147,0.4051118355689883,1229.9918231890451,0.30711103922552385,0.16171812230765098,mid_DH
958,964,4329,4352,0.4310172330159013,576.8336405871654,0.39959869128898556,0.11741641939882197,high_DH
958,990,4329,4431,0.4907058948811449,1004.6884614260422,0.15708018776083252,0.604408790135325,low_DH
958,1086,4329,5103,0.5057673662535648,2117.8426856682977,1.2618716601809103,0.23174662433686805,high_DH
959,961,4330,4334,0.3522522709509231,249.57024076166664,0.44203999155818213,0.129913772364101,high_DH
959,966,4330,4356,0.41060464759962095,704.6887357416848,0.5251507058812902,0.08409743381807899,high_DH
959,1902,4330,10136,0.36038898064395347,737.1536669823486,0.5574287152701158,0.009271818392435016,high_DH
960,1754,4331,9665,0.559772894402946,6497.825118011529,1.2632731971599687,0.192460642023736,high_DH
961,963,4334,4351,0.3666452065066973,482.53257454385687,0.21515718608265869,0.269822757107598,mid_DH
961,972,4334,4378,0.19845146708915826,810.7780015876617,0.4372529450428196,0.5425181745768941,high_DH
961,1792,4334,9735,0.4296633298538954,5397.2743693297125,0.7550464512132737,1.006610126909967,high_DH
961,1902,4334,10136,0.3083781729673999,596.0973301923501,0.190590256195792,0.120641953971666,low_DH
962,1110,4339,5238,0.5129408529417719,5709.5852154651175,0.4040190135892873,0.27175282566620096,high_DH
962,1887,4339,10106,0.44387158716007424,593.0557166426975,0.548239562402404,0.22015919774228798,high_DH
962,1927,4339,10290,0.5966266468091531,3210.9021385558144,0.7812826949609838,0.030209595265123998,high_DH
963,964,4351,4352,0.18009506242490733,223.63629425075177,0.21391564080615252,0.245061353099554,mid_DH
963,972,4351,4378,0.4182938758688429,600.96579559215,0.23322190430901862,0.27269541746929604,mid_DH
963,987,4351,4417,0.40046842165090446,941.8390854644416,0.08355493155158296,0.35968067246532,low_DH
964,987,4352,4417,0.39288587722287227,797.3863581494052,0.14328822803879507,0.604742025564874,low_DH
965,1910,4355,10162,0.374606644309911,1254.8526745318234,0.627284417569572,0.381510018364055,high_DH
966,1895,4356,10126,0.42782035232042526,385.41492224786333,0.5867780449187354,0.006397213161827009,high_DH
967,985,4357,4408,0.25087124725354476,411.0935734774804,0.8428686323283118,0.044302059508490976,high_DH
967,1891,4357,10114,0.1736084963735099,1776.2961684378593,0.5000806161361715,0.16279041644936798,high_DH
967,1892,4357,10115,0.3565612611420537,1373.7579943434691,1.1039673932972434,0.374418764167341,high_DH
967,1908,4357,10155,0.4124602925321408,557.3179143732075,1.2406656099545326,0.11799135755918799,high_DH
967,1909,4357,10156,0.2193880802996138,566.3344950441202,0.7575208738456586,0.421767226855493,high_DH
968,980,4358,4401,0.4957206811809485,356.69156151447754,0.6169457889399333,0.0072268245419140065,high_DH
968,985,4358,4408,0.5074889559187641,405.6782639191245,0.4737173705015283,0.136643314557754,high_DH
968,1791,4358,9734,0.49256524746846186,6249.162427120872,0.7599633346454524,0.036356710123413016,high_DH
968,1891,4358,10114,0.3451477747912947,1767.6476710729312,0.2583240734179945,0.25513167149863103,mid_DH
968,1899,4358,10131,0.40146872841474224,480.50057798798366,0.17119771465695793,0.16794797926685498,low_DH
968,1908,4358,10155,0.48345423693556844,556.7009132922669,0.8590986458412486,0.21033261260845101,high_DH
968,1909,4358,10156,0.2944110314752566,561.7513904362398,0.3827657104148309,0.32942597180623,mid_DH
968,1940,4358,10330,0.48498342585881377,1331.5600687050755,0.9994572504095062,0.0038055669425989813,high_DH
969,974,4361,4388,0.4861712542520605,299.5471369305274,0.10373778105226995,0.05559006159767099,low_DH
969,980,4361,4401,0.3013313755512741,459.73326870105797,0.07414557087708493,0.254483892700791,low_DH
969,1896,4361,10127,0.5046257200249551,246.0227838636472,0.7070629637786195,0.267947348727953,high_DH
969,1899,4361,10131,0.23280858160948287,381.1792445404238,0.5039099224605893,0.09376273797585005,high_DH
969,1940,4361,10330,0.5083806672451293,1435.0072138457786,0.4304647530773192,0.26551628418530404,high_DH
969,2052,4361,10676,0.519184600508577,7670.1515616536235,0.42598475706162514,0.42453629252582703,high_DH
970,974,4365,4388,0.46660078885861955,373.3726070059901,0.2127381940324187,0.320214742912313,mid_DH
970,980,4365,4401,0.520614729676192,531.4864569042669,0.16270933460115306,0.01014078861385101,low_DH
970,1894,4365,10118,0.5228935341396832,903.1905436593256,0.5177325664304258,0.10432562677912702,high_DH
970,1896,4365,10127,0.22837107414874164,213.80461079220126,0.5817070354291355,0.003322667413310998,high_DH
970,1899,4365,10131,0.2097354536685008,328.60615073877705,0.3713824965899987,0.17086194333879198,mid_DH
970,1906,4365,10147,0.39278216448246756,463.03248590626276,0.29304220173603,0.14947704164331402,mid_DH
971,985,4372,4408,0.17234103796747216,234.37908779573448,0.2905621428082763,0.155637889942573,mid_DH
971,1891,4372,10114,0.37765599396740995,1916.2499425832336,0.37446604479731255,0.27412624688345,mid_DH
971,1908,4372,10155,0.48808905830299265,393.44400565405596,0.6125414778979322,0.22932718799327,high_DH
971,1909,4372,10156,0.40086461669481505,390.53544652866907,0.20879879721767655,0.310431396421411,mid_DH
973,978,4387,4395,0.44448659349936226,227.53019042064213,0.09170836433474644,0.265558643076961,low_DH
973,1903,4387,10137,0.43387680617087526,267.8023348010795,0.6462473664027281,0.7594351938135859,high_DH
974,1791,4388,9734,0.43703162916871496,6439.314682557269,0.29785868704546886,0.280944068716963,mid_DH
974,1896,4388,10127,0.4402294821737801,533.7991793744235,0.7601141036549389,0.323537410325624,high_DH
974,1897,4388,10129,0.5318674939076162,500.71042940400025,0.2264704832850699,0.480658743362088,mid_DH
974,1898,4388,10130,0.3990719827853815,655.5805952934506,0.5623814140266246,0.301661674994691,high_DH
974,1899,4388,10131,0.4962584796510212,676.7278731464802,0.5628148666372108,0.14935279957352104,high_DH
975,989,4392,4429,0.46846811770084085,668.0720920023994,0.30502266042265125,0.7625721161212901,mid_DH
975,1889,4392,10110,0.4612653172564099,2475.8267141154843,0.990921522588938,0.5486135914145349,high_DH
975,1891,4392,10114,0.4120781747755711,1868.4028489249,0.2260154404394942,0.165995707617414,mid_DH
975,1892,4392,10115,0.35114646619110085,1468.4459177562676,0.5151279172135212,0.377624055335387,high_DH
975,1901,4392,10133,0.3022234662090949,244.69722340996626,0.3125130899291575,0.009937278675796024,mid_DH
975,1906,4392,10147,0.3851345718268565,205.5780913423586,0.517756569929076,0.057427113690160014,high_DH
975,1910,4392,10162,0.3943019382135533,1140.0491685480795,0.8051811699325084,0.465649503570258,high_DH
975,1940,4392,10330,0.3128556572356638,1338.2480414835475,0.777480219650913,0.09294153082381598,high_DH
976,983,4393,4405,0.4230979845506466,432.2510626373526,0.32662329257861117,0.233497982870433,mid_DH
976,1891,4393,10114,0.364783674007624,1936.4578647106134,0.5849271633817771,0.193920210520889,high_DH
976,1892,4393,10115,0.2162507786294319,1534.0807459172374,0.16125051963232892,0.40554855823886204,low_DH
976,1898,4393,10130,0.33267500557572005,629.4074350969422,0.5316169023425001,0.045572357132056984,high_DH
976,1900,4393,10132,0.16162194544506508,625.2133035685438,0.19133960639472056,0.176214182708865,low_DH
976,1904,4393,10139,0.3086189386839858,258.5038713460237,0.4055212653057484,0.198566709395709,high_DH
977,980,4394,4401,0.47604313228367706,349.5666011955488,0.19178481089130367,0.117977237539856,low_DH
977,984,4394,4407,0.6041360581301839,447.1446339119423,0.6839271169103763,0.046627137289367016,high_DH
977,1940,4394,10330,0.34582946338401543,1374.4856086314733,0.5660723510309508,0.129009629024369,high_DH
978,1938,4395,10327,0.42833294407750383,2063.7770770266143,0.7781172324418826,0.075300306129212,high_DH
979,1080,4396,5057,0.5834910136295003,2878.4354879313373,0.2961768756872691,0.12194526290964999,mid_DH
979,1936,4396,10316,0.4307464373564027,2998.903380539266,1.1316409024475904,0.03461168365025499,high_DH
980,1899,4401,10131,0.3791376085625057,837.0759256293686,0.531925738558052,0.16072115472494097,high_DH
980,1907,4401,10151,0.4188178618994817,329.2602652160995,0.21511601428297564,0.242035796047063,mid_DH
981,1068,4402,5028,0.601788042258209,3016.6092675813225,0.21751759973160487,0.183198850582716,mid_DH
983,1061,4405,4982,0.5654024381306424,2559.5361049357534,0.4837306093295208,0.5219372760796951,high_DH
983,2092,4405,11791,0.6252887544218702,8824.390972163494,0.6318537059708251,0.087857207359024,high_DH
985,1891,4408,10114,0.34040628367669545,2143.831052662653,0.4068355364304308,0.118488356940877,high_DH
985,1905,4408,10144,0.31678966835461186,262.3281099476507,0.2057833735668334,0.356857267383476,mid_DH
986,988,4416,4427,0.5028111737927811,692.2184288320867,0.6137359652603562,0.8526603847210709,high_DH
986,1045,4416,4920,0.4804364145081512,3259.20087078629,0.9017219386789872,0.027589637934117978,high_DH
986,1911,4416,10166,0.4653554553891712,365.54059924054474,1.0185740787117177,0.4409367124373159,high_DH
987,990,4417,4431,0.3759751650707579,489.2730052766162,0.42170407586403647,1.091734396301377,high_DH
987,1050,4417,4937,0.5575189442206455,2664.1139465112715,0.202093251837765,0.10234737749316297,mid_DH
988,1045,4427,4920,0.4735291360702888,3708.529906989208,0.5280894858964281,0.8250707467869529,high_DH
988,1053,4427,4960,0.5963930759664838,1767.8820034093537,0.17433307899973824,0.4942845536919699,low_DH
988,1057,4427,4965,0.46008391690855766,2559.6461306907668,0.7657445028568373,0.6114590318146179,high_DH
988,1912,4427,10170,0.5290252110070043,1278.741344163311,0.12653930166319768,0.7089611592785559,low_DH
989,992,4429,4435,0.4642753378554942,656.2738766606567,0.13456017548883872,0.09159070872907393,low_DH
989,1889,4429,10110,0.4417853559638887,2877.17494288295,1.2806033507291337,1.311185707535825,high_DH
989,1890,4429,10112,0.46965953820318096,2361.948080917533,1.151458478522059,0.46651886788404207,high_DH
989,1901,4429,10133,0.3669138302447466,831.5241811582637,0.15486443734426247,0.7526348374454941,low_DH
989,1906,4429,10147,0.37149640922127264,551.422504400726,0.8117782009472824,0.7051450024311301,high_DH
989,1910,4429,10162,0.1795490759755992,730.4096432183611,1.1045510193133696,0.29692261255103203,high_DH
990,1054,4431,4961,0.47027524445475993,1876.5551096128788,0.5467164587784141,0.433952308656688,high_DH
990,1055,4431,4963,0.3468227513235488,2447.3882799226885,0.6252343939714127,1.0462123924445421,high_DH
991,992,4432,4435,0.4731635680761357,270.2027176805887,0.13667370146889057,0.469784653418325,low_DH
991,1066,4432,5022,0.5029248897194637,4023.184736347714,0.7330871297636026,0.340444127581603,high_DH
991,1901,4432,10133,0.4445476429073277,576.4349187424042,0.2996867052314082,0.374440892756243,mid_DH
991,1911,4432,10166,0.2585401820829493,482.9539023559744,0.14941244077317317,0.03627629291021295,low_DH
991,1938,4432,10327,0.4583998871319169,2338.333238132488,0.8071846933411204,0.525402103637568,high_DH
992,1050,4435,4937,0.4725382182083713,3377.0171292964947,0.688781290780396,0.829872751021625,high_DH
992,1056,4435,4964,0.504960831818949,3093.7608938897633,0.6031607264815713,0.848071291149758,high_DH
992,1890,4435,10112,0.2953014909967406,1706.060269641471,1.2263838621313996,0.558109576613116,high_DH
992,1911,4435,10166,0.3454465439331092,753.1237745252694,0.0742918001041834,0.43350836050811203,low_DH
992,1912,4435,10170,0.5172922566427038,1806.256953753799,0.44886584383673594,0.7307458475029129,high_DH
993,1006,4440,4555,0.40591198999892847,261.52651568423624,0.7496614441332192,0.758807047183796,high_DH
993,1027,4440,4791,0.33092780646705394,2131.09321961868,0.7129467964876787,0.538241347514949,high_DH
993,1034,4440,4813,0.7228956160120712,2202.4072246117876,0.39790867830220505,0.887423022977805,high_DH
993,1543,4440,6752,0.5514318490277363,4909.076608629784,0.43905230889403896,1.187157951196915,high_DH
993,1544,4440,6758,0.5402956487323135,4798.649639921788,0.4076276061854086,0.890443471269689,high_DH
993,1920,4440,10246,0.6482250126490651,2023.320248300585,0.34447605825605576,0.46062286977527,mid_DH
993,2055,4440,10878,0.6016638071346224,4369.8860724257,0.5145690842337464,0.27827091767420503,high_DH
994,1034,4441,4813,0.8411930153219922,2267.3215628757243,0.1727537958096656,0.534523030525114,low_DH
994,1041,4441,4879,0.7444974736458316,3235.655718533327,0.5201768573534584,0.06803500840315602,high_DH
994,2055,4441,10878,0.7421652315676653,4400.032240952071,0.21103558649579204,0.07462907477848596,mid_DH
995,997,4450,4454,0.38275006378522153,250.47224426232134,0.25252700771054304,0.388536689704964,mid_DH
995,998,4450,4455,0.2824908941667139,366.77495484195964,0.06406325941218267,0.374612186546746,low_DH
995,999,4450,4540,0.40477652431763,507.47148416157074,0.0712857725354109,0.730792121143758,low_DH
995,1003,4450,4545,0.40611996929533895,473.87938673324317,0.34166916486964044,0.27014290387583506,mid_DH
995,1005,4450,4554,0.4308998460218945,711.0147746649352,0.07023238937515364,0.072123894909565,low_DH
995,1037,4450,4853,0.45972370958864456,3306.5235573266373,0.20792376864588186,0.12965248494065595,mid_DH
995,1038,4450,4856,0.4327812566365961,3391.2595918543725,0.10956535924546994,0.6029722165837019,low_DH
996,998,4453,4455,0.5089702067461132,259.09379556705,0.15987093329480606,0.12402143383529407,low_DH
996,999,4453,4540,0.16207789929668454,403.2515669906872,0.24170694026148698,0.23215850076171796,mid_DH
996,1000,4453,4541,0.46489167881233334,380.5257777616981,0.09492100741575028,0.27513357559475193,low_DH
996,1002,4453,4544,0.3747773821008583,439.4283516058233,0.314537515513516,0.029153940362387942,mid_DH
996,1005,4453,4554,0.426725292757412,606.1129968355315,0.135980767595126,0.5707575152916051,low_DH
996,1024,4453,4770,0.45020505531437527,2613.2126062066377,0.5186796428960623,0.3639602875083239,high_DH
996,1038,4453,4856,0.4054618681681247,3288.8276084796826,0.30499878883303894,0.10433859620166186,mid_DH
997,1001,4454,4542,0.4874985635696963,305.6556194040947,0.018160509410640267,0.07372378485277298,low_DH
997,1003,4454,4545,0.48742027550571376,223.44006441995813,0.10117560422177575,0.11839378582912896,low_DH
997,1004,4454,4548,0.6053324876664012,475.47501185031047,0.545171290705658,0.813913501142845,high_DH
997,1005,4454,4554,0.47405983263879714,464.45405943072893,0.18853407628500493,0.460660584614529,low_DH
997,1037,4454,4853,0.3041862432696935,3061.486381748742,0.07009161925423775,0.51818917464562,low_DH
997,1040,4454,4874,0.5664059856745229,3537.481103564235,0.3256677910224279,0.33081614179894503,mid_DH
997,1553,4454,6852,0.6298646628359049,4067.7010800397493,0.5777111721777067,0.17821333221034208,high_DH
998,1001,4455,4542,0.5856874980416695,209.16769777612527,0.19827260479160136,0.05979928169455495,mid_DH
998,1005,4455,4554,0.36450373763698124,360.979048363661,0.04981423481073777,0.446736081456311,low_DH
998,1037,4455,4853,0.4625793051526288,2954.729741122788,0.15229637145776986,0.504264671487402,low_DH
998,1038,4455,4856,0.4939223723331723,3044.131641976407,0.1692186252520517,0.22836003003695593,low_DH
998,1040,4455,4874,0.5510082329659896,3431.2716660424817,0.5195441300804722,0.316891638640727,high_DH
998,1914,4455,10177,0.5914425478455495,218.42262756206335,0.1543327884854371,0.24277824036951,low_DH
999,1005,4540,4554,0.4251820570036718,203.77144689564548,0.12520164877473622,0.8029160160533231,low_DH
999,1024,4540,4770,0.48199429071897115,2209.9950409908606,0.7448089079198643,0.13180178674660592,high_DH
999,1025,4540,4779,0.435209037519656,2206.987363143848,0.1687847199413272,0.42924473316356404,low_DH
999,1038,4540,4856,0.4004099945748417,2885.8119766244386,0.07205024377197546,0.1278199045600561,low_DH
1001,1004,4542,4548,0.6728523683180887,232.1018417769969,0.5455345425058105,0.740189716290072,high_DH
1001,1026,4542,4781,0.6578164228255428,2240.440878664759,0.5362284045201611,0.01592997126928497,high_DH
1001,1037,4542,4853,0.44041529973816756,2756.3753985782623,0.07674894540650057,0.444465389792847,low_DH
1001,1914,4542,10177,0.3169952646090253,398.0399922680159,0.34159676300775393,0.30257752206406496,mid_DH
1001,1916,4542,10190,0.532128002053505,276.31107606718246,0.25479248068058663,0.12136803278519603,mid_DH
1002,1024,4544,4770,0.6004342045873439,2182.5553527278817,0.21539395519918147,0.33480634714593593,mid_DH
1003,1004,4545,4548,0.4775714160440468,255.12097192544317,0.6025142692073708,0.695519715313716,high_DH
1003,1037,4545,4853,0.548640046859223,2844.9039703671247,0.13811524293253782,0.399795388816491,low_DH
1003,1039,4545,4871,0.5210666338307016,3169.0549799799774,0.07192926089950945,0.23149940793567592,low_DH
1003,1548,4545,6818,0.6234604648267741,4348.486473950833,0.15796447692322096,0.671779394289297,low_DH
1003,1549,4545,6821,0.6507961292297019,4183.309719368206,0.1771750278960534,0.485094425057084,low_DH
1004,1548,4548,6818,0.6127642734536618,4110.171573452039,0.46791788239660503,0.023740321024418996,high_DH
1004,1913,4548,10175,0.7243059371368407,299.65463240649245,0.3529338414667824,0.070529882140545,mid_DH
1004,1914,4548,10177,0.7099207950517207,575.6181586395574,0.33716194568477986,1.0427672383541369,mid_DH
1005,1024,4554,4770,0.559776194438089,2008.1099235798808,0.6206149818736555,0.934717802799929,high_DH
1005,1038,4554,4856,0.3970243231210425,2684.5642661212887,0.17762108754450423,0.675096111493267,low_DH
1005,1040,4554,4874,0.5508303440511497,3073.0472877402644,0.5066768205742194,0.129844442815584,high_DH
1006,1027,4555,4791,0.22214172691671902,2131.232535251178,0.0728720610460116,0.22056569966884698,low_DH
1006,1543,4555,6752,0.4881090617823989,4842.135711969688,0.40826785569470814,0.42835090401311904,high_DH
1006,1544,4555,6758,0.5897700071440828,4725.857588072548,0.4912247479673038,0.13163642408589304,high_DH
1006,1549,4555,6821,0.6529306273922371,3754.473559290735,0.39226576243540023,0.37165208868811805,high_DH
1006,1920,4555,10246,0.3270032495648195,2026.9561679239753,0.4466184054638013,0.298184177408526,high_DH
1007,1601,4656,7877,0.39057452194728887,1040.327881906779,0.501487263682703,0.16731236655258508,high_DH
1007,1613,4656,7993,0.333172128045235,836.709716481136,0.6834093077359951,0.18647254285804704,high_DH
1007,1619,4656,8165,0.4421514048752581,952.4886236845502,0.4259313564376906,0.15716712709897906,high_DH
1007,1621,4656,8277,0.2950681716163426,1218.1126306339452,0.3508235556493286,0.48228326678966005,mid_DH
1007,2064,4656,11300,0.393033284836698,876.1019010073459,0.36912465030978087,0.48695459420549103,mid_DH
1008,1009,4683,4687,0.9484599665230461,429.0909933963162,0.16420852285799448,0.23897846936630995,low_DH
1008,1010,4683,4689,1.0751176506828788,346.355418839227,0.10549362492036485,0.501648478460501,low_DH
1008,1011,4683,4692,0.809475274935549,232.56420381570302,0.3413631636214452,0.38336768360874696,mid_DH
1008,1012,4683,4693,0.8486719864255452,271.10459592856483,0.1304489650771404,0.8255684042699639,low_DH
1008,1014,4683,4698,1.3868942368582478,617.0943978208728,0.3937432887494336,0.4957404137533191,high_DH
1008,1015,4683,4699,1.2869101739727253,628.8072358847464,0.3038630363770131,0.638070668588301,mid_DH
1008,1017,4683,4702,0.8196825536673661,494.9106856725382,0.5821912751580731,0.940136316346776,high_DH
1008,1917,4683,10226,1.0478684574261043,205.54798020434833,0.2760239964330686,0.707838683405893,mid_DH
1009,1011,4687,4692,0.5257070236799154,237.2355502042685,0.2003647712286417,0.144389214242437,mid_DH
1009,1014,4687,4698,1.0945247629083468,206.9962062370458,0.230953457490499,0.7347188831196291,mid_DH
1009,1015,4687,4699,0.7435254918281364,215.08470037955934,0.15856599163028073,0.399092199221991,low_DH
1009,1016,4687,4700,0.7727168315094615,212.35344256583508,0.1491220291571445,0.377676414680193,low_DH
1009,1917,4687,10226,0.5147208927653016,256.15378790851605,0.4326256918397799,0.468860214039583,high_DH
1010,1014,4689,4698,0.917295007491419,274.48385245139787,0.3791028538883325,0.9973888922138201,mid_DH
1010,1015,4689,4699,0.5721965044718231,285.10128516726985,0.26256430229607913,0.1364221901278,mid_DH
1010,1016,4689,4700,0.5777651770931008,271.54691654622474,0.0582356012337058,0.11500640558600195,low_DH
1010,1033,4689,4804,1.1408350737525692,410.0318041664017,0.29582542655316946,0.19263788617990407,mid_DH
1010,1922,4689,10250,1.0094591131188868,389.94268968424683,0.7311004840315443,0.448664385658049,high_DH
1011,1014,4692,4698,1.115543884332315,396.4273436699362,0.17619775135646198,0.8791080973620661,low_DH
1011,1015,4692,4699,0.778154829652691,409.3759457163136,0.09877239846150926,0.254702984979554,low_DH
1011,1016,4692,4700,0.9075772851037559,384.0202476445837,0.29931856849487576,0.23328720043775597,mid_DH
1011,1017,4692,4702,0.730293641610297,289.68999114265165,0.2609144165279604,0.556768632738029,mid_DH
1012,1014,4693,4698,0.8568627991477968,346.70291156228905,0.27364319721888813,1.321308818023283,mid_DH
1012,1015,4693,4699,0.5833637737207499,358.07760464069133,0.1775094181334607,0.187497735681663,low_DH
1012,1016,4693,4700,0.7124912434804662,340.65974661429175,0.11871127916518286,0.20891352022346105,low_DH
1012,1017,4693,4702,0.4397095107603498,224.69844474159748,0.4600669786861734,0.114567912076812,high_DH
1012,1033,4693,4804,1.135513018277911,478.87841895454414,0.24651764713912808,0.516557811989367,mid_DH
1012,1922,4693,10250,1.0883274461909218,454.3529510615362,0.6390858493521033,0.7725843114675119,high_DH
1013,1034,4696,4813,0.6977463897644841,218.52293257665184,1.0198249521357408,0.640254502957777,high_DH
1013,1539,4696,6671,0.6820131575404951,1684.6647359690535,1.126121038861146,0.5870012924738001,high_DH
1014,1917,4698,10226,1.297070726602553,421.4433278288714,0.6625840917506811,1.2035790971592122,high_DH
1015,1917,4699,10226,0.8850702699176196,434.2052320003194,0.5663826047491186,0.06976801481759198,high_DH
1016,1917,4700,10226,0.8980641619054582,409.74783498542547,0.29075015615681005,0.09118379935939003,mid_DH
1016,1921,4700,10247,0.9675871381123125,201.3792601958573,0.5607958265960549,0.9382518988093339,high_DH
1017,1032,4702,4803,1.2457194866718184,300.93290274141646,0.5186816173459982,1.696240493012512,high_DH
1017,1033,4702,4804,0.9869268324070115,276.7398279213701,0.25499616232218064,0.6311257240661791,mid_DH
1017,1917,4702,10226,0.9651275045748291,311.6223319599407,0.8392339250285079,0.23229763294088301,high_DH
1018,1039,4708,4871,0.5331714941791468,1410.4912792202306,0.8533354895231585,0.34606210686899497,high_DH
1018,1923,4708,10261,0.43571059186803074,973.530834574246,0.9197400249037007,0.031043840332126038,high_DH
1020,1022,4738,4754,0.3192909629193632,292.5770734823228,0.06867926228489869,0.22779355018100497,low_DH
1020,1035,4738,4828,0.4147619940758952,1016.5506922208301,0.42762842013852775,0.352205161675728,high_DH
1020,1036,4738,4849,0.3505983919387945,776.6178522409056,0.46595442085766037,0.576622289938422,high_DH
1020,1916,4738,10190,0.568614965716614,1679.856687365475,0.22896060477622787,0.444694800115636,mid_DH
1020,1919,4738,10240,0.5235596572262692,389.13495415242795,0.772427986676586,0.39265496822288704,high_DH
1021,1915,4750,10188,0.32076257498451,1561.7827667858046,0.5747530439480226,0.193229163857272,high_DH
1021,1916,4750,10190,0.3163193114940225,1619.3653773025517,0.5474256813802126,0.457108988668498,high_DH
1021,2019,4750,10589,0.6094303567691605,4469.737325602184,0.31639740439431674,0.41160229289671696,mid_DH
1022,1035,4754,4828,0.2794361846569577,864.6142784284895,0.4530197723749565,0.12441161149472302,high_DH
1022,1036,4754,4849,0.303301696164772,766.7879090729604,0.4987285816343985,0.348828739757417,high_DH
1022,1916,4754,10190,0.46588126323155826,1614.6744816994467,0.25583314245202327,0.216901249934631,mid_DH
1022,1924,4754,10270,0.42573443294874036,741.3540690553931,0.6654280565799527,0.169132256046519,high_DH
1023,1920,4757,10246,0.6442016864130556,331.69033524557557,0.03221955490868545,0.8694788351559519,low_DH
1024,1038,4770,4856,0.5016650383480532,678.0341797930548,0.7944114881942183,0.259621691306662,high_DH
1024,1554,4770,6871,0.44517250671506325,1393.0608937132083,0.848678328214697,0.4081357055023689,high_DH
1025,1346,4779,5851,0.5993787675071894,6586.446784921985,1.2085658452126933,0.32793158845950293,high_DH
1025,1545,4779,6769,0.5341776943769759,2449.574481037474,0.19781467129309774,0.09774485693611601,mid_DH
1025,1554,4779,6871,0.3453181092883557,1399.0028130798644,0.2586748243495919,0.15291081440780108,mid_DH
1025,1994,4779,10504,0.5768633701369746,6335.539044585206,0.5489746547808488,0.369161448056626,high_DH
1026,1352,4781,5896,0.6231189974138306,6764.504733722764,0.7200378587333741,0.740264809603056,high_DH
1026,1553,4781,6852,0.6581241275201892,1550.3293935306149,0.2364655381151613,0.2360071457938301,mid_DH
1026,1914,4781,10177,0.5243066546419091,2636.5710672175783,0.2031175411947007,0.28664755079478,mid_DH
1027,1543,4791,6752,0.450340441533084,2860.6139439606623,0.3599068308439662,0.648916603681966,mid_DH
1027,1544,4791,6758,0.45250928470827056,2770.485023932266,0.4523545138544214,0.35220212375474,high_DH
1027,1913,4791,10175,0.6541961788691977,2145.0044411480476,0.5900268742632685,0.51786646987329,high_DH
1027,2055,4791,10878,0.6347082028213917,2383.790422987926,0.2962595230826599,0.259970429840744,mid_DH
1028,1088,4795,5109,0.9778712559587266,5492.304024339537,0.6246559185023147,0.0029918538468490796,high_DH
1028,1925,4795,10275,0.8519994160460491,975.3637210573141,0.41531951115825316,0.1436478411974781,high_DH
1031,1088,4802,5109,0.9654429021613367,5525.738217670376,0.5252800270708814,0.3559602287433291,high_DH
1033,1088,4804,5109,1.108080884740043,5475.233271894867,0.5614415964045357,0.06193877772025591,high_DH
1034,1913,4813,10175,0.6450825620807982,2207.2656654282787,0.2859005903681735,0.8670481453361459,mid_DH
1034,1918,4813,10229,0.5493965379894757,323.79450396777304,1.3423514002092107,0.340314865298768,high_DH
1034,1925,4813,10275,0.6728753929948004,688.0672563889557,0.4012757829278382,0.423148626628854,high_DH
1034,2055,4813,10878,0.8305076891517885,2584.306452274249,0.2192355732330144,0.6091521053036,mid_DH
1035,1036,4828,4849,0.4563530124754767,462.89914901244305,0.07872433943076479,0.224417128262694,low_DH
1035,1432,4828,6197,0.5125614438521267,3879.560339449829,0.2995834915191308,0.372610495310859,mid_DH
1035,1433,4828,6198,0.4893114672567389,3925.325757539613,0.3019341445852516,0.383709611940538,mid_DH
1035,1919,4828,10240,0.4408989430688148,748.2135048770211,0.4198468178109453,0.744860129898615,high_DH
1035,2021,4828,10591,0.44937264294503554,3853.8328892024297,0.10526182205665274,0.10703886571995402,low_DH
1036,1919,4849,10240,0.38563816776474197,697.2448701080792,0.34624461358381625,0.9692772581613089,mid_DH
1037,1553,4853,6852,0.5539232765956442,1017.1185512907998,0.5209533742706545,0.6964025068559621,high_DH
1037,1914,4853,10177,0.3641363323912653,3153.999696009507,0.2972628331403512,0.747042911856912,mid_DH
1037,1916,4853,10190,0.5849699630982725,2480.61002314317,0.30511959193490434,0.32309735700765096,mid_DH
1039,1549,4871,6821,0.5982497085465067,1097.3793146799378,0.17337823077138648,0.2535950171214081,low_DH
1039,1923,4871,10261,0.3310436571272662,748.3034390314809,0.09514376434685243,0.31501826653686893,low_DH
1040,1434,4874,6211,0.5283767861168739,3048.4455286536795,0.09791149290619848,0.42621140338477903,low_DH
1040,1444,4874,6311,0.4524553052506519,2809.521583495075,0.4365591254533776,0.5442690252386579,high_DH
1040,1445,4874,6319,0.4908693417865296,2882.2960549879226,0.5348777155503047,0.558496608396728,high_DH
1041,1551,4879,6845,0.35304140791329774,303.30434657708236,0.3668373689796369,0.343985070568179,mid_DH
1042,1043,4883,4894,0.7375102580312882,1660.4654438550401,0.6642330804010622,1.845254230226474,high_DH
1042,1445,4883,6319,0.5918125557004259,2746.404724875892,0.45883083316777723,0.919195441348112,high_DH
1042,1888,4883,10109,0.6718491323864876,6297.457623198848,0.258677153647312,1.399549586711169,mid_DH
1042,1923,4883,10261,0.6299914570892511,855.5774752651504,0.061024249650118705,1.348788552376217,low_DH
1042,1925,4883,10275,0.7058111360195409,369.5324729263843,0.5560930186764286,1.446360008240903,high_DH
1043,1055,4894,4963,0.6201288723294914,1032.0842429687589,0.9585938439074476,0.08756967065139401,high_DH
1043,1446,4894,6325,0.5550932654697646,3776.105145514731,0.46960770275320746,1.305005817558897,high_DH
1043,1550,4894,6843,0.6855571243106022,1322.324139139622,0.35828827884927356,0.876864464007272,mid_DH
1044,1423,4905,6161,0.8133174496196822,3952.4493275806044,0.6776588555433016,0.5214419343689471,high_DH
1044,1540,4905,6678,0.7681816723886096,1547.7770779683872,0.4031577027668516,0.179491330655823,high_DH
1044,1547,4905,6798,0.8906951312596294,2348.9545045931736,0.5101572903339436,0.32892950808234095,high_DH
1044,1925,4905,10275,0.7380821874835991,1527.750795175772,0.5866980325112591,0.059699052641495,high_DH
1045,1057,4920,4965,0.5517114729762019,1150.1871423345478,1.0640398323705196,0.213611714972335,high_DH
1046,1541,4921,6694,1.015570360822015,3302.9800524978664,0.2919216997035785,0.033085208258294,mid_DH
1047,1787,4923,9726,1.1164915173019956,13047.68658753739,0.2922331560763897,1.0616728724739959,mid_DH
1047,1926,4923,10285,0.7771903359033285,346.4992568231674,0.20393041808191334,0.20614241069530898,mid_DH
1048,1093,4926,5114,0.6956327574157501,3384.0678048641334,0.6118205631617277,0.639402302174702,high_DH
1048,1393,4926,5987,0.7275599320951385,7073.919059010037,0.20975550153116965,1.112820941467736,mid_DH
1048,1394,4926,5989,0.7204643152020459,7105.141781936184,0.26555732222756295,0.764427945972683,mid_DH
1048,1401,4926,6009,0.6502739056869881,6842.080806811133,0.23527192847074815,0.908443724833744,mid_DH
1048,1410,4926,6033,0.6516839383356597,6713.8837542324445,0.2761026267375639,0.363242767563751,mid_DH
1048,1926,4926,10285,0.674458795759847,266.62183698801994,0.1593096488942142,0.04718633723030101,low_DH
1048,1929,4926,10295,0.544177164606995,262.517286022061,0.6188249743215408,0.359454750969317,high_DH
1049,1063,4936,4988,0.5837338478624269,1077.6959200178612,0.9599401201594915,0.07716883153682497,high_DH
1049,1787,4936,9726,1.0189297654337819,13009.93596797721,0.4398762331945794,0.19541917963317101,high_DH
1050,1055,4937,4963,0.5490538527790176,566.211169522245,1.0713232123497423,0.056825373636327975,high_DH
1050,1056,4937,4964,0.5430117696794086,300.65183044076815,0.09933159093969272,0.01819854012813299,low_DH
1051,1056,4938,4964,0.5195720992288957,389.07342394897245,0.7042765944544901,0.10192874774803101,high_DH
1051,1058,4938,4968,0.6203391335146305,275.19576747417256,0.43161389122539356,0.06070162371816401,high_DH
1051,1551,4938,6845,0.641865629734153,2118.470510820734,0.8776316121102271,0.216555495983332,high_DH
1051,1928,4938,10291,0.4277240302313537,608.4555824786468,0.7957625794095903,0.060638114585741976,high_DH
1053,1055,4960,4963,0.48738728808108184,528.6473696977596,0.7303537903687373,0.370628882741626,high_DH
1053,1057,4960,4965,0.4948382736281582,791.7756762450617,0.9337055609702148,0.11717447812264803,high_DH
1054,1055,4961,4963,0.42447433002879775,592.6731056962336,0.841951022935432,0.612260083787854,high_DH
1055,1446,4963,6325,0.5740224284415301,4749.475983995865,1.089866698590119,1.217436146907503,high_DH
1056,1912,4964,10170,0.4134385366232196,1290.036687662799,0.16704533414696152,0.117325443646845,low_DH
1057,1911,4965,10166,0.484109116800769,2346.7526089381327,1.1757127660560562,0.19973535953086297,high_DH
1057,1912,4965,10170,0.29511850396226236,1280.9418743931562,0.7824279644087615,0.097502127463938,high_DH
1058,1928,4968,10291,0.39350047616254463,379.70549900589947,0.37261460199018304,0.12133973830390599,mid_DH
1059,1085,4976,5099,0.8027834550719244,1232.5422598792284,0.8070587222307809,0.13048204394544505,high_DH
1060,1078,4977,5054,0.5292017218143069,1447.4390058006916,0.49538300899928395,0.9020516310875429,high_DH
1060,1079,4977,5055,0.7505046137696304,1284.1657270491555,0.33599057645895825,0.593159003537424,mid_DH
1060,1093,4977,5114,0.6831698175808993,2136.462689886622,0.5305597029308141,0.51370258821843,high_DH
1060,1094,4977,5115,0.5690678435584314,1871.5704990301585,0.3421031961858131,0.330825623585822,mid_DH
1060,1523,4977,6585,0.7170760221483106,5102.534340434014,0.3324365867199908,0.699724301508348,mid_DH
1060,1759,4977,9678,0.7284985768945337,11705.835223331296,0.3911658569238719,0.48296753944610504,high_DH
1060,1929,4977,10295,0.6721091540748232,998.1249512684886,0.6941509290797234,0.233755037013045,high_DH
1061,1062,4982,4986,0.23133504839225863,276.735207850762,0.7089044652418636,0.11827942739951908,high_DH
1061,1082,4982,5059,0.551321347146148,868.3367447245489,0.8589425608655021,0.14818568897589507,high_DH
1061,1083,4982,5060,0.5811488768161325,900.3459269327813,1.3333224733305367,0.305442292184953,high_DH
1061,1084,4982,5083,0.3248107402259233,350.0549338853677,0.5411964759680453,0.539303044481193,high_DH
1062,1070,4986,5031,0.5430667361352165,1326.5120876104281,0.4153264280198944,0.10949158279519,high_DH
1062,1077,4986,5053,0.4941185594207883,1561.604917259915,0.6857300510744787,0.27377180212830104,high_DH
1062,1082,4986,5059,0.5448958382718769,611.1239019163476,0.2293283630478589,0.029906261576375992,mid_DH
1062,1083,4986,5060,0.4991355425573366,714.0651024396886,0.63837877334003,0.4237217195844721,high_DH
1062,1136,4986,5350,0.6349461164693523,8390.254226824023,0.7886580982513965,0.35802292854820195,high_DH
1062,1931,4986,10307,0.46981049288168963,1568.8649153678052,0.18738625642576223,0.38737915643266296,low_DH
1062,1941,4986,10331,0.5354648128510733,2397.0373547909303,0.6204507996712058,0.28729333880257096,high_DH
1063,1069,4988,5030,0.49967312933499175,1174.4212512255347,0.13038394439757975,0.656247844490527,low_DH
1063,1091,4988,5112,0.5727665878207008,2641.6354408431434,0.5547540105328983,0.34342106886079493,high_DH
1063,1926,4988,10285,0.4465520427665805,912.573613595571,0.6995181359348615,0.7372801136823409,high_DH
1063,1929,4988,10295,0.49176127097521954,766.237798939541,1.201629279438977,0.33063902548272295,high_DH
1063,1937,4988,10317,0.48885492792695445,1067.3520304848432,0.3390747609938923,0.434688812158213,mid_DH
1065,1100,5021,5153,0.7021933914002688,2300.1434790427106,0.8437862724570937,0.293352799813019,high_DH
1066,1083,5022,5060,0.4699044396349079,910.9833045246163,0.7872735415885659,0.522023038640304,high_DH
1066,1938,5022,10327,0.3561609913270728,2093.016247282032,0.12525086336935468,0.18495797605596503,low_DH
1066,1939,5022,10328,0.5144568992898251,2674.801674349971,0.04646026787343041,0.281636635439652,low_DH
1067,1938,5025,10327,0.46617867825599196,2499.762022801723,0.1644089749581746,0.360444607712625,low_DH
1068,1087,5028,5108,0.657400664573233,2270.383667003808,0.3518017593005133,0.85949541437503,mid_DH
1068,1092,5028,5113,0.33465392374439895,1983.2164592484107,0.22963720076261745,0.426442252696001,mid_DH
1068,1093,5028,5114,0.6410538021282836,1848.0698032192834,0.17859203183037956,0.6098830791505679,low_DH
1068,1094,5028,5115,0.66917432394052,1517.9114032124523,0.7719788875515218,0.42700611451796,high_DH
1069,1071,5030,5045,0.5702136929831708,1115.9576471377372,0.3429480956153684,0.241109021130888,mid_DH
1069,1084,5030,5083,0.44342955046375027,1003.3602169807854,0.3707735052287999,0.020250833456714003,mid_DH
1069,1091,5030,5112,0.5058282359194687,1918.4031272058023,0.4473426104577563,0.31282677562973205,high_DH
1069,1932,5030,10310,0.6259420897185501,941.0919161113305,0.6133055616614069,0.146915942041988,high_DH
1069,1933,5030,10311,0.5640811923729203,998.3593154101532,0.5638788798818322,0.42753431909135603,high_DH
1070,1075,5031,5050,0.5256770361471157,636.3994433760483,0.69643311282868,0.002126519654857051,high_DH
1070,1077,5031,5053,0.2796059725754196,678.7698508688752,1.0325958738470506,0.38326338492349105,high_DH
1070,1082,5031,5059,0.47828643572708013,726.2853118082345,0.49710052666240506,0.07958532121881401,high_DH
1070,1931,5031,10307,0.4301032125441244,285.4828991513603,0.3166869822721401,0.27788757363747296,mid_DH
1070,1937,5031,10317,0.5776035865465683,467.60625478175467,0.7245660576916246,0.06972216849745597,high_DH
1070,1941,5031,10331,0.3694688739745363,1803.39885377576,0.46280626479746173,0.17780175600738096,high_DH
1071,1073,5045,5047,0.5345704085278001,392.7067557811309,0.3484055168982012,0.509147038828996,mid_DH
1071,1074,5045,5049,0.49405673347048407,435.8947141236632,0.4095621354490395,0.43546109460846993,high_DH
1071,1076,5045,5052,0.4707454776035766,759.4662601671906,0.23826770934403924,0.242080323810165,mid_DH
1071,1084,5045,5083,0.5780890064754995,2077.6340478275665,0.12454597066660349,0.261359854587602,low_DH
1071,1102,5045,5157,0.6167025064471471,348.39028508476036,0.5477477164085306,0.17684738504226796,high_DH
1071,1930,5045,10305,0.6266823913031787,702.2746729222473,0.22390240780215614,0.14306601263596302,mid_DH
1071,1931,5045,10307,0.4465333876892641,659.3925919432559,0.15569644844887995,0.227715393938591,low_DH
1071,1935,5045,10313,0.40726986737048926,405.5032503722647,0.23016002873625643,0.033118188456911,mid_DH
1072,1076,5046,5052,0.4222279109153329,700.0909585631573,0.2023510821509991,0.048861971881919986,mid_DH
1072,1091,5046,5112,0.6619912882863019,1651.4123422476348,0.7562167188521708,0.21922454119324097,high_DH
1072,1103,5046,5178,0.3280080823292343,216.2388957771965,0.22822676906526218,0.396455975862193,mid_DH
1072,1885,5046,10078,0.7377043663956817,7291.21700179079,0.2925910995900495,0.38592002388910096,mid_DH
1072,1930,5046,10305,0.3934832020780972,662.9186961404932,0.1840314557493226,0.434008308328048,low_DH
1072,1935,5046,10313,0.27759925099951693,357.94517769218686,0.21416853681348838,0.324060484148996,mid_DH
1073,1075,5047,5050,0.4830629005659995,292.3987939855908,0.17627761988249382,0.561445738182735,low_DH
1073,1103,5047,5178,0.47512092449124127,555.6008703796093,0.5360802622287044,0.403633358658888,high_DH
1073,1932,5047,10310,0.4472862296843868,280.2167429378816,0.6468884948906312,0.41495395974009597,high_DH
1074,1075,5049,5050,0.5502469003082788,590.3342782367209,0.12080441732535666,0.38316239525473095,low_DH
1074,1082,5049,5059,0.40822303260943443,1613.8121606550374,0.1222676532313967,0.305703593690774,low_DH
1074,1102,5049,5157,0.4995597881032369,409.4286502599504,0.1436973630563344,0.258613709566202,low_DH
1074,1103,5049,5178,0.4902125657861361,577.6637531694182,0.5948141278268054,0.540974774778578,high_DH
1074,1931,5049,10307,0.28221876737779356,863.5552449542841,0.27424028663047073,0.663176488547061,mid_DH
1074,1941,5049,10331,0.4781824024831675,941.3026617142004,0.6797080100309,0.563090670916969,high_DH
1075,1082,5050,5059,0.41607297354128964,1023.5582197546489,0.21426042138086815,0.07745880156395696,mid_DH
1075,1102,5050,5157,0.5176806596309009,898.6014781204593,0.04355684622443538,0.12454868568852895,low_DH
1075,1931,5050,10307,0.4876014611209904,460.6939199500074,0.3863160871689243,0.28001409329233,mid_DH
1076,1084,5052,5083,0.4670943791897518,1405.7365053384142,0.24969755037083538,0.503440178397767,mid_DH
1076,1091,5052,5112,0.3775486834349268,1333.4295178694792,0.579537195571048,0.170362569311321,high_DH
1076,1103,5052,5178,0.4791584801887969,914.8466842749866,0.39110254869841715,0.347594003980273,high_DH
1076,1930,5052,10305,0.44057997256095055,875.1498936574794,0.16231940688932098,0.385146336446128,low_DH
1076,1932,5052,10310,0.3259384983488829,612.1834523028789,0.48994388719490334,0.33627340289906504,high_DH
1076,1933,5052,10311,0.41067571559602056,760.7244263462969,0.4357532504575724,0.055655025849697004,high_DH
1076,1934,5052,10312,0.45203056081968834,686.6262387086506,0.3810751920186717,0.06366066555635103,mid_DH
1076,1935,5052,10313,0.3029080453698585,389.1244954730491,0.36527977554669827,0.27519851226707603,mid_DH
1077,1082,5053,5059,0.40709639599737796,996.8484555246304,0.5363706704150781,0.30367806370467704,high_DH
1077,1931,5053,10307,0.4215847709289541,531.0218853697387,0.7208547083693699,0.6611509585609641,high_DH
1077,1937,5053,10317,0.5528447904925017,654.4138548738875,0.3242302600885564,0.45298555342094704,mid_DH
1077,1941,5053,10331,0.2404246265706175,1125.4319067481147,1.0106181785458082,0.561065140930872,high_DH
1078,1087,5054,5108,0.7009573587148555,1497.1756691739442,0.22343214652221474,0.13873670764465096,mid_DH
1078,1092,5054,5113,0.5492320258952342,1212.5983049074077,0.21567164761068888,0.5717898693236799,mid_DH
1078,1093,5054,5114,0.41892178177528266,1078.4745912752553,0.10372924136352293,0.388349042869113,low_DH
1078,1094,5054,5115,0.12141042813913021,749.5621104528781,0.6583498660724614,0.5712260075017209,high_DH
1079,1081,5055,5058,0.7563227490508515,308.7784600320536,0.5474920207934966,0.17931192626681802,high_DH
1079,1085,5055,5099,0.6550176324023593,530.7040695193433,0.6809442469426946,0.34293325210172704,high_DH
1080,1893,5057,10116,0.5575177036402846,3859.4707543670793,0.14536167211669798,0.015315668310397018,low_DH
1080,1907,5057,10151,0.5367076842319701,2819.3683738336135,0.266822167967617,0.286426846864939,mid_DH
1080,1936,5057,10316,0.6514983998686603,396.7650425671511,0.8454092384989689,0.087333579259395,high_DH
1080,2035,5057,10641,0.7351978591577533,6837.633894403389,0.9058870563290649,0.13647973207227398,high_DH
1081,1085,5058,5099,0.6651165102773796,735.7140647908927,1.2176542697030088,0.5222451783685451,high_DH
1081,1936,5058,10316,0.6869537963804518,296.0823317582609,1.1256346111648483,0.644753901978093,high_DH
1082,1084,5059,5083,0.5099979605659045,534.9289279513384,0.34300167808970156,0.39111735550529797,mid_DH
1082,1931,5059,10307,0.3229915225967842,958.3233286520593,0.18742891349907262,0.35747289485628697,low_DH
1082,1941,5059,10331,0.4061228899240918,1971.4424410302306,0.5650352777680776,0.25738707722619497,high_DH
1084,1931,5083,10307,0.401046546329307,1483.1890084759139,0.16071527780151337,0.033644460649011,low_DH
1084,1932,5083,10310,0.5667819514321373,1903.4383358674083,0.32889067892010443,0.167166775498702,mid_DH
1084,1935,5083,10313,0.5781735638380304,1781.9465829646897,0.18007776386055357,0.22824166613069102,low_DH
1087,1092,5108,5113,0.4281430663388533,337.7823996005375,0.4331587869272665,0.43305316167902896,high_DH
1087,1093,5108,5114,0.4745057035507105,463.45407689854477,0.257868650595437,0.24961233522446202,mid_DH
1087,1094,5108,5115,0.6305872048312032,774.0695064317786,0.436912697060035,0.43248929985706996,high_DH
1088,1921,5109,10247,1.0014876441056246,5501.683135374664,0.800743718633559,0.568668829323172,high_DH
1088,1922,5109,10250,1.0531077593018805,5481.16688682543,0.9878489502760958,0.19408772175788902,high_DH
1089,1780,5110,9706,0.6308520711588269,10318.33348556217,0.4164735123851373,0.059967643911754964,high_DH
1090,1780,5111,9706,0.6512446103067504,10340.360665010794,0.39869371463394176,0.040782148264984,high_DH
1091,1932,5112,10310,0.6220252329596495,1648.3465057627366,1.0576670289642611,0.16591083358774403,high_DH
1091,1933,5112,10311,0.3128226928844951,1812.0106366732234,1.0017090533084834,0.11470754346162398,high_DH
1091,1934,5112,10312,0.6694354846333078,1667.5987117791053,0.9445895267716022,0.10670190375496996,high_DH
1092,1094,5113,5115,0.46766241772128125,465.9087839212357,0.8660241722468688,0.0005638618219589997,high_DH
1093,1094,5114,5115,0.3612846162554716,330.23858045187797,0.6842742952355394,0.18287696463260794,high_DH
1097,1099,5126,5128,0.5742295262714222,333.9066931729205,0.049702603812571335,0.09358182288674799,low_DH
1097,1106,5126,5194,0.6077123002461903,1200.7544794778032,0.2560641367391356,0.337645630593966,mid_DH
1098,1099,5127,5128,0.41171781288722265,334.1909262497709,0.1940134282377085,0.14928632541362802,mid_DH
1098,1104,5127,5179,0.5328839746221647,1749.6523805718912,0.21615086111916976,0.0023136089769530133,mid_DH
1098,1109,5127,5198,0.6347644112501284,3872.742826651681,0.7461825839969524,0.23785100324765202,high_DH
1099,1104,5128,5179,0.5857141170785265,1469.2880134553582,0.3564950381802907,0.15159993439058103,mid_DH
1099,1107,5128,5196,0.7391751228788234,1681.6348646072731,0.9373326904813762,0.398506481600002,high_DH
1100,1102,5153,5157,0.4936624084169562,410.3202616291669,0.2867807603670295,0.418704481170625,mid_DH
1103,1930,5178,10305,0.5437722024255038,705.6435239885326,0.41128568185208675,0.037552332465855,high_DH
1103,1931,5178,10307,0.488435858145188,741.9907309218981,0.3282060686707851,0.122201713768483,mid_DH
1103,1932,5178,10310,0.26727334901067884,307.4307953084663,0.1272963917531507,0.011320601081207998,low_DH
1103,1933,5178,10311,0.5588434840738801,223.1352418470353,0.12157963986715918,0.291938978130576,low_DH
1103,1934,5178,10312,0.5655170812935179,228.49831584753676,0.040790157581639265,0.283933338423922,low_DH
1103,1935,5178,10313,0.3294635764518836,570.3427707208979,0.13354131659695534,0.07239549171319701,low_DH
1104,1107,5179,5196,0.5771245201637963,213.56304627646594,0.6492754098574458,0.24690654720942098,high_DH
1104,1109,5179,5198,0.3213768240467763,2274.3554133871053,0.6622816072189981,0.235537394270699,high_DH
1105,1933,5188,10311,0.5716320208059168,938.7173340429808,0.28619479089933286,0.230710952424236,mid_DH
1107,1108,5196,5197,0.4450144818852717,2111.8903492575864,0.4348132696425643,0.0481419782163,high_DH
1107,1109,5196,5198,0.6882030082998084,2094.7543383051784,0.0778696831135182,0.011369152938722,low_DH
1107,1110,5196,5238,0.5435730123494057,1953.842925643247,1.544870218436269,0.33460951092263497,high_DH
1108,1110,5197,5238,0.35411798701224595,1176.7689555094369,1.9351562981390067,0.382751489138935,high_DH
1108,1942,5197,10359,0.7112966628656378,725.9070245678391,1.5964163925035066,0.28866223776954103,high_DH
1109,1707,5198,9093,0.7227238159693814,11125.093708482296,0.9662029605821064,0.029238430217305,high_DH
1110,1895,5238,10126,0.5185471960234179,5707.755536781032,1.8024443370279895,0.01680229861702298,high_DH
1111,1706,5241,9060,0.8987783624420824,2674.782977464906,0.16550106517795826,0.182906224224945,low_DH
1111,1708,5241,9099,0.7503588017873741,5325.679529122623,0.7944939974311226,0.347238419898621,high_DH
1112,1117,5257,5263,0.2834645763358153,400.08279986220134,0.16779513167170587,0.14911850978539698,low_DH
1112,1147,5257,5368,0.30389737351519236,2025.7486167130246,0.5084822497937261,0.17012167958484098,high_DH
1113,1114,5258,5259,0.4748462811336197,687.7513635657737,0.1377623087743421,0.6951528957881159,low_DH
1113,1115,5258,5260,0.2573213584283767,1235.9089446919622,0.13016859050229748,0.260947583855805,low_DH
1113,1117,5258,5263,0.35255294019166045,783.7914283404817,0.10922329086877729,0.05062816499431899,low_DH
1113,1151,5258,5374,0.3833603968859175,1791.320694723976,0.6207675830497332,0.115757883500412,high_DH
1114,1115,5259,5260,0.27609749757463425,661.6667445258431,0.24684580143699753,0.43420531193231093,mid_DH
1115,1117,5260,5263,0.45073055194740436,904.874331157832,0.11111344100723324,0.21031941886148603,low_DH
1115,1151,5260,5374,0.4778107350672627,2503.9959812341176,0.7326228271755229,0.14518970035539303,high_DH
1117,1145,5263,5363,0.4291235421796201,1653.152998434254,0.11147683397457167,0.12019600463523199,low_DH
1117,1147,5263,5368,0.35817363642843875,2354.5494477370603,0.46496292505443004,0.021003169799444,high_DH
1117,1151,5263,5374,0.4009114864765081,2534.118046508501,0.6342081237876275,0.065129718506093,high_DH
1118,1121,5271,5275,0.3602189584814812,344.1522144830971,0.5465789518536278,0.027607248511616,high_DH
1118,1122,5271,5276,0.45152977414341583,437.3361596270552,0.3377815311940251,0.07766158002033502,mid_DH
1118,1138,5271,5352,0.3355497147746772,1034.9798136669342,0.17073110437350936,0.014241827957485992,low_DH
1118,1143,5271,5360,0.3355449556086551,433.8528402658937,0.1739030036068264,0.264660704890074,low_DH
1118,1943,5271,10366,0.21967882712839515,1865.5779438991344,0.577948362079154,0.251484543005908,high_DH
1119,1142,5272,5359,0.3241007637928345,363.9398050948664,0.10054765997462406,0.08497134169975798,low_DH
1119,1943,5272,10366,0.4300058122618386,1884.3162356566652,0.4126716566053508,0.16365837358340501,high_DH
1120,1138,5273,5352,0.3320967894041481,1004.9106707724628,0.322136077691148,0.26638586635918804,mid_DH
1120,1143,5273,5360,0.4609646720734417,514.591821364236,0.24507148971375797,0.01596698942660002,mid_DH
1120,1943,5273,10366,0.25257853956155973,1926.1878632754203,0.2110787153465683,0.029143151310766002,mid_DH
1121,1125,5275,5314,0.15045926351586195,520.6345997124508,0.8142920306281115,0.40398713775000805,high_DH
1121,1135,5275,5348,0.3533716439419707,1143.5607791025066,0.49864016208665385,0.08391603590157401,high_DH
1121,1138,5275,5352,0.28889686855801394,934.7747496756732,0.48800366684636326,0.04184907646910199,high_DH
1121,1143,5275,5360,0.4026361522536584,765.7411380942082,0.41629144149084224,0.29226795340169,high_DH
1121,1943,5275,10366,0.41863129071858063,2111.9551461832752,0.0404137257459976,0.279091791517524,low_DH
1122,1125,5276,5314,0.40033366540032234,491.43679307379324,0.6241365800975379,0.29871830921805703,high_DH
1122,1130,5276,5340,0.3928197056994296,1494.7123723028621,0.3877621294137111,0.366803552262753,mid_DH
1122,1140,5276,5354,0.49963301897882084,328.27463657373255,0.3828857635622436,0.17108807451076902,mid_DH
1122,1141,5276,5357,0.468213029554532,499.89212926135997,0.25111504704653503,0.03241903693972503,mid_DH
1122,1143,5276,5360,0.21364553607442455,865.1494451428715,0.228451361150167,0.18699912486973896,mid_DH
1122,1146,5276,5364,0.5232125210584818,1654.7204582936065,2.1041038157099656,0.01794371197225797,high_DH
1123,1149,5286,5372,0.3977086268296288,2811.505955131087,0.20962120163258488,0.363253800764219,mid_DH
1123,1486,5286,6479,0.3506416576992034,1751.9609899443806,1.4073024417711506,0.055342614277115065,high_DH
1123,1534,5286,6627,0.3263027540087299,1718.3110502572615,0.6414165520698016,0.24902553313935805,high_DH
1123,2027,5286,10624,0.3390451579543679,2276.446420014466,1.0668846833899297,0.248372263083794,high_DH
1124,1130,5288,5340,0.4060792873514623,928.4432448841782,0.753440630211286,0.253337419386764,high_DH
1124,1140,5288,5354,0.5293747726241408,1457.0014197811183,0.09775285755597567,0.284554207386758,low_DH
1124,1947,5288,10394,0.27230884388432114,1064.6255043950873,1.0616218526455496,0.14817398560872103,high_DH
1125,1135,5314,5348,0.3596294954024335,780.9446769773062,0.3234776542895546,0.320071101848434,mid_DH
1125,1138,5314,5352,0.35855144823590146,678.2264669216893,0.3336148088957404,0.3621380612809061,mid_DH
1125,1139,5314,5353,0.3633993835967907,626.8912827072947,0.9262844386919811,0.23680281538238707,high_DH
1125,1140,5314,5354,0.39223570890419324,644.6970827432788,0.9877506876832586,0.46980638372882605,high_DH
1126,1130,5329,5340,0.49722871106826394,619.3196458219728,0.5244262496003163,0.18395963668382503,high_DH
1126,1140,5329,5354,0.3713992561202194,1091.1636989921267,0.19005209424168182,0.353931990089697,low_DH
1127,1384,5332,5972,0.389084051629961,744.2543425237479,0.3998484987643292,0.650477141791182,high_DH
1127,1389,5332,5980,0.3862173630161105,476.30923444033067,0.2913338830973686,0.5715460892989169,mid_DH
1127,1945,5332,10386,0.37428266902155166,322.7644382829612,0.6523684743536633,0.131027977712519,high_DH
1128,1147,5337,5368,0.40372281267937893,2170.790122610498,1.2759833066252573,0.345347957195965,high_DH
1128,1161,5337,5395,0.30717414726695863,808.5603739285551,0.43252685386737866,0.015958697528861032,high_DH
1128,1415,5337,6043,0.41978073690244805,1987.4467869988814,0.5989208072426301,0.39756528495643195,high_DH
1128,1505,5337,6529,0.3192095767361977,2890.4591078573826,0.5976988176847456,0.20562304717358004,high_DH
1130,1140,5340,5354,0.45358325475870775,1577.060354967538,0.7065326823623368,0.5378916267735221,high_DH
1130,1158,5340,5388,0.3383451322507717,1081.6415542778009,0.1383736343850792,0.268483907702466,low_DH
1131,1134,5342,5346,0.3337594381939792,236.55585388889932,0.3207880456928156,0.389065227315869,mid_DH
1131,1150,5342,5373,0.3817609219773937,1482.8906478378665,0.22227376146696629,0.14315233270706498,mid_DH
1131,1950,5342,10407,0.3655348887817126,774.7351232156111,0.24027099736884075,0.00027866366639900386,mid_DH
1131,2000,5342,10520,0.3630148641427348,598.1292073428452,0.17971755791592953,0.516661616093788,low_DH
1132,1135,5343,5348,0.24236527839179098,695.8654770912731,0.3437725506463583,0.028184267154786974,mid_DH
1132,1382,5343,5970,0.3451183091867383,441.0639714349233,0.5305253618283687,0.22934918437900004,high_DH
1132,1387,5343,5975,0.1880633937987103,268.8068417474154,0.335977608583526,0.28209229160095406,mid_DH
1132,2001,5343,10521,0.3066941425456289,384.4844396605464,0.3865077991827475,0.172097275543605,mid_DH
1132,2003,5343,10525,0.09939970326722551,339.34309251681606,0.20367163198776164,0.141316511162134,mid_DH
1132,2004,5343,10526,0.18697954985712484,478.09615659975344,0.1048702340614611,0.370442124175621,low_DH
1132,2006,5343,10529,0.28573498581428264,474.7968483292568,0.1469509839046077,0.0006571762654909996,low_DH
1133,1154,5345,5378,0.2756427056569465,534.9913613361662,0.18004337256862313,0.520073359297963,low_DH
1133,1155,5345,5383,0.28493449334056253,709.7376832440184,0.21981227375221907,0.02946614592428798,mid_DH
1133,1380,5345,5968,0.27158850303722665,474.94551416398707,0.35750214683675996,0.127041681015496,mid_DH
1133,1383,5345,5971,0.3488374261068691,411.16736562418345,0.3149799434832276,0.15170624960072498,mid_DH
1133,1388,5345,5978,0.16047507164654073,432.07592052539997,0.34789985763258635,0.225937955889918,mid_DH
1133,1492,5345,6492,0.362028474818927,2367.054039772959,0.5049285855547798,0.161683677379443,high_DH
1133,2002,5345,10522,0.38008226497838554,298.1276921855109,0.3390186527814171,0.11971866718703394,mid_DH
1134,1149,5346,5372,0.348826632413225,1297.8459472252,0.17145939016529166,0.21501771062568098,low_DH
1134,1154,5346,5378,0.28985890423818134,382.3764753229158,0.753718923596009,0.5309507056216449,high_DH
1134,1381,5346,5969,0.1960435175258466,257.3886900596546,0.14738559885872424,0.5532001368338,low_DH
1134,1383,5346,5971,0.34969620931792667,270.7143306419842,0.2624781295577811,0.140828903277043,mid_DH
1134,1385,5346,5973,0.27193102302263666,225.12033810366736,0.2594476863032253,0.015272789892125993,mid_DH
1134,1388,5346,5978,0.2703751550120045,274.2014725913972,0.2340122656119513,0.23681530221359998,mid_DH
1134,1538,5346,6656,0.31492788658147736,3854.3693164866245,0.3161898521478092,0.001590535734908971,mid_DH
1135,1139,5348,5353,0.31359824823093524,1157.1436575898238,0.6113300855399635,0.08326828646604698,high_DH
1135,1387,5348,5975,0.30111367032638087,963.3739624138497,0.08247575496576802,0.310276558755741,low_DH
1135,2003,5348,10525,0.2953044333871617,1022.7682417014812,0.15191648831248655,0.16950077831692098,low_DH
1136,1396,5350,5995,0.4863299117412748,1507.842477761125,0.2537552622451435,0.5408259139704,mid_DH
1136,1398,5350,6000,0.6075575988692198,1483.1109383618427,0.17727018725394178,0.833073116370813,low_DH
1136,1399,5350,6006,0.5913778552425816,1419.0700398367217,0.9587340224439933,0.811547375967777,high_DH
1136,1400,5350,6008,0.31418072599020264,1440.8131101660247,0.2454952178420576,0.239852033600893,mid_DH
1136,1410,5350,6033,0.6890154884695098,1745.613669615922,0.3877200432961347,0.28664698052548,mid_DH
1136,1411,5350,6034,0.4867281032700417,1593.9562920254361,0.31990595477765327,0.5036097660586091,mid_DH
1136,1413,5350,6037,0.5940731634020493,1759.1132089460177,0.814594734653916,0.798013770746363,high_DH
1136,1929,5350,10295,0.6983981491932046,7840.434312054332,0.6419049108854715,0.28285896393104604,high_DH
1138,1139,5352,5353,0.357752341122728,924.280955829588,0.6002316968497565,0.125335245898519,high_DH
1138,1945,5352,10386,0.3278454602817455,1208.0883879386631,0.4981254447728425,0.032629515912142,high_DH
1139,1144,5353,5361,0.3459112902324219,658.6125632803243,0.1590059365885898,0.231845930352556,low_DH
1139,1149,5353,5372,0.3344802481173338,2401.4556339595124,0.20671119175379501,0.06767928639989401,mid_DH
1139,2047,5353,10667,0.38130820543926824,2618.8537211265634,0.21339313647201383,0.297375800131188,mid_DH
1140,1146,5354,5364,0.36095717599318944,1370.5184919257736,2.366069476679313,0.189031786483027,high_DH
1141,1143,5357,5360,0.3479257133938671,373.17618332317295,0.43766512646844075,0.219418161809464,high_DH
1141,1943,5357,10366,0.25464275942343273,1818.2995222876416,0.03390361087796018,0.20624199992529801,low_DH
1143,1943,5360,10366,0.3959045533204505,1492.766205783222,0.4447589231921405,0.013176161884165982,high_DH
1144,1145,5361,5363,0.20069798558098798,1884.5312518279588,0.17329721796695557,0.015149070696744996,low_DH
1144,1149,5361,5372,0.4034718886967443,2681.5539639047843,0.3606314816760679,0.29952521675245003,mid_DH
1144,2047,5361,10667,0.3695220143734875,2867.1820254294703,0.3279012358208822,0.529221730483744,mid_DH
1145,1147,5363,5368,0.4388336624626021,828.7877124369143,0.3674289374038333,0.141199174434676,mid_DH
1145,1152,5363,5375,0.3906025843048456,1111.4222896945635,0.3547554890413787,0.132494201623707,mid_DH
1146,2081,5364,11648,0.5365182752235873,3924.8049599801093,2.397595248857961,0.074612533672127,high_DH
1147,1151,5368,5374,0.35009978714701256,588.5098955223791,1.0976814766460965,0.044126548706649005,high_DH
1147,1152,5368,5375,0.29413978676687724,964.4608886635033,0.7172986942981804,0.008704972810968992,high_DH
1148,1397,5370,5996,0.6954554749151557,1867.6351053878932,0.3303297278501202,0.046626199647297015,mid_DH
1148,1420,5370,6151,0.7598647072996532,5100.205989968001,0.8859860588320889,0.07757195069331199,high_DH
1149,1150,5372,5373,0.3223547206116547,315.70168755696045,0.4215138629521641,0.03089518398312302,high_DH
1151,1152,5374,5375,0.36750405291217764,376.48142538663154,0.3850806163617149,0.052831521517617996,mid_DH
1151,1415,5374,6043,0.39172614710804454,3613.201721848765,0.42382378361054934,0.698786693445748,high_DH
1154,1155,5378,5383,0.20295113808071238,272.16884030510255,0.38482043642575736,0.5495395052222509,mid_DH
1154,1197,5378,5462,0.318269622662395,780.191394596001,0.16018229271776505,0.277162038449071,low_DH
1154,1199,5378,5465,0.32075502260456756,901.1022340161459,0.1807523344504781,0.43600974882813,low_DH
1154,1388,5378,5978,0.15779326662128387,268.46259368465405,0.5246851801677956,0.294135403408045,high_DH
1154,1492,5378,6492,0.3367255124251054,2560.367497111976,0.682094251247921,0.35838968191852,high_DH
1155,1169,5383,5408,0.3227176611849578,600.7976302433593,0.49621395133108664,0.03163717294032298,high_DH
1155,1197,5383,5462,0.28022562577660537,589.4441040000011,0.22682502674360303,0.27237746677318,mid_DH
1155,1380,5383,5968,0.18752427126498494,419.40407538093547,0.3380081991748833,0.156507826939784,mid_DH
1155,1383,5383,5971,0.20680848216850897,322.13527294453354,0.19415929243091187,0.122240103676437,mid_DH
1155,1388,5383,5978,0.21496943470611823,539.5882136253235,0.2252491392407675,0.255404101814206,mid_DH
1156,1162,5385,5400,0.3106754796771963,328.7888413922611,0.16691101308367043,0.6734899240175609,low_DH
1156,1164,5385,5402,0.34861122014932083,385.9249277174146,0.23014261487397034,0.17216744475678197,mid_DH
1156,1165,5385,5404,0.31937756529570943,450.99215598965094,0.08561264631917703,0.32612631602389497,low_DH
1156,1380,5385,5968,0.29888166582578696,459.3241955342307,0.2908636630081462,0.11195536760459102,mid_DH
1156,1404,5385,6017,0.37114463752747107,1226.377730916394,0.4503853759298238,0.43472624469287596,high_DH
1157,1191,5386,5446,0.23485793669747923,495.2347770338497,0.6216497415235963,0.428578062023727,high_DH
1157,1384,5386,5972,0.19799562471087953,503.14338500574115,0.49902099070631434,0.338408456528196,high_DH
1158,1390,5388,5981,0.22144868913584476,1116.11326643727,0.17193144464675483,0.691102980695624,low_DH
1159,1163,5391,5401,0.20019811846587307,505.3694618272234,0.5174307385364015,0.6183473028598421,high_DH
1159,1190,5391,5444,0.2635393870104796,403.0918328212677,0.20552879204788482,0.03371515840325601,mid_DH
1159,1381,5391,5969,0.2444816146730547,717.6397818507844,0.608414787674701,0.5554603302764549,high_DH
1159,1382,5391,5970,0.17378132695440385,666.584859807598,0.5872168093285461,0.10617163851518002,high_DH
1159,1385,5391,5973,0.2606211454178256,725.7559573580793,0.40536394073321463,0.013012596449471059,high_DH
1159,2001,5391,10521,0.24931103079820321,837.63233699763,0.4421074790720055,0.16342354735057507,high_DH
1159,2004,5391,10526,0.2385895944366333,805.7667257102526,0.1531505327534821,0.705962947069801,low_DH
1159,2005,5391,10528,0.22964920312650386,917.6234276561715,0.5665485853626858,0.4755509203225139,high_DH
1159,2006,5391,10529,0.22729061713721144,971.1549833837574,0.20393396627861043,0.33486364662868906,mid_DH
1160,1161,5393,5395,0.34513759087507984,283.1159657682089,0.22889281038899206,0.11079695645034005,mid_DH
1160,1162,5393,5400,0.2813374070059623,408.6710189551969,0.3230091448147903,0.561598654439506,mid_DH
1160,1402,5393,6014,0.40298822625177666,1282.2142597006716,0.3772089580888161,0.562800249712804,mid_DH
1160,1405,5393,6018,0.3679659997410622,1300.2624979195339,0.5209066977543861,0.28497296686182205,high_DH
1160,1487,5393,6480,0.36415981391383273,3723.783569147318,0.9863881517000103,0.01542401066177701,high_DH
1161,1162,5395,5400,0.35732314917702174,286.6334000316318,0.10120534084298173,0.4508016979891659,low_DH
1161,1380,5395,5968,0.30683311235782706,348.84701757734643,0.26266575809436915,0.11073285842380404,mid_DH
1162,1165,5400,5404,0.3494131053089515,212.43302338704018,0.08515953476284029,0.999616240041456,low_DH
1162,1167,5400,5406,0.3292041852980579,260.7874764195926,0.6307590477454852,0.06216276065087889,high_DH
1162,1375,5400,5957,0.32992773412652954,317.1326458917687,0.2770667502190142,0.5469062125968229,mid_DH
1162,1404,5400,6017,0.37292563319547856,898.0936285322852,0.45232209354701064,1.108216168710437,high_DH
1163,1172,5401,5411,0.18256861963535911,425.09623540198385,0.1955142965135537,0.622263530740247,mid_DH
1163,1174,5401,5414,0.30026626810505436,520.2491820837706,0.3265497294094193,0.28052526150399204,mid_DH
1163,1181,5401,5430,0.2787228481664345,538.7689576775871,0.20617765983048422,0.47278436468183205,mid_DH
1163,1182,5401,5432,0.2452779010858763,500.18545852133354,0.31121333062241796,0.47250922792999595,mid_DH
1163,1190,5401,5444,0.1977028376065999,580.6629806931027,0.33050895743744824,0.6520624612630981,mid_DH
1163,1381,5401,5969,0.2936491704066415,391.99894890103553,0.2045137925699825,1.173807633136297,mid_DH
1163,1948,5401,10404,0.28763085637632474,510.8119910563615,0.32289808487235205,0.45941315194988797,mid_DH
1164,1167,5402,5406,0.4234981263949617,218.02338515972275,0.4034287021307052,0.4391597186099001,high_DH
1164,1371,5402,5947,0.4606530202973961,756.2245971864899,0.6454690607564547,0.0013036087154328913,high_DH
1164,1404,5402,6017,0.3152495671633483,841.9429395066721,0.22828367085257292,0.6068936894496579,mid_DH
1165,1200,5404,5468,0.21936476023504037,636.583191965873,0.34338087070885764,0.5697489554500691,mid_DH
1165,1371,5404,5947,0.3775557757805888,737.6360381402291,0.852528165657902,0.49699015206524405,high_DH
1165,1380,5404,5968,0.2908329596015196,515.6426368152916,0.22621678090358988,0.438081683628486,mid_DH
1165,1404,5404,6017,0.345078356802003,831.6261047313702,0.4283273115332358,0.10859992866898101,high_DH
1166,1183,5405,5433,0.20621768911494107,293.68204826184,0.07618885606235144,0.532357732919595,low_DH
1166,1198,5405,5463,0.21668062547879785,464.41913238071606,0.2813598624661238,0.014857837278473007,mid_DH
1166,1202,5405,5471,0.22060077202203032,496.2768741683504,0.19361535940490626,0.273267398474108,low_DH
1166,1205,5405,5475,0.2485744892893232,574.9239423937748,0.4714545342766356,0.283337565329706,high_DH
1166,1208,5405,5478,0.21052029291887353,634.1279192029034,0.3985381807629082,0.493031329586572,high_DH
1166,1210,5405,5483,0.21828100579148194,676.4138806882648,0.4397456166941617,0.22523838032065802,high_DH
1166,1214,5405,5491,0.11243832395626129,625.9044519745086,0.20484705612614468,0.101688875610786,mid_DH
1166,1237,5405,5635,0.24702217222584993,708.5912289483949,0.8233548968153604,0.5510454845665269,high_DH
1166,1373,5405,5954,0.22671109080161145,423.3353603602068,0.20981566250590908,0.12471708405499,mid_DH
1166,1379,5405,5966,0.2428388071942178,456.6170125689787,0.17701557449543237,0.489695414443805,low_DH
1167,1375,5406,5957,0.18227615728054158,218.10150048102437,0.3683757062687341,0.48474345194594404,mid_DH
1168,1191,5407,5446,0.1860863016912626,302.93252719776683,0.10921079173498238,0.10652202109693598,low_DH
1168,1375,5407,5957,0.32087857803006864,268.7390178939336,0.15930403525330114,0.250984704988337,low_DH
1169,1182,5408,5432,0.31375454066117353,253.3149097132712,0.41041914989315936,0.13504989503278403,high_DH
1169,1186,5408,5437,0.31192743009833324,465.9430876524798,0.4882721693431343,0.516478708585527,high_DH
1169,1189,5408,5442,0.29634449282785613,487.2258357683426,0.395592089790114,0.130616451369167,high_DH
1169,1197,5408,5462,0.1450201230356938,606.1455455045045,0.27013542008261315,0.240740293832857,mid_DH
1169,1199,5408,5465,0.20582874777652538,670.5188934938612,0.2942738070714477,0.08189258345379802,mid_DH
1169,1200,5408,5468,0.16604692315820357,617.7888089239598,0.23300112881514318,0.006796617822122042,mid_DH
1169,1204,5408,5474,0.3268230512220692,585.1490667864454,0.20576865628152316,0.258589034438027,mid_DH
1169,1380,5408,5968,0.2498459336820581,569.4797035460334,0.5835312928307618,0.12487065399946101,high_DH
1169,1402,5408,6014,0.326679882365046,849.044909350813,0.5635874512865745,0.43786549768680694,high_DH
1170,1177,5409,5424,0.324603331748865,283.00355588094766,0.1711815776601646,0.24983469692745097,low_DH
1170,1186,5409,5437,0.34299767657009744,495.2299638091112,0.12097507368930682,0.64889210895896,low_DH
1170,1194,5409,5456,0.19949998021130988,568.2194405046471,0.4965189345097004,0.717628456880551,high_DH
1170,1391,5409,5983,0.3390341975864391,652.4753160800808,0.24358024786520358,0.26629383898955494,mid_DH
1170,1950,5409,10407,0.25211536770651266,560.8898201102487,0.18565831610187106,0.508708918015984,low_DH
1170,1997,5409,10515,0.2953644008739407,377.5819995464896,0.0823154143908645,0.10344195840559,low_DH
1170,2000,5409,10520,0.3731859214912947,534.5601376556967,0.12322870573326117,0.008231361744203025,low_DH
1170,2013,5409,10545,0.40742716306552856,764.1995421425923,0.3161938899788352,0.03913015775234696,mid_DH
1171,1180,5410,5428,0.21732135394901772,257.46496534177953,0.538939166562658,0.17790852241414198,high_DH
1171,1181,5410,5430,0.13508504962308113,237.46999104005798,0.350435022148957,0.06552730689033703,mid_DH
1171,1187,5410,5438,0.22422694453150646,449.1663650575185,0.4871385797003367,0.11338518817597898,high_DH
1171,1196,5410,5461,0.22488134864792086,765.5312130872784,0.5138291600782927,0.13730394430484,high_DH
1171,1211,5410,5485,0.20068706780895235,790.1711116912888,0.46653309202494564,0.26202557446365704,high_DH
1171,1213,5410,5487,0.15223826418133404,766.1462184879372,0.5032003928589168,0.016113632633958985,high_DH
1171,1236,5410,5634,0.2091358723959211,776.3295421291895,0.8233651397999595,0.398411444869221,high_DH
1171,1376,5410,5958,0.14075619422504965,235.4809514284433,0.2693689922210856,0.277476682863218,mid_DH
1171,1377,5410,5963,0.23686104678213862,419.25599628891115,0.29715188899169803,0.08717298644029597,mid_DH
1172,1186,5411,5437,0.34450504092901924,359.27005892490695,0.03904995954156889,0.531183116362994,low_DH
1172,1187,5411,5438,0.2319758303542253,366.2281771244498,0.18067835283806383,0.32839166112473095,low_DH
1172,1190,5411,5444,0.1494778489354391,437.5593791229848,0.13882974900830874,0.029798930522851097,low_DH
1172,1213,5411,5487,0.2557256672209672,669.2090217617775,0.1797872533408571,0.23112010558271096,low_DH
1172,1377,5411,5963,0.3217829967988396,449.0689508589202,0.07809091862869684,0.30217945938904794,low_DH
1173,1209,5413,5480,0.07244678520327856,713.120662487477,0.4306602576640143,0.6430978144321909,high_DH
1173,1231,5413,5628,0.21933181119646186,797.9409039045269,0.39242049623000264,0.564550667104706,high_DH
1173,1233,5413,5630,0.2049421924156828,755.3317387893435,0.48160608566660384,0.30986599902507894,high_DH
1173,1237,5413,5635,0.2268845872994028,724.3298190344207,0.857916348906838,0.304629126043776,high_DH
1174,1187,5414,5438,0.15738686371876343,319.5656627222725,0.07618438218590323,0.013346608111523994,low_DH
1174,1190,5414,5444,0.3025406144499865,458.34711970865703,0.14141256319902454,0.37153719975910604,low_DH
1174,1196,5414,5461,0.27990366973584474,725.2154358907111,0.16524637933101652,0.010572148017337024,low_DH
1174,1948,5414,10404,0.21728660646207315,717.9104141462705,0.23497224539699174,0.17888789044589598,mid_DH
1174,1956,5414,10418,0.2724860458994399,592.4118543499198,0.4124978001028215,0.142044949062127,high_DH
1174,1998,5414,10517,0.18672209532554376,232.593349278273,0.1612774501764431,0.197669912741596,low_DH
1175,1183,5416,5433,0.2773583107181762,428.3469587535576,0.43251739256224314,0.161217943684984,high_DH
1175,1189,5416,5442,0.22267354183502014,506.41699777046165,0.2603680499324167,0.10415567874995502,mid_DH
1175,1203,5416,5473,0.24359408715828743,557.5113950763892,0.31028400242012993,0.502579522407226,mid_DH
1175,1204,5416,5474,0.1125566013202743,536.2223223012355,0.22500411000951023,0.493361164557149,mid_DH
1175,1210,5416,5483,0.26145005274245864,811.70101783873,0.20312802386689374,0.468337296283921,mid_DH
1175,1232,5416,5629,0.26688979361222215,719.9941332315601,0.24728175771348818,0.141618295161678,mid_DH
1176,1241,5419,5647,0.2367641546183796,604.9256985544934,0.527068898752049,0.03427707034644001,high_DH
1176,1246,5419,5657,0.18045417743627348,634.8092217127858,0.14617755949204728,0.10811220033457403,low_DH
1176,1251,5419,5662,0.1815294380941834,681.3788405278383,0.32601821675542253,0.301253563540205,mid_DH
1176,1259,5419,5672,0.20854446160745224,595.3049106002132,0.33035891937841433,0.419083218861742,mid_DH
1176,1292,5419,5720,0.13525916993885903,256.2353189241743,0.4977273081384373,0.35015022825555997,high_DH
1176,1296,5419,5728,0.21352271963920538,226.98008576088412,0.1114665033261862,0.3351429983921159,low_DH
1176,1298,5419,5732,0.19813157140097967,218.24804362013677,0.09938446084856399,0.012321639522585026,low_DH
1176,1969,5419,10455,0.22161486076268566,530.4758567684495,0.5323241583541731,0.273310763415432,high_DH
1176,1972,5419,10460,0.20867955872443786,274.60428352822845,0.3269979378081488,0.369229281479892,mid_DH
1177,1187,5424,5438,0.2614920782421022,281.30140143761827,0.3928359373253136,0.196265956793246,high_DH
1177,1357,5424,5926,0.39374837053248335,400.1442506252128,0.12910588580900412,0.158913266938065,low_DH
1177,1950,5424,10407,0.36105571661575764,758.304705006178,0.16545720159029492,0.258874221088533,low_DH
1177,1998,5424,10517,0.18169829640451057,276.56968949433536,0.21945509029826935,0.011942652163173972,mid_DH
1178,1206,5426,5476,0.1999757005681725,477.82755812031326,0.49982781694541706,0.39753932198196995,high_DH
1178,1215,5426,5492,0.20801341782523167,688.7607689355809,0.23640217476012845,0.63851906567077,mid_DH
1178,1234,5426,5632,0.1376262894763679,595.2674203879651,0.0843311182898975,0.338425895931143,low_DH
1178,1239,5426,5644,0.15781717322541175,368.5773217962347,0.19554676092536918,0.9167533401495099,mid_DH
1178,1240,5426,5645,0.10336333140857573,385.20891673424165,0.27869497156479156,0.46942031774359094,mid_DH
1178,1253,5426,5665,0.20693376500648553,569.9112433132375,0.25905402317726395,0.543110648936286,mid_DH
1178,1363,5426,5936,0.173705019903907,231.51596592004134,0.25162844454967076,0.301929040692568,mid_DH
1178,1953,5426,10411,0.20103588246555942,219.99315626180007,0.30496806114299807,0.19372146109299793,mid_DH
1178,1970,5426,10458,0.1584065544788031,324.65637277278654,0.25603848851122574,0.24148047558264096,mid_DH
1179,1215,5427,5492,0.21528786987354817,611.3004963219568,0.08962532156666216,0.4960384937355671,low_DH
1179,1235,5427,5633,0.19944204082849065,590.5924606304754,0.22554279275561073,0.33733552209172907,mid_DH
1179,1239,5427,5644,0.2525890233532671,352.24732004108944,0.3909630005093548,0.774272768214307,high_DH
1179,1240,5427,5645,0.18364657235438972,378.35667028718626,0.45903748539904,0.326939745808388,high_DH
1179,1282,5427,5708,0.25379267092780494,278.0754625450165,0.2300637560906675,0.16927326291995792,mid_DH
1179,1364,5427,5937,0.11346506742179892,296.04817479038974,0.35070296280030305,0.39276880487958005,mid_DH
1179,1953,5427,10411,0.13086832590614947,244.08036811232762,0.22512142360277423,0.05124088915779501,mid_DH
1179,1970,5427,10458,0.21269638230157117,339.7207938235694,0.44844357285409986,0.09899990364743805,high_DH
1180,1192,5428,5451,0.19529530595829359,228.9536468380658,0.5124643935361528,0.371534580472238,high_DH
1180,1210,5428,5483,0.22611613598005026,570.183647115547,0.23258259889041236,0.144645421420628,mid_DH
1180,1211,5428,5485,0.18664052887399613,534.0792476818309,0.11482539117516813,0.43993409687779905,low_DH
1180,1213,5428,5487,0.20582036021765973,511.98331396172324,0.10039550258190194,0.161794889780183,low_DH
1180,1214,5428,5491,0.23296205883184448,585.2224990172826,0.2416971879830548,0.021095916710756002,mid_DH
1180,1236,5428,5634,0.20188938403455065,521.2972995868486,0.31038915211102097,0.576319967283363,mid_DH
1180,1241,5428,5647,0.23920759792093732,415.15231384755873,0.2652235448312784,0.597844355081783,mid_DH
1180,1373,5428,5954,0.1592290103905418,368.85459594678537,0.08067307998730594,0.04412412515496,low_DH
1180,1376,5428,5958,0.22773868963172975,379.1905118693162,0.31862505128235935,0.45538520527736004,mid_DH
1181,1187,5430,5438,0.14321653849851565,212.89483512020652,0.21333950053067832,0.178912495066316,mid_DH
1181,1196,5430,5461,0.19204555149189456,631.3455217635034,0.18727405780718667,0.20283125119517703,low_DH
1181,1213,5430,5487,0.2013643004971737,557.5405955888242,0.16875861120123764,0.08164093952429602,low_DH
1181,1374,5430,5956,0.2433658662568732,319.6616208556589,0.049385082391641334,0.024541195266877036,low_DH
1181,1377,5430,5963,0.2901359124067624,589.8642666995305,0.05494543394763491,0.152700293330633,low_DH
1181,1948,5430,10404,0.2256373402370381,643.4564089706666,0.12765628322071368,0.013371212731944027,low_DH
1182,1186,5432,5437,0.24408456829697667,305.62757604362866,0.09177782071029686,0.38142881355274294,low_DH
1182,1189,5432,5442,0.2787658025141561,390.80985710476426,0.047773007166259304,0.265666346401951,low_DH
1182,1197,5432,5462,0.213715027743612,654.5829245895576,0.2093874778750283,0.10569039880007297,mid_DH
1182,1199,5432,5465,0.2432993843289068,671.8156101442,0.2367678773866366,0.05315731157898601,mid_DH
1182,1203,5432,5473,0.32425239903276976,448.172221124649,0.526599722500478,0.13275749725532,high_DH
1182,1204,5432,5474,0.28534512720404315,430.187490437215,0.44876767805737094,0.12353913940524297,high_DH
1183,1198,5433,5463,0.13026818730606057,405.1449176997542,0.21983648497381442,0.547215570198068,mid_DH
1183,1202,5433,5471,0.26539308567198383,227.95856012230732,0.2665354438788802,0.259090334445487,mid_DH
1183,1208,5433,5478,0.2647364049708415,365.71809573870905,0.47167986132525136,0.03932640333302306,high_DH
1183,1210,5433,5483,0.18416186797692077,419.2820214798716,0.5126772941057695,0.307119352598937,high_DH
1183,1214,5433,5491,0.13148101083435693,412.81666239368934,0.2513656243662581,0.430668857308809,mid_DH
1183,1379,5433,5966,0.1941784832592274,749.7722053372283,0.2448798080611783,0.04266231847579005,mid_DH
1183,2005,5433,10528,0.2618800543753007,979.1596359148741,0.17362081926663792,0.4127849137854379,low_DH
1184,1211,5435,5485,0.20413231313021563,469.64428733177425,0.3022795335252193,0.285538739417564,mid_DH
1184,1235,5435,5633,0.13902333564860922,422.8775631036276,0.2479831945706704,0.10309481459590703,mid_DH
1184,1362,5435,5933,0.24552583682838125,509.5519359383655,0.5866972114414181,0.047092270993771,high_DH
1184,1364,5435,5937,0.21328873018057332,475.35619226758644,0.43292306144412285,0.158528097383758,high_DH
1184,1376,5435,5958,0.23413546173370708,596.0151015022534,0.49884004455104025,0.300989847817125,high_DH
1184,1953,5435,10411,0.17489713758339945,403.9243940523853,0.34993185294222645,0.18299981833802703,mid_DH
1185,1212,5436,5486,0.19800903614088478,383.34702957635625,0.3148203996863062,0.07538240192370105,mid_DH
1185,1361,5436,5932,0.21838315725519783,465.36449065154596,0.6113908834940106,0.503142162869606,high_DH
1185,1960,5436,10425,0.21733585405040096,333.2595319896291,0.11463548240950164,0.15908035874845297,low_DH
1186,1197,5437,5462,0.2450338756588754,487.54228530277226,0.2680921336948163,0.27573841475267,mid_DH
1186,1199,5437,5465,0.17980957249866372,450.7785874492235,0.28824633901010704,0.434586125131729,mid_DH
1186,1200,5437,5468,0.2667413813401435,340.30267102799746,0.2637145152631045,0.5232753264076491,mid_DH
1186,1391,5437,5983,0.34288144133302745,1139.026770208425,0.3606263275563236,0.38259826996940505,mid_DH
1187,1196,5438,5461,0.29031066508636155,602.1757673602787,0.10216083811418251,0.02391875612886102,low_DH
1187,1213,5438,5487,0.24150735182086702,424.81370826056076,0.12786546974677965,0.09727155554202,low_DH
1187,1374,5438,5956,0.28600646945616337,532.1671709050618,0.19974334348382503,0.15437129979943898,mid_DH
1187,1948,5438,10404,0.26037198798043926,666.1334259469811,0.21155589432526803,0.165541282334372,mid_DH
1187,1955,5438,10414,0.16188137358864926,241.28020339450475,0.17457115091408787,0.258302654822667,low_DH
1188,1952,5441,10409,0.3244221982596391,471.24519053570083,0.2183233369556674,0.718447843512247,mid_DH
1188,1954,5441,10412,0.2713672334635123,427.75754903664824,0.19383428048900653,0.319833792785557,low_DH
1188,1955,5441,10414,0.34290717379565794,345.42591572924215,0.31155267933150993,0.523164854774487,mid_DH
1188,1956,5441,10418,0.2969403405814148,481.2370010741892,0.6254848337214555,0.109470642778169,high_DH
1188,1958,5441,10422,0.30811323912466904,299.161012681529,0.3673402590224105,0.33634811002297904,mid_DH
1188,1978,5441,10466,0.3303012698453646,510.0443822590646,0.08975634396969698,0.479833955894436,low_DH
1188,1999,5441,10518,0.22178181207292938,653.2340042097721,0.18611870261993832,0.119499644641892,low_DH
1188,2007,5441,10530,0.34526350365404096,1182.3723104972146,0.7130429855563225,0.763785455618551,high_DH
1189,1197,5442,5462,0.27165969607837664,360.3086826736809,0.1782188208428462,0.371356745202024,low_DH
1189,1198,5442,5463,0.21654891338151752,431.2947263511408,0.4099755665632348,0.604277835133097,high_DH
1189,1199,5442,5465,0.31492065890365983,319.5288635095723,0.2030738091168592,0.21250903482296502,mid_DH
1189,1210,5442,5483,0.24650176500873766,306.2648787998221,0.30816152578587014,0.364181617533966,mid_DH
1189,1214,5442,5491,0.2627707949271967,337.5038025586481,0.19642688268576602,0.48773112224383797,mid_DH
1189,1379,5442,5966,0.2767427176085433,889.6849520633307,0.0630975724886256,0.09972458341081902,low_DH
1190,1196,5444,5461,0.2714926387528477,303.639078970109,0.0597960304464537,0.38210934777644306,low_DH
1190,1377,5444,5963,0.2888376367553683,708.4439447882693,0.1873005173515602,0.33197838991189904,low_DH
1190,1948,5444,10404,0.2899983160235054,373.68409536646095,0.1384646862411371,0.19264930931321006,low_DH
1191,1207,5446,5477,0.27708025284848886,263.87355718982343,0.29746409747133506,0.444568108143499,mid_DH
1192,1198,5451,5463,0.21797777630705734,349.32005113756804,0.12623221237176727,0.46698537665074097,low_DH
1192,1211,5451,5485,0.2544426162747081,400.83473752917456,0.4290698287572904,0.06839951640556108,high_DH
1192,1213,5451,5487,0.24574118530190692,365.9037378493163,0.4634432438414295,0.20973969069205495,high_DH
1192,1214,5451,5491,0.1890990430160352,412.36512525508186,0.4259005295858945,0.3504386637614819,high_DH
1192,1236,5451,5634,0.2523356528856185,454.40128162365426,0.7881228380231109,0.20478538681112501,high_DH
1192,1373,5451,5954,0.21063494256247836,537.5185037958554,0.4843786278950514,0.32741045531727797,high_DH
1192,2001,5451,10521,0.2674046070988337,911.7504051562005,0.30610581356190514,0.14595936034032397,mid_DH
1192,2005,5451,10528,0.24963556806832235,928.2909519954255,0.08265801575382033,0.493015107332765,low_DH
1193,1375,5454,5957,0.1718844461365757,398.70001977813746,0.16549432113463203,0.470076777285625,low_DH
1194,1409,5456,6026,0.45229100175723774,1305.6868167791895,0.31004040506188757,0.160385473449932,mid_DH
1194,1950,5456,10407,0.23650280279217642,407.408073720918,0.378012875490652,0.208919538864567,mid_DH
1194,1997,5456,10515,0.2706946828922164,896.9923037666064,0.5379566273347058,0.614186498474961,high_DH
1194,2000,5456,10520,0.36809398652880565,674.5756676066096,0.43218874098861954,0.725859818624754,high_DH
1194,2013,5456,10545,0.38570017031072207,1332.2461395345613,0.8051568312726838,0.678498299128204,high_DH
1195,1211,5459,5485,0.2275234246643212,394.13002653540997,0.1512743821722263,0.5312228977619781,low_DH
1195,1215,5459,5492,0.20047259096887088,320.29446856417263,0.1885409098688783,0.01611362789533101,low_DH
1195,1236,5459,5634,0.20990686880612702,535.7712108630317,0.468348749385243,0.667608768167542,high_DH
1195,1376,5459,5958,0.1740750893106095,709.9880354781604,0.2643598738223661,0.546674006161539,mid_DH
1195,1390,5459,5981,0.23741610715066405,1305.0813007831216,0.3177226441258567,0.082119750217673,mid_DH
1196,1213,5461,5487,0.24317474458180321,316.9201098991625,0.033282147540807064,0.12119031167088101,low_DH
1196,1377,5461,5963,0.2642071801094372,789.7831240233728,0.2324951570713183,0.050130957864544023,mid_DH
1196,2001,5461,10521,0.24086093865282812,1008.0713050261436,0.3528844795758989,0.184970642022612,mid_DH
1196,2004,5461,10526,0.2755341607478044,968.022203332578,0.06551744521404795,0.357568757696614,low_DH
1196,2006,5461,10529,0.28127469870864796,1132.1857009341577,0.12198098849987604,0.013530542744497998,low_DH
1197,1200,5462,5468,0.2268423746241109,203.71999447515722,0.07564302415067534,0.24753691165497904,low_DH
1197,1204,5462,5474,0.31343262761877805,482.2618854654791,0.3997085419984802,0.01784874060517,high_DH
1197,1380,5462,5968,0.28411324774999025,903.5666504609754,0.3952215006827223,0.11586963983339599,high_DH
1197,1388,5462,5978,0.2721510339382993,1020.1118931199895,0.37498470391971217,0.016973364958974002,mid_DH
1198,1210,5463,5483,0.25144671047049066,417.88013360762227,0.7134512742473691,0.24009621759913102,high_DH
1198,1214,5463,5491,0.15946839810103836,294.63968412452357,0.3669150713970744,0.11654671288925901,mid_DH
1198,1379,5463,5966,0.260771962454351,815.7439179259288,0.4400694787425258,0.5045532517222779,high_DH
1198,1382,5463,5970,0.26432901940167025,826.4047158006039,0.08275199346697172,0.37827792514581204,low_DH
1198,2005,5463,10528,0.19058297544217404,1064.4585330346586,0.06999380868459677,0.9600004839835059,low_DH
1199,1381,5465,5969,0.32574361138336166,1033.3112943907538,0.5611797436711627,0.648141093627315,high_DH
1199,1388,5465,5978,0.28793583765940295,1134.1787719031124,0.37805774566480016,0.14187434542008498,mid_DH
1199,1391,5465,5983,0.32256976055083864,1270.9323080427237,0.5632096820127299,0.05198785516232396,high_DH
1200,1371,5468,5947,0.31215526891611084,1306.507843297589,0.5223366492650172,0.07275880338482499,high_DH
1200,1380,5468,5968,0.3709956734177644,1026.2890994238337,0.38613382342110264,0.13166727182158305,mid_DH
1200,1402,5468,6014,0.35760563874989565,1449.90696734328,0.3368970649985413,0.4310688798646849,mid_DH
1202,1214,5471,5491,0.19733349062793248,213.20674351789322,0.20029076436964888,0.171578522863322,mid_DH
1202,1237,5471,5635,0.19735553285652546,223.4019544082405,0.663807071415674,0.27777808609241894,high_DH
1202,1379,5471,5966,0.2858226290452744,948.227215071733,0.04961547067654404,0.21642801596969696,low_DH
1203,1208,5473,5478,0.2790775694346721,212.8244902642937,0.3010654599823515,0.302035175389219,mid_DH
1203,1210,5473,5483,0.19772611096871168,277.7206458337758,0.2579971459374917,0.03424222612330502,mid_DH
1203,1232,5473,5629,0.3365200408214725,278.0278063504203,0.5155510207222245,0.360961227245548,high_DH
1204,1210,5474,5483,0.255322216460643,314.83669789343816,0.23173924666830292,0.025023868273228,mid_DH
1204,1232,5474,5629,0.2706065832245622,258.20817981209615,0.4401810751289248,0.351742869395471,high_DH
1205,1214,5475,5491,0.22348158371467586,278.7456510573411,0.42026574496148883,0.18164868971891998,high_DH
1205,1373,5475,5954,0.2385424211547124,768.7077396693203,0.27627658533029514,0.15862048127471598,mid_DH
1207,1233,5477,5630,0.27850545730021675,236.3059310844169,0.09982872547700994,0.284308757341307,low_DH
1208,1231,5478,5628,0.28859090305011215,259.71806783148213,0.08980133809280666,0.20190738608097497,low_DH
1208,1232,5478,5629,0.29705046747224256,365.6481883007234,0.2719688841065976,0.05892605185632904,mid_DH
1208,1245,5478,5656,0.21906848612097746,378.6189458365881,0.27840090696870373,0.687409387095125,mid_DH
1208,1378,5478,5964,0.25879636009552676,972.2008240993698,0.3739757844770148,0.23140061620062397,mid_DH
1209,1231,5480,5628,0.1970304782926345,214.7213436098498,0.0515440228843315,0.07854714732748497,low_DH
1209,1233,5480,5630,0.22921931576565713,211.12539668766902,0.05583141215508905,0.333231815407112,low_DH
1209,1252,5480,5664,0.26395440966294964,397.9598858878262,0.07774612202899024,0.10995471011914604,low_DH
1209,1278,5480,5702,0.2894016441092087,351.10801140971785,0.17048268446072065,0.22722654800865594,low_DH
1210,1373,5483,5954,0.24999559021446663,937.2900058752509,0.23811913411524194,0.100521296265668,mid_DH
1211,1241,5485,5647,0.25096773703036324,359.41414755068655,0.35539386658724664,0.15791025820398397,mid_DH
1211,1373,5485,5954,0.2285323591810988,899.7183412863254,0.10613616763174143,0.39580997172283905,low_DH
1211,1376,5485,5958,0.15212446310305824,846.1662736761846,0.2275147041456375,0.015451108399560987,mid_DH
1211,1377,5485,5963,0.20439546700929032,980.878964698485,0.18077532271996571,0.349198560903953,low_DH
1212,1243,5486,5653,0.37087682780555176,352.58855199009525,0.20749495089853515,0.414953443484095,mid_DH
1212,1971,5486,10459,0.2810419521097047,275.8074628688045,0.4871548959790728,0.481846686528053,high_DH
1213,1376,5487,5958,0.20928995887500523,813.0052467847261,0.2605221757416431,0.293590315497177,mid_DH
1213,1377,5487,5963,0.1421807494498662,943.948195507102,0.21566199481977485,0.07105935380633699,mid_DH
1214,1373,5491,5954,0.20527970685885527,939.5896478703384,0.259696165978168,0.023028208444204,mid_DH
1214,1379,5491,5966,0.2426152068447302,1049.198896378581,0.17410977037262218,0.38800653883301894,low_DH
1215,1239,5492,5644,0.23045909000399972,415.42801289655705,0.40975646565729734,0.27823427447874,high_DH
1215,1240,5492,5645,0.16479829901839588,438.1816985167559,0.4513480515567425,0.16909874792717902,high_DH
1215,1364,5492,5937,0.2690413309296312,878.9013316358509,0.4378509306716166,0.103269688855987,high_DH
1215,1953,5492,10411,0.21495867896466353,849.4941895915533,0.3130550305625605,0.44479760457777207,mid_DH
1216,1223,5600,5610,0.2383885391466604,225.2759019958557,0.15838431933316732,0.07291683401563398,low_DH
1216,1224,5600,5611,0.19193504323392854,279.073406777685,0.19631803908833687,0.02328820387448205,mid_DH
1216,1229,5600,5624,0.19474718215295955,299.2640460212207,0.22261861068082006,0.081527915574375,mid_DH
1216,1322,5600,5779,0.2945470118445352,634.7106154264383,0.308470300462959,0.812130671512134,mid_DH
1216,1680,5600,8910,0.2990599162420809,366.4171115188388,0.402175604610505,0.50860688954959,high_DH
1216,2070,5600,11599,0.14772783560736133,298.19325517166607,0.2755967115753067,0.459535423509163,mid_DH
1217,1350,5602,5880,0.5575448490145846,1338.6721992956273,0.5262845913110162,0.408811500578561,high_DH
1217,1683,5602,8914,0.5034773319613023,786.93409082977,0.0666754345683958,0.859490659637857,low_DH
1218,1219,5603,5604,0.22332287505356407,217.15383845958596,0.255973848191338,0.46142005588535895,mid_DH
1218,1220,5603,5605,0.21211320894029115,326.7176282397845,0.39707093997412035,0.22544349853608403,high_DH
1218,1223,5603,5610,0.21830424404724627,284.4303460420756,0.20749387190133192,0.00205848975358891,mid_DH
1218,1225,5603,5612,0.18174305650363143,343.6338458130317,0.1062487354847147,0.25036363212963597,low_DH
1218,1343,5603,5823,0.18211002046769167,447.955034074721,0.2399456642221778,0.1589619130554799,mid_DH
1219,1339,5604,5810,0.23159360526623193,437.6671722780975,0.12746161445193666,0.014173969556046995,low_DH
1219,1342,5604,5821,0.28506589829512574,238.59868742300068,0.2623566285886408,0.27423314675754196,mid_DH
1219,1343,5604,5823,0.2258042883603205,265.45102130188866,0.17513530574663494,0.30245814282987904,low_DH
1219,1991,5604,10493,0.29720842924134205,398.277963042772,0.7095632252502669,0.35042516147107305,high_DH
1220,1226,5605,5614,0.17871778916038353,252.3381085157478,0.07407367477917988,0.16754254946306102,low_DH
1220,1264,5605,5682,0.20856811355833335,491.8364732661655,0.38001834718525535,0.375939366792304,mid_DH
1220,1322,5605,5779,0.255624239614933,417.8625713385119,0.12940984980096032,0.966715825786173,low_DH
1220,1325,5605,5783,0.2080331740621941,347.39195349562715,0.33616476581454136,0.20435729567292493,mid_DH
1220,1333,5605,5797,0.17362539974307736,276.8066321658537,0.4502906036851964,0.13686553940828894,high_DH
1220,1986,5605,10482,0.1441253603221168,414.57150525348106,0.28988779117047525,0.26204737735302797,mid_DH
1220,1987,5605,10484,0.19235598390019135,438.80487241102526,0.2767218000009349,0.785780630878655,mid_DH
1220,1988,5605,10486,0.22683598889609283,435.7497975334993,0.4160110508202582,0.307596431050832,high_DH
1221,1261,5607,5678,0.1877668166740186,364.11464835993286,0.14580651407294637,0.30181026498486907,low_DH
1221,1317,5607,5774,0.15515680617578306,295.9332272935785,0.21309378747840263,0.713645052544446,mid_DH
1221,1320,5607,5777,0.2524462138000792,356.71655886862555,0.08919041630907809,0.09880979739519802,low_DH
1221,1326,5607,5784,0.15715609233728095,326.38070584961514,0.18930183929935074,0.669939484800282,low_DH
1221,1327,5607,5785,0.19917109529736005,337.64039408285936,0.15114487421369832,0.715086547489035,low_DH
1221,1984,5607,10478,0.22342011574043827,439.3509543317319,0.3841811363830594,0.49831263504548295,mid_DH
1222,1309,5608,5753,0.24348170833850927,593.0714476092163,0.348291408500799,0.16874036669303194,mid_DH
1222,1313,5608,5767,0.328718650083883,446.99215542711505,0.8261139168355864,0.566926525844458,high_DH
1222,1332,5608,5796,0.31384540113561604,217.12469241433516,0.164889898964298,0.40136046112927,low_DH
1222,1961,5608,10436,0.2781988589594889,288.3495756914754,0.23988276697229644,0.484615956317788,mid_DH
1222,1987,5608,10484,0.17839520338502665,404.22455406125897,0.19789767492967986,0.37671559172719105,mid_DH
1223,1265,5610,5683,0.21851940015168314,537.3261457000278,0.3615042788857784,0.0013890754747070133,mid_DH
1223,1310,5610,5754,0.23194330417700187,651.0697687789722,0.1301291380760884,0.16909704092660205,low_DH
1223,1336,5610,5803,0.16697834562548772,443.1555463008723,0.21076117211769227,0.19417979219345705,mid_DH
1223,1338,5610,5806,0.2532351501460861,495.99732223969204,0.03470968775737749,0.6018748551110211,low_DH
1223,1672,5610,8890,0.18727417998598528,340.9503147584137,0.4349344475657871,0.03617563301464499,high_DH
1224,1257,5611,5670,0.24528826487971891,245.62508039029123,0.06960158932902466,0.395741748354604,low_DH
1224,1259,5611,5672,0.21493391386034788,369.0470389209518,0.2118214921617415,0.25788434300664204,mid_DH
1224,1296,5611,5728,0.24626745586325766,843.5856620323573,0.14329159701213484,0.4963418742472159,low_DH
1224,1298,5611,5732,0.24561414720065344,769.1817420049018,0.18312641863098367,0.17352051537768498,low_DH
1224,1310,5611,5754,0.23419793670646644,641.1304921385652,0.2835098654833003,0.21872567106775398,mid_DH
1224,1336,5611,5803,0.2808873716846831,463.59891981572014,0.3535863906149002,0.24380842233460898,mid_DH
1224,1672,5611,8890,0.2766671918109813,394.55680240774444,0.5894457145600287,0.08580426315579692,high_DH
1224,2070,5611,11599,0.26411584444243363,576.4118141922994,0.35826490305255276,0.43624721963468094,mid_DH
1225,1258,5612,5671,0.22075147185378138,238.0991995325329,0.19286940809214193,0.095084885407282,low_DH
1225,1265,5612,5683,0.20167764522717083,435.76794916050824,0.10172061433984142,0.24691606690134005,low_DH
1225,1308,5612,5751,0.2148461822055045,562.7316703017968,0.11908398218313858,0.05401520482890698,low_DH
1225,1336,5612,5803,0.20730335265643576,351.918609431351,0.48264407801846226,0.054125350182590015,high_DH
1225,1339,5612,5810,0.23618369254846183,452.72204596866544,0.2348790920123295,0.22523039331176997,mid_DH
1225,1343,5612,5823,0.22834015289952994,363.60552906371385,0.2657025414742538,0.09140171907415606,mid_DH
1226,1317,5614,5774,0.14936797094545784,490.25396218184557,0.25305976487908066,0.06019554222157797,mid_DH
1226,1323,5614,5780,0.18863869959984994,457.2844719609048,0.34264560681777184,0.022370473551758918,mid_DH
1226,1325,5614,5783,0.19747704014091683,373.0541992247583,0.3820366858681476,0.03681474620986391,mid_DH
1226,1331,5614,5791,0.13060657407408718,224.11803149175842,0.6198585657364791,0.191927981243375,high_DH
1226,1333,5614,5797,0.20864385523945514,311.962031204858,0.4840628789152389,0.03067701005477208,high_DH
1226,1343,5614,5823,0.17713056787389567,348.23270319146326,0.2869657755602258,0.21686286212850292,mid_DH
1226,1966,5614,10450,0.1979831255264502,445.4554857572747,0.6041595573617946,0.09993090249608594,high_DH
1226,1986,5614,10482,0.16686609792534218,533.6266844968236,0.2984250983535709,0.09450482788996695,mid_DH
1226,1988,5614,10486,0.18453193186798533,514.2046389817689,0.45038830100426674,0.140053881587771,high_DH
1227,1262,5619,5680,0.18778948069701493,327.1794897917981,0.10071170604934014,0.513544267120646,low_DH
1227,1300,5619,5734,0.17449562105608507,580.2809305873348,0.22700277614353062,0.04400507658466801,mid_DH
1227,1324,5619,5782,0.27377077339186395,282.955869055913,0.23829974102574109,0.09047563201277009,mid_DH
1227,1338,5619,5806,0.2644482925777975,338.279742062499,0.08914303046608361,0.613115778340759,low_DH
1227,1341,5619,5817,0.15539911272075788,365.48787601848613,0.3893133542191104,0.28561124157989093,mid_DH
1228,1267,5620,5687,0.28466379874692394,237.74390583234515,0.3111653992712622,0.446257862263855,mid_DH
1228,1274,5620,5697,0.25481973668434676,261.70182603729813,0.1972253230085069,0.025432181066395,mid_DH
1228,1285,5620,5711,0.231774285775619,423.4055353481299,0.14250507641079585,0.4410211470610791,low_DH
1229,1257,5624,5670,0.13193315786390436,209.54943043122435,0.0914264738642979,0.29092562890574697,low_DH
1229,1259,5624,5672,0.20462479525685684,332.7921292373825,0.19653889575757805,0.153068223557785,mid_DH
1229,1272,5624,5692,0.22042648892633637,478.9033231992961,0.39479447762186903,0.15024918567362,high_DH
1229,1322,5624,5779,0.2882172580522803,574.8912224618207,0.35912031363214736,0.893658587086509,mid_DH
1229,1987,5624,10484,0.27066719142552054,576.3021432829667,0.1691465172927373,0.712723392178991,low_DH
1230,1262,5625,5680,0.21121717113561078,563.2261442503099,0.23320531419963436,0.5941782480167821,mid_DH
1230,1266,5625,5686,0.21230035081137485,501.62956961004795,0.22617367110352454,0.17962751449521097,mid_DH
1230,1270,5625,5690,0.21828168882387097,599.0124321003908,0.08112361048192192,0.12236951293417098,low_DH
1230,1321,5625,5778,0.20334602648817596,637.9120664173839,0.17857122994396843,0.42558970222495096,low_DH
1230,1341,5625,5817,0.20142834046384583,499.9705097679766,0.2630225359811629,0.366245222476027,mid_DH
1231,1245,5628,5656,0.1639842707018754,234.40871044110844,0.21159467698028928,0.48550200101415,mid_DH
1231,1252,5628,5664,0.2595359063259955,255.0802603256654,0.10366668695730256,0.188501857446631,low_DH
1232,1378,5629,5964,0.3130186192782522,1102.5156595577382,0.17301983729464113,0.290326668056953,low_DH
1233,1247,5630,5658,0.1885177001339706,333.79302404253195,0.24222041551613524,0.724347610093632,mid_DH
1233,1278,5630,5702,0.17243983428551116,274.22118091269385,0.15931219128529608,0.10600526739845606,low_DH
1234,1239,5632,5644,0.0986466808057049,241.00645322676795,0.24557226551458647,0.578327444218367,mid_DH
1234,1240,5632,5645,0.16264516094862844,213.77641008484247,0.3149857749287476,0.13099442181244797,mid_DH
1234,1246,5632,5657,0.20630506646469185,241.16771432940848,0.3271883351683198,0.26276434344065197,mid_DH
1234,1287,5632,5715,0.19560238759152926,581.3117597804376,0.16001005717900177,0.17623257596888603,low_DH
1234,1289,5632,5717,0.2142395175633376,577.9471453638574,0.27871143040598206,0.41224641043233806,mid_DH
1234,1290,5632,5718,0.23134798326044737,554.005460186438,0.22344230640504104,0.11267711871226399,mid_DH
1234,1293,5632,5721,0.22391191187058712,679.183209089475,0.44000358706192527,0.362186628751028,high_DH
1234,1970,5632,10458,0.08144323027993829,273.5711376685858,0.2992484204261744,0.09694542034850201,mid_DH
1234,1973,5632,10461,0.17806183352802596,482.40018783313366,0.20355059828642905,0.06974795478476203,mid_DH
1235,1279,5633,5704,0.15472837119722788,364.0330748567369,0.18207291054861857,0.04105861045312703,low_DH
1235,1282,5633,5708,0.22335669421425247,498.05487181965196,0.10578556249362835,0.5066087850116869,low_DH
1235,1362,5633,5933,0.23167572889538804,924.3948469418145,0.341833325159592,0.15018708558967803,mid_DH
1235,1364,5633,5937,0.15559338924020294,885.5719645137915,0.1877855381997955,0.05543328278785098,low_DH
1235,1376,5633,5958,0.22365474345860953,961.0411389431493,0.25538507056327897,0.40408466241303204,mid_DH
1235,1953,5633,10411,0.15942900825955392,822.2440214681122,0.1132499919739217,0.28609463293393406,low_DH
1235,1976,5633,10464,0.22286185135692094,602.7656781703297,0.17513521890753195,0.2118870724011,low_DH
1236,1241,5634,5647,0.18002044000171966,230.4820050260243,0.11625148742862744,0.02152438779842003,low_DH
1236,1363,5634,5936,0.21047043391759748,800.7326936370912,0.410434269404996,0.347132371084671,high_DH
1236,1373,5634,5954,0.1474856267863643,888.5403288732505,0.3119984966795137,0.532195842128403,mid_DH
1236,1376,5634,5958,0.13214606678670193,874.3270932311566,0.6164780665100467,0.12093476200600295,high_DH
1236,1953,5634,10411,0.2247572863850834,771.2315359796082,0.4642014957623832,0.23892479148510093,high_DH
1237,1245,5635,5656,0.2708994986808875,272.2180152524453,0.6533865775964521,0.74542354207508,high_DH
1237,1252,5635,5664,0.27420006856197965,326.74566366908414,0.42593543288789737,0.44842339850756097,high_DH
1237,1969,5635,10455,0.27765275890689745,403.2124269197368,0.37045229282864345,0.18019600434658595,mid_DH
1239,1253,5644,5665,0.21888597872926827,299.7547216545962,0.3989475346337588,0.373642691213224,high_DH
1239,1962,5644,10440,0.2458968478878098,253.97469451484298,0.22874624201107874,0.9715476540681259,mid_DH
1240,1363,5645,5936,0.15945371381238424,614.8540068373302,0.5222684914819817,0.16749127705102296,high_DH
1240,1953,5645,10411,0.12888639389268403,601.4881243679035,0.5793950197858844,0.275698856650593,high_DH
1240,1973,5645,10461,0.227519065113974,335.45307487875897,0.4356632201063191,0.20074237659721,high_DH
1240,1976,5645,10464,0.14984472288155412,380.3368925224742,0.6588639831991632,0.20149129611775896,high_DH
1241,1251,5647,5662,0.21899202000735088,211.9265609048238,0.23901887156222798,0.335530633886645,mid_DH
1241,1292,5647,5720,0.23302776243342463,387.42964630397404,0.09220638583385969,0.384427298602,low_DH
1241,1363,5647,5936,0.17730360397189904,630.2720354517934,0.34688707924739465,0.368656758883091,mid_DH
1241,1373,5647,5954,0.20330799775747033,752.9108500104618,0.25609806641940847,0.553720229926823,mid_DH
1241,1979,5647,10467,0.2246030833025759,600.4331624943825,0.3257241609381714,0.04789299585790896,mid_DH
1242,1248,5648,5659,0.23907398059116905,253.33944750186416,0.12998895967646543,0.46109478640866897,low_DH
1242,1256,5648,5669,0.27326663852194,369.4532353923708,0.620781512618008,0.57145919014098,high_DH
1242,1277,5648,5700,0.19929681461266782,213.34869601900846,0.5268138193727594,0.17407504604450103,high_DH
1243,1360,5653,5930,0.2707039741580974,755.7882988823128,0.40492036169126683,0.563768084387205,high_DH
1243,1960,5653,10425,0.2675841520384531,253.45997333281102,0.0637260770130902,0.180490682811941,low_DH
1243,1983,5653,10476,0.3386176181343021,551.3480894517326,0.8523499444927929,0.67700037583582,high_DH
1244,1277,5654,5700,0.18305418118733957,256.668693899641,0.047090999995881816,0.018044442706624975,low_DH
1245,1378,5656,5964,0.2835558827381723,1034.3994821453812,0.2505765149951717,0.456008770894501,mid_DH
1246,1259,5657,5672,0.1356908469801661,204.1762097856557,0.25867058722229685,0.31097101852716796,mid_DH
1246,1288,5657,5716,0.1628436036719733,407.33175253483176,0.11534391677375437,0.8149638852078219,low_DH
1246,1292,5657,5720,0.08498993340782979,380.96929407388245,0.38620563420357595,0.24203802792098594,mid_DH
1246,1293,5657,5721,0.20460508033527874,488.86830682813127,0.12446490420445121,0.099422285310376,low_DH
1246,1298,5657,5732,0.17422963800903687,491.8214779082566,0.12150661824288132,0.12043383985715905,low_DH
1246,1363,5657,5936,0.17607242304937418,691.0502438193379,0.08175638948231895,0.22626748820207698,low_DH
1246,1973,5657,10461,0.15032079609802174,285.3344968313642,0.17385128024730384,0.19301638865588994,low_DH
1246,1976,5657,10464,0.1912540529323853,434.1810410239235,0.06662260005735639,0.19226746913534098,low_DH
1247,1278,5658,5702,0.14939259499429464,206.58690497639486,0.1924866631719119,0.618342342695176,low_DH
1248,1268,5659,5688,0.1543294099726196,239.25747295508086,0.26997586250896366,0.36410378393309395,mid_DH
1248,1270,5659,5690,0.2294958598820883,247.1169980484349,0.199352997414904,0.28987572584659593,mid_DH
1248,1287,5659,5715,0.22701340383167165,362.6341871910606,0.20334644451106382,0.15870503087894294,mid_DH
1248,1305,5659,5747,0.19417756118021023,380.4124719778238,0.26602164807763684,0.02404539775511394,mid_DH
1248,1308,5659,5751,0.22472844699695232,402.5821428288725,0.13815750844591554,0.22668903841840304,low_DH
1248,1962,5659,10440,0.1748770880891593,215.01657107068684,0.2842456528020074,0.05828260300193,mid_DH
1248,1972,5659,10460,0.2025599236591532,387.7443883757761,0.21489258425239482,0.33329034455249495,mid_DH
1249,1271,5660,5691,0.161122928280147,315.05273975767267,0.3511349619357669,0.19220556721326398,mid_DH
1249,1283,5660,5709,0.09336241236773207,275.3331100883525,0.2949807800883695,0.5955264813645169,mid_DH
1249,1287,5660,5715,0.15296485007687477,398.54339268418556,0.21453460143239456,0.17875942620511504,mid_DH
1249,1289,5660,5717,0.19206751566050284,382.39365493305195,0.08800105334164483,0.41477326066856707,low_DH
1249,1290,5660,5718,0.2014624616379604,378.3555244828716,0.17900523392519815,0.115203968948493,low_DH
1249,1361,5660,5932,0.20809115404037432,670.3136124566349,0.16824825520924447,0.417891626434651,low_DH
1249,1966,5660,10450,0.21117864679293186,298.2890936847451,0.29019859065504827,0.301804611966981,mid_DH
1249,1968,5660,10453,0.18757991587972903,247.27282279782216,0.24113732900297788,0.05867594511180296,mid_DH
1249,1974,5660,10462,0.12829391906332593,286.40756415754464,0.40246322373105453,0.21844359191406598,high_DH
1250,1272,5661,5692,0.1760469780047119,242.47672699910814,0.0846433533195683,0.07909804982746904,low_DH
1250,1279,5661,5704,0.17460708456050147,256.1507075659502,0.525671692434557,0.43454037161502,high_DH
1250,1282,5661,5708,0.12594028723471967,353.8367100246194,0.4506545347221585,0.031009802943539944,high_DH
1250,1286,5661,5712,0.2129416061407784,378.9110141247047,0.4340382496212599,0.22873123845395704,high_DH
1250,1289,5661,5717,0.22252610401899542,410.06048820482584,0.30476259692996993,0.07803762645998003,mid_DH
1250,1293,5661,5721,0.22173836980039943,522.1122240126069,0.15981499971372676,0.027977844778669936,low_DH
1250,1295,5661,5726,0.1549979932656856,617.2964259801719,0.1339796888927948,0.06475737635374201,low_DH
1250,1967,5661,10452,0.15952470165849636,299.1331431001383,0.2179551001013623,0.12446281862159303,mid_DH
1250,1975,5661,10463,0.19662855442898955,435.78647231638877,0.1701168067596599,0.03466598309076596,low_DH
1250,1977,5661,10465,0.171257456691713,558.1164454410876,0.3965320215501378,0.17246669940887793,high_DH
1251,1292,5662,5720,0.12225222774510804,428.22727019146095,0.21403818282718157,0.048896664715354976,mid_DH
1251,1296,5662,5728,0.2589811210087385,641.9705363351516,0.2539800222763569,0.6363965619323209,mid_DH
1251,1298,5662,5732,0.19707586896496598,539.6593502312888,0.31725035212471847,0.31357520306279,mid_DH
1251,1363,5662,5936,0.21551242982786928,735.6828082980503,0.12918774585305362,0.033126124996446016,low_DH
1251,1972,5662,10460,0.16200864995196007,422.79116691069424,0.03714550155053981,0.06797571793968699,low_DH
1252,1300,5664,5734,0.2449132721309627,565.7166200836257,0.2134248185654752,0.37472191204805305,mid_DH
1252,1972,5664,10460,0.19638213097878573,408.56548792824896,0.1884438508180333,0.17230887609651502,low_DH
1253,1273,5665,5696,0.19733890361629394,200.15469664932817,0.11803458347507245,0.32962377672003,low_DH
1253,1283,5665,5709,0.2287984906020898,348.1536317172913,0.22460166092469397,0.7976843841334309,mid_DH
1253,1287,5665,5715,0.1878785741706188,481.3674652629248,0.14458454509809643,0.380917328974029,low_DH
1253,1292,5665,5720,0.2161144172720195,470.97559365757877,0.3137046589497163,0.22541106852480902,mid_DH
1253,1970,5665,10458,0.2040685888031142,263.3009917854355,0.4725240745441386,0.301630173353645,high_DH
1253,1972,5665,10460,0.18304184756891942,462.5494117448548,0.12431471135322436,0.206332015300477,low_DH
1253,1973,5665,10461,0.17752520927280688,376.3926360849248,0.09911754448369293,0.27443270778990503,low_DH
1254,1318,5667,5775,0.37806472130423335,484.5698176846196,0.049857887704668175,0.807064561891838,low_DH
1254,1329,5667,5787,0.29635703709648764,221.41378106367495,0.08644688497185493,0.551164332489603,low_DH
1254,1335,5667,5801,0.47307667412875604,498.80808532122074,0.10076111336009522,0.6318890216543539,low_DH
1254,1989,5667,10490,0.4267289790129693,494.26985066925175,0.22408021048942117,0.816965473184663,mid_DH
1255,1261,5668,5678,0.2828102385038831,298.801903201611,0.14218113189060083,0.2497936012585079,low_DH
1255,1327,5668,5785,0.25058048202666594,276.3497654276631,0.07883389198813374,0.163482681245658,low_DH
1255,1330,5668,5789,0.24722909978220892,227.7156729982048,0.16477574405044246,0.394442115267195,low_DH
1255,1962,5668,10440,0.2398602058990904,266.36508873775466,0.1212855855758256,0.028363377907554055,low_DH
1255,1963,5668,10446,0.21404952372856667,297.4188448039652,0.46650360507763916,0.758336436797989,high_DH
1255,1964,5668,10447,0.2637427142289831,258.5084258154709,0.10023070402324802,0.049134380287084056,low_DH
1255,1968,5668,10453,0.17075370206222745,210.0682033197225,0.06741331194747133,0.482786383105345,low_DH
1256,1268,5669,5688,0.1624999140794064,223.38546487034154,0.23940456694936893,0.474468187665405,mid_DH
1256,1270,5669,5690,0.20378216453881146,265.052910607073,0.3232682769740848,0.400240129578907,mid_DH
1256,1276,5669,5699,0.24053355966939516,208.73774499553687,0.08734498618205098,0.45113685795200703,low_DH
1256,1277,5669,5700,0.21413463682041947,204.11180413566942,0.16102360871116042,0.397384144096479,low_DH
1256,1982,5669,10475,0.15475676059565166,309.5665544247373,0.344923343732845,0.557293022154332,mid_DH
1257,1272,5670,5692,0.23096009365507525,270.10846834641893,0.33037555059093227,0.44117481457936697,mid_DH
1257,1288,5670,5716,0.2291440762758086,455.3921625288358,0.1174334753900734,0.36613546133269204,low_DH
1257,1293,5670,5721,0.22130356569235826,543.0007008396179,0.1554743766503649,0.548250709185506,low_DH
1257,1295,5670,5726,0.23996294089570536,616.8659531779524,0.4158365087559927,0.455515488053094,high_DH
1257,1359,5670,5929,0.228045361386409,707.9724806598309,0.07398817342523649,0.7774875503502789,low_DH
1257,1967,5670,10452,0.23294520390591908,299.9501742304364,0.08388960296725377,0.644735683028429,low_DH
1257,1973,5670,10461,0.22667568017619805,371.0632427879724,0.16782314244041116,0.25581203521924,low_DH
1258,1353,5671,5917,0.30211090405678737,714.5585039802612,0.7672713621832971,0.678826036653152,high_DH
1259,1288,5672,5716,0.16527843870044623,331.65144766209437,0.17362166949716593,0.503992866680654,low_DH
1259,1292,5672,5720,0.15948295226483786,349.91646948083985,0.19812001889254086,0.06893299060618202,mid_DH
1259,1293,5672,5721,0.20453162073614534,419.16955343033896,0.32711059669668474,0.41039330383754397,mid_DH
1259,1298,5672,5732,0.16853812663472637,402.1146034899586,0.34248219534460694,0.431404858384327,mid_DH
1259,1359,5672,5929,0.14031415909087433,584.2224717286903,0.20299636554305517,0.639630145002317,mid_DH
1259,1973,5672,10461,0.18589033700021854,254.01603348766918,0.10953050109275707,0.11795462987127803,low_DH
1261,1306,5678,5748,0.2174546693843475,259.86239866538295,0.2589986279696494,0.508628959577824,mid_DH
1261,1307,5678,5749,0.25899590651828747,263.66074314687614,0.4246046562243924,0.341193341485332,high_DH
1261,1340,5678,5812,0.1381744401036118,328.6651115086609,0.1362649498153292,0.46800694268324394,low_DH
1261,1991,5678,10493,0.20536515579949086,286.4619516052035,0.4623903645177608,0.303134486293846,high_DH
1262,1300,5680,5734,0.21470387114008813,325.87550730111195,0.30742860506749514,0.5575493437053141,mid_DH
1262,1341,5680,5817,0.15569910275305562,347.9487023188817,0.4757470839214734,0.22793302554075512,high_DH
1263,1342,5681,5821,0.2925379971181657,427.0082208529574,0.3885668406256304,0.05955585688488396,mid_DH
1263,1991,5681,10493,0.24308865471296076,316.47971150899195,0.20696307721767487,0.13574787159841506,mid_DH
1264,1286,5682,5712,0.20386943913405678,265.04920597275674,0.12910489948662188,0.30226613104550804,low_DH
1264,1301,5682,5739,0.18202452642556036,301.0901339798237,0.19861362133088134,0.015842117371945963,mid_DH
1264,1302,5682,5741,0.12831438775243026,278.84651102351893,0.2935671562145576,0.20786595373462402,mid_DH
1264,1333,5682,5797,0.17175546084041934,215.1464290054011,0.08654769006749406,0.23907382738401506,low_DH
1264,1967,5682,10452,0.19825475464789466,211.15667594558087,0.19374563588244093,0.05092792603004204,low_DH
1264,1980,5682,10471,0.09665787986630521,276.81089285847537,0.10387695591333931,0.28973123768529907,low_DH
1264,1986,5682,10482,0.12854424890709445,249.10884819953782,0.1910373625652877,0.11389198943927603,low_DH
1265,1288,5683,5716,0.20859943064244424,276.684264333493,0.17536161603577888,0.8128949153031549,low_DH
1265,1298,5683,5732,0.1964952487404664,304.4551812955829,0.39016003564736546,0.12250280976182604,mid_DH
1265,1322,5683,5779,0.2305209085028477,228.75558112515617,0.5332681314956325,0.737824762021793,high_DH
1265,1333,5683,5797,0.15409999699470003,221.55485330644,0.12376620713975252,0.09202552435609102,low_DH
1265,1336,5683,5803,0.15750740583130293,329.7382304665637,0.5683785249113791,0.19279071671875003,high_DH
1265,1343,5683,5823,0.23219986008703616,453.7858373855182,0.354528067544779,0.15551434782718399,mid_DH
1266,1276,5686,5699,0.25594280483679704,267.72586709278494,0.5388264010520799,0.352893755802482,high_DH
1266,1277,5686,5700,0.1484288630543369,211.96489028864445,0.5044106725018196,0.29914104194695396,high_DH
1266,1299,5686,5733,0.13037172948540524,342.5370696997803,0.1521539651028505,0.14603382235670603,low_DH
1266,1321,5686,5778,0.22150036464722958,367.80387236986996,0.16892849597111922,0.24596218772974,low_DH
1268,1276,5688,5699,0.24596860938830487,284.77007031707956,0.21708638820641418,0.023331329713397964,mid_DH
1268,1277,5688,5700,0.2400404703165292,222.26440390359107,0.20059211729880216,0.07708404356892601,mid_DH
1268,1319,5688,5776,0.2350509435948625,296.2314492915604,0.39457093275101884,0.27928951370289,high_DH
1268,1330,5688,5789,0.2336703289315944,249.10667991914016,0.131393374384814,0.05630764957538298,low_DH
1268,1339,5688,5810,0.2323962761465106,437.5093806011209,0.323217624154516,0.76200801083436,mid_DH
1269,1297,5689,5729,0.19110658366550398,324.8222957110568,0.20446645871178756,0.030799628643952026,mid_DH
1269,1304,5689,5745,0.09597618466821932,220.7033577290691,0.09922068212514217,0.39046517656650004,low_DH
1269,1317,5689,5774,0.21815458199248486,402.6709960576003,0.27532587698693856,0.04775375754899802,mid_DH
1269,1323,5689,5780,0.20510136109344357,243.59227614011672,0.11205083778386121,0.00992868887917897,low_DH
1269,1331,5689,5791,0.14188358301321524,278.1647084361231,0.31988321482688775,0.20436976591595496,mid_DH
1269,1334,5689,5799,0.21716668463276442,349.88172271780286,0.1340117829942373,0.20204532565273897,low_DH
1269,1337,5689,5804,0.17359456745545812,360.618538089276,0.274500940841802,0.353034300636232,mid_DH
1269,1981,5689,10474,0.11445128446455516,243.10135812718212,0.12730243881702524,0.12727094653445797,low_DH
1270,1276,5690,5699,0.24111462426627203,268.45556561235776,0.2847881808838542,0.05089672837310005,mid_DH
1270,1299,5690,5733,0.19525388986645528,249.08292745618115,0.24651198953725809,0.448030849786088,mid_DH
1270,1321,5690,5778,0.2387244364087822,426.71353947371495,0.24605374512825157,0.5479592151591219,mid_DH
1271,1301,5691,5739,0.20140498427615977,285.16795648401285,0.34031461950095815,0.5866339766414561,mid_DH
1271,1302,5691,5741,0.219437944930892,271.20158845738285,0.5107346273468293,0.8103420477480261,high_DH
1271,1304,5691,5745,0.169942208140795,208.10336622596807,0.45296436132522916,0.7969862379232391,high_DH
1271,1323,5691,5780,0.21403656956456735,289.9628368739308,0.32576227170053346,0.41644975023591796,mid_DH
1271,1326,5691,5784,0.2376515220757256,250.60060938668343,0.24266098770598693,0.497980386649901,mid_DH
1271,1331,5691,5791,0.17508546626323696,323.65185753282793,0.19504313832551054,0.20215129544078403,mid_DH
1271,1361,5691,5932,0.21543173534310298,424.8100960966963,0.45203750446766855,0.6100971936479149,high_DH
1271,1980,5691,10471,0.1595819006252739,256.9965919586127,0.25837070383846267,0.31274485632810295,mid_DH
1271,1981,5691,10474,0.15384409730086884,226.86962870176777,0.31235253337604557,0.279250114822281,mid_DH
1272,1293,5692,5721,0.22923688326485203,284.8163115900223,0.1763903333224846,0.10707589460613898,low_DH
1272,1295,5692,5726,0.24570812011739623,375.42219899753763,0.10809246289101274,0.014340673473727028,low_DH
1272,1358,5692,5927,0.2346750586545005,518.1519655126457,0.11899508291218137,0.05205725371242498,low_DH
1272,1359,5692,5929,0.1902937521863329,455.50820338739004,0.37849084062812477,0.33631273577091203,mid_DH
1272,1362,5692,5933,0.21088128875415033,537.9895813591651,0.08231831842439472,0.24631384665099998,low_DH
1272,1976,5692,10464,0.20764297791657219,287.8869713303662,0.2307911551921482,0.184613859839578,mid_DH
1273,1283,5696,5709,0.08169020893101057,223.45177064043312,0.31180357716425655,0.46806060741340094,mid_DH
1273,1287,5696,5715,0.1351032316924968,329.81279078853345,0.23630195762734765,0.05129355225399901,mid_DH
1273,1289,5696,5717,0.23070983403914538,309.7380959076658,0.07940229092857894,0.28730738671745104,low_DH
1273,1301,5696,5739,0.18873885709749583,509.2063430163012,0.09098054554944025,0.26696253547707605,low_DH
1273,1305,5696,5747,0.191026477003661,340.2230561532038,0.3261681629692861,0.185953185377828,mid_DH
1273,1962,5696,10440,0.14660731536129568,250.8763428391794,0.3052561329342123,0.26828118613487195,mid_DH
1273,1974,5696,10462,0.21002818628738654,206.29750330472626,0.40564999341937186,0.09097771796294996,high_DH
1274,1285,5697,5711,0.10612484268060261,206.91256357836428,0.08312335844990168,0.4155889659946841,low_DH
1274,1294,5697,5722,0.2670054591724338,392.6153700639499,0.3774798540318687,0.327625776930103,mid_DH
1276,1972,5699,10460,0.20303487855681618,329.35964830637255,0.2924249291479404,0.007482109667201031,mid_DH
1276,1982,5699,10475,0.25938604019896677,314.74997790360214,0.2984191375370488,0.10615616420232499,mid_DH
1277,1299,5700,5733,0.1879072030856941,414.0339938651724,0.4613528210070067,0.44517486430366,high_DH
1277,1982,5700,10475,0.2078571729995337,243.9775075476754,0.2606541736937717,0.15990887805785303,mid_DH
1279,1288,5704,5716,0.23254652088703667,295.0782820517798,0.18173419014793518,0.451867954124508,low_DH
1279,1291,5704,5719,0.2367659226378203,206.16398831075966,0.15194176633433784,0.45533310672511595,low_DH
1279,1359,5704,5929,0.20923949750981322,514.0892131022612,0.23716103999775304,0.691755057558463,mid_DH
1279,1362,5704,5933,0.20029091468484905,569.0997533136676,0.518741602042423,0.109128475136551,high_DH
1279,1363,5704,5936,0.22034996718846625,505.09435398122235,0.2187410241993386,0.13682844288123697,mid_DH
1279,1953,5704,10411,0.2030407613851707,511.49399120239553,0.27993699950566675,0.24503602248080703,mid_DH
1279,1967,5704,10452,0.23291017790959026,245.61933442044247,0.3520485135826347,0.559003190236613,mid_DH
1279,1976,5704,10464,0.14367852517586743,251.68867966026176,0.3513806253713233,0.17082846194797296,mid_DH
1280,1358,5706,5927,0.24084654397051616,490.12062007781526,0.23489011183375683,0.190822570590085,mid_DH
1280,1362,5706,5933,0.19938324652578884,479.419010222162,0.1583881155723357,0.0034340223484899957,low_DH
1280,1365,5706,5939,0.2518955115653605,546.1957916901896,0.21410367573930142,0.03238318416043101,mid_DH
1280,1374,5706,5956,0.24197078492987079,567.3350298202621,0.11766410945478749,0.013972983235105985,low_DH
1280,1978,5706,10466,0.25360675110899905,312.2710278337972,0.31662629492106314,0.07457343937828298,mid_DH
1280,1996,5706,10513,0.256430251044394,384.28410893653626,0.2520032844464623,0.14291836347957398,mid_DH
1280,1999,5706,10518,0.29686900108136854,620.2090207148457,0.3672838620675996,0.285760871874261,mid_DH
1281,1332,5707,5796,0.37254679082410974,613.0171524731298,0.5570008843698645,0.488388061547419,high_DH
1281,1365,5707,5939,0.28012811797549503,490.33500403329833,0.44081595128224105,0.49349326775643,high_DH
1281,1366,5707,5940,0.2944193151333757,507.312098954939,0.4698879468000905,0.6838538403662411,high_DH
1281,1971,5707,10459,0.3491648252461506,255.52358602950164,0.9620891291677379,0.045362497521916005,high_DH
1281,1975,5707,10463,0.244905661895346,232.55699072071644,0.22823501819741657,0.817753940816744,mid_DH
1281,1978,5707,10466,0.32260875424906277,269.20190044642635,0.5470345787471853,0.535683522974282,high_DH
1281,1996,5707,10513,0.22251262686695947,345.5821331558958,0.2653588049133215,0.604028447075573,mid_DH
1282,1295,5708,5726,0.15851266536615735,334.0709633922131,0.5755102561420509,0.09576717929728196,high_DH
1282,1364,5708,5937,0.2314468683971314,489.13257703132695,0.28839475137180465,0.5620420677995379,mid_DH
1282,1365,5708,5939,0.2374591664463743,505.19479459177336,0.07839906859735261,0.32060449291308796,low_DH
1282,1366,5708,5940,0.2547015993232885,520.0682716269117,0.05797036634680747,0.13024392030327692,low_DH
1282,1975,5708,10463,0.17726865063515443,204.2529924158001,0.2899083499794866,0.003656180147226018,mid_DH
1282,1977,5708,10465,0.16435285289207488,261.51879009633603,0.15954455123759012,0.141456896465338,low_DH
1283,1301,5709,5739,0.2021865379539367,393.19777935809043,0.3038090441079952,0.2010980719363249,mid_DH
1283,1305,5709,5747,0.23181630779465925,275.7709988269468,0.068491908275872,0.28210742203557293,low_DH
1283,1962,5709,10440,0.17823660724654555,362.5683481004823,0.110472699873152,0.199779421278529,low_DH
1284,1294,5710,5722,0.1475219924023349,283.30992352110206,0.17955341147148654,0.06341440051139302,low_DH
1284,1375,5710,5957,0.37046616863128967,713.6703778864064,0.1290307794685145,0.511198958245676,low_DH
1286,1295,5712,5726,0.1959212865980881,238.77978488882547,0.5569957266289662,0.16397386210021503,high_DH
1286,1302,5712,5741,0.1772011257601302,271.08448125690205,0.3496708838754239,0.5101320847801321,mid_DH
1286,1361,5712,5932,0.11780901429281435,327.5066710548819,0.2908230673394735,0.309887230680021,mid_DH
1286,1965,5712,10448,0.17152568941168228,221.95237514402785,0.48939837394310465,0.242803280688205,high_DH
1286,1966,5712,10450,0.1806543091266139,225.79565792496558,0.1323674532843683,0.193800216212351,low_DH
1286,1980,5712,10471,0.19467880712150593,249.33441233410352,0.10357888659255891,0.012534893360208965,low_DH
1287,1301,5715,5739,0.1557781506558721,271.2331670145814,0.2366644169163845,0.21566898322307704,mid_DH
1287,1305,5715,5747,0.21958056451202826,204.06031494357202,0.09490388863515736,0.134659633123829,low_DH
1287,1361,5715,5932,0.22423129919601764,272.18348206347906,0.32729427222718205,0.23913220022953596,mid_DH
1287,1968,5715,10453,0.2139537319440184,201.68397208319627,0.06159404341196025,0.237435371316918,low_DH
1287,1970,5715,10458,0.20872354909050422,331.66602874844205,0.344435869793058,0.07928715562038402,mid_DH
1288,1359,5716,5929,0.17088079720159957,257.5321706475419,0.08138432996352864,1.143623011682971,low_DH
1289,1301,5717,5739,0.18047938541003253,261.96123377954143,0.1207950200542699,0.020344851240374995,low_DH
1289,1361,5717,5932,0.15417786494342403,291.8639350879331,0.17220722198644328,0.0031183657660839303,low_DH
1289,1970,5717,10458,0.20053310681345057,336.57896029008316,0.5011308373804616,0.31530099008383605,high_DH
1290,1301,5718,5739,0.19770758553722753,299.4513996299669,0.10995612313022896,0.2792244404796991,low_DH
1290,1361,5718,5932,0.1811230619534466,292.1990288795047,0.21759477494464713,0.302687657486158,mid_DH
1290,1965,5718,10448,0.22854816077792384,289.3647515021728,0.4427656272653972,0.235603707494342,high_DH
1290,1970,5718,10458,0.21646854339359847,302.9926312893999,0.47548336668273156,0.01573169836376198,high_DH
1291,1296,5719,5728,0.27608687738644877,279.707805898993,0.39019893772320313,0.35101802308488794,mid_DH
1291,1358,5719,5927,0.22759066544662104,384.4139689779722,0.6857180561034691,0.15194803864998996,high_DH
1291,1362,5719,5933,0.21446093094738491,386.3084119430782,0.6032317413262273,0.34620463158856496,high_DH
1291,1979,5719,10467,0.14106834940659185,264.79919591813956,0.27820519537975325,0.0022590991813030703,mid_DH
1292,1359,5720,5929,0.17862875725608388,282.9793021919183,0.29445861423459085,0.570697154396135,mid_DH
1292,1363,5720,5936,0.1436038815994491,328.2033324678782,0.3058341215727543,0.01577053971890896,mid_DH
1292,1969,5720,10455,0.21393540294387736,277.74736878761377,0.13468755143471184,0.07683946484012799,low_DH
1293,1301,5721,5739,0.17718620693493262,203.9684974821014,0.17647478393362062,0.029714930440935095,low_DH
1293,1967,5721,10452,0.13191315537528636,243.21022886694945,0.08407532289740365,0.0964849738429231,low_DH
1293,1970,5721,10458,0.22626449365850546,423.73026436945656,0.6507833415246338,0.26524120840252596,high_DH
1293,1973,5721,10461,0.0724391908231558,203.77942460206495,0.26415765179098993,0.29243867396626594,mid_DH
1295,1362,5726,5933,0.2660592383710988,202.66756412099437,0.14654480376967607,0.260654520124727,low_DH
1295,1967,5726,10452,0.18545781256860108,324.54641343015555,0.33423204415052854,0.18922019497533504,mid_DH
1296,1969,5728,10455,0.22413057386234533,501.45628768924496,0.4459289958579063,0.6084537618075478,high_DH
1297,1307,5729,5749,0.18333187682812005,213.05927502804127,0.0822795731958311,0.08759557497929094,low_DH
1297,1974,5729,10462,0.1547261029108029,287.3328470003047,0.6241790432159027,0.02667153087336105,high_DH
1298,1310,5732,5754,0.21126844670096567,286.0181791584675,0.1396731771145092,0.045205155690069,low_DH
1298,1969,5732,10455,0.25022362635086304,395.866323260222,0.536439127094942,0.285632402938017,high_DH
1299,1982,5733,10475,0.25230842919587265,204.44056841825793,0.24182664430520603,0.605083742361513,mid_DH
1300,1338,5734,5806,0.2409917916877887,496.8235881956811,0.28622699076743846,0.657120854925427,mid_DH
1300,1341,5734,5817,0.2272672586927483,670.7788226327037,0.20948838325668181,0.32961631816455894,mid_DH
1301,1325,5739,5783,0.17825735757704733,434.2998451762407,0.23198942851751791,0.1557399537474331,mid_DH
1301,1333,5739,5797,0.1797121877555236,506.6924636208068,0.20794132046619654,0.2232317100120691,mid_DH
1302,1323,5741,5780,0.20470009966514616,360.88116332770704,0.21802747675450962,0.3938922975121081,mid_DH
1302,1361,5741,5932,0.21834129011248005,290.57232792627985,0.07256814494024888,0.20024485410011106,low_DH
1302,1965,5741,10448,0.11997692574275626,296.95196718924973,0.20917271637400145,0.26732880409192705,mid_DH
1302,1966,5741,10450,0.15697332029055944,329.2650812942095,0.4659817542350584,0.31633186856778106,high_DH
1302,1975,5741,10463,0.21382866031598646,209.5031371230841,0.12617402527874763,0.24673486323540905,low_DH
1302,1986,5741,10482,0.17921319575041147,394.7931021290379,0.1360853807798308,0.32175794317390005,low_DH
1302,1987,5741,10484,0.2065748222865211,338.8439105163773,0.12487052089271199,0.201975310351727,low_DH
1304,1323,5745,5780,0.22141804414709396,306.4712154339564,0.12943882256985903,0.38053648768732107,low_DH
1304,1326,5745,5784,0.20845402362596782,327.7276422538987,0.22999784800002276,0.299005851273338,mid_DH
1304,1331,5745,5791,0.1959320382200493,470.7575469200551,0.3996572469732792,0.594834942482455,high_DH
1304,1337,5745,5804,0.23891824230791275,464.69518596978463,0.19229066621767704,0.03743087593026806,low_DH
1304,1360,5745,5930,0.19078603764676078,295.4001750523224,0.197324927563705,0.46583416431811897,mid_DH
1304,1966,5745,10450,0.15600207993619447,261.45653957148784,0.3894468648004279,0.30297605874299405,mid_DH
1304,1974,5745,10462,0.21455648887574147,255.11277256683243,0.5025780693345517,0.38633707879590906,high_DH
1305,1325,5747,5783,0.17283873048098564,292.27863343663887,0.22752488788186778,0.07473060364818507,mid_DH
1305,1330,5747,5789,0.20185766050812073,379.0314289378498,0.11239503293564727,0.28375073660259703,low_DH
1305,1333,5747,5797,0.1980813271142529,362.5979851154768,0.13923871717467665,0.14222235991282106,low_DH
1306,1326,5748,5784,0.1289839301871119,297.85937538538127,0.0781255432067633,0.14049973976241104,low_DH
1306,1327,5748,5785,0.2537110524604554,286.0993936932205,0.11844287076059187,0.09535267707365802,low_DH
1306,1334,5748,5799,0.18806868056359818,453.8024764630248,0.2824949304217677,0.15300491118348997,mid_DH
1306,1337,5748,5804,0.182427158853938,453.99224308089293,0.4444422307121026,0.402074715105481,high_DH
1307,1326,5749,5784,0.16831506231233326,301.4101985629259,0.2852297912633399,0.02693587833008093,mid_DH
1307,1327,5749,5785,0.2869263366956139,286.10375569397115,0.30486162901370484,0.07208294101883395,mid_DH
1307,1334,5749,5799,0.22617254871360126,456.53408971455013,0.07826452073318817,0.32044052927598193,low_DH
1307,1337,5749,5804,0.21536138844253677,460.72786330014816,0.14984892386182588,0.23463909701298902,low_DH
1307,1984,5749,10478,0.2500928798143953,205.14427174189265,0.5437363080344247,0.1446909714247181,high_DH
1308,1319,5751,5776,0.2086165075885113,268.3858318978282,0.2729630527913105,0.311503308648607,mid_DH
1308,1325,5751,5783,0.22029510795434012,268.12023535834425,0.10422726536537887,0.32546503982170205,low_DH
1308,1336,5751,5803,0.20091247191041184,429.94154527470346,0.4534058093504503,0.108140555011497,high_DH
1308,1339,5751,5810,0.1706921748138588,435.0604136674046,0.21862723014560587,0.171215188482863,mid_DH
1309,1332,5753,5796,0.2805750427859067,386.326189859681,0.4693172917264264,0.23262009443623805,high_DH
1309,1977,5753,10465,0.2872051664866447,247.47726157130904,0.33202089111572314,0.2345465011511989,mid_DH
1309,1987,5753,10484,0.22294366821305947,244.0341355976118,0.1519558753712721,0.545455958420223,low_DH
1310,1324,5754,5782,0.1914010004115797,271.23289503258144,0.06906010140081166,0.27081359616911005,low_DH
1310,1336,5754,5803,0.1963386916108674,362.273512963698,0.1339857063328166,0.025082751266854997,low_DH
1310,1338,5754,5806,0.14642338368606367,275.9848795259299,0.12102806291720469,0.4327778141844191,low_DH
1310,1341,5754,5817,0.2506882235411215,451.7869040855781,0.5704125218523254,0.10527327742355097,high_DH
1311,1330,5756,5789,0.2519508757652763,321.3528247083934,0.306665836916769,0.622396703644186,mid_DH
1311,1342,5756,5821,0.22972764886364447,474.4389142782787,0.1310457850369966,0.20510345869879798,low_DH
1311,1991,5756,10493,0.20380884494180426,324.9168925375126,0.5433622015185751,0.2812954734123291,high_DH
1312,1342,5757,5821,0.24561242854481505,483.60844460568717,0.17153585024882903,0.289181178087179,low_DH
1312,1964,5757,10447,0.27421953670298616,201.55026801638436,0.29108555467368935,0.21719566812190194,mid_DH
1312,1991,5757,10493,0.2058630534108317,334.6286424101136,0.5864208887876917,0.21298916337364793,high_DH
1313,1356,5767,5921,0.3378799939182567,552.9074640082783,0.6466488912953074,0.20263662832349297,high_DH
1313,1961,5767,10436,0.30195407250881484,735.3407813040028,0.6313734521657974,0.08231056952667004,high_DH
1313,1992,5767,10497,0.3877172664746408,288.6812727776122,0.18460499196035696,0.7779401986589091,low_DH
1313,1995,5767,10507,0.41920511194703775,570.9165229322736,0.4043830412910067,0.17734784967918604,high_DH
1313,2071,5767,11604,0.319809896765992,998.0637362649352,0.1066867100416043,1.047315658701082,low_DH
1314,1345,5768,5848,0.487604052470823,260.219671396447,0.9275920769009601,0.0032216009127159495,high_DH
1314,1347,5768,5862,0.548506457301329,573.0955361662611,1.0461163333556267,0.08270813506068109,high_DH
1315,1346,5769,5851,0.5392887403486623,273.3129031154664,1.6910701645087922,0.7331087917620429,high_DH
1315,1354,5769,5919,0.576949284040143,465.82306940262237,0.5038903511673083,0.26542645750578797,high_DH
1315,1369,5769,5944,0.5798865323801292,824.4785426190921,1.0218767657843513,1.059115566292301,high_DH
1315,1994,5769,10504,0.5335112054192795,671.8385348934379,1.0410912873329299,0.774338651359166,high_DH
1316,1346,5771,5851,0.6485548894016064,384.16194407203085,0.8304963344932333,0.2604655903589859,high_DH
1316,1418,5771,6059,0.6536135140192714,2475.4153500875645,0.45819814381107815,0.120500928327546,high_DH
1316,1419,5771,6120,0.6291290541485668,3519.5578477184945,0.9523787666968015,0.39263325428742896,high_DH
1316,1993,5771,10502,0.5750559896203227,538.2335594632458,0.26225468286815856,0.4008453957569791,mid_DH
1317,1325,5774,5783,0.22122343246620735,210.6502384438052,0.2951631998582465,0.023380796011714056,mid_DH
1317,1326,5774,5784,0.1553318701572383,222.84729532832688,0.3387419572585862,0.04370556774416401,mid_DH
1317,1331,5774,5791,0.1521709289055002,344.20465752829995,0.507582510303455,0.252123523464953,high_DH
1317,1981,5774,10474,0.22049801746123004,460.22224671140606,0.21196548105658378,0.175024704083456,mid_DH
1318,1329,5775,5787,0.13693148360711188,297.985680619303,0.08548257908753472,0.255900229402235,low_DH
1318,1340,5775,5812,0.26456131776416636,212.52924662290928,0.1113063264253297,0.18360781904249301,low_DH
1319,1982,5776,10475,0.22856672500237654,343.79150904346136,0.28779966796255557,0.36211434819181704,mid_DH
1320,1330,5777,5789,0.24769498361210088,289.61738040149635,0.3654222054782236,0.8472361841153739,mid_DH
1320,1334,5777,5799,0.22459850021852854,204.63174230007388,0.16264994205268896,0.8646343383509849,low_DH
1320,1340,5777,5812,0.2028817451906405,256.28805490367716,0.29642280295725926,0.671007410272915,mid_DH
1320,1964,5777,10447,0.11429271947602028,204.8330738650243,0.2979796385599943,0.501928449135263,mid_DH
1321,1341,5778,5817,0.21037174085722588,240.14859385027998,0.42609307727128454,0.059344479748923984,high_DH
1322,1336,5779,5803,0.22080352088124136,206.46080801059713,0.04613180061926476,0.545034045303043,low_DH
1323,1331,5780,5791,0.1644690811243567,257.14787195679554,0.29629672926440925,0.21429845479513393,mid_DH
1323,1966,5780,10450,0.16106477339007497,217.71636187670697,0.2651076431666796,0.07756042894432702,mid_DH
1323,1980,5780,10471,0.17750744924736192,367.6415329466683,0.10764793985433736,0.10370489390781501,low_DH
1325,1339,5783,5810,0.25273069328999187,229.98232015180056,0.16186058637258482,0.49668022830456504,low_DH
1325,1343,5783,5823,0.12994395381436827,301.27925905906625,0.22082649800913534,0.180048115918639,mid_DH
1325,1980,5783,10471,0.19687321843806138,412.53247648387236,0.14274647887728234,0.11814916656592,low_DH
1326,1974,5784,10462,0.26031089769453114,327.1920674457963,0.29326736098587125,0.08733122752257105,mid_DH
1326,1981,5784,10474,0.15665318626942892,354.1689625912792,0.12918029376406373,0.21873027182762,low_DH
1327,1340,5785,5812,0.1526826031439039,315.6280530433392,0.17777695444772124,0.05473066017907802,low_DH
1327,1968,5785,10453,0.23415322739037056,248.41609166144968,0.10209334038738209,0.319303701859687,low_DH
1327,1991,5785,10493,0.1610463679285024,280.2391544744947,0.46301809519402465,0.11014179621031994,high_DH
1328,1335,5786,5801,0.39476488450510927,260.69537083009567,0.44817928783017225,0.10165723188468001,high_DH
1329,1340,5787,5812,0.23138177700390294,334.64895462880827,0.05606052087906325,0.07229241035974199,low_DH
1329,1984,5787,10478,0.21935770764656917,278.5632048063909,0.10084465449146754,0.34379698298237205,low_DH
1330,1339,5789,5810,0.24673588298551644,312.8111702555586,0.4183071378691105,0.705700361258977,high_DH
1330,1342,5789,5821,0.2266726876754663,337.8503508683314,0.31683200684355334,0.41729324494538805,mid_DH
1330,1968,5789,10453,0.23607684324154868,305.7598120092124,0.15525364504877712,0.08834426783814997,low_DH
1330,1991,5789,10493,0.17776796121644126,299.97352426971787,0.2695036921645017,0.34110123023185696,mid_DH
1331,1337,5791,5804,0.1560980636568168,219.89507018536185,0.5900417346336572,0.5574040665521869,high_DH
1331,1966,5791,10450,0.13221849253718687,226.1036606010479,0.1279666997942441,0.29185888373946095,low_DH
1331,1974,5791,10462,0.20853901347357542,373.7202825897652,0.2325520898251009,0.20849786368654594,mid_DH
1331,1981,5791,10474,0.1758502901417678,496.6591494477435,0.2993482055800638,0.07709881938149699,mid_DH
1332,1961,5796,10436,0.335394343863103,475.3905018947136,0.2856920171427082,0.08325549518851799,mid_DH
1332,1983,5796,10476,0.31553613001001174,353.71983830461784,0.6403928004173179,0.21014305981044296,high_DH
1333,1343,5797,5823,0.11238573754712129,242.72371707931975,0.24677010627796103,0.247539872183275,mid_DH
1333,1980,5797,10471,0.20792009610134646,484.93040910963344,0.10060674572446904,0.05065741030128401,low_DH
1333,1986,5797,10482,0.1833458860669333,229.85328000487655,0.228162644047278,0.12518183794473903,mid_DH
1333,1988,5797,10486,0.19540688055472333,202.24938243143697,0.04870665567390008,0.17073089164254307,low_DH
1334,1981,5799,10474,0.1905863978238522,503.0057339727885,0.16031285174438245,0.074774379118281,low_DH
1334,1984,5799,10478,0.16578526780378827,267.3968161784884,0.5174575701363959,0.46513150070070003,high_DH
1337,1981,5804,10474,0.1845789663415038,490.30260167165306,0.32314802786743646,0.48030524717068995,mid_DH
1337,1984,5804,10478,0.22237488637186034,262.1919958244013,0.6841293676898411,0.08994812558827092,high_DH
1340,1964,5812,10447,0.14242550881337168,329.2008225604052,0.12090227445453493,0.16907896113765197,low_DH
1340,1984,5812,10478,0.14933266394697126,387.8512672259025,0.15197570452836134,0.27150457262263006,low_DH
1342,1964,5821,10447,0.2974670112115976,390.66455845616355,0.25765148685199607,0.07198550996527708,mid_DH
1343,1986,5823,10482,0.2168817004801569,313.7272454747291,0.03533287917055565,0.12235803423853597,low_DH
1343,1988,5823,10486,0.23810994609168004,351.34798755734676,0.21746115011915274,0.07680898054073193,mid_DH
1344,1351,5825,5892,0.6596929460512357,876.9260260343981,0.4972498050043785,0.72207051664045,high_DH
1344,1704,5825,9026,0.6395316294860334,991.0808248620268,0.45272708517119126,0.743559645048574,high_DH
1344,1705,5825,9027,0.5746407558995485,821.563629696605,0.8348281876382859,0.359116625904704,high_DH
1345,1347,5848,5862,0.6144599310338201,312.9470460212362,0.16682501700166252,0.08592973597339704,low_DH
1345,1671,5848,8879,0.7403639536046864,825.6910132806578,0.5004667048675967,0.09329021835220397,high_DH
1346,1349,5851,5878,0.6771581393697876,501.2500349883221,1.2644370242405467,0.08207292723211096,high_DH
1346,1545,5851,6769,0.5591936180125872,4416.133067209614,1.3990884525390468,0.23018673152338692,high_DH
1346,1554,5851,6871,0.49659660296445074,5456.0239229122535,0.9559829035875411,0.480842402867304,high_DH
1346,1985,5851,10480,0.515786036239487,294.5648477069436,1.1324938520923697,0.110864423742625,high_DH
1346,1993,5851,10502,0.7017074668384655,210.19362168454194,1.0673756481567047,0.661310986115965,high_DH
1346,1994,5851,10504,0.23170061366128028,458.21355398385776,0.7086966946903267,0.04122985959712305,high_DH
1347,1423,5862,6161,0.6996821882664908,2519.1581129678575,0.4711383218675285,0.212701062541224,high_DH
1347,1671,5862,8879,0.5406743659974066,1059.954268179727,0.6118994903575089,0.179219954325601,high_DH
1348,1349,5872,5878,0.7066407685934767,280.7505153421581,0.27960413816055496,0.7634196158618399,mid_DH
1348,1393,5872,5987,0.7308344002555002,920.0931906112011,0.15345994588043588,0.188407415943743,low_DH
1348,1394,5872,5989,0.8604978559048295,1046.6197416017264,0.08412227817933843,0.5368004114387959,low_DH
1348,1417,5872,6048,0.7087812503359066,616.9209063965756,0.3833327598353473,0.4944680182425871,mid_DH
1349,1419,5878,6120,0.7355630625400199,2963.14735752614,0.6372347906667961,0.214240591160554,high_DH
1349,1985,5878,10480,0.7014785129263919,723.8681720312176,0.2906241748215686,0.028791496510514047,mid_DH
1350,1676,5880,8900,0.46088343843099006,1752.8380283026174,0.1773820298849529,0.649533491746892,low_DH
1352,2011,5896,10542,0.7970090523303709,1462.1059240861778,0.6637718185219061,0.127485503294132,high_DH
1356,1369,5921,5944,0.4407769969028427,321.3207061197898,0.4192491588512406,0.03468012390206099,high_DH
1356,2012,5921,10544,0.4319349105888349,625.5986538586739,0.24098232057111757,0.27738363062373794,mid_DH
1357,1409,5926,6026,0.47120476245053655,476.5321911605232,0.2248477912134871,0.14849501956510297,mid_DH
1357,1997,5926,10515,0.4974826811528097,589.5282448753929,0.27305158951045794,0.305306005459926,mid_DH
1357,2013,5926,10545,0.4827934236941293,557.9304336312043,0.4871153553015577,0.369617806113169,high_DH
1358,1408,5927,6024,0.29316362435611026,682.989379714313,0.8459365724814386,0.520053300359202,high_DH
1359,1363,5929,5936,0.20436324809029172,210.34727437226437,0.05970710270511181,0.554926614677226,low_DH
1359,1973,5929,10461,0.21008588348567536,374.18483163726575,0.11107355793454912,0.521675515131039,low_DH
1359,1976,5929,10464,0.21185606446670674,283.059874357499,0.16366477595540735,0.52092659561049,low_DH
1360,1975,5930,10463,0.30695437724375535,299.5278060651242,0.15847413066501617,0.23245511090749693,low_DH
1360,1983,5930,10476,0.1706170976824226,388.33649735541746,0.45336461577939463,0.11323229144861491,high_DH
1361,1975,5932,10463,0.21432257730808033,288.1076630786626,0.11691012021016678,0.046490009135297994,low_DH
1363,1976,5936,10464,0.1520398567388234,256.95338191422564,0.1414587412007516,0.034000019066736,low_DH
1364,1390,5937,5981,0.2569617394072551,865.8139342208932,0.055934170052497914,0.005036310742982997,low_DH
1365,1952,5939,10409,0.15197733856503864,222.76062624385324,0.1047925118975473,0.28080414283566296,low_DH
1365,1958,5939,10422,0.24199683849235568,752.3988854096385,0.2239825626008039,0.101295590653605,mid_DH
1365,1978,5939,10466,0.2808487556256499,288.60840214841403,0.10853519369377876,0.04219025521785197,low_DH
1365,1996,5939,10513,0.268540429955252,287.7839078702279,0.40213334634265363,0.11053517931914297,high_DH
1366,1952,5940,10409,0.18259026383063096,260.46847030511566,0.08521629644323726,0.09044357022585192,low_DH
1366,1958,5940,10422,0.3143075626555792,788.498943500097,0.22865148475703345,0.29165616326341604,mid_DH
1366,1960,5940,10425,0.2926789652873635,846.1579015465703,0.26953752863125496,0.481832412032258,mid_DH
1366,1971,5940,10459,0.24696199646325065,686.6411142160373,0.5107001042996696,0.7292163378881571,high_DH
1367,1404,5942,6017,0.4159416338594184,407.572063558715,0.4309306094006019,0.775657257234886,high_DH
1367,1407,5942,6022,0.5057150615365593,471.6196763034725,0.04797339995455875,0.416556847250223,low_DH
1368,1392,5943,5985,0.5714938677230146,728.0303067876754,0.1691798738897908,0.195373743637825,low_DH
1369,2012,5944,10544,0.35270058695508755,307.5089819634058,0.6019998162421222,0.24270350672167698,high_DH
1372,1420,5948,6151,0.751159489570991,3278.770284738284,0.3446636310223431,0.455702413996675,mid_DH
1373,1376,5954,5958,0.20458889959419155,225.16621826437682,0.30616421877224875,0.41126108012240004,mid_DH
1374,1948,5956,10404,0.2721147081801483,755.6849850320458,0.15216681067406795,0.01116998253493301,low_DH
1374,1955,5956,10414,0.26613944596008726,298.90761362974166,0.1275613514174852,0.10393135502322803,low_DH
1374,1956,5956,10418,0.26547206034483806,646.0867868575842,0.29757009129742695,0.30976285697309,mid_DH
1374,1958,5956,10422,0.29512988094247217,694.9678020498253,0.11042783773038826,0.08288538972827997,low_DH
1374,1978,5956,10466,0.30358252439852396,350.09349579385986,0.2804012312425959,0.060600456143176995,mid_DH
1376,1953,5958,10411,0.2145026536018616,300.88126710995164,0.15736771854537515,0.11799002947909798,low_DH
1378,1379,5964,5966,0.27131153204320163,226.23861884583212,0.15311916686158947,0.22806470105785698,low_DH
1378,1405,5964,6018,0.3149324870337236,744.2437036121371,0.19109977236202286,0.35721104793533404,low_DH
1381,1391,5969,5983,0.3074744907818894,416.6100591129137,0.06982527509631083,0.7001289487896389,low_DH
1381,1946,5969,10391,0.3104581491995649,307.73845903446033,0.1881783646318762,0.8415702085542469,low_DH
1381,1950,5969,10407,0.3372157171073889,403.18152613496625,0.08817629461277388,0.9425440278160679,low_DH
1382,1386,5970,5974,0.24138615280370668,210.06038244990003,0.0978145020948572,0.05068447356474204,low_DH
1382,1387,5970,5975,0.22277361915898153,201.92998375547242,0.20904336442644889,0.05274310722195402,mid_DH
1382,2005,5970,10528,0.21455895381159396,300.26890719469867,0.12399555170647539,0.581722558837694,low_DH
1382,2006,5970,10529,0.18985201474114052,331.62026199095726,0.38400064245089527,0.22869200811350904,mid_DH
1383,1388,5971,5978,0.26674709987383743,265.12845234742156,0.045925286397548275,0.377644205490643,low_DH
1383,1492,5971,6492,0.32499248027661404,2549.6488467861204,0.21856192563077936,0.313389926980168,mid_DH
1383,1945,5971,10386,0.35431147359371334,671.46559329242,0.4652436118679162,0.516231630288995,high_DH
1383,2005,5971,10528,0.24593085079808977,359.52660333187094,0.19307860304724173,0.33246182360281595,low_DH
1385,1388,5973,5978,0.30140963768390555,219.56406735709004,0.10456778759280098,0.22154251232147398,low_DH
1385,1391,5973,5983,0.3338319235590826,470.93407078172316,0.20783957935848313,0.13165602206371296,mid_DH
1385,2004,5973,10526,0.26584511120436016,207.509024417204,0.2667523987370951,0.69295035062033,mid_DH
1385,2005,5973,10528,0.259183366869787,312.71449342469856,0.20986515721042936,0.48856351677198495,mid_DH
1385,2006,5973,10529,0.3008540658441495,325.7877233390317,0.20379543361950347,0.321851050179218,mid_DH
1386,1389,5974,5980,0.30469955700297685,230.12417055260119,0.4020265273620616,0.22423169009702298,high_DH
1386,1945,5974,10386,0.19351976354734945,511.9846897721964,0.7684976851262907,0.216286421489375,high_DH
1386,2005,5974,10528,0.25725719582781015,300.58156724187717,0.18707602050230704,0.632407032402436,low_DH
1386,2006,5974,10529,0.31386571429633153,284.1760093494825,0.47545780621121075,0.178007534548767,high_DH
1387,2004,5975,10526,0.2388062399430365,211.3123093251772,0.25553887031123856,0.652534415776575,mid_DH
1387,2006,5975,10529,0.17220676637459617,256.36121490123605,0.1922883045709917,0.28143511533546306,low_DH
1389,1945,5980,10386,0.27572009825803634,291.10825315180915,0.3713871656206063,0.440518111586398,mid_DH
1391,1950,5983,10407,0.33171748156446274,730.4091395130665,0.07671668656881103,0.24241507902642903,low_DH
1393,1395,5987,5991,0.6742164838689204,205.00387393481472,0.47271312174923613,0.1278887790910379,high_DH
1393,1401,5987,6009,0.45992673794220973,334.1765596377466,0.29621077397968354,0.2043772166339919,mid_DH
1393,1410,5987,6033,0.2663889241590751,397.0097520976427,0.08238132306207677,0.7495781739039848,low_DH
1393,1413,5987,6037,0.5262026732252261,514.370083526987,0.5160949440191887,0.2382113836831019,high_DH
1394,1401,5989,6009,0.40066437721367976,287.42446569558314,0.18824061649070065,0.14401577886106098,low_DH
1394,1410,5989,6033,0.4723449157851924,393.61652012431693,0.22931117644914642,0.40118517840893203,mid_DH
1394,1413,5989,6037,0.7664364395978414,507.8279428643131,0.6746948049299434,0.11018161181195096,high_DH
1394,1926,5989,10285,0.7797112265948669,7329.231130837961,0.21557003091686427,0.811614283202984,mid_DH
1394,1929,5989,10295,0.6678594258816447,7367.45921254387,0.6742724985191533,0.40497319500336604,high_DH
1395,1401,5991,6009,0.5717916765474217,232.23963562500305,0.17849708765029174,0.07648843754295398,low_DH
1395,1410,5991,6033,0.6296318911735098,359.05771745780544,0.5265367429615686,0.6216893948129469,high_DH
1395,1413,5991,6037,0.558530636003655,466.44391063114966,0.9802651147593485,0.110322604592064,high_DH
1395,1422,5991,6157,0.7685305492946215,2944.2709590477352,0.9067140097618137,0.996041447146331,high_DH
1396,1399,5995,6006,0.24666082984777696,226.89878862113528,1.0374714036300112,0.270721461997377,high_DH
1396,1400,5995,6008,0.30559532149045837,475.3608206243971,0.3017351739504492,0.300973880369507,mid_DH
1396,1401,5995,6009,0.7087846269170928,337.9761475409737,0.09731683501951806,0.29102202382507303,low_DH
1396,1410,5995,6033,0.7158524979786022,473.3905686794585,0.44633639699240724,0.25417893344492,high_DH
1396,1411,5995,6034,0.4566667014581412,505.1060558789999,0.4396244905494501,0.03721614791179095,high_DH
1396,1413,5995,6037,0.6390285845604685,576.2043387970234,0.9015739379852715,0.257187856775963,high_DH
1396,1474,5995,6460,0.6329081534480685,2104.892274348793,0.11239348733075533,0.04707260211483899,low_DH
1397,1401,5996,6009,0.41991619728613255,460.35443036748273,0.5585319151240434,0.771079569989233,high_DH
1397,1420,5996,6151,0.468885923735287,3248.7220362553057,0.5942898070457395,0.124198150340609,high_DH
1398,1400,6000,6008,0.4209146234099554,309.15009701783674,0.1800855914202103,0.59322108276992,low_DH
1398,1411,6000,6034,0.2554231808406151,343.3694126553897,0.31459590023085643,0.329463350312204,mid_DH
1398,1552,6000,6850,0.5432956365386986,5325.929268967476,0.45456852861659475,0.09509575775651002,high_DH
1398,2008,6000,10531,0.47418488931207603,387.36418932795266,0.1279967490354065,0.670401137502872,low_DH
1398,2014,6000,10548,0.4056565552786457,502.76509668225987,0.7485705427730512,0.452848810137555,high_DH
1399,1400,6006,6008,0.3560658451079734,254.9211379423204,0.7475713673498844,0.571695342366884,high_DH
1399,1411,6006,6034,0.44610912814164033,321.71293371706287,0.6414856013060358,0.30793760990916796,high_DH
1399,1474,6006,6460,0.6097040890339923,1986.7042343142448,1.1060852807249688,0.22364885988253802,high_DH
1399,2008,6006,10531,0.5672472986746303,452.41172681185134,0.80136050707495,0.648875397099836,high_DH
1400,1413,6008,6037,0.6549176047382242,318.300436808432,0.6076147999873542,0.55816173714547,high_DH
1400,1474,6008,6460,0.5284574043607347,1806.5709842469776,0.3596406446062353,0.348046482484346,mid_DH
1400,2008,6008,10531,0.6970576769988456,696.2455702012273,0.07338019534949568,0.077180054732952,low_DH
1400,2009,6008,10536,0.6150235090294193,412.7628526169494,0.28915994855546695,0.044253997281050006,mid_DH
1400,2014,6008,10548,0.6001503684149287,354.83078525407944,0.5704564762332957,0.140372272632365,high_DH
1401,1413,6009,6037,0.6117311203926769,238.65277596139472,0.8087185656483767,0.03383416704911002,high_DH
1401,1420,6009,6151,0.6360048357188406,2908.424802472158,0.08904040316929974,0.646881419648624,low_DH
1405,1407,6018,6022,0.32068961122230044,201.33990259992828,0.16712222562951218,0.360623623352356,low_DH
1409,1546,6026,6781,0.6092920913501781,4828.431533896287,0.4421035279571344,0.01068309306064999,high_DH
1409,1957,6026,10420,0.5535544112969183,1434.8592606600266,0.18935524185578448,0.302312723175227,low_DH
1409,1997,6026,10515,0.4285557940613185,529.5354263486689,0.24779386781276921,0.45380102502502895,mid_DH
1411,1474,6034,6460,0.7106249473249312,1677.2683686949913,0.4858781045014828,0.08428875002662994,high_DH
1411,1552,6034,6850,0.6357087929981194,5040.595487763136,0.2469623842443556,0.424559108068714,mid_DH
1411,2008,6034,10531,0.4960499174978466,706.3846617819152,0.2148739295605538,0.34093778719066803,mid_DH
1411,2009,6034,10536,0.35067940755844434,441.4040142671654,0.40234375284252133,0.30801172973876606,high_DH
1411,2011,6034,10542,0.6257326147553947,395.59837526773595,0.25957847055731376,0.380121968487491,mid_DH
1411,2014,6034,10548,0.3845865452930521,204.8740304842317,0.46009410366872555,0.12338545982535104,high_DH
1416,1488,6046,6484,0.32188246818773164,200.14878833078095,1.2256820456047812,0.22842152234223095,high_DH
1416,1494,6046,6502,0.3927261888118589,229.51323822596882,0.6895745225159828,0.20072046019248002,high_DH
1416,1497,6046,6505,0.36372855767375323,202.91839788026505,0.48937880141343487,0.0020247018664519834,high_DH
1416,2002,6046,10522,0.3192035650751068,2109.4783335599295,0.790839296097764,0.14109422063085197,high_DH
1419,1552,6120,6850,0.6531557632645419,2218.6364468340516,0.4468976330542096,0.681196510776509,high_DH
1419,2009,6120,10536,0.8431459936092862,3399.260873502093,1.0090646638175558,0.051374327030971,high_DH
1421,1427,6155,6183,0.3587680629308023,581.4554323358471,0.1210008088072486,0.410161849983579,low_DH
1421,1487,6155,6480,0.26821497848449094,818.982445167366,0.38083040351268577,0.183997027481467,mid_DH
1421,2041,6155,10652,0.38471458648540663,1640.4289108923047,0.14315065791518455,0.044860911072595044,low_DH
1423,1547,6161,6798,0.5439497068740736,1974.975371268796,0.18790908461257813,0.850371442451288,low_DH
1423,1993,6161,10502,0.6963060130218612,2653.5909704163996,0.10293320019218913,0.035266790783742064,low_DH
1424,1449,6171,6389,0.3249072095457629,855.5594237514861,0.37154855465075987,0.130052025623572,mid_DH
1424,1458,6171,6421,0.26935527177836593,230.1760152586418,0.301864512251409,0.21334725176160696,mid_DH
1424,1459,6171,6422,0.29188653380327123,202.28005917361594,0.18216411190895623,0.36502280805743204,low_DH
1424,1464,6171,6436,0.2622876156400898,561.0460653722716,0.6265856997410363,0.10519605497961104,high_DH
1424,1468,6171,6449,0.3088174892465288,840.3831919649198,0.16709888142110105,0.02290774772341797,low_DH
1424,1469,6171,6450,0.2704324870827442,778.1844581408031,0.4039512570851421,0.254354890938413,high_DH
1424,2037,6171,10643,0.27938679927054044,627.6709565589794,0.16209706239552046,0.412851391873294,low_DH
1425,1437,6175,6226,0.2595729706157488,496.6993716392373,0.22336535465890445,0.482168143562439,mid_DH
1425,1438,6175,6227,0.3067084687914658,416.5735334068897,0.34408736992872846,0.21371579826500797,mid_DH
1425,1442,6175,6240,0.2609356469383012,517.7218731768933,0.3189018150476658,0.204335764943548,mid_DH
1425,1460,6175,6426,0.14872599392170557,248.74621341578364,0.26854599354457054,0.084232360471453,mid_DH
1425,1472,6175,6456,0.2884310070371174,609.8768011020567,0.38324489423498215,0.819633755805368,mid_DH
1425,1477,6175,6466,0.26433891304467605,504.50995880566563,0.4441607656773879,0.37456125111917393,high_DH
1425,1480,6175,6469,0.21362521918251115,440.6047055073301,0.15004834027395336,0.543014953629561,low_DH
1425,2038,6175,10645,0.25314792952560305,649.5126334465375,0.23051353709879477,0.614404066453383,mid_DH
1426,1448,6182,6375,0.40549305898603055,742.9680958223246,0.10746539335494086,0.780677604608549,low_DH
1426,1455,6182,6412,0.29934340716558855,449.3251786324847,0.3030823815568919,0.37611727616024604,mid_DH
1426,2025,6182,10599,0.4065525985334248,346.0751371499654,0.11990178145969778,0.07664786028493897,low_DH
1426,2043,6182,10658,0.407018120172411,1395.0051159948764,0.30485358606055907,0.12069948160972999,mid_DH
1427,1439,6183,6228,0.36257450550266634,240.3971382988295,0.27079998699298496,0.04298491574361796,mid_DH
1427,1441,6183,6234,0.303541522541202,259.189880682066,0.27669008822889984,0.110209374585863,mid_DH
1427,1453,6183,6401,0.2955463676882545,558.8655522631982,0.26199555972437544,0.754201965062336,mid_DH
1427,1486,6183,6479,0.3074583559752094,269.81921351329413,0.6101185390368354,0.09997299661747805,high_DH
1427,1528,6183,6612,0.3390460213553856,1302.089908494906,0.09936653735644668,0.360079762383991,low_DH
1427,2041,6183,10652,0.3775428630894233,1072.332558049864,0.058873312246178186,0.365300938910984,low_DH
1428,1451,6188,6395,0.32747478179991885,651.389621228845,0.832405019840139,0.42892109483430296,high_DH
1428,1452,6188,6400,0.24891616621915194,650.432964288216,0.4044155700552273,0.24226522693538094,high_DH
1428,1454,6188,6402,0.32100504664029533,534.9111762784131,0.6855419865121984,0.11878030469711798,high_DH
1428,2025,6188,10599,0.34250763505268095,207.39384785368463,0.7018099970577442,0.19262661016328697,high_DH
1428,2026,6188,10623,0.3268055240179398,812.2602397558109,0.747904395778796,0.58129881981262,high_DH
1428,2027,6188,10624,0.2873626108236315,844.7031719755626,0.992087240931186,0.235442771281561,high_DH
1429,1451,6189,6395,0.4499995382276075,669.5659739347811,0.33593243478328005,0.31093340876017395,mid_DH
1429,1454,6189,6402,0.3974716367183489,542.1844159446931,0.16057828469421564,0.0007926186229889609,low_DH
1430,1444,6194,6311,0.4366121007475763,310.9730352743136,0.19147760785990547,0.1402391388525681,low_DH
1430,1445,6194,6319,0.4002690381781628,237.25999513200648,0.28514168867962125,0.12601155569449807,mid_DH
1430,1447,6194,6331,0.34911149842699535,495.43058740982025,0.26862805121451083,0.596938147793451,mid_DH
1430,1454,6194,6402,0.40211818231908225,388.4718206927173,0.32069895896032774,0.585511492059777,mid_DH
1431,1439,6196,6228,0.15116379687162423,243.70558477774873,0.16898728662647478,0.14849053515617594,low_DH
1431,1440,6196,6229,0.32348596108590816,200.06275861806915,0.5375538401529107,0.02772883356003797,high_DH
1431,1441,6196,6234,0.16930803492081714,297.8034095503308,0.03652896807255235,0.21571499399842098,low_DH
1431,1444,6196,6311,0.4021412682502109,437.2514350316966,0.15665521164064022,0.25268731963566293,low_DH
1431,1452,6196,6400,0.3039779623431166,519.8837389529982,0.12920221747889296,0.31606995580980896,low_DH
1431,1454,6196,6402,0.3105722702039541,408.24255936888426,0.1817565513172345,0.192585033571546,low_DH
1431,2026,6196,10623,0.18179448982461915,689.9952707414074,0.24338107105200427,0.507494090938192,mid_DH
1431,2027,6196,10624,0.3323813330381915,718.1036450338868,0.4751240204243383,0.309247500155989,high_DH
1432,1435,6197,6213,0.4102019314764935,210.28657363542027,0.3293382902891209,0.219425486922861,mid_DH
1432,1451,6197,6395,0.4185077745061057,495.37986063591745,0.4078088130814525,0.626989299137663,high_DH
1432,1519,6197,6571,0.4230291467599849,1591.3549176204776,0.20664966559697812,0.6291536703314999,mid_DH
1432,2025,6197,10599,0.4493517319852952,331.6577774179514,0.28896102788154904,0.390694814466647,mid_DH
1433,1434,6198,6211,0.4554467742488684,223.77490698177084,0.5209483312277317,0.0007328942768269897,high_DH
1433,1435,6198,6213,0.41903817090408274,273.6036671287313,0.23592898196180134,0.23052460355254,mid_DH
1433,1451,6198,6395,0.4316007795868631,440.52962100492255,0.32548799490573965,0.638088415767342,mid_DH
1433,1519,6198,6571,0.42912362344175364,1531.9970426756622,0.14276140226743453,0.6402527869611789,low_DH
1433,1928,6198,10291,0.5527495598325147,5029.070656796212,0.2901339956020283,0.5057431116498781,mid_DH
1434,1444,6211,6311,0.36518177313494543,239.46314153760844,0.4174324634369323,0.11805762185387891,high_DH
1434,1447,6211,6331,0.25800516945480967,466.7448928018967,0.5693157064513182,0.338641387087004,high_DH
1435,1519,6213,6571,0.4619653644677593,1783.5640216751099,0.1924244020924533,0.409728183408639,low_DH
1435,1549,6213,6821,0.44802545752007866,2340.9145027856607,0.506329638242419,0.5010970869178341,high_DH
1435,2023,6213,10593,0.44047971340538344,249.68613496867474,0.4745068991453476,0.26089574452736797,high_DH
1436,1459,6220,6422,0.39097082858668314,585.8786599143458,0.28803580781775545,0.2947250445085421,mid_DH
1436,2018,6220,10587,0.5281537344290916,474.0870184963431,0.09723049280542868,0.132607472338242,low_DH
1436,2030,6220,10632,0.234510602484824,567.5809369841777,0.1687757232338807,0.26696015322253797,low_DH
1436,2032,6220,10635,0.4014195365718285,719.7278953014317,0.3422937547169914,0.15024255019057997,mid_DH
1437,1458,6226,6421,0.24284922854228005,651.3532137232436,0.26213007431860047,0.10368010133148198,mid_DH
1437,1461,6226,6427,0.19963342251162922,747.1582606548553,0.3245250953429602,0.04116258795080896,mid_DH
1437,1482,6226,6475,0.282469400896542,793.723959056533,0.13852950030203023,0.428123444438258,low_DH
1437,1483,6226,6476,0.322394765561532,764.9883394015604,0.19632337514400655,0.21731550058997007,mid_DH
1437,2030,6226,10632,0.35930388872231794,642.1902229858313,0.04274675373763495,0.306329540103773,low_DH
1438,1457,6227,6418,0.42710310911919946,583.8800226407567,0.31732825542460513,0.6510683746850341,mid_DH
1439,1444,6228,6311,0.35203206252367025,266.9538180871789,0.126181338966181,0.4011778547918389,low_DH
1439,1447,6228,6331,0.3353924126520826,613.8265621392652,0.09953223356111862,0.055521154149044016,low_DH
1439,1452,6228,6400,0.3665316923425371,672.751799509708,0.2188394097505253,0.16757942065363302,mid_DH
1439,1454,6228,6402,0.2767601567210965,539.033928056967,0.27964824341288014,0.044094498415370054,mid_DH
1439,2022,6228,10592,0.1619708589952952,213.37076822968615,0.2562574313628438,0.08550261108858503,mid_DH
1439,2026,6228,10623,0.2693769084560223,782.7887192100673,0.2671322901556509,0.6559846260943679,mid_DH
1440,1452,6229,6400,0.3357748328189466,661.2599945062424,0.42343350357279763,0.3437987893698469,high_DH
1440,1454,6229,6402,0.2723511312345814,531.1617159607069,0.7055382129077699,0.22031386713158396,high_DH
1440,2026,6229,10623,0.33587431003194174,786.7668251935361,0.7668039983579978,0.479765257378154,high_DH
1440,2027,6229,10624,0.34238917408938424,831.9221565165,1.0110314387037034,0.336976333716027,high_DH
1441,1452,6234,6400,0.3681670471513688,772.2445952455935,0.1040503410478675,0.10035496181138798,low_DH
1441,1465,6234,6441,0.3672207791990384,1024.2353465854544,0.19478359329160963,0.547679860379431,mid_DH
1441,2016,6234,10584,0.27471950126615174,460.15158892126834,0.5448870772578231,0.07281706112396702,high_DH
1441,2022,6234,10592,0.16437456055439476,251.97190105784438,0.1387364068986075,0.018278152246339996,low_DH
1441,2026,6234,10623,0.2787963483807271,892.4472313909184,0.2680702817927487,0.723209084936613,mid_DH
1441,2027,6234,10624,0.3937591052459877,940.0561807615798,0.497794289976436,0.09353250615756803,high_DH
1442,1458,6240,6421,0.273540611387113,673.384724360504,0.17379915370917143,0.174152277287409,low_DH
1442,1461,6240,6427,0.21135308485283955,771.8519022017116,0.2229256090786914,0.31899496656969994,mid_DH
1442,1475,6240,6462,0.27885584322605717,875.6601915994275,0.23305243992824426,0.12819192541468993,mid_DH
1442,1476,6240,6464,0.23724903393208643,934.2518462521597,0.4722694175858888,0.676239400990195,high_DH
1442,1480,6240,6469,0.28831504205082453,952.0442944964165,0.18960280810860292,0.338679188686013,low_DH
1442,1482,6240,6475,0.19534972809783835,808.3455789580431,0.24573011815015375,0.15029106581936702,mid_DH
1442,1483,6240,6476,0.2574296596866508,782.1174306064909,0.17137444108063196,0.06051687802892092,low_DH
1442,1484,6240,6477,0.25527308497160617,787.0639265681721,0.11792232072521358,0.08096327818233906,low_DH
1443,1457,6243,6418,0.3180227012583643,732.4442540599856,0.13161755678376175,0.22800072292461615,low_DH
1443,1462,6243,6432,0.27632768381332296,904.386268957761,0.20360473774077723,0.6733640486129039,mid_DH
1443,1493,6243,6495,0.3023783847998756,1372.3954300673242,0.2539495134588125,0.30329066097994484,mid_DH
1444,1447,6311,6331,0.2470866011626914,497.2402544730841,0.16537203954490015,0.4566990089408829,low_DH
1445,1447,6319,6331,0.2976680270895246,482.93240663135606,0.1188166542204098,0.47092659209895293,low_DH
1445,1551,6319,6845,0.5911556316926301,2413.930198264025,0.20992726387651264,0.914489032954074,mid_DH
1448,1508,6375,6533,0.29822369478586197,1238.8369780188766,0.46740707808841564,0.983681188178189,high_DH
1448,1509,6375,6534,0.361659074883946,1203.1400547875369,0.41735342321825786,0.6568391297880929,high_DH
1448,2029,6375,10631,0.21558041736402783,489.8115227054669,0.10204190164949485,0.6318537411633379,low_DH
1448,2043,6375,10658,0.3406348067724617,1096.2397755140153,0.2849031814832849,0.901377086218279,mid_DH
1448,2044,6375,10661,0.26483177796628843,1227.1441699599895,0.27625189909313164,0.524944361113357,mid_DH
1448,2051,6375,10674,0.33513540478479786,1143.7700833947845,0.27100199568555877,0.7468734095957579,mid_DH
1449,1458,6389,6421,0.3022849531061514,686.3879082404437,0.15813958599745864,0.34339927738517895,low_DH
1449,1469,6389,6450,0.2662158288279697,1034.778757192912,0.7653002233413603,0.12430286531484103,high_DH
1449,1481,6389,6471,0.3655809640157682,746.8560859347058,0.2879424065556091,0.33979975509162696,mid_DH
1449,1485,6389,6478,0.22409940705550638,849.9861663375268,0.2246708925770598,0.27982614923774496,mid_DH
1450,1465,6391,6441,0.22392672724534918,454.38912845919003,0.17797712689284473,0.1431043691704701,low_DH
1450,1527,6391,6610,0.3406256133680509,720.3996757040198,0.20673530117257863,0.5466023289698181,mid_DH
1450,1529,6391,6615,0.2496291623224402,521.9006245682122,0.25029114751719217,0.661416356910813,mid_DH
1450,1531,6391,6617,0.2836534844892662,509.6784488011759,0.28376003552809437,0.7182548471699419,mid_DH
1450,1533,6391,6625,0.15225966766926435,357.4938334180576,0.3027972075632317,0.62337527302532,mid_DH
1450,1534,6391,6627,0.31934234206673956,361.1798747257862,0.09349899302834458,0.286918939484317,low_DH
1450,1535,6391,6628,0.34277181401483825,313.87130299704063,0.42295735743442525,0.762716960998414,high_DH
1450,2016,6391,10584,0.35414943715432695,751.9521319223512,0.5671649367015829,0.617967168425934,high_DH
1450,2041,6391,10652,0.2546609003547583,957.3330996154792,0.24954969233734153,0.945875793875022,mid_DH
1451,1511,6395,6551,0.3511618388365933,1441.8563074339045,0.3425726354871202,0.07230240180736,mid_DH
1451,1519,6395,6571,0.3086045054732696,1102.8153991391794,0.20999491308657361,0.0021643711938370003,mid_DH
1451,2025,6395,10599,0.3486316186628844,824.5340109606593,0.1422948121835612,0.236294484671016,low_DH
1451,2027,6395,10624,0.3590983880209939,326.19569141211457,0.1770739535309601,0.19347832355274197,low_DH
1452,1527,6400,6610,0.34186109500394596,971.0486968668363,0.28327695403699954,0.24453686239147093,mid_DH
1452,2022,6400,10592,0.31450559119835175,573.393330992568,0.2407159319044472,0.08207680956504798,mid_DH
1452,2025,6400,10599,0.33704777806664327,798.8819051363993,0.3010181429891975,0.04963861677209397,mid_DH
1452,2026,6400,10623,0.2494235418819991,236.0219939144203,0.3477961266231423,0.823564046748001,mid_DH
1452,2027,6400,10624,0.2855819482423025,221.35641637757817,0.5918669830023271,0.006822455653819948,high_DH
1453,1528,6401,6612,0.3449326674618452,896.6127631284701,0.20320674894361584,0.3941222026783451,mid_DH
1454,2022,6402,10592,0.288959207825414,459.51421880252605,0.09269195108982661,0.04140811267321498,low_DH
1454,2026,6402,10623,0.31284946239646266,286.4995156319633,0.17778104165582678,0.700079124509738,low_DH
1455,1466,6412,6446,0.35851650336848667,444.0663577028931,0.0983140541781398,0.64336552032598,low_DH
1455,1509,6412,6534,0.3032439252523108,1070.797490140016,0.636301791302101,0.25227880133978997,high_DH
1455,1944,6412,10370,0.2695127845859137,2033.8454704577791,1.3195963346015032,0.786366136234613,high_DH
1455,2017,6412,10586,0.28561626497729947,449.2522060190006,0.25829808517486996,0.610819471437977,mid_DH
1455,2031,6412,10634,0.33582632907573023,322.41675188370874,0.2104769748560116,0.511290935141809,mid_DH
1455,2033,6412,10636,0.2592788910374056,237.6209058594177,0.18892002654522003,0.40167427788530796,low_DH
1455,2036,6412,10642,0.28914825296261043,666.8437688584853,0.6530799815415551,0.907928783986306,high_DH
1455,2043,6412,10658,0.3229406216757024,968.3214335827602,0.08000748548000923,0.496816757769976,low_DH
1455,2053,6412,10689,0.27967655739842207,614.3383220155491,0.09766844079001176,0.627035223152056,low_DH
1456,1468,6413,6449,0.2927693788335226,665.1483742396148,0.6160526873623018,0.009172160899805992,high_DH
1456,1516,6413,6560,0.29217960463762516,1409.1426118404017,0.33949485425278225,0.16530695888332703,mid_DH
1456,1521,6413,6582,0.335523580214559,1252.1390461580472,0.31817437621418365,0.14266469358109402,mid_DH
1456,1526,6413,6604,0.298425462166912,821.2497278518345,0.23698144572185434,0.545975309170196,mid_DH
1456,1530,6413,6616,0.27966528749590613,835.780665397772,0.2361773781278713,0.436153325963839,mid_DH
1456,1532,6413,6618,0.2703612055566554,784.0908674481003,0.23865206821416904,0.18903189043902002,mid_DH
1456,1535,6413,6628,0.3020333590963765,396.31387734774285,0.16467553081185116,0.27007822908132095,low_DH
1456,2050,6413,10673,0.34323957706269315,1322.3474240326077,0.40406975924940497,0.38912588747440197,high_DH
1457,1470,6418,6454,0.3448398803135062,472.7020954752919,0.22590545766618,0.9244897824354971,mid_DH
1457,1491,6418,6490,0.33890492924288695,753.2854556732048,0.15758574175278411,1.100357774468495,low_DH
1457,1493,6418,6495,0.33413155604105665,710.897987070957,0.17675214639524767,0.531291383904561,low_DH
1458,1469,6421,6450,0.28008941139978977,624.2593322858202,0.6851960789081452,0.46770214270002,high_DH
1458,1478,6421,6467,0.23248771735277682,377.83431307490656,0.22330202865087231,0.06999104930882494,mid_DH
1458,1481,6421,6471,0.2999996569384114,280.3563480309802,0.21868194087731918,0.003599522293551982,mid_DH
1458,1482,6421,6475,0.28309917346328956,200.46710588951726,0.3214566322089306,0.324443343106776,mid_DH
1458,1536,6421,6631,0.2525358633493713,736.5226364324517,0.3952288217995069,0.5385710457472319,high_DH
1458,2037,6421,10643,0.27899030126915175,457.9863658187617,0.2994538848246842,0.626198643634901,mid_DH
1459,1466,6422,6446,0.17825260957204733,366.32927070440263,0.32355957937625807,0.790749447786717,mid_DH
1459,2029,6422,10631,0.34907199364461255,302.27575519955536,0.12197918967614621,0.37467734017577203,low_DH
1459,2032,6422,10635,0.19492380849883365,216.325348332798,0.12193796983723904,0.44496759469912206,low_DH
1459,2033,6422,10636,0.29654941590001643,340.5433780715666,0.4077915452148461,0.549058205346045,high_DH
1460,1470,6426,6454,0.31846851955830496,398.50676281918754,0.1746128545881785,0.40290484554401795,low_DH
1460,1471,6426,6455,0.3224017332910136,382.80527552825106,0.1868655568466265,0.16412487047478197,low_DH
1460,1472,6426,6456,0.2372995023973315,421.54870961818153,0.1817766459676428,0.735401395333915,low_DH
1460,1473,6426,6459,0.28955580937584424,474.12809750654816,0.2058209875322479,0.292726231006616,mid_DH
1460,1477,6426,6466,0.2712215852590705,308.5240193934714,0.3050020359771485,0.29032889064772094,mid_DH
1460,1480,6426,6469,0.17486114119925888,229.4037187924105,0.17621647260277026,0.458782593158108,low_DH
1460,2038,6426,10645,0.20334438917104336,461.4786392019612,0.21513703023497482,0.53017170598193,mid_DH
1461,1475,6427,6462,0.2823323034535886,300.6851133414487,0.18421366354590826,0.19080304115501,low_DH
1461,1476,6427,6464,0.22039273886677294,321.4718048118812,0.3016620306575149,0.357244434420495,mid_DH
1461,1478,6427,6467,0.21299733880689886,327.080036206938,0.2988283012061207,0.074851639973466,mid_DH
1461,1480,6427,6469,0.30233352530459057,247.4281993627304,0.3230224374326374,0.019684222116313044,mid_DH
1461,1481,6427,6471,0.22699872215272868,213.52316427396553,0.2908295374180444,0.14124316698873896,mid_DH
1461,1482,6427,6475,0.18370851020741186,218.86095539394563,0.37859727585796876,0.46928603238906696,mid_DH
1461,1536,6427,6631,0.22730948776732215,638.8175362860843,0.4781249717168345,0.39372835646494103,high_DH
1461,2037,6427,10643,0.302545785584521,399.92314895376416,0.4015791925278213,0.48135595435261,high_DH
1462,1517,6432,6561,0.2939807916113289,1393.60594684584,0.45715957141339253,0.45545342117200704,high_DH
1463,1520,6433,6581,0.3888449668410073,1085.014018182706,0.23271065001510555,0.716412977216439,mid_DH
1463,1531,6433,6617,0.38657695537506875,646.0639095357105,0.34015732548102595,1.560590168961994,mid_DH
1463,1537,6433,6648,0.3445542643951809,567.8246019174146,0.1574670497365361,0.540279762029542,low_DH
1464,1468,6436,6449,0.3078489522692324,687.3627225420486,0.7912445309101698,0.08228830725619307,high_DH
1464,1501,6436,6520,0.3449056573373001,364.8191961492951,0.27183498699925157,0.24145982376507402,mid_DH
1464,1516,6436,6560,0.33536852063640765,1326.5475300377318,0.3516121558447735,0.2567674270393261,mid_DH
1464,1521,6436,6582,0.32712515865102043,1162.737480476029,0.49682448430214265,0.05120422542509495,high_DH
1464,1526,6436,6604,0.34712719360939415,729.6668709915152,0.4068511209421667,0.637435777326195,high_DH
1464,1530,6436,6616,0.294739807704934,749.5085522648152,0.4083689973119246,0.527613794119838,high_DH
1464,1532,6436,6618,0.24798180358190217,695.9678381859019,0.4138267088534416,0.2804923585950191,high_DH
1464,1535,6436,6628,0.34954014916890724,332.26128181098187,0.2553326792132806,0.36153869723732,mid_DH
1465,1467,6441,6448,0.33181304853915605,295.28284211881214,0.6907427125095799,0.31853076525619295,high_DH
1465,1468,6441,6449,0.3379777838210011,373.8773267667305,0.06227551449922299,0.340362201846817,low_DH
1465,1506,6441,6530,0.33278239968842305,708.0617865907082,0.1935269803880513,0.763531458181421,low_DH
1465,1533,6441,6625,0.2281988286862702,448.23302661636677,0.47664944823276406,0.48027090385484994,high_DH
1465,1534,6441,6627,0.2856919861968976,389.2009225099497,0.2685199703970024,0.14381457031384692,mid_DH
1465,1535,6441,6628,0.3226370559394812,246.67240399847626,0.5947366938872192,0.6196125918279439,high_DH
1465,2016,6441,10584,0.20927656475893977,615.4423982561054,0.7072025209124918,0.47486279925546393,high_DH
1465,2041,6441,10652,0.35824577917115774,505.43613280692193,0.40821944030977153,0.8027714247045519,high_DH
1466,1509,6446,6534,0.38166584065219283,1017.1034270685348,0.668920454603541,0.39108671898619,high_DH
1466,2017,6446,10586,0.18669374021163318,481.5238342294044,0.2291759530463306,0.032546048888003,mid_DH
1466,2018,6446,10587,0.2917286243647435,508.3423910103328,0.691845414556906,0.36341693093993294,high_DH
1466,2032,6446,10635,0.1867833684764568,269.855615796816,0.3022271505823755,0.34578185308759496,mid_DH
1466,2033,6446,10636,0.24478018897784765,216.39659261097128,0.12762141760538095,0.24169124244067203,low_DH
1466,2036,6446,10642,0.35238762991388245,241.05714352549123,0.6815636033928661,0.264563263660326,high_DH
1466,2039,6446,10648,0.3338231825136236,438.52725191838954,0.4764651115269163,0.08008849929060402,high_DH
1466,2053,6446,10689,0.36541185507165935,608.2978975371913,0.16509085026695217,0.01633029717392398,low_DH
1467,1518,6448,6568,0.43267170777088537,1195.26209072462,0.3225362764316816,0.309118296028948,mid_DH
1467,1524,6448,6590,0.3507282164727716,1141.889468922311,0.14191080185266014,0.520085441945331,low_DH
1467,1535,6448,6628,0.32483827800424164,452.0251878469615,0.19872122810841983,0.301081826571751,mid_DH
1467,2046,6448,10666,0.367709625025766,1578.6163329642516,0.4140238048728986,0.322048803962677,high_DH
1467,2049,6448,10670,0.363168095706805,1334.6589811102351,0.32531241542566947,0.204144704431505,mid_DH
1468,1515,6449,6559,0.3377529745151861,1414.247125819767,0.7599329678342264,0.169955649533567,high_DH
1468,1516,6449,6560,0.289893189761555,1371.753818949869,0.7796534422266753,0.17447911978313302,high_DH
1468,2016,6449,10584,0.29002859402988107,768.2789403123463,0.7411451436986777,0.13450059740864695,high_DH
1468,2029,6449,10631,0.31142526216005717,806.6481116323513,0.302003245942718,0.03256227984175797,mid_DH
1468,2037,6449,10643,0.23993886485662044,213.2242322403954,0.22760238665995475,0.435759139596712,mid_DH
1469,1476,6450,6464,0.28006505105340695,331.7047599171542,0.9815921393586646,0.03438498100276599,high_DH
1469,1478,6450,6467,0.16492126860457354,246.6781245247512,0.49234665995481136,0.39771109339119504,high_DH
1469,1481,6450,6471,0.2699888613041383,356.75219257729447,0.4860416869941122,0.464102620406468,high_DH
1469,1482,6450,6475,0.2856052254105718,455.8556390088958,0.4411020065381318,0.792145485806796,high_DH
1469,1483,6450,6476,0.2933336224662946,488.94371736415223,0.6282184407875119,0.5813375419585081,high_DH
1469,1485,6450,6478,0.15083424557381883,598.6262780612504,0.5581737756913703,0.404129014552586,high_DH
1469,1536,6450,6631,0.27640110811659446,906.2582311929799,0.30469719812082724,0.070868903047212,mid_DH
1470,1475,6454,6462,0.3008268994804614,286.9707217498451,0.27006637526004,0.15460951565723302,mid_DH
1470,1491,6454,6490,0.2817680492423727,352.0725243648889,0.2707139583692841,0.17586799203299797,mid_DH
1470,1507,6454,6531,0.29295665104171364,687.8645163888523,0.07679086527957552,0.36882574315928607,low_DH
1471,1475,6455,6462,0.10029825543564053,229.8396937878881,0.2770883198489066,0.08417045941200296,mid_DH
1471,1482,6455,6475,0.1981183140077921,282.8364603797764,0.18581731298682966,0.194312531822054,low_DH
1471,1483,6455,6476,0.2276805176323197,312.8496252622681,0.1868462047208102,0.016495412026233947,low_DH
1471,1484,6455,6477,0.16920350052670546,308.76190707319086,0.15373287994773882,0.03694181217965209,low_DH
1472,1504,6456,6527,0.33219567604337463,1062.0365853086987,0.5310533953563535,0.12299690965093801,high_DH
1472,1507,6456,6531,0.27853119824331224,768.8807551276279,0.24864712844906248,0.036329193369389,mid_DH
1472,2016,6456,10584,0.34685055519237956,545.1676138238231,0.3363011859544029,0.11620561212757508,mid_DH
1473,1475,6459,6462,0.1407971258391858,246.9178417907648,0.24241261302018188,0.04443090111983106,mid_DH
1473,1480,6459,6469,0.18031842454761693,254.81294220456851,0.34184429534810085,0.166056362151492,mid_DH
1473,1482,6459,6475,0.2412304590764293,328.4027304206891,0.396392790829754,0.322913892353888,high_DH
1473,1483,6459,6476,0.29475690288478884,375.29067476702426,0.21986922243100374,0.11210594850560007,mid_DH
1473,1484,6459,6477,0.16497250914972922,337.62009915164646,0.2495317040524558,0.09165954835218193,mid_DH
1473,1495,6459,6503,0.25894554510609524,392.6376581480998,0.6569946594259142,0.5098190840175589,high_DH
1473,1507,6459,6531,0.32268185579287717,805.9972035358654,0.27548129970320506,0.47900435769668803,mid_DH
1475,1495,6462,6503,0.2642800682711155,634.5958847274363,0.6157870565467309,0.5542499851373901,high_DH
1475,1496,6462,6504,0.32333825434855046,684.8897169638263,0.39130899797166535,0.3993815825322721,high_DH
1475,2038,6462,10645,0.26419291650582766,266.04705163043053,0.28970219561738536,0.28187637609514504,mid_DH
1476,1495,6464,6503,0.21858773701533465,585.6435925052684,0.896183268742245,0.006202509561885006,high_DH
1476,1496,6464,6504,0.2688606813190904,637.5054484034262,0.603808076700315,0.14866589304323297,high_DH
1476,1499,6464,6516,0.31771640967373144,808.0885521298185,0.5484341911909526,0.02591545544640106,high_DH
1476,1536,6464,6631,0.26948267207059234,870.0570965976747,0.7112359385543076,0.036483922044446004,high_DH
1476,2037,6464,10643,0.271743386564824,202.95858284485269,0.6262770487556034,0.124111519932115,high_DH
1476,2038,6464,10645,0.2663656188473796,207.01931451089118,0.559725112886567,0.26617109948036,high_DH
1477,1483,6466,6476,0.3028708163531411,229.99301490787553,0.28783252516426544,0.10970860814670502,mid_DH
1477,1484,6466,6477,0.1395417184551984,227.0703645169525,0.349266276473977,0.08926220799328688,mid_DH
1477,1495,6466,6503,0.21547365167494079,555.6621127794452,0.8144237837942443,0.512216424376454,high_DH
1477,1499,6466,6516,0.31571101974649257,763.6975608923526,0.5102093291735094,0.480098459368168,high_DH
1478,1482,6467,6475,0.1608323281924017,224.00992367296996,0.12271504788425949,0.39443439241560097,low_DH
1478,1483,6467,6476,0.22097794786804237,246.95644644439489,0.15260258539983373,0.18362644856731303,low_DH
1478,1484,6467,6477,0.2507979019696225,255.49911963839472,0.11188977476538393,0.16318004841389488,low_DH
1478,1485,6467,6478,0.23170102983821478,370.3011869965073,0.10365823099431734,0.006417921161390949,low_DH
1478,1496,6467,6504,0.271983023859631,616.6834852110195,0.2195164918494403,0.28343018135072806,mid_DH
1478,1536,6467,6631,0.20939437980573286,778.3524081585396,0.22785299437492768,0.46857999643840703,mid_DH
1479,1502,6468,6522,0.41251803819029076,753.3218940904271,0.19218159573533017,0.08261323965033396,low_DH
1479,2017,6468,10586,0.3664800521170369,444.5046582843644,0.12192728617191868,0.19676951633541995,low_DH
1479,2018,6468,10587,0.32834294442407364,467.5848718539267,0.5100931791530455,0.13410136571651,high_DH
1479,2031,6468,10634,0.3117295027659195,448.50798856006907,0.12768474055448456,0.09724098003925197,low_DH
1479,2032,6468,10635,0.39336465614812816,298.41265927756973,0.17139301438175372,0.11646628786417201,low_DH
1479,2039,6468,10648,0.4027560963037162,371.06750817211383,0.2917968273288328,0.30940406451402697,mid_DH
1479,2042,6468,10655,0.44801910342291235,526.417683103483,0.852965523281951,0.26616321852518,high_DH
1479,2053,6468,10689,0.350973969554297,694.5648053314346,0.175588397206254,0.21298526804949897,low_DH
1480,1495,6469,6503,0.22115745903767417,637.0273385147337,0.3825497601986376,0.343762721866067,mid_DH
1480,1504,6469,6527,0.3017888520460519,1058.5586926223607,0.2717131246707945,0.15362189252486902,mid_DH
1480,2016,6469,10584,0.33117794066348616,401.7957839968574,0.5252244858396572,0.16041319004823196,high_DH
1480,2038,6469,10645,0.09125202575388419,233.4217861527776,0.09633596437537625,0.07138911282382199,low_DH
1481,1484,6471,6477,0.2920599184291992,224.6550162730397,0.10602006579628169,0.09678852139862193,low_DH
1481,1485,6471,6478,0.2718914750537243,315.9422416631726,0.07428383337354344,0.059973605853882006,low_DH
1482,1495,6475,6503,0.262149984476351,719.7106064016391,0.3745555301524646,0.832732976371447,mid_DH
1482,1536,6475,6631,0.25995311293488543,828.661806922597,0.2194467869929139,0.863014388854008,mid_DH
1484,1495,6477,6503,0.1852431744643113,724.6105825731338,0.4853790719229697,0.601478632369741,high_DH
1484,1496,6477,6504,0.2756606971435982,774.3586341090504,0.2792466273587229,0.44661022976462295,mid_DH
1484,1499,6477,6516,0.2774505446726681,951.6500934515927,0.3176832288023187,0.5693606673614549,mid_DH
1484,2038,6477,10645,0.20904811150970087,354.28696513982965,0.1531219124476946,0.3291050233274959,low_DH
1486,1492,6479,6492,0.3208366881265185,873.7573931176214,1.018259339009665,0.37613972811877805,high_DH
1486,1534,6479,6627,0.33330332756962155,919.762401023703,0.8104083119496127,0.19368291886224298,high_DH
1487,1522,6480,6584,0.4474671678334858,1747.0356179470195,0.5939584422039237,0.7512925676787211,high_DH
1488,1499,6484,6516,0.3045621843125678,259.73281136817405,0.3331778075370976,0.17565624963646104,mid_DH
1488,2002,6484,10522,0.3804384878092076,2223.4504011235003,0.4455798486732523,0.36951574297308293,high_DH
1489,1507,6485,6531,0.32138874677270257,849.4447699924034,0.1808770002132283,0.23063433503260894,low_DH
1489,2002,6485,10522,0.3129755016061466,2235.651795217677,0.17094757625250007,0.42579706705664594,low_DH
1490,1494,6487,6502,0.5621985615807504,275.0544999283319,0.5904621405633512,0.055548138821625015,high_DH
1491,1498,6490,6507,0.34915181125421246,377.84287533501134,0.22853206793011857,0.07116126998225902,mid_DH
1491,1507,6490,6531,0.3336178737220655,770.0151681680939,0.2979604554432897,0.1929577511262881,mid_DH
1492,1498,6492,6507,0.38029614187297595,215.56335425817988,0.08224814930613099,0.20803609368646903,low_DH
1493,1510,6495,6538,0.34473061445292547,1529.504124164957,0.5561616084268566,0.3710048960492801,high_DH
1493,1517,6495,6561,0.3210976863028475,1454.0306268178927,0.8562681307516405,0.8255268088049661,high_DH
1495,1499,6503,6516,0.13766235002632904,240.19304761839862,0.5519440048133367,0.032117965008286065,high_DH
1495,1500,6503,6517,0.213377733237194,662.5024885380163,0.2095253716583607,0.19922792609018397,mid_DH
1495,2038,6503,10645,0.22033682549519304,403.8081464055913,0.3414245379469745,0.272373609042245,mid_DH
1496,1499,6504,6516,0.16014202920461962,211.2171195159343,0.14912398804439508,0.12275043759683191,low_DH
1496,1500,6504,6517,0.2884227975878752,688.6775048943089,0.6211688757880541,0.044359523485066,high_DH
1497,1500,6505,6517,0.2695696220412498,708.755364925796,0.2667101609962421,0.11636939024257997,mid_DH
1497,1538,6505,6656,0.37089188542163165,1699.1923784673263,0.36288307766565125,0.03268706589904302,mid_DH
1497,2002,6505,10522,0.3152678936141776,2295.2049543137964,0.3205137171426803,0.14311892249730396,mid_DH
1498,1507,6507,6531,0.22726610069657915,775.5186644274634,0.2337772875080036,0.12179648114402908,mid_DH
1499,1500,6516,6517,0.2345572576675952,584.6152007361903,0.7557242498689184,0.1671099610818979,high_DH
1499,2002,6516,10522,0.29147665320000576,2223.117224119706,0.23484367342481557,0.1938594933366219,mid_DH
1500,1504,6517,6527,0.2910895704982162,605.9938266117814,0.27287241045181554,0.009087096748986001,mid_DH
1500,1515,6517,6559,0.24997716250144397,1108.8888839318104,1.0435687622784773,0.288577852669865,high_DH
1500,1538,6517,6656,0.27521027042826657,1348.5397139542201,0.6174014733260166,0.08368232434353695,high_DH
1500,2037,6517,10643,0.2915725437263233,705.4113665079342,0.5019105438160398,0.31713693646041397,high_DH
1501,1518,6520,6568,0.3640857704402496,943.7739203018765,0.1440125869993567,0.12811534292944304,low_DH
1501,1521,6520,6582,0.39525600102160996,935.4064209493501,0.2554788999404504,0.292664049190169,mid_DH
1501,1532,6520,6618,0.2693917419699567,483.23035020534957,0.1900017162904249,0.039032534829945065,low_DH
1501,2033,6520,10636,0.28618930251163605,305.1366558240596,0.25299696557403617,0.04777162850314998,mid_DH
1501,2036,6520,10642,0.3430470800281782,427.7758653477785,0.5713106281106355,0.5540261346041481,high_DH
1501,2050,6520,10673,0.3402865431251594,954.8730903134773,0.4295918543383408,0.239126531865327,high_DH
1502,2031,6522,10634,0.4401034507343006,973.5797732226303,0.11946902168693549,0.014627740388918009,low_DH
1502,2034,6522,10639,0.43458254365626353,373.1572244277386,0.3202541800470158,0.184939806244648,mid_DH
1502,2036,6522,10642,0.4211319242479337,653.6520899931423,0.3624476414566754,0.411265589233415,mid_DH
1502,2052,6522,10676,0.5191618656847405,740.2880400604727,0.07601752640938547,0.480671057444564,low_DH
1503,1506,6525,6530,0.23809424471778137,356.36673928009395,0.21120271850029265,0.582567856782437,mid_DH
1503,1514,6525,6557,0.2865172428241826,703.8931215391343,0.2501245163525796,0.06097815024061903,mid_DH
1503,1529,6525,6615,0.27893485610872465,270.13192707502054,0.08877100096355005,0.337348386341359,low_DH
1503,1533,6525,6625,0.3007264834074898,410.03476449002903,0.10015349394196287,0.299307302455866,low_DH
1503,1534,6525,6627,0.22878740576657416,421.88525118841125,0.13213134042300936,0.03714903108513701,low_DH
1503,2045,6525,10665,0.27612047065913164,964.0400446354997,1.1839584357299795,0.851924676875227,high_DH
1503,2048,6525,10668,0.3136808339123012,728.8410057958378,0.37375757047726144,0.606548195177201,mid_DH
1504,1506,6527,6530,0.20810853129568851,289.58646238977684,0.2515052893943005,0.29545995644931994,mid_DH
1504,1514,6527,6557,0.14695208622963843,665.2404838388071,0.705492576470967,0.22612975009249803,high_DH
1504,1515,6527,6559,0.33638848068600263,543.6454755346452,0.783665576915526,0.297664949418851,high_DH
1504,1538,6527,6656,0.29375780516930144,964.0201339447143,0.3639420825740951,0.07459522759455095,mid_DH
1505,2045,6529,10665,0.3626525302086962,1010.1647910218568,0.7682678659464106,0.654290265411813,high_DH
1505,2048,6529,10668,0.2972659021316835,766.0528439952722,0.7964217838524172,0.40891378371378706,high_DH
1506,1508,6530,6533,0.33370192479088095,413.0285977747053,0.2871319247430196,0.038779529477994956,mid_DH
1506,1514,6530,6557,0.23481487454184774,904.8970044668596,0.4558254690766292,0.521589706541818,high_DH
1506,1534,6530,6627,0.3235691813446298,582.2784529034558,0.08576140208910757,0.6197168878675741,low_DH
1506,1538,6530,6656,0.1909914533756233,1133.0678942033705,0.12927332996756163,0.220864728854769,low_DH
1506,2016,6530,10584,0.3345376246107607,1314.4929349667416,0.5556729023508961,0.288668658925957,high_DH
1507,2038,6531,10645,0.29589415381676903,748.0159244478232,0.1213891698483783,0.24155888272137405,low_DH
1509,1944,6534,10370,0.3649768465360092,1737.4367481408262,0.741375569184183,0.5340873348948231,high_DH
1509,2053,6534,10689,0.32735410147286115,458.5358530774809,0.5412447934329512,0.37475642181226604,high_DH
1511,1519,6551,6571,0.3997845659208275,347.06495462325387,0.15129832590881684,0.070138030613523,low_DH
1511,1944,6551,10370,0.40176480923510643,2171.640587185541,1.0039240069521473,0.025004113311052012,high_DH
1511,2027,6551,10624,0.3404074245061692,1408.9875567122483,0.4634583962424723,0.265780725360102,high_DH
1511,2043,6551,10658,0.38329842461899394,594.3849721484104,0.3859527765764544,0.264545265153585,mid_DH
1511,2046,6551,10666,0.3727714192619411,200.86290043604194,0.29541374046070434,0.26641352267823104,mid_DH
1513,1528,6556,6612,0.3008637179485977,839.5268021374134,0.15523153329484823,0.5767251589592819,low_DH
1513,2045,6556,10665,0.2682577464253907,239.39549607934538,1.225768101634089,0.37877239590535206,high_DH
1514,1538,6557,6656,0.3600191948049052,1274.8529906192978,0.3535747831629834,0.300724977687049,mid_DH
1514,2045,6557,10665,0.41326421463271396,276.0872379694288,1.4292336104437706,0.790946526634608,high_DH
1515,1536,6559,6631,0.21629758137231972,1054.1348137597604,0.6831589623911132,0.5180871912426099,high_DH
1515,2037,6559,10643,0.31886073114000535,1508.7378820428773,0.5845276195678359,0.605714789130279,high_DH
1515,2051,6559,10674,0.332978566063102,366.1114429356412,0.14450829721220174,0.31753759780774493,low_DH
1516,1526,6560,6604,0.358476812922191,665.3211604749284,0.38821137341941836,0.38066835028686896,mid_DH
1516,1530,6560,6616,0.3330933512597913,583.4621717894914,0.3972448843655507,0.27084636708051196,high_DH
1516,1532,6560,6618,0.3624307531383878,645.7112500331717,0.4418070251971299,0.023724931555692996,high_DH
1516,2029,6560,10631,0.29452479442225854,1490.7027058901115,0.49247287137906415,0.14191683994137505,high_DH
1516,2044,6560,10661,0.3382726514553486,436.16669190554023,0.6703147397860815,0.248826219991356,high_DH
1516,2051,6560,10674,0.3224099753972085,299.687284283726,0.2281026455611071,0.026897171508955098,mid_DH
1518,1526,6568,6604,0.39679382559328935,509.464272251233,0.04433566663524077,0.267860610631678,low_DH
1518,1532,6568,6618,0.33381115142034445,508.8637830031185,0.0914059280840468,0.08908280809949798,low_DH
1518,2034,6568,10639,0.45151622567527233,1021.7607653585114,0.2255636999164665,0.17029460380335804,mid_DH
1518,2049,6568,10670,0.2998296693578395,202.75111621574922,0.2371118987453558,0.10497359159744302,mid_DH
1519,2020,6571,10590,0.438803932239651,1643.9149606917888,0.1608823783040241,0.195500163354499,low_DH
1519,2043,6571,10658,0.3919578035601485,273.9427063571558,0.2655075324400682,0.19440723454006198,mid_DH
1520,1529,6581,6615,0.3105252927731532,523.4101418803396,0.4107705501770994,0.5354940123352,high_DH
1520,1531,6581,6617,0.13900482235771633,443.8996618396794,0.14234486012618636,0.844177191745555,low_DH
1520,1537,6581,6648,0.22411732010926386,693.8218023877239,0.38249657285905836,0.17613321518689706,mid_DH
1521,1526,6582,6604,0.2822146420614589,442.7539725843074,0.1242995006829764,0.68864000275129,low_DH
1521,1530,6582,6616,0.2334357804294323,426.5358993773631,0.11417503112714823,0.5788180195449331,low_DH
1521,1532,6582,6618,0.22057341500075894,469.40108762412854,0.09541865296131555,0.33169658402011404,low_DH
1521,1535,6582,6628,0.3073259403753043,911.2892399355397,0.3433739259370508,0.41274292266241497,mid_DH
1521,2050,6582,10673,0.1555273629632731,238.98010789933645,0.679583469201791,0.5317905810554959,high_DH
1522,1525,6584,6592,0.23030987409813228,448.8928468690662,0.4941032708540491,0.901027572373932,high_DH
1522,2047,6584,10667,0.4770876329375444,396.9504588092121,0.4864998484335273,0.6140546498691711,high_DH
1523,1525,6585,6592,0.5551308923669568,210.16093071186336,0.1944361311816777,0.47540719376865,mid_DH
1524,2046,6590,10666,0.40586644746819706,882.4384751161834,0.36439859513303136,0.19803663798265403,mid_DH
1524,2047,6590,10667,0.41064049487261733,797.2365424462294,0.8371965831791569,0.312218816715394,high_DH
1525,2047,6592,10667,0.45996578205868616,845.7265786816582,0.9601728922942617,0.286972922504761,high_DH
1526,1527,6604,6610,0.4059701295649096,262.9163531819556,0.05486008363993128,0.49201171211747097,low_DH
1526,1535,6604,6628,0.30269623081292296,525.6436842289831,0.22914700430753507,0.27589708008887504,mid_DH
1526,2029,6604,10631,0.38281431265872146,870.2308978335385,0.11614642910605534,0.522585190228244,low_DH
1526,2049,6604,10670,0.32577651288436343,712.0005100878244,0.2650019191141767,0.372834202229121,mid_DH
1526,2050,6604,10673,0.31682218479142904,578.6611013540436,0.5701550975156663,0.15684942169579402,high_DH
1527,1533,6610,6625,0.29994397091972724,405.10546369242155,0.11482383483964105,0.07677294405550195,low_DH
1527,2026,6610,10623,0.32066185974649564,1009.0724681658336,0.12288732625877281,0.57902718435653,low_DH
1527,2041,6610,10652,0.3736627013422393,1112.2311524189738,0.07492700655694416,0.39927346490520393,low_DH
1527,2049,6610,10670,0.3196053071308461,514.5440767025538,0.26756329243014776,0.11917750988834996,mid_DH
1528,2045,6612,10665,0.36011074604739457,1076.5528166215715,1.1775212487616378,0.955497554864634,high_DH
1528,2048,6612,10668,0.34580430239921806,852.8036611292772,0.3766317957522807,0.710121073166608,mid_DH
1529,1534,6615,6627,0.3251576559369116,235.9025215027864,0.17494612095250892,0.374497417426496,low_DH
1529,1537,6615,6648,0.3292609172070288,428.06794993686816,0.03347906438694931,0.35936079714830294,low_DH
1530,1535,6616,6628,0.1522498707574275,484.8099865378037,0.23533668352214354,0.16607509688251804,mid_DH
1530,2049,6616,10670,0.3537004933483609,647.1429372899694,0.27517914209396965,0.263012219022764,mid_DH
1530,2050,6616,10673,0.3321226733532492,495.2016509902968,0.5754686270282119,0.04702743848943702,high_DH
1531,1533,6617,6625,0.3188766769581162,274.6253295506386,0.5855269955198548,1.341630120195262,high_DH
1531,1537,6617,6648,0.2622530374241749,320.85886774871636,0.47954483487585314,1.020310406932452,high_DH
1532,2049,6618,10670,0.3911217734686176,705.8480993874435,0.32744912736537046,0.015890783497945038,mid_DH
1532,2050,6618,10673,0.19089262303130644,557.3797344837119,0.603202289583948,0.20009399703538194,high_DH
1533,2016,6625,10584,0.36229029128168144,983.6902550130582,0.3732242379544498,0.00540810459938601,mid_DH
1533,2041,6625,10652,0.3598585922226519,846.3263446552091,0.13835832636252932,0.322500520849702,low_DH
1535,2049,6628,10670,0.36635748592150114,1108.0446014441272,0.14071343561265545,0.09693712214024597,low_DH
1535,2050,6628,10673,0.3767963369442588,946.2409264149113,0.3426167592546145,0.11904765839308101,mid_DH
1536,2037,6631,10643,0.2349150572577193,790.6768308998777,0.20921178598502196,0.087627597887669,mid_DH
1536,2051,6631,10674,0.29345015833905724,691.4769820166182,0.5734556222541752,0.20054959343486506,high_DH
1538,1946,6656,10391,0.36804303896067314,3870.7070268172197,0.24163168993131065,0.286779535985538,mid_DH
1539,1550,6671,6843,0.6054940290238922,493.9415225983245,0.5488289761021886,0.10807482587682393,high_DH
1539,1918,6671,10229,0.9694804673041942,1795.283624451062,1.3875229412671233,0.28706165481479107,high_DH
1540,1547,6678,6798,0.6649069062211203,889.1455117398426,0.18662596922412134,0.5084208387381639,low_DH
1540,1548,6678,6818,0.5356684183745581,223.456647940216,0.08990967581561311,0.7298794631207359,low_DH
1542,1544,6747,6758,0.6186235441196921,226.40636557384406,0.5603007742136487,0.43900781366406905,high_DH
1542,1992,6747,10497,0.5392121778395029,4175.127324651459,0.3224066377278312,0.5172918774041491,mid_DH
1543,1920,6752,10246,0.5942464665539064,2968.6586040904544,0.13697245455499288,0.726535081421645,low_DH
1543,2055,6752,10878,0.5476677009345426,593.8469102151369,0.22219677935939341,0.9088870335227099,mid_DH
1544,1913,6758,10175,0.7654974947377582,4822.797571507434,0.3248441349889778,0.87006859362803,mid_DH
1544,2055,6758,10878,0.48697943862225446,453.1489267310533,0.24362235749240127,0.6121725535954841,mid_DH
1545,1547,6769,6798,0.6664109216312639,324.3304101736795,0.2614962697711142,0.38398039707496795,mid_DH
1545,1552,6769,6850,0.6769534871402422,946.3881576734543,0.12950184624408403,0.3188421153246791,low_DH
1545,1554,6769,6871,0.4485766678848829,1096.3895185529411,0.4521920884740556,0.2506556713439171,high_DH
1545,1985,6769,10480,0.6105685844801247,4702.686446313572,0.2787122509864606,0.11932230778076192,mid_DH
1545,1993,6769,10502,0.5362666706651932,4257.701228870073,0.37828393021227913,0.4311242545925781,mid_DH
1545,1994,6769,10504,0.5457672355244723,4085.681882613007,0.7366601049727477,0.27141659112051,high_DH
1546,1560,6781,6963,0.5780844786491441,1371.5176144579843,0.38868368039313456,0.472552394637907,mid_DH
1547,1993,6798,10502,0.6878526348687942,4578.050748613286,0.15205352982885179,0.815104651667546,low_DH
1548,2019,6818,10589,0.6281334464584982,2287.4493210805613,0.2392491791612388,0.5495746667086759,mid_DH
1548,2023,6818,10593,0.5782115820253342,2220.9222464975187,0.1953693269550997,0.9166724769559149,mid_DH
1549,2019,6821,10589,0.42940727563827885,2411.6812839622157,0.11573913898788467,0.6072991526377051,low_DH
1549,2023,6821,10593,0.3925371631515748,2354.603777047393,0.11111104449274632,0.2402013423904661,low_DH
1551,1888,6845,10109,0.6704536680234626,6638.637240250174,0.3142587317351842,0.434134887591017,mid_DH
1552,1554,6850,6871,0.5831192705434619,424.63826359809747,0.333839046681406,0.06818644398076201,mid_DH
1552,2008,6850,10531,0.5369814928758612,5511.658626553676,0.33824258499572435,0.765496895259382,mid_DH
1552,2009,6850,10536,0.45494997122309344,5386.067242255474,0.5712072115516991,0.73257083780748,high_DH
1552,2011,6850,10542,0.5572006520342123,5229.915229706612,0.36826390383115876,0.804681076556205,mid_DH
1552,2014,6850,10548,0.6991106321032976,4842.041047131794,0.3288552533432085,0.5479445678940651,mid_DH
1553,1554,6852,6871,0.6221123555954183,355.81948396849674,0.150130349049753,0.11229181952731104,low_DH
1553,1914,6852,10177,0.5177370510337217,4161.756655650675,0.2858666295177714,0.050640405000949906,mid_DH
1554,1994,6871,10504,0.4662069028199579,5149.003705563931,0.3043782779462999,0.5220722624644271,mid_DH
1555,1556,6904,6910,0.29369500262477743,273.0717137215306,0.17461202056341069,0.47843336605688097,low_DH
1557,1563,6919,7133,0.2229503262405957,945.9982977906885,0.28129607795946715,0.19773096929636202,mid_DH
1557,2054,6919,10771,0.3107321746880047,754.9126206835648,0.4300361034941904,0.134322681988425,high_DH
1558,1562,6920,7113,0.37757712154504086,999.7433603804722,0.4760324971134036,0.397413409954538,high_DH
1558,1563,6920,7133,0.21261259417816164,901.3311145508304,0.2610577161053467,0.496599634770441,mid_DH
1558,1565,6920,7143,0.37921347142080447,813.8831869712744,0.530210389578894,0.828827895956229,high_DH
1558,2054,6920,10771,0.3011664532782761,708.6530472314997,0.1356842115848139,0.16454598348565397,low_DH
1559,1924,6962,10270,0.6558063730268776,422.90621612837293,0.3053207475195327,0.011887871219327995,mid_DH
1561,1587,7063,7773,0.335890636300723,569.1286126435466,0.30365559729676656,0.09337808483118104,mid_DH
1561,1590,7063,7795,0.295644351975826,794.2574135502559,0.21519038216587774,0.139533464103629,mid_DH
1561,1607,7063,7958,0.26568038124633253,382.8015699227851,0.2844402560676889,0.14003632454763,mid_DH
1561,1608,7063,7971,0.18045766075640537,290.2656874643237,0.11051794351040538,0.23792400692491297,low_DH
1561,1609,7063,7972,0.19394901807751896,326.36972427989355,0.2660377420953211,0.024947662527258996,mid_DH
1562,1564,7113,7136,0.3337224177480585,269.40567017779335,0.1197249520395339,0.07226884343037698,low_DH
1562,1565,7113,7143,0.058078106225901656,250.16830366661253,0.11860228322081028,0.43141448600169097,low_DH
1562,1642,7113,8620,0.40168183366297916,2702.8136910406197,0.1795802542389852,0.221781630952942,low_DH
1563,1565,7133,7143,0.304318127471106,324.71337455083716,0.7340953900064331,0.33222826118578797,high_DH
1563,2054,7133,10771,0.3273564631871965,295.7266616193651,0.3305764436123938,0.33205365128478703,mid_DH
1564,1642,7136,8620,0.2775177793726046,2931.6305871760164,0.2809534324558633,0.14951278752256503,mid_DH
1564,2015,7136,10555,0.4816372419773649,2355.1304952341775,0.7131009902535737,0.537649898259585,high_DH
1565,1642,7143,8620,0.3980138266878911,2949.6650938836315,0.1449673556157647,0.653196116954633,low_DH
1566,1569,7230,7327,0.31935742970734254,788.2616200836601,0.152056143550483,0.320228805779869,low_DH
1566,1583,7230,7724,0.3792989209408554,678.2523673881068,0.404331217807004,0.135407202742175,high_DH
1566,1590,7230,7795,0.1981629364368227,1101.4763342233427,0.14046191589568308,0.209543803278621,low_DH
1567,1568,7294,7309,0.32891948042363217,262.98610669161405,0.08679747053630778,0.474771251839407,low_DH
1567,1576,7294,7468,0.2680337802300847,1179.5804083496703,0.07483084915656875,0.08028668441437997,low_DH
1567,1580,7294,7668,0.27874897921771724,2007.641533078479,0.37689109973758034,0.10638584722170297,mid_DH
1567,1582,7294,7680,0.285656504148606,1923.9493806824112,0.4092265557255032,0.37849186614657204,high_DH
1567,1586,7294,7763,0.2381301584540454,1254.9443947826442,0.51609889358826,0.14457131721572097,high_DH
1567,1592,7294,7805,0.2782249927698022,1483.0706333449175,0.5691930243612235,0.063194261147413,high_DH
1567,2058,7294,11001,0.15964677711337194,451.6197437724867,0.39254807505582745,0.09799288016782198,high_DH
1568,1576,7309,7468,0.4130997344429766,1001.2437062024665,0.0784935621368768,0.394484567425027,low_DH
1568,1578,7309,7488,0.28703960743566975,375.77417863275673,0.31154647837461313,0.269357279295039,mid_DH
1568,2056,7309,10933,0.4294196478105341,968.6825781604182,0.3786150026869126,0.388098587142978,mid_DH
1568,2058,7309,11001,0.33527714394110947,410.3492939463807,0.4269092753947777,0.572764132007229,high_DH
1569,1575,7327,7380,0.3930442618128225,2143.102951437112,0.23279694055407418,1.2413230318369979,mid_DH
1569,1588,7327,7774,0.3246894027431768,1240.0127169460934,0.16410302726167855,0.129843951468795,low_DH
1569,1591,7327,7800,0.2601150584906864,1610.8712434150143,0.2848170327871018,0.19578583229588,mid_DH
1570,1573,7335,7360,0.4682847169675749,1241.9669274249916,0.08555806818562801,0.10685321080731902,low_DH
1570,1577,7335,7470,0.3990963161885672,1249.1704367760879,0.04771969331972944,0.19203986780758597,low_DH
1570,1579,7335,7493,0.25460771155498,859.9710803546095,0.18974586178185524,0.127022987296472,low_DH
1573,1574,7360,7363,0.5015470816455301,1125.7659399162596,0.7918509652420808,0.450931836821732,high_DH
1573,1575,7360,7380,0.45127131022706396,907.8724989092441,0.304740298400387,1.888475998240685,mid_DH
1573,1579,7360,7493,0.3629178552505369,383.7023226028656,0.11103413495387966,0.02016977648915297,low_DH
1574,1577,7363,7470,0.5738364600548685,1277.0955629472965,0.7081948462790104,0.152038758206827,high_DH
1574,1992,7363,10497,0.4075675509694151,3050.4129110190597,0.5270931369469933,0.619201732204912,high_DH
1575,1576,7380,7468,0.23173821486688986,869.2688065973383,0.11867162231470646,1.3235346090581839,low_DH
1575,1691,7380,8925,0.45837441437166543,3591.52760370237,0.4281406306380328,1.4668727716942018,high_DH
1575,1692,7380,8928,0.4444769634129426,3467.4205206439415,0.17944397299111245,2.306307400591821,low_DH
1575,2058,7380,11001,0.37048028964251367,1637.2526284710152,0.3534233862753871,1.5018141736403858,mid_DH
1576,1691,7468,8925,0.5002994120052839,4431.009172555826,0.5277432168064892,0.143338162636018,high_DH
1576,2056,7468,10933,0.40417750956155735,678.0091936312969,0.3011885039152092,0.006385980282049009,mid_DH
1576,2058,7468,11001,0.20385655846412426,776.5908211664653,0.4582420530922917,0.17827956458220195,high_DH
1577,1579,7470,7493,0.20944295478711406,404.92875306098426,0.19449736843760607,0.31906285510405796,mid_DH
1578,2056,7488,10933,0.46257187394943927,715.7645768816594,0.5540766212203574,0.11874130784793901,high_DH
1578,2057,7488,10978,0.39741402685055705,250.62669420632454,0.4918216678909754,0.045783832289398,high_DH
1580,1582,7668,7680,0.24152315375824907,534.2912665104726,0.03291157666364676,0.2721060189248691,low_DH
1580,1586,7668,7763,0.18680075938880825,827.158325192196,0.14045585337657449,0.25095716443742394,low_DH
1580,1592,7668,7805,0.16007813144399094,531.9046763002088,0.19418008140430046,0.04319158607428997,mid_DH
1580,1596,7668,7825,0.24525926804782625,674.0063809723036,0.14524791087116423,0.11671644011765198,low_DH
1582,1586,7680,7763,0.2927825587470946,1005.2003119556188,0.10778673699236584,0.523063183362293,low_DH
1582,1592,7680,7805,0.24981903414558343,697.6803577723147,0.16202263178316056,0.31529760499915904,low_DH
1582,2058,7680,11001,0.3330456047776873,2087.6987361971014,0.03144767694138163,0.28049898597875006,low_DH
1583,1593,7724,7813,0.25073592229337843,906.9952587518895,0.5387283394768889,0.007470684035436992,high_DH
1583,2057,7724,10978,0.35082810117798763,1616.430558025576,0.2535520737114433,0.27352114623589396,mid_DH
1583,2059,7724,11207,0.32113792236329775,480.0318550350665,0.2990943013511964,0.138586677018797,mid_DH
1583,2060,7724,11221,0.293363188785451,637.5618906413844,0.17985842580759792,0.007790434062744989,low_DH
1584,2059,7725,11207,0.3278390976378304,486.0510694193927,0.3147570883614634,0.20069158937234605,mid_DH
1584,2060,7725,11221,0.3336553796370323,643.3161426634583,0.4869386941216791,0.06989534641629402,high_DH
1585,1608,7762,7971,0.3504228204010195,572.5373251756242,0.08964351230548348,0.25774516644926204,low_DH
1586,1588,7763,7774,0.3010039164736386,203.8744377133569,0.09837989529869488,0.11191700704894997,low_DH
1586,1591,7763,7800,0.22343825850368584,389.84448606021874,0.065604102027474,0.177858887876035,low_DH
1586,1592,7763,7805,0.20260012728757948,321.10140510329626,0.05694925989441969,0.20776557836313397,low_DH
1587,1608,7773,7971,0.22814569286643505,605.1382228486074,0.20369332530522555,0.33130209175609404,mid_DH
1587,1609,7773,7972,0.3110288793792916,728.2606612069413,0.039441019762108204,0.11832574735844004,low_DH
1588,1591,7774,7800,0.18988867882894173,407.9919860264171,0.12156568313291052,0.06594188082708502,low_DH
1588,1598,7774,7843,0.30165430029415125,1113.6504391644905,0.34873423827834965,0.05831758251511798,mid_DH
1588,1618,7774,8153,0.3136932613227293,1253.993283867096,0.139433548181613,0.03585022954781203,low_DH
1589,1614,7784,7997,0.2381839907865328,442.1384513463532,0.268419311700617,0.050235580907810995,mid_DH
1590,1607,7795,7958,0.19698237767545276,416.53041927341184,0.08887726626491126,0.0005028604440009965,low_DH
1590,1611,7795,7989,0.26432919821729295,585.9958413774766,0.10277570425872193,0.005849688071003001,low_DH
1591,1604,7800,7931,0.21764037780644685,604.286412410448,0.08507271488446418,0.17872429033583298,low_DH
1592,1605,7805,7954,0.23443034896082776,805.8145573925221,0.3915989925136942,0.164656450120174,high_DH
1593,1640,7813,8563,0.2992067701049297,1322.298258452297,0.15655834826759962,0.278891302820164,low_DH
1593,2059,7813,11207,0.36073582890313943,604.1341440905534,0.24052575574017665,0.13111599298336002,mid_DH
1593,2060,7813,11221,0.3057581787611233,580.2998467045485,0.40519959453596016,0.00031975002730799673,high_DH
1594,1601,7814,7877,0.28683877584748513,393.07304676487587,0.1622349631507448,0.09878765175307497,low_DH
1594,1613,7814,7993,0.40270007542078007,640.1877139088698,0.3450870040899901,0.079627475447613,mid_DH
1594,1638,7814,8558,0.3163718824766639,1232.5248161278237,0.28049755644537566,0.07129124226275901,mid_DH
1594,2061,7814,11249,0.19985119388860725,260.7721895406875,0.07966287554575564,0.157749818597691,low_DH
1594,2062,7814,11289,0.2036679688374291,239.20631961943667,0.16092631378010497,0.228082310220458,low_DH
1594,2064,7814,11300,0.26938598873092334,551.0170039525418,0.03716147340202122,0.220854575899831,low_DH
1595,1601,7815,7877,0.3073309830237151,434.54917642612565,0.0735202139531256,0.427123594869284,low_DH
1595,1613,7815,7993,0.3824646667227537,707.3161023300978,0.2526318524480026,0.407963418563822,mid_DH
1595,1638,7815,8558,0.3440030841007045,1207.9004855703663,0.1828307979429736,0.25704470085345,low_DH
1595,2057,7815,10978,0.43589038325502716,2388.508960633692,0.6282632459535682,0.04400295431818299,high_DH
1595,2062,7815,11289,0.30853323940316846,297.04395651892025,0.21244814468457326,0.10025363289575101,mid_DH
1595,2064,7815,11300,0.21977753506341977,618.2617498267069,0.07381781283623892,0.107481367216378,low_DH
1596,1599,7825,7847,0.15863307629706017,332.6236291353141,0.07434111380401723,0.17378242671020197,low_DH
1596,1600,7825,7874,0.2435044307582518,219.80332233737514,0.04600065081797465,0.037702221522477986,low_DH
1596,1605,7825,7954,0.20968851185071913,583.3318909627384,0.3487068174157127,0.09113159607681198,mid_DH
1596,1617,7825,8130,0.22587766038348012,534.3711626385739,0.09733507100973389,0.12926790769692798,low_DH
1596,1656,7825,8686,0.20089679118498852,1195.2203127500272,0.10212717189912864,0.13570900947743397,low_DH
1596,1659,7825,8695,0.22515892809435215,1207.199403029337,0.18896475229856924,0.009762384346392039,low_DH
1596,2063,7825,11292,0.1812655509723843,521.6042017415364,0.30060701122491146,0.036999111744067004,mid_DH
1597,1602,7834,7879,0.21472241113448365,296.39903037845886,0.11320582354486812,0.46947341668062603,low_DH
1597,1604,7834,7931,0.21231430843967722,222.61655507973666,0.044149249242741224,0.059718063233483054,low_DH
1597,1605,7834,7954,0.24226338735353822,669.7297720843586,0.2628629002898091,0.37319211320239104,mid_DH
1597,1610,7834,7984,0.2444380378119937,772.4408153889626,0.1575577490393345,0.17439554626708298,low_DH
1597,1630,7834,8506,0.21437991741399703,693.6584896621758,0.40583835109283406,0.027103055778568974,high_DH
1597,1650,7834,8670,0.21745593031151358,1210.441748244969,0.2524829272672001,0.5877593093797661,mid_DH
1597,1653,7834,8682,0.186625965894129,1094.0059989211288,0.14801718226517072,0.43350580675296,low_DH
1598,1618,7843,8153,0.15505211315675965,203.1804392964291,0.473187457469326,0.09416781206293001,high_DH
1598,1625,7843,8358,0.23645292742416485,262.9275528195201,0.4261147235933494,0.016962998659874995,high_DH
1598,1628,7843,8465,0.2141681362631065,493.9514083030851,0.41535616709171086,0.072379333908074,high_DH
1599,1605,7847,7954,0.23328399862053836,749.6511709984427,0.3638104390534227,0.08265083063338999,mid_DH
1599,1616,7847,8047,0.20104066535887666,858.8693221835882,0.09480866289433536,0.146380569563235,low_DH
1599,1617,7847,8130,0.23803310389539326,361.8966842982653,0.08639607899832266,0.044514519013273995,low_DH
1599,2054,7847,10771,0.283445746974868,2127.209870008736,0.49792660470823474,0.254570664979054,high_DH
1599,2061,7847,11249,0.2574030112734021,304.2281177367131,0.1723895803215761,0.05949838497272,low_DH
1599,2062,7847,11289,0.2766994934531554,616.5221713003309,0.3380981885649224,0.010834106650046998,mid_DH
1599,2063,7847,11292,0.1662285052916926,649.6293950228938,0.3154702687039252,0.13678331496613497,mid_DH
1600,1605,7874,7954,0.14237622659734053,594.0111178274615,0.3641301365020892,0.053429374554334,mid_DH
1600,1650,7874,8670,0.19277019145613944,1286.398917391344,0.16570743879185143,0.267996570731709,low_DH
1600,1656,7874,8686,0.19897290300581563,1174.7717744447314,0.07972604921471681,0.17341123099991196,low_DH
1600,2061,7874,11249,0.2175780830594066,249.539824052127,0.15845657836039764,0.07658182021500398,low_DH
1600,2062,7874,11289,0.19410781984955316,456.97703751730023,0.3395836747552883,0.14691431183777098,mid_DH
1600,2063,7874,11292,0.2273169512238993,499.00664301979504,0.31532003513352014,0.0007031097784109819,mid_DH
1601,1629,7877,8487,0.26281799424209007,747.9210424108607,0.07758239572390371,0.211948418787971,low_DH
1601,1638,7877,8558,0.349026485918943,1071.4771500318766,0.12665185845399088,0.17007889401583398,low_DH
1601,2064,7877,11300,0.23879879188460815,461.15127232069096,0.13575491931782752,0.31964222765290595,low_DH
1602,1605,7879,7954,0.21253222998878515,477.78323525460866,0.37184264987422566,0.09628130347823499,mid_DH
1602,1610,7879,7984,0.24014352545252704,480.2412263383904,0.058184183416377766,0.643868962947709,low_DH
1602,1612,7879,7992,0.1940524138391587,424.3811088008406,0.096683916510477,0.334117963219438,low_DH
1602,1653,7879,8682,0.2028381252273776,1303.783820579664,0.10755736886474715,0.03596760992766598,low_DH
1603,1625,7930,8358,0.24270061065562518,477.13380229949667,0.04289411769440992,0.329715642404763,low_DH
1603,1626,7930,8424,0.20029023611105085,590.4088479889045,0.02534734273491784,0.296880743003989,low_DH
1603,1657,7930,8687,0.18001809371608055,1304.3146211577266,0.10991422727930264,0.275423061988211,low_DH
1603,1658,7930,8688,0.16648439036498183,1266.9603984850594,0.1717254441484063,0.207863438351156,low_DH
1603,1660,7930,8699,0.16729518028993712,1358.788709581605,0.09621629452297564,0.325931923426995,low_DH
1603,1661,7930,8700,0.21202937712935335,1402.1541367792404,0.12748429409437217,0.21345574351032998,low_DH
1603,1663,7930,8704,0.17642314823262112,1380.46703849844,0.09776480015227196,0.16306922157286896,low_DH
1604,1637,7931,8544,0.21791331809825085,1209.104651945834,0.052756241830188046,0.14221635202475996,low_DH
1604,1654,7931,8683,0.22325290853269367,1298.3250793767302,0.11360819781086895,0.649195420876676,low_DH
1604,1657,7931,8687,0.19424810338853182,1320.3243255287812,0.11108228834684475,0.265654171921359,low_DH
1605,1610,7954,7984,0.22424392222359674,403.3109120883769,0.41160603049923083,0.547587659469474,high_DH
1605,1612,7954,7992,0.2170748319467149,339.8147283055453,0.28201391853153085,0.237836659741203,mid_DH
1605,1654,7954,8683,0.22943863862460187,1760.6101612681473,0.20777689175238379,0.335721370907768,mid_DH
1605,1656,7954,8686,0.21780143224769724,1757.98650575779,0.31698239932630135,0.22684060555424596,mid_DH
1606,1614,7956,7997,0.17983922406638705,249.787362930943,0.17224065296931929,0.057879503249950004,low_DH
1607,1611,7958,7989,0.26927459274937005,474.47765929883815,0.050257318782422025,0.005346827627002004,low_DH
1607,1614,7958,7997,0.1872387436316497,368.83806327072574,0.19762568440341186,0.146822468165681,mid_DH
1607,1655,7958,8685,0.2269362462027291,1862.7156111799761,0.2773042581200666,0.0003557135317159843,mid_DH
1610,1630,7984,8506,0.23287250882503258,1375.2383785099828,0.5541082329829237,0.147292490488514,high_DH
1610,1650,7984,8670,0.21891630307002918,1853.5040309594308,0.09705876700094938,0.762154855646849,low_DH
1610,1654,7984,8683,0.19674242630997962,1741.3065391219602,0.21126709744532232,0.8833090303772421,mid_DH
1610,1656,7984,8686,0.2108929241477527,1749.2017993362413,0.0961128773582968,0.32074705391522806,low_DH
1611,1652,7989,8676,0.28399178472471426,1692.3935710291619,0.16660102762099302,0.0006874892426850243,low_DH
1611,1653,7989,8682,0.2728356526465964,1668.503028279296,0.37765391103538876,0.104112935318009,mid_DH
1611,1655,7989,8685,0.23779153667885589,1703.1113278967077,0.3040035984420238,0.005702541158717989,mid_DH
1612,1630,7992,8506,0.21971267592166738,1331.3652895628175,0.42409227044086956,0.16245850923975702,high_DH
1612,1639,7992,8561,0.18250560852699746,1590.8853057952037,0.3559800414805852,0.23859804302472898,mid_DH
1612,1654,7992,8683,0.19611166166458413,1704.5925894548798,0.08375086781655713,0.573558030648971,low_DH
1612,1656,7992,8686,0.2205937715266882,1710.8363320038547,0.040319350046146785,0.010996054186957038,low_DH
1613,1640,7993,8563,0.3921203404566228,1664.1787878038951,0.24608186050542694,0.376801304865346,mid_DH
1613,2059,7993,11207,0.41764776116792623,765.2026428743376,0.33027249419041166,0.22902599502854204,mid_DH
1613,2060,7993,11221,0.3919149256988041,619.9319090406235,0.4940601953357103,0.09822975207249002,high_DH
1614,1655,7997,8685,0.2635617235066138,1634.059476284443,0.46549905527978486,0.14646675463396502,high_DH
1615,1644,8037,8657,0.24315698294364335,1888.8136607824915,0.23130556059114363,0.681122261716295,mid_DH
1615,1645,8037,8658,0.260896123377255,1889.124108040325,0.21518076451828066,0.35482870400817695,mid_DH
1615,1652,8037,8676,0.2737675191808989,1730.0981585547208,0.047448999162971246,0.38999620910427896,low_DH
1616,1627,8047,8450,0.34252647579654466,1303.7283712747249,0.25068294119447776,0.17172227465400403,mid_DH
1616,1629,8047,8487,0.3381718398345956,1411.6042698457668,0.0895601590923755,0.04229313302772003,low_DH
1616,2054,8047,10771,0.23982144807241293,1335.2602914179042,0.4235208632993651,0.10819009541581898,high_DH
1616,2063,8047,11292,0.1747953575716112,408.80071657860015,0.23782724976022457,0.009597254597100036,mid_DH
1617,1646,8130,8659,0.19201669593603193,1511.202536279318,0.07212868990545661,0.002683494118426999,low_DH
1617,1649,8130,8665,0.2039335328876754,1495.8998991780256,0.1295136570093147,0.10673883323966799,low_DH
1617,1656,8130,8686,0.24603023312544242,1362.6758027975852,0.14220415208904635,0.26497691717436195,low_DH
1617,1658,8130,8688,0.2217373060215923,1367.7233490215501,0.304484831488645,0.15351581330471997,mid_DH
1617,2054,8130,10771,0.17985508302308797,1855.9903628545646,0.5718792328806309,0.21005614596577998,high_DH
1617,2063,8130,11292,0.2197285678893005,485.39975866483366,0.38954576181522516,0.09226879595286097,mid_DH
1618,1625,8153,8358,0.24036145889519975,235.14347720094648,0.05072730611646009,0.111130810722805,low_DH
1618,1628,8153,8465,0.1637401758091099,507.7477997235259,0.08839334745546924,0.166547145971004,low_DH
1619,1621,8165,8277,0.3835215743859453,391.6213266286287,0.12544315523753866,0.325116139690681,low_DH
1619,1622,8165,8285,0.1185626566536373,359.5202247948099,0.11392865377313209,0.572722521868842,low_DH
1619,1627,8165,8450,0.2513315747553505,494.24971543008473,0.21636508998605297,0.351522799867861,mid_DH
1621,1624,8277,8341,0.41200726566009466,260.09593172166086,0.12818133568835208,0.08827101716382701,low_DH
1622,1624,8285,8341,0.2204976601072076,229.96980274372984,0.08884410133865309,0.335877399341988,low_DH
1622,1627,8285,8450,0.2708051907082953,496.0638551604075,0.28159572530643157,0.22119972200098098,mid_DH
1625,1628,8358,8465,0.23897883855630875,272.70256210731776,0.05519073006443748,0.055416335248199,low_DH
1625,2065,8358,11436,0.3126319837204757,317.17388827715126,0.11289215477617498,0.296088712698555,low_DH
1626,1632,8424,8518,0.1467712543164796,393.341905187389,0.1784053970995024,0.24280718999405498,low_DH
1626,1657,8424,8687,0.2395874872548879,771.1808962714475,0.1182306411050662,0.021457681015777996,low_DH
1626,1660,8424,8699,0.1979635540766845,812.2926539628329,0.10886770606948788,0.02905118042300603,low_DH
1626,1663,8424,8704,0.22373658023772397,826.7252421340679,0.08415332672482508,0.13381152143112002,low_DH
1626,1664,8424,8708,0.24091810610050324,749.3015863417835,0.10466491862695587,0.044431537803031995,low_DH
1629,1638,8487,8558,0.2867733652278528,334.4567270109789,0.06310111392770988,0.04186952477213701,low_DH
1629,2061,8487,11249,0.30853198697802,697.7573067716653,0.16040735602144618,0.04458905156279497,low_DH
1629,2062,8487,11289,0.3070291010599315,1145.7015788314213,0.318293646107417,0.11492154318556197,mid_DH
1629,2064,8487,11300,0.31981171690403815,1204.3816121586935,0.19343332834917273,0.10769380886493499,low_DH
1629,2067,8487,11500,0.31739204366583046,1011.2999664799567,0.18610673585577964,0.18743454161507397,low_DH
1630,1641,8506,8566,0.21268202041568035,374.7137449552135,0.5332753944551087,0.630394675162479,high_DH
1630,1650,8506,8670,0.13249767325378525,517.8100168971113,0.6454456168709592,0.614862365158335,high_DH
1630,1654,8506,8683,0.1787097818489251,409.7926842214911,0.346778495264237,0.7360165398887281,mid_DH
1630,1656,8506,8686,0.18825969021032604,401.0741602499898,0.4592732619830041,0.17345456342671406,high_DH
1630,1662,8506,8703,0.22712367356242627,532.6769990950501,0.6051170532787167,0.38014828207004603,high_DH
1631,1639,8507,8561,0.1382551251696195,350.84875648325266,0.18183164365696522,0.107149472643635,low_DH
1631,1643,8507,8651,0.17375148472133234,772.0963796520641,0.5551056360132645,0.231726458666068,high_DH
1631,1646,8507,8659,0.14586435232272355,612.4205757082052,0.6618111787202662,0.141840906861798,high_DH
1631,1649,8507,8665,0.15707963795070298,559.281324590846,0.6336987058726307,0.037785567740557024,high_DH
1631,1658,8507,8688,0.1330877836986106,419.3343723294377,0.37650598964669746,0.008991412324494963,mid_DH
1631,1660,8507,8699,0.13369007656350196,512.4300220457894,0.45741816259184886,0.10907707275134404,high_DH
1631,1661,8507,8700,0.11285631431272154,555.3562269376569,0.42368309872331666,0.0033991071653209914,high_DH
1631,1662,8507,8703,0.14856950484818945,566.6338961287926,0.7174881382599471,0.08624120244919503,high_DH
1631,1663,8507,8704,0.1298101118546514,536.5648281920619,0.5342597558995854,0.05378562910278201,high_DH
1632,1642,8518,8620,0.3013268208049972,567.5854414507874,0.2984913911941463,0.08616375716421998,mid_DH
1632,1648,8518,8663,0.2979257013928947,628.861950099376,0.06859358051411475,0.393224166508644,low_DH
1634,1637,8528,8544,0.2115627500077281,392.7886505676765,0.39601769400895404,0.03068306771020196,high_DH
1634,1644,8528,8657,0.11964311085916972,705.1201265945456,0.4925928865760091,0.448580087256241,high_DH
1634,1645,8528,8658,0.12110041913511245,692.0523227481586,0.47179829766499715,0.12228652954812297,high_DH
1634,1652,8528,8676,0.18764828825509078,512.6964989856806,0.2191727493439492,0.15745403464422497,mid_DH
1635,1639,8533,8561,0.10237788929675826,333.7016790686564,0.04982611605538233,0.18134281955655096,low_DH
1635,1651,8533,8671,0.13903605421749043,567.2800509406699,0.37489906094146874,0.22815437628173496,mid_DH
1635,1657,8533,8687,0.17372735754166818,429.542565424551,0.24423247338738113,0.13276155822547597,mid_DH
1635,1660,8533,8699,0.16732352949366927,483.6243638665233,0.25480979386386965,0.18327041966426,mid_DH
1635,1661,8533,8700,0.17062034076537866,526.8040628776539,0.22061918772458095,0.07079423974759497,mid_DH
1635,1662,8533,8703,0.11820437182815818,536.8143931117918,0.5107451276511054,0.160434549362111,high_DH
1635,1663,8533,8704,0.1579428688457517,506.94264501668107,0.3302259490912496,0.020407717810133952,mid_DH
1635,2066,8533,11499,0.17412140737904197,946.8588732595219,0.021965833697070673,0.173564733465775,low_DH
1636,1637,8534,8544,0.1508670809965564,395.9377565556824,0.21867324651490624,0.006637607614936036,mid_DH
1636,1645,8534,8658,0.19876652293475547,695.0790279982587,0.2797733279857534,0.08496585422298497,mid_DH
1636,1651,8534,8671,0.13348948983242578,629.6208416019214,0.20681851171102641,0.21219303033792197,mid_DH
1636,1652,8534,8676,0.18210644732782347,517.2628918051248,0.06703535588115092,0.12013335931908697,low_DH
1636,1662,8534,8703,0.17593124345353617,579.1437044533569,0.35338976660878785,0.144473203418298,mid_DH
1636,1664,8534,8708,0.19533543792442531,504.55590288387106,0.26797250921665705,0.09382635549440899,mid_DH
1637,1644,8544,8657,0.2191697323928421,315.133584411642,0.10576576305829208,0.41789701954603903,low_DH
1637,1645,8544,8658,0.19131603363383456,300.05663489901127,0.09103535060824341,0.09160346183792101,low_DH
1638,2064,8558,11300,0.3114503874633704,1531.4257723707628,0.25056495391448047,0.149563333637072,mid_DH
1639,1651,8561,8671,0.16174581250152215,266.55766056688657,0.4062986164001849,0.046811556725184,high_DH
1639,1657,8561,8687,0.19398681405392668,200.42801704200625,0.27273764650120386,0.04858126133107499,mid_DH
1639,1661,8561,8700,0.17863781496150868,303.25869101110777,0.24866999125919753,0.110548579808956,mid_DH
1639,1662,8561,8703,0.1349317707618314,343.31873749296864,0.5372043650906246,0.02090827019443997,high_DH
1639,1663,8561,8704,0.19275230891419928,314.09990274580235,0.3529243600764971,0.160935101746417,mid_DH
1640,1650,8563,8670,0.24797307715674727,212.95840028611724,0.26671494330527606,0.051990739696663,mid_DH
1643,1646,8651,8659,0.19803914258896693,439.25316613096516,0.10789134555764698,0.08988555180426999,low_DH
1643,1647,8651,8660,0.17671325277341127,394.4834485943837,0.12046008889243907,0.25570464535505,low_DH
1643,1649,8651,8665,0.16493177179173987,348.82944790507435,0.08852555874406419,0.19394089092551098,low_DH
1643,1659,8651,8695,0.15949486684510975,277.6846677164489,0.15836876895625446,0.226232349729163,low_DH
1643,1661,8651,8700,0.2204220204387409,288.76249641222984,0.13975849221935488,0.235125565831389,low_DH
1643,1662,8651,8703,0.22389321542079824,243.24963853912575,0.16767075012222873,0.14548525621687297,low_DH
1643,2066,8651,11499,0.2020523135885517,269.3715068409371,0.35215315201429725,0.13235507211320896,mid_DH
1646,1658,8659,8688,0.13168909863979225,224.66926244759395,0.2887562349170965,0.15083231918629297,mid_DH
1646,1659,8659,8695,0.2294679244321211,347.7012361649984,0.08648987609129527,0.13634679792489302,low_DH
1646,1660,8659,8699,0.20403025375998954,209.73119554000107,0.2121403123044236,0.03276383411045397,mid_DH
1646,1663,8659,8704,0.1849320550177949,235.53614149495473,0.15136039283902356,0.19562653596458002,low_DH
1647,2065,8660,11436,0.2578687331949915,759.4203600033736,0.189830836812309,0.432927691116649,low_DH
1647,2068,8660,11525,0.2665018570634905,387.61303830314495,0.20565287698331572,0.256122705324051,mid_DH
1648,2066,8663,11499,0.22628794060503385,419.62249159776945,0.16397707762494992,0.131071482290068,low_DH
1648,2068,8663,11525,0.2538180647762023,377.56963474270674,0.11654866143131691,0.0017016497921419904,low_DH
1649,1659,8665,8695,0.20045935978820056,230.05800516271006,0.0719941177803037,0.03229145880365203,low_DH
1649,2065,8665,11436,0.2799369866709965,720.0361895104501,0.1404309523957683,0.37116393668711,low_DH
1651,1662,8671,8703,0.171339780682776,205.15047426359797,0.15727105446157838,0.06771982691962397,low_DH
1651,1664,8671,8708,0.23015105234945604,365.80770063327424,0.06931080148134078,0.11836667484351299,low_DH
1651,2066,8671,11499,0.17254970621274682,466.857757586152,0.38085825160259706,0.05458964281595996,mid_DH
1652,1664,8676,8708,0.24331004335955475,364.77893331015935,0.23634742009577353,0.026307003824677988,mid_DH
1654,1659,8683,8695,0.21591057739921887,292.38722381828086,0.2511152536649877,0.436615351330972,mid_DH
1654,1662,8683,8703,0.1816909445631215,246.26410096214056,0.26185769292161876,0.355868257818682,mid_DH
1654,1663,8683,8704,0.21862773608104308,220.60537175306968,0.10039195360827241,0.495895089370659,low_DH
1656,1659,8686,8695,0.19844814874686748,247.33341174728622,0.14360776481870746,0.12594662513104193,low_DH
1656,2063,8686,11292,0.24257277388162812,1671.5100631215485,0.27048881450279394,0.17270812122150098,mid_DH
1657,1664,8687,8708,0.20635820100567254,241.08867207110558,0.20423243715001577,0.022973856787254,mid_DH
1659,2065,8695,11436,0.21938033968495085,685.3637043010992,0.2097008559210819,0.40345539549076204,mid_DH
1659,2067,8695,11500,0.19972925763051932,390.1983690905199,0.3108715425898616,0.26689191613615304,mid_DH
1660,2066,8699,11499,0.221759138324871,466.9762453331353,0.2643049200873648,0.009705686198484997,mid_DH
1662,2066,8703,11499,0.20878848286438043,410.0526253799264,0.5139121538329725,0.013130184103664011,high_DH
1665,1670,8796,8820,0.7567956534030266,988.7958389736583,0.30969687453700667,0.29668059103101097,mid_DH
1665,1744,8796,9315,0.7663598130119198,1475.1277786964263,0.042219724811985576,0.323434892277192,low_DH
1667,1747,8806,9356,0.44370012653925384,2557.7618462161786,0.24951461224368834,0.016694599058145992,mid_DH
1667,1748,8806,9400,0.3694991881808836,3311.791268019041,0.7194333800046315,0.17686447476816397,high_DH
1667,1749,8806,9401,0.36521092804067845,3300.3663567031304,0.20282041197812442,0.135094108283127,mid_DH
1667,1752,8806,9629,0.4345005712177877,3384.8052554623937,0.13858229761553606,0.04943853826171701,low_DH
1668,1748,8807,9400,0.4312817928734314,3302.0457935078443,0.7105864228288301,0.3045607958070671,high_DH
1668,1749,8807,9401,0.3775667669418226,3290.7335357796205,0.2013840988652334,0.6165193788583581,mid_DH
1670,1713,8820,9166,0.6252506966542029,1091.7005163072765,0.22381504842025898,0.010654041686617988,mid_DH
1670,1743,8820,9282,0.6397793776566816,1798.510868417925,0.8141514654962606,0.06750523137279596,high_DH
1672,1677,8890,8907,0.2959117195234241,400.47169989173614,0.23021559702014233,0.7174110201463331,mid_DH
1672,1679,8890,8909,0.2535762882223002,276.60597654973435,0.16912311552977768,0.658581241003636,low_DH
1673,1703,8892,9024,0.35040817511990113,617.0634760657485,0.7317847595512339,0.297611577400482,high_DH
1674,1676,8893,8900,0.3544261272380735,269.809935618482,0.10449263712077916,0.6262889841354141,low_DH
1674,1680,8893,8910,0.21032446781858669,228.42681686313207,0.1995233666136716,0.57471981955158,mid_DH
1674,1685,8893,8917,0.40958492000520397,615.5293270964423,0.26117782222486613,0.650970752843603,mid_DH
1674,1687,8893,8919,0.33658614535842113,475.846158686344,0.5191130932951038,0.29618678378890306,high_DH
1674,2072,8893,11609,0.3183462493307923,559.0987387576969,0.49151313817900055,0.3800166840148931,high_DH
1674,2073,8893,11611,0.2818595554903121,437.85724908333725,0.365749432456532,0.4994607052941481,mid_DH
1675,2071,8899,11604,0.3508045641280338,232.63712549657993,0.41934451867461287,0.700416421765056,high_DH
1675,2073,8899,11611,0.41397421816134106,365.78375976024563,0.38009323924412663,0.3988951793231651,mid_DH
1675,2074,8899,11613,0.4582553910447423,569.1754959853173,0.46529878154536086,0.21985756678322294,high_DH
1675,2075,8899,11620,0.4601050188566729,691.8103887586416,0.2933669768088062,0.44883656357426716,mid_DH
1675,2076,8899,11621,0.4563557228996432,651.9866607083896,0.7263617027822221,0.073495634398962,high_DH
1676,1684,8900,8916,0.3837629200037382,318.6417664865522,0.23853372220374974,0.27342767639196697,mid_DH
1676,1685,8900,8917,0.24746043213087252,350.4365606521606,0.16376394731168326,0.024681768708188834,low_DH
1676,1688,8900,8922,0.22599529948409144,227.2488944458055,0.2807588315698862,0.588734035550132,mid_DH
1676,1694,8900,8943,0.4064327819740898,468.1558283606541,0.2555436205268258,1.1064963491306141,mid_DH
1676,2072,8900,11609,0.3516686939038435,290.46141427259283,0.3922597537372983,0.24627230012052104,high_DH
1676,2078,8900,11635,0.344419645630556,724.2176417938069,0.332073485576192,0.021829950796496078,mid_DH
1677,1684,8907,8916,0.29501284315774906,237.8202896888574,0.2316929011975297,0.007100243348779012,mid_DH
1677,1694,8907,8943,0.4145405375902137,388.08266478068595,0.24655753864436142,0.8401689160874262,mid_DH
1677,1699,8907,8956,0.3287376155693595,358.8294846473907,0.22513083747854032,0.04898616843735892,mid_DH
1677,1702,8907,9023,0.37773798877540293,576.1354930949673,0.8283084386861723,0.5235332377364991,high_DH
1677,1703,8907,9024,0.2925181409082441,456.5660683949185,0.12212858182914656,1.099373019480773,low_DH
1677,2070,8907,11599,0.31581231554563155,233.8825882736223,0.041074368943498404,0.36696806366744905,low_DH
1678,1690,8908,8924,0.17433679869268187,417.12213508506636,0.17995511289204436,0.26360604806131205,low_DH
1679,1684,8909,8916,0.3653154673877363,361.7070073895947,0.17265709759722261,0.06593002249147606,low_DH
1679,1685,8909,8917,0.3577156794283755,407.7513376698607,0.10909794189797062,0.18281588519230207,low_DH
1679,1694,8909,8943,0.37302609025635214,511.65301790456715,0.1598312866158589,0.8989986952301232,low_DH
1680,1684,8910,8916,0.34980814451507014,389.919565001391,0.18316901995478876,0.32499684097580106,low_DH
1680,1687,8910,8919,0.18544857464806505,288.644934861853,0.3403048913894493,0.27853303576267696,mid_DH
1680,2072,8910,11609,0.29809063467574687,397.7638647111724,0.3417666156346312,0.19470313553668694,mid_DH
1680,2073,8910,11611,0.2284502389774276,262.9497686724158,0.20952679626668141,0.07525911425743192,mid_DH
1681,1690,8911,8924,0.42501506620672097,593.2783656194811,0.42077867523394147,0.669177522712219,high_DH
1681,1698,8911,8955,0.46711580763241095,226.58513169227953,0.3185671269686405,0.27297002441351803,mid_DH
1682,1689,8912,8923,0.4510839869421462,509.6878687373106,0.0866155979751768,0.01120325388549892,low_DH
1682,2074,8912,11613,0.4764835173925978,497.9041157322793,0.33405666016174607,0.21356941163915694,mid_DH
1683,1704,8914,9026,0.537081459430125,564.8983487383107,0.27520021066236433,1.792276657543196,mid_DH
1684,1688,8916,8922,0.38975859043217637,270.49410921651696,0.04601094424093761,0.862161711942099,low_DH
1684,1703,8916,9024,0.2568040414705909,427.47595019027716,0.2550054544451417,1.1064732628295522,mid_DH
1684,2070,8916,11599,0.31079128079272655,467.1832299895462,0.2605500560169503,0.37406830701622806,mid_DH
1684,2077,8916,11623,0.35826769764153665,430.9835351547226,0.3087439980926269,0.29452956022074606,mid_DH
1684,2078,8916,11635,0.26186738875452126,487.9689573802424,0.21807508080002283,0.29525762718846305,mid_DH
1685,1688,8917,8922,0.34952713050110473,261.8349775367419,0.11921491881573205,0.6134158042583209,low_DH
1685,2077,8917,11623,0.4217273452266776,424.50636349827363,0.37649463443472664,0.04578365253696792,mid_DH
1685,2078,8917,11635,0.15085066278545203,431.3627882525115,0.2372021967649315,0.04651171950468491,mid_DH
1686,1696,8918,8946,0.279177042033854,355.24644465343823,0.16179485907796906,0.8710358379166551,low_DH
1686,1697,8918,8954,0.4536427169668357,405.8930338641371,0.5638256321658807,0.6769865761844639,high_DH
1686,1701,8918,8988,0.2585640002688634,1153.7815088199472,0.615377776242694,0.08569447273441405,high_DH
1686,1702,8918,9023,0.378813425560373,353.2468424456934,0.7626506279154288,0.3482445573429229,high_DH
1686,1703,8918,9024,0.26922240388996704,323.2309213765469,0.15427575634783952,0.22759522440135105,low_DH
1686,2071,8918,11604,0.3586249762198233,402.5566521603809,0.24563880430593144,0.780143325636859,mid_DH
1686,2077,8918,11623,0.37153888852571093,486.62833105206187,0.45645897941456526,0.584348478207455,high_DH
1687,1695,8919,8944,0.38547472937411065,319.5206122435294,0.12791194273718193,0.1936496639556009,low_DH
1687,1696,8919,8946,0.3413307719972295,416.29563761432524,0.26597113029677594,0.5956876762269321,mid_DH
1687,1703,8919,9024,0.35718665197557614,418.75646571685036,0.4178246065654969,0.502943386091074,high_DH
1687,2070,8919,11599,0.35115766519219993,366.93212535734943,0.44734192567254044,0.22946156972224996,high_DH
1687,2071,8919,11604,0.3668183927449902,210.3229736087034,0.11985958592368251,0.504795163947136,low_DH
1687,2075,8919,11620,0.3613055731384886,295.01117389244735,0.2543167650852891,0.2532153057563471,mid_DH
1687,2077,8919,11623,0.30090774601573844,516.2073124520715,0.19638953510834947,0.30900031651773197,mid_DH
1687,2078,8919,11635,0.3420809200538127,574.6899871843855,0.29197397037086587,0.308272249550015,mid_DH
1688,1694,8922,8943,0.4232917207567063,376.8869022083371,0.08901170661456564,1.6952303846807462,low_DH
1688,2078,8922,11635,0.42444796845364186,523.9893445113993,0.2009212960239821,0.566904084753636,mid_DH
1689,1695,8923,8944,0.32048821137397426,530.2106391475227,0.38954551790409203,0.4067623308030859,mid_DH
1689,2075,8923,11620,0.4217910515868851,481.2372843990818,0.5725712622720894,0.4663279726038321,high_DH
1689,2076,8923,11621,0.34640667496357935,507.83144225236,0.1454287388754499,0.09098704342852693,low_DH
1692,1696,8928,8946,0.345811081270542,490.4914036927886,0.11827676693922712,0.11070646535401307,low_DH
1692,1701,8928,8988,0.3770617021654417,1069.8426008612769,0.38062607719841046,0.8460238452970561,mid_DH
1692,2071,8928,11604,0.30664965169435876,487.38690004129916,0.11625901267916643,0.01981395307421696,low_DH
1692,2075,8928,11620,0.3436980852368136,320.9628219066236,0.15218772998923907,0.2317659051165719,low_DH
1692,2076,8928,11621,0.43230808764608764,361.7595857748899,0.31590415399342714,0.6071068342918771,mid_DH
1692,2079,8928,11644,0.42174890083443445,243.55504913854625,0.330731869537025,0.9011924756016361,mid_DH
1693,2080,8935,11645,1.042250559754931,628.4706045832027,0.2762756378470171,0.589277306161438,mid_DH
1694,1698,8943,8955,0.42342655150345654,339.1782316652257,0.13338425491660708,0.6679873011675372,low_DH
1694,1699,8943,8956,0.4163690079882316,383.47205268570576,0.44630104793463893,0.8891550845247851,high_DH
1694,2078,8943,11635,0.33288447765768897,388.78587141009683,0.1564730961640881,1.1283262999271102,low_DH
1695,2072,8944,11609,0.34898551129831207,258.8615694061294,0.031726877810951404,0.10981976372961089,low_DH
1695,2073,8944,11611,0.3209831934628504,358.1081040891394,0.12356020210858171,0.009624257549644133,low_DH
1695,2074,8944,11613,0.2622062411028907,484.1528962706654,0.07709516116548613,0.6091284885567438,low_DH
1695,2077,8944,11623,0.32114706980141244,255.38060661879817,0.1708163411779148,0.11535065256213106,low_DH
1696,2072,8946,11609,0.39987051627913833,373.31840980477875,0.1936432605173349,0.5118577760009421,low_DH
1696,2073,8946,11611,0.3988893410990572,458.406888033531,0.12248743914958098,0.39241375472168705,low_DH
1696,2074,8946,11613,0.48493577508109564,603.6312219991768,0.1449203851105409,1.011166500828075,low_DH
1697,1702,8954,9023,0.4660626071841062,746.330294843115,0.2089706247990893,0.328742018841541,mid_DH
1697,1992,8954,10497,0.45156437974993857,805.9186272275275,0.4122808543874575,0.16621871058977788,high_DH
1697,2071,8954,11604,0.3780180659223292,210.30582214224683,0.33610409635912986,0.10315674945239506,mid_DH
1701,1702,8988,9023,0.24072563404730177,910.5757857212724,0.15341647304121842,0.433939030077337,low_DH
1701,1703,8988,9024,0.25763035801580136,1072.1255710270705,0.702299217873777,0.141900751666937,high_DH
1703,2070,9024,11599,0.31765450461873845,628.4188311782802,0.1320816397475013,0.732404955813324,low_DH
1706,1708,9060,9099,0.9963358600338652,2684.574411519809,0.9241694951656572,0.16433219567367596,high_DH
1706,1875,9060,10048,0.5727391184302457,2321.9739449488347,0.8287503384400422,0.508867046354432,high_DH
1708,1875,9099,10048,0.6867504278337875,741.4520335247563,0.12944565464043997,0.673199242028108,low_DH
1709,1714,9108,9168,0.5230772491733982,362.1738048489949,0.09227551370590611,0.46769722561662297,low_DH
1709,1746,9108,9329,0.4512623893277338,2204.4070349657973,0.3449164042651538,0.153345284794571,mid_DH
1710,1712,9116,9162,0.7411555242733282,501.21534891416,0.25825331199113133,0.34078803054842305,mid_DH
1710,1739,9116,9269,0.7203668905340105,1410.73991112273,0.30912246253992803,1.14622231089366,mid_DH
1711,1713,9118,9166,0.5291878384824824,357.0883864096929,0.052921701556272516,0.8474732349680609,low_DH
1711,1743,9118,9282,0.7501694615049402,1634.2067417021333,0.6324787548120374,0.9043244246542389,high_DH
1712,1714,9162,9168,0.6216986962995551,449.8646490581241,0.10643259063778875,0.325054825626329,low_DH
1712,1739,9162,9269,0.6710334853519446,941.7811703142136,0.5480477899072849,1.487010341442083,high_DH
1712,2086,9162,11698,0.7238778886884586,1969.3220182153407,0.06939926287673583,0.48417233704510304,low_DH
1712,2088,9162,11705,0.6970623705558072,1163.277353066388,0.3868655130484822,0.16063308909842405,mid_DH
1713,1743,9166,9282,0.6676280174553345,1378.3421518974546,0.6022068179910335,0.05685118968617797,high_DH
1713,1746,9166,9329,0.647712831270857,1792.472269534704,0.41371152200905326,0.11389924968607801,high_DH
1714,1739,9168,9269,0.6642070665999489,1350.7365746806229,0.5261880456826638,1.161955515815754,high_DH
1714,2082,9168,11675,0.8487428723870989,448.58001649201657,0.9511893495588398,0.40951923319441497,high_DH
1715,1717,9178,9180,0.5048606500067043,219.61717163171866,0.2569192159181701,0.03917605146402803,mid_DH
1715,1733,9178,9203,0.42647498480813983,1156.1464528226684,0.5509973220064783,0.05853819396501203,high_DH
1715,1734,9178,9205,0.3203668405725014,1421.4364141927367,0.13511468897453124,0.27344343547043704,low_DH
1715,1751,9178,9575,0.473502856113583,2893.6339295560074,0.21441559025255413,0.45355026985692004,mid_DH
1715,1778,9178,9703,0.2953594905381615,1786.7463846958124,0.2045737259972708,0.14953975373344802,mid_DH
1716,1733,9179,9203,0.3601676677649816,1035.4199070170207,1.0471941037305603,0.32596812199845404,high_DH
1716,1734,9179,9205,0.2560281357712699,1316.8071813251502,0.6171722435766198,0.006013507436995025,high_DH
1716,1751,9179,9575,0.5437365399821911,2852.7351937736153,0.6796596039027984,0.186120341823478,high_DH
1716,1770,9179,9691,0.46009495189986316,4127.769943524066,0.5017009441675404,0.143554840123315,high_DH
1716,1778,9179,9703,0.16720140416315413,1685.9442972024626,0.5791607497438861,0.11789017429999399,high_DH
1717,1718,9180,9181,0.4482728246354118,277.5223105294109,0.35105525820103156,0.06241815858775801,mid_DH
1717,1723,9180,9189,0.5042763813747706,1310.4208640836998,0.1023808833167978,0.182373466065947,low_DH
1717,1735,9180,9259,0.44049774688396315,687.9631663787139,0.1596530945080643,0.06737615595977198,low_DH
1717,1751,9180,9575,0.5594476623886351,2788.7748474015552,0.3280819339555623,0.414374218392892,mid_DH
1717,1769,9180,9689,0.4215514011496836,3861.6875820999517,0.1750159992214834,0.32456762830088,low_DH
1718,1721,9181,9186,0.6736294991993246,375.87215181699753,0.29058718105912557,0.159442757013684,mid_DH
1718,1724,9181,9192,0.678208253328094,862.410619595712,0.6845134570964281,0.15964673584535005,high_DH
1718,1727,9181,9196,0.627289234354411,714.2772725684266,0.23270054561440226,0.05252901273233401,mid_DH
1718,1728,9181,9197,0.6756449922510827,687.2604966879139,0.8473818181133405,0.40351220700327106,high_DH
1718,1766,9181,9685,0.6492384805809417,3818.834884824989,0.6518062311577218,0.25555075915757497,high_DH
1719,1724,9183,9192,0.570024245654037,487.89592597458085,0.29908360833865627,0.324328039467524,mid_DH
1719,1725,9183,9194,0.5440418728068367,482.0691728589001,0.21808589694892366,0.43607136457818596,mid_DH
1719,1726,9183,9195,0.6805985013858976,630.7231564689032,0.05128251463722894,0.24670352425951303,low_DH
1719,1727,9183,9196,0.7138398616437901,397.7101775893326,0.19124465534226523,0.536503788045208,low_DH
1719,1728,9183,9197,0.7088402484392928,325.1641979000042,0.4638884453397581,0.08046256830960297,high_DH
1720,1724,9185,9192,0.4965800963530707,430.55417473951337,0.2507056744374567,0.5149552031497219,mid_DH
1720,1725,9185,9194,0.36625997147943706,426.08178777851396,0.18310307101985512,0.24544420089598806,low_DH
1720,1726,9185,9195,0.5226054514425161,577.7676942637058,0.08159303418009582,0.4373306879417109,low_DH
1720,1727,9185,9196,0.7296227240425652,358.78822668595217,0.2370502665645219,0.7271309517274059,mid_DH
1720,1728,9185,9197,0.5884148472453234,272.6748239990455,0.41511445380756234,0.27108973199180086,high_DH
1721,1724,9186,9192,0.5516265104821864,521.6384832623249,0.39512714170947455,0.31908949285903404,high_DH
1721,1725,9186,9194,0.6410224461383331,500.24936670867066,0.33415973598802484,1.079488896904744,mid_DH
1721,1727,9186,9196,0.4486373191908392,338.4671225603036,0.13095523044477722,0.10691374428134998,low_DH
1721,1728,9186,9197,0.645295998479989,332.3858949794571,0.5589835124651527,0.5629549640169551,high_DH
1721,1730,9186,9199,0.7249595565204366,379.71089266274043,0.5361318780065408,0.10618021537373795,high_DH
1721,1731,9186,9200,0.7400482237998381,242.5289869667652,0.29858647682669265,0.35933674817009204,mid_DH
1721,2085,9186,11684,0.6829532913145764,1037.7199658850843,0.44502658817361224,0.276452687454857,high_DH
1722,1727,9187,9196,0.7002853640516109,398.7822900802311,0.4206133747499608,0.435125437023272,high_DH
1722,1729,9187,9198,0.6174041232249323,421.08379601955954,0.1918310160040202,0.138431256330091,low_DH
1722,1730,9187,9199,0.7718175156101981,411.1769410320604,0.21405435159071773,0.435858965930884,mid_DH
1722,1736,9187,9264,0.7583504823778568,845.9071780795575,0.3988939803056202,0.968393242646638,high_DH
1722,1788,9187,9727,0.7625828938996337,3669.9450419824902,0.07893832138652025,0.520758398873109,low_DH
1722,2083,9187,11681,0.8344613537148137,438.60246938307637,0.2509629600987735,0.37355940573922697,mid_DH
1722,2084,9187,11682,0.7522437656770687,410.1265753946946,0.14048090924950024,0.08223151914024696,low_DH
1722,2098,9187,11799,0.9182434323592195,2268.545772278746,0.2805884818270825,1.020242592335618,mid_DH
1723,1732,9189,9202,0.49391471682328786,832.7092365973203,0.3829624750875362,0.5429844629723801,mid_DH
1723,1734,9189,9205,0.41730166033245386,420.0638087673528,0.25498251808394184,0.051893917940462,mid_DH
1723,1768,9189,9687,0.4750979569878469,2533.6349125290017,0.1631064140867991,0.18331160444309608,low_DH
1723,1769,9189,9689,0.39267064837086324,2572.9862275128626,0.16717827303530772,0.14219416223493297,low_DH
1723,1778,9189,9703,0.5067180288971815,583.6747252270105,0.2382402079129798,0.07200976379652702,mid_DH
1724,1727,9192,9196,0.6150225308235835,290.02963992005107,0.48456160588004416,0.21217574857768406,high_DH
1724,1766,9192,9685,0.7269733670755645,2956.4248549992158,0.06494661426656162,0.415197495002925,low_DH
1725,1727,9194,9196,0.6988328791520689,244.66051343253469,0.40709366664467006,0.972575152623394,high_DH
1725,1731,9194,9200,0.4799304624983183,344.70344552308325,0.6277665393377293,0.7201521487346519,high_DH
1725,1736,9194,9264,0.6849550577253265,1267.439937591089,0.3915400730487722,1.50584295824676,high_DH
1725,1741,9194,9272,0.6737639507802546,1466.6739203552888,0.42249432866788783,0.903709883729914,high_DH
1725,1742,9194,9280,0.6807296143208464,1357.792949934647,0.0729942804084854,0.493235328453527,low_DH
1725,2087,9194,11702,0.7020727372258403,773.4586522433149,0.5129573447459245,0.5816370576112759,high_DH
1727,1766,9196,9685,0.619263461191204,3148.1130434970496,0.4480069400138044,0.20302174642524096,high_DH
1727,2085,9196,11684,0.7621839383744432,734.9346519455304,0.5408548663543986,0.383366431736207,high_DH
1728,1731,9197,9200,0.7239106456516305,204.1284712643982,0.8525797328867142,0.20361821584686302,high_DH
1728,1736,9197,9264,0.8097322011712754,1134.2194606343012,0.619762581451202,0.989309025358971,high_DH
1728,1742,9197,9280,0.5954839299189203,1233.6077822355685,0.28336898574974223,0.023298604434261905,mid_DH
1729,1736,9198,9264,0.7778536737881825,1159.73178119976,0.5873746192831983,0.8299619863165469,high_DH
1730,1731,9199,9200,0.5025540772409269,203.20128855478487,0.8277662429378578,0.2531565327963541,high_DH
1730,1741,9199,9272,0.7536774374956665,1327.8226577652333,0.6555612589623351,0.06959879780109202,high_DH
1730,1761,9199,9680,0.5359101640779846,3089.6056369544744,0.4276322821314008,0.36860610037049196,high_DH
1730,1788,9199,9727,0.6479282229264021,3334.6665998388103,0.1468933999702647,0.08489943294222496,low_DH
1730,2085,9199,11684,0.6823055364109263,674.3700833945383,0.09894021711233225,0.38263290282859497,low_DH
1730,2087,9199,11702,0.5319139093727333,632.2579845079651,0.7362018282678813,0.3916716239197301,high_DH
1731,1736,9200,9264,0.41367863708435176,930.839044113542,0.25084870076759264,0.785690809512108,mid_DH
1731,1741,9200,9272,0.41225625243978875,1131.4702617315759,0.352900158007476,0.18355773499526207,mid_DH
1731,2083,9200,11681,0.5708079521210903,220.33564041626713,0.406162764348036,0.5562618388737569,high_DH
1731,2085,9200,11684,0.692378870080993,873.0411099899133,0.7336803124702957,0.635789435624949,high_DH
1731,2087,9200,11702,0.2616826139476459,430.9423330282881,0.19786446793307602,0.138515091123376,mid_DH
1732,1733,9202,9203,0.46788937095163574,414.0108923186621,0.33685520147422254,0.262896751477393,mid_DH
1732,1735,9202,9259,0.5985371984309371,397.14376171066834,0.2564617311154688,0.2932348409466611,mid_DH
1733,1734,9203,9205,0.4790710002093506,299.61940566841065,0.44665040692090363,0.33198162943544907,high_DH
1733,1751,9203,9575,0.45590941914899397,1944.4061085518565,0.38678661115942214,0.5120884638219321,mid_DH
1733,1754,9203,9665,0.38500390092249204,3665.87086413023,0.20612998306733743,0.358631019927796,mid_DH
1733,1778,9203,9703,0.363406353234588,663.2187448979088,0.47762457411020903,0.20807794769846005,high_DH
1734,1768,9205,9687,0.3870450350498762,2606.9521817422333,0.14101073687707727,0.23520552238355807,low_DH
1734,1770,9205,9691,0.48721482590621457,2842.2023536201814,0.14421636517202732,0.14956834756031,low_DH
1734,1774,9205,9699,0.450234552317622,2249.1919411452386,0.9937565956028833,0.09144417806522703,high_DH
1734,1778,9205,9703,0.1849556695954383,369.4215990901298,0.10331698169631326,0.12390368173698901,low_DH
1734,2096,9205,11796,0.4526071360169859,2371.029623769444,0.24248496040045014,0.293746284921965,mid_DH
1735,1751,9259,9575,0.5588753006341551,2211.7896858963736,0.16916009938360452,0.481750374352664,low_DH
1736,1741,9264,9272,0.4979996244119969,201.16628145884187,0.20215721807839734,0.602133074516846,mid_DH
1736,2083,9264,11681,0.7094717775381267,1136.4297504044555,0.18877260041929603,1.341952648385865,low_DH
1736,2084,9264,11682,0.47544776303921843,1065.7697363894038,0.2948357916437491,0.886161723506391,mid_DH
1736,2087,9264,11702,0.4492843256107057,504.09206199065744,0.15982735501700718,0.924205900635484,low_DH
1737,1888,9265,10109,0.6520201313593195,9662.59117458051,0.43642038542402045,0.13332430630063696,high_DH
1738,1780,9266,9706,0.7204596944170376,4577.638154343813,0.694097521557593,0.8596589208555809,high_DH
1739,2086,9269,11698,0.4753713744879161,1135.3834855357784,0.5773970417707859,1.00283800439698,high_DH
1739,2088,9269,11705,0.5588560744897739,225.38342002821693,0.3054479937903966,1.326377252343659,mid_DH
1741,2083,9272,11681,0.6905870468443811,1335.4671726587123,0.23392452014053908,0.739819573869019,mid_DH
1741,2084,9272,11682,0.48589908088058165,1263.952823244496,0.3704210186264894,0.28402864898954505,mid_DH
1741,2087,9272,11702,0.35141340548557437,705.2544190786857,0.16012217674465715,0.3220728261186381,low_DH
1742,2082,9280,11675,0.8284425298992828,1175.6422039925662,0.8693555353956468,0.712181858099496,high_DH
1745,1747,9324,9356,0.4550563275824745,473.06730361496136,0.09223065404894512,0.09571515200940897,low_DH
1745,1748,9324,9400,0.3064240215069818,1356.3089691082776,1.0167999999935706,0.09784392181690099,high_DH
1745,1749,9324,9401,0.3394470167190884,1328.7807555126064,0.10787591741854802,0.21411466123439,low_DH
1745,1752,9324,9629,0.3551973998853643,1471.4239523398892,0.18708961889774942,0.029582014689545966,low_DH
1746,1750,9329,9538,0.5421044921091608,1645.6814757236511,0.9196981200880524,0.373372721865605,high_DH
1747,1748,9356,9400,0.3496838572684077,976.662511188545,0.9479474021262652,0.19355907382630996,high_DH
1747,1752,9356,9629,0.2469475084900557,1111.7550756367825,0.12302296864244681,0.066133137319863,low_DH
1749,1752,9401,9629,0.33255170334538603,200.43888785789773,0.08444571372677277,0.18453264654484403,low_DH
1750,1771,9538,9692,0.7731554803731648,2317.4937958689475,0.423346398138058,0.048895717424846004,high_DH
1751,1769,9575,9689,0.4486661990128151,1923.0997743448547,0.16462099754194262,0.089806590092012,low_DH
1753,1757,9659,9669,0.47316012229973464,547.9060177265909,0.4606364954275919,0.08256852355129099,high_DH
1753,1774,9659,9699,0.4269257437610509,600.0400589458861,0.4962248738924582,0.158408146568731,high_DH
1753,1887,9659,10106,0.507420430498885,7268.177055628487,0.6288376315837109,0.082009089785374,high_DH
1754,1809,9665,9755,0.4735506830856971,2353.3166076295447,0.25986876428973626,0.356272833858697,mid_DH
1755,1756,9667,9668,0.43710730444666296,679.3599336607816,0.7471869805463761,0.08594480849945,high_DH
1755,1789,9667,9732,0.5507689065731025,2520.2098580232487,0.24414371619046293,0.333976492151302,mid_DH
1756,1767,9668,9686,0.4658394701938074,1053.2272725282735,0.5656757519796747,0.276584379561234,high_DH
1756,1768,9668,9687,0.26826521427828987,1300.3665038688143,0.704457393413122,0.39147604878338904,high_DH
1756,1770,9668,9691,0.29462987560594744,1048.015952997907,0.6668753151787166,0.305838873960141,high_DH
1756,1778,9668,9703,0.4423020983924587,3513.2987456601622,0.7740156493892705,0.28017420813682,high_DH
1756,2094,9668,11793,0.4076303411356231,1190.607416327088,0.5794726233031336,0.0035886236251039955,high_DH
1757,1770,9669,9691,0.4864444788911072,561.6238320450592,0.15140654087820082,0.133963792512523,low_DH
1757,1794,9669,9737,0.441000857378778,2567.1073384003303,0.6044538118916165,0.144421367558009,high_DH
1757,2089,9669,11787,0.5489629077842962,593.4042141514192,0.4935921867052855,0.15290993715294598,high_DH
1757,2090,9669,11788,0.3778061672555165,584.2438664767778,0.11135934735349005,0.12747133061806498,low_DH
1757,2094,9669,11793,0.41905041104318086,703.2377937161816,0.10439555736688576,0.175463705072722,low_DH
1757,2095,9669,11795,0.22825747514567227,681.7869935441083,0.1997193939360949,0.03766928003602199,mid_DH
1758,2098,9677,11799,1.0152513913681283,1065.9669566974867,0.49825839102003555,0.430007902058435,high_DH
1759,1766,9678,9685,0.7352086683388095,495.4581878900008,0.2978670065554588,0.273765830796847,mid_DH
1760,1763,9679,9682,0.5828116556254153,707.9777871852258,0.2525090056008455,0.25344503624008896,mid_DH
1760,1766,9679,9685,0.5127192206882989,634.7325961959261,0.2418291354045389,0.21155511123040993,mid_DH
1760,1773,9679,9698,0.5577943861084773,866.4479194173599,0.09845111307021139,0.10090008707428294,low_DH
1761,1782,9680,9714,0.8980146701843239,2005.758292577964,0.46613686923478337,0.45891243610069904,high_DH
1761,1787,9680,9726,0.6342259781091694,1426.9777415912797,0.45098445949382115,0.6397605847957191,high_DH
1761,1788,9680,9727,0.6117016685019833,1140.6877272238244,0.3001401227808297,0.283706667428267,mid_DH
1761,2083,9680,11681,0.7919016841498212,3069.825791520451,0.10450957142959581,1.178024472040603,low_DH
1761,2084,9680,11682,0.9057186887168274,3126.130654535227,0.17068928552965928,0.722233547161129,low_DH
1763,1773,9682,9698,0.5296885085728549,267.4005688381734,0.1651501263046806,0.15254494916580602,low_DH
1763,1775,9682,9700,0.33693716865007955,367.95173970370433,0.4716926213251169,0.014678858263543981,high_DH
1763,1777,9682,9702,0.5377063613143269,251.76966478078688,0.22045115293448753,0.120295985525537,mid_DH
1763,2096,9682,11796,0.47224002663919584,1212.3609509340815,0.20316057692941875,0.29450142649505195,mid_DH
1763,2097,9682,11798,0.34397341167196815,1430.7080628055353,0.49829646843208786,0.23346522779343098,high_DH
1764,1773,9683,9698,0.4503494169197707,344.9792352041357,0.07548152869010902,0.234195659236275,low_DH
1764,1775,9683,9700,0.4167102061540896,448.8515113775207,0.3810125704056936,0.37206175013853704,mid_DH
1764,1777,9683,9702,0.3931893782787147,332.22720495327593,0.13753353597930448,0.266444622876544,low_DH
1764,2096,9683,11796,0.4131158003231329,1292.768374677104,0.287503736629076,0.09223918190702907,mid_DH
1764,2097,9683,11798,0.2782801195898575,1419.2646971022523,0.40449540404572293,0.6202058361955121,high_DH
1765,1776,9684,9701,0.3999789166713136,1301.358208012476,0.2724996804581908,0.19322890319322505,mid_DH
1767,1772,9686,9694,0.4826705746447726,570.761259065516,0.1912276074818804,0.11814427527630102,low_DH
1767,1791,9686,9734,0.3317131334283695,1931.9718183448647,0.1976034771520001,0.378692365714528,mid_DH
1767,2091,9686,11790,0.4138179332831134,706.9459086519049,0.43006719474401733,0.808164252862507,high_DH
1767,2094,9686,11793,0.38311376359614324,457.6933021521752,0.07635980409161854,0.27299575593613,low_DH
1768,1770,9687,9691,0.38436676932107783,254.90010335997277,0.058890160455487645,0.08563717482324806,low_DH
1768,1774,9687,9699,0.470233810869788,377.1995945194279,0.8821587332387475,0.14376134431833104,high_DH
1768,1778,9687,9703,0.37075936545990684,2262.01455623362,0.08165368163217447,0.11130184064656906,low_DH
1770,1774,9691,9699,0.4258434138279239,593.9276442263407,0.8864608256350713,0.05812416949508298,high_DH
1770,1778,9691,9703,0.38700224114460624,2492.0116532311918,0.11026170304098099,0.025664665823320998,low_DH
1770,1895,9691,10126,0.5034125461479089,7558.382923496737,0.8689184036370571,0.09973189697155,high_DH
1772,1775,9694,9700,0.541955719016847,344.8877576440509,0.41359547486545645,0.32863434737522096,high_DH
1772,1791,9694,9734,0.5165548175774928,2379.6490174914534,0.06533465672214556,0.260548090438227,low_DH
1772,2089,9694,11787,0.47184186647615356,301.9186020095114,0.2627087068978445,0.177405248579605,mid_DH
1774,1791,9699,9734,0.41500402029197964,2651.4193705299845,1.0368280066430557,0.145606718311764,high_DH
1774,2090,9699,11788,0.4622654891625143,557.8176812707935,0.8305052702631381,0.203310953635505,high_DH
1774,2094,9699,11793,0.2357011102850609,443.5804156857758,0.8335851174266867,0.251303328090162,high_DH
1774,2095,9699,11795,0.46946356349278734,460.2153694357118,0.6573615506079251,0.038170342981418026,high_DH
1774,2096,9699,11796,0.3776300009035892,848.7289549764411,1.2042550176790865,0.20230210685673794,high_DH
1775,2091,9700,11790,0.5371376950624563,507.431922765089,0.6189983107656846,0.361385630210985,high_DH
1775,2096,9700,11796,0.5351192902295122,862.5425555373702,0.6498552804381851,0.279822568231508,high_DH
1775,2097,9700,11798,0.2597381732653931,1571.9107940172619,0.07522775448696753,0.24814408605697497,low_DH
1777,2097,9702,11798,0.5544352588815077,1452.9315746495756,0.2836269701556176,0.353761213318968,mid_DH
1781,1783,9711,9720,1.1341616877850995,700.6391076042935,0.7366479364369287,1.268267315136207,high_DH
1781,1784,9711,9721,0.6835364904465245,668.1176746980254,0.4285809809932938,0.94084815572721,high_DH
1781,1810,9711,9756,0.9098993371811341,1090.3300961211976,0.7966493860674786,2.015292601591732,high_DH
1781,1811,9711,9758,1.029166884245479,1311.8756396382366,0.5238540657609146,1.006862845762728,high_DH
1782,1783,9714,9720,1.079262654765144,541.3760737048758,0.6952833355959331,1.035517967900406,high_DH
1782,1784,9714,9721,0.9937688387724344,510.6116076369904,0.3849002459116011,1.173597502963011,mid_DH
1782,1787,9714,9726,0.9765881641139342,815.7790138851338,0.9021660476702401,0.18084814869501997,high_DH
1783,1810,9720,9756,1.1275571387126944,389.7781970853464,0.14803593671975374,0.7470252864555249,low_DH
1783,1811,9720,9758,0.5003889833211835,613.7183298992466,0.24350942477883356,0.26140446937347894,mid_DH
1784,1810,9721,9756,0.5027045225234187,424.09418559117034,0.3990940952763142,2.956140757318942,high_DH
1784,1811,9721,9758,0.6245992271425009,649.8467952315048,0.18709707812603893,1.9477110014899381,low_DH
1785,1786,9723,9724,0.24218804407671718,761.2645472449843,0.4767575276525756,0.37203293292088,high_DH
1785,1790,9723,9733,0.4992913700088543,453.9737598229942,0.27156162508169945,0.06065553532260004,mid_DH
1785,1792,9723,9735,0.3444240452619674,2295.111740767402,0.10276875179265736,0.6564806372486589,low_DH
1786,1790,9724,9733,0.4441103633389199,1177.402452945009,0.7365407035766269,0.43268846824348006,high_DH
1786,1792,9724,9735,0.4129572160940841,3006.7500083269256,0.4334283386698661,1.028513570169539,high_DH
1786,1793,9724,9736,0.40854367277075165,2907.0175763615985,0.04146154464500164,0.513392407010298,low_DH
1786,1806,9724,9752,0.42221617090597063,2341.5627836210815,0.07144796446880787,0.15240354067173,low_DH
1787,1788,9726,9727,0.7292923028057814,360.3523474038317,0.726211711862571,0.356053917367452,high_DH
1788,1812,9727,9760,0.688011250278064,2498.503642711813,0.3012432891856301,0.254925593637803,mid_DH
1788,2083,9727,11681,0.7094381283414515,3326.1236752409063,0.32543268460789493,0.8943178046123359,mid_DH
1788,2084,9727,11682,0.7343620972465731,3397.8075241740735,0.2028210052460722,0.43852687973286203,mid_DH
1789,1809,9732,9755,0.4092689264025046,1478.7740608944202,0.21353258256808727,0.7339256534180331,mid_DH
1791,2094,9734,11793,0.3391162006246814,2208.161993360798,0.23227212147662785,0.10569660977839801,mid_DH
1791,2100,9734,11809,0.47562735649444793,2232.176318991474,0.33098552285347216,0.10395122970595697,mid_DH
1792,1793,9735,9736,0.3534018026147008,203.0866001803054,0.47206976144978974,0.515121163159241,high_DH
1793,1806,9736,9752,0.28644304770448287,1244.4196726346333,0.05280202848930815,0.36098886633856797,low_DH
1793,1809,9736,9755,0.36454259564110925,1562.1171449778699,0.5839916371271495,0.1722828455889409,high_DH
1794,1807,9737,9753,0.28778207618968804,1393.1341258587443,1.0438769275713473,0.12985420306610002,high_DH
1794,1883,9737,10073,0.43335707004905594,1390.4902044018722,0.7709846380588637,0.05941554031339599,high_DH
1794,2095,9737,11795,0.46659731863364,3155.737904314208,0.5406985628103227,0.18209064759403099,high_DH
1794,2100,9737,11809,0.21143625465526367,1868.4686886270547,0.6767928235651194,0.17860550196964198,high_DH
1795,1882,9738,10072,0.2534411178842569,738.3776667539915,0.6916874465627646,0.08077947627376003,high_DH
1796,1828,9739,9808,0.20832649890696076,580.4356189786387,0.17678138639692423,0.487808506770276,low_DH
1796,1846,9739,9852,0.21315546395957494,679.8945974183986,0.3444764001558874,0.06715167823564405,mid_DH
1796,1849,9739,9862,0.28702289824742505,831.5855218937661,0.3197748777835556,0.057415787152876985,mid_DH
1796,1879,9739,10068,0.2841741934663379,581.8376150366502,0.13857852772212076,0.12757248146288802,low_DH
1796,1880,9739,10070,0.28256992111705476,584.1279646199334,0.25362538484090114,0.07850248608676003,mid_DH
1796,2102,9739,11825,0.20405133004604153,298.5519850291107,0.14130714727589608,0.290901965497504,low_DH
1797,1841,9740,9839,0.26872605329096994,703.3544022180727,0.2608489119500043,0.569139161145183,mid_DH
1797,1843,9740,9847,0.27878702543211686,674.4604324542389,0.29418546643201576,0.758934138165847,mid_DH
1797,1848,9740,9857,0.293303780191371,745.5434696382321,0.4156521449306234,0.32567525221527793,high_DH
1797,1881,9740,10071,0.31494502798913665,439.0540625902599,0.4527190108865891,0.586363099325534,high_DH
1798,1824,9742,9797,0.22708769898154652,267.89326269429614,0.10977003131938039,0.524574826005628,low_DH
1798,1826,9742,9803,0.22063300246202688,385.8595128394383,0.22924455583415793,0.12008962818424601,mid_DH
1798,1828,9742,9808,0.2678199315990021,516.0314637448222,0.05135832659186249,0.539976042385625,low_DH
1798,1844,9742,9850,0.2529504780767174,647.8392623013834,0.12330441712351395,0.13096931363581304,low_DH
1798,1846,9742,9852,0.2842032331187444,635.392250752021,0.15832034214899737,0.11931921385099303,low_DH
1798,2102,9742,11825,0.13491379601697293,212.6582556289465,0.09810272204250656,0.238734429882155,low_DH
1800,1846,9745,9852,0.30505082182474047,700.455520673912,0.07996500901874279,0.18376112726025806,low_DH
1800,1879,9745,10068,0.28003588496379256,607.846917681081,0.3832401555590541,0.24418193048750203,mid_DH
1800,1880,9745,10070,0.26807623982734147,609.7950581427014,0.5661755229002179,0.03810696293785398,high_DH
1801,1941,9746,10331,0.5150837159498703,7048.407204331188,0.7482762802066162,0.118505189640409,high_DH
1802,1930,9747,10305,0.559989390601219,8878.138347133165,0.5585306268632103,0.09716356732902999,high_DH
1802,1935,9747,10313,0.5497610976316235,8076.531828862711,0.28507676771936613,0.012784256850022019,mid_DH
1802,2101,9747,11816,0.5438886902751532,1959.8175183052479,0.7045424206700877,0.094504001340034,high_DH
1803,1850,9749,9863,0.2623751644922832,705.580268619863,0.297012921903026,0.218414157671862,mid_DH
1804,1819,9750,9790,0.20470378053236787,548.3943670454692,0.1390929696824358,0.290691625314736,low_DH
1804,1823,9750,9796,0.16849556643850516,267.7490301159873,0.1752532696510246,0.21678985975384502,low_DH
1804,1830,9750,9814,0.2152922256931307,543.0668008783439,0.07532479369710908,0.06644942241076701,low_DH
1804,1834,9750,9828,0.23315880919258977,336.57902868658795,0.12630078380656606,0.29106805410814296,low_DH
1804,1837,9750,9833,0.23006729068602255,649.9007445481963,0.06707493297762512,0.581860545090503,low_DH
1804,1842,9750,9841,0.23538270456936677,659.5700547527331,0.2591663254936082,0.08791971347244698,mid_DH
1804,1844,9750,9850,0.1594768467954553,687.7005534132109,0.13195168518689285,0.525135907791302,low_DH
1804,2102,9750,11825,0.1669882498735445,400.62280503146513,0.2310272445532847,0.632901024037644,mid_DH
1804,2104,9750,11837,0.22617537036355484,615.2304211689986,0.3470616741401491,0.703051081913835,mid_DH
1805,1818,9751,9789,0.29634445884975896,800.5481069032054,0.1255619523010731,0.255336793172749,low_DH
1805,1821,9751,9793,0.28423687002805487,532.6592406803709,0.16163816912522677,0.18429757857345397,low_DH
1805,1835,9751,9829,0.2176735134241691,695.3107451027025,0.17338244895912483,0.159565995563827,low_DH
1805,1841,9751,9839,0.3200856202537397,830.5198967884451,0.20702225405933955,0.15292932160719797,mid_DH
1805,2099,9751,11808,0.26725628164280635,579.6565513374763,0.21267435760624154,0.017738539745550008,mid_DH
1806,1809,9752,9755,0.45181820655567195,1003.1476062671164,0.5996657048001227,0.18870602074962706,high_DH
1806,1816,9752,9787,0.25647509478026953,642.3742821726528,0.17754295920071994,0.27554892129084796,low_DH
1807,1820,9753,9792,0.32559423448293556,803.5895180695757,0.4789893500380458,0.150875036105318,high_DH
1807,1882,9753,10072,0.4373839080183045,1706.2822058195843,0.3880687421282923,0.007199008260973028,mid_DH
1807,1883,9753,10073,0.42143305223992256,1661.8542588077253,0.2837399742336202,0.07043866275270402,mid_DH
1807,2100,9753,11809,0.2752756813022567,901.2735779443294,0.4697984449368442,0.04875129890354196,high_DH
1808,1818,9754,9789,0.30176166346323896,1408.018189869128,0.15233016502515442,0.43262158772077397,low_DH
1808,1821,9754,9793,0.2551503852057673,1346.4518904764675,0.16495611325242707,0.503660802320069,low_DH
1808,1833,9754,9825,0.27909797582553764,1538.448045644888,0.35415113759768496,0.226978286774843,mid_DH
1808,1834,9754,9828,0.23111773964093504,1378.329578061335,0.1292203594958738,0.4388234046924929,low_DH
1809,1817,9755,9788,0.29268919193223697,1551.8713654326018,0.8216893639379943,0.14821211991667704,high_DH
1810,1811,9756,9758,0.9425279319535236,228.85828342396852,0.2983719786881352,1.0084297558290038,mid_DH
1814,1815,9776,9782,0.19974532299665732,272.959844403348,0.13222702569586245,0.13460480315197698,low_DH
1814,1817,9776,9788,0.4124900585958743,1110.5089292220096,0.44434712083928124,0.028785305294415975,high_DH
1814,1865,9776,9907,0.29681447047023873,1141.0667986557764,0.35331989138963305,0.16350430200140098,mid_DH
1814,1867,9776,9978,0.29521679134591383,506.61476776090007,0.24218530442814093,0.32841131781516203,mid_DH
1814,1868,9776,9982,0.3677060678668402,681.5588935923888,0.21865668755190262,0.207053158788654,mid_DH
1815,1853,9782,9870,0.34704960802043855,1080.9602560848475,0.08770462925428953,0.13228168921673,low_DH
1815,1863,9782,9894,0.31678463795532563,585.9026753011016,0.23299510397847165,0.002432644378455029,mid_DH
1815,1865,9782,9907,0.28035350870681236,1039.4217550076678,0.25680391199413516,0.028899498849424,mid_DH
1815,1867,9782,9978,0.3578359552914298,293.235227748169,0.13731184850602607,0.463016120967139,low_DH
1815,1868,9782,9982,0.4050690824834208,499.4005951012495,0.12561785505087794,0.34165796194063097,low_DH
1816,1817,9787,9788,0.3676618014735487,358.3603038208126,0.1437620313862087,0.23505502045789795,low_DH
1816,1850,9787,9863,0.3256855387254792,783.7455043125182,0.1827841695761774,0.09807756159026793,low_DH
1817,1859,9788,9884,0.29698258418421314,369.8563141417414,0.2083001060144986,0.16570670332731796,mid_DH
1818,1821,9789,9793,0.12705673863151304,386.5492464746865,0.05987870963533599,0.07103921459929502,low_DH
1818,1830,9789,9814,0.21611355415714018,452.6677746015405,0.15613227436995003,0.218416814725657,low_DH
1818,1833,9789,9825,0.1857854331443301,474.2148805814714,0.23382885906240447,0.20564330094593097,mid_DH
1818,1834,9789,9828,0.2429156226460621,392.60384097901226,0.025995593293594788,0.006201816971718954,low_DH
1818,1835,9789,9829,0.2391815661802221,320.27075860963225,0.09383004413200004,0.09577079760892199,low_DH
1818,1841,9789,9839,0.27049173905728086,405.1299809381624,0.0978671062070278,0.10240747156555102,low_DH
1818,1843,9789,9847,0.2690616027345768,582.779890101796,0.1256710327472378,0.292202448586215,low_DH
1819,1822,9790,9795,0.19419136332397008,488.58470375259844,0.34966452469419984,0.460095575353212,mid_DH
1819,1823,9790,9796,0.15879482668376957,421.0496433840908,0.30389731084977406,0.07390176556089101,mid_DH
1819,1830,9790,9814,0.1894926003504384,242.58591823883933,0.09748058108887277,0.224242202903969,low_DH
1819,1831,9790,9817,0.1480961876094572,302.57878291999,0.35541893568264665,0.272199736949868,mid_DH
1819,1832,9790,9824,0.17264245642226472,302.53391072183257,0.29416749372620526,0.374168270700045,mid_DH
1819,1842,9790,9841,0.10583572974054481,317.20874660375966,0.391323665539372,0.20277191184228904,high_DH
1819,1844,9790,9850,0.22289533820382487,380.99543685543455,0.2518326823571761,0.234444282476566,mid_DH
1819,1858,9790,9882,0.21726511051895242,251.5252117619334,0.056087038273387534,0.25073105439300203,low_DH
1820,1822,9792,9795,0.15881050194035834,340.6294479120278,0.04283337331483421,0.564679204976233,low_DH
1820,1823,9792,9796,0.2104429265692613,272.5463766640258,0.028879265733437097,0.178485395183912,low_DH
1820,1829,9792,9813,0.20237018074929194,214.4347220645142,0.09745396884193894,0.04385655294226798,low_DH
1820,1831,9792,9817,0.15900388255036388,242.84546501744714,0.07493345726050904,0.37678336657288897,low_DH
1820,1832,9792,9824,0.16367985135417734,200.91403644939248,0.05512376147000192,0.47875190032306597,low_DH
1820,1859,9792,9884,0.28058500438187167,411.4110466718971,0.09050812893370576,0.19520560011579496,low_DH
1821,1830,9793,9814,0.2127126930769993,244.77562730845148,0.10895880221650114,0.289456029324952,low_DH
1821,1841,9793,9839,0.3202313937415362,301.59017086685344,0.04598307681951347,0.031368256966256,low_DH
1821,1843,9793,9847,0.28536931037456553,427.85058196849843,0.0809514105201398,0.22116323398691998,low_DH
1822,1830,9795,9814,0.21099128183543434,366.2252908835089,0.25829329455156586,0.23585337244924298,mid_DH
1822,1831,9795,9817,0.196194217659314,328.4943818668123,0.08086396839671967,0.187895838403344,low_DH
1822,1832,9795,9824,0.1945208392918172,248.3097423542304,0.08572500495310412,0.085927304653167,low_DH
1822,1833,9795,9825,0.25311252851093824,292.193365165164,0.3392351983874574,0.248626886228969,mid_DH
1822,1834,9795,9828,0.2276291423797306,236.47767263975513,0.10092925793974608,0.46047200414661893,low_DH
1822,1835,9795,9829,0.21838263411178513,366.91895547811515,0.17123682067161553,0.5500409847838219,low_DH
1823,1830,9796,9814,0.20813020328349952,313.44606590992987,0.21616782248414532,0.150340437343078,mid_DH
1823,1831,9796,9817,0.22054073892273499,283.88004807404343,0.08899836268145903,0.19829797138897698,low_DH
1823,1833,9796,9825,0.24812315749026007,241.2082745245023,0.29391783796208115,0.13756692356335198,mid_DH
1823,1836,9796,9831,0.2231667780076428,446.5678948078404,0.10451149094993777,0.07126423706850504,low_DH
1823,1842,9796,9841,0.22760831836493847,417.43624020424994,0.1205408865770643,0.12887014628139803,low_DH
1823,1859,9796,9884,0.2402638721542752,664.6441033071895,0.09440007354085916,0.016720204931882976,low_DH
1824,1840,9797,9837,0.28299639265440035,471.75148881644765,0.0825384289364735,0.6651762044564429,low_DH
1824,1857,9797,9881,0.2318106381830857,641.2281325524036,0.16819566132486888,0.5086948174898829,low_DH
1824,2104,9797,11837,0.2374442177679653,626.7503063412713,0.27508826884307547,0.833459313763974,mid_DH
1825,1829,9801,9813,0.31173274927860045,463.6592122114474,0.1511081655796246,0.18741746281545196,low_DH
1825,1838,9801,9835,0.3305174138925389,578.1787366289574,0.17546066011146783,0.20514961686391897,low_DH
1825,1840,9801,9837,0.13303214040029165,518.3160707549663,0.1460007413793072,0.3707667334262669,low_DH
1825,1845,9801,9851,0.25075271725696613,349.22703538403624,0.22455040354763203,0.11235349555185392,mid_DH
1825,1857,9801,9881,0.16123849352191943,753.0494055595503,0.029675846379306134,0.21428534645970693,low_DH
1825,2104,9801,11837,0.21304781971966277,740.2662956247165,0.09510334361313048,0.539049842733798,low_DH
1826,1827,9803,9806,0.32949666117212506,228.0029341170198,0.2882611966575457,0.05315550860987195,mid_DH
1826,1840,9803,9837,0.295165842590171,398.157629572537,0.2820309156460429,0.260691006635061,mid_DH
1826,1857,9803,9881,0.22734259805695875,641.5800798986313,0.16354485320117726,0.10420961966850101,low_DH
1826,2104,9803,11837,0.21985301059878043,629.4769364718335,0.061907767356567146,0.42897411594259205,low_DH
1827,1837,9806,9833,0.20454658902816858,358.01322410250015,0.15150074665063534,0.36093908772913197,low_DH
1827,1856,9806,9879,0.2230490659099758,786.0589061896762,0.0766328249853947,0.310617960978836,low_DH
1827,1879,9806,10068,0.29599073353024047,268.58621586598014,0.3372845196682937,0.006494880284119042,mid_DH
1827,1880,9806,10070,0.33686543713481304,257.16048230097675,0.507857322157716,0.199580087265529,high_DH
1827,2103,9806,11835,0.21223206226422867,577.905265201476,0.09684717922412979,0.26160160978264796,low_DH
1828,1829,9808,9813,0.25328127650111754,266.6339919026131,0.0753374947304062,0.497228150225625,low_DH
1828,1837,9808,9833,0.23632015479079047,356.3446725378864,0.22624609140541838,0.727669993320639,mid_DH
1828,1838,9808,9835,0.16530457889754727,351.4338116689695,0.09878973684687455,0.514960304274092,low_DH
1828,1839,9808,9836,0.20568140877712657,319.3263116437716,0.0708128226226445,0.32590763686428004,low_DH
1828,1840,9808,9837,0.24275522541005412,306.24960396258933,0.07463512986992375,0.6805774208364399,low_DH
1828,1849,9808,9862,0.19626255094016637,255.61982985328598,0.16700856290639784,0.545224293923153,low_DH
1829,1857,9813,9881,0.2797608206616993,327.88862167984024,0.13186431609961916,0.026867883644254964,low_DH
1829,1860,9813,9885,0.23542768381300266,593.568365323801,0.21521464999143483,0.30178709427712996,mid_DH
1830,1834,9814,9828,0.23149692301189276,212.9873132166055,0.163703686613723,0.22461863169737595,low_DH
1830,2102,9814,11825,0.2708570685385136,384.7668868140573,0.2745182161271715,0.566451601626877,mid_DH
1831,1836,9817,9831,0.2575927116202682,282.1804501018507,0.1838044947733485,0.269562208457482,low_DH
1831,1838,9817,9835,0.2559377493830894,273.2364685437691,0.14096447650439858,0.350658967679088,low_DH
1831,1839,9817,9836,0.24962202474581166,247.40782389770726,0.11965036105807186,0.16160630026927603,low_DH
1832,1836,9824,9831,0.17113369714636062,301.2536197715233,0.1380242809011208,0.371530742207659,low_DH
1832,1842,9824,9841,0.23912382161299509,219.15793761028226,0.10077485693069382,0.17139635885775595,low_DH
1832,1859,9824,9884,0.24658803024852768,605.0666725473757,0.04296320863894804,0.283546300207271,low_DH
1832,1860,9824,9885,0.24125420385140287,704.9208508295776,0.15784362578821948,0.13310825310366803,low_DH
1832,2104,9824,11837,0.2646146732632723,433.46471484609805,0.18824403095318348,0.786527727299144,low_DH
1833,1843,9825,9847,0.1727201660046435,238.4854843473569,0.1125147199456071,0.497845749532146,low_DH
1834,1836,9828,9831,0.2321335506445497,284.96976262240685,0.07075746243282623,0.003013957285792901,low_DH
1834,1858,9828,9882,0.26072640511171186,472.2587438704826,0.22843239596342912,0.25110748318640896,mid_DH
1834,1859,9828,9884,0.1677053618833985,506.8577573075389,0.1075472627572883,0.09099839928618092,low_DH
1835,1843,9829,9847,0.23240480244963613,313.0305240549469,0.1020631984049359,0.196431650977293,low_DH
1835,1848,9829,9857,0.27139627558194956,462.876469839359,0.2436817024381363,0.236827234973276,mid_DH
1836,1842,9831,9841,0.25755232794502014,270.73769390058413,0.2212224823780241,0.20013438334990308,mid_DH
1836,1858,9831,9882,0.23751199757261734,281.23986816086864,0.23872415839495,0.24809352590061606,mid_DH
1836,1859,9831,9884,0.15346634166854195,361.7763395024318,0.1770331273826536,0.08798444200038802,low_DH
1836,1860,9831,9885,0.17312062964760241,438.5084695214228,0.20066777216294632,0.238422489103991,mid_DH
1837,1843,9833,9847,0.22578576738118478,227.75649840127363,0.06018988816145539,0.004791859367863999,low_DH
1837,1844,9833,9850,0.1112440288174034,251.77067277003482,0.178536853279225,0.056724637299200964,low_DH
1837,1846,9833,9852,0.2299159004392362,453.25943859896364,0.07340916410554772,0.30701316478600704,low_DH
1837,1849,9833,9862,0.22162216185881395,213.3396598501709,0.17169891118487635,0.182445699397486,low_DH
1837,2102,9833,11825,0.20611497379750973,558.4148241723044,0.28173548685090555,0.051040478947141005,mid_DH
1838,1845,9835,9851,0.22051872278819995,350.1352874738418,0.0881949964353187,0.09279612131206505,low_DH
1838,1846,9835,9852,0.3084527373460561,407.18399377844565,0.07272526016221563,0.09430347573946007,low_DH
1839,1846,9836,9852,0.26967202392658995,375.29794807062046,0.13901119953704144,0.0947491916703519,low_DH
1839,1848,9836,9857,0.2097725308044718,249.28828626318972,0.29383898478915194,0.036288388862074084,mid_DH
1839,1879,9836,10068,0.316385566859461,558.2090077172247,0.27318841694540036,0.03432838844310793,mid_DH
1839,1881,9836,10071,0.2875747504418291,487.16327584359317,0.5992158457641418,0.22439945824818197,high_DH
1840,1845,9837,9851,0.1878543456923263,342.79759868735516,0.13764387362860458,0.258413237874413,low_DH
1840,1857,9837,9881,0.16359820640123848,316.18189087139586,0.12072826020603314,0.15648138696656,low_DH
1840,2104,9837,11837,0.21128417620964396,311.1380422188562,0.2372342189136242,0.16828310930753104,mid_DH
1841,1848,9839,9857,0.22553710734320626,322.0421731758456,0.1780997762555494,0.24346390892990505,low_DH
1841,1862,9839,9890,0.3168614821103142,862.3201586318148,0.21228868181500712,0.02258634078164301,mid_DH
1842,1848,9841,9857,0.25537253835670176,214.0405411106646,0.3557472432778947,0.055890086299623,mid_DH
1842,1858,9841,9882,0.2192639654737935,551.0383705734089,0.35406448900569104,0.047959142550712985,mid_DH
1842,2104,9841,11837,0.22594521730312922,437.20737693638824,0.10665631671591547,0.615131368441388,low_DH
1843,1879,9847,10068,0.29640658158667915,411.2374059289634,0.4258230759901314,0.36264210864538704,high_DH
1844,1857,9850,9881,0.2642067981021946,508.74455475153815,0.15856192295167076,0.14684932215155805,low_DH
1844,1858,9850,9882,0.2660031986683543,615.7587127314438,0.20858124906844275,0.48517533686956804,mid_DH
1844,2102,9850,11825,0.19121461784608976,440.7267108280827,0.12939095491414548,0.10776511624634197,low_DH
1844,2104,9850,11837,0.20824697451017238,501.92014527750337,0.26025836154022136,0.177915174122533,mid_DH
1846,1849,9852,9862,0.12232506388340392,272.3847766595302,0.12677742209893775,0.12456746538852104,low_DH
1847,1856,9855,9879,0.39448576610117136,719.8125630479217,0.12040903481287323,0.242274652936451,low_DH
1847,1880,9855,10070,0.34088487497958214,324.72218719100937,0.4475848915563574,0.13123677922314403,high_DH
1847,1881,9855,10071,0.28700037317557114,280.66603167392367,0.5682902807429973,0.11523288147857003,high_DH
1847,2103,9855,11835,0.3068139214306557,532.7633099114556,0.15551528341506224,0.19325830174026298,low_DH
1848,1881,9857,10071,0.2882206872998251,343.7689466769005,0.8209331162808978,0.26068784711025605,high_DH
1849,1879,9862,10068,0.21165799616472974,460.3929120175407,0.418478127166971,0.184988268615765,high_DH
1849,1880,9862,10070,0.21844647940293893,448.9706125179196,0.568090066467369,0.02108669893388304,high_DH
1849,1881,9862,10071,0.22287690282075512,397.8347180610438,0.670393512794018,0.005082801189309039,high_DH
1849,2103,9862,11835,0.27932020916198846,413.174631275866,0.11306541769750639,0.083108221451002,low_DH
1851,1861,9866,9887,0.37051420020617243,541.1535844782103,0.0717187406427095,0.647704301406568,low_DH
1851,1862,9866,9890,0.265385702671339,571.5127138084375,0.17603114499409767,0.486226487981747,low_DH
1851,1863,9866,9894,0.39876045062769294,709.021514016009,0.33552571381211754,0.376885355516783,mid_DH
1851,1866,9866,9961,0.4525829937318679,1387.355994062221,0.272511578679771,0.533255522493075,mid_DH
1851,2105,9866,11845,0.29521697511310896,877.6771580494806,0.06072529678059902,0.289793692125578,low_DH
1853,1867,9870,9978,0.5026890414522336,1318.6070552092128,0.1718148964252006,0.5952978101838691,low_DH
1854,1861,9871,9887,0.3113311561276841,513.0148889894637,0.21025975080386985,0.43111862799705297,mid_DH
1854,1862,9871,9890,0.25595801297396953,542.9985275929595,0.0932056606654929,0.269640814572232,low_DH
1854,1863,9871,9894,0.3619964070717008,689.3442553422515,0.20139867494671437,0.16029968210726797,mid_DH
1854,1866,9871,9961,0.45607958001802723,1366.9889751938867,0.138751152535024,0.31666984908356,low_DH
1854,1867,9871,9978,0.5156760958648826,1304.609864056795,0.10153987605964063,0.6257484474528621,low_DH
1854,2105,9871,11845,0.3512414565177237,855.8486000296383,0.13311101642136713,0.07320801871606297,low_DH
1856,2103,9879,11835,0.2523672800057871,275.45895198579694,0.07122970437560537,0.049016351196188024,low_DH
1857,1860,9881,9885,0.24816565282544206,266.3243106153969,0.08542770701545443,0.3286549779213849,low_DH
1858,1861,9882,9887,0.2980570712684507,507.59279723513805,0.16031906490432166,0.16324898357377704,low_DH
1860,2104,9885,11837,0.23141228282750578,276.26982618488586,0.09897363410146955,0.653419474195476,low_DH
1861,1865,9887,9907,0.3040375230593942,480.0862322709348,0.44588028984034417,0.29728580036075397,high_DH
1862,1863,9890,9894,0.41888489784347,337.1763964755219,0.17930193358219274,0.10934113246496402,low_DH
1862,1865,9890,9907,0.28767071931340055,513.8987509794404,0.2390237345596508,0.135807986935933,mid_DH
1862,2105,9890,11845,0.32234698211272605,414.7009817563332,0.19809354206164195,0.19643279585616902,mid_DH
1863,1865,9894,9907,0.3628764843589506,583.8892970399868,0.0779964944100815,0.02646685447096897,low_DH
1865,1866,9907,9961,0.43412502086905275,1260.8789261472657,0.1296293804570007,0.182837021447261,low_DH
1865,1867,9907,9978,0.38534259822531347,1241.3583435186017,0.156043168040171,0.491915619816563,low_DH
1865,2105,9907,11845,0.39729711504035353,760.7096767919917,0.365766170419537,0.06062480892023603,mid_DH
1866,1867,9961,9978,0.43963222251558687,428.21790599676126,0.03858845946083824,0.309078598369302,low_DH
1866,1868,9961,9982,0.5272606971037639,406.5395433558602,0.07601334542912057,0.18772043934279398,low_DH
1866,2105,9961,11845,0.2859759788697261,515.394503381422,0.27123839950247913,0.24346183036749702,mid_DH
1867,1868,9978,9982,0.19372480053251684,209.840290665753,0.05837051068221837,0.12135815902650804,low_DH
1869,1876,9993,10057,0.5802437575594491,825.5599853011166,0.5526651184432543,0.032236748029580015,high_DH
1870,1873,10004,10018,0.4338952406528327,314.3829059294969,0.0726215537347104,0.625506643980933,low_DH
1870,1874,10004,10020,0.3833062563101629,273.10510922678964,0.25031798894264,0.226050776148949,mid_DH
1870,2106,10004,11856,0.823627602028882,345.0686347865429,0.39421499949045335,0.20520134711776697,high_DH
1871,1872,10005,10015,0.5323949760705443,449.8735743050605,0.17946259671035247,0.199502453268416,low_DH
1871,1873,10005,10018,0.38928738261626267,397.3583918123626,0.06348181667432,0.550377484486278,low_DH
1871,1874,10005,10020,0.2941074385945418,352.08992783347907,0.21097751621151795,0.15092161665429402,mid_DH
1877,2106,10065,11856,0.8680731362741502,986.8106377698076,1.0280710257498042,0.343346874860255,high_DH
1878,1881,10067,10071,0.3590215331912425,253.7810564067314,0.4874925144097423,0.136247010865505,high_DH
1878,1882,10067,10072,0.3826881298975058,392.03453912924044,0.15028805362142295,0.012604641556216989,low_DH
1881,2103,10071,11835,0.2758507609968713,763.6946262481932,0.7206088577001807,0.07802542026169296,high_DH
1882,1883,10072,10073,0.4469030613564549,373.81286228125776,0.11090258006181908,0.063239654491731,low_DH
1883,1884,10073,10075,0.4808533702417016,773.5898508618143,0.34919904006420716,0.09961613049078699,mid_DH
1883,2100,10073,11809,0.410253957027396,2530.9919147335977,0.2193520869810463,0.11918996165624599,mid_DH
1884,1893,10075,10116,0.6690299308375169,4371.681254059853,0.7015493303947526,0.056649594352098015,high_DH
1884,1894,10075,10118,0.5854267684379254,4474.352314451026,0.05048647289040919,0.179909815024853,low_DH
1884,1897,10075,10129,0.6953257286892878,5155.768184836995,0.3618072206490706,0.08485981220404899,mid_DH
1885,1934,10078,10312,0.817114698429428,7316.947676309784,0.5122858660514498,0.27339738645083,high_DH
1887,1894,10106,10118,0.552814828403762,692.8849730324214,0.36270348646786316,0.00415270894462999,mid_DH
1887,1895,10106,10126,0.467411192950017,540.2248033097043,0.9183376661116356,0.034791329306889995,high_DH
1887,1896,10106,10127,0.4712189721395723,536.370925289234,0.7558037374445169,0.111801003137068,high_DH
1887,1897,10106,10129,0.5052883104246718,499.1712208964753,0.06508234963299503,0.268922336173532,low_DH
1887,1927,10106,10290,0.36146235384591163,3268.8189594586565,0.23585232786353116,0.189949602477164,mid_DH
1889,1901,10110,10133,0.37392198794419884,2231.560916308035,1.2407874396011758,0.558550870090331,high_DH
1889,2096,10110,11796,0.36878955390272894,5700.484311236658,0.3031949241287176,0.843743162825233,mid_DH
1891,1908,10114,10155,0.3258265460459002,2308.3887839257322,0.8122112353358715,0.04479905889017999,high_DH
1891,1909,10114,10156,0.26031160811698634,2294.268379490398,0.3409178599088493,0.5845576433048609,mid_DH
1892,1898,10115,10130,0.32410747501510945,904.9813524725489,0.6636591827497954,0.45112091537091903,high_DH
1892,1900,10115,10132,0.2588858581859572,972.8259745243288,0.26993090108689916,0.22933437552999703,mid_DH
1892,1904,10115,10139,0.33103917553297973,1293.9737240641066,0.5317449289019541,0.20698184884315302,high_DH
1892,1906,10115,10147,0.3104060679997902,1673.658511208903,0.12638656903830908,0.320196941645227,low_DH
1893,1897,10116,10129,0.6070701360738401,855.2380001336967,0.41246457134509046,0.14150940655614702,high_DH
1893,1907,10116,10151,0.6121613476653958,1221.1695756126242,0.15574721343515704,0.271111178554542,low_DH
1894,1896,10118,10127,0.3793972894953943,709.4181085867508,1.0945122123374864,0.10764829419243802,high_DH
1894,1897,10118,10129,0.25114112646823694,755.3375443001448,0.35865270501450675,0.264769627228902,mid_DH
1894,1927,10118,10290,0.6514963338820647,3810.929860196114,0.5963894554766379,0.185796893532534,high_DH
1895,2095,10126,11795,0.5367619403279178,7647.904742032925,0.618098002602631,0.0034373844950489896,high_DH
1897,1927,10129,10290,0.5550806988829006,3058.5487417567833,0.260531868691708,0.078972733696368,mid_DH
1898,1900,10130,10132,0.2674255573103246,237.6040580120133,0.5209074608309741,0.22178653984092198,high_DH
1898,1906,10130,10147,0.3653632883248547,773.3088817882742,0.6694179625929343,0.130923973725692,high_DH
1899,1906,10131,10147,0.33175626845257217,789.3120439310596,0.6576045039305684,0.021384901695477965,high_DH
1899,1940,10131,10330,0.4730043708867293,1752.2964093040391,0.9102167254338213,0.17175354620945396,high_DH
1900,1904,10132,10139,0.2855005029129336,366.73115885171643,0.40063998149035485,0.02235252668684401,high_DH
1900,1905,10132,10144,0.36387188976759693,634.5032170793055,0.3089171399804184,0.256074938254623,mid_DH
1901,1910,10133,10162,0.26605071401822217,1374.7190565183237,1.0734496652977443,0.455712224894462,high_DH
1901,1911,10133,10166,0.3832056788124981,920.3849867796187,0.2040617113517177,0.41071718566645593,mid_DH
1903,1938,10137,10327,0.3562775105175583,2102.658025021777,0.14948430470655766,0.569176856865837,low_DH
1904,1905,10139,10144,0.2129188070807246,270.31993659330516,0.19598955664769033,0.233722411567779,mid_DH
1906,1910,10147,10162,0.3741759738356919,938.6248889564822,0.3014141807920296,0.408222389880098,mid_DH
1906,1940,10147,10330,0.4328312330714767,1202.417006564882,0.2863296533133035,0.150368644513976,mid_DH
1907,1936,10151,10316,0.6499764550621774,2936.092060871307,0.6114398232856297,0.199093267605544,high_DH
1910,1911,10162,10166,0.3771504279505753,647.1228727614316,1.1359954212102354,0.04499503922800607,high_DH
1911,1912,10166,10170,0.3612049989728013,1082.055009590404,0.4068228558404108,0.29723748699480096,high_DH
1913,2055,10175,10878,0.6024924842870473,4395.45292655475,0.39937158570135717,0.257896040032546,high_DH
1915,1920,10188,10246,0.5309499132848279,2050.5448667030055,0.2821289182887472,0.15583601558050597,mid_DH
1915,2019,10188,10589,0.6134006174126295,6011.88808407179,0.2854119454703407,0.21837312903944495,mid_DH
1917,1918,10226,10229,1.1636850516678894,540.9085855601609,1.9786180882234106,0.40294464282500897,high_DH
1918,1925,10229,10275,0.859536678604202,1005.4708788244412,0.9601500982581133,0.08283376133008602,high_DH
1919,1924,10240,10270,0.2800780047318764,673.1666741220398,0.20514142373362837,0.451316262357373,mid_DH
1927,2019,10290,10589,0.653734583251787,5161.46443552086,0.14145721246849371,0.511196033118407,low_DH
1928,2020,10291,10590,0.5647170770800947,4970.965425147544,0.32377998288288323,0.06099048804319801,mid_DH
1928,2021,10291,10591,0.5635859399056563,5018.47111909633,0.233575814814545,0.22907236542929404,mid_DH
1929,1937,10295,10317,0.6888702432001425,1831.8760211389663,1.5348338888045159,0.10404978667549,high_DH
1930,1932,10305,10310,0.4050537663797441,589.8242693720672,0.5249341679888107,0.048872933547063,high_DH
1930,1934,10305,10312,0.34708679577802953,629.5201490470357,0.41681186068023546,0.321485670889777,high_DH
1930,1935,10305,10313,0.30829941821563744,812.5273404808164,0.383789495016841,0.10994782417905201,mid_DH
1931,1941,10307,10331,0.32252671907569086,1616.3824842553806,0.4734887030294665,0.100085817630092,high_DH
1932,1935,10310,10313,0.19685075909642424,310.14344617697674,0.17781065985885253,0.06107489063198901,low_DH
1933,1935,10311,10313,0.5477870679695818,480.3304114932836,0.147129854913194,0.219543486417379,low_DH
1934,1935,10312,10313,0.37643675916802244,357.8573150361882,0.14557069115179824,0.21153784671072498,low_DH
1937,1941,10317,10331,0.5745488263920266,1691.379916634282,0.7616602167844531,0.10807958750992501,high_DH
1938,1939,10327,10328,0.34384999476699113,597.7866114181526,0.14875106746162073,0.096678659383687,low_DH
1944,2025,10370,10599,0.4012941856902081,2377.9814693706603,1.1199799921851248,0.33360099978942803,high_DH
1944,2033,10370,10636,0.37720861494209956,1796.2366367379218,1.418136570657669,0.3846918583493051,high_DH
1944,2034,10370,10639,0.37596218072145,1610.9309932021843,1.3462066836269186,0.47464274772637005,high_DH
1944,2036,10370,10642,0.35417413832302846,1367.7856023708066,0.6802769542730193,0.121562647751693,high_DH
1944,2043,10370,10658,0.3445702959722124,1771.3753700187085,1.333128095828355,0.289549378464637,high_DH
1944,2053,10370,10689,0.3336827972469828,1763.1638022977288,1.233376599641921,0.159330913082557,high_DH
1946,1950,10391,10407,0.3205670530654274,670.3288680080748,0.12107332742133745,0.100973819261821,low_DH
1946,2000,10391,10520,0.4080548581186116,449.4651719620199,0.12193816414540588,0.415966460498366,low_DH
1946,2003,10391,10525,0.3541611054225913,216.30972675806146,0.3082435794346808,0.091905566545746,mid_DH
1946,2004,10391,10526,0.3338673289567015,358.65468690896444,0.3865831822884371,0.419853068792009,mid_DH
1946,2046,10391,10666,0.4105988138096718,3681.6135996844187,0.25086987800571686,0.18886669609332002,mid_DH
1948,1955,10404,10414,0.20476712000124356,701.9744769810591,0.08815936401132841,0.09276137248829502,low_DH
1948,1998,10404,10517,0.27132249493796917,793.12886913117,0.16826760950036104,0.01878202229570003,low_DH
1948,2004,10404,10526,0.2765850885288205,822.3867624489262,0.0963475985818124,0.547028796159847,low_DH
1949,1958,10405,10422,0.3148581623376872,299.7988968239551,0.18845847626395748,0.13948164720559797,low_DH
1950,2000,10407,10520,0.25587733189204687,312.5275428701392,0.08002652406554944,0.516940279760187,low_DH
1950,2004,10407,10526,0.35255749689988414,497.23427516900983,0.39999559183963895,0.318879249530188,high_DH
1951,2007,10408,10530,0.33989745743173855,403.3946843530568,0.39896170712751056,0.292691519235792,high_DH
1952,1958,10409,10422,0.1514475484475765,535.4399501621837,0.16338274365148156,0.38209973348926796,low_DH
1952,1978,10409,10466,0.3307355981036009,349.7118623376295,0.13319121579468268,0.238613887617811,low_DH
1953,1976,10411,10464,0.18507586799283168,280.1718100594953,0.10413303129118841,0.07420756053283406,low_DH
1954,1956,10412,10418,0.3133854504127714,654.9847849561409,0.4927335538013801,0.21036315000738798,high_DH
1954,1998,10412,10517,0.2800846480763604,269.57819094348434,0.2145120294938433,0.12935171179633503,mid_DH
1954,1999,10412,10518,0.29938341021033604,324.15308080784854,0.09952986127556517,0.200334148143665,low_DH
1954,2007,10412,10530,0.37460206710643995,914.8658800017679,0.5728542963176533,0.44395166283299403,high_DH
1955,1956,10414,10418,0.2710363253770534,573.8183393245517,0.4207987496758475,0.413694211996318,high_DH
1955,1998,10414,10517,0.15443811261628093,311.6020766489609,0.1660155183820857,0.073979350192595,low_DH
1955,1999,10414,10518,0.30950480304865313,348.1183059584388,0.18064809685476108,0.40366521013259504,low_DH
1956,1958,10418,10422,0.29350341574368205,228.88494565013238,0.3867472382673837,0.22687746724481,mid_DH
1956,1998,10418,10517,0.3118896902189621,683.0405383768839,0.28569191194053517,0.339714861803723,mid_DH
1956,1999,10418,10518,0.2447662765314552,638.5236120219561,0.5827946925996315,0.010029001863723006,high_DH
1956,2007,10418,10530,0.20869956174472612,941.4882617408189,0.09890032585830393,0.6543148128403821,low_DH
1957,2000,10420,10520,0.36734160429504914,794.8322145571796,0.10081334834312167,0.263161621999595,low_DH
1958,1978,10422,10466,0.3358002889736963,728.8135994768643,0.2803490088190131,0.14348584587145696,mid_DH
1958,1999,10422,10518,0.23812771592152635,707.0322918051262,0.23528989585279148,0.216848465381087,mid_DH
1960,1971,10425,10459,0.08321879346757022,200.59959331270176,0.30689387780646693,0.24738392585589902,mid_DH
1962,1968,10440,10453,0.20508063778256688,392.37299662443365,0.05996605697887554,0.45442300519779094,low_DH
1964,1991,10447,10493,0.12113270242703406,295.89318889585843,0.3187646095727053,0.004206504748254014,mid_DH
1965,1977,10448,10465,0.22854887316298123,347.31657706934374,0.4610311419780856,0.15839465717462997,high_DH
1965,1980,10448,10471,0.08677877505002071,289.88667112401623,0.4033082648489824,0.23026838732799604,high_DH
1965,1986,10448,10482,0.1692167589761637,309.0632131045334,0.3152760594432271,0.054429139081973,mid_DH
1965,1988,10448,10486,0.2231551549843052,228.49379093214552,0.42923001875602024,0.008880085384168956,high_DH
1966,1980,10450,10471,0.13110083471708453,320.93764681108564,0.21930372614169313,0.18126532285214203,mid_DH
1966,1981,10450,10474,0.19627954866199188,285.44514523417024,0.25834354546414096,0.21476006435796396,mid_DH
1967,1977,10452,10465,0.1583347671229551,274.46007022542483,0.18288240022137714,0.0480038807872849,low_DH
1968,1981,10453,10474,0.1860496770904718,293.7035502252292,0.20870807823711807,0.14572049272082,mid_DH
1969,1979,10455,10467,0.20583159699499673,507.16895813166906,0.338785363316163,0.259694837903963,mid_DH
1970,1973,10458,10461,0.19392731750676856,249.48531033757192,0.39018433472073905,0.027197465563739975,mid_DH
1974,1981,10462,10474,0.14707621119414743,267.59388279718047,0.36248030481420257,0.13139904430504895,mid_DH
1975,1996,10463,10513,0.31673336996659074,258.649670594119,0.2565010281438814,0.213725493741171,mid_DH
1978,1999,10466,10518,0.2643058325305521,409.5639548438148,0.13695710800447164,0.360334311252544,low_DH
1980,1986,10471,10482,0.1582736574656508,407.99472445100037,0.13344610707382487,0.17583924824602304,low_DH
1980,1988,10471,10486,0.1943118628004103,343.1623282630428,0.08160303480703292,0.22138830194382708,low_DH
1983,1990,10476,10492,0.2098377991461911,382.7794684574184,0.2159855792260383,0.04307631130163303,mid_DH
1984,1991,10478,10493,0.272544913521547,336.5666956773712,0.23015661617990157,0.1066321162332321,mid_DH
1985,1993,10480,10502,0.45385974232948856,451.1949719397127,0.12231314758776923,0.55044656237334,low_DH
1985,1994,10480,10504,0.5855979170490501,730.9757331291133,0.4584812073817483,0.15209428333974806,high_DH
1993,1994,10502,10504,0.6563693034898739,478.11815337730343,0.37776624492765676,0.7025408457130881,mid_DH
1996,1999,10513,10518,0.3305418005772028,423.4057189046541,0.4718183257188132,0.428679235353835,high_DH
1997,2013,10515,10545,0.24666939129201174,508.6966624499896,0.291634799710361,0.06431180065324305,mid_DH
1998,2007,10517,10530,0.37028776698177596,654.4998228265498,0.366251025591035,0.314599951036659,mid_DH
1999,2007,10518,10530,0.31156068487799893,590.799445291047,0.658877092496781,0.644285810976659,high_DH
2008,2009,10531,10536,0.2780870687089031,284.79893732134974,0.24938812624422924,0.032926057451902,mid_DH
2008,2010,10531,10540,0.6818284407306638,479.1278710694478,0.3664055271789086,0.269201400596083,mid_DH
2008,2011,10531,10542,0.22648541754243928,331.39524164939155,0.04855710367709984,0.039184181296822995,low_DH
2008,2014,10531,10548,0.6396682803251731,815.8506223763089,0.6270795678472041,0.21755232736531702,high_DH
2009,2010,10536,10540,0.6065156784253481,217.8081313512589,0.13421983693633277,0.23627534314418103,low_DH
2009,2014,10536,10548,0.49608489369337316,586.3411085558507,0.8545403407375471,0.18462626991341502,high_DH
2011,2014,10542,10548,0.7618273956588424,484.7456848921765,0.6650173013025186,0.25673650866214004,high_DH
2017,2030,10586,10632,0.4006081599317902,260.8915387554537,0.2680863693841452,0.19651820116763397,mid_DH
2017,2032,10586,10635,0.23088656485956777,327.7654700471127,0.20385422318250457,0.31323580419959196,mid_DH
2017,2033,10586,10636,0.20606889626039984,457.41852477340893,0.29799871870967365,0.20914519355266903,mid_DH
2017,2034,10586,10639,0.38121535872636086,724.6005450400273,0.2595000556711896,0.299096082929734,mid_DH
2017,2036,10586,10642,0.2734492234233398,700.4827196289347,0.5113052857329932,0.297109312548329,high_DH
2017,2053,10586,10689,0.37876900251226164,978.5490551456727,0.22527490162693237,0.01621575171407902,mid_DH
2018,2032,10587,10635,0.19704965976019045,361.44774714848097,0.43909545610201345,0.017635077852337977,high_DH
2018,2039,10587,10648,0.37473884106778527,688.1106407207287,0.2530347643478468,0.44350543023053696,mid_DH
2021,2028,10591,10629,0.517943104960494,570.413981231161,0.6732907653334591,0.04794238608218204,high_DH
2021,2031,10591,10634,0.3661429349518811,248.2628514386394,0.4775418071378748,0.18364898357236603,high_DH
2022,2026,10592,10623,0.19874309765847978,739.1540644443603,0.21464977201322183,0.741487237182953,mid_DH
2022,2027,10592,10624,0.3271275161057802,769.4728962389452,0.38757934673626976,0.07525435391122803,mid_DH
2028,2031,10629,10634,0.45021186900446414,483.40671293101735,0.19754357206658907,0.135706597490184,mid_DH
2028,2035,10629,10641,0.5661689738614075,887.4288177169987,1.1591086202181577,0.612568297610944,high_DH
2029,2044,10631,10661,0.3631017784428617,1173.9592505680766,0.19123879429339757,0.10690938004998096,low_DH
2029,2051,10631,10674,0.32860705497112835,1192.127512305901,0.34939204982602307,0.11501966843241995,mid_DH
2030,2051,10632,10674,0.3510440197160716,1261.8701977083447,0.44331523243413024,0.07198818912288807,high_DH
2031,2032,10634,10635,0.42705326630257834,242.51064543019177,0.09672434213725531,0.21370726790342398,low_DH
2031,2033,10634,10636,0.35945971989317194,378.17506298291613,0.31748767269628797,0.10961665725650105,mid_DH
2031,2053,10634,10689,0.3419241639153218,886.0066648911886,0.1453141093741838,0.115744288010247,low_DH
2032,2039,10635,10648,0.42333538522540853,659.8398975913647,0.23835413971991132,0.425870352378199,mid_DH
2033,2034,10636,10639,0.2090587057696003,285.57058262603204,0.17479763157516537,0.08995088937706497,low_DH
2033,2036,10636,10642,0.24435867350943016,429.39420434030677,0.7770631326849186,0.5062545061009981,high_DH
2033,2053,10636,10689,0.2964998279279178,522.4162721738358,0.27190384155048825,0.22536094526674805,mid_DH
2034,2036,10639,10642,0.24841212173251578,325.9301910993903,0.6780795118189527,0.5962053954780631,high_DH
2034,2053,10639,10689,0.3455507767395027,318.9999443828936,0.1299076440043352,0.315311834643813,low_DH
2035,2042,10641,10655,0.4688940892170709,221.42245658296275,0.14331659704221253,0.307939461634832,low_DH
2036,2053,10642,10689,0.3257632435893051,625.1360888595465,0.5620544612242556,0.28089356083425,high_DH
2039,2040,10648,10650,0.3893207905533635,375.13646253385167,0.29465913866271487,0.029940378215558006,mid_DH
2044,2051,10661,10674,0.3254870397915913,246.41256899636048,0.5356713540949541,0.22192904848240091,high_DH
2045,2048,10665,10668,0.16994427777119958,244.1416935367081,1.5534633910968123,0.24537648169802598,high_DH
2046,2049,10666,10670,0.3657397764449111,244.86062999347695,0.4133150006268992,0.11790409953117198,high_DH
2054,2063,10771,11292,0.2481864438803297,1489.8310281660686,0.18885358534869112,0.11778735001291901,low_DH
2056,2058,10933,11001,0.3468926375319996,562.2003404641137,0.679481197328512,0.18466554486425096,high_DH
2061,2062,11249,11289,0.12129572027760956,468.10687885503387,0.2193908067709856,0.070332491622767,mid_DH
2061,2063,11249,11292,0.24639394349386454,633.252430059858,0.18245143683236129,0.07728492999341496,low_DH
2062,2063,11289,11292,0.24955578487569402,284.44591064635955,0.08420940055477014,0.14761742161618197,low_DH
2065,2067,11436,11500,0.3070561064136399,1075.3655471528398,0.1215614916356752,0.136563479354609,low_DH
2066,2068,11499,11525,0.1285467616141529,437.3642110939701,0.27159110796793234,0.13277313208220998,mid_DH
2072,2074,11609,11613,0.48782835215235854,274.004721669964,0.07006023174914296,0.499308724827133,low_DH
2072,2075,11609,11620,0.4072197223233095,219.522270217342,0.20786893995798764,0.16938540553035708,mid_DH
2072,2077,11609,11623,0.30119534644169604,495.20121777296436,0.1506158384553059,0.22517041629174195,low_DH
2072,2078,11609,11635,0.32913141420996955,456.5014036326178,0.2084211368411112,0.22444234932402496,mid_DH
2073,2074,11611,11613,0.4295416759541612,328.7517656055937,0.12042260842487436,0.618752746106388,low_DH
2073,2075,11611,11620,0.36351506946296985,330.0918116373069,0.09733840677019633,0.04994138425110206,low_DH
2073,2076,11611,11621,0.4217286787096017,302.7279774871984,0.3610806464575749,0.3253995449242031,mid_DH
2073,2077,11611,11623,0.3478059564511653,560.6866165928433,0.27655946657191965,0.10572639501248693,mid_DH
2073,2078,11611,11635,0.4027618247561781,591.533466812169,0.20560205480998328,0.10499832804476994,mid_DH
2074,2075,11613,11620,0.3460167812751492,433.94989485498206,0.17589556126305497,0.66869413035749,low_DH
2074,2076,11613,11621,0.26639466470933,468.24261276139856,0.27411094219769533,0.29335320118218494,mid_DH
2075,2077,11620,11623,0.3194302740612434,306.3988987952278,0.34257094140200856,0.05578501076138487,mid_DH
2076,2077,11621,11623,0.40771014422269336,276.5541622607223,0.1152315468141207,0.43112593993669,low_DH
2077,2078,11623,11635,0.3630927861007581,547.6390788878685,0.2641938757607071,0.0007280669677169893,mid_DH
2082,2088,11675,11705,0.7603227372274258,1146.4420645696985,0.7505871633398529,0.24509749666651004,high_DH
2083,2087,11681,11702,0.4045217016195267,644.4933355733139,0.29169186589438134,0.4177467477503809,mid_DH
2084,2085,11682,11684,0.8233648631304985,708.8213846627333,0.23703879413355716,0.736260349619232,mid_DH
2084,2087,11682,11702,0.22237197147765195,579.4732461275894,0.4259455032327236,0.038044177129093026,high_DH
2085,2087,11684,11702,0.7686134281312875,1286.2241135405393,0.6468436653197334,0.7743045267483251,high_DH
2086,2088,11698,11705,0.22524316523275278,1001.7400051209977,0.40452967417911084,0.323539247946679,high_DH
2096,2097,11796,11798,0.41349348878096276,1882.6058651649826,0.6637915435925331,0.527966654288483,high_DH
