ID_UC_G0,early_developed_fraction_1990,mid_period_fraction_2000,recent_expansion_fraction_since_2000,weighted_development_timing
4,0.9065519401660488,0.9758004466983345,0.024199553301665455,1990.4457149086365
5,0.6176186331601579,0.8080892975178185,0.19191070248218145,2000.086944113942
6,0.8398048419391252,0.9373899673794461,0.06261003262055387,1996.1269625861576
7,0.4362390197117166,0.7834351293051213,0.21656487069487873,1995.7641127056313
8,0.528256460578279,0.7591004467751328,0.24089955322486722,1997.0489129163432
9,0.36222115059832727,0.6878214429108893,0.3121785570891107,1998.4090797369956
10,0.613929159495585,0.818112968913006,0.181887031086994,1997.1746627981793
11,0.5359480381153314,0.8432010213698541,0.1567989786301459,1997.2561408277672
12,0.5969558031742407,0.7620440283534687,0.23795597164653126,1996.9511264431076
13,0.6490663046805035,0.8516103344762155,0.14838966552378452,1994.3368403775507
14,0.3690238071075406,0.5699429038262112,0.43005709617378884,2003.2337759526167
15,0.6131801375349701,0.7873007651489793,0.2126992348510207,1998.8813500611589
16,0.8711415741344197,0.8732489253729158,0.12675107462708424,1993.3309322926798
17,0.8674510226597795,0.9221312817378349,0.07786871826216513,1992.3486196389472
18,0.634586992068635,0.8105391061608592,0.18946089383914078,1996.3784209031974
19,0.6108676094953287,0.8091368928167973,0.19086310718320265,1999.117584200542
20,0.7230319484741886,0.8108384349681839,0.18916156503181614,1997.4090798642292
22,0.4490344935431176,0.6694643398271745,0.33053566017282554,1999.170471351528
23,0.3625529771240813,0.7642570004045816,0.23574299959541845,1996.1480187460334
24,0.5264663009817294,0.7368081207814028,0.2631918792185972,2001.1150772146357
25,0.509570475584485,0.7217205009327072,0.27827949906729277,1998.9273544280707
26,0.34108055345543875,0.49479006088639016,0.5052099391136098,2002.2168856736887
27,0.3377453228697554,0.6095242795857103,0.3904757204142897,2000.8144607596644
28,0.9028593237113163,0.9313514932814838,0.06864850671851619,1996.3737699482701
29,0.6154140710890569,0.8470334373960982,0.15296656260390185,1998.049378159376
30,0.9421285644036838,0.9497193664168362,0.050280633583163814,1992.3784014719906
31,0.8977165079523358,0.9160193687225856,0.0839806312774144,1993.4017029087915
32,0.8676933610185751,0.8676933610185751,0.13230663898142492,1998.612371629128
33,0.1804376525862613,0.9069444242209506,0.09305557577904944,1996.8668592827614
34,0.7245685909524328,0.8421981366549971,0.1578018633450029,1997.0965098054812
35,0.51081566976909,0.7346735223714375,0.26532647762856254,2001.6809503219665
36,0.663115118149517,0.8437461821569286,0.15625381784307135,1996.7256942919926
37,0.5505909233990621,0.7985289724827328,0.2014710275172672,2000.220871475636
38,0.023784427809555687,0.9537661492211448,0.04623385077885522,1996.440276381408
39,0.796724623456816,0.8260150892940498,0.17398491070595024,2001.214423906711
40,0.6228466837960313,0.8236268623077904,0.17637313769220964,1997.3294573003466
41,0.027500138972810763,0.4563995666583313,0.5436004333416686,2003.334532329957
42,0.9592679479645647,0.9820983431513883,0.01790165684861167,1990.1702047978133
43,0.5489019403509788,0.719686396766756,0.28031360323324395,1998.961473022508
44,0.28670109349170675,0.32572979602423896,0.6742702039757611,2006.7973808738152
45,0.1884082117074181,0.2347434372452759,0.7652565627547241,2006.5953837314316
46,0.4610623959321238,0.7522504919572329,0.24774950804276707,1996.828573232022
47,0.4517376328730644,0.596677281956297,0.403322718043703,2002.0875424350352
48,0.7151429117256174,0.857593330317498,0.14240666968250204,2000.4587929795262
49,0.7959558331089588,0.9180090164496402,0.08199098355035983,1992.6592412873692
50,0.7463837115857492,0.7958897427489771,0.20411025725102294,1998.5767978900863
52,0.5944668987745394,0.7389989855539933,0.26100101444600665,1999.5327624002878
53,0.6298224229428396,0.8186586547266492,0.18134134527335077,1997.3033165705233
54,0.7032875114214656,0.8541728162194165,0.14582718378058346,1999.0434935342948
55,0.18792510015754121,0.3837683677709364,0.6162316322290635,2002.3024744783165
56,0.8752810587494986,0.9257632717700499,0.07423672822995009,1997.672372803559
57,0.4171369374717731,0.6498701669840552,0.3501298330159448,1999.4256841012464
58,0.48367935681497226,0.7230333120078305,0.2769666879921695,2000.6217031356184
59,0.8314119529538078,0.8973974089923957,0.10260259100760427,1997.1105093416186
60,0.21977745110484684,0.3818306970698601,0.6181693029301398,2003.6227679726157
61,0.4984711787266424,0.5218623255638504,0.47813767443614963,1999.9552695739137
62,0.4548813344477298,0.575440182410884,0.424559817589116,2000.2698775734145
63,0.705647038738515,0.8642800161410479,0.13571998385895212,1996.5395219749296
64,0.5424249743055948,0.6918043051090847,0.30819569489091525,1998.892825942937
66,0.48249884110926294,0.7654981412301511,0.23450185876984886,1998.7673597757755
67,0.7680814733703836,0.8796084996493582,0.12039150035064183,1996.1134614990733
68,0.689461190393157,0.8061980610771502,0.1938019389228498,1998.2035361325788
69,0.7849902690049123,0.8725627778122786,0.12743722218772136,1999.650837840416
70,0.8833817999872671,0.9438776203127801,0.05612237968721989,1997.611748904043
71,0.9803846298302495,0.9803924342248066,0.019607565775193403,2011.675740068637
72,0.8805864968126307,0.9449473810404949,0.055052618959505084,1991.3019034075921
74,0.47573351331729063,0.7816472866567026,0.21835271334329742,1998.9210790369734
75,0.7972147765723215,0.8672686714413175,0.13273132855868253,1999.444379181751
76,0.2543997977315665,0.25659964191838314,0.7434003580816169,2007.5988325251938
77,0.8566584343421249,0.8573758449837705,0.1426241550162295,1999.1274523499521
78,0.5215528609148472,0.6585670502554928,0.3414329497445072,1999.7337292172972
79,0.79727132651144,0.8816130669514465,0.11838693304855352,1998.204253470099
80,0.7587063653640858,0.8473695829342581,0.15263041706574187,2000.7727627616694
81,0.7859863971165956,0.860368220953017,0.13963177904698298,1995.7631547477688
82,0.8687469027189836,0.9295816511672832,0.0704183488327168,1997.6065548539495
83,0.7533743848635516,0.8644856980396863,0.13551430196031367,1997.586697251676
84,0.9697233400108631,0.9803489836721742,0.019651016327825843,1987.439603106126
85,0.8111487227076324,0.8130660351246595,0.18693396487534053,2003.951623497779
86,0.7096535671475895,0.7119553128092663,0.28804468719073373,2003.173229640444
87,0.8736309827121018,0.9226034686086059,0.07739653139139413,1993.8171788494265
88,0.7456512021176273,0.8746765531993159,0.12532344680068408,1998.9913821849125
89,0.8634035708615819,0.9166358542574575,0.08336414574254247,1998.4057584644095
90,0.5000277176580155,0.8765331025668107,0.12346689743318928,1993.4347525627993
91,0.6868530817775262,0.7723932928669929,0.22760670713300712,1998.5057448778878
92,0.21825250837475468,0.3774862932776691,0.622513706722331,2005.4832679764215
93,0.8426607051020194,0.9315091336379119,0.06849086636208812,1994.3581536500842
94,0.6141233539955414,0.7410127795661356,0.25898722043386435,1999.9300281994442
95,0.8356911082352982,0.9188312840890782,0.08116871591092178,1995.1073264133831
96,0.6389224832552117,0.824437354604199,0.17556264539580102,1994.4317458958944
97,0.7754431061058666,0.9025731534860807,0.09742684651391931,1996.3313249146338
98,0.7015707823080948,0.831771775927133,0.16822822407286697,1998.5430128595817
99,0.8085267154725,0.8855025517932464,0.11449744820675356,1999.6086631893977
101,0.7166780898320795,0.8531997704633741,0.14680022953662586,1996.721583656779
102,0.8401091386757055,0.911417069006634,0.088582930993366,1998.4473132331052
103,0.7457886496157323,0.8164808371914637,0.1835191628085363,2000.3479168889671
104,0.7574710795968409,0.8780744464529122,0.12192555354708778,1995.1253833700646
105,0.7213945156668354,0.837095987767094,0.16290401223290596,1997.0241189762833
106,0.6569591581540454,0.7896391996822597,0.2103608003177403,1999.7595582344172
107,0.5656550925447925,0.7370827912803464,0.26291720871965363,1999.9090673353292
108,0.48444979418069267,0.6749063709937245,0.3250936290062755,2000.5972693967908
109,0.6610875435080662,0.8102498172514755,0.1897501827485245,1998.408479050903
110,0.8747300965710056,0.9497176530668678,0.05028234693313216,1991.6290409406208
111,0.4396518427487307,0.810707044101536,0.18929295589846395,1996.6653124696645
112,0.5923145572554473,0.8136268544274455,0.18637314557255447,1999.317398551446
113,0.5093774964486112,0.7312440788084733,0.2687559211915267,1997.8012786431643
115,0.47423654832919176,0.7004159293859039,0.2995840706140961,2000.8709402163736
116,0.5681428380332076,0.7601557825444548,0.23984421745554518,1995.7155414288152
117,0.7384329364449702,0.8367690434596894,0.1632309565403106,1995.380798223396
118,0.5745937912080799,0.6251547759297652,0.3748452240702348,2004.263421418797
119,0.4958732356698343,0.7414694507175332,0.25853054928246677,2000.0766920390693
120,0.6106830436195542,0.7533734356450746,0.24662656435492536,1996.016143231355
121,0.5520403032744268,0.6319297082859586,0.3680702917140414,1998.7963544296408
123,0.6586055446421549,0.8333260154251985,0.16667398457480154,1997.3718506146422
124,0.9074755418474945,0.9223298192624089,0.07767018073759113,1993.0551140503546
125,0.6212436142636375,0.7431652536985748,0.2568347463014252,1996.4495131371666
127,0.5690967689835325,0.7525822511117787,0.24741774888822132,1998.8614066464802
128,0.5752045137682434,0.8154146028718429,0.18458539712815714,1999.4589532022485
129,0.7018218129445963,0.823338981488387,0.17666101851161298,2000.15515799493
130,0.5385925522955355,0.7130151959136475,0.2869848040863525,2001.464936272923
131,0.3155555117905318,0.5591198845916324,0.4408801154083676,2003.7266653080098
134,0.4205089485252707,0.6478851869987103,0.35211481300128966,2002.2791202030676
135,0.6456013975693995,0.7036032461513766,0.2963967538486234,1998.3154072138818
136,0.8445547864480114,0.9024837214044624,0.09751627859553758,1993.9646292672874
137,0.6344216980491345,0.643238713571596,0.356761286428404,1997.953906955641
138,0.6097664549697118,0.8131577976660216,0.1868422023339784,1998.0136598605789
139,0.7851446513431782,0.9518980830471881,0.04810191695281185,1995.3107394000046
140,0.28889485959511146,0.5306412911652206,0.46935870883477937,2004.2093506758704
141,0.7060781481388231,0.8310993060214499,0.16890069397855012,1996.836049260454
142,0.7866275071508636,0.9295578071195744,0.07044219288042564,1993.2947675366645
143,0.4430057623349614,0.6894557060335731,0.3105442939664269,2001.0858445513647
144,0.4245323956026366,0.5880379310732923,0.4119620689267077,2001.2766340214807
145,0.8576487937552967,0.9302980031789322,0.06970199682106781,1992.0735043716666
146,0.3632319684275838,0.4500137315598713,0.5499862684401287,1999.868952998837
147,0.35837674239135675,0.524278927313944,0.475721072686056,2000.1531018703567
148,0.8699369605985251,0.8709097528224329,0.12909024717756712,1992.0160163317212
149,0.9298028149681916,0.9423856517043666,0.05761434829563339,2001.4726755348327
150,0.929555762796958,0.9328956232809016,0.06710437671909841,1986.4281792569261
152,0.7313460070552564,0.8391344689749973,0.16086553102500267,1999.0097269119399
153,0.6179450998976518,0.7459756377759958,0.25402436222400415,2001.2081790826999
154,0.8308458437618409,0.8938113789457136,0.10618862105428639,1989.7221818279743
155,0.2539784238998456,0.5959730079205561,0.4040269920794439,2000.264549840972
156,0.9933372359282712,0.9966408553677534,0.0033591446322466245,1983.6367953017727
157,0.6152749527963584,0.7632686182421566,0.23673138175784336,1996.22763108367
159,0.8234481773755599,0.830228862327642,0.16977113767235796,1992.9244260377059
160,0.44061553218924615,0.6584079401188816,0.3415920598811184,1997.6820623336373
161,0.5360596569165152,0.8549498606880984,0.14505013931190158,1993.6659245335504
162,0.6311417361703319,0.776783171626698,0.22321682837330203,1995.9312362457372
163,0.44737440969637005,0.7184228980855752,0.28157710191442475,1998.5321861586597
164,0.15998355402492997,0.44959315182794657,0.5504068481720534,2001.7978784535567
165,0.836568266450311,0.8546828517339657,0.14531714826603426,1988.2514972812526
166,0.4654289641928703,0.5923890515979515,0.4076109484020485,2003.33835329878
167,0.9328236283379936,0.9486763694919466,0.05132363050805344,1989.5856431387663
168,0.7720881985910385,0.8517691976001394,0.14823080239986064,1996.0711865826177
169,0.6298050437998745,0.8732203807458011,0.1267796192541989,1991.5717710469532
170,0.6011559274828959,0.828466514266639,0.17153348573336102,1994.8562782314286
171,0.6560093114951299,0.8960921793465246,0.10390782065347537,1991.8604852306817
172,0.8569563353900427,0.9377492480464485,0.06225075195355145,1991.508641085342
173,0.5569211752513606,0.7716846902023302,0.22831530979766979,1996.1912606576193
174,0.33457231056513603,0.5640737325679248,0.4359262674320752,1998.8478752310216
175,0.28622583654742445,0.5582718471199859,0.4417281528800141,1998.847382450275
176,0.7322952248014709,0.8981312197187042,0.10186878028129576,1995.1176591101987
177,0.032229821376028936,0.40128316456513785,0.5987168354348622,2004.1374701530942
178,0.8547139684820189,0.9399666397404258,0.060033360259574176,1994.0059587863307
179,0.5845356787956839,0.7738562613604785,0.22614373863952153,1999.1612009479159
180,0.8559692031282947,0.9123877986059032,0.08761220139409676,1996.9523126152744
181,0.18024475316788158,0.4572771791146305,0.5427228208853695,2000.8332964811846
182,0.5236252258710596,0.7083175289779418,0.29168247102205824,1997.6183586466343
183,0.6858602476716461,0.8951920509593012,0.10480794904069879,1993.8802800769324
184,0.8364112653454892,0.9295226494500637,0.07047735054993631,1995.702143129571
185,0.7264691122546443,0.8628896364569921,0.13711036354300787,1993.1224291123567
186,0.7847162070333855,0.9076189616539873,0.09238103834601274,1992.4971901682943
187,0.9126546052603237,0.9128640955649967,0.0871359044350033,1992.1954810950378
189,0.9602220071723482,0.9615607962250516,0.03843920377494836,1986.6626974064661
190,0.7074245741328251,0.7141092139456802,0.28589078605431983,2006.1798749020904
191,0.7408908875705541,0.7549538364371702,0.24504616356282982,2004.9388956221055
192,0.7039685634759841,0.9065743115730275,0.09342568842697252,1994.0358285607329
193,0.8626684244838654,0.8825297266701841,0.11747027332981586,1996.485594452157
194,0.40219784487817317,0.5063281057167551,0.49367189428324487,2004.0570418811274
195,0.7025449717330035,0.884859285661246,0.11514071433875395,1997.7335297429915
196,0.46988553261244703,0.8108332940997488,0.1891667059002512,1995.7042740527247
197,0.651724659544806,0.8296186820060589,0.17038131799394107,1995.773903962209
198,0.3832475168928497,0.5743982091950667,0.4256017908049333,2001.1651231634276
199,0.6590447368990091,0.7868375538570264,0.21316244614297364,1998.7572712731035
201,0.611940385558131,0.8873672477880643,0.1126327522119357,1991.9207862390015
202,0.6921733933208143,0.7768532071351085,0.22314679286489147,2001.1675261560365
203,0.5241869685034256,0.7233223511863263,0.27667764881367374,1999.2725706148158
204,0.5621013374307259,0.8097786418789208,0.1902213581210792,1995.2621636544498
205,0.8209367501679624,0.9071523178807948,0.09284768211920524,1995.0262345885747
206,0.6048566748157038,0.8159836316332464,0.1840163683667536,1993.3681436008821
207,0.7077200922066211,0.8657264449661205,0.1342735550338795,1996.9249044345968
208,0.41882401722609547,0.662145935602823,0.337854064397177,1998.9363411785368
209,0.5036114684434603,0.7747452098658245,0.2252547901341755,1999.037816858631
210,0.10716476017201214,0.38644764820988814,0.6135523517901118,2003.752379669664
211,0.7492204017960674,0.9032740823356956,0.09672591766430438,1994.9356968580068
212,0.6460784106473244,0.7997887342682012,0.20021126573179882,1996.0910332707938
213,0.8865413707890236,0.9393055512646399,0.06069444873536012,1992.834723583015
214,0.5703328900921324,0.8297996975146953,0.1702003024853047,1998.6829415840002
215,0.90651350227323,0.906701956579893,0.09329804342010695,1994.1016255391012
216,0.18464136321139157,0.8995289330492695,0.10047106695073049,1996.9431447033594
217,0.662803692373027,0.8734885898067645,0.12651141019323553,1996.4736053636677
218,0.7235055715369296,0.8659709852293844,0.13402901477061557,1995.31352459873
219,0.48442555823449573,0.4845458241940749,0.5154541758059251,2005.5568367364115
220,0.32668127818543163,0.6018589865232231,0.3981410134767769,2000.5094136577395
221,0.48632981016488813,0.8443059745125034,0.15569402548749656,1995.4878857222811
222,0.3710880216942377,0.548200246784741,0.451799753215259,2002.8425024817145
223,0.8220258192384386,0.9594657767128452,0.040534223287154836,1992.2709510086456
224,0.805013778077271,0.8699482868073622,0.13005171319263775,1992.806550620863
225,0.4234403097052766,0.6823123815223825,0.3176876184776175,1997.2942592871568
227,0.7961642935965081,0.8894380693469627,0.11056193065303732,1992.784279517261
228,0.46409350256956716,0.4863059566192637,0.5136940433807363,2002.0419786535533
229,0.6598914403874409,0.791519562496599,0.20848043750340095,1996.827904451683
230,0.45542972630177186,0.8848831802333681,0.1151168197666319,1996.7375907490032
231,0.669248671110075,0.8704088109992606,0.1295911890007394,1996.9014574094247
232,0.6667430449645341,0.732137160055103,0.267862839944897,2002.2389184310732
233,0.7750344570006548,0.8763557536886272,0.12364424631137283,1995.976969930452
234,0.4246485629646768,0.6139665278940325,0.3860334721059675,1998.2896708848643
235,0.8338422624774069,0.913331007379997,0.08666899262000305,1994.4535205663863
236,0.8779826952036995,0.9237174938141628,0.0762825061858372,1997.1009270417367
237,0.3245179371149098,0.5950149819680236,0.4049850180319764,2000.220962743393
238,0.5096484985000602,0.7151900295233327,0.28480997047666734,2000.6393718578681
239,0.3979611885615936,0.585963229347288,0.41403677065271205,2000.1669507890585
240,0.4934961432933968,0.7286396277876009,0.27136037221239906,1996.1547957578275
241,0.5560168573637049,0.6638744023818839,0.3361255976181161,1997.3049730904372
242,0.6367061929823523,0.8210033837412964,0.17899661625870356,1997.5333779812047
243,0.6263105642757779,0.6655615224602014,0.3344384775397986,1999.9044903849876
244,0.7040264430646552,0.8626171019253015,0.1373828980746985,1996.9044401545148
246,0.7688075353657173,0.883497527864678,0.11650247213532205,1995.9567521490155
247,0.8025590621723778,0.8709033069701659,0.12909669302983406,1998.638806973118
248,0.8639407472783068,0.9320109502838483,0.06798904971615172,1995.4156662378446
249,0.797570053486095,0.8840309497937622,0.11596905020623782,1995.0055748686648
250,0.46360701815344574,0.7367581293403922,0.2632418706596078,1999.2679754897442
252,0.826812969123147,0.9374434760255658,0.06255652397443423,1994.6400525070683
253,0.500800007968951,0.6428141852307945,0.3571858147692055,1998.8213061406632
255,0.49350463834564046,0.4937444625071126,0.5062555374928874,2003.9684403354597
256,0.8087833023361117,0.890432900853801,0.109567099146199,1996.313197893494
257,0.7370326695566167,0.8308111597217241,0.16918884027827585,2000.4585513362172
258,0.6141893031419786,0.7442974069772395,0.25570259302276055,1998.2579141449116
259,0.8625121730238954,0.8908583291104346,0.10914167088956539,1994.1417918711115
260,0.9069070474804822,0.9445152583830173,0.05548474161698269,1994.745855508491
261,0.7810901961785435,0.884443981949125,0.11555601805087501,1996.032437236318
262,0.4663584214262418,0.47794064040826506,0.5220593595917349,2000.935260071217
263,0.8165984232875819,0.8947570440615525,0.10524295593844746,1998.7943653076977
264,0.6903375503642781,0.6994275578489075,0.30057244215109247,1998.9906756944954
265,0.8405596319904978,0.8824000280923284,0.11759997190767157,1998.7313640970879
266,0.4631792117026683,0.7602204248298788,0.23977957517012116,1996.8481091113065
267,0.7537716432392362,0.8467570297763661,0.15324297022363387,1999.937195004674
268,0.5776938055240229,0.7595768271778799,0.2404231728221201,1996.767535373273
269,0.7358369877972127,0.8669709718150052,0.13302902818499485,1998.0335865756017
270,0.8004242063350556,0.9524526443774343,0.047547355622565735,1991.822774536475
271,0.6940444319689922,0.8443329861278663,0.15566701387213366,1998.1382614763882
272,0.6657608156311304,0.8029660468613175,0.19703395313868255,2000.712702603404
273,0.39439312974653506,0.78204940785059,0.21795059214941004,1998.2873931060099
275,0.7855521419449483,0.8711125797596057,0.12888742024039435,1996.9322840744567
276,0.7328487097648688,0.8514690799979668,0.14853092000203316,1996.7196075312481
277,0.6876994170300411,0.7836191817352712,0.21638081826472877,2000.598631477337
278,0.8606478155763713,0.9360787298155274,0.06392127018447258,1992.982250448415
279,0.5560921271067719,0.7332356190252843,0.26676438097471566,2000.5471867820015
280,0.613441254476852,0.8156853589495071,0.1843146410504929,1998.6244876480437
281,0.775213869554123,0.8924929505670662,0.10750704943293377,1995.4810930188487
282,0.8164572648264822,0.9005325813861168,0.0994674186138832,1997.0038309013833
283,0.8390997745403427,0.9608691143314756,0.03913088566852441,1993.8026687076374
284,0.7070734615400484,0.8530103770861672,0.14698962291383277,1996.004144890425
285,0.8058135829106584,0.9145931604779637,0.08540683952203632,1995.0547862286285
286,0.5940637670683638,0.7767624199926749,0.22323758000732508,1994.0258399233091
287,0.4858927017057826,0.6825058830165152,0.31749411698348484,2001.7374226831696
288,0.9323105589423442,0.9755087782152085,0.02449122178479146,1991.0964112613779
289,0.855773460760869,0.9661806070756046,0.0338193929243954,1992.241337957197
290,0.6819900861117768,0.8246005851519473,0.17539941484805266,1993.1216245146968
291,0.623797903372456,0.7200858683656787,0.27991413163432133,2001.6155331785556
292,0.39299344726986973,0.6103906512693538,0.38960934873064623,1999.3425378394581
293,0.6760858391203325,0.7586639735072433,0.24133602649275665,2001.1407056135038
294,0.6837836279366061,0.8883902444082739,0.11160975559172615,1995.5636119279359
295,0.617148698213082,0.774466752734721,0.225533247265279,1997.6034071733357
296,0.5151256672696642,0.6689879114274464,0.3310120885725536,1997.4915083182043
297,0.2158435141118148,0.3604093173775427,0.6395906826224573,2005.4016058936097
298,0.5252100758268051,0.6455287297789373,0.35447127022106273,1999.2924457018723
299,0.5674853901429963,0.7213529607070501,0.27864703929294987,1999.1119752466755
300,0.6355761884608224,0.7907952944396328,0.2092047055603672,1998.8422697010383
301,0.6202577407779205,0.8686848629073388,0.13131513709266118,1996.5402416163822
302,0.606567165055232,0.7760679148498325,0.2239320851501675,2000.4093683410972
303,0.6124632505158397,0.759404397463782,0.24059560253621803,2001.7367123402187
304,0.6040798806065304,0.8026946845273888,0.1973053154726112,1998.3866283155448
305,0.8606200030655055,0.8763968012276707,0.12360319877232928,1995.8138057629067
306,0.1876549940883665,0.2531602400421266,0.7468397599578733,2009.241447485557
307,0.12380872491901732,0.3312241744126492,0.6687758255873508,2004.8221650779487
308,0.4932433486686301,0.7729685996193639,0.22703140038063607,1995.6758006720374
309,0.9010281980024775,0.9526994347803317,0.0473005652196683,1995.3496794372847
310,0.452531756377537,0.49344663618001067,0.5065533638199893,2005.8865111976063
311,0.17846614949523804,0.31545181788872656,0.6845481821112734,2004.9790761450736
312,0.7704281581669953,0.8925248354108011,0.10747516458919892,1997.6184201277822
314,0.6267811656430603,0.7719314455495769,0.22806855445042307,2000.1338721829504
315,0.5725225548473525,0.6828801040840539,0.31711989591594614,2003.2531874964411
316,0.10055380605928982,0.24476056032142468,0.7552394396785753,2005.993941795946
319,0.4370344515964945,0.6923572273134356,0.30764277268656437,1994.723806213352
320,0.8623279816513761,0.8635100564573042,0.13648994354269584,1991.8020750732571
321,0.4031269716154631,0.6903070269426012,0.30969297305739885,2000.3980227500972
322,0.6153466926473764,0.7595630610064316,0.24043693899356844,1999.2946466967333
323,0.029361082731502952,0.3104575422793166,0.6895424577206835,2006.3380713934257
324,0.8896029297033431,0.9389889146894709,0.06101108531052912,1990.6516967524253
325,0.7144124963189443,0.8104627978879457,0.18953720211205427,1998.681786015805
326,0.9847453189213303,0.9942025033681028,0.005797496631897214,1983.819472239531
327,0.2708156169459486,0.48586580644470545,0.5141341935552945,1999.3429757664976
328,0.8959583336933291,0.9283218252493985,0.07167817475060145,1992.9579575705513
329,0.5125195035637894,0.6923513795821383,0.3076486204178617,1999.3360224849314
330,0.42727005297066256,0.45055211054679206,0.549447889453208,2005.3547973764726
331,0.6881581995415706,0.8424895411801078,0.15751045881989223,1997.2863676739844
332,0.7981117891210094,0.8359100143780536,0.16408998562194643,1994.2665667522974
333,0.40091642207766204,0.5781290228454713,0.4218709771545287,2001.6419434690677
334,0.7378842524728428,0.791082290533773,0.208917709466227,1994.8815274872293
335,0.6594517478930426,0.7063012595541491,0.29369874044585087,1996.1207866538
336,0.43174811647243494,0.6492902262556269,0.35070977374437307,1996.8392561615801
337,0.6154369285900797,0.7122415613771675,0.28775843862283246,2001.7514382655636
338,0.6049386475408519,0.7962284304654931,0.20377156953450692,1996.9783757786604
339,0.8691080178477422,0.927362350652431,0.072637649347569,1989.6212899756679
341,0.08231134277968473,0.5533951449779975,0.44660485502200253,2000.6513284096752
342,0.5642860204419254,0.7836466960847789,0.21635330391522112,1996.5563537219439
343,0.5814158291518282,0.8283484736841659,0.17165152631583414,1995.177487208394
345,0.7154854363352133,0.9006959025564002,0.0993040974435998,1994.4997414314746
346,0.6939783084406639,0.8738700648042607,0.12612993519573934,1996.8205773233685
347,0.5663365523105127,0.6878778983744751,0.3121221016255249,1999.4147950286024
348,0.6235651936508865,0.7987082716773581,0.20129172832264186,1998.029910108229
349,0.5577741143622156,0.7319676113625058,0.26803238863749423,1996.9918891919244
350,0.8485391117830676,0.9454528494259039,0.05454715057409609,1992.0943016375659
351,0.8100692163890995,0.9252966953247754,0.07470330467522457,1996.9380471271354
352,0.7900974355441439,0.8947421951950666,0.10525780480493341,1990.6250762569173
353,0.9294749688060446,0.9296119622923951,0.07038803770760493,1996.7669563625343
354,0.6579601030152836,0.7342440067342955,0.26575599326570454,1995.7382842000366
355,0.8928486674425761,0.906573513808353,0.09342648619164695,1992.5087789305667
356,0.7132331329158454,0.88006369173953,0.11993630826046997,1995.3986999085225
357,0.619302503713983,0.71521641029954,0.28478358970046,2001.7895558678479
358,0.8166311453180455,0.923964061002183,0.07603593899781702,1996.5953867950957
359,0.8896598306771093,0.9406415519625656,0.0593584480374344,1989.5963073611772
360,0.6527579400385206,0.8417526318147982,0.1582473681852018,1994.1443615364112
361,0.48038240258525694,0.7368734323837682,0.26312656761623177,1997.7156442095031
362,0.7033392680924611,0.8081196337627466,0.19188036623725335,1998.3718396579027
363,0.7824048718476478,0.9011055293364774,0.09889447066352264,1993.113548237596
364,0.16206052533736026,0.23865072594399941,0.7613492740560006,2007.751514572804
365,0.46174471684999574,0.712401043662389,0.287598956337611,1999.8410013883138
366,0.6318412400115766,0.8227205014766247,0.17727949852337532,1996.5972229957881
367,0.884238647342546,0.9218702671665642,0.07812973283343583,1995.4987907725267
368,0.5578388870195851,0.8523658699459773,0.1476341300540227,1997.0022382900597
369,0.7272599894765172,0.8664395870433379,0.1335604129566621,1993.9299528715417
370,0.4260610944284359,0.7444176315237628,0.25558236847623717,1999.6063267308082
371,0.34904836432987196,0.6552546905274264,0.34474530947257365,1997.8886627334955
372,0.744191665549841,0.862853319230106,0.137146680769894,1996.9434101423822
373,0.366665210459584,0.7214875406419865,0.2785124593580135,2000.3490374823803
374,0.41187576692292965,0.7078485854867942,0.2921514145132058,1999.4815694583738
375,0.7560056871085464,0.9480532615071621,0.05194673849283793,1996.0280111479597
376,0.7355974081052828,0.8859944511326416,0.11400554886735836,1995.9160045696067
377,0.5397954302101599,0.7679863196911204,0.2320136803088796,1999.7732486402474
378,0.8538292185124752,0.8551990946279853,0.14480090537201473,1997.048404937558
379,0.6263009098155699,0.8022409430643144,0.19775905693568563,1997.6962675491357
380,0.5705637029706476,0.7495194511610886,0.25048054883891135,1999.9915261156004
381,0.5813162206677833,0.7038394471458672,0.2961605528541328,2000.682391971196
382,0.9333298360138037,0.9751801812096293,0.02481981879037065,1993.5092752711837
383,0.6880605606502985,0.8597509856581781,0.1402490143418219,1995.4768953241303
384,0.6838662152618061,0.8082331873133219,0.19176681268667806,1993.8798751462093
385,0.46137325223323833,0.606168241965226,0.393831758034774,2001.2062488750225
386,0.5828269200870977,0.6744944434013639,0.3255055565986361,1999.3080053599879
387,0.6398761592820366,0.7309377201380676,0.26906227986193243,1996.7183518949319
389,0.4159142045361231,0.5273546946082215,0.4726453053917785,2002.5758130629763
390,0.9289402397429289,0.940167359427951,0.059832640572048956,1987.6567578464756
391,0.6392809683798429,0.7716698036301567,0.2283301963698433,1998.5186701735452
392,0.6868466046392028,0.8927119526690606,0.10728804733093944,1996.619197862987
393,0.7384512641745083,0.7655965134461999,0.23440348655380006,2000.0606990285255
394,0.7917939321280093,0.8859404660156628,0.11405953398433721,1997.3932684576903
395,0.5472576236931022,0.6682154124115064,0.3317845875884936,2001.3896208886667
396,0.793947234277614,0.8945274500764617,0.10547254992353827,1994.9719400580905
397,0.17138280232203762,0.39802777475365936,0.6019722252463406,2002.7184786565508
398,0.8295760025751296,0.8908250693644952,0.10917493063550476,1996.783588304335
400,0.4536018819853569,0.6866359511745901,0.3133640488254099,1997.2747356096638
401,0.32511461476551845,0.6069523535690752,0.3930476464309248,1999.4463039294262
402,0.13276895042261477,0.2866873707396311,0.7133126292603689,2006.1262679104289
403,0.7292508389653066,0.9071262068833613,0.09287379311663868,1997.1935766968897
404,0.4818974801103432,0.5030986432535107,0.4969013567464893,2005.6235724711153
405,0.6916534796077426,0.8266070124898878,0.17339298751011223,1998.4117920198535
406,0.6673751567816023,0.823073967460435,0.17692603253956496,1998.17912190246
407,0.8210503999690197,0.900025381155146,0.09997461884485404,1996.378906318741
409,0.8838133483754809,0.9517862823485428,0.04821371765145721,1993.488712932386
410,0.8270131124890676,0.9048679753085558,0.09513202469144422,1996.279693397216
411,0.5277464494619432,0.7049575058020147,0.29504249419798534,2002.587361362795
412,0.8604388661722181,0.908137025722774,0.091862974277226,1994.7071443951447
413,0.5701649620449329,0.737761633538148,0.26223836646185195,1996.528295811455
414,0.8046474917176801,0.8053918876363232,0.1946081123636768,1998.4908205444274
415,0.8024783493784153,0.8995773420253087,0.1004226579746913,1996.505332828603
416,0.8075468055044455,0.8795175659774752,0.12048243402252479,1997.8766665819073
417,0.7717347071415561,0.8647794997775257,0.13522050022247434,1997.2090480680315
419,0.7931923666801713,0.8875861396607632,0.11241386033923684,1996.8630237120074
420,0.5369070826262246,0.6558176151814671,0.3441823848185329,1998.2281091870868
421,0.335835579632116,0.34540334875875345,0.6545966512412466,2002.7282702630437
422,0.7097659974782594,0.794949014263856,0.205050985736144,2001.1333554244814
423,0.8266830620450277,0.8884332182984165,0.11156678170158352,1998.3371271379383
424,0.7180262609933895,0.7796013649474429,0.22039863505255708,1998.0136934513446
425,0.6431331168222372,0.7997082116083449,0.20029178839165507,1998.3903627812244
426,0.6898733244582191,0.7946628709772658,0.20533712902273416,2000.2210957503476
427,0.8582688605882545,0.8590328313776514,0.1409671686223486,1999.7814183288745
429,0.5590901654447756,0.8249395340710085,0.1750604659289915,1994.2899362177466
430,0.8322874379698009,0.9247081978008634,0.07529180219913656,1994.949997239958
431,0.795147792546491,0.9086039441870963,0.09139605581290366,1995.001122138408
432,0.630329341105581,0.9047739143257151,0.09522608567428492,1995.5702827924724
433,0.8007453071088712,0.9217073816510258,0.07829261834897416,1995.46843423141
434,0.693516434529092,0.7682314718387271,0.2317685281612729,2001.865021594358
435,0.75452383276882,0.8274306113298394,0.17256938867016058,1997.582163276158
436,0.8097905618076275,0.8779205948711809,0.1220794051288191,1996.7894223469589
437,0.7141036443088538,0.8667406070431702,0.13325939295682976,1997.1946525457224
438,0.6900923663109448,0.8399764546003433,0.16002354539965669,1998.6069895957548
439,0.819023233379388,0.9139459250073303,0.0860540749926697,1996.6433894964987
440,0.7778649704264093,0.8812133265529944,0.11878667344700555,1998.5273407350817
441,0.8960171551382401,0.9570822651187946,0.04291773488120543,1989.5104277839012
442,0.7692900345885832,0.8875685120015167,0.11243148799848335,1996.923346989727
443,0.5931524300633929,0.8087749028235519,0.1912250971764481,1999.626227515913
444,0.3389302271481032,0.3901091706684834,0.6098908293315166,2003.7431682220968
445,0.5652850431119831,0.7688160855399349,0.23118391446006514,1996.766651743521
446,0.7150421046536289,0.8611925534535684,0.13880744654643162,1994.0270054147857
447,0.5222128586540218,0.6753097603139349,0.32469023968606514,2001.2952663586457
448,0.640087114873963,0.70104366207396,0.29895633792604004,2000.0826300628858
449,0.37748963498902527,0.52594301276319,0.47405698723681,2000.0264097543875
450,0.7665394415991224,0.9213719218312088,0.07862807816879125,1994.0242726049607
451,0.12328162548198954,0.413503379381899,0.586496620618101,2006.0920528909085
452,0.7554804673220125,0.8140584703366701,0.18594152966332989,1995.730028540952
454,0.01719900339598156,0.1943293568421023,0.8056706431578977,2009.4849277343876
455,0.8743137750594172,0.8779373555788724,0.12206264442112758,1997.4998411297265
456,0.6991887652747584,0.836608499925509,0.163391500074491,1997.920325011041
457,0.7432458509819129,0.8649349959971867,0.1350650040028133,1999.6376620079986
458,0.6765961930876835,0.8518409189320952,0.14815908106790476,1998.8641655984827
459,0.7297564000706552,0.8458672431235419,0.1541327568764581,1998.4843083348521
460,0.5561409524548929,0.7550347607864111,0.24496523921358893,2000.0932526508034
461,0.8094643882336182,0.8687842175546427,0.13121578244535725,1995.5822675815898
462,0.5687599446200897,0.6134555932002382,0.38654440679976176,2001.06823439863
463,0.7725720181900612,0.8105080483759243,0.18949195162407573,1994.9184572938343
464,0.113129640202397,0.46985206820449693,0.5301479317955031,2001.8152354447423
467,0.7653576953779311,0.8539252177294958,0.1460747822705042,1997.7352690003913
468,0.3986743015086664,0.7111594831351311,0.2888405168648689,2001.387574390985
469,0.6234755869945638,0.7354991885429883,0.26450081145701165,2000.3053812941755
471,0.18520160473062675,0.3973304560806331,0.6026695439193669,2007.774215666494
472,0.3521056745005841,0.6429980517554021,0.35700194824459786,1998.0587269546895
473,0.5685073691948501,0.7161035155744452,0.2838964844255548,1996.6981226920068
474,0.32377152103173346,0.7794643696231798,0.22053563037682022,1996.2217271250915
475,0.8928306822843406,0.9311371564133286,0.06886284358667139,1998.7244062255832
476,0.552826800334365,0.8510652858714529,0.14893471412854709,1996.9716295787475
477,0.256434036233606,0.364124322331411,0.635875677668589,2007.3999368592088
478,0.9098423503792558,0.9456472509675825,0.05435274903241749,1989.6888243643052
479,0.34959185749082095,0.7840749544670124,0.21592504553298764,1998.4035078566917
480,0.8833728304147686,0.898662631166643,0.10133736883335698,1997.2784475755204
481,0.35860542211002727,0.5374859842133949,0.4625140157866051,1999.7767056809446
482,0.9015638586598509,0.9478142868435614,0.05218571315643861,1989.2398002440084
483,0.6295315469030599,0.7910943069813698,0.20890569301863016,1995.892402452664
484,0.7988144233070964,0.8486807975636104,0.15131920243638963,1992.2208253661868
485,0.5622833935555172,0.7114244557641641,0.28857554423583587,1999.3239854274598
486,0.6027616796231404,0.8018100581546453,0.19818994184535466,1995.0656500528173
487,0.3377550903848622,0.7225615102869349,0.27743848971306506,1997.2020124674618
488,0.46844620201021586,0.5397138335498358,0.4602861664501642,2005.1111762092603
489,0.4304004942890733,0.618208249580926,0.381791750419074,1996.6428645651501
490,0.850373015350495,0.9298506518570729,0.07014934814292706,1989.9857475220397
491,0.645997719075391,0.8155628851589019,0.18443711484109815,1994.9926794308085
492,0.7900555448264333,0.921840041276695,0.07815995872330495,1991.5810845654437
493,0.7671894062002768,0.8690250216291897,0.1309749783708103,1994.568740406431
494,0.457663205027548,0.6620213389652111,0.3379786610347889,1996.5832081306564
495,0.5706920586779353,0.8682088601460146,0.13179113985398538,1995.6070542054324
496,0.006879920721413526,0.3362084277621831,0.6637915722378169,2004.6431925504155
497,0.4992713683239055,0.702522392345344,0.29747760765465603,1995.05663030216
498,0.8465975913817512,0.9095665573982515,0.09043344260174846,1996.9236536907636
499,0.35701955980318706,0.44895924028590517,0.5510407597140948,2003.574962843784
500,0.47259379899766996,0.6997765780101165,0.3002234219898835,1997.6645658744806
501,0.6232593359624967,0.8298556780646807,0.17014432193531925,1995.5366210676002
502,0.6670668902368431,0.8190893448790493,0.18091065512095073,1998.769641719077
503,0.7533248037852551,0.8623759267006295,0.13762407329937054,1992.6252786437158
504,0.7352997552887657,0.777795170946451,0.222204829053549,1993.0190613752604
505,0.9126338573764,0.9128458117003505,0.0871541882996495,1991.7868481381847
507,0.47991171852761594,0.7146907529411255,0.2853092470588745,2002.0305885441398
508,0.6114447888450287,0.7950227134022602,0.20497728659773984,1997.8625153994008
509,0.49145815670962245,0.7955078868706059,0.20449211312939408,1996.2357235898514
510,0.6292838428342884,0.8052347925126881,0.19476520748731185,1997.3171098706255
511,0.5024763961267518,0.7650733690575457,0.23492663094245425,1998.7384788192887
512,0.49389217586216677,0.6896014101668565,0.3103985898331435,1999.2479733836901
513,0.7796911669867779,0.8709724022429938,0.12902759775700623,1995.5454180187908
514,0.5250288384540874,0.7325254891571671,0.2674745108428329,2000.7352900257426
515,0.6643866916240305,0.7638739152054924,0.23612608479450758,2001.1295657809278
516,0.37893694388416205,0.7784206024938191,0.22157939750618094,1996.9982209252178
517,0.7370782972300917,0.8283714572018853,0.17162854279811468,1992.1189863549623
518,0.6615813301062801,0.8873487447843474,0.11265125521565256,1996.2397639924734
519,0.5232457942031605,0.6899650459055943,0.31003495409440573,1999.129865604428
520,0.5685254820385631,0.8089069430387145,0.19109305696128553,1997.8226178151135
521,0.4641361751420837,0.5756378852416597,0.4243621147583403,2001.6435527868164
522,0.7242477041053172,0.8523832111132105,0.14761678888678953,1999.0429119072246
523,0.6628560008994481,0.8548575120722598,0.1451424879277402,1998.936059796823
524,0.43845791155331376,0.6146916155751528,0.38530838442484716,2000.731288219676
525,0.8491860420011359,0.9499185549886263,0.05008144501137368,1993.9990341813777
526,0.6586920072647477,0.8135152071173883,0.18648479288261166,2000.5154157990467
527,0.507963654170608,0.7481008159590992,0.25189918404090084,1999.361552179882
528,0.7273443241017039,0.850083258012177,0.149916741987823,1996.504869835827
529,0.2905703562095515,0.5693152919304769,0.4306847080695231,2000.918422873181
530,0.4157846595525486,0.49833914796324286,0.5016608520367571,2006.2459726944853
532,0.793979253473949,0.8042178584162067,0.19578214158379326,1996.7562327007213
535,0.38524231575064205,0.3950501090148932,0.6049498909851068,2001.3385249793178
536,0.7899237003829825,0.964115429148235,0.035884570851764996,1990.8532806113242
537,0.4971885398841082,0.6832221667516822,0.31677783324831776,1998.7487750005344
538,0.7045454174960183,0.8965651121859399,0.10343488781406007,1996.2469133754691
539,0.4419696133891455,0.5430031565588281,0.45699684344117186,2005.8834401129682
540,0.45883879108257974,0.6800858589665658,0.3199141410334342,2000.3352548818227
541,0.07275634815466983,0.252480946945404,0.747519053054596,2004.343741558087
542,0.871903037600033,0.9143425537290653,0.08565744627093475,1997.5415953353618
543,0.3438674320471574,0.6208326607491532,0.3791673392508468,1999.9576924016105
544,0.8350078106231961,0.9014106530274292,0.09858934697257082,1998.509882996622
545,0.460694276761127,0.636480963051734,0.36351903694826604,2002.966674713542
546,0.4198412426307508,0.5153220134298335,0.4846779865701665,2001.23427836804
547,0.4240590940067272,0.620614904396251,0.379385095603749,1998.9291840165888
548,0.48805299811844144,0.5926236269537146,0.4073763730462854,2003.4745681431768
549,0.7829754661102712,0.8979053891594589,0.10209461084054106,1994.8826617918482
550,0.7902024979175137,0.791003807255788,0.208996192744212,1996.9978798794095
551,0.7561205405004875,0.8889221617178095,0.11107783828219053,1996.1105500035103
552,0.7857643736275151,0.9056421455220445,0.09435785447795553,1997.1778005744768
553,0.6964884827315889,0.8198260992557557,0.18017390074424433,1996.727353517832
554,0.5632270570177366,0.7596505890581476,0.24034941094185236,1997.7724378953826
555,0.8095815652904692,0.8852146124195905,0.11478538758040946,1998.5403105131982
556,0.5896873303148332,0.7834261322238045,0.21657386777619547,2000.8533391981582
557,0.8709953653769472,0.9224344935120423,0.07756550648795768,1995.0346177876581
558,0.8587295574774556,0.9303035760339541,0.06969642396604592,1993.4474811008477
559,0.5671326732887045,0.7655042273359576,0.23449577266404242,1997.0070485432013
560,0.8275536864746822,0.9122780932060796,0.08772190679392045,1995.7927829403077
561,0.8015267942972164,0.8852095145532362,0.11479048544676385,1998.5501588828733
562,0.7272936460873396,0.8333218988965325,0.16667810110346748,1997.988633691141
563,0.7848891555711333,0.7878801524639728,0.2121198475360272,1997.3829937286678
564,0.47682486870700014,0.49176175868702143,0.5082382413129786,2005.2442803496974
565,0.4725995998255915,0.4816922793224265,0.5183077206775735,1999.662750087723
566,0.7240687302156162,0.7833864697477592,0.21661353025224084,1997.4420088861455
567,0.8755252341717156,0.9351323638968645,0.0648676361031355,1994.374556498885
568,0.8402345749946262,0.9070409573992727,0.09295904260072729,1993.6440235245211
569,0.7870830167451112,0.9139075565964784,0.08609244340352162,1996.3978782578465
570,0.6717937204100003,0.7181104638645744,0.28188953613542556,2002.211700774656
571,0.6672304970980111,0.7909156859197995,0.20908431408020045,1999.9540819154242
572,0.6549996475018247,0.8305687661734457,0.16943123382655434,1998.6833831190563
573,0.6530340569413816,0.8024648990404211,0.19753510095957894,1999.0478224262038
574,0.5532998629911425,0.8511434492057525,0.14885655079424753,1996.989515876882
575,0.42899154753391233,0.6940865974450842,0.30591340255491584,2000.2911351518715
576,0.5287073776375406,0.66680968577744,0.33319031422255996,2001.6730749163182
577,0.8372820941032508,0.9126846808894773,0.0873153191105227,1994.4664079284455
578,0.7156120495604801,0.8460759597830316,0.15392404021696837,1998.8785068402046
579,0.6445529230005864,0.7452171387974198,0.2547828612025802,2001.645101086489
581,0.8060997890425471,0.9210709447770863,0.07892905522291371,1993.1004701722861
582,0.7029584523962618,0.828693267770814,0.17130673222918602,1999.7415728066185
584,0.6630102398192176,0.8233579810314221,0.1766420189685779,1998.0437310435116
585,0.7990803788428283,0.9155260235426548,0.08447397645734522,1996.8979103216852
586,0.7914516537376735,0.8646052709662517,0.13539472903374827,2002.6649389724896
587,0.8551736742683183,0.9128903425276756,0.08710965747232435,1996.1400010812808
589,0.26007203479416474,0.3393405116433598,0.6606594883566401,2004.7797503613256
590,0.8027555937313419,0.9341250738529986,0.06587492614700141,1992.7036508115218
591,0.5875457018657645,0.8648878595043037,0.1351121404956963,1995.8117731254417
592,0.2735068712985306,0.4798174559019664,0.5201825440980337,2000.616686979486
593,0.17421262464948678,0.20340868352162758,0.7965913164783724,2011.3548827923744
594,0.5805821695509229,0.7580476596348789,0.24195234036512114,1997.1504803749333
595,0.4264680693794229,0.7583608631271884,0.24163913687281158,1995.286120732743
596,0.6773609845266756,0.8492979249178081,0.1507020750821919,1997.4157179817428
597,0.46792912550835414,0.605382085591421,0.39461791440857896,2000.241381409406
598,0.17633631404417832,0.21682205107417918,0.7831779489258208,2006.0351862531854
599,0.6557113818128201,0.7143911819265294,0.2856088180734706,1997.0477270639708
600,0.4719600617229306,0.5948581776777893,0.40514182232221074,2001.2520265354567
601,0.7748845190195381,0.8951840736616008,0.1048159263383992,1997.3676682032442
602,0.4783556682996586,0.6723597473383156,0.3276402526616844,2001.5599677497053
603,0.8208915214307203,0.8812696256200749,0.11873037437992506,1991.1179196790572
604,0.5920411821370651,0.7546421356831918,0.24535786431680817,2000.3095455890211
605,0.7316973754890872,0.8658303997659139,0.13416960023408608,1998.4194703603239
606,0.5549275069993832,0.7710513225200636,0.2289486774799364,2000.0933415745221
607,0.48474565709352724,0.6851477805065038,0.3148522194934962,1997.558871780802
608,0.7213701720903151,0.7972143149813461,0.2027856850186539,1995.367056226828
609,0.41511198819394984,0.4745613780909926,0.5254386219090075,2002.1548642774897
610,0.508425551790574,0.6857554252527037,0.3142445747472963,2000.9553054112992
611,0.3305210303805231,0.4729701194641237,0.5270298805358763,2004.5318803664009
612,0.8063219665721555,0.852667225877117,0.14733277412288304,1992.4098962730448
613,0.5022339463489569,0.6945681576754638,0.30543184232453624,2000.5104181091385
614,0.488694540477176,0.656918078868928,0.34308192113107205,2003.4353684180462
615,0.33260910877790295,0.43131592898366045,0.5686840710163396,2010.3120959480666
617,0.2775263977200204,0.3003667147290329,0.699633285270967,2006.4927438921604
618,0.7004740766136304,0.8386775945092155,0.16132240549078447,1993.3866343426223
619,0.3906853075960795,0.5531532555335186,0.4468467444664814,2003.8367046461938
620,0.604893050526546,0.8536761155390968,0.14632388446090316,1993.7109555091633
621,0.8198129476157393,0.9124352699488323,0.08756473005116772,1993.5943927620206
622,0.13334579027663884,0.7394369198543682,0.2605630801456318,1998.9078314257622
623,0.1906570777492491,0.3781990144731235,0.6218009855268765,2002.6410712452891
624,0.8319237678048005,0.857410198427471,0.14258980157252898,1993.4077324573066
626,0.617133195508277,0.8024432229773616,0.1975567770226384,1994.8917325427685
627,0.7743404692616256,0.8125224667540226,0.18747753324597738,1992.1183129490485
628,0.6331389928717296,0.7714834961189824,0.22851650388101763,1998.1022155335688
629,0.184099111974059,0.5889009570179675,0.4110990429820325,2000.9454295849823
630,0.24665223132881883,0.5646029765129882,0.4353970234870118,1998.3655881593666
631,0.3634552117547227,0.5362923583059622,0.4637076416940378,2004.143782699964
632,0.5284108792769593,0.7472434284538945,0.25275657154610554,1997.3945817723493
633,0.5808649247058489,0.7976245837052053,0.20237541629479472,1992.6665151009026
634,0.5885537910865858,0.7815545627265477,0.21844543727345234,1995.0911971782152
635,0.8099952521196755,0.9193132685179383,0.08068673148206174,1992.9195093357935
636,0.8089125099146445,0.9002510551107151,0.09974894488928487,1991.126629622489
637,0.4708095216246371,0.7538759259524392,0.24612407404756076,1998.3850183840077
638,0.2857201019469257,0.5162840942710496,0.4837159057289504,1999.2881477827857
640,0.20769972360123112,0.5497827335942036,0.4502172664057964,2002.5429912168559
641,0.6941753464426067,0.7839263738157598,0.2160736261842402,1997.2249283526285
642,0.33403039539780965,0.644301343622814,0.355698656377186,1998.290790108908
643,0.6103619179487205,0.8302896737068529,0.16971032629314708,1995.390136530854
644,0.7408862793300702,0.8498740535706795,0.15012594642932053,1996.4745421052314
645,0.6783041323602195,0.85265019646836,0.14734980353163996,1991.7829060830163
647,0.9353281641077794,0.9354291377980778,0.06457086220192221,1992.537924520694
648,0.7739000269431542,0.8469634206427499,0.15303657935725012,1999.9413451780326
649,0.23185704766299434,0.3121125526038484,0.6878874473961516,2005.5744799316153
650,0.595667269641669,0.7630552507418692,0.2369447492581308,2000.5103741917535
651,0.9349109883043261,0.958168298709699,0.041831701290301004,1989.2318147282156
652,0.4933509693519596,0.7313378655606966,0.2686621344393034,1996.017583928175
653,0.3843912233929878,0.6897269661917939,0.31027303380820614,1998.5820664090252
654,0.7614734150553142,0.8892429173229094,0.11075708267709061,1994.0374705619656
655,0.6569770968945355,0.9075888109840072,0.09241118901599277,1992.9894548447849
656,0.3667518446702489,0.6904439113380494,0.3095560886619506,2000.1985966023915
657,0.30687056682553226,0.7876608092743916,0.21233919072560836,1998.365494862485
658,0.6765397956742805,0.8263441463474873,0.17365585365251268,1997.8106963561604
659,0.8232348257497141,0.8938012833098049,0.1061987166901951,1991.9495065350761
660,0.2810439479916524,0.3575134241564471,0.642486575843553,2009.9448005325416
661,0.7118374616734227,0.859228554233947,0.14077144576605305,1996.9521502499356
662,0.6115524653725588,0.8160392249587226,0.1839607750412774,1998.7270067751301
663,0.6828285805831464,0.7611099006728612,0.23889009932713878,1998.703745688329
664,0.6312106694077676,0.7755597338688582,0.22444026613114176,2000.2817488180744
665,0.5406251026460674,0.7507235515218634,0.24927644847813657,1999.4294843969956
666,0.7087249169386894,0.8434131849216874,0.15658681507831262,1995.5267974773658
667,0.6572359190722461,0.8166977608589612,0.18330223914103883,1998.1106770467152
668,0.5573932101514079,0.6726611289788436,0.32733887102115644,2003.487163284877
669,0.5034704178027094,0.7874801253776449,0.2125198746223551,1997.6400041545305
670,0.7811927065551664,0.9126036168195983,0.08739638318040166,1993.0953323776032
671,0.4283209463350519,0.5804588044796445,0.4195411955203555,2001.4393225868318
672,0.3145931481836432,0.3892898756141112,0.6107101243858888,2007.5606547343546
673,0.7033521185380246,0.8564909783735745,0.14350902162642554,1996.9193676807545
674,0.5047737526646263,0.6213803812552204,0.37861961874477956,2000.6566282052413
675,0.3876409100844363,0.48706510986056434,0.5129348901394357,2000.5109078064174
676,0.739283802579417,0.7427744294823625,0.2572255705176375,1996.9625211148013
678,0.4903313139481628,0.7700490679503409,0.2299509320496591,1995.7498704413706
679,0.7758209624993416,0.9345300310567916,0.06546996894320845,1995.2148501117874
681,0.5931660217865107,0.7543954484982104,0.24560455150178961,2000.3938565545545
682,0.19225222841659145,0.5416661888465313,0.4583338111534687,2000.0856145047403
683,0.8085367311877443,0.8874149119586409,0.11258508804135914,1998.68216403858
684,0.4876061734069165,0.7448999926323286,0.25510000736767136,1997.666254049603
685,0.8397669899698301,0.9196539118476846,0.08034608815231536,1995.730107740085
686,0.4192252447911983,0.7504858935253391,0.24951410647466088,1999.8734279619157
687,0.24665047342577653,0.426526480130754,0.573473519869246,2003.5180289534142
688,0.31073530441540975,0.4845977012944492,0.5154022987055509,2002.3020157208189
689,0.8166311697699749,0.9080124296431759,0.09198757035682414,1997.0763085430744
690,0.4035005797406978,0.5264646358174344,0.4735353641825656,2003.0869825264401
691,0.30984604760683976,0.5948827265780404,0.4051172734219596,2001.3620366445841
692,0.6365468175524042,0.8213204338515898,0.17867956614841018,1998.0141251559455
693,0.8449601217146048,0.9273494740880481,0.07265052591195187,1996.8571218234754
694,0.7324126960677371,0.8423999326614364,0.15760006733856358,1995.326968056913
695,0.8353162094796661,0.9052892330482278,0.09471076695177216,1996.1671338902502
696,0.7943100141210697,0.8943249589326777,0.10567504106732228,1997.700676695074
697,0.6317735634113546,0.780942564590256,0.21905743540974398,1999.0217974227432
698,0.8994305955036036,0.9471618204397484,0.05283817956025161,1995.2938082678163
699,0.7243153117467513,0.8462576222377068,0.15374237776229316,1996.0686271097884
700,0.7080750224852154,0.8024745891022235,0.19752541089777653,1998.3274967451641
701,0.8225860692932463,0.91039786613359,0.08960213386641003,1996.7866084597636
702,0.8243888204135231,0.8986359653400897,0.10136403465991028,1995.935776192565
703,0.7994421008893672,0.8676632642466806,0.1323367357533194,1998.3903086606322
704,0.5009404703518281,0.5148138661938364,0.4851861338061636,2002.1282274518276
705,0.43009815305665067,0.4374269852082179,0.5625730147917821,2003.337008046655
706,0.8862646421576684,0.8869839648198008,0.1130160351801992,1992.1466147292417
707,0.634174473745838,0.8133306675770944,0.18666933242290562,1996.5947081202983
708,0.7405570405809413,0.8991317128133922,0.10086828718660779,1994.8896847153821
709,0.7198618437660852,0.8673939485340162,0.1326060514659838,1997.1668464137836
710,0.8896905136124121,0.941588765563841,0.05841123443615903,1994.3755282959182
711,0.3141702512281337,0.5614908475218787,0.4385091524781213,2003.0519538650317
712,0.5910639803258139,0.7498535037362858,0.2501464962637142,2000.819255359966
713,0.7616200627895454,0.8703923798795905,0.1296076201204095,1995.225156001149
714,0.33802684062454974,0.644125784771757,0.35587421522824303,2000.6088552183699
715,0.3740635310563495,0.6141639050829201,0.38583609491707993,2001.5408354577876
716,0.7096636489996928,0.9307136424179909,0.06928635758200907,1990.7917471757373
717,0.4935084928525714,0.588557572480083,0.411442427519917,2004.5185281920408
718,0.6792195383029129,0.7936709876980472,0.20632901230195277,2000.6495307720227
719,0.7088649088072168,0.7113108115786207,0.28868918842137925,2001.0020254585147
720,0.7590066732393083,0.8751796225681909,0.12482037743180907,1996.5925389117165
721,0.8391490309186936,0.8922370013040751,0.10776299869592487,1998.4102922403526
722,0.8328253394925256,0.873063424567784,0.12693657543221604,1996.9883082542647
723,0.8934778593634471,0.9513215310484504,0.04867846895154959,1995.6508519614326
724,0.6901060638803974,0.8312336097019518,0.16876639029804819,1999.285578036413
725,0.5949433704278149,0.7167856929009464,0.2832143070990536,2000.96662679395
726,0.8615370999570452,0.9147152521314892,0.08528474786851081,1998.3982966567282
727,0.5321336088807648,0.7386593469555757,0.26134065304442433,2000.4263263437222
729,0.8549440189946256,0.9492376591660638,0.05076234083393616,1991.1412915201638
730,0.5193638771653176,0.8485529073629751,0.15144709263702494,1993.3876607774005
731,0.36648909553777204,0.5132270706790315,0.4867729293209685,2000.1885823301718
732,0.5204022056720133,0.6052193495932842,0.39478065040671584,1998.8497413298824
734,0.4193556566516713,0.7132185401730279,0.2867814598269721,1996.5667246204207
736,0.3929879146730876,0.7256869751806666,0.2743130248193334,1996.5562178288426
737,0.98416872312368,0.987011634841508,0.012988365158491999,1988.1739253018443
739,0.8077482765794202,0.8773298307977653,0.12267016920223472,1992.9502153642743
740,0.39420022048194436,0.671572620007849,0.328427379992151,2001.4068038962248
741,0.6278460400581445,0.8710869388621676,0.1289130611378324,1992.3120943683991
742,0.5712329951719454,0.7351057252300265,0.2648942747699735,2001.9442544672077
743,0.7125888083583589,0.8214035893759052,0.17859641062409481,1997.3489465292948
744,0.4332281408250706,0.6498257332466025,0.35017426675339747,2001.9623303955614
746,0.32936512897226533,0.5549233018731935,0.4450766981268065,2000.1088483589067
747,0.4009294412779577,0.5286002633577147,0.4713997366422853,2000.9595268818205
748,0.6424719859731378,0.8040792891860513,0.19592071081394868,1998.9106626679304
749,0.7368575819402544,0.8399062667299383,0.1600937332700617,1996.7368040017943
750,0.7047024329436375,0.8464729363827774,0.15352706361722257,1993.5760176488516
751,0.4116521903464587,0.7066307596544145,0.29336924034558554,2000.4412730365007
752,0.4702242008525308,0.6745510937962692,0.3254489062037308,2000.1642834718866
753,0.47510596761469237,0.5408811023306189,0.4591188976693811,1997.8718456710205
754,0.48812899397720055,0.5080719690406054,0.49192803095939464,2003.56364270948
755,0.6456693166518536,0.7420568497641433,0.2579431502358567,1999.2156743335086
756,0.6547362600097111,0.7460038227654934,0.2539961772345066,1996.5707298596112
757,0.6959135358821162,0.7825351166968182,0.2174648833031818,1996.2317484256369
758,0.7492805999193582,0.9330859324592934,0.06691406754070661,1992.450497684215
759,0.35993716016482097,0.5565382255763588,0.4434617744236412,2003.2097281935812
760,0.6071083614255551,0.708149415682861,0.29185058431713895,1998.5117135972448
761,0.6649210829206333,0.7760286419699222,0.22397135803007784,2002.3372791547583
762,0.6805620887535873,0.8842846865886879,0.11571531341131214,1993.633362551994
763,0.8787194304549049,0.8993301081028484,0.10066989189715159,1992.9555409768197
764,0.5709629888630214,0.7798175658615074,0.2201824341384926,1998.1560831593881
765,0.3013644524435891,0.6045968492011657,0.39540315079883426,1999.7146385074423
766,0.3142426798610072,0.6117849670431599,0.3882150329568401,2003.621788716927
767,0.3025901761857635,0.4830204077803783,0.5169795922196216,2001.355861577012
768,0.20589306014776212,0.40181603874321586,0.5981839612567841,2005.033483979163
769,0.49165999942751015,0.740026986376726,0.25997301362327396,1994.2427155340076
770,0.6415413769773116,0.8401373977094259,0.15986260229057414,1992.9919673865797
771,0.9491310675017967,0.9700959342399047,0.0299040657600953,1988.2977426950963
772,0.5522952046380881,0.7816045904092762,0.2183954095907238,1994.5457095214222
774,0.27172411116138584,0.5292377643055001,0.47076223569449993,1999.24549939655
776,0.8175865548406697,0.877203879913635,0.12279612008636498,1994.9026454822413
777,0.45338516923817856,0.6845205068821077,0.31547949311789225,1996.8813738571748
778,0.7357810173452043,0.9033807555639497,0.0966192444360503,1993.7655593214154
779,0.83897428506885,0.9385007451147382,0.061499254885261756,1996.306960304146
780,0.7088107358458758,0.8545498185436996,0.1454501814563004,1991.2683744501544
781,0.8931692324292492,0.9232635067205717,0.07673649327942833,1996.5392442692987
782,0.9207845234011472,0.9590300051080359,0.04096999489196407,1991.7201915675064
783,0.9194449106962437,0.9194563647000048,0.0805436352999952,1997.9669178529014
784,0.766040174409411,0.9114773813987611,0.08852261860123889,1992.3518738967362
785,0.1633177933639075,0.8261405388835117,0.1738594611164883,1998.0837090106158
786,0.6585433621077513,0.8679662749522693,0.1320337250477307,1997.5036185501413
787,0.4751243253770833,0.8162597785958304,0.18374022140416957,1995.630934170953
788,0.3703051980617072,0.6710753803596127,0.32892461964038733,1998.663594530855
790,0.6884811877590401,0.796633126046573,0.203366873953427,1997.478502240088
792,0.5770139344946561,0.7481382879056442,0.2518617120943558,2002.22804158056
793,0.7961157728106638,0.8330374499042033,0.16696255009579675,1997.676330591643
795,0.930674164903101,0.9516854617004409,0.04831453829955912,1995.6341342549229
796,0.5962227432050783,0.8322445503264383,0.1677554496735617,1996.7078861255827
797,0.23027071269759827,0.4374114319919861,0.5625885680080138,2002.459944778928
798,0.5379621476034423,0.742923445717056,0.25707655428294396,1999.796039811138
799,0.4767503700377296,0.7892524220343053,0.21074757796569465,1999.051738927698
800,0.49220531727139916,0.6782478715050068,0.32175212849499324,2001.7456601586503
801,0.7375773068070007,0.9048554069002028,0.09514459309979717,1995.3136975335717
802,0.4395422782820613,0.737630008435423,0.26236999156457697,2000.5211034425502
803,0.47252842201473855,0.7480301599711017,0.25196984002889833,1999.7562498183795
804,0.8435120471432835,0.9368055355622756,0.06319446443772436,1992.0420000856732
805,0.6528570527959497,0.7556625975172208,0.24433740248277924,1999.2217594377614
806,0.5334152024190146,0.5982086538120375,0.40179134618796253,2004.8608287979641
807,0.691348214788126,0.8131627723771734,0.18683722762282662,1996.2917506837828
808,0.5147080921768294,0.6597426391995102,0.34025736080048985,1999.4060263821877
809,0.284083903831803,0.2909767510607847,0.7090232489392153,2005.2549433612417
810,0.5377168069114014,0.6543933121755326,0.34560668782446735,2001.491238719904
812,0.7282981363325497,0.9282420902486122,0.07175790975138785,1995.794116089494
813,0.7800790013992808,0.7826790833429755,0.21732091665702447,2001.041389463976
814,0.04324461216493009,0.06163449550271618,0.9383655044972838,2009.0581844322373
816,0.8700809258656145,0.9291929845260971,0.07080701547390289,1993.747447079934
817,0.3878918047016244,0.5832947832381695,0.4167052167618305,1999.372739985187
818,0.7875938770476746,0.8876963216199671,0.11230367838003286,1998.2797566181723
819,0.6019829708426497,0.8632840505674898,0.1367159494325102,1996.285856125559
820,0.4230360205678118,0.7117587352177212,0.28824126478227885,1997.9922673075773
821,0.4674884568431397,0.6673576784787114,0.3326423215212886,2000.1331488892217
822,0.7832929147334905,0.865471378032839,0.13452862196716098,1995.4473566920012
823,0.3751041781818235,0.45127641100137184,0.5487235889986282,2002.408353151007
824,0.8535229287219454,0.8718466735792889,0.1281533264207111,1990.3457800387303
825,0.7867891316576934,0.9112286353357234,0.0887713646642766,1993.7468759239348
826,0.8375019228888735,0.9278713302665086,0.07212866973349141,1993.9782973938961
827,0.8393397376500378,0.891905271765354,0.10809472823464605,1999.4779482753108
828,0.7220382828429177,0.8431303873107182,0.1568696126892818,1997.2199725524167
829,0.7781435629581669,0.8851067589627267,0.11489324103727327,1995.002140472134
830,0.4115341881342354,0.5942752611749624,0.40572473882503757,2004.1751412797346
831,0.808715299674078,0.8777462628159294,0.12225373718407062,1995.8255506986443
832,0.6698729143264057,0.7448192013037841,0.2551807986962159,2001.612754935121
833,0.652174655453291,0.7499346980341723,0.25006530196582766,1999.129225733043
834,0.761266924899109,0.8665300083654238,0.13346999163457618,1999.2765376972256
835,0.65375111069757,0.7863604223707468,0.21363957762925323,1999.1944691502395
837,0.47747403120088927,0.5173307852789627,0.4826692147210373,2003.8599526497153
838,0.38260752756663297,0.45622846653358623,0.5437715334664137,2006.257427814239
839,0.8556751638730843,0.8568495923423279,0.14315040765767206,1990.5465380922647
840,0.6839994035809991,0.8693150115940776,0.13068498840592235,1997.638558616772
841,0.33103541194170616,0.5338719601194619,0.4661280398805381,2003.2549512335327
842,0.7906854020763107,0.9186026192377829,0.08139738076221714,1992.7220286094446
843,0.8172342449427916,0.8778240438059827,0.12217595619401733,1996.0333907692855
844,0.7022603858371842,0.7988813517386879,0.2011186482613121,2001.0343996083793
846,0.5485731252364556,0.8069165553230243,0.1930834446769757,1997.4184930041727
847,0.4953265132817448,0.6370362564851807,0.3629637435148193,2002.6327461921514
848,0.6809799244125926,0.8261062181130663,0.17389378188693372,1997.8797490863851
849,0.8389063265417204,0.9282937973904464,0.07170620260955363,1996.2674181110178
850,0.7878104295728957,0.8718546966696143,0.12814530333038565,1999.3877440383194
851,0.11828783521016474,0.1551810912306161,0.8448189087693839,2013.1970608685908
852,0.8187971539312202,0.896799882947576,0.10320011705242405,2002.3103451457678
853,0.7092529665328784,0.8232791660635396,0.17672083393646043,1999.6094096968372
854,0.9232730722568435,0.972985088758647,0.027014911241353023,1996.0407012127948
855,0.8036266883848069,0.8487761900933503,0.15122380990664974,1996.4178626171429
856,0.719258217480273,0.8216728671209457,0.17832713287905433,1999.712223980417
858,0.48351790716707305,0.7024027246823387,0.29759727531766134,2001.1133799989425
859,0.7640984470211605,0.9127657320367412,0.08723426796325884,1992.9209657489787
861,0.2765951183071761,0.4321942471414491,0.567805752858551,2002.7159122192945
862,0.5771045857350615,0.7522835100507433,0.24771648994925666,1996.6832496805644
863,0.47216193118907773,0.7509978998734488,0.24900210012655122,1995.1437598801633
864,0.2772423900707563,0.5573014748489893,0.4426985251510107,2000.856047780286
865,0.6470201965668142,0.8024994570815372,0.19750054291846275,2001.7320864533478
866,0.20394679459750567,0.4887502799654884,0.5112497200345116,2001.9391878383415
868,0.2650016239837213,0.5280080679669905,0.4719919320330095,2003.4304014212576
870,0.6271104794394687,0.7664361226665726,0.23356387733342743,2001.1094727579498
872,0.60908767874103,0.7918627486544956,0.20813725134550443,2000.2686433681893
873,0.7918552062796251,0.8779287544581108,0.1220712455418892,1994.0534261105863
874,0.6192144934132926,0.7452927252205678,0.2547072747794322,1996.8596033661502
875,0.23926755889224616,0.5467671570497782,0.4532328429502218,2000.824860752989
876,0.3004512690395073,0.414644412244341,0.585355587755659,2005.1472168323653
877,0.39894944724469483,0.5675153543140328,0.43248464568596723,2002.998857957209
878,0.056054323807632145,0.4185776001191747,0.5814223998808252,2004.733701049164
879,0.4106487368501319,0.6421680334578915,0.35783196654210847,2001.2663266419574
882,0.6118915722022084,0.6463225751268868,0.35367742487311316,2001.665694874102
883,0.36091914835648403,0.5173494051165523,0.48265059488344775,2005.027788917782
885,0.7628197202010659,0.8653827589403922,0.13461724105960782,1994.1806549791509
886,0.706937290434438,0.8978767394102442,0.10212326058975585,1993.1820211847316
887,0.022136532513526916,0.5220937609608975,0.47790623903910245,2001.8390193749349
889,0.48954966902063446,0.5196480474818087,0.4803519525181913,2006.2822551342033
890,0.5717192339049741,0.7958556860742015,0.20414431392579846,1997.1055825521819
891,0.7334818587769804,0.766152835176962,0.23384716482303802,1996.356269521833
892,0.6839986302363208,0.7865664338815667,0.21343356611843334,1997.8250579035787
893,0.5283492907898258,0.7306659144424165,0.26933408555758354,1995.3817185165492
894,0.2981658664155744,0.5129013351761467,0.48709866482385333,2000.9149230865373
895,0.4514949411212433,0.5924281619240719,0.4075718380759281,2003.8116091537868
896,0.2863499051821506,0.3767693288843282,0.6232306711156719,2006.7861520084143
897,0.7524542057867848,0.8481995931589705,0.15180040684102947,1992.2383293959422
898,0.6967199880772001,0.7850899798802752,0.21491002011972482,1993.4284421668215
899,0.8214714309060026,0.9294555796987016,0.07054442030129837,1992.4715819883188
900,0.7383587004426843,0.86263458876396,0.13736541123603996,1994.8676582164492
902,0.3142109813417314,0.5917702355526535,0.4082297644473465,1998.7222535688907
903,0.15332393226297755,0.44832598572195315,0.5516740142780469,2001.8918290135543
906,0.5414643261618358,0.7369910824038978,0.26300891759610223,1998.931288460713
907,0.7491342588411434,0.8754634063293758,0.1245365936706242,1997.5858786900199
908,0.6592730823338965,0.8296946765935852,0.1703053234064148,1992.408447951933
909,0.7943958400670901,0.9187581925777027,0.08124180742229725,1994.8656847628201
911,0.8618438071643477,0.8618634060726885,0.13813659392731148,2001.7108822049738
912,0.8986662670713764,0.9551689694181742,0.044831030581825804,1995.9274540593303
913,0.25055032849285264,0.39449457185669795,0.6055054281433021,2004.5256036863364
914,0.7303170164175635,0.8975298168930043,0.10247018310699574,1995.5735852614612
915,0.8986143418310504,0.9048654580017201,0.09513454199827986,1990.73784428985
916,0.736636660696546,0.8820235392739988,0.11797646072600121,1995.759935750697
917,0.5799559155814961,0.7939018207068381,0.20609817929316188,1997.2734794658738
918,0.7947943683410703,0.8644556516982984,0.1355443483017016,1996.510657900868
919,0.24699703824071692,0.525535415335417,0.47446458466458297,2003.206151616716
920,0.7488310939787719,0.8557050302369562,0.1442949697630438,2001.1834633744224
921,0.8296245251719789,0.8924691584130368,0.10753084158696324,1996.2652465212163
922,0.6091745033756544,0.8302802277483231,0.1697197722516769,1998.0786332482787
923,0.5310578040457875,0.7474769886097651,0.2525230113902349,2000.5386049232736
924,0.19316528180045003,0.3936047663897897,0.6063952336102103,2004.688487091019
925,0.6051399205933551,0.769088248954238,0.230911751045762,1999.3173240094545
926,0.4022193019862538,0.6930339977327657,0.30696600226723425,2000.7066199225233
927,0.4985058417448787,0.7260256940473104,0.27397430595268957,2000.2325453352912
928,0.6363236836882248,0.8166081276700365,0.18339187232996346,1998.7813542046508
929,0.7861483433706984,0.8532478072113103,0.14675219278868967,1998.8224414098931
930,0.42402040604576485,0.6255605455126672,0.37443945448733285,2002.3701441827147
931,0.6699524223961353,0.8954745419785178,0.10452545802148216,1994.579544200256
932,0.585975916089117,0.7529738853990835,0.2470261146009165,1997.261666671296
933,0.7071734272362739,0.8241427003681607,0.17585729963183927,1995.5630542524532
934,0.5904574221484039,0.6815819382379427,0.31841806176205734,1998.03273611208
935,0.5330298303463166,0.5624838853826338,0.43751611461736617,2000.8305311940078
936,0.5277327834071865,0.67159582490967,0.32840417509033004,2000.0538093184757
937,0.6843761657323295,0.739825882278767,0.260174117721233,1998.2329551440068
938,0.8153398302962768,0.9285942095555213,0.0714057904444787,1997.5299854262196
939,0.734416978590558,0.8585023121822328,0.14149768781776717,1999.155026702474
940,0.6430631269595206,0.7371410164842729,0.2628589835157271,2001.4330101856067
941,0.684672985691583,0.8123827156059297,0.18761728439407033,1996.2286875068382
942,0.14216173867163567,0.318008929667715,0.681991070332285,2004.5750140960947
943,0.2233686386903242,0.4949051537947126,0.5050948462052873,2002.0503205944494
944,0.8695865068127028,0.9340690691850693,0.06593093081493073,1993.1611127354427
945,0.5442593092918712,0.7349288964854853,0.2650711035145147,2001.167363259698
946,0.2848475397333341,0.5499218394242502,0.4500781605757498,1999.8241130351232
947,0.41344206878748535,0.5036975204774009,0.4963024795225991,2000.600516742356
948,0.5121232893535214,0.5698742719622152,0.4301257280377848,2001.2882884470393
949,0.6588808986315402,0.847622222829187,0.15237777717081302,1997.6721270591634
950,0.8312123288737988,0.9291988217795567,0.0708011782204433,1995.7612540479133
951,0.30215798227454865,0.5760031118981624,0.42399688810183755,1999.6658157043878
952,0.819534826858326,0.9053478348972201,0.09465216510277985,1997.9622890266194
953,0.8302025993596447,0.904099144969594,0.09590085503040602,1998.0894085139093
954,0.8274860536358876,0.909880240361442,0.090119759638558,1999.44783173793
956,0.6577139944502224,0.7943293876612737,0.2056706123387263,1997.0688516987202
957,0.8684809838036645,0.9440263242125354,0.055973675787464594,1991.5209750987576
958,0.7633859343448502,0.8779079791190234,0.12209202088097659,2000.626090470235
959,0.8443389383262717,0.9273342338719102,0.07266576612808984,1997.393091094938
960,0.8080673926582069,0.8740342638828242,0.12596573611717576,1997.9413013943245
961,0.7241611682432859,0.8528123409897316,0.14718765901026842,2000.274448325029
963,0.5055419596123805,0.5130223453038493,0.48697765469615073,2001.767218959084
964,0.8096777096008223,0.9413590032825836,0.058640996717416405,1995.886562393878
965,0.7235521920115976,0.8753460580380406,0.12465394196195945,1997.2150909010472
966,0.5091769784832202,0.6978066510956327,0.30219334890436733,2000.0593998204881
967,0.8740261700846884,0.9171759529868543,0.08282404701314572,1998.0195759406838
968,0.7597152536841838,0.8637488658325368,0.13625113416746315,1997.4123255335724
969,0.6210851796418181,0.8434313075604044,0.1565686924395956,1995.8654383041442
970,0.7705090298759746,0.9027337229816814,0.09726627701831858,1996.215077015344
971,0.7882518643155404,0.9151143763616382,0.08488562363836183,1994.4013908174181
972,0.7895945833339745,0.8445060991425577,0.1554939008574423,2000.4883295712996
973,0.5392596316510718,0.6419805806662159,0.3580194193337841,2002.509043615297
974,0.6264361576686012,0.8271612311736953,0.17283876882630467,1997.856159906581
975,0.21174947213089781,0.7693034677706451,0.23069653222935493,1998.8900202024545
977,0.808096970607581,0.8604614416653023,0.13953855833469775,1996.7472604284103
978,0.69733207520141,0.8396286642313717,0.16037133576862828,2001.3823658093067
979,0.6583602538336679,0.928136410482687,0.07186358951731298,1993.4336993372076
980,0.5570666021688329,0.6687402440618536,0.3312597559381464,1998.5513732469408
981,0.6970088100432308,0.8228216175661845,0.17717838243381545,1995.1301060860508
982,0.478741874472786,0.6598052836001952,0.3401947163998048,2000.6545794295698
983,0.6635484564142969,0.8059244663999596,0.19407553360004037,1995.809975797096
985,0.5944967665509836,0.7741014147794162,0.22589858522058381,2001.9642792847173
986,0.3348763508338103,0.4104554009211424,0.5895445990788576,2002.1267982098168
989,0.5924079789479803,0.8016200790227255,0.19837992097727453,1998.2615427835747
990,0.3436089999565833,0.417143601429858,0.582856398570142,2003.1968480424077
992,0.476105168171071,0.6980435641625223,0.30195643583747767,2001.0790741408218
993,0.6673908149777343,0.8153743927922772,0.1846256072077228,1993.8047717857783
994,0.8434091106478203,0.8556490369374233,0.14435096306257666,1995.038683691875
995,0.2608285826172002,0.45699658971720036,0.5430034102827996,2003.8906432020992
996,0.4036009737544413,0.5206081171062233,0.47939188289377666,2005.4778299823097
997,0.053705426593909596,0.30842121636615466,0.6915787836338454,2004.7270703087156
999,0.3056911589699323,0.539498921738561,0.46050107826143905,2002.6316081805721
1000,0.5467477017004132,0.7671261245917896,0.23287387540821036,1998.9606741355497
1002,0.8206851311006567,0.8314386107725316,0.16856138922746844,1994.2526079773424
1004,0.7509586237959814,0.872147092913546,0.12785290708645403,1998.8813266801733
1005,0.49812487475308465,0.7226199259587005,0.2773800740412995,1999.7130867513513
1006,0.7580154866085267,0.9003890838025045,0.09961091619749551,1995.2607070426716
1007,0.4769497852143082,0.7861563620557633,0.21384363794423666,1998.45691119984
1008,0.7309835186159782,0.7807229850046702,0.2192770149953298,1997.2843043661533
1009,0.9648743125997096,0.9698594624886564,0.0301405375113436,1986.3451935327757
1010,0.6385844756935671,0.7986657935069015,0.20133420649309852,1995.1306191539577
1011,0.7501549822789187,0.7925281252701384,0.20747187472986162,1992.539857989726
1012,0.47211567980970315,0.6831407424652313,0.31685925753476873,1999.8085555802568
1013,0.24863843612635486,0.4421448658093756,0.5578551341906244,2001.408867531713
1014,0.3664372063780643,0.6007939323346195,0.39920606766538047,2003.742698450934
1015,0.1528510028251249,0.31051578273438574,0.6894842172656143,2003.9123796166903
1016,0.3089953023523407,0.4292561436869923,0.5707438563130077,2005.4312525764767
1017,0.525645139829215,0.6954219922825857,0.3045780077174143,1995.028759152264
1018,0.2899688932187591,0.6587851284236285,0.34121487157637154,1998.7699825836519
1019,0.6462273253432536,0.8055951841749787,0.19440481582502134,1994.142681079994
1020,0.64748926114843,0.8049322840693357,0.1950677159306643,1994.3495235391506
1021,0.3904428227665584,0.7982830442369296,0.20171695576307036,1996.8955788448886
1022,0.3355384515212202,0.6000908408180604,0.3999091591819396,1999.045846468531
1023,0.0857422364818511,0.28709109788779247,0.7129089021122075,2007.179300968563
1024,0.6045828357649108,0.7176902330649436,0.2823097669350564,1996.7725174317982
1025,0.3399762733097844,0.6103067782385498,0.38969322176145016,1998.6252347985035
1026,0.6039516864725534,0.8421257479605597,0.15787425203944028,1994.648589286146
1027,0.8089805145183703,0.8943645315333273,0.10563546846667271,1997.5672879678493
1028,0.6755380898091987,0.8434095407062019,0.1565904592937981,1994.8207311220494
1029,0.9037440507680116,0.9562782782475538,0.04372172175244615,1994.0442573075416
1030,0.875671770254573,0.8948014778945601,0.1051985221054399,1989.2423489932885
1031,0.8051748733510908,0.8052419520963966,0.1947580479036034,2002.5397076901022
1032,0.7823211452892813,0.9119903213242943,0.08800967867570575,1997.3507819707852
1033,0.31177797222317344,0.6611816533290508,0.33881834667094923,2000.518114672699
1034,0.7852531946808298,0.938000674414111,0.061999325585889054,1997.1371877075123
1035,0.9107669534715469,0.9293279250831635,0.07067207491683647,1987.2981442635323
1036,0.5432076024139881,0.7100218032139132,0.28997819678608683,1997.585108064393
1037,0.6352430246465074,0.7952175649470944,0.2047824350529056,1997.3422148753482
1038,0.5932789649174766,0.8269549649383414,0.17304503506165858,1996.96861177022
1039,0.39635622712948937,0.5536572093999553,0.44634279060004467,2003.4716822277733
1040,0.7207139658978069,0.821401492838545,0.17859850716145498,2003.0731850135837
1041,0.595083199455288,0.7333497295221948,0.2666502704778052,2000.0806401093994
1042,0.30129493884563213,0.6626561100248947,0.33734388997510534,2000.374808984926
1043,0.48466569925405034,0.7682719885400936,0.2317280114599064,1998.8176577118031
1044,0.29127710837509896,0.5975788959149724,0.4024211040850276,2000.40149360261
1045,0.3848576145528286,0.7049325084809203,0.29506749151907974,2000.1327082345824
1046,0.3404061750741559,0.7177342492421955,0.28226575075780447,1999.165155693072
1047,0.6133377057481192,0.8423531752925919,0.1576468247074081,1997.8793427398953
1048,0.6622917574815685,0.8096243871360904,0.19037561286390958,2000.2587144285844
1049,0.48675183135669775,0.8288629515332858,0.17113704846671418,1998.4893664014141
1050,0.3747856340344622,0.7026867509281052,0.2973132490718948,1999.4651371325215
1051,0.6484041930705094,0.8592566811169018,0.1407433188830982,1995.7684859847238
1052,0.5344167731426479,0.696649804856301,0.303350195143699,2000.5712943682186
1053,0.6008155990529809,0.8283735035752795,0.1716264964247205,1995.5920181486917
1054,0.34072289960159663,0.5183999381212906,0.4816000618787094,2002.599745800964
1055,0.3648421400801703,0.40273639611591355,0.5972636038840864,2003.9556193358922
1056,0.3272680919399473,0.4927947029745882,0.5072052970254117,1999.9015518317333
1057,0.6205395031314717,0.7444587312539761,0.2555412687460239,1998.5060454957982
1058,0.742736396225894,0.9138507008115194,0.08614929918848058,1996.0665893789524
1059,0.8075560854409931,0.9089971513601572,0.09100284863984276,1996.7436541580023
1060,0.36651233566344193,0.5105311332452488,0.4894688667547512,2004.182249483266
1061,0.768155267540031,0.8404730363472035,0.1595269636527965,1999.181074899791
1062,0.5427100217270977,0.7211333614215966,0.27886663857840344,1996.9868014314106
1063,0.5980493810948216,0.7985498745393327,0.20145012546066732,1995.4030897125904
1064,0.7269223688137546,0.870800725179056,0.12919927482094395,1994.794246469795
1065,0.5762547611682257,0.7854285028666724,0.21457149713332757,2000.8957429393708
1066,0.5877411937413469,0.7763237052778085,0.22367629472219153,1996.8753166658885
1067,0.6737183442242468,0.7329725911673487,0.2670274088326513,1997.9832604767782
1068,0.688386162857015,0.6922427803666895,0.3077572196333105,2000.0722713810994
1069,0.747399145617599,0.8741615025605258,0.12583849743947417,1997.2464158378882
1070,0.5331335642624735,0.7719841109493755,0.22801588905062453,1998.5845549880053
1071,0.2971060015026041,0.39099965618381005,0.60900034381619,2005.4424399895163
1072,0.7943345513986172,0.9215451896054833,0.07845481039451674,1993.0276641182138
1073,0.8505350112232835,0.9072929065234913,0.09270709347650874,1998.8278134868806
1074,0.878095922134498,0.9411538083880581,0.058846191611941934,1993.3658257091986
1075,0.5608381180426582,0.7318997512255392,0.2681002487744608,1999.2390363307425
1076,0.7442609886444613,0.8789956222566595,0.1210043777433405,1997.8373257821322
1077,0.7517283348641712,0.7693465435536262,0.2306534564463738,1996.531679924277
1078,0.7983660594583507,0.900833003720799,0.099166996279201,1995.7305499450033
1079,0.8688383934567543,0.9388010427933449,0.061198957206655136,1996.4457141382622
1080,0.7766910641076225,0.8501537649634189,0.14984623503658112,1999.3306837410432
1081,0.855003712548411,0.9358079460591533,0.0641920539408467,1993.840765395293
1082,0.758715040480815,0.8442453039529935,0.15575469604700654,1999.4699484352104
1083,0.5812396377859393,0.6558552075237253,0.3441447924762747,2000.350675883902
1084,0.8062587232010461,0.918001827029461,0.08199817297053902,1996.036167891246
1085,0.8678351137084236,0.9116365340886331,0.0883634659113669,1991.6637361311105
1086,0.7164917174783577,0.8666061391649675,0.13339386083503246,1994.9923764333387
1087,0.6320001288888942,0.7827738799495424,0.2172261200504576,1998.8214865449354
1088,0.6387781471201838,0.7975642238215982,0.2024357761784018,1999.9850275028741
1089,0.6601646082639433,0.8327936078966651,0.16720639210333488,1996.4627364047165
1090,0.7325596869412938,0.8546002516247282,0.1453997483752718,1996.6863763536114
1091,0.8696396950675781,0.9412395441838582,0.058760455816141755,1994.5566966019244
1092,0.7409419314400877,0.842032207293104,0.15796779270689598,2002.2056139251174
1093,0.14261285246955052,0.8286924110231689,0.17130758897683107,1997.7525343500288
1094,0.7228756257102725,0.8833699345034117,0.11663006549658828,1998.3493756236978
1096,0.5145844679048363,0.6236836669203688,0.3763163330796312,1998.0697079472102
1097,0.6252877922533313,0.7809143990208186,0.2190856009791814,1995.984924399384
1098,0.4539998167674148,0.5921293693507008,0.4078706306492992,2000.9203505339494
1099,0.4438171904737411,0.6837932719510313,0.31620672804896865,1996.9494614985138
1100,0.321980555699063,0.6198813289171311,0.3801186710828689,1998.9212268733609
1101,0.5976554397171641,0.7432854455133562,0.2567145544866438,2002.6222347075025
1102,0.4955270752362633,0.722640159094481,0.277359840905519,2001.0153300808481
1103,0.7164966919003701,0.788494968763597,0.21150503123640296,1995.1212237794462
1104,0.3805739315786639,0.44906095382261063,0.5509390461773893,2007.4018423890113
1105,0.699643167573997,0.9019609824913798,0.09803901750862021,1993.6730826541586
1106,0.5000096705688486,0.7396860159706221,0.2603139840293779,1998.638695459557
1107,0.46229503358822016,0.5465871276057255,0.4534128723942745,2002.5395488520828
1108,0.4339488700335972,0.6475683654443753,0.35243163455562465,2001.8389002586143
1109,0.8709017506087285,0.9309195093236504,0.06908049067634958,1991.2415896007026
1110,0.6939935057933216,0.7620990010253194,0.23790099897468064,1997.4462329166893
1111,0.27215879119944186,0.6294343492781445,0.37056565072185554,1998.8744704188905
1112,0.6276956678473419,0.8356061229663247,0.16439387703367525,1996.3664391002571
1113,0.2794587405548532,0.35938974565625575,0.6406102543437442,2006.395029883472
1114,0.42601517586930454,0.648874411510085,0.35112558848991504,1998.4586420275918
1115,0.2181340087004751,0.30591525389750546,0.6940847461024946,2006.6268783630237
1116,0.4101733775410321,0.6444033026107056,0.35559669738929445,2002.9231296534329
1118,0.7081992003280705,0.7863792143882363,0.21362078561176367,1997.8307098004161
1119,0.7380470888664472,0.8102493458480554,0.1897506541519446,1991.8568936541733
1120,0.6823380204996492,0.834430157540956,0.16556984245904405,1998.7821140421918
1121,0.5728308770055247,0.7441244183986143,0.2558755816013857,2001.120373330499
1122,0.662433095088326,0.8057844288118483,0.1942155711881517,1997.8333551645567
1124,0.8270199923712186,0.9026870420964841,0.0973129579035159,1991.3718032210516
1125,0.9092014715706236,0.9325487513704082,0.06745124862959184,1991.6943036370549
1126,0.740793957359497,0.9037404024770097,0.09625959752299029,1994.039316468001
1127,0.6484581898440427,0.727363721883859,0.272636278116141,1996.2969685738685
1129,0.24326717952684968,0.5219564574473127,0.47804354255268733,1999.4009020946803
1130,0.35787355475268096,0.5564880390060291,0.44351196099397094,2001.7928993486125
1133,0.608534803842725,0.8319041048345452,0.16809589516545476,1993.8110062779992
1134,0.7019937472002251,0.8800128116221684,0.11998718837783162,1994.2475636362076
1135,0.4423264146155967,0.7189203968881307,0.2810796031118693,1996.4690778853696
1136,0.7206243951074155,0.9035809641005373,0.09641903589946266,1992.845245480617
1137,0.6795860696985006,0.8310227642085394,0.16897723579146062,1995.2453471060167
1138,0.26068185279709377,0.7158173054839461,0.28418269451605394,1996.4698161748208
1139,0.07087149041634047,0.32122262039103117,0.6787773796089689,2003.7776123581102
1140,0.7913287923018705,0.8768351697316991,0.12316483026830094,1994.100125869466
1141,0.16216796021529367,0.4444639903257789,0.5555360096742211,2001.43886980033
1142,0.7313040406027816,0.879664686495778,0.120335313504222,1994.309581083834
1143,0.5678706048060583,0.7637417171337005,0.23625828286629946,2000.971208025128
1144,0.6912333498800364,0.8493009017953173,0.15069909820468275,1991.2427425068092
1145,0.6225803373457431,0.7831088641879568,0.21689113581204322,1998.5808531545913
1146,0.8670424927763113,0.930852436902016,0.06914756309798398,1989.4661391379195
1147,0.856199544177395,0.8563548858454472,0.14364511415455283,1999.228924139022
1148,0.7512301965920181,0.8625155996618864,0.1374844003381136,1999.8177661010795
1149,0.20411515718595286,0.5698333419376956,0.43016665806230436,2001.669787644801
1150,0.8201024103993577,0.8577344546381244,0.14226554536187563,1991.47389191331
1151,0.6807441281316534,0.8110228857963567,0.18897711420364327,1996.4061493358834
1152,0.7502646891456156,0.8556059404103933,0.14439405958960672,1996.5794274758866
1153,0.5657096295626373,0.8617791567893226,0.1382208432106774,1995.4369709737996
1154,0.6501465440268249,0.8454312380296105,0.1545687619703895,1996.554741729276
1155,0.462285925104583,0.7638833465821238,0.23611665341787624,1998.7406672563413
1156,0.6976273820152196,0.8889940566495851,0.11100594335041492,1998.612314591474
1157,0.8831029961819152,0.936196153323998,0.06380384667600203,1992.327471486084
1158,0.7471456377226118,0.8936304204248491,0.10636957957515092,1997.516752468501
1159,0.45649113466247443,0.7651986636639878,0.2348013363360122,1999.7975936513647
1160,0.4592110602083414,0.6811410201227862,0.3188589798772138,1998.7189771380429
1161,0.4285056998941003,0.729435992263896,0.270564007736104,2000.063828632446
1162,0.5837084938210069,0.7736915676577873,0.22630843234221265,2000.6409010197856
1163,0.5740001160999643,0.6545761954690728,0.34542380453092725,2005.8814784832757
1164,0.6600699482852426,0.7871234064402645,0.21287659355973554,2000.5967515020122
1165,0.7549840300040749,0.860305559694948,0.13969444030505196,1998.1859996778555
1166,0.429623763934889,0.7767036318527129,0.22329636814728715,1998.7357203530619
1167,0.8392849102698619,0.9144443121555776,0.08555568784442236,1995.9541317165206
1168,0.5293480911080924,0.7872734081609646,0.21272659183903542,1994.8465574320965
1170,0.6685224393763607,0.7790830842007799,0.22091691579922013,1996.8041360355267
1171,0.340828877240953,0.3483221617532727,0.6516778382467273,2002.4022756793472
1172,0.6149851060537813,0.8860145834276656,0.11398541657233441,1995.9010912417014
1173,0.6713917318114941,0.7833286048500078,0.21667139514999223,1997.5144458718341
1174,0.8307694536062976,0.883032545075064,0.11696745492493599,2000.5187053796608
1175,0.4858566578140654,0.5954594400125919,0.4045405599874081,2004.9449890198746
1176,0.7628839475798456,0.8720543141908382,0.12794568580916177,1998.1244825694998
1177,0.24751933324427425,0.3570018999272684,0.6429981000727316,2003.181581118155
1178,0.5381248578180111,0.6647817006912863,0.3352182993087137,1998.5822193731617
1179,0.7403510693408716,0.8863183367656275,0.11368166323437245,1995.7444456528026
1180,0.3819071905274302,0.5391200450182908,0.4608799549817092,2003.897811501546
1181,0.170179764724241,0.45559165985308675,0.5444083401469133,2001.5494701407974
1182,0.6640239474596412,0.7537309845244792,0.24626901547552082,1998.2871473266723
1183,0.10165206728968139,0.13899574357092537,0.8610042564290746,2007.9930854689048
1184,0.8099818112672942,0.8952407026928586,0.1047592973071414,1994.1247484644211
1185,0.7423144131165591,0.8910328655715871,0.10896713442841288,1996.841134440673
1186,0.8250259144663032,0.9131818280014146,0.08681817199858544,1995.4850193526484
1187,0.48045992677440086,0.6030756473234781,0.39692435267652193,1999.5587350542626
1188,0.7774498358622963,0.8727457944193181,0.1272542055806819,1999.1848365365063
1189,0.8839486424050949,0.9352995767194593,0.06470042328054071,1997.6365786539084
1190,0.5889484098841037,0.7169072772155369,0.28309272278446307,2002.832610532264
1191,0.6192050413514743,0.8194717114739796,0.18052828852602043,1994.1303897819696
1192,0.8249900444449395,0.91276967022746,0.08723032977253997,1997.747929843605
1193,0.7950604140461836,0.8630395895025584,0.13696041049744156,2000.0592259980363
1194,0.840877432833242,0.9107996393911837,0.08920036060881631,1998.2031065095935
1195,0.612561070302474,0.6421066752083966,0.3578933247916034,2008.1924641888265
1197,0.8059106888096331,0.909399013142683,0.09060098685731699,1995.8747970931374
1198,0.7706778966124637,0.9134706077279915,0.08652939227200851,1993.586188017399
1199,0.6681768302553934,0.7911075035613174,0.20889249643868257,1998.9459774204165
1200,0.6452310684654027,0.8632751255181431,0.13672487448185688,1994.7982471975456
1201,0.7312993825486743,0.8649340612287877,0.1350659387712123,1998.9758926605025
1202,0.6706329809884503,0.8047275219837855,0.1952724780162145,1997.7402891828506
1203,0.7581587636268421,0.856606672992973,0.143393327007027,1999.4286615331364
1204,0.7856972895896215,0.8834201817028274,0.11657981829717257,1998.6265857955657
1205,0.798571260892298,0.9171337640786249,0.0828662359213751,1994.8171012290943
1206,0.6360282188270823,0.8785373392521991,0.12146266074780088,1998.3466589691996
1207,0.37004646657817575,0.5214720131216385,0.4785279868783615,2001.0595056657237
1208,0.885069256655249,0.9305247900916347,0.06947520990836531,1994.9463887459256
1209,0.5388345354756499,0.64063121946015,0.35936878053985,2000.9363815078925
1210,0.4777837455534023,0.6707330202670498,0.32926697973295016,1999.7032865042415
1211,0.31067161078847483,0.5171622499534639,0.48283775004653606,1999.998860551969
1212,0.6014197020480399,0.7131668831781127,0.2868331168218873,1997.6975242833453
1213,0.5619237401998763,0.7622907486390073,0.23770925136099275,2000.0380805378431
1214,0.5473369180120251,0.7504941752973124,0.24950582470268756,2000.2533762571238
1215,0.2211175538333405,0.36702976591396647,0.6329702340860335,2003.0283265535024
1216,0.6403312362445462,0.8353639657606031,0.16463603423939688,1997.8631201514222
1218,0.48119641458237733,0.6961025595077376,0.3038974404922624,2001.731738283792
1220,0.6870170997776222,0.779787394482181,0.22021260551781896,1996.932876949907
1222,0.13392014410638875,0.569246887881002,0.430753112118998,2000.0920703845422
1224,0.10248104073980299,0.7938124691045442,0.20618753089545583,1997.8095869207891
1225,0.5576881323848345,0.7279008542772022,0.2720991457227978,2001.6876212953814
1226,0.5303482366834812,0.7758395065583146,0.22416049344168543,1996.8039544568683
1228,0.639932874284113,0.6614763879312244,0.33852361206877557,2000.1238418643002
1229,0.5806252679576968,0.7575812497734469,0.24241875022655313,1996.8894816071963
1231,0.7446795092494076,0.9266702061221546,0.07332979387784544,1993.0010260539252
1232,0.05308276593058455,0.12373343668431268,0.8762665633156873,2008.0870542843033
1233,0.6092501707075939,0.834233852521566,0.165766147478434,1994.5100868390796
1234,0.8647390356574087,0.8873101641121791,0.11268983588782089,1991.1084567934074
1235,0.6893485958719126,0.790679339375058,0.20932066062494203,1999.1336718004634
1236,0.6134291861819869,0.7568168685330253,0.24318313146697468,1997.7570457418612
1237,0.6304535623035554,0.7418857370632478,0.2581142629367522,1994.0268440213233
1238,0.49367629841797245,0.6680432809489786,0.3319567190510214,1997.4060683452292
1239,0.8206821080783416,0.9270267258530949,0.07297327414690513,1993.4646703345607
1240,0.41467540077735093,0.47920458823895756,0.5207954117610425,2000.3404802561204
1241,0.5086613022995362,0.5826571689962927,0.4173428310037073,2004.730118058945
1242,0.5690612292229921,0.7359264481814384,0.2640735518185616,1993.627758699803
1243,0.7709842465137783,0.8482206749422584,0.1517793250577416,1994.4442583905525
1244,0.6337174267956865,0.8032242129529068,0.1967757870470932,1994.0198228289034
1245,0.4234530239555365,0.47248543479699256,0.5275145652030074,2000.8188312466302
1246,0.5073764143699309,0.7410694131367499,0.2589305868632501,1997.2900689409819
1247,0.32530235187797246,0.6950955394251509,0.3049044605748491,1997.1163519046772
1248,0.2664049799770033,0.2674868448628411,0.7325131551371589,2010.623935885174
1249,0.8626289274263089,0.8899752450428811,0.11002475495711894,1990.229625021878
1250,0.5872763034694249,0.8158252530901824,0.1841747469098176,1996.9128327826604
1251,0.7110384577523673,0.9035959452410667,0.09640405475893332,1993.1039081248657
1252,0.8064133387194045,0.9021183003198298,0.09788169968017024,1995.3331169495361
1253,0.6572130723547763,0.8350427667022551,0.16495723329774492,1992.962337031506
1254,0.8158693124217306,0.9026572636093593,0.09734273639064073,1996.5254150584083
1255,0.8410643863724256,0.8895228969556939,0.11047710304430614,1991.192946772315
1256,0.8151937790196836,0.8152430460627222,0.18475695393727776,2000.8703420193694
1257,0.8300685787640779,0.900213808780139,0.09978619121986099,1996.4343688476663
1258,0.43297132801525084,0.7916670217082722,0.2083329782917278,1998.0110524356294
1259,0.875806266992029,0.9280467541898179,0.07195324581018214,1987.7574078455864
1260,0.7319840621304697,0.8887076397697636,0.11129236023023636,1993.0930793297066
1261,0.5776275857185801,0.7680051612430099,0.23199483875699012,1998.5591099469107
1262,0.6509604088564221,0.7967248034925645,0.20327519650743553,1999.3797376339783
1263,0.5472480665959851,0.6755056457626185,0.3244943542373815,1997.2190575383322
1265,0.3773058605094688,0.6819435091364366,0.31805649086356336,2001.0302484628305
1266,0.48636460960796296,0.6788901745661212,0.3211098254338788,1999.904177141301
1267,0.7725403075693786,0.8740046065793575,0.12599539342064248,1996.6416792280822
1268,0.7112120635145475,0.837507381398837,0.16249261860116304,2000.0539798024206
1269,0.5862269098415955,0.7206670511370642,0.2793329488629358,2001.1010570819935
1270,0.4807378143902797,0.6686665018402692,0.3313334981597308,2001.8521276491945
1271,0.5021743258540721,0.644128865570184,0.355871134429816,2003.9900130412937
1272,0.43124493052995977,0.6844509788473108,0.31554902115268924,2002.5037078793873
1273,0.5741949319860726,0.7465177706185818,0.2534822293814182,2000.5758287318595
1274,0.7532877298026542,0.9057939970999955,0.09420600290000447,1994.8630700937924
1275,0.8263386627653249,0.8833723876070743,0.11662761239292574,1994.8350465397255
1276,0.33151875208706266,0.6403594127210918,0.35964058727890824,2000.4261986061563
1277,0.5874202734433546,0.6983136185907945,0.30168638140920545,1997.9798360041277
1278,0.6106743763999681,0.8196974893881571,0.18030251061184288,1997.794673961299
1279,0.292420234954841,0.6720776778908565,0.3279223221091435,2000.147141627623
1280,0.7652937317682527,0.9199258168520664,0.08007418314793358,1994.4677940550564
1281,0.47345561548996734,0.5998489850545154,0.40015101494548455,2002.1660687532135
1282,0.7885769792028083,0.8871710257770884,0.1128289742229116,1996.221154274225
1284,0.4311496109289943,0.6762094869054242,0.32379051309457585,1999.9472588668882
1285,0.7195983989991924,0.8642914130524192,0.1357085869475808,1995.325712536588
1286,0.40815223592626787,0.5988522141427134,0.4011477858572866,2002.2229812786782
1287,0.31531028375739545,0.5054726969146125,0.4945273030853875,2001.1113497571262
1288,0.6670625632652257,0.7562061010970836,0.24379389890291636,1994.4266732100607
1289,0.6659904529140581,0.7197552346959303,0.2802447653040697,2002.3567953956997
1290,0.8543016325154968,0.9337065816300166,0.06629341836998337,1994.4744269394403
1291,0.6518946005345557,0.8665479026791874,0.13345209732081265,1996.9600148033726
1292,0.27244778022637645,0.40516953096851005,0.59483046903149,2004.3190605932757
1293,0.8137068233824041,0.9044224735074764,0.0955775264925236,1994.4411772799026
1294,0.7342050050345856,0.8351507272109648,0.16484927278903516,1999.9652352339597
1295,0.758254368319049,0.8916750867636076,0.10832491323639237,1995.4408186676499
1296,0.5110552993834796,0.7243346276955739,0.2756653723044261,1998.7751009849553
1297,0.7656238283690898,0.8499507047142957,0.15004929528570432,1992.2885573803594
1298,0.7977639101436644,0.89593310571838,0.10406689428161997,1996.1953340902387
1299,0.754618884734073,0.8718555824058044,0.1281444175941956,1997.8758099519755
1300,0.8777243231111463,0.935146720192997,0.06485327980700295,1996.1357037145167
1301,0.580910511186081,0.6634675525083197,0.3365324474916803,2002.6628119865593
1302,0.41628615020892895,0.5039211980426654,0.49607880195733456,2002.1503591706642
1303,0.7969476272485124,0.900249203967771,0.09975079603222903,1995.2082773783202
1304,0.8042485396415118,0.833100540943313,0.16689945905668702,1997.5998977293236
1305,0.6628034633365227,0.7868628943102328,0.21313710568976718,1999.2807551233007
1306,0.7764352035108693,0.8864400314096973,0.1135599685903027,1995.0300932642488
1307,0.7021463585322053,0.806792217088718,0.19320778291128204,1999.5375982390601
1308,0.7394067182943921,0.8549765713823055,0.14502342861769446,1997.1084558846383
1309,0.7582613556527259,0.8804325726771783,0.11956742732282166,1999.626404014682
1310,0.782840790210235,0.8858293040460135,0.11417069595398655,1996.0950100644118
1311,0.23007907511407605,0.3685753694963931,0.6314246305036069,2007.3216062627669
1312,0.39285068589470873,0.6523387531181963,0.34766124688180366,2002.8222712031077
1313,0.6995382128500225,0.759160195149403,0.24083980485059697,1996.8384502923977
1314,0.6382167874502425,0.7397776664794508,0.26022233352054924,1998.5024366413452
1315,0.47592153552381566,0.5615455342811372,0.4384544657188628,1999.6827948233781
1316,0.34359522719739893,0.7441179101101133,0.2558820898898867,1997.7439603396792
1320,0.5077842274559101,0.7911995168903514,0.2088004831096486,1998.65442008252
1321,0.26011145834258426,0.375974388855613,0.6240256111443869,2003.7337515208903
1322,0.5485836688878216,0.764850982686025,0.23514901731397497,1998.6060349354498
1323,0.4502014410968243,0.7002949419584524,0.29970505804154757,2001.8018802151503
1324,0.1576615541582105,0.2882619319589077,0.7117380680410923,2007.764657395509
1325,0.5296782300275836,0.6117252068768909,0.3882747931231091,2001.3039095448778
1327,0.42225468401951916,0.5590126180370666,0.4409873819629334,2000.788747318534
1328,0.5696162564115197,0.7172143253150667,0.2827856746849333,1997.6526314737378
1330,0.3931734559063781,0.7185337010103753,0.2814662989896247,1999.864703325364
1331,0.48094989298569424,0.7253180273994337,0.27468197260056626,2002.5865941385564
1332,0.34694634496819327,0.720389347528749,0.27961065247125105,1996.1692421935536
1333,0.623839260818019,0.7089470949674722,0.2910529050325278,1997.3813348785243
1335,0.7079150029433059,0.8571432949447922,0.14285670505520776,1992.1140111330549
1336,0.7235049209402443,0.8370484614841905,0.16295153851580946,1998.6158899807665
1337,0.5226111229145562,0.6743128732024364,0.3256871267975636,2001.0440445267348
1338,0.5857697808283765,0.7430656138019138,0.2569343861980862,1999.772594090063
1339,0.8058783702249837,0.8997067058908648,0.10029329410913523,1994.464414935663
1340,0.7418981700658372,0.8102934585692554,0.1897065414307446,1997.0403312059989
1341,0.7301239693275422,0.881741922665054,0.11825807733494598,1995.5554731938068
1342,0.6531850997185341,0.8071159597490342,0.19288404025096584,1993.7187311337814
1343,0.33905694141006826,0.4571794192178408,0.5428205807821592,2000.4046476591873
1344,0.5026372713215483,0.8067460232472804,0.1932539767527196,1996.8770235404927
1345,0.23846372853366454,0.5120728994411456,0.48792710055885435,2000.2725114345646
1346,0.32067274511049887,0.4361210600337849,0.5638789399662151,2005.2190927386312
1347,0.5323431237841055,0.7824114732092231,0.2175885267907769,1993.1950987919981
1348,0.7992694260291803,0.8923991418915481,0.10760085810845188,1994.7620068983867
1349,0.6738551496853996,0.8774993138430361,0.12250068615696386,1992.9025598431515
1350,0.7363008280154,0.8726707896932384,0.1273292103067616,1992.3360595701658
1351,0.6727064090114301,0.8302640541291618,0.16973594587083818,1996.617042158901
1352,0.5393860561684638,0.6606229631846805,0.3393770368153195,1998.7297867211284
1354,0.556374663251629,0.6556036256021658,0.3443963743978342,1999.1277329720874
1356,0.6292234324401536,0.8623912405943814,0.13760875940561856,1993.7312232706834
1357,0.7302027495258109,0.858702415633015,0.14129758436698503,1998.8908502891875
1358,0.5622189287870561,0.7447312804879442,0.25526871951205576,1995.7204773264639
1359,0.7388931906500968,0.834972298749863,0.165027701250137,1999.422225517493
1360,0.9248043372782313,0.9704718115076868,0.0295281884923132,1986.886507323852
1361,0.8639991889222972,0.9238583019683642,0.07614169803163584,1996.4804823290847
1362,0.42555728598177284,0.5736828794292256,0.4263171205707744,2003.7584907640762
1363,0.8537841765866274,0.9267404709557892,0.07325952904421085,1989.7421835673135
1364,0.7366304779618444,0.8446393313128391,0.15536066868716092,1993.8642929228358
1365,0.6941634778875121,0.7997929218214274,0.20020707817857264,2000.62520059914
1366,0.5970877736673919,0.7367065877985183,0.2632934122014817,2000.0317350279881
1367,0.29460110774383647,0.4483309244961585,0.5516690755038415,2004.395321739575
1368,0.34841158787469634,0.563134394534166,0.436865605465834,2002.1962157273183
1369,0.4207350826091686,0.5127935435526173,0.4872064564473827,2007.1662333601482
1370,0.8706568397862527,0.9187229259774677,0.08127707402253226,1994.0230609918433
1371,0.43242159952467274,0.7292244987382323,0.27077550126176775,1998.4849083743318
1372,0.677030296775782,0.7554508375331993,0.2445491624668007,2000.7968756009004
1373,0.45776426413506127,0.6959122189624339,0.30408778103756606,2000.6123983085633
1374,0.6227574538519847,0.7446661031169446,0.2553338968830554,2002.3819842624753
1375,0.460277753823199,0.7840913124749079,0.21590868752509207,2000.0051387668907
1376,0.6746696171345752,0.8251352212820342,0.1748647787179658,1998.8423548440599
1377,0.6573163462516248,0.894841032115864,0.10515896788413603,1996.9426026013361
1378,0.7327364751849057,0.8218551858004516,0.17814481419954842,1998.473090769052
1379,0.49698535710439995,0.5533486924895494,0.44665130751045057,2001.14826335738
1380,0.7842523590575333,0.9296116874146069,0.07038831258539313,1992.7370503936513
1381,0.7964003901704889,0.8322645585570289,0.16773544144297114,1997.381469707611
1382,0.49308060420444855,0.5361797193405333,0.4638202806594667,2006.9103197007487
1383,0.8388627698315271,0.9188812598692566,0.08111874013074338,1996.5416896148934
1385,0.8557061221538551,0.9063229850015863,0.09367701499841374,1994.7504719786373
1387,0.18472453473934375,0.41102412489015544,0.5889758751098446,2003.3356270688037
1388,0.8335113926259492,0.9167035416956957,0.08329645830430432,1996.8793678268728
1389,0.6312782001842282,0.7864111193369527,0.21358888066304726,1998.4007712193438
1390,0.2971974989720414,0.5792107121586763,0.42078928784132374,2000.2089404792405
1391,0.2588706126124001,0.36882168146986083,0.6311783185301392,2004.0604473032251
1392,0.566277703610584,0.6541856622433208,0.34581433775667925,2001.4601005688332
1393,0.8917169019811987,0.954944598759913,0.045055401240087,1991.0509217986541
1394,0.6404152073983477,0.8223399603797624,0.17766003962023758,1997.9529191722615
1395,0.5449916671578084,0.6565253574743145,0.3434746425256855,2000.0905541095458
1396,0.8027997241289166,0.8982040284429051,0.10179597155709486,1997.864015377571
1397,0.7649152236351344,0.8686165050687229,0.1313834949312771,1997.905057281065
1398,0.7548833340982785,0.8703162451314604,0.12968375486853956,1996.653981494134
1399,0.6425180162819811,0.8149972955315783,0.1850027044684217,1998.6511847558772
1400,0.6882493751404853,0.7906790534965984,0.2093209465034016,1994.9131576981854
1402,0.7093000473948129,0.8314533411431648,0.16854665885683517,1998.9044098078125
1403,0.1489053615975033,0.3562595627370281,0.6437404372629719,2007.3762135186837
1404,0.8616350724098895,0.9211066916464257,0.07889330835357433,1997.3254866185257
1406,0.87015488240114,0.9436292284678265,0.056370771532173514,1995.317519329253
1407,0.05100009416805466,0.5708224696749437,0.42917753032505634,2001.5345668196906
1408,0.7808143330247765,0.880431277994189,0.11956872200581103,1997.3877748183197
1409,0.7890454533381603,0.8616922744637966,0.1383077255362034,1995.5407372851623
1410,0.6850582789626867,0.833971417093378,0.16602858290662204,1996.6727179472884
1411,0.714274182008225,0.8134095278387845,0.1865904721612155,1999.1175584744228
1412,0.7092356390057911,0.7954985432178698,0.20450145678213016,1996.5651129930197
1413,0.7553301012929127,0.8884834829367129,0.11151651706328713,1996.3571107528937
1414,0.6701542727548145,0.8176778596730658,0.18232214032693417,1997.3445706599578
1415,0.2814200394449781,0.5401017030943417,0.4598982969056583,2003.6234108516223
1416,0.7793419104908375,0.8224857907483328,0.17751420925166717,1996.747281254286
1417,0.7085331056767755,0.8380351966512455,0.16196480334875452,1994.299702735086
1418,0.5684240217824292,0.6523839243680741,0.34761607563192587,1998.94512793485
1419,0.5991028615908777,0.7614244192659744,0.23857558073402563,1998.809290433112
1421,0.5731143577004029,0.7347016074588207,0.26529839254117926,1995.8741503540236
1424,0.42385739577691584,0.6310245770181158,0.36897542298188424,2000.7518076058755
1425,0.3350736315680034,0.5597343462557761,0.4402656537442239,2001.3389395044483
1427,0.6188246673218827,0.6816663286584193,0.31833367134158075,2000.9828284918283
1428,0.14816770547258715,0.36257147559319575,0.6374285244068043,2004.0931406147215
1429,0.38270354570380605,0.46151709194652285,0.5384829080534772,2002.3594149414887
1430,0.624994196552102,0.6944449087202763,0.3055550912797237,1998.9096751686795
1431,0.37453602422279,0.7151602128149143,0.28483978718508574,1996.7564875232467
1432,0.6229454788964467,0.8279876733279173,0.17201232667208266,1997.8967723060343
1433,0.37183171717976676,0.5514465691299576,0.4485534308700424,2006.432517912834
1435,0.0949012434550678,0.3460625381537001,0.6539374618462999,2006.868361697765
1436,0.6386944627329898,0.7395083660635231,0.2604916339364769,1993.3550669963151
1437,0.6398025771679167,0.7967521307556744,0.20324786924432559,1997.3847918938363
1438,0.41154052383612244,0.6001673424008067,0.3998326575991933,2000.5373162833519
1439,0.6746193928871111,0.880910024721289,0.11908997527871101,1994.7196816394699
1440,0.5692165159608933,0.6668649479489136,0.3331350520510864,2005.8954879452667
1441,0.44364726932723536,0.7449112261136128,0.2550887738863872,1995.5891381930096
1442,0.7334225822927906,0.8347417398100896,0.1652582601899104,1993.2458022725177
1443,0.10048417909635028,0.11732381008562755,0.8826761899143725,2011.4821695001767
1444,0.7987861557692648,0.8935504962591665,0.1064495037408335,1993.075272031544
1445,0.24931068125622907,0.42989656607782295,0.5701034339221771,2001.1465213615204
1446,0.3794321623367264,0.4616340327804845,0.5383659672195156,2004.0348507905746
1447,0.7067162453177787,0.8489624723425624,0.1510375276574376,1993.1285021855474
1448,0.9060702065252517,0.9382442029288024,0.061755797071197605,1991.2035176720747
1449,0.36431164025965906,0.5559808241040628,0.4440191758959372,1999.0867114335872
1450,0.9171408041001489,0.941045641860304,0.05895435813969596,1988.7504553337767
1451,0.5176916515211101,0.756091146106947,0.24390885389305295,1996.763974995371
1452,0.25528071610487063,0.5679481649493394,0.4320518350506606,1999.2498727440554
1453,0.06312058436998302,0.13946432751556126,0.8605356724844387,2009.4714818120185
1454,0.8020353589019272,0.8261933283407888,0.17380667165921115,1995.275406563628
1455,0.543031290125726,0.7211481768314875,0.27885182316851254,1998.7835855889623
1456,0.6696022455333541,0.8642702648729302,0.13572973512706976,1994.7977389444836
1457,0.7211927728775698,0.8223588666863999,0.1776411333136001,2000.6810082074114
1458,0.7295020296707343,0.83512804663621,0.16487195336379,1993.5110107749983
1459,0.35778918480131927,0.574942403618074,0.425057596381926,2002.559865311664
1460,0.7826393880396475,0.8880987107939983,0.11190128920600173,1992.4089314639664
1461,0.9069112536202045,0.960835480574131,0.03916451942586896,1994.9246949966328
1462,0.41604804946755597,0.7447686353841695,0.2552313646158305,1997.5446531551618
1463,0.5084236329572216,0.8337651779425619,0.16623482205743811,1995.6744765178353
1464,0.7324327203019557,0.9324775398379976,0.06752246016200236,1992.6230491452795
1465,0.30970661221876744,0.631017976819242,0.368982023180758,1998.0274364780403
1467,0.8399083255424767,0.8860438678684742,0.11395613213152578,1994.546011412505
1468,0.8240934716536112,0.9246389886288459,0.07536101137115414,1997.8513374864044
1469,0.5138695029409076,0.7818513664976957,0.2181486335023043,1998.4044202193659
1470,0.8400256119822612,0.8955094964072432,0.1044905035927568,1995.3268443938355
1471,0.47710802019091736,0.7240523085908743,0.2759476914091257,2000.3931478880372
1472,0.6834932459367592,0.7947412945769695,0.20525870542303049,1996.4416796267496
1473,0.452756982203715,0.6560252191444899,0.34397478085551014,2001.9925002910547
1474,0.6444835073637485,0.7557277461079774,0.24427225389202256,2001.3456982635814
1476,0.6808036226383146,0.8196993241947209,0.1803006758052791,1998.798719248437
1477,0.4056473594175887,0.818392856361592,0.18160714363840802,1999.111687764964
1478,0.2596024036547006,0.6423186408522862,0.3576813591477138,1999.909290482146
1479,0.260751806906841,0.2634701823117751,0.7365298176882249,2005.2727160009092
1480,0.8546840677804458,0.8720429676526292,0.12795703234737077,1997.2557989598918
1481,0.4678612586023038,0.6889488798185563,0.31105112018144365,2001.5317063169864
1482,0.6376105919858878,0.7030737538818242,0.29692624611817575,2003.0929016070986
1483,0.6863071116460437,0.9020136489280642,0.09798635107193576,1993.364140063265
1484,0.36687707988240736,0.5706257181656743,0.4293742818343257,2000.2937521257948
1485,0.7253593789130979,0.8480890578119552,0.1519109421880448,1995.577830412813
1486,0.31654106362935686,0.45927127809246504,0.540728721907535,2001.9086594542161
1487,0.5220557657505099,0.6738858141057128,0.3261141858942872,1998.7616931599887
1488,0.7249443432832721,0.8608089134823,0.13919108651769996,1997.0440243126534
1489,0.4795206950692083,0.6627754956930333,0.3372245043069667,2000.3674292825267
1490,0.2136507009439389,0.4961395606702271,0.503860439329773,2001.317727057587
1491,0.4696573440537957,0.5706512676875776,0.42934873231242243,2000.4231089963139
1492,0.7181038274571412,0.7308374551888279,0.2691625448111721,1998.0168687930282
1493,0.8646444760050006,0.9375517701786762,0.06244822982132381,1994.86362269029
1494,0.7601698861049001,0.898433288601587,0.101566711398413,1997.0277294671218
1495,0.7876253194579634,0.8848125463929286,0.11518745360707139,1998.0701157228195
1497,0.7922062594784938,0.8771422599431205,0.12285774005687955,1998.8127651373482
1498,0.8533702214628008,0.9365907246173217,0.06340927538267827,1997.2251246353485
1499,0.7224735592758399,0.8485563748432718,0.15144362515672816,1996.959520182288
1500,0.7192542290393141,0.8065832892112033,0.19341671078879674,1994.4736088475493
1501,0.7517007288102913,0.8854029530074833,0.11459704699251672,1996.3245954341303
1502,0.7791187953596436,0.8534690895735695,0.14653091042643052,1998.8978078933967
1504,0.7392745521884595,0.8283064011540833,0.17169359884591673,1997.8845092843442
1505,0.6859458484435494,0.7139795239869278,0.28602047601307223,1996.517858920587
1506,0.6840467024050675,0.894156463688964,0.10584353631103605,1994.0069975376446
1507,0.7375556860846159,0.8441358148862839,0.15586418511371614,1996.7796085892642
1508,0.7110947599975915,0.8506199019081859,0.14938009809181407,1997.34371015962
1509,0.8076874414405789,0.8796136275039496,0.12038637249605044,2000.3050729611964
1510,0.6601475114088455,0.8411307271146266,0.15886927288537345,1994.9845503208317
1511,0.7469162142248977,0.8803584514903523,0.1196415485096477,1995.9881975523451
1512,0.9104193785852809,0.9459496881927518,0.054050311807248175,1994.22096167547
1513,0.7309060031743807,0.8638011198034452,0.1361988801965548,1997.4001095269036
1514,0.8190724120550282,0.8875615394062538,0.11243846059374618,1997.8603538954153
1515,0.5248590263818335,0.6636398624389307,0.3363601375610693,2002.6771315466804
1516,0.5771169175065525,0.7292128941608798,0.27078710583912025,1997.3512897868386
1517,0.6667115051681347,0.8178067940620217,0.18219320593797828,1995.9086828491074
1518,0.476954624179637,0.5901406430992808,0.4098593569007192,2000.040200723693
1519,0.25155626301290934,0.4680539889956462,0.5319460110043538,2004.7465239692378
1520,0.4225183176157365,0.5749479576634683,0.4250520423365317,2003.8884381147684
1521,0.5018432560267111,0.7475466385236759,0.25245336147632413,2000.0173463423907
1523,0.1880231809401159,0.3014334687858867,0.6985665312141133,2004.8714452239362
1524,0.5283043676547248,0.7629597534694883,0.2370402465305117,1998.7792832994521
1525,0.4123128635775569,0.6702359115585924,0.3297640884414076,2001.3119924586217
1526,0.15896985277964926,0.21777986527090584,0.7822201347290941,2007.463812883947
1527,0.441047775533026,0.5261410410278208,0.4738589589721792,2003.5322186137587
1528,0.5011035024625192,0.6417305984784122,0.3582694015215878,1999.2421624052422
1529,0.6701396032163608,0.7700998324671272,0.2299001675328728,1997.0262329203829
1530,0.7101277644203569,0.8292870661333052,0.17071293386669484,1998.512429484564
1531,0.6706434294443988,0.8481853248625689,0.15181467513743108,1994.7816967834701
1532,0.16379374144289713,0.2814490233082119,0.7185509766917881,2006.5655735751482
1533,0.4068583363491986,0.5237078858804555,0.47629211411954453,2008.578114808189
1536,0.25065377867522926,0.3344367572577709,0.6655632427422291,2009.7420936918654
1537,0.6909431466688465,0.8076644354872212,0.19233556451277878,1997.0353531415674
1538,0.6254343556180166,0.8473862580700948,0.15261374192990518,1995.366892945609
1539,0.5809967137194393,0.789365841941792,0.21063415805820795,1994.8436087860614
1540,0.7012415154564509,0.803213070202988,0.19678692979701196,1999.894237043046
1541,0.7194239014008355,0.8393845741517794,0.16061542584822064,1995.7022485327695
1542,0.39183650642741297,0.5824286752898128,0.4175713247101872,1999.3866510233347
1543,0.442722636212649,0.6021882211149816,0.3978117788850184,1997.8202825513908
1544,0.3242645865553506,0.6014020990530661,0.3985979009469339,2003.217912568651
1545,0.7028833014812229,0.7610900050393685,0.23890999496063148,1992.9219148422844
1546,0.4108353280747131,0.49503108583546196,0.504968914164538,2004.1557590394405
1547,0.5712972438723535,0.7072426660855827,0.2927573339144173,1994.0823147045708
1548,0.7958394668622863,0.879763126840671,0.12023687315932896,1996.3461743339083
1549,0.648032836677294,0.8593114426468808,0.14068855735311925,1994.164096024006
1550,0.857830932572597,0.9438548522302656,0.05614514776973445,1989.916345070019
1551,0.3918364657863912,0.719242290412181,0.280757709587819,1996.2600653409463
1552,0.08552361761789526,0.8031638359837998,0.1968361640162002,1998.113675855325
1553,0.28606080467612566,0.49782472050156606,0.502175279498434,2000.5163124576584
1554,0.8778061086305493,0.88756896778537,0.11243103221463002,1991.070307423874
1555,0.336035591093511,0.5859768722700776,0.41402312772992245,2001.2238594514715
1556,0.4717109934150094,0.7870715802900807,0.21292841970991927,1996.4686322808357
1557,0.5805583712646261,0.7630711655106884,0.23692883448931157,2000.56379347268
1558,0.797785667481869,0.8924633952331417,0.10753660476685833,1990.8645691688637
1559,0.7704751966635954,0.8697271835909337,0.1302728164090663,1997.0342194973787
1560,0.6874734908122662,0.8416697585704883,0.1583302414295117,1997.7800780821997
1561,0.32169728421947996,0.5216208299753592,0.4783791700246408,2003.6090690446943
1562,0.6926879390130413,0.7600657802480782,0.23993421975192175,1997.8787213356422
1563,0.4392885684160189,0.7056223865595861,0.2943776134404139,1998.7939224892073
1564,0.6969581999187591,0.8166722457766062,0.18332775422339376,1999.3026999423664
1565,0.5416746670446712,0.8174483411833686,0.18255165881663138,1998.7320129083748
1566,0.8658465605855834,0.9524014283672214,0.047598571632778586,1990.8338391627028
1567,0.30480930310725357,0.6377602315168801,0.3622397684831199,2000.9764267707385
1568,0.7947845343840124,0.8939723603386507,0.10602763966134932,1995.0244462607034
1569,0.7306920769167969,0.851561762142624,0.14843823785737598,2000.8247127647387
1570,0.4493872434114342,0.55672209083869,0.44327790916131005,2000.5273119959195
1571,0.399459333868985,0.7222354842585649,0.2777645157414351,2000.4270100673807
1572,0.5472059590381042,0.6892663190890818,0.31073368091091824,2001.4008266201124
1573,0.35353443801467227,0.6499724991672283,0.3500275008327717,2001.1489096204657
1574,0.5838128360820921,0.7792985338279333,0.22070146617206665,2001.2915856821005
1575,0.5946408340963314,0.7782866397425993,0.22171336025740074,1998.8081240485021
1576,0.6974632744323901,0.8230937025341669,0.17690629746583308,1998.749617306462
1578,0.4379991061381176,0.6876704921826989,0.31232950781730107,2001.8613410290636
1579,0.5906751419694212,0.7607114097312082,0.2392885902687918,1997.2080769515046
1580,0.4563845961447795,0.6431802222526226,0.3568197777473774,2000.5399315461673
1581,0.9080646074248361,0.9648393457871008,0.035160654212899156,1988.9259099728076
1582,0.8143794303184534,0.8778333599447361,0.1221666400552639,2000.0227185592448
1583,0.6518948061846129,0.7960039890164029,0.2039960109835971,1997.3720816273483
1584,0.0744034433845316,0.22173047143315844,0.7782695285668415,2007.1938415201446
1585,0.8006851989977054,0.9100672106278564,0.08993278937214355,1997.2864274330627
1586,0.5110721580038511,0.6759345413495906,0.32406545865040937,2000.755699917314
1587,0.09500781167164664,0.18079695657783632,0.8192030434221637,2008.4461016399441
1588,0.4307577833078999,0.5389819076067914,0.46101809239320857,2002.7150272816336
1589,0.5488237114986854,0.6087436742882105,0.3912563257117895,2002.8337632195407
1590,0.6973774457127954,0.8583229641427247,0.1416770358572753,1997.1825582998595
1591,0.8192700533359819,0.9145322193757376,0.08546778062426241,1994.3806036651915
1592,0.8462608911429426,0.906326907542402,0.09367309245759803,1997.0877860597047
1593,0.6636524601310887,0.7005179460872731,0.29948205391272686,1993.869684924943
1594,0.7780727106433479,0.8623007267506031,0.1376992732493969,2000.8646514744062
1595,0.8567388291675638,0.9219300018220066,0.07806999817799343,1993.9087767856356
1596,0.7082726493629339,0.8056495656286561,0.19435043437134392,2001.2520543090504
1597,0.8096666850701091,0.9375589959867988,0.062441004013201185,1990.9529778373806
1598,0.7352029331142088,0.8430588620217242,0.1569411379782758,1998.4310909315543
1599,0.7423960302194255,0.8561997146697006,0.14380028533029943,1998.6122400716815
1600,0.026143598474900154,0.09003477662358833,0.9099652233764117,2014.1823755534454
1601,0.31007335427134,0.5091171170208361,0.49088288297916394,2001.3265528065565
1602,0.5957495097989585,0.775748632330657,0.22425136766934295,1995.1084985381378
1603,0.8390029805423086,0.9119120188366887,0.08808798116331129,1992.9564395585733
1604,0.699837896774435,0.8616573991702628,0.13834260082973715,1997.2241593604524
1605,0.7155572020575072,0.874841464275912,0.12515853572408797,1996.9177343915774
1606,0.652393363061364,0.7459813090963742,0.25401869090362583,1993.8453994752808
1607,0.6627751369609369,0.8019737514533107,0.19802624854668927,1997.4436965740397
1608,0.7039712401294541,0.8585817795741051,0.1414182204258949,1999.6395434696717
1609,0.7869504395637974,0.9142726844764019,0.08572731552359814,1994.9637061098526
1610,0.49318243489653096,0.7326598442045079,0.2673401557954921,1999.8130928233725
1611,0.8221745849938297,0.8878087629866908,0.11219123701330924,1997.4724345108743
1612,0.5025110579473612,0.5348840647291183,0.4651159352708817,2000.4130482962985
1614,0.5937354274713433,0.7072390808436627,0.2927609191563373,1997.7160783352408
1615,0.44832158259182586,0.7070296588995595,0.2929703411004405,1997.8706755353683
1616,0.3512617287056949,0.629857705486767,0.370142294513233,2003.0518160006811
1617,0.5220942349505853,0.7347274545256491,0.26527254547435086,2001.235944143405
1618,0.27597593545775634,0.8112063194278119,0.18879368057218815,1996.1834175190186
1619,0.6805665766732094,0.8428386056713622,0.15716139432863785,1996.9368399000675
1620,0.31165597022974867,0.6467492719232014,0.3532507280767986,2001.3733585160894
1621,0.7130508266919033,0.7686288702952419,0.23137112970475815,1997.8463567579397
1623,0.33397145687236957,0.574303458243689,0.425696541756311,1998.9672098489564
1624,0.16714673807639097,0.23308628212108717,0.7669137178789128,2006.8408105136214
1625,0.4998190605587188,0.5927703355570528,0.40722966444294717,2002.2513080058116
1626,0.4291395428661326,0.6206069573591211,0.3793930426408789,2000.5534138761004
1627,0.27146820248831743,0.6564832622624518,0.3435167377375482,1997.5942951952782
1628,0.42423553925752394,0.5651430623164264,0.4348569376835736,2002.3386383428692
1629,0.6768519444583354,0.8347356270107182,0.16526437298928176,1999.7339611934144
1631,0.3737076215930381,0.5023508665305996,0.49764913346940043,2003.0980612339076
1632,0.8322023881236997,0.920418960415811,0.07958103958418905,1989.1373291299517
1633,0.684584625507062,0.7084575265420399,0.29154247345796014,2000.6103798672925
1634,0.4505451585087338,0.5513698111989542,0.44863018880104577,2004.0461036810034
1635,0.8253563457576772,0.8921656032501762,0.10783439674982376,1997.5546117977813
1638,0.6124275075653146,0.7343033560050012,0.2656966439949988,1997.4193683436538
1639,0.41714573950123957,0.5776084576776266,0.4223915423223734,1999.3605368390863
1640,0.324622975949157,0.41435721758395044,0.5856427824160495,2003.7288228752684
1641,0.5336700680180453,0.744029798748351,0.25597020125164904,1995.3717296252294
1642,0.389472383805822,0.47701343969871296,0.5229865603012871,2004.5742475320556
1643,0.5962132100133215,0.833818286457145,0.16618171354285505,1992.5608430314173
1644,0.735883470735066,0.8486279810241486,0.1513720189758514,1992.2726316652393
1645,0.5103937235808279,0.7321658870704418,0.26783411292955817,1996.4801820007083
1646,0.8602600349162104,0.9480654074708252,0.05193459252917476,1992.1747120095558
1647,0.25675409490580836,0.5259228904941986,0.4740771095058014,1999.9690968199022
1648,0.4958113777609308,0.8116819435875886,0.1883180564124114,1997.649955390245
1650,0.7277681029507318,0.7826300060970189,0.21736999390298106,1995.7259654711368
1651,0.5299136698881058,0.7210033504596193,0.2789966495403807,1998.2830915780125
1652,0.6656925386251827,0.856609576316109,0.143390423683891,1994.4923037605593
1653,0.681229865348466,0.8308449250579708,0.1691550749420292,1999.0591449384715
1654,0.8150094197653518,0.8914615328839492,0.10853846711605075,1991.3540276115716
1655,0.5320345583078495,0.6779026043164302,0.32209739568356976,2000.8442516084513
1656,0.8322687414374796,0.9222512938961734,0.07774870610382656,1994.3191473359898
1657,0.37577650549111635,0.653045600391912,0.34695439960808805,2002.535913803538
1658,0.5769940491726262,0.8432309338622958,0.15676906613770425,1995.0130219945033
1659,0.2830510141954834,0.6119058168483641,0.3880941831516359,2000.1974871116156
1660,0.4569030850327586,0.6623132811075452,0.33768671889245483,2001.9578128851224
1661,0.5017418333345284,0.749444249954876,0.250555750045124,2000.8182757261973
1662,0.4767697348231746,0.5800600235571824,0.41993997644281755,1999.1527867677655
1663,0.296704622695315,0.815534048007417,0.18446595199258298,1997.6180387234451
1664,0.8308754211867014,0.9050235945103552,0.09497640548964481,1994.977378521872
1665,0.6196445619388672,0.7836591057959702,0.2163408942040298,2000.609182026919
1666,0.570349192924367,0.7815182379298555,0.21848176207014447,1997.2314820127374
1667,0.5604125280184974,0.7739607812700903,0.22603921872990973,2000.786646208787
1668,0.5589438111057439,0.7579169875176555,0.24208301248234454,2001.8133348546505
1669,0.5240481610133066,0.7718555103813057,0.22814448961869427,1999.7542880337312
1670,0.6046608551614309,0.8979061870327336,0.10209381296726638,1997.2122441347024
1671,0.2467389983468573,0.5422674881173204,0.4577325118826796,2000.8634916843139
1672,0.5579658055999238,0.8091288993695518,0.1908711006304482,1996.0351640569995
1673,0.493715102576847,0.6921254672145296,0.3078745327854704,2002.397449789095
1674,0.6224845134007978,0.6733832237008013,0.3266167762991987,1998.9195236275634
1676,0.6619336451056689,0.8543201995808404,0.14567980041915962,1996.377206839087
1677,0.797073308012758,0.8957290430857374,0.10427095691426258,1998.5585002432335
1678,0.20660284458341371,0.3563221988726796,0.6436778011273204,2004.347118638853
1679,0.08986619973027293,0.18754732277742553,0.8124526772225744,2008.0703181578342
1680,0.6830264663493661,0.8333329341931133,0.16666706580688673,1997.6724022007015
1681,0.8724792741822773,0.9202835697712057,0.07971643022879427,1993.2717357549081
1682,0.31150905340220786,0.3594542776550268,0.6405457223449732,2010.763325235586
1683,0.8166641989061946,0.876116857467639,0.12388314253236099,1994.616987131235
1684,0.5738184079779086,0.6285222934180659,0.37147770658193413,1999.707681558304
1685,0.6943551651653116,0.8622083139170299,0.1377916860829701,1996.6290259994691
1686,0.8350413442746271,0.9102851581181801,0.08971484188181988,1993.880166994018
1687,0.8047241818849145,0.9134093086062058,0.08659069139379416,1993.2759877500907
1688,0.7386726524097599,0.8741622698056404,0.12583773019435962,1994.6210629152013
1689,0.8422833400231587,0.9184856220300193,0.08151437796998073,1998.2817238074092
1690,0.862221592008496,0.9380677647156136,0.061932235284386405,1993.9732622498477
1691,0.6124582640793294,0.7923667728110648,0.20763322718893518,1998.77549802618
1692,0.7386683629560701,0.9041757019190946,0.09582429808090542,1991.6085069184082
1693,0.7646551846762777,0.8680413226409174,0.13195867735908262,1994.7284402142966
1694,0.7309358000948809,0.8371080046717142,0.1628919953282858,1998.7092628350172
1695,0.7361031405555023,0.7942650466090974,0.20573495339090264,2001.6085023985465
1696,0.44964466771396183,0.5238299929221262,0.4761700070778738,2001.0296277501245
1697,0.8470858598939875,0.8785876886332993,0.12141231136670072,1996.063829916004
1698,0.7417211542668966,0.8231081506960106,0.17689184930398938,1996.306381756205
1699,0.7157414629759512,0.9004427820113277,0.09955721798867234,1993.6448753097259
1700,0.7474713984543431,0.8728820419587892,0.12711795804121084,1993.6916358306055
1701,0.7614197851771521,0.8904034766262943,0.10959652337370573,1996.8883015771628
1702,0.5358774765200208,0.7798086916182871,0.22019130838171286,1998.4580201191868
1703,0.5127442631999162,0.7026154111797686,0.29738458882023144,1999.4716115798437
1704,0.7914064611479686,0.9004187937066618,0.09958120629333822,1997.8184877316223
1705,0.5266954227858622,0.654899634840895,0.345100365159105,1999.960362917692
1706,0.06755588515316763,0.3065641305177106,0.6934358694822894,2007.9566935316427
1707,0.575496473727641,0.7252754272588197,0.27472457274118034,1997.1876063151371
1708,0.5520833718982971,0.7494202914647405,0.25057970853525946,2000.2887558162681
1710,0.7041902607757164,0.8888538065358865,0.11114619346411347,1996.1332014274105
1711,0.5341271230861593,0.7280073139155968,0.2719926860844032,1997.2220989373836
1712,0.38142984415944936,0.5594395032969165,0.4405604967030835,2000.6948016816655
1713,0.45252875363908146,0.6211025383273062,0.3788974616726938,2000.6849539403486
1715,0.3567365092475494,0.5997418561409805,0.4002581438590195,1998.1451804104338
1716,0.1550406862819687,0.379832182823677,0.620167817176323,2003.9218297269538
1717,0.6789364119874148,0.8455218646508306,0.15447813534916943,1994.869756606425
1718,0.49104980360246003,0.5895499243026169,0.4104500756973831,2002.8386118774426
1719,0.772434917499289,0.894051607051278,0.10594839294872205,1992.257844683591
1720,0.5172333894992031,0.7427553339973579,0.25724466600264206,1999.1868801136513
1721,0.4972380855920781,0.7179694939856369,0.2820305060143631,2003.1515155177347
1722,0.26640007931524506,0.39978188307610957,0.6002181169238905,2006.0556113692494
1723,0.4491693086523271,0.72485122568825,0.27514877431175,1997.860790744236
1724,0.6156842500469307,0.6520086352543646,0.3479913647456354,2005.8987306704275
1725,0.8634206276217424,0.8942424749933645,0.10575752500663549,1994.6459686766277
1726,0.776024050100801,0.8933660802819995,0.10663391971800051,1994.245160962143
1727,0.8039716978831063,0.9176621343582547,0.08233786564174528,1992.6583903371268
1728,0.9268218495853614,0.9601332896198351,0.03986671038016487,1993.413088913352
1730,0.7108103997188698,0.7813982030745992,0.21860179692540083,1992.6981568475342
1731,0.5202012837100366,0.7259765652609642,0.2740234347390358,1998.5800743760967
1732,0.36491174725571,0.7594585413008581,0.2405414586991419,1999.1624255308022
1733,0.5630230782363571,0.7346088524967083,0.26539114750329174,1996.2573102008023
1734,0.8052407708869401,0.8290978312240719,0.17090216877592812,1997.4318175038577
1735,0.6926298239699026,0.8349683739392967,0.16503162606070332,1992.5661287424778
1736,0.9485837256667208,0.9695917027023038,0.03040829729769623,1988.3378663811811
1737,0.6105967178035072,0.8149256026528862,0.18507439734711384,1994.641899258117
1738,0.8776667577211343,0.9476478070100558,0.0523521929899442,1988.4533883245365
1739,0.3122093449593816,0.6351255034543404,0.3648744965456596,1997.7256562141786
1740,0.3011527002443048,0.7688393716877091,0.2311606283122909,1997.8508991651267
1741,0.22307894679263962,0.48048040122434615,0.5195195987756538,2001.7227326840366
1742,0.6890347905722621,0.7707921247135966,0.2292078752864034,1996.131890284718
1743,0.33822820921071517,0.6004530223046812,0.3995469776953188,2000.5606070277458
1744,0.7153946294372889,0.8939572548603912,0.10604274513960876,1994.1944072387018
1745,0.774338110343804,0.9008458216569303,0.09915417834306972,1997.6479164608652
1746,0.8229642379561043,0.9047463756238593,0.09525362437614071,1994.2137752465635
1747,0.7627951126185011,0.8713762974091546,0.12862370259084543,1998.6932911430138
1748,0.7944304702963196,0.9334313117332644,0.06656868826673557,1993.2597234727882
1749,0.5832967470693211,0.7552174054505434,0.2447825945494566,2001.1217434521423
1751,0.36965397055876237,0.6325419778533725,0.3674580221466275,1998.7887192844876
1752,0.5145753482647095,0.7772329318947515,0.2227670681052485,2000.0593718041691
1753,0.8058666636536652,0.8757283942347471,0.12427160576525287,1997.0185509049725
1754,0.6890995487205783,0.8147445828001052,0.1852554171998948,1998.3233476340667
1755,0.6242265931523531,0.792973289153378,0.20702671084662205,2000.4853956749132
1756,0.8676847194926565,0.9083660881225931,0.09163391187740688,1996.1576359906628
1757,0.6895982241680289,0.875841026563752,0.12415897343624804,1999.8226682592265
1758,0.4250520467194651,0.5778872214975639,0.4221127785024361,2002.4036809072431
1759,0.7204039333823785,0.8518504870775219,0.14814951292247813,1997.075231071091
1760,0.5133475162136197,0.6205469548815984,0.3794530451184016,2004.764477356485
1761,0.5362241316052755,0.8090112289613559,0.1909887710386441,1998.5271165277816
1762,0.43479142188018305,0.7071397477605397,0.29286025223946033,2001.2981289449583
1763,0.4053453439618939,0.5266278319581309,0.4733721680418691,2004.4555668670462
1765,0.6263554780419499,0.7767568489573348,0.22324315104266523,2001.9332528912553
1766,0.886030854759436,0.8972037691194648,0.10279623088053524,1995.4463456925523
1767,0.792852458879231,0.939787501294257,0.06021249870574297,1994.0944434315377
1768,0.47615747021992644,0.740984431167219,0.259015568832781,1998.2924213070853
1769,0.5730219267632383,0.7903305943683782,0.20966940563162184,1997.4191348615354
1770,0.6641910955805823,0.7723678471335977,0.22763215286640226,1996.4577844609037
1771,0.47289436216282665,0.5739677053260668,0.4260322946739332,1998.5477545048748
1772,0.5803086944475047,0.7515603536470842,0.24843964635291582,1999.1520921420129
1773,0.7882611336313846,0.884717792954209,0.11528220704579095,1995.5739843931583
1774,0.5024946773272891,0.680425584660703,0.319574415339297,1999.989457868548
1775,0.5481173795188724,0.6534508067878514,0.3465491932121486,2000.304056459234
1776,0.624449823251366,0.7036447159213983,0.2963552840786017,1999.1922679950094
1777,0.5925802714940779,0.8203149258294415,0.17968507417055846,1996.6682384241622
1778,0.8412876551204778,0.9213759545040138,0.07862404549598623,1998.1988423702578
1779,0.80043567877091,0.9021540539810781,0.09784594601892194,1998.328280644428
1780,0.5714980787137218,0.8003947489213257,0.19960525107867433,1995.844667930646
1781,0.821347275732523,0.887246428608892,0.11275357139110798,1998.4493393185614
1782,0.7847353005019091,0.8954571679586288,0.10454283204137116,1997.9355705511641
1783,0.5805841162928227,0.7709829560841387,0.2290170439158613,1999.2057711233265
1784,0.7624638943248986,0.8769330627751474,0.12306693722485262,1993.2519278468617
1785,0.7460903879529649,0.8488627094099012,0.15113729059009884,1996.1980333826284
1786,0.7552761169058015,0.8531161789296242,0.1468838210703758,1998.0010490340876
1787,0.543269732542699,0.6801471119524849,0.3198528880475151,1996.5666337320285
1788,0.6152542205496808,0.6283592589515853,0.3716407410484147,1998.6110315373344
1789,0.3163678202526082,0.5157349147045733,0.48426508529542667,2003.3582829981488
1790,0.6026210630706476,0.7381127580541699,0.26188724194583013,1998.9775023962673
1792,0.597920113928093,0.7471137611536888,0.25288623884631123,2000.0414685224446
1793,0.3692795752481703,0.6634286543185298,0.3365713456814702,2000.8607326842423
1795,0.9140350933097668,0.9504570245393994,0.0495429754606006,1991.1707522995446
1796,0.8035990149350104,0.8865372414302746,0.11346275856972543,1994.7069071910746
1797,0.3407890326510068,0.45087149996677517,0.5491285000332249,2002.7518541867037
1798,0.5571658699230575,0.8216273392742288,0.17837266072577118,1997.580689803962
1799,0.6332801078415773,0.8223207662187512,0.17767923378124884,1998.162058154779
1801,0.49115024800291784,0.5316800572517986,0.46831994274820143,2001.6674933747843
1803,0.08618485497501287,0.129335392073849,0.870664607926151,2009.7068603128662
1804,0.43072887948676125,0.6411061331870977,0.35889386681290225,1997.9695699975287
1806,0.6840138636554989,0.8595014121807285,0.1404985878192715,1993.2108538570346
1807,0.4821678064745508,0.5718652973962105,0.4281347026037895,2004.1506816784422
1808,0.742673790681747,0.8531746665876471,0.14682533341235293,1994.6966704900326
1809,0.5149526203734001,0.7004776619460004,0.29952233805399964,2000.3479659285772
1810,0.5144775407695755,0.7374696671148541,0.26253033288514593,2001.6053390801792
1812,0.37626451851029646,0.48535522508899975,0.5146447749110002,2004.412703113179
1813,0.754135858376598,0.8581876738730835,0.14181232612691652,1991.5353525445644
1814,0.845660202447258,0.9037963233658918,0.09620367663410823,1993.8374896925109
1815,0.85933497071604,0.9166269343730141,0.08337306562698588,1996.355462852039
1816,0.7260327562436263,0.8381870234598675,0.1618129765401325,1996.3533407713812
1818,0.5066297583954734,0.7296729617531542,0.2703270382468458,1995.9878354551058
1819,0.28776557707893025,0.33779338619714283,0.6622066138028572,2004.072208304193
1820,0.2695105020568397,0.49373550280439304,0.506264497195607,2000.501366440559
1821,0.3925359943015021,0.4934746440629589,0.5065253559370411,2008.9598184860797
1822,0.5897110715857444,0.7634628649611619,0.2365371350388381,1997.1063576891916
1823,0.6647625621261458,0.7988385180014296,0.20116148199857042,1998.5031509903995
1824,0.698452931637224,0.8419999734152145,0.1580000265847855,1991.8759672769077
1825,0.8384723295196076,0.8759150276521128,0.12408497234788718,1993.3609415690435
1826,0.7550171651554578,0.8654255945799032,0.1345744054200968,1994.0478069202659
1827,0.8766209718598762,0.9429843135409641,0.057015686459035875,1991.0681370545171
1828,0.2944235970635913,0.5594887635770478,0.4405112364229522,1999.900487129962
1829,0.009217386070896883,0.955201968647836,0.04479803135216398,1996.2800608596167
1830,0.7338739234430082,0.8103367750863028,0.18966322491369725,1994.8739118717153
1831,0.5400983751414715,0.7969308708133861,0.2030691291866139,1997.4551140959709
1832,0.6750958926894375,0.8674713336132528,0.1325286663867472,1995.034808735956
1833,0.7092761339939027,0.8467735457868731,0.15322645421312686,1999.4568667112762
1834,0.6952953087810833,0.8607044147742748,0.13929558522572516,1993.7912304663175
1835,0.21469278381958753,0.33322194692163765,0.6667780530783624,2005.0456437402502
1836,0.7703163368915188,0.926832341305397,0.07316765869460296,1995.7072029300766
1837,0.5800818983673167,0.7579963803142642,0.2420036196857358,2000.788025842618
1838,0.5703500994093504,0.8828339568147288,0.11716604318527124,1994.5722800716737
1839,0.3250054120044221,0.6352045195567614,0.3647954804432386,1998.5319218988304
1840,0.39990882732846894,0.5349974010594728,0.4650025989405272,2003.5684866860938
1841,0.7473389806619475,0.8255012055657063,0.17449879443429372,1998.4192780607166
1842,0.517576478314504,0.8030310805956281,0.1969689194043719,1998.4289100830708
1843,0.6639892425375713,0.8436683207423112,0.15633167925768876,1998.8707517231585
1844,0.8955874400689922,0.9461755182708885,0.05382448172911147,1991.6875478550762
1845,0.32296957909848195,0.6814116418756108,0.31858835812438924,1999.8979222219498
1846,0.3914413298609484,0.5304862454726215,0.46951375452737854,2002.5321528672696
1847,0.5086342776871589,0.8392129209525064,0.16078707904749356,1997.21380780523
1848,0.4345203500710103,0.5937049541562721,0.4062950458437279,2004.3125364183977
1849,0.8895611662821746,0.9419581458059268,0.05804185419407315,1999.3618158806928
1850,0.540704284444491,0.7841231151075464,0.2158768848924536,1998.7087189054616
1851,0.6278943937333006,0.8174241420605761,0.18257585793942388,1995.7496747923208
1853,0.6787718307264774,0.8305020527124387,0.1694979472875613,1998.0053645108096
1854,0.4857422726229456,0.5893669641253023,0.4106330358746977,2003.7816358903929
1855,0.634204315676692,0.8118225274177566,0.18817747258224338,1998.0783276074044
1856,0.6182351015248891,0.7996641627851481,0.20033583721485193,1997.6056022608363
1857,0.8399298356903805,0.9236160552676497,0.07638394473235033,1994.327106436627
1858,0.3417084118340649,0.6403332630306496,0.35966673696935036,1999.7043079195398
1859,0.33457872699584656,0.5297765750315717,0.4702234249684283,2000.1113046046971
1860,0.6733124883698121,0.8616156588392637,0.13838434116073628,1996.0257725286838
1861,0.8753519240021437,0.952094898012357,0.04790510198764297,1995.113604887273
1862,0.23367825328842753,0.41205795217069824,0.5879420478293018,2002.895637414293
1863,0.580983974169835,0.6684920882474435,0.33150791175255645,1999.300611485642
1864,0.575494050970715,0.6484347808055076,0.35156521919449235,2001.1828179641652
1865,0.6359688628163256,0.8084328080261438,0.1915671919738562,1997.723391068474
1866,0.8018365833760442,0.9023492606933537,0.09765073930664625,1995.9762920798048
1867,0.7943940764908063,0.8944713968869673,0.10552860311303269,1996.5468282565098
1868,0.6643099081723505,0.6977487068461368,0.30225129315386323,1994.9673351954525
1869,0.6553099526919789,0.773124508137158,0.22687549186284195,1998.4138294705715
1870,0.8624366863950806,0.9451327589604464,0.05486724103955365,1995.3161841459453
1871,0.5817176298789556,0.736597118944881,0.263402881055119,1999.8219611133136
1872,0.5753116264239635,0.691648474975968,0.30835152502403196,1994.6420583114084
1873,0.615288871547792,0.7532772776051748,0.24672272239482518,1997.921047448216
1874,0.8134097729972675,0.9255851974556591,0.07441480254434085,1999.0947540348693
1875,0.3556722958950163,0.4652947453291133,0.5347052546708867,2003.046042715846
1876,0.8833464621798955,0.8888756236364425,0.11112437636355754,1999.1894923518742
1877,0.5702496030406112,0.7566952886710999,0.24330471132890008,1997.088867686981
1878,0.8228754329841431,0.8813469033303505,0.11865309666964952,1996.5037099962778
1879,0.732606403412469,0.8693527100897405,0.13064728991025953,1996.003061108564
1880,0.6555321769587134,0.8359061738264055,0.16409382617359447,1995.990654644071
1881,0.7246380792055729,0.8847095288783018,0.11529047112169821,1995.2987656560185
1883,0.7789481725220279,0.8897288683316242,0.11027113166837577,1998.8588850788433
1884,0.7779349190982556,0.8496416493119308,0.15035835068806924,1996.7565533436884
1885,0.5919244735558137,0.6908540982120112,0.30914590178798884,1998.0341548511724
1886,0.5745425539553746,0.7693054562596976,0.2306945437403024,1999.6855758440672
1887,0.5908579439475032,0.8491188100593197,0.15088118994068034,1997.793863371889
1888,0.6162175879246101,0.7718798156224969,0.22812018437750314,1995.5860121090413
1890,0.3489252655365037,0.6919547675888024,0.30804523241119763,1997.4693975111638
1891,0.015971819637821426,0.054149921884979316,0.9458500781150206,2012.4909438618138
1892,0.37751501641314866,0.5365978356318473,0.46340216436815274,2001.519125163616
1893,0.2709252244713048,0.44917305840973015,0.5508269415902698,2002.792675534481
1894,0.6894502212826136,0.9345610061628913,0.06543899383710872,1990.6944002654948
1896,0.615818481292739,0.8254736172294675,0.17452638277053245,1992.9547819363972
1897,0.38664382798237434,0.5980425592020738,0.40195744079792617,2002.5060525263134
1898,0.31845702666833126,0.5582058177787285,0.44179418222127154,2004.501416789532
1899,0.38362241532683355,0.5048047925623713,0.4951952074376287,1998.3708167926825
1900,0.5160855891861681,0.650478894315276,0.34952110568472405,2001.2950855309007
1902,0.6435454170392658,0.7809066722785092,0.21909332772149082,1997.3011501434655
1903,0.7897763025052241,0.9111784179756287,0.08882158202437129,1993.334703302472
1904,0.704111042900101,0.7934385632680242,0.2065614367319758,1997.6986951364177
1905,0.6998964211959853,0.8569287370880112,0.1430712629119888,1992.6569547496854
1907,0.34001386308535764,0.7113763720097637,0.28862362799023633,1997.6989428636566
1908,0.36489141313669987,0.7942978219048954,0.2057021780951046,1997.6419983362684
1910,0.5337665669515315,0.6657944112792087,0.3342055887207913,1999.5701511649247
1911,0.42294216826273373,0.5770614637811289,0.4229385362188711,1998.4466044499559
1912,0.804274920318873,0.9096976946336897,0.09030230536631034,1993.3715189847692
1913,0.36816997112150524,0.6829592907378275,0.31704070926217254,1997.283950436878
1914,0.9269684738297351,0.9666812897979428,0.03331871020205723,1987.4615956821092
1915,0.3919670811976705,0.5697364101221875,0.43026358987781255,1999.717809735407
1916,0.01840434543978266,0.6054234537653299,0.3945765462346701,2001.4668567048232
1917,0.757273393280077,0.8586768897274296,0.14132311027257038,1992.4652907123082
1918,0.4986601708152098,0.7172917946604245,0.2827082053395755,1998.696250692951
1919,0.7609768657352483,0.9011802172389298,0.09881978276107017,1994.317117934975
1920,0.7774610636643888,0.8764148568359056,0.12358514316409441,1997.8862332883489
1921,0.6709100819297809,0.8193458798244329,0.18065412017556715,1993.281063763608
1923,0.8172678525805304,0.9165520095174055,0.08344799048259455,1994.8965156441664
1924,0.477269720009241,0.7045081499401491,0.2954918500598509,2002.3884017145767
1925,0.8004624917481296,0.8821088043103432,0.11789119568965678,1993.056228787317
1926,0.5357273557458915,0.5679271608836021,0.43207283911639793,2005.2826261017517
1927,0.5455528706487377,0.7822628301963623,0.21773716980363766,1998.6771047388804
1928,0.569179768342346,0.6550854529674878,0.34491454703251223,2001.591141927483
1929,0.3749436411974196,0.7608651496222769,0.23913485037772308,1998.5691983627692
1930,0.8264894878533428,0.8976351485405393,0.10236485145946073,1995.4111351720044
1931,0.7207954643716106,0.8745723361256312,0.12542766387436877,1994.9253909542624
1932,0.40714390219197716,0.681478674834842,0.31852132516515796,1999.4316606546158
1933,0.42677495296593165,0.6001340595496143,0.3998659404503857,2001.5095094360433
1934,0.27868866308800055,0.5816771794090742,0.41832282059092585,2002.356790824909
1935,0.6028063275216787,0.7725497382477026,0.22745026175229743,2001.9768883187862
1936,0.5974100630485845,0.8826518220095555,0.1173481779904445,1996.6694209502027
1937,0.40760448170934405,0.6302550164297348,0.3697449835702652,2000.591016734044
1938,0.6029929360937447,0.7105713724275223,0.28942862757247767,2000.1448041482115
1939,0.41407612890560513,0.5456665238942949,0.45433347610570507,2003.9231040412076
1940,0.6165861940933097,0.7043845891021375,0.2956154108978625,2001.623533951983
1941,0.4889166606030646,0.7632794760447711,0.2367205239552289,1998.8003976482655
1942,0.8213140356121171,0.8731584283532475,0.12684157164675247,1992.2042555222108
1943,0.8670129232622216,0.9401685414571421,0.059831458542857874,1993.0897188899771
1944,0.28126372120786086,0.5434805507704147,0.4565194492295853,2000.7185167079674
1945,0.5667500013364434,0.6934083048373905,0.30659169516260953,1997.5816605011646
1946,0.4041488097676896,0.6330612119473922,0.3669387880526078,2001.515525878974
1947,0.7159250684725552,0.8651219549720913,0.13487804502790868,1995.0552718490073
1948,0.6845592673341088,0.8531502912261466,0.1468497087738534,1992.4378810911003
1949,0.9204737564586086,0.9266602455340964,0.07333975446590357,1992.27714367111
1950,0.49146883924452506,0.5049816442627113,0.4950183557372887,2004.0920766018405
1951,0.6455373225360336,0.7969216154136217,0.20307838458637828,1999.3662806427717
1952,0.8370322094114004,0.9140121510582394,0.08598784894176059,1998.9285058459961
1954,0.7776429855343789,0.8631933461721917,0.13680665382780832,1996.1751474141408
1955,0.7286363532432458,0.8306788576716311,0.16932114232836892,1999.0573096850435
1956,0.40062803277993975,0.5920700081820643,0.40792999181793566,2004.0135431825095
1957,0.47336739913072917,0.6087366909887895,0.39126330901121054,2001.3210161368204
1958,0.7473297805183889,0.851732348457641,0.148267651542359,1998.6099705531872
1960,0.5813101587767663,0.6159203115836144,0.3840796884163856,2003.1428615254636
1961,0.5715583495608926,0.6592612681504139,0.34073873184958614,2001.4228967653894
1963,0.6047729451787974,0.7918217606195112,0.20817823938048885,1998.0060729016766
1964,0.7304270911007689,0.8805703118973541,0.11942968810264587,1995.2197554352822
1965,0.7155245949247161,0.8789081231636757,0.12109187683632427,1994.4938492809881
1966,0.2800786520201397,0.5194387105835486,0.4805612894164514,2002.8125396632731
1968,0.6733597153207498,0.7941158204017303,0.20588417959826966,1997.3695135714377
1969,0.8003923410829288,0.860001053909155,0.13999894609084496,1995.3981787913283
1970,0.5899075622887852,0.6755591013769163,0.3244408986230837,1997.552628680442
1971,0.15933269710505377,0.5345723919413594,0.4654276080586406,2002.4439013538504
1973,0.6825522189095367,0.8003170393513165,0.19968296064868352,1997.1946003878525
1974,0.4584883147486725,0.8363191753271422,0.16368082467285783,1993.975748473775
1975,0.2408395634066508,0.24178203446387406,0.758217965536126,2012.570123035618
1976,0.44749839893057913,0.6014293291716224,0.3985706708283776,1997.2927718305746
1977,0.4262718300348844,0.5966751447538522,0.4033248552461478,1999.166576790875
1978,0.7231968486614037,0.8775101862540633,0.1224898137459367,1993.3907664079866
1979,0.35774397156756305,0.41452890449931684,0.5854710955006832,2005.4107668872502
1980,0.308367234221691,0.5229820333868004,0.4770179666131996,2003.6012154254056
1981,0.2780628046132741,0.4304270167544992,0.5695729832455008,2004.6670186620167
1982,0.5406582346614682,0.771588449873147,0.228411550126853,2000.9370703902146
1983,0.19156288824155462,0.5213047884361789,0.4786952115638211,2000.6602941974215
1984,0.4160790152435821,0.541996673334536,0.45800332666546395,2001.7034556897884
1985,0.6241008665087344,0.8132801118761458,0.1867198881238542,1994.8952702697995
1986,0.09483787851481668,0.9053555697080224,0.09464443029197755,1996.5641101732317
1987,0.5712600356319476,0.7821623335223045,0.21783766647769554,1995.7549542711997
1988,0.804950995473581,0.848161688865973,0.15183831113402702,1992.2038036666672
1989,0.7039229752427868,0.8771706637531678,0.12282933624683223,1992.1357571591082
1990,0.5719607708661958,0.8245436603189844,0.1754563396810156,1994.6840816761064
1991,0.6129804590342373,0.7789017261981289,0.22109827380187108,1996.7998557727158
1992,0.23752906709103208,0.8429784552761626,0.15702154472383745,1995.7385262553862
1994,0.9497996333533193,0.9553183966492542,0.04468160335074578,1996.9666811503448
1995,0.7098795115023014,0.8532164554420597,0.1467835445579403,1992.0804545270244
1996,0.8509054147867176,0.9343634263825957,0.06563657361740427,1993.1637784908908
1997,0.5172611500267866,0.7878867472671791,0.2121132527328209,1994.9227154618761
1998,0.9716397399588054,0.9878684989701338,0.012131501029866154,1986.0668351595195
1999,0.3933573049906857,0.6422204609712332,0.3577795390287668,1998.8737465585775
2000,0.18521204877231084,0.7242233381192196,0.2757766618807804,2000.0883006589165
2001,0.7687152189035259,0.8112364679796531,0.1887635320203469,1997.1138370403487
2002,0.41687246682433143,0.6728662297477034,0.3271337702522966,2000.0690344801073
2003,0.716412305891441,0.8799635726849095,0.12003642731509045,1994.655414537986
2004,0.824953142694087,0.8902154635522294,0.10978453644777064,2000.3900088250055
2005,0.6630161933012593,0.8246482677879028,0.1753517322120972,1994.8103871245903
2006,0.9046475613473797,0.9477531164542559,0.05224688354574414,1993.4091811333203
2007,0.8498500968762467,0.9335942367530482,0.0664057632469518,1997.7780362311742
2008,0.4980060500603259,0.7625152171291831,0.23748478287081687,2000.3865770868485
2009,0.7502331440189167,0.8924834810280435,0.10751651897195647,1992.8755477041266
2010,0.29350639668131034,0.5088450223936206,0.4911549776063794,2003.1624245211017
2011,0.7005623773403385,0.8757284256655179,0.1242715743344821,1995.4178412959966
2012,0.5849480578509877,0.820478626721535,0.17952137327846496,1999.8047960784968
2013,0.8296203205326133,0.8908387380151339,0.10916126198486609,1998.2187701644607
2014,0.8542801934091141,0.9154765746639228,0.08452342533607715,1995.8765432817818
2015,0.5294628485280519,0.7753194395222592,0.22468056047774077,1999.2180835094837
2016,0.21955566257821563,0.3695091116947025,0.6304908883052975,2006.6491421687526
2017,0.5879020800756539,0.7544363753461227,0.24556362465387727,2001.8605126049754
2018,0.5861399037132299,0.8684662417820855,0.13153375821791446,1996.5967858369827
2019,0.7062499155460484,0.8523086919713226,0.14769130802867736,1996.2857724493822
2020,0.5072351506715882,0.669748030284338,0.33025196971566195,2000.5436213605187
2021,0.30962313355263965,0.8338395619581035,0.1661604380418965,1994.601503305448
2022,0.2987738474350469,0.46942436083825273,0.5305756391617473,2005.6646702825328
2023,0.5699942068180406,0.6815373746917406,0.3184626253082594,2002.02890892153
2024,0.7277134344558672,0.907774238368901,0.09222576163109897,1995.3491415114827
2025,0.28115819080510046,0.39988116327891504,0.600118836721085,2003.9739230047758
2026,0.6709427509268829,0.7842365968583325,0.21576340314166753,1999.6371430998734
2027,0.7622827517181239,0.8302317036655298,0.16976829633447021,1994.5408193004976
2028,0.3879117965759223,0.47741325569716386,0.5225867443028361,2003.3761127576415
2029,0.623586053491215,0.783490437358019,0.21650956264198096,1998.2534991069774
2030,0.8220543917024842,0.9137536429456232,0.08624635705437678,1993.8506747485346
2031,0.51474220661868,0.6690695880250817,0.33093041197491835,1999.8992932619824
2032,0.1658024450855939,0.18887012673240858,0.8111298732675915,2006.4630935875336
2033,0.6175075777231745,0.8266655255083781,0.17333447449162187,1997.9206645455781
2034,0.7843154668785413,0.897808865797474,0.10219113420252601,1997.290834322425
2035,0.4087583487760918,0.6952160627846667,0.30478393721533326,1997.8418356391685
2036,0.7773759190996062,0.8965925105895193,0.10340748941048072,1995.2418289576729
2037,0.4544578632053358,0.6335772294588938,0.36642277054110617,2003.5698077155123
2038,0.7288568789320351,0.8855834944256883,0.11441650557431171,1992.8723985120064
2039,0.776551180672243,0.8758361107520727,0.12416388924792732,1997.3767371424076
2040,0.5191538294477496,0.5568808790612835,0.4431191209387165,2004.371480907332
2041,0.836231104962614,0.9053979376637633,0.09460206233623669,1991.0393344143217
2042,0.4133166747112443,0.509155895680525,0.490844104319475,2002.2559955951992
2043,0.7748798822281536,0.8748593686893363,0.12514063131066366,1994.5627947226697
2044,0.7260058809325911,0.839844551250259,0.16015544874974097,1996.6348521541706
2045,0.7743160489863589,0.8774120400725675,0.12258795992743254,1996.0823238660603
2046,0.49319805756483914,0.7021193731769386,0.2978806268230614,2000.6050236571507
2047,0.5928986704557888,0.6099454374450546,0.3900545625549454,2004.1829947973456
2048,0.8205032700361886,0.8865981105742803,0.11340188942571972,1993.7285053289088
2049,0.7681516597571817,0.8904099762638678,0.10959002373613225,1993.4624675307282
2050,0.5923043335273487,0.6923580904613303,0.30764190953866966,1998.8505630811514
2051,0.3804869974797423,0.617468648186612,0.38253135181338804,2001.1279926335176
2052,0.6663010679346998,0.8234474631753818,0.17655253682461824,1998.4719353016978
2053,0.735153741923222,0.815566836992079,0.184433163007921,1995.596636970742
2054,0.597026492086937,0.8997534677874477,0.10024653221255231,1992.2485584395051
2056,0.48521056671659174,0.5750520881771983,0.42494791182280167,2000.3335820452355
2057,0.3555293471906662,0.5260735029010007,0.47392649709899926,2002.064957795271
2058,0.7131395800730093,0.9422074063568967,0.057792593643103296,1989.8702638585323
2060,0.35992510633543745,0.4997340616546033,0.5002659383453967,2004.0871112813027
2061,0.6382277320021652,0.7481879529530282,0.2518120470469718,1998.008094718719
2062,0.47647320381967223,0.6615491003348531,0.33845089966514685,2001.4086927293945
2063,0.4709665175779481,0.5479851457604603,0.4520148542395397,1998.9736753608715
2064,0.6468477494858651,0.6629631065374894,0.33703689346251064,2002.6575846753908
2065,0.6419459120931235,0.7700965299536084,0.22990347004639156,1995.582802508207
2066,0.4435721115503326,0.6675824134622402,0.33241758653775977,1999.366093189879
2067,0.643375933308212,0.7912092463875657,0.20879075361243427,1997.1802393120065
2068,0.9082706516119349,0.9578628729631915,0.0421371270368085,1989.0218029227067
2069,0.6539315111703033,0.8188149014149385,0.1811850985850615,1991.741333265025
2070,0.36113431487114594,0.8097101543906893,0.19028984560931073,1995.0223689558322
2071,0.37109670526011934,0.755910776753088,0.24408922324691196,1996.1597205147536
2072,0.7696847375685353,0.8369176305613847,0.16308236943861532,1993.9320157349084
2073,0.8405543576049238,0.9188955688520142,0.08110443114798582,1987.5942484548564
2074,0.9268696248841084,0.9341749687523999,0.06582503124760009,1996.35061035177
2075,0.5877391793489741,0.8081239833428647,0.19187601665713527,1991.823927045469
2076,0.8587115037675167,0.9490070525071717,0.050992947492828344,1992.4807135462681
2077,0.5567004029043433,0.7777846338647,0.22221536613530002,1995.085072627158
2078,0.8585510306128118,0.9515939774431913,0.0484060225568087,1990.6696966065037
2079,0.376680018226633,0.6600345855494052,0.3399654144505948,1997.2129016818164
2080,0.46845209640589613,0.8266345289368857,0.17336547106311428,1996.6278519194968
2081,0.8039824565518212,0.881630977789244,0.11836902221075596,1992.8959004375483
2082,0.506683004011376,0.7269288176264023,0.27307118237359773,1998.974974360267
2083,0.7100842086842029,0.8758375034895979,0.12416249651040212,1993.475826551534
2084,0.499273518206644,0.6887188178304019,0.3112811821695981,2002.0830609068412
2085,0.8296110848072503,0.8991021375309971,0.1008978624690029,1989.8680995140212
2087,0.7743791880223684,0.9039346717751857,0.09606532822481428,1997.5536348779685
2088,0.304121236240266,0.7835669133328826,0.21643308666711736,1998.7110087244519
2089,0.7111112118689487,0.8729045774816158,0.12709542251838424,1995.3610671529395
2090,0.2065174162872707,0.2729872910224209,0.7270127089775791,2007.297358121287
2092,0.38708749135302023,0.749998606190487,0.25000139380951303,1999.054733441096
2093,0.8685755586668363,0.9215166281797189,0.07848337182028109,1996.0191991161416
2094,0.5942451591136388,0.7945545300092781,0.20544546999072189,1998.2021281008263
2095,0.4339573528814673,0.7039776170913292,0.2960223829086708,1998.9757049324176
2096,0.7431679468285084,0.9067098475976986,0.09329015240230143,1997.2682691724751
2097,0.5178980176552579,0.6294207836456559,0.3705792163543441,2002.973658884999
2098,0.5129996035642862,0.7152279947475952,0.28477200525240476,2002.2535315896334
2099,0.22529857427564537,0.5180684408035412,0.4819315591964588,2002.9752667105195
2100,0.3590334495743941,0.5966730581396821,0.4033269418603179,2000.8619918959134
2101,0.07795607866823927,0.1377911730176156,0.8622088269823844,2009.0609771839804
2102,0.6165500944590253,0.7901690622113193,0.20983093778868067,1999.9802014272275
2103,0.6200541840356874,0.6966500427576361,0.3033499572423639,2003.047553869305
2104,0.5679366917962242,0.7995828925526155,0.2004171074473845,1998.8328229725278
2106,0.83742572473509,0.914493239642026,0.085506760357974,1994.5633944030324
2107,0.6782946599303855,0.8033474262644149,0.1966525737355851,1995.4563211909035
2108,0.3831156231474134,0.5995830698171168,0.40041693018288316,1999.5796751734526
2109,0.5953587453487352,0.780406326833867,0.21959367316613299,1998.7287975791498
2110,0.8740068626697788,0.9473504435793064,0.05264955642069358,1992.1942495830945
2111,0.267285038795645,0.39015056093031186,0.6098494390696881,2003.3135836849408
2112,0.5854035603312363,0.6632997997227392,0.3367002002772608,1998.5303416546096
2113,0.7524271773943785,0.8801586351226109,0.11984136487738906,1996.8182836734202
2114,0.7318366386414172,0.8596442715636023,0.14035572843639765,1998.0813566667307
2115,0.3683742041162622,0.5702464285424244,0.42975357145757564,2003.3853615598516
2116,0.811959669207622,0.9545253655607341,0.045474634439265915,1993.1373611441384
2117,0.7628273980898667,0.8798823878996727,0.12011761210032734,1997.104123300433
2118,0.7973761069865974,0.8387603019406299,0.1612396980593701,1995.0739179816871
2119,0.7775945683612057,0.8792057682354719,0.12079423176452808,1997.3654744464495
2120,0.6045230113809582,0.7136104695112396,0.28638953048876037,1997.3708312074286
2121,0.7560396497527493,0.8054561881705058,0.1945438118294942,1994.5811112410868
2122,0.31678039827941745,0.45510086434412617,0.5448991356558739,2005.8329209532992
2123,0.7686200997679287,0.8830656170367673,0.11693438296323266,1994.6623403128915
2124,0.7898104823954171,0.8873698918086323,0.11263010819136765,1994.2200825094367
2125,0.7357602562510861,0.8709939495362645,0.12900605046373548,1995.6874064746578
2126,0.5886731828237824,0.7567509029482488,0.24324909705175124,2000.5039310030184
2128,0.8768252467603037,0.932546043000118,0.06745395699988199,1992.6511096701936
2129,0.5853769172298705,0.7011639424919803,0.29883605750801967,1997.2409798751494
2130,0.8211574161907413,0.9001649241113131,0.0998350758886869,1994.404245165347
2131,0.39658688164759487,0.7244402001010499,0.2755597998989501,1999.8824825786808
2133,0.6976740725845176,0.8336191127597095,0.16638088724029054,1994.263046526611
2134,0.6567693573114664,0.8828699394099341,0.11713006059006592,1992.6979340968194
2135,0.38191657647156774,0.3840479560402964,0.6159520439597036,2010.5224156887382
2136,0.7211939988980473,0.8252225380008026,0.17477746199919741,1994.504615931062
2137,0.11656463096869234,0.40112780466169823,0.5988721953383018,2002.205250829592
2138,0.8800645272358928,0.9382117351145071,0.06178826488549294,1989.148178799164
2139,0.28212340658561225,0.5882116888834645,0.41178831111653547,2001.554050405648
2140,0.23693703568073443,0.6372122109151899,0.36278778908481013,2000.8610542467718
2141,0.6710004519850624,0.8140599890252196,0.1859400109747804,1996.2529960852826
2142,0.493903482360057,0.6575950638932292,0.3424049361067708,2004.9522514395303
2144,0.6388669903176548,0.7766751938296961,0.22332480617030392,1993.9080292388385
2146,0.5843715552049491,0.7264010130681642,0.2735989869318358,1996.5742564138484
2147,0.6557774495833186,0.8700257830122333,0.12997421698776668,1995.524463323184
2150,0.1763610623107689,0.6116729899450529,0.3883270100549471,2000.3980047426378
2151,0.6547393325192056,0.7744080192072169,0.2255919807927831,1997.082364175282
2152,0.5729210860184325,0.797496675516118,0.20250332448388197,1997.6201495107077
2154,0.822001008926666,0.8638882991114604,0.13611170088853963,2000.3322325044624
2155,0.5428696801640142,0.8030061480733718,0.19699385192662822,1993.1914062801186
2156,0.6196594448043505,0.756378132028433,0.24362186797156704,1997.5481385062656
2157,0.6796308082817147,0.863394707431191,0.13660529256880904,1993.145832715608
2158,0.5867560722753092,0.8397738003448006,0.16022619965519935,1993.5711084680697
2159,0.21461189639836326,0.5620249583626616,0.43797504163733836,1999.1328932894273
2160,0.5987419595338879,0.7916913812872451,0.20830861871275486,1995.338181137395
2161,0.6113064802629213,0.7084403069333276,0.2915596930666724,1995.9945106441764
2162,0.5619364607290124,0.7774281048782495,0.22257189512175046,1998.3665190450022
2163,0.7518542148669878,0.8669892640774616,0.13301073592253843,1993.4924536765016
2164,0.6390935530059404,0.8158615637851419,0.18413843621485815,1999.2635830981478
2165,0.7510243054519833,0.8414931860020641,0.15850681399793587,1993.3908432727046
2166,0.7753376377281784,0.9222058337277927,0.07779416627220725,1994.74559701773
2167,0.7585240565822556,0.9066408269703121,0.09335917302968788,1994.990016661143
2168,0.36608472522770746,0.6883423683471113,0.31165763165288873,2001.4730078270275
2169,0.5483090804074187,0.676084129960739,0.32391587003926103,1999.0316987037154
2170,0.6545589369372129,0.8208788803812292,0.17912111961877075,1997.0326904013066
2171,0.810866774116714,0.9066392801402163,0.09336071985978367,1997.6291700464838
2172,0.5466966531557015,0.8086128195800684,0.19138718041993164,1998.102692784983
2173,0.7837116911346467,0.8942197386729969,0.10578026132700313,1992.802513240084
2174,0.3943124850744686,0.5564007593925966,0.4435992406074034,2004.022767323689
2175,0.5792486091573487,0.8308636338522896,0.16913636614771044,1997.7059741925527
2176,0.8737104966821103,0.9501463365004954,0.0498536634995046,1990.390132943894
2177,0.5706661654921316,0.6749872018854839,0.3250127981145161,2002.5187185168563
2178,0.6449555823874337,0.8176657110954816,0.18233428890451842,1998.0009551247138
2179,0.2469946531922303,0.624491504749793,0.375508495250207,2001.879287770078
2180,0.5950639628574068,0.749692588246162,0.25030741175383797,1996.759328785351
2181,0.12571160344080967,0.2199550976563737,0.7800449023436263,2007.902216813434
2182,0.4167705602814091,0.6850914072144899,0.3149085927855101,2000.1427759509602
2183,0.550917203047632,0.6541504301257963,0.3458495698742037,2002.5478386303191
2184,0.8432574001353653,0.9239811192766832,0.07601888072331675,1999.645400644641
2185,0.6224321268933144,0.8032210415504014,0.19677895844959858,1998.6185824617874
2186,0.8183554321449014,0.8930159934531384,0.10698400654686158,1998.0615188426984
2187,0.4880243757874652,0.6050228232461444,0.3949771767538556,2000.1230916039926
2188,0.33622618085567385,0.47570482722740937,0.5242951727725906,2004.546652914008
2189,0.8276057285067602,0.9118965165888455,0.08810348341115448,1993.3202084645193
2190,0.5540048195120026,0.6022446183759997,0.39775538162400026,2002.8289289359402
2191,0.3269113008917634,0.3599757958269794,0.6400242041730206,2005.4500250548047
2192,0.8088102417788899,0.9223344034323987,0.0776655965676013,1996.4661085316334
2193,0.7662334185586346,0.8934764307467103,0.10652356925328965,1991.4309407395288
2194,0.8680814789787934,0.9236077347712192,0.07639226522878084,1987.9973917530965
2195,0.7697856932586689,0.9149583842391359,0.08504161576086411,1994.7984429550593
2197,0.8475134713868806,0.8732609491573832,0.12673905084261683,1993.1450980852853
2198,0.6882008039165061,0.7922837489876419,0.20771625101235813,2001.1286037385476
2199,0.6633397466974622,0.8084591928163833,0.19154080718361666,1994.722860244278
2200,0.5679133803613305,0.5987711864693721,0.4012288135306279,2003.232890183135
2201,0.7729672540554413,0.9235268093904432,0.07647319060955682,1992.4490370389626
2202,0.7093110408797203,0.8488873615966578,0.15111263840334221,1997.6393121832366
2203,0.5795071839085109,0.7936061645043383,0.2063938354956617,1998.1801542515107
2204,0.8146992633874183,0.9146259145179529,0.08537408548204706,1992.4507899059977
2205,0.7491915834114181,0.8703053809725638,0.12969461902743618,1996.6039526767279
2207,0.7772728512191619,0.8696862882686682,0.13031371173133177,1996.483344313884
2208,0.619818712033489,0.740439456726554,0.259560543273446,1998.9612826794964
2209,0.5076727894880866,0.659578971845225,0.34042102815477504,1997.0102257286173
2210,0.6376178350869207,0.8267016077625894,0.17329839223741061,1997.9353322189406
2211,0.7527772648227568,0.8640377720351845,0.1359622279648155,1997.4896973569782
2212,0.8176061540382408,0.8636016707649657,0.13639832923503425,1995.3813393893902
2213,0.5602431641200861,0.7451191504636849,0.25488084953631507,1994.6242076426213
2214,0.0610464078801794,0.0770411258758729,0.9229588741241271,2011.0907000613358
2215,0.11448423931088289,0.48838210237559215,0.5116178976244079,2001.711530572601
2216,0.33201118746288905,0.5533168320199338,0.44668316798006624,2000.2773464443592
2217,0.3906481344342155,0.6370518635453373,0.36294813645466273,1998.9125126422316
2218,0.4909800097513408,0.6248021313913322,0.3751978686086678,2002.6537561240477
2219,0.5401415513150625,0.6805205428949607,0.31947945710503933,2001.2584601280655
2220,0.7457764847715841,0.8811102273651539,0.11888977263484612,1994.526790630469
2221,0.6748066093255584,0.761852294468914,0.238147705531086,2001.3867252319394
2224,0.28030019243104554,0.43834765875561255,0.5616523412443875,2005.5670341209004
2225,0.7710026949240347,0.8717185952019917,0.1282814047980083,1995.6014518078753
2226,0.8545952734851345,0.9130977870912325,0.08690221290876754,1993.3092426024723
2227,0.6440701537338707,0.7928408835525452,0.20715911644745477,1996.5567110104184
2228,0.43337775041979026,0.709409912496587,0.290590087503413,1997.389916373876
2229,0.5107996612299538,0.74704103098497,0.25295896901503,1996.5613419489734
2230,0.3905942477551225,0.6182730319300614,0.38172696806993855,2000.5191431814314
2231,0.5099410866693077,0.7462469507125207,0.2537530492874793,1997.1962703672218
2232,0.7144934495381146,0.8216065261127488,0.17839347388725124,1990.8144652671278
2233,0.8924016738694607,0.9011719826280481,0.0988280173719519,1998.858930821488
2234,0.28153980245447063,0.4329885581977049,0.5670114418022951,2002.5235463559698
2235,0.6705907480312598,0.8304717656926257,0.1695282343073743,1993.1758606252233
2236,0.13475751085784013,0.4197193367571041,0.5802806632428958,2002.9266674762523
2237,0.908115675269291,0.9775953698782843,0.022404630121715674,1988.2896711126286
2238,0.3398286396657813,0.6707926995212624,0.3292073004787376,1997.2690741503304
2239,0.5254417315323038,0.8162575119707632,0.18374248802923676,1995.8170991379898
2240,0.7800550378465829,0.8218223900565473,0.17817760994345266,1996.6673141088186
2241,0.5743063904357225,0.781267405423429,0.21873259457657102,1997.9190370195472
2242,0.6331924104190463,0.8186334002677308,0.1813665997322692,1995.0405935263357
2243,0.8243105774203949,0.9388528706225876,0.0611471293774124,1995.9585148772398
2244,0.5786816887823536,0.8483571676162571,0.15164283238374288,1994.2821986114936
2245,0.6934676784535743,0.9133163414561761,0.08668365854382387,1996.2983899501287
2246,0.8680443046804946,0.9562488291059758,0.04375117089402425,1993.8133496243113
2247,0.4639599013316618,0.7758699995039526,0.22413000049604737,1999.5781203230438
2248,0.4130927839268331,0.7749036738901023,0.22509632610989772,1997.0704878660836
2249,0.5878276280068555,0.8433116465113158,0.15668835348868415,1996.3204723174943
2251,0.5131272832508983,0.732511284709172,0.26748871529082796,2000.463266072941
2252,0.8864726606416707,0.9304657763082979,0.06953422369170215,1994.5335091171246
2253,0.5336606423588653,0.7417233669156547,0.25827663308434534,1999.04931483854
2254,0.2557180181149078,0.5129356387886413,0.48706436121135865,2003.3898709293323
2255,0.7560969440750417,0.8594956275692864,0.14050437243071356,1994.8459338961898
2256,0.525505580360364,0.7413844979407359,0.2586155020592641,2000.3939137351235
2257,0.5090335008021044,0.7099354141965158,0.29006458580348415,2000.6747257753407
2258,0.6762431289991672,0.8350797592538377,0.1649202407461623,1996.9081561460075
2259,0.6401190525207489,0.7194318470721485,0.28056815292785153,2001.0034368670986
2261,0.19458007974000863,0.38691623141045695,0.613083768589543,2005.3795148581025
2262,0.46950540373381044,0.5897489839767462,0.41025101602325376,2002.68890763958
2263,0.6681871934849815,0.8233725734660433,0.1766274265339567,1999.8147120711617
2264,0.879265351799267,0.9446951536281262,0.05530484637187383,1993.6674252480009
2265,0.24468578472940977,0.4945742770270488,0.5054257229729512,2002.121684511283
2266,0.35435835313095304,0.8839819734434677,0.11601802655653226,1996.3149115083647
2267,0.5697700575937521,0.7600510278143887,0.2399489721856113,1999.4402352874954
2268,0.6561553831522455,0.815517298690408,0.184482701309592,1999.0694183045125
2269,0.6398441910001279,0.68518754151736,0.31481245848263995,2000.6358098842177
2270,0.3960915988523874,0.44233104316277805,0.557668956837222,2005.2052530540434
2272,0.7809131362578376,0.8913915987952912,0.10860840120470883,1993.8111803556308
2273,0.4027985712315432,0.6206647731020546,0.3793352268979454,2000.918912294691
2274,0.7929972756852433,0.9107944246461598,0.08920557535384022,1994.0488123286439
2275,0.7321440517566998,0.8707194045427085,0.12928059545729154,1998.4971559686585
2276,0.5816886961944181,0.691129129627606,0.308870870372394,2001.0963724146245
2277,0.7385539774710169,0.8348639164765985,0.16513608352340148,1998.4958127970035
2278,0.21957017816784657,0.2647782048907425,0.7352217951092574,2006.976452330725
2279,0.6534916318691851,0.6680878103500912,0.33191218964990876,1998.4839025891758
2280,0.38661540081751083,0.5053714969621392,0.49462850303786077,2004.137148393096
2281,0.8519079465662908,0.9214363710996948,0.07856362890030522,1992.685721372005
2282,0.6709145166563485,0.7818496581083619,0.21815034189163807,1998.599783843715
2283,0.6400172744272965,0.8388895040384498,0.16111049596155025,1995.598739688803
2284,0.5975008355129893,0.8122856161087353,0.1877143838912647,1998.9026743544641
2286,0.8103227808053007,0.8902958987749715,0.1097041012250285,1997.8529277599011
2287,0.6646621399503497,0.8041766326218303,0.19582336737816974,1995.6003503075872
2288,0.6547750893650433,0.8375139471454842,0.16248605285451578,1995.0332003706355
2289,0.7405849257033147,0.8914048256144054,0.10859517438559463,1997.1624878695939
2290,0.7065124401655893,0.944357442831553,0.055642557168447015,1995.420674274784
2293,0.37531842181375485,0.6209204190521831,0.3790795809478169,1998.4833321796764
2294,0.17828741018610383,0.4751586128417074,0.5248413871582926,2001.368368276562
2296,0.6143219503417147,0.696638937104254,0.30336106289574605,1999.0604527612775
2297,0.1794648852525318,0.32237587960376174,0.6776241203962383,2005.7468252574054
2298,0.3178303091336849,0.49411004831776406,0.5058899516822359,2003.8432953421766
2299,0.8030249718607996,0.9304360216764026,0.0695639783235974,1990.9267737622265
2300,0.49207531541570515,0.6602311037352311,0.3397688962647689,2003.4285570907632
2301,0.7593527428609703,0.8066500703297684,0.19334992967023157,1992.706616029715
2302,0.9346158256751804,0.9535811374465128,0.04641886255348715,1989.5547179026642
2303,0.8257172526703623,0.9053577182038559,0.09464228179614409,1994.1890536822873
2304,0.6178822734140219,0.771986246382102,0.228013753617898,1997.1288752781732
2306,0.38935465832402943,0.5639927381802013,0.43600726181979865,2002.1308459348888
2307,0.4952372322364338,0.8625251542595116,0.1374748457404884,1993.2535920213763
2309,0.08504750340217292,0.5549618418366226,0.44503815816337744,2000.3027201206382
2310,0.289692434255368,0.4309327167781257,0.5690672832218743,2003.4768587339486
2311,0.43810766792928046,0.6980683500264258,0.30193164997357425,1996.3252233499115
2312,0.8470383457917168,0.8847114251278948,0.1152885748721052,1998.3019594102457
2313,0.6759355929448393,0.860517767848451,0.13948223215154898,1991.8235801158476
2314,0.7087399363192549,0.8639509096084181,0.13604909039158186,1993.9838055284954
2315,0.44388847794828057,0.7055947147050665,0.2944052852949335,1998.3682470055917
2316,0.957727491873258,0.9869361717096264,0.013063828290373558,1985.242996717024
2317,0.3365809777596421,0.5626432808850798,0.43735671911492024,1999.394275549975
2318,0.4879479087047991,0.7347795506703158,0.26522044932968425,1997.046177990924
2319,0.8198214384576895,0.8833980802597259,0.11660191974027412,1994.4117719348912
2320,0.6078086107276621,0.8534082315551672,0.1465917684448328,1995.960166893409
2321,0.6083734506603655,0.7913210250433694,0.20867897495663057,1996.1568740876244
2322,0.7523273911313122,0.8639953965106305,0.1360046034893695,1999.4971353235862
2323,0.7369626655763043,0.8859152831516433,0.11408471684835675,1994.6431176177136
2324,0.8379325862376431,0.9310960875420868,0.06890391245791316,1995.6444183141323
2325,0.8587498086157062,0.92469134959066,0.07530865040933998,1995.0987809402689
2326,0.4334686829139731,0.8670826866023199,0.1329173133976801,1996.994206873339
2327,0.6360853107981134,0.8158367721921084,0.18416322780789163,1995.7433724179466
2328,0.6059369560559769,0.6629244694542911,0.33707553054570893,2004.237853308327
2330,0.5096722855198702,0.8192015466627108,0.18079845333728917,1997.3368053349393
2331,0.8330281029875467,0.8993258633407457,0.10067413665925429,1993.9705307626457
2332,0.5487674110523436,0.7441676295279537,0.2558323704720463,1999.543680176648
2333,0.8596649715339064,0.9288207620063578,0.07117923799364223,1998.1794489509039
2334,0.6030760352259082,0.730309207722238,0.26969079227776205,2001.9964928830002
2335,0.6886649458212942,0.8035776772829281,0.19642232271707194,2000.497811338333
2336,0.534609472874577,0.886661591592814,0.11333840840718601,1997.3423485079643
2337,0.6162189535059821,0.759009635771619,0.24099036422838105,1995.8701788584954
2338,0.530808544496962,0.6799884412486836,0.32001155875131637,2001.8988208444578
2339,0.26752096527460906,0.6451451582976778,0.3548548417023222,2000.5964401600982
2340,0.7140642940045521,0.7745245051438634,0.2254754948561366,2000.0623191803443
2341,0.626953776096192,0.8265774309507036,0.17342256904929643,1997.7310221601629
2342,0.8651612924109781,0.929060217976028,0.070939782023972,1993.162197080517
2343,0.5078198872577265,0.7673082650060178,0.2326917349939822,1995.4289423817693
2344,0.4676944100922146,0.6743041555845432,0.32569584441545685,2000.6663130714796
2345,0.7769021697845909,0.8879841832973276,0.11201581670267236,1996.6256018835193
2347,0.41260802408205705,0.6721529679627762,0.32784703203722376,1996.8127773365372
2348,0.060760702686340866,0.06431872039530197,0.935681279604698,2009.093648806014
2349,0.3914580769701556,0.776394292260257,0.22360570773974298,1998.0200545895784
2350,0.8158466074663405,0.8974252084895423,0.10257479151045767,1997.8201626017542
2351,0.48420407908493673,0.6045584112271065,0.3954415887728935,2000.9626327639705
2352,0.7263822333260626,0.8888299948608344,0.11117000513916564,1995.7809384166146
2353,0.7384747106087037,0.8378356540021867,0.16216434599781326,1999.1625044595078
2354,0.8863180763566254,0.90548104042973,0.09451895957027001,1993.2021870918331
2355,0.7728945574736104,0.8798726171093926,0.12012738289060743,1997.6197861265764
2356,0.4314981820074719,0.6521848341290967,0.34781516587090333,1998.2450590627034
2358,0.907404774916787,0.941827222269607,0.05817277773039298,1988.5699532731617
2359,0.741534190715645,0.8242758780017307,0.17572412199826926,1997.887401743925
2360,0.7519921594450157,0.9101801898717593,0.0898198101282407,1993.921386346805
2361,0.6041511454967862,0.840117940987249,0.159882059012751,1998.034129526528
2362,0.48606876503158924,0.7341753920265223,0.26582460797347773,1996.9264184991835
2363,0.012624956076884129,0.03592900996802753,0.9640709900319725,2014.0414422671786
2364,0.6126522061910469,0.7451825429421792,0.2548174570578208,1998.768054170233
2365,0.6205269808278604,0.7339273791640263,0.2660726208359737,1997.4299565678944
2366,0.6622095777742791,0.8417056257410945,0.15829437425890547,1993.52563789103
2369,0.6404425129300906,0.8178526517946585,0.1821473482053415,1995.7994782644519
2371,0.437855402112104,0.6041456560950047,0.3958543439049953,1998.8996540104354
2372,0.49485408856922497,0.5247889799652037,0.4752110200347963,2001.7064936047832
2373,0.3359020072884008,0.6150434271728478,0.38495657282715223,1999.3303314838527
2374,0.6849564625028484,0.7654692833223784,0.2345307166776216,1994.695816567451
2375,0.607981314798384,0.7210795496540274,0.27892045034597257,2000.3120723053744
2376,0.19470653854194803,0.6140952450713338,0.38590475492866616,2001.0297096150553
2377,0.7365638532823595,0.8474180379761089,0.15258196202389107,1994.2256462773687
2378,0.5559198186586071,0.6690466242944131,0.3309533757055869,1996.300102231466
2379,0.9128011427746262,0.9280867444089411,0.07191325559105888,1990.102310231023
2380,0.4497852217251093,0.502823346462213,0.49717665353778695,2005.4257385069277
2381,0.6544700919197611,0.7593743511574809,0.24062564884251914,1996.5223186043368
2382,0.5345034809035775,0.662944216882112,0.337055783117888,1999.9209969564656
2383,0.40144404429553926,0.6007422619762438,0.3992577380237562,2000.4466924364008
2384,0.44068668786138965,0.7509455871382513,0.24905441286174868,1996.122535674586
2385,0.6306184423823524,0.7416500977225453,0.2583499022774547,1994.475371517028
2387,0.383422251125017,0.5879213286467255,0.4120786713532745,2001.1630753340012
2388,0.2900087829706481,0.6736144838240993,0.3263855161759007,1997.401256585251
2389,0.42276584179728366,0.7204847240026648,0.27951527599733517,1995.5530880422373
2390,0.8382019223384888,0.9172676170441524,0.08273238295584762,1991.6072514121422
2391,0.45270064757938056,0.6834939034075721,0.3165060965924279,1996.6419605441229
2392,0.8385362110852973,0.941323652362018,0.05867634763798202,1991.8314135445494
2393,0.405291698591547,0.5834482858186846,0.4165517141813154,1999.210162487213
2394,0.5254046119366753,0.7897380724280835,0.21026192757191653,1996.3481813576093
2395,0.7744640699173075,0.8214041372733675,0.17859586272663253,1996.3091666143578
2396,0.5510486685044265,0.7675685025448824,0.2324314974551176,1998.2598502907338
2397,0.8337120672726313,0.9127743564803751,0.08722564351962492,1997.7912921254308
2398,0.7621152384528178,0.8850785877152575,0.11492141228474251,1992.0045676316156
2399,0.8052482052961837,0.8972362672950824,0.10276373270491757,1997.3053935091705
2400,0.6672826800745029,0.8968151745667978,0.10318482543320218,1995.9533284478425
2401,0.4734230727338757,0.7631535771703561,0.23684642282964385,2000.1114213908388
2402,0.5732221971451273,0.7192391643762347,0.2807608356237653,1997.8619889004783
2403,0.5209065976651452,0.6720426732881685,0.32795732671183153,1999.568456978792
2404,0.5372578279064925,0.7855998999221444,0.2144001000778556,1998.9400768542055
2405,0.38113963685785107,0.6410412771420978,0.3589587228579022,2000.9180986861115
2406,0.8770710435965148,0.9257210157691288,0.0742789842308712,1994.9574377189676
2407,0.5850738450016659,0.8212884127182253,0.17871158728177472,1996.7957472427354
2408,0.7033307236300295,0.854006507733865,0.145993492266135,1996.2151395151984
2409,0.46052680304204413,0.559117560329989,0.44088243967001095,2003.3692949762824
2410,0.5631237726286702,0.7187880308311212,0.2812119691688788,2002.1600535347577
2411,0.8050594479403952,0.9381416862860532,0.06185831371394679,1995.8210464880478
2412,0.6182777724834064,0.7339868590841538,0.26601314091584616,1995.5148613131964
2414,0.1340920496768554,0.29659561333857964,0.7034043866614204,2006.310650993997
2415,0.486204165937317,0.5527462070896292,0.4472537929103708,2004.1251015047103
2416,0.7134347684447586,0.8820105206069293,0.1179894793930707,1994.6580866754164
2417,0.800524025246686,0.8832052270535652,0.11679477294643481,1996.4694564927083
2418,0.06985734982795164,0.41353335366077065,0.5864666463392294,2002.893212817477
2419,0.6408006929539586,0.7729491242456872,0.22705087575431282,1998.9455909546023
2420,0.8548318912721322,0.9296442404452431,0.07035575955475692,1992.9921065861402
2421,0.4432191953548196,0.6264734247991822,0.3735265752008178,2000.0931270033172
2422,0.6382309333563225,0.6595179049920891,0.34048209500791093,2004.040263626988
2423,0.6970663250030539,0.8786796436564022,0.12132035634359783,1995.259966838653
2424,0.8449036237080838,0.9176996671094452,0.08230033289055483,1998.6879596346007
2425,0.3458002395641316,0.5589400073147753,0.44105999268522467,2002.0840399181902
2426,0.8770230380148165,0.9406942854117717,0.05930571458822831,1996.0826404687043
2427,0.6206328842868026,0.7772393709663173,0.22276062903368266,1999.7997973964705
2428,0.4480005788305405,0.5548756174500508,0.44512438254994924,2001.1434733855097
2429,0.7042370943079964,0.818808498659689,0.18119150134031103,1999.5433122558386
2430,0.5924422158400515,0.7867199146812415,0.21328008531875853,1993.4964302330281
2431,0.7145555695698427,0.7476104516837431,0.25238954831625693,2000.911054587948
2432,0.829919565581068,0.9091387190871665,0.09086128091283352,1989.002978570131
2433,0.7480954464804309,0.8634166911992871,0.1365833088007129,1994.9542244555107
2434,0.7015447044949105,0.8706165819395306,0.12938341806046938,1994.5977732043007
2435,0.3705222033669135,0.7032996062225298,0.29670039377747015,1999.2902939485007
2436,0.5908837330120458,0.7980407946338097,0.20195920536619028,1997.856874311103
2437,0.15569477597551604,0.1740262491140313,0.8259737508859687,2009.084424660031
2438,0.652906088274345,0.8512976988087293,0.1487023011912707,1997.827065451664
2439,0.6774522100250447,0.8116511580682537,0.18834884193174628,1994.7983025013757
2440,0.6434821663879782,0.782742069526727,0.21725793047327302,1994.6765443001846
2441,0.13024801651244955,0.1747391449680948,0.8252608550319052,2006.83646020229
2442,0.38653726576379693,0.6227937729725506,0.37720622702744944,1999.811234738907
2443,0.02650482155908866,0.02663056719139271,0.9733694328086073,2015.18194431653
2444,0.568256705709009,0.6969285408811927,0.3030714591188073,1996.2965901919172
2445,0.5352132235627699,0.5946665011116139,0.4053334988883861,2003.2281061334359
2446,0.20258538932280454,0.4835182634970317,0.5164817365029684,2004.063789098101
2447,0.57338138115447,0.6425249398449432,0.3574750601550568,1998.7559472538414
2448,0.3817547990736786,0.4713524449175927,0.5286475550824072,2005.2098838976929
2449,0.3088694716341122,0.5122627374142397,0.48773726258576033,2003.4725194129703
2450,0.3255226858658494,0.509789103994572,0.490210896005428,1999.6551193475475
2452,0.6485724156281114,0.7272810665362035,0.2727189334637965,1998.6736944635313
2453,0.9730207352532488,0.9814610493307395,0.01853895066926048,1987.2433476100096
2454,0.7785719663489175,0.8856423357297561,0.11435766427024385,1995.7025389438902
2455,0.8701415215871029,0.9400833670727667,0.05991663292723326,1992.5978380099784
2456,0.4517664189160818,0.7059239640583065,0.2940760359416935,1996.573250511436
2457,0.7148529917738495,0.8583158250754069,0.14168417492459306,1995.9187227156663
2458,0.3663117618962175,0.6171008837659498,0.38289911623405015,1997.5048374457704
2459,0.2588083588888935,0.7596945921826752,0.2403054078173248,1998.752597606272
2460,0.4670210466276172,0.5646400508390262,0.43535994916097376,1998.2596082744653
2461,0.6114191356552345,0.8012883840748828,0.1987116159251172,1995.7296532359107
2462,0.5751219712594912,0.8421748975326337,0.15782510246736625,1994.3958411796248
2463,0.8083892489862194,0.9162247799320843,0.08377522006791571,1992.2504136675252
2464,0.3000032523313374,0.6075639122577842,0.39243608774221583,1997.9979420957316
2465,0.6123134486180037,0.8154621350230999,0.18453786497690006,1994.9641397312798
2466,0.6834218017342035,0.7841395782490315,0.21586042175096853,1996.1314480051128
2467,0.62899184672145,0.8205626516464256,0.1794373483535744,1996.3790465590835
2468,0.7573027874927425,0.8673689973390444,0.13263100266095562,1999.3355340258652
2469,0.7972619418942432,0.9042348581929418,0.0957651418070582,1992.0044019045113
2470,0.691707895799677,0.8806555432148627,0.11934445678513728,1996.2366965429676
2471,0.7958823939790419,0.9134015596514191,0.08659844034858089,1996.5833474490157
2472,0.4367718596708519,0.7258343005562589,0.27416569944374114,2001.1185352488333
2473,0.6757046933979515,0.8739732496350922,0.12602675036490785,1993.7068782307178
2474,0.7993948887511355,0.8887589550267886,0.11124104497321141,1995.1644240644334
2475,0.5048361223695575,0.6807424862879532,0.3192575137120468,2001.5604231965883
2476,0.5015028723047992,0.7786259306009944,0.2213740693990056,1998.6391903583183
2478,0.7971682296350076,0.9469554088304271,0.05304459116957294,1990.6513543258943
2479,0.6665762346280684,0.8634786669422513,0.13652133305774872,1997.3101241204006
2480,0.47311020917671753,0.6186645210856222,0.3813354789143778,2002.0662482125035
2481,0.6149180517827528,0.7139668052373951,0.2860331947626049,2002.9221192005605
2482,0.5166778453387006,0.7340138565390594,0.2659861434609406,1998.7611067589094
2483,0.5847790874968145,0.7953771573289794,0.2046228426710206,1996.7140354927492
2484,0.7545787785595703,0.8218505843258498,0.1781494156741502,1996.6288702600737
2485,0.40275270345346864,0.6101009167333443,0.3898990832666557,2002.006670411459
2486,0.7448976050306984,0.7803039424739624,0.2196960575260376,2000.4592491638207
2487,0.8767202707595708,0.9446074658352503,0.05539253416474965,1993.7450472292128
2488,0.8934816615499386,0.9430151331216474,0.05698486687835258,1996.6340323128074
2489,0.564549510325725,0.6905582050389668,0.3094417949610332,1998.1496392982904
2490,0.6611674453949622,0.7912755997602516,0.20872440023974836,1997.9775391513633
2491,0.8566018643947281,0.9366284465139684,0.06337155348603163,1992.9620130071316
2492,0.48417548534499133,0.7735388390143757,0.2264611609856243,1994.7174860475836
2493,0.47986221090650966,0.6844116516427645,0.3155883483572355,1998.905208707978
2494,0.5538858962419616,0.7789193177411599,0.22108068225884014,1999.3797900155932
2495,0.8523997047897419,0.928914325025566,0.07108567497443397,1994.9234923397655
2496,0.8383387828655209,0.8524899862549448,0.14751001374505524,1990.420921363576
2497,0.8501510750575147,0.9193362244217415,0.08066377557825855,1996.2794221587694
2498,0.6256204051878516,0.8072771864604755,0.19272281353952447,1999.873041631004
2499,0.7511656976385876,0.8332488651169467,0.16675113488305326,1994.6620307295216
2500,0.8032332589251605,0.8964243268523258,0.10357567314767424,1997.5363693020538
2501,0.32874601878918847,0.49766451990728094,0.5023354800927191,2000.1927539365388
2502,0.8343998657580111,0.8706474282822411,0.12935257171775894,1995.8919108933385
2504,0.8761299591548334,0.9299713714446205,0.0700286285553795,1994.9040362712258
2505,0.3828080658635665,0.6059720743069594,0.39402792569304057,2001.7933115914502
2506,0.8897557107044235,0.9333833017244804,0.06661669827551964,1993.3516241562527
2507,0.8224146291595715,0.8956383856579636,0.10436161434203639,1994.1498439359164
2508,0.6047393158673514,0.6858107755244146,0.3141892244755854,1998.85790014031
2509,0.6075518578121841,0.7885593565334396,0.21144064346656044,1995.2806463141956
2510,0.3644399090262662,0.4592516921874406,0.5407483078125594,2005.581470883071
2511,0.35701090796151497,0.6579960716321328,0.3420039283678672,1997.4536968735172
2513,0.34296303446742665,0.5629773532362757,0.43702264676372427,2000.2332692216173
2514,0.42290069498634375,0.5691519548047916,0.43084804519520836,2004.8298478469742
2515,0.3033696900584078,0.5322356831344851,0.4677643168655149,2000.5223608903643
2516,0.4525025403532845,0.6565949130562464,0.3434050869437536,1996.408496564725
2517,0.7177337207451286,0.8694037209813056,0.13059627901869442,1991.8305413156766
2518,0.4928798948686176,0.679761310979301,0.32023868902069896,2001.1712598733636
2519,0.3460775815174476,0.6050078554825185,0.39499214451748155,2001.194686559202
2520,0.6584384869038803,0.7747454295407522,0.2252545704592478,1994.7361051576866
2521,0.6424332913228796,0.6864173105991977,0.31358268940080225,1995.3286958271592
2522,0.8062551514877043,0.870306598433042,0.12969340156695797,1992.8728056487478
2524,0.7743339793119213,0.8392395551996304,0.16076044480036955,1995.9627077123437
2526,0.41589112953782237,0.6623027214226898,0.33769727857731024,1998.1763668723027
2527,0.3766990432814085,0.5715133268247384,0.42848667317526157,1999.8272440330704
2528,0.5636221667340096,0.7333888126293776,0.2666111873706224,1996.2555611053501
2529,0.3622655257006544,0.4987677623495323,0.5012322376504676,2002.234502588961
2530,0.6101271336839728,0.8066669893409915,0.19333301065900854,1993.3112518956411
2531,0.8582522679019494,0.9100907160779772,0.0899092839220228,1991.047936466033
2532,0.3361071621363998,0.6890524483804583,0.3109475516195417,1996.9886858429666
2533,0.84238184821304,0.9440155630465407,0.05598443695345934,1990.89270000019
2534,0.17473946895046286,0.36265735189093584,0.6373426481090642,2002.495635078492
2535,0.5191779140389974,0.8211921415732684,0.17880785842673164,1995.8587977663897
2536,0.6839608107797084,0.8044752361160917,0.19552476388390827,1996.3646665990207
2537,0.49609118997397444,0.7287222482956927,0.27127775170430735,1998.9104844778888
2538,0.848419160757207,0.9241599840066738,0.07584001599332624,1996.4752241591843
2539,0.7436775512640085,0.8951386067895091,0.10486139321049093,1993.0445103937118
2540,0.7546842923160426,0.887507613357197,0.11249238664280303,1997.1442309024103
2541,0.8201621724522294,0.9241245448196204,0.07587545518037964,1993.5903133359902
2542,0.588780361773168,0.8621073781806993,0.13789262181930073,1994.6826151886296
2543,0.6283182718494676,0.7723929190393661,0.22760708096063387,1996.0871503670107
2544,0.6924248900239213,0.8503258902363193,0.14967410976368067,1999.199395311848
2545,0.5586831296904244,0.8034055033899826,0.19659449661001738,1998.5230879576757
2546,0.7860029088825183,0.8868920563910062,0.11310794360899379,1993.3811006913202
2547,0.8343089510125615,0.8973132895768727,0.10268671042312727,1992.753237434083
2548,0.6853994381070193,0.8184204483843474,0.18157955161565265,1997.948358928683
2549,0.5833183298526783,0.8333893327767944,0.1666106672232056,1997.0290441782315
2551,0.5659584954307751,0.6803005804724208,0.3196994195275792,2003.2387158383249
2553,0.45862396028618696,0.5563843882692929,0.44361561173070707,2000.1665379220012
2554,0.4584969127919885,0.7206099209043318,0.27939007909566815,1999.5517495152924
2555,0.6181483823062999,0.7616627500548574,0.2383372499451426,1997.3371344726336
2556,0.7838923189832329,0.8932910093345588,0.10670899066544115,1999.5259442994882
2557,0.9383903519770006,0.9764315028135252,0.0235684971864748,1992.7929651428892
2558,0.2743009247445547,0.4951382777912352,0.5048617222087648,2001.5113638673856
2559,0.4746872578930552,0.7451682584429902,0.2548317415570098,1998.9441909191019
2560,0.812310348246336,0.9023081607891212,0.09769183921087876,1995.5145602169835
2561,0.6576070740193366,0.6928667608141619,0.3071332391858381,2001.5393997960484
2562,0.5582767588879608,0.7388811916854369,0.26111880831456313,1998.4034833706912
2563,0.8455284374309175,0.9000157013795254,0.09998429862047464,1996.916393770029
2565,0.7586354499706367,0.8677838692981324,0.13221613070186755,1995.181748108546
2567,0.7961590586467824,0.8628849390036596,0.1371150609963404,1999.3126563100973
2568,0.19584657247076429,0.26992546228626824,0.7300745377137318,2005.1074186977587
2569,0.31415022470516674,0.32068088997925476,0.6793191100207452,2007.6174925848088
2570,0.1956376558443421,0.47682939986698003,0.52317060013302,2002.7240453469224
2571,0.7033183702100205,0.7868998814437778,0.21310011855622224,2000.0725074799484
2572,0.7847400588518846,0.9052946910995517,0.09470530890044826,1997.5421857140088
2573,0.708258882247574,0.8440807983167922,0.15591920168320783,1995.8046928365493
2574,0.5330829317049568,0.7146920495943841,0.28530795040561585,1997.7794648523657
2575,0.41206768065884514,0.5364549430820997,0.46354505691790027,2004.3098312644452
2576,0.7662726746309401,0.8888824721721897,0.11111752782781026,1999.5767764923335
2577,0.6417653129484967,0.7283500538070629,0.27164994619293714,1998.941396209331
2578,0.5207447408642377,0.7824154078047141,0.21758459219528592,1996.4963266241034
2579,0.6176124646819047,0.7947593719231966,0.20524062807680343,1999.3452332973297
2580,0.6018602878832069,0.6865235484810134,0.3134764515189866,1998.3286472010673
2582,0.2516241045159626,0.49206896481123946,0.5079310351887605,2002.3255251339722
2583,0.410716497947048,0.6386262476992779,0.3613737523007221,1998.258024878682
2584,0.33391138844561313,0.628704120962141,0.371295879037859,1999.521468792123
2585,0.5050622846541214,0.5971971066907775,0.4028028933092225,2002.3203463055247
2587,0.4972327766816123,0.609472839317715,0.390527160682285,1996.789540642979
2588,0.6614558778217888,0.7714968241535097,0.22850317584649027,1992.7451769004385
2589,0.7663161953218659,0.9104211078015662,0.08957889219843385,1992.3324380691618
2590,0.5298051441071925,0.7111959344362767,0.2888040655637233,1998.475985404883
2592,0.6866396321087639,0.8189267479755307,0.18107325202446933,1997.3531342995354
2593,0.45813144709696435,0.6064014146772767,0.3935985853227233,2001.9712493339146
2594,0.4170221814470237,0.6680006804984017,0.33199931950159833,1999.935151347392
2595,0.2161627740945735,0.4206813292559055,0.5793186707440945,2004.610259249043
2596,0.48531867836695614,0.7032239337493853,0.2967760662506147,1995.7546050632127
2597,0.6102224928757666,0.8037912715317468,0.1962087284682532,1996.7987152474857
2598,0.5783430459711284,0.7532947499297826,0.24670525007021737,1995.7566219587297
2599,0.8146260666141514,0.9094135706078459,0.09058642939215411,1991.600868179274
2600,0.22669827030853137,0.46105464823459497,0.538945351765405,2002.0178787016735
2601,0.43461714918227734,0.6924798668709785,0.3075201331290215,1997.6372234041319
2602,0.6610235072450765,0.7131252523439954,0.2868747476560046,1997.1265487201858
2603,0.6393999606970299,0.7801675160847458,0.21983248391525423,1998.7307376767474
2604,0.8637531032486574,0.9501718909960897,0.049828109003910326,1993.5749010998552
2605,0.7364874837368577,0.8911370990647065,0.1088629009352935,1991.759983362525
2606,0.776479716377944,0.900342854662658,0.09965714533734205,1995.0697542899923
2607,0.7434997151645468,0.8953850993345945,0.10461490066540546,1995.9730807982103
2609,0.6921380925117422,0.8201818086389754,0.17981819136102462,1997.3965974366545
2610,0.7011465596435936,0.8434648527445007,0.15653514725549933,1998.6219236153393
2611,0.5655005696382797,0.777583309598405,0.22241669040159495,1999.0873690057647
2612,0.46547585217393034,0.6485325299624612,0.35146747003753875,2002.2773194727015
2613,0.8883695126490972,0.9456605960486846,0.054339403951315424,1992.715310338295
2614,0.8157492694042836,0.9276061935616371,0.0723938064383629,1994.7858418039277
2615,0.6510256200477336,0.8717930514538671,0.1282069485461329,1995.942034156228
2616,0.44872796314964764,0.6522750669703964,0.3477249330296036,2000.6702397570737
2617,0.5875329475706538,0.7633263183146048,0.23667368168539515,1999.5240240135668
2618,0.5665634973684249,0.824289471327296,0.17571052867270398,1997.8721024258289
2619,0.664208192619645,0.7715701866327096,0.2284298133672904,1999.4344324550125
2620,0.4406922459800437,0.6195965674155357,0.3804034325844643,1999.7679357872548
2621,0.8122703384063124,0.8848754178620477,0.11512458213795229,1996.072477051751
2622,0.8578035148698029,0.9375188587439406,0.062481141256059414,1995.4096343828678
2623,0.4738369066529464,0.7292309633473985,0.27076903665260155,1995.4333778883401
2624,0.42237953497538366,0.6243836903713299,0.3756163096286701,2002.070108224591
2625,0.7840563427372585,0.9049873325114721,0.09501266748852788,1998.1850957839179
2626,0.7134768482762891,0.732292274286037,0.26770772571396295,1999.0089580846243
2627,0.6852355819092792,0.8776626889145331,0.12233731108546686,1995.6436519090535
2628,0.7376219995106427,0.8669525856683657,0.13304741433163425,1995.2427851186735
2629,0.47574605022995936,0.5871412057648409,0.41285879423515914,2001.9135245781374
2630,0.7862725716892727,0.9031535616926903,0.09684643830730966,1993.919893664943
2631,0.5688023262216247,0.7410811029814324,0.25891889701856763,1999.0201800747968
2632,0.8087419251742474,0.8850936356877077,0.11490636431229229,1997.9300319755462
2633,0.033320212269652434,0.03518712904647124,0.9648128709535287,2013.3837197901858
2634,0.5627311455088013,0.7537076349872877,0.24629236501271234,1997.8739410075968
2635,0.4126736526815762,0.5616973665306905,0.43830263346930953,1999.4998530312182
2636,0.7652174765600442,0.8887027702495132,0.11129722975048684,1996.2371311286497
2637,0.6930144067434,0.865796259935785,0.13420374006421498,1998.994631687492
2638,0.5524269537815468,0.7640608774186396,0.2359391225813604,1998.118713197204
2639,0.5781020229593778,0.7984847513349724,0.20151524866502757,1994.2076722972395
2640,0.32069540042792755,0.4939946324739996,0.5060053675260003,2002.4691651689748
2641,0.644881700354095,0.7774096471887397,0.22259035281126027,2000.3019280048102
2642,0.5699966326390761,0.7330867263352131,0.2669132736647869,1996.5234229410619
2643,0.535393007340416,0.6749452211145067,0.3250547788854933,1998.719492155802
2644,0.6348359446203828,0.7673057786004261,0.23269422139957385,1999.671588902691
2645,0.42190158889533635,0.5517583697572704,0.44824163024272956,2001.1929495081406
2646,0.4411863241112102,0.6099423248466195,0.3900576751533805,2000.320053948982
2647,0.30763087575455467,0.4911111162813964,0.5088888837186036,2002.1054199156333
2648,0.16383905287188677,0.33054217314423795,0.669457826855762,2005.3078674682356
2650,0.4358950808301995,0.7725566744179193,0.2274433255820807,1999.9667506303401
2651,0.6690848806876861,0.7525080373290812,0.24749196267091877,1996.1293720407202
2652,0.6255383274681274,0.7405069796191934,0.25949302038080657,1995.0281868074971
2654,0.7047640425793876,0.7960316076156954,0.20396839238430464,1993.495071369813
2655,0.6396264743048033,0.7326367214558469,0.2673632785441531,1995.249386511856
2656,0.43128348484889967,0.6296859774860737,0.3703140225139263,2003.9796290218017
2657,0.6116003050721395,0.7401213985414526,0.25987860145854735,1998.3251967515528
2658,0.3452668906160829,0.5672742955104935,0.43272570448950654,1999.292859380824
2659,0.6623539298055884,0.7516957938785083,0.24830420612149173,1999.3912081143312
2660,0.6234794795535594,0.8509473216804888,0.1490526783195112,1992.3571273533403
2661,0.7673910861272837,0.9207885313026711,0.07921146869732887,1992.034684924656
2662,0.4104444898879468,0.6836377174078327,0.31636228259216725,1997.2750654548029
2663,0.8330605288340159,0.9388319363133868,0.061168063686613205,1990.256040615189
2664,0.20808422508171573,0.5789696563772226,0.42103034362277736,1999.176381551786
2665,0.5486844839830769,0.8235918781079878,0.17640812189201216,1996.0883006008153
2666,0.7976924060230689,0.8525787511535343,0.14742124884646568,1994.7716996627341
2667,0.4662338933497399,0.7004164807586608,0.2995835192413392,1999.6528363656607
2668,0.8259356324190531,0.9155581234485881,0.08444187655141189,1999.1065791426622
2669,0.6130303739548794,0.8182154123188299,0.18178458768117012,1994.7171976364268
2670,0.901065307041136,0.9452171814855931,0.05478281851440692,1993.8064978051186
2671,0.5890116816407571,0.8822271152018353,0.11777288479816472,1996.4840321786996
2672,0.35968152971621364,0.6411402956793165,0.3588597043206835,1999.9583575876693
2673,0.469153287470233,0.7393380870507517,0.26066191294924834,1998.207006415885
2674,0.7985923939035557,0.9034927390622509,0.09650726093774908,1995.688867154146
2675,0.5710287075171046,0.7877173280344181,0.21228267196558193,1998.9185127469102
2676,0.7093125557047897,0.8633905263880546,0.13660947361194542,1999.7641880014696
2677,0.910788461910006,0.921730445987097,0.07826955401290303,1990.9925419424872
2678,0.34425412571460995,0.6309591638434642,0.3690408361565358,2001.3004701753255
2679,0.8256738379896634,0.9327152744292091,0.0672847255707909,1994.036311420813
2680,0.44073064652931865,0.6694682329667706,0.3305317670332294,2000.640827655722
2681,0.6779591294647592,0.8073357161293516,0.19266428387064838,1999.7266016524447
2682,0.7650001524044807,0.9040330363261941,0.09596696367380586,1993.6254721940697
2683,0.4938955937322125,0.7173343749523772,0.2826656250476228,1999.906023803654
2685,0.7027690210898382,0.8414833383103888,0.1585166616896112,1996.5126711166422
2686,0.8803059334385736,0.9525489348233668,0.04745106517663322,1990.0662144453152
2687,0.26573064722558015,0.4716553680439803,0.5283446319560197,2001.4277011448019
2688,0.7283285691968676,0.902611765125263,0.09738823487473702,1995.332854520907
2689,0.3637611268150684,0.620062323428007,0.37993767657199295,2000.9049732508606
2690,0.525569529980632,0.5579745340304219,0.44202546596957815,2000.8474424650751
2691,0.692717638678524,0.8773354218446155,0.12266457815538445,1996.6029620030731
2692,0.8086075773898561,0.9073104461269167,0.09268955387308331,1993.5353177372165
2693,0.5433541448930367,0.6139080660390254,0.38609193396097463,2002.7599678411827
2694,0.8966579417688622,0.9535959093587159,0.046404090641284146,1994.1604536114298
2695,0.7394776618692478,0.838095053452293,0.16190494654770704,1995.918293606146
2696,0.8137770695620496,0.8988185556222053,0.10118144437779475,1996.243921280972
2697,0.531028238868974,0.6455811163703957,0.3544188836296043,1997.6367946058776
2698,0.9355333923268507,0.9889087751748182,0.011091224825181767,1989.8268373636795
2699,0.5353537936839988,0.5811724143312038,0.4188275856687962,1999.6568543067406
2700,0.9020196383436027,0.9578479805666975,0.04215201943330249,1990.2231557971463
2701,0.46491047786821516,0.7818875132982821,0.2181124867017179,1999.161237048711
2702,0.6508827065382825,0.851166727535773,0.14883327246422695,1993.8760781298931
2703,0.6528449580521919,0.8081644276606528,0.19183557233934723,1997.986114391614
2704,0.1642842180142358,0.20119926159002535,0.7988007384099747,2008.2552771102385
2705,0.6338476933732193,0.8111483630480347,0.18885163695196527,1999.256446425256
2706,0.5861127206313386,0.6844783678061102,0.31552163219388984,1998.6152213920986
2708,0.514813849464978,0.6559880310463924,0.34401196895360764,2003.7550142414266
2710,0.2577835440386401,0.4701147991771172,0.5298852008228828,2000.5657250076836
2711,0.4243608365512925,0.6897107969910605,0.3102892030089395,1996.763563917132
2712,0.4171740683420355,0.5192157873659599,0.48078421263404014,2005.415547125684
2714,0.5920469566500322,0.819423449216359,0.180576550783641,1997.3596172081827
2715,0.7338050858776806,0.8361848246095327,0.1638151753904673,1995.895325147861
2717,0.8895711322878325,0.9189574473984888,0.08104255260151116,1991.595747885577
2718,0.6963155640018691,0.8606693309992702,0.13933066900072977,1995.2218944178783
2719,0.9314123965742488,0.9555571684327672,0.04444283156723283,1988.197762449529
2720,0.772439836095738,0.8979863586754236,0.10201364132457635,1994.9143596103452
2721,0.34478280403223543,0.5532889051126774,0.44671109488732264,2003.623766265821
2722,0.15746154282795027,0.3843374717282522,0.6156625282717478,2001.7024115242846
2723,0.4736444942253745,0.754439394913547,0.24556060508645305,1998.0573774560496
2724,0.5479894133961941,0.7764521521568313,0.22354784784316872,1992.8663479550482
2725,0.6431349127431595,0.7727053357333135,0.22729466426668654,1993.8238670346059
2726,0.6446054691054167,0.8438464214019089,0.1561535785980911,1993.9103436424057
2727,0.6739388794567063,0.8587942932252588,0.1412057067747412,1992.6239415669925
2728,0.06066865422399174,0.3006830066207358,0.6993169933792642,2004.0496078454744
2729,0.7694681587085145,0.8994963188465543,0.10050368115344566,1993.7519119474289
2730,0.8233396658576012,0.8431430483046254,0.1568569516953746,1995.1832701845178
2731,0.7131807675697132,0.9030478418935024,0.0969521581064976,1995.3385347200149
2732,0.6876302786918604,0.8378757580932417,0.16212424190675834,2000.3454623923728
2733,0.6490381999343927,0.8721740531895984,0.1278259468104016,1991.9216948963656
2734,0.753197340969418,0.9029895747756177,0.0970104252243823,1995.6025971875883
2735,0.5928481090140704,0.8470091878164496,0.15299081218355037,1997.2555303700062
2736,0.2857010199568347,0.5867163377618531,0.41328366223814694,2001.6350804462331
2737,0.37869842798380715,0.6764141235871087,0.32358587641289127,1997.3751894763896
2738,0.589601352243653,0.795332736137719,0.20466726386228096,1996.7077528114141
2739,0.7147173618400269,0.8546989167320568,0.14530108326794322,2000.4111374790134
2740,0.7119204463166146,0.8696186323974008,0.13038136760259922,1998.0489252129162
2741,0.5998813415831329,0.7503433663865697,0.24965663361343027,1994.750561271846
2742,0.5317564394328108,0.787620473382068,0.21237952661793202,1999.120805929312
2743,0.6736710178703654,0.8670041213557144,0.13299587864428564,1997.1632659658587
2744,0.4870176103908416,0.6081350683005065,0.39186493169949355,2002.7955531140403
2745,0.5994155766150153,0.7314789192313954,0.2685210807686046,2003.378339258641
2746,0.41203453796921974,0.7743944553620237,0.22560554463797633,1998.4420090475132
2747,0.6100554992044157,0.8132614036847235,0.18673859631527645,1997.7367914170868
2748,0.7804415370938028,0.8101366997791036,0.18986330022089637,2002.0298212461225
2749,0.5257480472063897,0.7903848349263605,0.20961516507363953,1996.8714197699471
2750,0.7653899412385381,0.8564339198664492,0.14356608013355077,1996.1250837955067
2751,0.17897910908419715,0.5049498358666722,0.4950501641333278,2000.97080130735
2752,0.8032745359187864,0.9153711064085798,0.08462889359142023,1994.3940718800502
2753,0.6746674055172476,0.8267868873599732,0.1732131126400268,1997.9600008616821
2754,0.6682123819213919,0.6814468023862745,0.31855319761372547,2000.949668910949
2755,0.6569800322836382,0.8661493513816488,0.13385064861835116,1996.5911393150145
2756,0.8135041401653595,0.9086010954640114,0.09139890453598865,1997.6007339021642
2757,0.5727310534265724,0.6441933536671802,0.3558066463328198,1999.4251919263215
2758,0.848518965674996,0.902523772648455,0.09747622735154504,1995.9521825548507
2759,0.3718918856223399,0.6474288645586257,0.3525711354413743,1998.9367871880631
2760,0.9184717674053837,0.9588222893293483,0.04117771067065168,1995.1907312588582
2761,0.8921492724940989,0.9043016424251764,0.09569835757482359,1988.0886379785222
2762,0.3292566779965794,0.3627349131813617,0.6372650868186382,2008.580486433412
2763,0.25823649869855125,0.4039189889130991,0.5960810110869009,2003.1657714518904
2764,0.908446178514391,0.9626906008041649,0.03730939919583509,1989.9297480890928
2765,0.663917607625856,0.7770592255515373,0.22294077444846272,1999.7819324324562
2766,0.7171605196074314,0.9008482308020056,0.0991517691979944,1994.0329912840011
2767,0.30824333759267203,0.610634239548969,0.389365760451031,2000.6649886042742
2769,0.6916123517469815,0.7795063575168287,0.22049364248317127,1998.3721926151504
2770,0.536060634233994,0.6536523156212559,0.3463476843787441,1997.4190003006274
2771,0.6357928414711073,0.7523843108853026,0.24761568911469745,1996.2958348240659
2772,0.6327690975624768,0.7657811351445389,0.23421886485546106,1999.7172341078713
2773,0.48623750579455294,0.679601641247256,0.32039835875274403,1998.3567703164067
2774,0.47249460550213035,0.5855291843622219,0.4144708156377781,2001.6687597469306
2775,0.14120051579820983,0.28846906798045047,0.7115309320195495,2005.2127544177192
2776,0.5034097868121978,0.6191951915171487,0.38080480848285125,2002.7164275609432
2778,0.3025151119128226,0.5803121619749794,0.41968783802502063,2002.2618141841992
2779,0.5878642918154504,0.8279067963650079,0.17209320363499214,1995.7406010254626
2781,0.6111402957917703,0.7769794761249185,0.22302052387508153,1995.7264033905928
2782,0.6450509503949606,0.7909419124307075,0.20905808756929245,1997.5642205805375
2783,0.4869180404233845,0.612445330089801,0.38755466991019905,1998.2702376674708
2784,0.6418092276485747,0.8198966242475495,0.1801033757524505,1998.9850320581293
2785,0.5294664988697334,0.6939496511913142,0.30605034880868576,1999.8934079563621
2786,0.13738821622329436,0.22845883444599724,0.7715411655540028,2008.0321364396168
2787,0.5434597548379951,0.669136289274209,0.330863710725791,2002.1790477673974
2789,0.9114414097251626,0.9378701884422708,0.06212981155772923,1990.5817248627209
2790,0.3456718997373814,0.6088460755497769,0.3911539244502231,1999.0890517592322
2792,0.20105339747539,0.4659263853250929,0.5340736146749071,2000.9935743237775
2793,0.5175068315862623,0.7903118864330572,0.20968811356694284,1995.7430785294052
2795,0.6402300155275762,0.8949104930554318,0.1050895069445682,1995.3179767170525
2796,0.8868153626868935,0.9633077309197168,0.036692269080283224,1995.4787963038432
2797,0.6352696974954765,0.8320501117174027,0.16794988828259727,1994.6190702785727
2798,0.778769366868093,0.9150286896401546,0.0849713103598454,1994.687500512986
2799,0.6035545624773265,0.8838987492413639,0.11610125075863609,1995.9681469683574
2800,0.6247489797457161,0.8341218451533515,0.16587815484664847,1998.1248706010258
2801,0.4513098565433869,0.6521495421333842,0.34785045786661584,1997.4814554239897
2803,0.5774760891828807,0.7402798936452023,0.2597201063547977,2001.5722770896882
2804,0.7328131954557436,0.8667490590416269,0.1332509409583731,1997.6539302588094
2805,0.5244759257612017,0.7710578242025511,0.2289421757974489,2000.3631668730643
2806,0.34462104583923464,0.4421458999769986,0.5578541000230014,2004.6186675445485
2807,0.440414530225417,0.6685855797718603,0.3314144202281397,2000.6226553220795
2808,0.6816701191768202,0.845233145846726,0.15476685415327396,1996.8824031803194
2809,0.5381244638515316,0.7071060017877802,0.29289399821221984,2003.346953628402
2810,0.12939844625462438,0.22020164096628306,0.779798359033717,2007.7628942463732
2811,0.765945897503644,0.8682690535151021,0.13173094648489792,1994.602287115686
2812,0.686559305457636,0.8656662864210312,0.13433371357896884,1997.7879546998772
2813,0.799728410923796,0.8867770660131066,0.11322293398689343,1998.3689800717827
2814,0.4666371009584286,0.6407010789212398,0.35929892107876016,1999.807074527368
2815,0.8537078616694953,0.9395680675147533,0.0604319324852467,1993.699847884572
2816,0.27162684111531726,0.4011694451966761,0.5988305548033239,2004.206424385009
2817,0.5658156440787866,0.583213327368115,0.41678667263188496,2002.8960758639264
2818,0.6437932449017396,0.8242291025841683,0.17577089741583174,1998.8385004080978
2819,0.7339106680930914,0.8610302688951483,0.13896973110485167,1995.1939628516384
2820,0.505823924018937,0.6730530143774712,0.3269469856225288,1998.774982582492
2821,0.8327650823995316,0.9327111572610862,0.06728884273891378,1994.0941104197054
2822,0.49771536798914673,0.6401287697207022,0.3598712302792978,1999.5042348381553
2823,0.7908672330777026,0.8799079973753824,0.12009200262461761,1998.8963685776055
2824,0.5487550419122226,0.6325359091986785,0.3674640908013215,2000.5226494784913
2825,0.6998525396755872,0.8120537865183304,0.18794621348166962,1994.7087655643543
2826,0.1391039029724981,0.20549208469288968,0.7945079153071103,2007.6904643640985
2827,0.7943844453949245,0.891526176110157,0.10847382388984295,1994.1701276963272
2828,0.3330543606478737,0.6377534931643621,0.36224650683563786,2001.5678006958606
2829,0.8096215865114881,0.940738739999231,0.059261260000769034,1990.9793803941982
2830,0.1332676119464227,0.5485483604548033,0.45145163954519674,2001.1339316097901
2832,0.7963012498357718,0.883458461840925,0.11654153815907498,1999.5668301372546
2833,0.6879291483758269,0.8141187351437394,0.18588126485626055,1994.387074991264
2834,0.5604596405571896,0.7126111938780604,0.2873888061219396,1996.1946970450942
2835,0.4439427413824529,0.5535714506698564,0.44642854933014364,2005.0061888082514
2836,0.7393137397133495,0.8245584932089347,0.1754415067910653,1994.5743933079423
2837,0.7468573378295907,0.8135663228457736,0.18643367715422643,1997.9131129351842
2838,0.1889128381945798,0.2898507720654794,0.7101492279345206,2005.6685557748497
2839,0.4711215638458079,0.5959600282671306,0.40403997173286943,2001.563105868132
2840,0.28009774890440065,0.5485439559952721,0.45145604400472794,1999.626274239458
2841,0.25185348442169997,0.3851742748403466,0.6148257251596534,2004.622583186901
2842,0.3915374266431593,0.5871563824472816,0.41284361755271837,2002.9359669317535
2845,0.5681450068806688,0.7126701730789268,0.28732982692107323,1996.4482571831616
2846,0.7324100118774628,0.904740481789071,0.09525951821092904,1994.1164756715202
2847,0.5746696092721021,0.7648912306110673,0.23510876938893266,1998.076998862847
2849,0.7245702927033769,0.8576676331865493,0.14233236681345074,1992.2659371692166
2850,0.6388299645416381,0.7405165983280968,0.2594834016719032,1998.7895811849264
2851,0.319990889295245,0.6629725774248367,0.33702742257516327,1996.4954552195115
2852,0.747045807987926,0.8693100249869515,0.13068997501304846,1992.5403357987811
2853,0.3270214225638074,0.6403888225539499,0.3596111774460501,1998.9374973459733
2854,0.6320599047378485,0.8390999402547004,0.16090005974529964,1994.8210302208877
2855,0.33670860319168455,0.582937973285263,0.417062026714737,1999.4989330141614
2856,0.6255823115889138,0.8434088353393594,0.1565911646606406,1995.7018788420676
2857,0.636909640670308,0.7087737006255882,0.2912262993744118,1997.9927151710624
2858,0.5381811462306569,0.802228315418701,0.197771684581299,1996.7868210610318
2859,0.8157915602609148,0.937856645225159,0.06214335477484101,1994.9089871076299
2862,0.6711097721732308,0.9021124831267713,0.09788751687322872,1995.826918750075
2863,0.3300606536100143,0.7499436072952818,0.25005639270471824,1998.1076305191782
2864,0.37208432302164857,0.674293338885051,0.32570666111494895,1998.358305786105
2866,0.6789504866469002,0.8543967808059485,0.1456032191940515,1995.8727314490627
2867,0.7175698859130011,0.7880023590181604,0.2119976409818396,2001.6200294519415
2868,0.5930670507624133,0.8745910577971646,0.12540894220283538,1997.0760932314683
2869,0.7676437284325336,0.8823119656304719,0.11768803436952813,1998.0429129996926
2870,0.46853218903113786,0.5815832776494815,0.4184167223505185,2003.7318525434625
2871,0.6414891961696056,0.8112375737150973,0.1887624262849027,1997.7653875411763
2872,0.5251458207820715,0.8230087090627439,0.17699129093725607,1997.9103864986655
2873,0.12771584339941217,0.21470274750752458,0.7852972524924754,2007.547538619593
2874,0.7191859256050571,0.7998611183003883,0.2001388816996117,1997.9846905569373
2875,0.7185083552339512,0.8761201025242814,0.12387989747571859,1994.0418323818076
2876,0.8391363635511057,0.9159391086179685,0.08406089138203154,1994.1624775667342
2877,0.4358982162969016,0.5920599067216309,0.4079400932783691,1999.281426217652
2878,0.8844621635980207,0.9542927778312847,0.045707222168715256,1994.4614576426302
2879,0.5851285845289756,0.6957070588157325,0.30429294118426753,2000.7592973796704
2880,0.5656988190874718,0.6653484025285294,0.33465159747147055,2001.8002951327794
2881,0.6264196399951772,0.8265467287749975,0.17345327122500254,1996.9563482053006
2882,0.8277533938660756,0.9059344945472895,0.09406550545271053,1996.2405740398283
2883,0.4931787747370631,0.5886734369602289,0.4113265630397711,2003.4390537010736
2884,0.7827697401715574,0.8926748571414039,0.10732514285859607,1995.255535463517
2885,0.44955839405892345,0.6033777533051164,0.39662224669488355,2001.9225047382154
2886,0.7180798506499912,0.8093336166531331,0.19066638334686692,1997.8056439802199
2887,0.5225559805144271,0.5846334490531782,0.41536655094682184,2002.2827734515206
2888,0.8302097141640833,0.9404998493160212,0.05950015068397885,1990.98109388742
2889,0.46270514182346756,0.5966909261623459,0.40330907383765413,2001.162027928797
2890,0.544272332776272,0.7372263962812645,0.2627736037187355,1999.8527834780937
2891,0.7318768399931112,0.8875055455636044,0.11249445443639561,1993.3758257595666
2892,0.8228094905103045,0.906248906620476,0.09375109337952403,1990.390586833106
2893,0.24006201436351957,0.3038807246348496,0.6961192753651504,2005.393523675379
2894,0.7653471994184046,0.8746118406627786,0.12538815933722136,1994.8001357869693
2895,0.5142962719368036,0.6444125020774325,0.3555874979225675,1998.773206104968
2896,0.4105691405393688,0.5602196403472999,0.4397803596527001,1999.1499421458923
2897,0.4862759852859431,0.6613444592180208,0.33865554078197924,2002.4134671258498
2898,0.7133501013639564,0.7976061284803289,0.20239387151967114,1997.1405319605192
2899,0.25078615419302014,0.36797949472535035,0.6320205052746497,2004.8349128403331
2900,0.38556057927491383,0.5087267606574969,0.4912732393425031,2001.182795820186
2901,0.24164485192426083,0.327209799978723,0.672790200021277,2005.353478710591
2902,0.48857489850237895,0.660507132347434,0.33949286765256603,1999.8524542453438
2903,0.5493077271607195,0.7556560654356415,0.24434393456435854,1998.9734166028386
2904,0.6952795698555148,0.8174326295251156,0.18256737047488436,1992.1688929848935
2905,0.6882541777825288,0.817753932886359,0.182246067113641,1994.5365167021996
2906,0.2937880970785024,0.4774396995068691,0.522560300493131,2000.9100069996357
2907,0.6751566306838194,0.8360948512031198,0.16390514879688023,1996.8355876427895
2908,0.8033123127715656,0.8090211495038727,0.19097885049612728,2001.012305571963
2909,0.34979238099987764,0.6565832744621752,0.34341672553782476,2001.3773066501428
2910,0.06646611273794047,0.10172920715011997,0.89827079284988,2011.4132249495258
2911,0.12719443096283575,0.20373135828563715,0.7962686417143628,2008.5008628955675
2912,0.6164687955599358,0.7983626052373015,0.20163739476269849,1994.7610077637053
2913,0.4983022432382804,0.7666432552942727,0.23335674470572731,1993.8328380228886
2914,0.8727742748644967,0.9245633668013906,0.07543663319860938,1991.1226044321652
2915,0.6823032848864514,0.8527448967935732,0.14725510320642676,1994.0310481674267
2916,0.6387756531600333,0.8200387794664467,0.17996122053355335,1995.0587723441126
2917,0.4622555387227972,0.6235501741626975,0.37644982583730247,1999.167165517063
2918,0.3251642884680474,0.7994385899904999,0.20056141000950012,1997.7855517329817
2920,0.7297069946999648,0.8980139241608486,0.10198607583915142,1995.7922187291797
2921,0.8050007213320712,0.8981671533067396,0.10183284669326043,1998.7020613391019
2922,0.6837131738463207,0.8492524375023325,0.15074756249766752,1993.5053881113347
2924,0.8160830488799893,0.9267178937226543,0.07328210627734566,1994.1290016649793
2925,0.49521085021000255,0.7190355969718341,0.28096440302816594,1999.7350070273362
2926,0.5008386245717699,0.7738780686035467,0.2261219313964533,1997.046766590822
2928,0.4996681106005973,0.765524096840144,0.234475903159856,1999.5131293337645
2929,0.8580439375291384,0.9012700075747386,0.09872999242526137,1998.416515998087
2930,0.46653186712511824,0.7795948026035072,0.22040519739649278,1999.5706300270376
2931,0.8815109522912772,0.9442145537555634,0.0557854462444366,1995.626031997912
2932,0.38754466610616944,0.5279178888971703,0.4720821111028297,2003.5787549369156
2933,0.6764318746044882,0.8448027714225446,0.15519722857745544,1996.9433467696704
2934,0.5742252401145856,0.881293867876546,0.11870613212345404,1996.6057712233346
2935,0.3818915735575586,0.6029331413895205,0.3970668586104795,2003.0374578388353
2936,0.7204958413551171,0.794439210732576,0.20556078926742405,1998.1694295302248
2937,0.7138187785952965,0.8669169304380362,0.1330830695619638,1996.0015990043923
2938,0.7477909055457532,0.8403356645036438,0.15966433549635617,1997.0586590867067
2939,0.3382537892516219,0.5293400774816583,0.47065992251834166,2000.1732526171725
2940,0.9089709091025684,0.9638314958475547,0.036168504152445324,1991.5553267416085
2941,0.5539727600582416,0.685838335721003,0.31416166427899705,2001.458153450734
2942,0.4395721860655791,0.472488334497333,0.527511665502667,2003.1567230380526
2943,0.701826406198559,0.8293879743624754,0.17061202563752464,1998.660654410433
2944,0.848056558060702,0.919189764494463,0.08081023550553701,1997.4795890675757
2945,0.809832947463611,0.9114628272994287,0.08853717270057126,1994.7536419874284
2946,0.4408333097305029,0.590393234956736,0.409606765043264,1998.9312702542488
2947,0.4808500053970087,0.5843534401688343,0.4156465598311657,2001.490350064014
2948,0.8171713335562284,0.8924790221677338,0.10752097783226622,1997.1405737858615
2949,0.9044593564091744,0.9062900303401021,0.09370996965989786,1989.461164291098
2950,0.676774007664095,0.7825729388349394,0.2174270611650606,1996.7355463018046
2951,0.3132956774971186,0.4809198699055378,0.5190801300944622,2002.8618055102547
2952,0.48244731229732263,0.765121906201541,0.23487809379845903,1998.7771907397787
2953,0.8914787795493835,0.9550244773658619,0.044975522634138065,1989.627900652789
2954,0.6784164616053957,0.8397811505210871,0.16021884947891285,1995.5918379470925
2955,0.009185542929398943,0.0573466711222987,0.9426533288777013,2013.3258278981696
2956,0.6646401334503902,0.7901981196851093,0.20980188031489067,2001.2256234858755
2957,0.6869333816012294,0.8209624223986244,0.17903757760137562,1995.690670113132
2958,0.7459960388142046,0.8109970912734511,0.1890029087265489,1996.542983771869
2959,0.6695192780676298,0.8026544013496721,0.19734559865032786,1994.5694041274483
2960,0.7298089001708806,0.8092888990419714,0.19071110095802857,1995.0369961151207
2961,0.3142538906593237,0.4736595694253342,0.5263404305746657,2002.9103177583152
2962,0.6155250610879716,0.7724985448209908,0.22750145517900922,1999.8809834511424
2963,0.24865360942583312,0.362020342296771,0.6379796577032291,2003.8673899837072
2964,0.4078694512546204,0.5433010937771802,0.45669890622281983,2003.9128508597062
2965,0.4449621967867269,0.728131891210753,0.27186810878924705,1995.0760590840164
2966,0.7014492855538462,0.8651177037783763,0.13488229622162373,1992.4265038274277
2967,0.4759375458245678,0.633930969587999,0.366069030412001,2001.124187813406
2968,0.656896945798869,0.8014483895662575,0.19855161043374248,1995.1266890677075
2970,0.5229757684468829,0.8384399081580184,0.1615600918419816,1994.6600387521896
2972,0.551452908914816,0.7318474368214785,0.26815256317852154,1994.8406798110263
2973,0.7449165091152558,0.8807859014163917,0.11921409858360832,1996.4506578947369
2974,0.2693332193171858,0.478026594266413,0.521973405733587,2000.4937571257442
2975,0.923390436606128,0.9463265238401664,0.053673476159833644,1989.8444412380632
2976,0.5360841531665612,0.7787377500511158,0.22126224994888422,1995.4447732671445
2977,0.7258979962781841,0.8758590470420219,0.12414095295797811,1991.8056911038605
2978,0.3419545461862186,0.510569165308871,0.489430834691129,2001.298989599606
2979,0.5028150238452533,0.8072492195035327,0.19275078049646732,1998.4078196898913
2980,0.8063275982316421,0.8749273742761684,0.1250726257238316,1994.4942913050631
2981,0.5343332895560008,0.8020618692317164,0.1979381307682836,1999.2100657395383
2982,0.7021258867780793,0.8332326431501039,0.16676735684989608,2000.0836081611426
2983,0.6438576700471069,0.8367525098210389,0.16324749017896112,1993.1040815970784
2984,0.3074254192641032,0.5541423664121579,0.44585763358784214,2002.3267364367398
2985,0.3627728262000593,0.6067599601619753,0.3932400398380247,2001.798404805702
2986,0.7064412413998721,0.8886109457700438,0.11138905422995615,1995.3113161816418
2987,0.6224655010030564,0.840865953914753,0.15913404608524695,1997.0450440604911
2988,0.5344186859636745,0.7188994961383091,0.28110050386169094,2000.567467698674
2989,0.7434851517398022,0.8287185484062584,0.17128145159374164,2000.233184147155
2990,0.2472760174616819,0.776267986865432,0.22373201313456803,1998.3880024190091
2991,0.7940671691901091,0.8960943291251945,0.10390567087480551,1996.4578849679913
2992,0.37133882751803515,0.5668644795488086,0.4331355204511914,2002.4395374104924
2993,0.6863330072921583,0.8309695744591776,0.16903042554082237,1997.1583111684993
2994,0.6074580144740395,0.9174851755147816,0.08251482448521841,1996.3912551894346
2995,0.7051885582349923,0.833814349238926,0.16618565076107406,1996.905804365958
2996,0.6917264789361584,0.7949493490893894,0.2050506509106106,2000.7394219326038
2997,0.7236605972268543,0.8716961249729471,0.12830387502705287,1995.789156595681
2998,0.8475022862409558,0.9216575850932545,0.07834241490674554,1991.7291651468963
2999,0.1335730186961365,0.4831375328288694,0.5168624671711306,2001.1122089181729
3000,0.8666217110658139,0.9187976646517185,0.08120233534828147,1994.8814009146702
3001,0.48687067056862005,0.6431391542687234,0.35686084573127663,2002.8972142307803
3002,0.4570953243475816,0.5266062517664135,0.4733937482335865,2003.3243390969355
3003,0.7749613229069781,0.9020683203291858,0.09793167967081418,1995.3450252931275
3004,0.7648425301144312,0.8556544897826961,0.1443455102173039,1996.3308372002848
3005,0.8104140062639411,0.918188069997224,0.08181193000277598,1996.3652451954433
3006,0.3159903415480763,0.4270917241620845,0.5729082758379155,2003.498498664619
3007,0.6368103917760979,0.7789597228768081,0.22104027712319185,1998.4263831768535
3008,0.812402348369434,0.9006102277847765,0.09938977221522349,1996.884654885036
3009,0.20492886235628854,0.29520960865329154,0.7047903913467084,2003.0237155133902
3010,0.9152962925927262,0.9274841727019681,0.07251582729803185,1990.2295477987768
3011,0.015893221400435375,0.035563216484138634,0.9644367835158614,2010.9712085980555
3012,0.6783190212352944,0.8944206755774529,0.10557932442254714,1994.3539345606982
3013,0.8868483980945545,0.9426630046934045,0.05733699530659553,1990.4363286445678
3014,0.5776347326939063,0.7628870318478893,0.2371129681521107,1998.4095611133491
3015,0.4194079237998288,0.6220250514608159,0.3779749485391841,2003.266860018756
3016,0.7438120120104635,0.8566528063360797,0.14334719366392035,1994.4686348267007
3017,0.6994567231599004,0.8420036712608295,0.15799632873917047,1994.894108570527
3018,0.8164741100779874,0.8819516086764702,0.11804839132352984,1997.7591852657688
3019,0.5962438149285932,0.745419334161918,0.25458066583808203,1997.8313559207081
3020,0.25258859580130183,0.44195569011837205,0.5580443098816279,2002.1886775179507
3022,0.3680442378570961,0.5385189719654513,0.4614810280345487,2003.2158114805075
3023,0.22891459734699662,0.424780903356391,0.575219096643609,2002.9821487654713
3024,0.4694513337443193,0.667364294109143,0.332635705890857,2001.2060338030944
3026,0.6062446756931762,0.6833686953246252,0.3166313046753748,2004.7154335474208
3027,0.06574350778377308,0.16843967306861857,0.8315603269313814,2007.3208345577432
3028,0.6467641436969616,0.8323346055854186,0.1676653944145814,1997.0586771033495
3029,0.6103527458846314,0.6337343763247494,0.3662656236752506,2011.712327491109
3030,0.7113306903440806,0.798160579267849,0.201839420732151,1994.916400390722
3031,0.7177247826002754,0.8679959070591858,0.13200409294081417,1993.823651553227
3032,0.26160078557766986,0.5517926978228961,0.4482073021771039,2002.4126627000337
3033,0.02964472675264484,0.08877680903619384,0.9112231909638062,2008.6204777512153
3035,0.8412681719641396,0.967559537082089,0.03244046291791103,1989.2109753372924
3036,0.32378680690402495,0.557373384325648,0.442626615674352,1999.1014911669577
3037,0.3110430995710885,0.4652428121674839,0.5347571878325161,2000.3149516098715
3038,0.5134516419085828,0.7114084388400562,0.2885915611599438,1995.4415650684075
3039,0.7984603019210038,0.8077815320033979,0.19221846799660214,1997.831536352143
3040,0.6764273790636723,0.8428207677355106,0.15717923226448938,1995.6453591449285
3041,0.5445812092833627,0.7518300684358302,0.24816993156416978,1999.1203260379211
3042,0.853433977967075,0.9064296989327554,0.09357030106724462,2000.7063497333866
3043,0.5238869668694507,0.7918619655153049,0.20813803448469514,1995.4649213222297
3045,0.6117853667224842,0.8558778133733554,0.14412218662664456,1996.96152168281
3046,0.313210639876554,0.6193313156494673,0.3806686843505327,2001.473226075959
3047,0.24305659869110263,0.366760248054722,0.6332397519452779,2004.9642498757737
3048,0.51151389560813,0.7939426939597342,0.20605730604026584,1999.4111392512077
3049,0.5164259724815055,0.7431540960728461,0.2568459039271539,2000.3231691081987
3050,0.4159277879156775,0.6842007109759031,0.31579928902409693,2001.097601581671
3051,0.6048050877977308,0.7609178452946606,0.23908215470533944,1998.353649208295
3052,0.3321218213328245,0.5875648903156727,0.4124351096843273,2002.4952121245685
3053,0.76376146964207,0.8850440680244981,0.11495593197550191,1996.0618073921883
3054,0.44111541858765707,0.7978368573999596,0.20216314260004042,1997.4478024593452
3055,0.24843429168265674,0.5728375817471841,0.42716241825281587,2004.4825943480978
3056,0.6590908729251524,0.8248039128841184,0.17519608711588164,1997.1819028258255
3057,0.5215225865344287,0.7159153388244499,0.2840846611755501,2000.2721776003484
3058,0.8486647269713993,0.9269041706395139,0.07309582936048609,1994.784414953936
3059,0.7180761862367211,0.8711721231510391,0.1288278768489609,1993.050129675747
3060,0.8434404387459215,0.9267012351744357,0.0732987648255643,1999.2925947889255
3062,0.6035178212828441,0.654414873404611,0.345585126595389,2001.1147175455058
3063,0.8149823589870715,0.9281808255259455,0.0718191744740545,1995.5907059161427
3064,0.7886285812824871,0.884696692955506,0.11530330704449399,1995.0172714994226
3065,0.8014736943738354,0.925471080881727,0.07452891911827297,1995.0246458381296
3066,0.21996092938089207,0.36997025433579006,0.6300297456642099,2004.6914394371843
3067,0.4742406961020636,0.7133337252826935,0.28666627471730655,1997.3880075242998
3068,0.7666272197835363,0.9067328679711908,0.09326713202880921,1993.986242080818
3069,0.3405309408873754,0.6738259177487558,0.3261740822512442,1996.9361112110864
3070,0.7842606230146828,0.8736209397511643,0.12637906024883572,1994.6716565633392
3071,0.05534716340185626,0.23657513844260103,0.763424861557399,2004.9026344632973
3072,0.3680784360710078,0.6878631761816331,0.31213682381836694,1999.7863834413583
3073,0.7302883302348495,0.8643117311786503,0.13568826882134966,1996.1334995469288
3074,0.7811209134771226,0.910253285633904,0.08974671436609605,1993.2511568699958
3075,0.023667042631403422,0.032006340189381303,0.9679936598106187,2014.5715307986366
3076,0.6964465708491258,0.8559616794501524,0.14403832054984755,1999.7406266248033
3077,0.6899168731235388,0.7747684264001529,0.22523157359984713,1996.1901633871569
3078,0.7987393653187846,0.9151932553690598,0.08480674463094018,1994.9672425669185
3079,0.5561566741450069,0.6716701483454082,0.32832985165459183,2001.7117702070109
3080,0.347386736573802,0.4712643374560054,0.5287356625439946,2002.9061535104643
3081,0.3198425413167442,0.46017880478017414,0.5398211952198259,2005.4187422425944
3082,0.7578191027634428,0.825033147959135,0.17496685204086504,1995.670024335839
3084,0.5773636065049652,0.7836133264285048,0.2163866735714952,1998.4590381891871
3086,0.08035324558998715,0.11284512204458956,0.8871548779554105,2012.6038562980646
3087,0.33706594152442415,0.6386420862190026,0.36135791378099735,1998.6256360749535
3088,0.7150673262840747,0.8502617728573941,0.14973822714260587,1994.9472648373305
3089,0.03723250487365558,0.09852567286096554,0.9014743271390344,2010.663263779822
3090,0.6462167689161554,0.8486325427422516,0.15136745725774836,1995.6382150356296
3091,0.38473405696120777,0.5912516863137531,0.40874831368624687,1997.8035914152465
3092,0.6074163634932715,0.8902585525632581,0.10974144743674186,1997.4198978599347
3093,0.21387578574326488,0.3909350928655553,0.6090649071344447,2003.523817156902
3094,0.6960094695440547,0.8514968454076748,0.14850315459232521,1995.0792563736127
3095,0.3101104283193166,0.5699322998015421,0.43006770019845786,1998.8023164777649
3096,0.8319044330483494,0.9328719611161347,0.06712803888386532,1991.5593409690068
3097,0.3679662216277061,0.6967858566545623,0.3032141433454377,1997.0000705103628
3098,0.7400397906809556,0.8113850667915001,0.18861493320849987,1994.3899710135695
3099,0.6058737676531287,0.8186130865398552,0.1813869134601448,1996.4520726481983
3100,0.6202281585229699,0.7681646683714761,0.23183533162852388,1998.7278096652801
3101,0.7262127103878783,0.8477450385303463,0.15225496146965367,1998.9962454791319
3102,0.7737073941689323,0.8518588787840279,0.14814112121597212,1993.815786924658
3103,0.8841609590212728,0.9528635844241151,0.04713641557588488,1994.9914881937013
3104,0.6171424720084999,0.7821917889945731,0.2178082110054269,1999.8358711661856
3105,0.6447817260650561,0.8140841124698278,0.18591588753017219,1998.1110319938193
3106,0.19000135374462496,0.47455872741921007,0.52544127258079,2002.6995504152026
3107,0.48463109757554107,0.8024024014279053,0.1975975985720947,1997.6172762001052
3108,0.37819312805865085,0.7079042497301052,0.29209575026989476,1999.3779009787218
3109,0.5989192103353655,0.7978137465700298,0.2021862534299702,1999.9617973496536
3110,0.5145826508624629,0.7550803249718948,0.2449196750281052,1998.3815855548178
3111,0.4763457541628415,0.6144539933892889,0.38554600661071114,2003.7856237707776
3112,0.8136614291668867,0.9008466350640522,0.09915336493594784,1997.9706495260589
3113,0.3890315514580448,0.6540517107524226,0.34594828924757737,2000.4687827333948
3114,0.6305088749601084,0.7453081222153953,0.25469187778460467,2002.9936193102792
3115,0.8066391591056105,0.9186628899447169,0.0813371100552831,1995.4906611592346
3116,0.6357003417779793,0.731485590483431,0.268514409516569,1998.6955322058118
3117,0.8522655310944571,0.9282036285605957,0.07179637143940432,1993.884828391448
3118,0.1900733114174309,0.3782232195424479,0.621776780457552,2003.1545558798705
3119,0.8230127205056633,0.9215251467217391,0.07847485327826087,1995.8083922745675
3120,0.5085883438142705,0.6506329566201617,0.34936704337983826,2000.5621064379854
3121,0.6430086401746712,0.702009677697288,0.29799032230271205,1998.89210885523
3122,0.7298184748320221,0.8452630894505927,0.1547369105494073,1997.1479508953128
3123,0.8196029225726844,0.8992425157901913,0.10075748420980868,1996.3881217691148
3124,0.7069869297406373,0.8573770718380522,0.14262292816194777,1998.3366242262455
3125,0.5263993491824668,0.7147704897035994,0.28522951029640065,2001.038560446138
3126,0.5463684455011382,0.7324913556904757,0.26750864430952426,1996.5306877853195
3127,0.838054345575043,0.9018007563182298,0.09819924368177024,1993.747062880271
3128,0.41473121684014075,0.5973851519219086,0.40261484807809145,2000.4309924066665
3129,0.6803514989354787,0.7691290563909378,0.23087094360906224,1997.8127447442691
3130,0.47340950313503055,0.7504237739017617,0.24957622609823826,1999.9526469031166
3131,0.5036193787104725,0.7481031343062318,0.25189686569376823,1996.7580235934547
3132,0.8229202673783783,0.9211405931997773,0.07885940680022274,1992.53904574791
3134,0.7625693483144875,0.889437729098406,0.11056227090159398,1994.805636434943
3135,0.506186942960353,0.6300862558647722,0.3699137441352278,1998.5164148903862
3136,0.5942922013023695,0.7281055428298291,0.2718944571701709,2000.5300417542924
3137,0.5097757601540077,0.600171051495916,0.399828948504084,1999.149825947646
3140,0.320449888531551,0.4088461548275918,0.5911538451724082,2003.681002610628
3144,0.009208323129911556,0.026492787108387372,0.9735072128916127,2015.7606028230512
3145,0.4635169117598271,0.5974928175060434,0.40250718249395656,2001.9996770826638
3146,0.4954341515015681,0.6855424559324872,0.3144575440675128,2000.3051006210926
3147,0.7380691946199968,0.9367201426024956,0.06327985739750441,1993.4034451032508
3149,0.2655735101146545,0.3112720358154365,0.6887279641845635,2010.4664550128332
3150,0.8928215048727751,0.9576886680558152,0.042311331944184793,1991.6437334490643
3151,0.6792877926807185,0.8229720410689435,0.1770279589310565,1991.0295390913393
3152,0.8005231322918659,0.9042428242034115,0.09575717579658849,1993.165433975502
3153,0.45882638551709787,0.7503697891378234,0.24963021086217663,1995.34049770562
3154,0.9060129799174423,0.9677128986205801,0.032287101379419925,1988.454105809582
3155,0.33923799082981454,0.5149357430108118,0.4850642569891882,2001.4876339068658
3156,0.5041099595678337,0.5106015880134376,0.4893984119865624,2009.9142954861588
3157,0.002169226322271045,0.0023407293679887104,0.9976592706320113,2016.6932243983467
3158,0.6540624967327399,0.81360361824063,0.18639638175937,1997.2752022973389
3159,0.9283782254318172,0.9583641201064235,0.04163587989357653,1996.5796816642926
3160,0.6395945335748208,0.7480958394651489,0.2519041605348511,1996.0757557082454
3162,0.5207404815294837,0.7895421067686317,0.21045789323136832,1998.4566065339225
3163,0.32841043230420386,0.5771508553802825,0.42284914461971745,1999.460594456584
3164,0.24697746885619287,0.5146025111828811,0.48539748881711886,2003.1178746567514
3165,0.4444941008223096,0.6406417590275295,0.3593582409724705,1999.6680868689762
3166,0.4713189895085885,0.8324151778264638,0.1675848221735362,1997.8790014229287
3167,0.719773147405432,0.8434352119961029,0.15656478800389706,1997.6224394644803
3168,0.45446003508755023,0.564973980289579,0.435026019710421,2005.2698778728602
3169,0.6078638595803212,0.7841142236345443,0.2158857763654557,2000.7557157647414
3170,0.4334823553639036,0.7567627304401172,0.24323726955988278,1997.4001725109704
3171,0.5259253316806323,0.7353600942962414,0.2646399057037586,2000.0133933017396
3172,0.6786269821434566,0.8336191469945821,0.16638085300541794,1996.5832731027756
3173,0.7235155877737002,0.7508602593212046,0.2491397406787954,2002.2648443136775
3174,0.8300326190464983,0.9078275502287283,0.0921724497712717,1993.7928054534307
3175,0.6652827111318373,0.7942107348492736,0.20578926515072637,1998.0092093957867
3176,0.8355376163558619,0.9166022197739764,0.08339778022602362,1994.365571342907
3177,0.4846057676455748,0.6067325684357496,0.39326743156425037,2003.3976972016028
3178,0.248296200558207,0.5571162151206112,0.44288378487938884,2000.3101323985381
3179,0.7691423774425095,0.9079072074410728,0.09209279255892722,1994.5093814093188
3180,0.7899166587253398,0.8849985044490163,0.11500149555098371,1995.532718672234
3181,0.8294720567734869,0.9305431406389733,0.06945685936102675,1997.0885783797287
3182,0.7046205304695167,0.8200824551738845,0.17991754482611555,1993.7778376115473
3183,0.8202797851853842,0.8998525077348823,0.10014749226511765,1995.1289966171994
3184,0.19307346754485188,0.3471832571900717,0.6528167428099283,2004.051090837308
3185,0.5484742483841013,0.6527566089223249,0.3472433910776751,2001.1686520240878
3186,0.5525743068748281,0.8068495402346084,0.19315045976539158,1998.8522999032452
3187,0.449072954273309,0.8247108674424647,0.1752891325575353,1997.1087357486297
3188,0.8153484787787186,0.903948541380262,0.09605145861973796,1991.9820037491158
3189,0.06030127154600043,0.13782719799972795,0.862172802000272,2008.3755894457463
3190,0.7697241980436678,0.8786697371111278,0.12133026288887216,2000.3808445844707
3191,0.7266807012205198,0.8341100457016788,0.1658899542983212,1996.349689014046
3193,0.5500800064556225,0.7219120389891511,0.27808796101084887,1996.680399085188
3194,0.27371666558562524,0.5071808803498351,0.4928191196501649,2001.7552504971118
3195,0.5413469810635985,0.77402947537143,0.22597052462857004,1994.8495305219985
3196,0.4530814754637942,0.5128897336480474,0.48711026635195265,2003.2553578959185
3197,0.17025664109458946,0.3231480118703713,0.6768519881296287,2007.043079545717
3198,0.47228360066442615,0.7395584924489411,0.2604415075510589,2000.2459843844788
3200,0.629369882642715,0.7498954056118863,0.2501045943881137,2001.3324583616873
3202,0.5455413628923133,0.7394702999070942,0.26052970009290577,1995.1228340972038
3203,0.720190149214314,0.7437760226078225,0.2562239773921775,2005.5891604101282
3204,0.7257638746980848,0.8896389077789428,0.11036109222105717,1993.0623792264037
3205,0.3480057376765586,0.5036643198306603,0.4963356801693397,1999.1923781584032
3206,0.4642418964761548,0.6018404059013884,0.39815959409861157,2000.0872954169076
3207,0.41356611489024564,0.7528049070196235,0.24719509298037645,1994.7142276224872
3208,0.651039923995836,0.7902528702370396,0.2097471297629604,1994.426461839789
3209,0.6308682842638225,0.8628444810003124,0.1371555189996876,1992.9188202462922
3210,0.3626761786258756,0.7273678802518266,0.27263211974817336,1996.5876477371303
3211,0.663303830802656,0.7992673444976076,0.2007326555023924,1995.9391967407914
3212,0.8572598257069102,0.9178286901049957,0.08217130989500432,1992.2328731568389
3214,0.757642218920129,0.8216580365234581,0.17834196347654185,1995.3526464504712
3215,0.7076345666424503,0.8334163556461596,0.16658364435384043,1999.656126465347
3217,0.6215145598197762,0.835282476994583,0.16471752300541698,1996.9242754162476
3218,0.5560417785347541,0.8771543942712554,0.12284560572874459,1996.545654796194
3219,0.5046959024641744,0.7779851227506731,0.2220148772493269,1998.0502544619533
3220,0.638766845540156,0.805044211569883,0.19495578843011696,1999.5991952201684
3221,0.665038949881382,0.8699813922359427,0.13001860776405727,1997.7482415251716
3222,0.6546789029312116,0.8744437720266277,0.1255562279733723,1996.1964320574637
3223,0.7344419825837033,0.8488477593973388,0.1511522406026612,1998.5330654313202
3224,0.38139650400979136,0.48984810292178316,0.5101518970782168,2005.4540508733928
3225,0.6149770022645059,0.7696576285249593,0.23034237147504066,2000.7420991504393
3226,0.7313400819966752,0.8624353702870751,0.13756462971292494,1995.4780868708042
3227,0.6339498474910249,0.7542964342591842,0.24570356574081575,1999.8868602697016
3228,0.784894348317183,0.8284236223152783,0.17157637768472167,1998.8994314738954
3229,0.6104581204971021,0.8545109528698289,0.14548904713017108,1995.8374346671237
3230,0.8472246571730266,0.9287064625915417,0.07129353740845834,1996.5735427476045
3231,0.19624917713031817,0.4109706205046934,0.5890293794953065,2001.8546475422406
3232,0.7797696715486073,0.8794901686635308,0.1205098313364692,1997.7754314866336
3233,0.5614945487629052,0.7346641451567565,0.2653358548432435,1998.5761088795393
3234,0.5657634164803934,0.7221717027499129,0.27782829725008706,1996.6332129129555
3235,0.7346958482445087,0.8955903147756998,0.10440968522430016,1993.2785322312457
3236,0.8799145012109695,0.9377001408517481,0.06229985914825187,1998.9580569173454
3237,0.7649242391873271,0.9148411880320881,0.08515881196791186,1992.9906625650685
3238,0.5949474982893236,0.7367596021874457,0.26324039781255426,1996.2168682861375
3239,0.6861832900157177,0.8220375373678641,0.1779624626321359,1997.9577793739152
3240,0.8938477385927641,0.909475110233171,0.09052488976682904,1994.46721548123
3241,0.40584570710663403,0.5481707082536054,0.45182929174639463,2001.7773943769919
3242,0.5189259023524602,0.7773782777850372,0.2226217222149628,1999.2754779480401
3243,0.09111049522423945,0.4668009245749566,0.5331990754250434,2002.5679188145948
3244,0.8910821871774561,0.9560446649315736,0.043955335068426415,1991.3299547875322
3246,0.680557081669265,0.8241166340108553,0.17588336598914467,1996.786062151088
3247,0.4849254270223939,0.5588813254287184,0.4411186745712816,1999.8011795916473
3248,0.706900876862906,0.8712312243338823,0.12876877566611766,1997.3476687106977
3251,0.6740431543045466,0.7551467229460379,0.2448532770539621,1997.2360676427975
3252,0.4677783061183472,0.6799124234655111,0.32008757653448894,1999.4912032988823
3253,0.5339274826712711,0.6910016522033063,0.30899834779669366,1998.2243073354882
3254,0.4808202565139098,0.6709276485574936,0.32907235144250635,2002.6526962450998
3255,0.8526207496900472,0.9100741248779973,0.08992587512200267,1987.7157546459564
3256,0.6943094335002775,0.942461001276232,0.057538998723768,1992.8911665982555
3257,0.034875206977238,0.0600634085163223,0.9399365914836777,2011.152882773506
3258,0.38414869394725193,0.5696398077287964,0.4303601922712036,1999.4560207555867
3259,0.4950710288253654,0.656985036181577,0.343014963818423,1999.067508009584
3261,0.4994733340725136,0.6678008463613853,0.33219915363861474,1998.2790138734551
3262,0.6018085896681428,0.7348831081942856,0.2651168918057144,1997.4517111116782
3263,0.31830093461754444,0.4914108962728349,0.508589103727165,1999.5975578508467
3264,0.671361378406086,0.738982607126986,0.26101739287301395,1998.0194349361586
3265,0.2957052849900252,0.722581633475176,0.277418366524824,1997.8041164760089
3266,0.821780701466686,0.956353947526656,0.043646052473343966,1988.256470093588
3267,0.6601936998492896,0.8066237240849634,0.1933762759150366,1993.962291892066
3268,0.7911422534628823,0.8225656921004065,0.17743430789959347,1997.2157750256447
3269,0.6621140256044817,0.8596164508085966,0.1403835491914034,1997.3586527043576
3270,0.22497605933149017,0.5982151637418348,0.4017848362581652,2001.2642046535493
3271,0.8005017944397447,0.9152906991204832,0.08470930087951678,1997.179995032415
3272,0.6579565878867962,0.7811374636665929,0.21886253633340713,1993.6633076049768
3273,0.6328058908236167,0.8622307069729256,0.1377692930270744,1997.979621412704
3274,0.5092059244316474,0.7170018334640865,0.2829981665359135,2000.0530849670333
3275,0.6512698656731837,0.8040387166115678,0.19596128338843222,2001.2916140672846
3277,0.3034705717742857,0.7282111312120889,0.2717888687879111,1999.6664641638695
3278,0.6452643006327868,0.8124683620452104,0.18753163795478955,1999.1672063486405
3279,0.7507078985928638,0.8906385050878555,0.10936149491214453,1995.484536806907
3280,0.6973215800746952,0.829676875319658,0.17032312468034205,1998.145320108202
3281,0.487023775077009,0.738125748118545,0.26187425188145497,1999.9146145601142
3282,0.5055569720473974,0.7085387619264886,0.29146123807351143,1999.7292130674837
3283,0.6737849440226727,0.8778997365633303,0.12210026343666969,1995.9325470205818
3284,0.6238098027316443,0.7122516861528062,0.2877483138471938,1996.713258070747
3285,0.8699643664466462,0.9515804335038771,0.04841956649612289,1990.7857960207352
3286,0.3748650431618351,0.5067853186442568,0.4932146813557432,2001.0399315041564
3287,0.45204277230244594,0.6925325194797345,0.3074674805202655,2000.4952524047685
3288,0.632270443429012,0.7574210583414372,0.24257894165856275,1999.4067792624653
3289,0.6854253371325543,0.713291649545677,0.28670835045432297,1999.56351383112
3290,0.6574685441585257,0.8421976251903269,0.15780237480967307,1994.9131020475988
3291,0.8547782919049373,0.9335596478697242,0.06644035213027577,1998.634824882616
3292,0.8174544610487222,0.9266343177999823,0.07336568220001771,1998.1876506825313
3293,0.6952785391871776,0.7448945909381993,0.2551054090618007,1999.730338983583
3294,0.8212648656682715,0.9149028445012852,0.08509715549871477,1996.2511850211865
3295,0.23045341433549238,0.414159681340563,0.585840318659437,2001.6091311117768
3296,0.6995256279597091,0.8290983656880441,0.17090163431195593,1992.5697349653208
3297,0.5185173422765363,0.8006553902700322,0.19934460972996781,1997.6652637350587
3298,0.6063725932866786,0.8482091890543925,0.15179081094560753,1997.0063343206791
3299,0.7880064514652684,0.9402387378611551,0.05976126213884492,1991.110844933505
3300,0.06930700294164595,0.09156682553075046,0.9084331744692495,2013.3861101395387
3301,0.7420175388491598,0.875094545456828,0.12490545454317203,1996.2321761234807
3302,0.5989958801072514,0.7401531166395935,0.2598468833604065,1996.0876146705332
3303,0.7366668849511481,0.8247111658351697,0.17528883416483032,1997.5113920616034
3304,0.3346090011954668,0.5473200124170038,0.4526799875829962,2000.5983392226942
3305,0.7570698715614652,0.8727309610943883,0.1272690389056117,1993.3468344998748
3306,0.5365999024465873,0.6747617595951694,0.3252382404048306,1999.8893087563488
3307,0.7752033587868485,0.8620058008439722,0.13799419915602784,1997.420063388954
3309,0.2909301668724122,0.4504019842658852,0.5495980157341148,2004.8312877205774
3311,0.5978380476236006,0.7852372382634002,0.2147627617365998,1999.474379743814
3313,0.6765056903103395,0.8364773682994173,0.16352263170058268,1994.3177462255924
3315,0.2879482081827807,0.4143231949024393,0.5856768050975607,2004.200280242259
3316,0.40667204963664955,0.6678639525165385,0.3321360474834615,1997.5032217826722
3317,0.4584960195788222,0.7422168051355753,0.2577831948644247,1999.2542271678926
3318,0.5030125585291431,0.6910120454836958,0.30898795451630423,1995.2823676053802
3319,0.8967532933272766,0.93068406106635,0.06931593893364996,1990.0225936899599
3320,0.7723092294070576,0.8860513470459157,0.1139486529540843,1995.109359230755
3321,0.8187251555931596,0.9409451069619602,0.05905489303803979,1989.5143947367596
3322,0.324385766627531,0.7965766807615049,0.2034233192384951,1994.940978973416
3323,0.6200394463714011,0.6515537153676211,0.3484462846323789,1998.8076318217559
3324,0.760974718288327,0.8613086291613413,0.13869137083865868,1997.4568857932538
3325,0.9471622552806511,0.9743198893811019,0.025680110618898078,1991.859322528261
3326,0.8439851035286396,0.9414035082014468,0.058596491798553196,1995.6076177576233
3328,0.7087778367585709,0.840725069687441,0.15927493031255902,1998.4662601251657
3329,0.5622628279386606,0.8957164516981266,0.10428354830187336,1994.0641900542196
3330,0.5952620769773931,0.7894354868976786,0.21056451310232138,2002.467664176867
3331,0.7230289347548746,0.8406207088954794,0.15937929110452065,1999.787898588692
3332,0.2411678667218381,0.6971619377154653,0.3028380622845347,1999.9834273651034
3333,0.755128835772158,0.8921313131324993,0.10786868686750073,1996.3659242809595
3334,0.73899203946234,0.8666809769960439,0.13331902300395615,1997.1444136493255
3335,0.7074574195729152,0.8834351472763665,0.11656485272363348,1994.6124754365128
3336,0.5149300777050235,0.7505423457609919,0.24945765423900812,1999.6513911968395
3337,0.5624949037768353,0.7075434457069416,0.2924565542930584,1999.5167708166425
3338,0.6777705766390033,0.8524827530033741,0.14751724699662594,1997.4732383212759
3339,0.7282641509289943,0.7661318854025972,0.23386811459740275,2000.2844686820572
3340,0.8727344196580875,0.9393693928925301,0.060630607107469925,1993.271472694773
3341,0.2941422469982492,0.5189692798581528,0.4810307201418472,1999.3878273952992
3342,0.7684484860259045,0.900014691294303,0.099985308705697,1993.8931006898729
3343,0.5968991668108561,0.7191509662068365,0.2808490337931635,1999.801447538933
3344,0.5081526216599427,0.571798724970564,0.42820127502943595,2002.7215208562764
3345,0.7425490740105739,0.9004903310613674,0.09950966893863256,1995.3959913271126
3346,0.910928252550586,0.9588775546817835,0.041122445318216516,1996.935783288509
3347,0.7841126442113875,0.9070047291108397,0.09299527088916026,1996.4874232338907
3348,0.5709679647021935,0.7436074985441895,0.2563925014558105,1997.7027306991872
3349,0.7499926367936476,0.8495657333235563,0.15043426667644366,1996.7189390526146
3350,0.7554378025391663,0.8091643330862223,0.19083566691377774,1996.6343783230168
3351,0.4661880704457744,0.49709222047141766,0.5029077795285823,2003.955270353342
3352,0.37304759432371515,0.7501182761523737,0.2498817238476263,1997.2628037739446
3353,0.7728316010865812,0.895587251359869,0.10441274864013095,1995.7775475809276
3354,0.8600280045902102,0.9181488673445167,0.08185113265548327,1995.6797216425157
3355,0.39565381789564613,0.40962797074673296,0.590372029253267,2003.4818967157262
3356,0.6543381552024269,0.7777895411928781,0.22221045880712187,1997.8660497921715
3357,0.5216237443731244,0.6983877438312771,0.3016122561687229,1998.0544440612782
3358,0.7102126495620773,0.9073656642542356,0.0926343357457644,1995.7194681313038
3360,0.5795109696414713,0.6649051245372767,0.3350948754627233,1999.2570809475699
3361,0.490899390436839,0.7787093928805437,0.22129060711945625,1996.483177672611
3363,0.14549064675479395,0.4756875793476495,0.5243124206523505,2003.262024931306
3364,0.5578170589295028,0.8094879581603954,0.19051204183960457,1998.5693676951214
3365,0.7944154557951841,0.8120131261917783,0.18798687380822166,1995.6116172013033
3366,0.7482235971295357,0.9278514833458715,0.07214851665412847,1994.2912839511894
3368,0.6955227831670994,0.8670523637108895,0.13294763628911055,1993.4365129386838
3369,0.2589753767399844,0.35698252145467485,0.6430174785453251,2004.823324996989
3370,0.3305117114790786,0.6754471378515148,0.3245528621484852,1998.866336061945
3371,0.3038204229645751,0.6363877986791362,0.3636122013208638,1998.6118940228166
3372,0.38791324999558324,0.6901809352908367,0.3098190647091633,1995.769739918063
3373,0.2277338167589473,0.482278328958881,0.517721671041119,2003.5328291321232
3374,0.7344758158446938,0.8325644513425593,0.1674355486574407,1994.7766834584977
3375,0.6327229454818987,0.8401122733239663,0.15988772667603368,1994.3322414728827
3376,0.9122250608467691,0.9646075714536771,0.03539242854632285,1987.779346020914
3377,0.47265453977584865,0.8089800899988938,0.19101991000110619,1994.1316202477444
3378,0.7568937570704568,0.8273423242890715,0.1726576757109285,1996.4068785276268
3379,0.6685619810626201,0.8264640169332079,0.17353598306679208,1998.0592093442724
3380,0.7175379411484006,0.8657486862217276,0.13425131377827237,1995.118912037429
3381,0.7992765306368174,0.8546838888415024,0.14531611115849763,1999.4496689296552
3382,0.7183186820853827,0.8579068600249621,0.14209313997503792,1993.1711343767065
3383,0.7051382226414521,0.8422339997386621,0.1577660002613379,1998.7208101308943
3384,0.5883596477452555,0.8048897425469345,0.19511025745306554,1997.963539955879
3385,0.3303932902897557,0.5907909627653597,0.4092090372346403,2004.5473082478395
3386,0.8047529664079419,0.8832327298235515,0.1167672701764485,2001.3342656454035
3387,0.7078396828151017,0.8748078059082706,0.12519219409172944,1998.9646785193058
3388,0.4677547741243254,0.7339688261441778,0.2660311738558222,1998.2948603536672
3389,0.7118701770134596,0.8612160857987614,0.1387839142012386,1997.9557501367428
3390,0.5745880830351247,0.8472792021290461,0.15272079787095394,1996.9551769657708
3391,0.48738518041580786,0.7151201819588002,0.2848798180411998,1999.5695013671696
3392,0.6554494383706154,0.812883610251984,0.18711638974801603,1998.6623272251377
3393,0.4457794302983642,0.6677669567939787,0.3322330432060213,2002.0960298999612
3394,0.7149947884163794,0.8436142420117217,0.15638575798827825,1996.4637632921467
3395,0.4516875056420745,0.6117335413149697,0.3882664586850303,1999.3088119004894
3396,0.8125814414581694,0.9079062598165334,0.09209374018346661,1995.8268465900167
3397,0.5949508238352295,0.7684776266059706,0.23152237339402937,1999.0112368061898
3398,0.6221201952548906,0.6645301436016687,0.33546985639833127,2000.466785210929
3399,0.6633533870296413,0.8502757419327795,0.14972425806722045,1996.0005904061773
3400,0.8750559282857614,0.9295905875795735,0.07040941242042653,1998.556820502641
3401,0.7900849198203741,0.9040315507347607,0.09596844926523929,1995.1659763625942
3402,0.7024369145618945,0.8250850597660867,0.1749149402339133,1997.2564111201452
3403,0.638372003218371,0.7894233220216562,0.21057667797834378,1997.6067901318927
3404,0.5518177958079945,0.6550502755195217,0.34494972448047834,1998.9500298315188
3405,0.7556510471635757,0.8302182149300735,0.16978178506992647,1994.3014242115971
3406,0.6312443625507512,0.8479299248491569,0.15207007515084314,1997.1672843596518
3407,0.4914407983368227,0.7918951937775742,0.20810480622242578,1996.0168302990653
3408,0.7655731821640058,0.8771418746552307,0.12285812534476925,1995.5276156524696
3409,0.6325494753035235,0.75396739911981,0.24603260088018997,2000.2434561279547
3410,0.391924598696208,0.43430818163722845,0.5656918183627715,2002.7020153268072
3411,0.8198722701536802,0.8898732199318611,0.11012678006813892,1991.9773962818886
3413,0.3005486220461488,0.4713392275891233,0.5286607724108767,2003.5685084151005
3414,0.5959788082075436,0.8434740150931658,0.15652598490683423,1994.1937177471498
3415,0.5987094105757456,0.6896591414920058,0.3103408585079942,1999.571513604624
3418,0.21664157512328783,0.42840583004984384,0.5715941699501561,2004.010398318203
3420,0.5632658939936641,0.8889551155618542,0.11104488443814575,1994.5164238751324
3421,0.7086382748354928,0.7580853839149853,0.24191461608501474,1996.8216780428265
3422,0.7419220133089013,0.8841671005698624,0.11583289943013764,1995.4443084190405
3424,0.2686111927834645,0.3818030123458287,0.6181969876541713,2004.5671449993292
3425,0.29246680822978444,0.5294484913236881,0.4705515086763119,1999.8512219635468
3426,0.3815721610767829,0.550765875837481,0.44923412416251896,1999.4451765180888
3427,0.6167357687605617,0.7923968876946099,0.20760311230539008,1994.5162285945387
3428,0.8857264082443203,0.9549700081941638,0.04502999180583622,1992.2937369922677
3429,0.5307657973931817,0.8122612518554617,0.18773874814453828,1995.0874394847556
3430,0.49553940653311396,0.698685735454914,0.30131426454508603,1996.957629197312
3431,0.7298190367102684,0.8462133456669327,0.15378665433306726,1995.5340432612618
3432,0.6869239817572727,0.7980126983690231,0.2019873016309769,1996.5630921260245
3433,0.18102329931272676,0.49090760673178047,0.5090923932682195,2001.8478224439898
3434,0.7240780367977324,0.8516113528622983,0.14838864713770172,1993.571475043315
3435,0.5252760240434162,0.7043445237020726,0.29565547629792743,2001.6081514127864
3436,0.5885464581579113,0.7834477931645182,0.21655220683548182,1995.0871148903304
3437,0.7442932819948296,0.8934084399703127,0.10659156002968728,1996.8354526120534
3438,0.5493255884685893,0.8175015301805952,0.18249846981940476,1996.8532996321107
3439,0.2536268649944107,0.6693084044740419,0.33069159552595806,2000.4778842085075
3440,0.5278049129397303,0.6860381440407312,0.31396185595926884,1999.6868996689245
3441,0.5139725448544443,0.7784631571133267,0.2215368428866733,1999.8730950385195
3442,0.29382294567655964,0.5302452706616794,0.46975472933832063,2002.875334121167
3443,0.32148910210051496,0.47726541147500534,0.5227345885249947,2003.7447301917941
3444,0.5632381880369892,0.8283257170696811,0.17167428293031894,1996.9675574985733
3445,0.5335613194584049,0.6943434895580397,0.3056565104419603,1999.8736860108672
3446,0.5894920172173008,0.8158733591791587,0.1841266408208413,1996.4993526936662
3447,0.8253482940698619,0.9077571306074556,0.09224286939254445,1993.335723162813
3448,0.6226546076261815,0.7866201515473658,0.21337984845263425,1995.5081135290516
3449,0.8085612922212084,0.9066839344858773,0.09331606551412275,1995.9320760378612
3450,0.5922954047327167,0.7383595537147101,0.26164044628528993,1999.561765208023
3451,0.3055707290260454,0.46817807049523097,0.531821929504769,2001.9897715272564
3452,0.7560974785828176,0.8738900815474421,0.12610991845255792,1995.367598577433
3453,0.7933279360971836,0.8997866239024028,0.10021337609759717,1996.9812368259193
3454,0.8780318741141957,0.9341003376382998,0.0658996623617002,2000.6421821670144
3455,0.6943424473383175,0.7954444307906678,0.20455556920933216,1998.986698270558
3456,0.6145752211326998,0.8243841762664134,0.17561582373358664,1994.5323825212552
3457,0.18059157862524772,0.33360140716994885,0.6663985928300511,2006.7588723389165
3458,0.7463393664826188,0.8149825155858849,0.18501748441411514,1993.2327454030487
3459,0.38117429580743895,0.6422070856951282,0.3577929143048718,2001.1797914221524
3460,0.5663393937867569,0.7130916020630421,0.2869083979369579,2000.628661118014
3461,0.8543727326338619,0.9181941109968306,0.08180588900316943,1996.851209791297
3462,0.7830131655721265,0.8720306244699318,0.12796937553006815,1994.7419893332649
3463,0.5446857667963707,0.6407785898240838,0.35922141017591624,1997.4096453632408
3464,0.6207711512353369,0.7803257960579728,0.2196742039420272,1996.8192564798637
3465,0.35845381147069333,0.5196649676410292,0.4803350323589708,2002.115890524823
3466,0.5863539044350367,0.75206736334275,0.24793263665724996,1994.9203286922075
3467,0.40827055498765846,0.6062848256849878,0.39371517431501224,1999.1569381178883
3468,0.4579813891124643,0.560674642038738,0.43932535796126204,2004.192940273223
3469,0.10485121215790508,0.16844359838101042,0.8315564016189896,2007.6297255727354
3470,0.7931750313113135,0.911405012374915,0.088594987625085,1998.0126336781207
3472,0.7258409279294591,0.8575313678682405,0.14246863213175953,1997.0700528675075
3474,0.6882705949521388,0.8422241970456734,0.15777580295432658,1994.8167971239789
3476,0.7556390998652246,0.8164392108898955,0.18356078911010454,1994.7322981951002
3477,0.3991314762451733,0.6076315082186176,0.39236849178138244,1998.5407537248027
3478,0.577445165239171,0.8160017579797959,0.1839982420202041,1992.070769590136
3479,0.7339313665248821,0.7500727471614868,0.24992725283851325,2003.3013639668
3480,0.5481476358438804,0.7406673714509664,0.2593326285490336,1995.1877491968742
3482,0.6488060719983458,0.840551583874836,0.15944841612516403,1993.5479861267831
3483,0.6422902325070344,0.8016037706554816,0.1983962293445184,1996.1612634060082
3484,0.7861769474738249,0.8906448355755171,0.1093551644244829,1992.517385022875
3485,0.6899032689082042,0.841938366758947,0.15806163324105305,1996.1556797574854
3486,0.4766915038330317,0.7085124808592634,0.29148751914073656,1997.71430167687
3487,0.8282613294239756,0.8973353356985501,0.10266466430144994,2000.5383740403586
3489,0.5577099468957961,0.8424594794976132,0.15754052050238676,1996.2800070305163
3490,0.6076497265488652,0.8074343172016322,0.19256568279836783,1997.4405453949385
3491,0.514844698646149,0.7252302413368699,0.27476975866313014,2003.0484271539758
3492,0.32898527557236995,0.4486887444272748,0.5513112555727252,2004.4191811352316
3493,0.5627376333525796,0.7807807702477376,0.21921922975226238,2001.3034551602473
3494,0.8062009835314244,0.8953572150796023,0.10464278492039769,1998.792341552359
3495,0.7295880296092514,0.8661848758111321,0.13381512418886787,1996.9493098544597
3496,0.6478603180784579,0.8574133252362007,0.14258667476379927,1995.5434617999438
3497,0.7087336970601541,0.93487137449298,0.06512862550702003,1993.67238708567
3498,0.7935921686746988,0.9011439759036145,0.0988560240963855,1995.1781974841429
3499,0.8125851182545648,0.9011899643315786,0.09881003566842139,1992.5957125302054
3500,0.15620760553529162,0.4092557833863537,0.5907442166136463,2001.5196672681707
3501,0.8577555116094768,0.9369589546184037,0.06304104538159627,1994.9035160161789
3502,0.5626354997362496,0.7211084290172758,0.2788915709827242,2000.4438109107011
3504,0.651202731982654,0.8732420977031581,0.12675790229684192,1994.72734841376
3505,0.834474403161166,0.8974757302316132,0.1025242697683868,1998.950016771092
3506,0.7798543809440793,0.8803224688944365,0.11967753110556345,1997.7366521422412
3507,0.7778324418838292,0.881622065532604,0.11837793446739597,1994.447070338993
3508,0.6806596209208416,0.7529596640712045,0.24704033592879548,1995.5958306893615
3509,0.8475983071513946,0.8654579562319674,0.13454204376803258,1999.1631748407033
3510,0.8383162542897598,0.8735651979959711,0.1264348020040289,1998.5587076609183
3511,0.3127101342065587,0.5432079635348839,0.4567920364651161,2003.3591288284692
3512,0.7552433800982401,0.9026337638445646,0.09736623615543538,1994.3203403074187
3513,0.6982167241091299,0.8238598679995776,0.17614013200042244,1997.8458298973137
3514,0.8233301735244994,0.9344861166380805,0.06551388336191954,1992.9129896249292
3515,0.5772535875105604,0.7592892590477891,0.2407107409522109,1997.3954148933606
3516,0.0831913975404196,0.4695961358230898,0.5304038641769102,2002.8799531467744
3517,0.5504278701855767,0.6896073779850559,0.3103926220149441,1997.9469937012655
3519,0.4495930006362658,0.6253552064498414,0.37464479355015856,2001.2904340465132
3521,0.2532048161057377,0.7576749515459283,0.24232504845407166,1997.4302924553879
3522,0.5613489652840992,0.7569966855479283,0.24300331445207168,1999.3633076499252
3523,0.7297845217303405,0.8328868771843124,0.16711312281568758,1994.1890538334162
3524,0.6545713900552277,0.9294616388791146,0.0705383611208854,1992.8950215538694
3525,0.34084155811307687,0.5657839941233107,0.4342160058766893,2003.2692757486739
3526,0.6746444334515008,0.8625453709433092,0.1374546290566908,1994.4413912566672
3528,0.3448440705920201,0.7105059017135603,0.2894940982864397,1997.966119858524
3529,0.4287183784051355,0.4747745605001262,0.5252254394998739,2001.5205688043472
3530,0.5194073972394555,0.7661834529111708,0.23381654708882915,1993.2169173764119
3532,0.6488549747048904,0.8471264755480608,0.15287352445193925,1993.5642744745046
3533,0.7298435601991495,0.8852100542055479,0.11478994579445212,1993.196807618377
3534,0.7942350594777979,0.8937470478092937,0.1062529521907063,1992.8456498882183
3535,0.3647248146558058,0.7447909133081886,0.2552090866918114,1995.8920491164258
3536,0.6109057158450444,0.7111892770624125,0.28881072293758747,1996.9223884446737
3537,0.7442141197951856,0.8755042883705867,0.12449571162941331,1994.2471698975967
3538,0.7059715424589855,0.850406316324644,0.14959368367535597,1995.282758172423
3539,0.8171816147617987,0.9104965285750253,0.08950347142497472,1999.3774943957158
3540,0.43048533792425847,0.6712822648343083,0.3287177351656917,1997.4475912124683
3541,0.6453182466396298,0.8315034946094668,0.16849650539053318,1996.7162648350334
3542,0.42779285484427604,0.6182341056982152,0.38176589430178476,2002.8451258160915
3543,0.6855297138962232,0.8353899200678165,0.16461007993218346,1999.0527484524332
3545,0.5731447327596889,0.8268842970151623,0.1731157029848377,1999.0884937620917
3546,0.7105111453360231,0.8349104838881077,0.16508951611189226,1999.752604776022
3547,0.7949952105607365,0.9037830609394863,0.09621693906051365,1996.8992825573212
3548,0.44141059738442007,0.7217484828854172,0.27825151711458285,1999.4033920124464
3549,0.5049920455130917,0.71047280928955,0.28952719071044997,2000.8997131582282
3550,0.5387865162945684,0.7501979873091609,0.24980201269083913,2000.0685487347776
3551,0.8900683052957657,0.9431090403800151,0.056890959619984915,1991.2879943423222
3552,0.3212871546111675,0.5925742190248205,0.40742578097517945,1999.0060148235616
3553,0.7046336710981963,0.8438854329097404,0.15611456709025961,1997.2339343089905
3554,0.5275001708429298,0.7086839131394967,0.29131608686050325,1999.860886640153
3555,0.46108407649554733,0.5714347451294526,0.4285652548705474,2001.634442288972
3556,0.6887909397898656,0.8619296174247973,0.13807038257520265,1996.3422741266438
3557,0.7911829502462584,0.8773564542323261,0.12264354576767389,1994.7747405554487
3558,0.8353727282849626,0.9181004162230786,0.08189958377692141,1997.2569511346042
3559,0.7204167918924832,0.8204786414594983,0.17952135854050166,1997.4749847669527
3561,0.6775006209852803,0.8033099359794112,0.19669006402058875,1996.1339685395494
3562,0.8272515607500079,0.9008504188498323,0.0991495811501677,1994.0790783359535
3563,0.5625834925913226,0.7518450340890513,0.24815496591094865,2001.0552329335287
3564,0.5534215777626029,0.8819608152251925,0.11803918477480746,1994.7034292030187
3565,0.7960526631540465,0.8954285240491242,0.10457147595087579,1995.610770230785
3566,0.8657034800118641,0.9507304486780088,0.04926955132199118,1993.9969529212667
3567,0.561807056165861,0.6109207428699328,0.3890792571300672,2000.9404913275685
3569,0.242208761791167,0.43336641573001206,0.5666335842699879,2002.3075583730595
3570,0.5936622583104134,0.7801171549048077,0.2198828450951923,1996.8055279352238
3571,0.42474847186057796,0.7730809489993435,0.22691905100065646,1997.581731171471
3572,0.40983153630925206,0.5654453341762371,0.4345546658237629,2002.610588165858
3573,0.167406085779012,0.449362181070551,0.550637818929449,2003.5963650162116
3574,0.6670145191284387,0.7705674396308946,0.22943256036910542,1993.9609690485904
3576,0.7605048646909981,0.8494349521344052,0.15056504786559477,1999.1619208655948
3577,0.00636086143112349,0.10998016626577203,0.890019833734228,2007.2269468643449
3578,0.7064951468537339,0.8475747328554037,0.15242526714459625,1994.1867262593635
3579,0.6201642099635121,0.6358599977817151,0.3641400022182849,2004.6498530565411
3580,0.4388091404965133,0.8695893198870022,0.13041068011299783,1994.067421197093
3581,0.6052645951541265,0.7836138425522877,0.21638615744771228,1996.765408606356
3582,0.5144123272361186,0.7804343004570072,0.21956569954299276,1994.2581186043255
3583,0.6151571863379315,0.7030933751546417,0.29690662484535835,1997.4371318104586
3584,0.6439339421833999,0.8337574722891201,0.16624252771087988,1993.548107449457
3585,0.579245632978054,0.7606497590494371,0.2393502409505629,1996.8403373579974
3586,0.5535906486848795,0.7693475158975313,0.23065248410246875,1997.0661670741322
3587,0.29613484397267825,0.7056449893938703,0.2943550106061297,1996.6544576493532
3588,0.6485780223746598,0.8002313299925078,0.1997686700074922,1995.831819687722
3589,0.35334312778838955,0.7297904793672007,0.27020952063279935,1998.425362992129
3590,0.3725431070844413,0.6949341243083007,0.3050658756916993,1997.8338350945
3591,0.5633799448261888,0.7312951280242839,0.26870487197571613,2000.998362124223
3592,0.7272574292906262,0.8420725896384469,0.1579274103615531,1994.2781761188483
3593,0.2178193482625081,0.5831944300304925,0.41680556996950746,2001.4024792202977
3594,0.3981016082898114,0.6960294746721489,0.30397052532785107,1998.5783252809238
3595,0.35364015032712104,0.5338885312291939,0.4661114687708061,2004.6432344200432
3596,0.6212585227610933,0.7665794241151256,0.23342057588487441,1997.6651990328053
3597,0.8047570967841405,0.9392882302850415,0.06071176971495851,1995.1144456515178
3598,0.5742713589063839,0.7178002532136651,0.28219974678633486,2000.006271032849
3599,0.7078763150288445,0.8450596093616988,0.15494039063830123,2000.4762849405292
3600,0.5167268229698709,0.7932636978550787,0.20673630214492134,1996.9465749061617
3601,0.5061451263968012,0.7587575981677707,0.24124240183222934,1998.644366037888
3602,0.767457457341678,0.8772255847303393,0.12277441526966071,1995.0857864638558
3603,0.8779651788697364,0.9366714608940488,0.06332853910595115,1990.5184216076823
3604,0.22176666281386032,0.4527565642682512,0.5472434357317488,2002.0692524233534
3605,0.8219215216441486,0.9154674437267719,0.08453255627322809,1995.7209741841987
3606,0.5540029026837704,0.7348002118810346,0.2651997881189654,2003.0510772957223
3607,0.5345017190744856,0.6095685509059965,0.3904314490940035,2001.8781672404625
3608,0.7588035305437659,0.9151057749175547,0.08489422508244526,1995.0728839665064
3609,0.8812529147608965,0.9447923303563543,0.05520766964364565,1995.7559613658289
3610,0.9409897989246838,0.9691064749655918,0.03089352503440823,1993.3916224388388
3611,0.7891028053177271,0.8896784177922643,0.11032158220773569,1994.4918519145454
3612,0.5836526779888317,0.699640178985219,0.300359821014781,1998.3542891580341
3613,0.6953024684845197,0.7793801298409347,0.22061987015906526,1997.7246245595554
3614,0.1169473135400961,0.3645257654966393,0.6354742345033607,2003.6147192707476
3615,0.40384604300296373,0.5893122719289022,0.41068772807109777,2001.8107301899008
3616,0.6303311165809379,0.7902183052096203,0.20978169479037967,1997.403744616847
3617,0.7823595512161879,0.8768152093564688,0.12318479064353116,1996.1520145088102
3618,0.89345227979497,0.946181681376483,0.05381831862351705,1994.7334537325412
3619,0.5664244512922959,0.7240850734806883,0.2759149265193117,1997.9126902833461
3620,0.2910597705793109,0.3573727935772522,0.6426272064227478,2004.0654170959492
3621,0.11905409971467187,0.2913420746358312,0.7086579253641687,2005.765316729382
3622,0.8478665670380778,0.9343573580393741,0.06564264196062586,1992.7627903289133
3623,0.5779235533363666,0.727508736121853,0.27249126387814704,2000.2017598852672
3624,0.5281601312520242,0.624879067051534,0.37512093294846605,2004.04057187017
3625,0.3967699886892291,0.5856432076346969,0.4143567923653031,1998.9743799906744
3627,0.5995453547138544,0.777444606471398,0.22255539352860199,2001.1894574692342
3628,0.6183031838154119,0.8184740881407446,0.18152591185925537,1997.5927209467418
3629,0.2539139189529323,0.45137845249441216,0.5486215475055878,2004.756526772643
3630,0.6949478263610858,0.8993350777087734,0.10066492229122659,1993.4717710799548
3632,0.16075914562759672,0.26056784357211166,0.7394321564278883,2006.3198981551839
3633,0.460375196364,0.6410054804506937,0.3589945195493063,2001.5079713264722
3634,0.4786545998912824,0.7243786321361634,0.2756213678638366,1993.9017889246531
3635,0.34343417252080716,0.5286129618533655,0.4713870381466345,2001.0645242597275
3636,0.8707342051472315,0.9520849747585282,0.04791502524147184,1990.3308646946666
3637,0.33724123160116815,0.5915863795695031,0.4084136204304969,1998.8943976202281
3638,0.9762829276389065,0.9863497984267239,0.013650201573276122,1986.41194540589
3639,0.15221700720145317,0.5080636787009135,0.4919363212990865,1999.972069650505
3640,0.7829633119513361,0.8708502475788659,0.12914975242113413,1997.0002216082546
3641,0.3388368894153473,0.684124930741355,0.31587506925864495,1999.7058210927319
3642,0.7270587436978229,0.8733134605985409,0.12668653940145913,1999.175394458993
3643,0.4674523357059772,0.6565139207342272,0.3434860792657728,1998.212245794956
3644,0.48670467113674776,0.7774986151096783,0.22250138489032167,1996.2115255075369
3645,0.5116467494581415,0.7848648407518095,0.2151351592481905,1998.470519425773
3646,0.3641188398131006,0.7789286109532357,0.22107138904676427,1996.3720678424922
3647,0.48515550355854536,0.7007611062363914,0.29923889376360857,2001.1127367997653
3648,0.4899305358604768,0.6929857431698211,0.3070142568301789,1997.3943344030647
3649,0.4695675008121879,0.7698997263529872,0.2301002736470128,1999.818824565087
3651,0.6108101847765364,0.8159802917176582,0.18401970828234182,1999.8499795124599
3652,0.5398827335192824,0.7807996581772041,0.2192003418227959,1997.671819272481
3653,0.5463207195295452,0.7567284663392423,0.2432715336607577,2001.2542422256208
3654,0.3407792302547577,0.7085630206116617,0.29143697938833835,1999.5640733195487
3655,0.7987040385278623,0.8894273429227733,0.11057265707722674,1993.342666961081
3656,0.445188454247534,0.64805482253806,0.35194517746194,1997.7282316672492
3657,0.8108903420184108,0.899330600238718,0.10066939976128197,1993.9488319679574
3658,0.4332746426042788,0.5827660932493226,0.4172339067506774,2001.9237498243795
3659,0.6456979764671869,0.7136794061882713,0.2863205938117287,1998.4635233206973
3660,0.8542659024698487,0.9283457654202755,0.07165423457972453,1996.7391041949081
3661,0.8013485648663342,0.9118260052924778,0.08817399470752219,1998.8364586253847
3662,0.6384890788520508,0.7985052940794475,0.20149470592055252,1999.0753523477601
3663,0.7059780848381089,0.7858037294527283,0.21419627054727175,1997.343732346081
3664,0.8073902576204406,0.8548768439189732,0.14512315608102677,1993.0511850897842
3665,0.9005459080153715,0.9417814391274774,0.05821856087252264,1991.5254630606303
3666,0.45728224986123817,0.7267318665266066,0.2732681334733934,1999.9323670401632
3667,0.42957231866590057,0.6933596215227698,0.30664037847723025,1998.292160112167
3668,0.7576327852923129,0.8699801997407433,0.13001980025925675,2000.3489581715112
3669,0.7963703259842281,0.8765241396441876,0.12347586035581237,1998.6088186199984
3670,0.5097973943779394,0.6429166080320896,0.3570833919679104,1997.9837288848198
3671,0.38942282122172633,0.57573809406063,0.42426190593936997,2001.1651995816883
3672,0.3548189058757604,0.48657452465993917,0.5134254753400609,2005.81464372921
3673,0.5045231808153109,0.6020201689599186,0.3979798310400814,2001.9383198893627
3674,0.6911711993711946,0.7309988308643901,0.2690011691356099,1997.2715162985899
3675,0.5083367861702113,0.77792813505769,0.22207186494231002,1996.3059389374241
3676,0.015803597508057734,0.39989090808079875,0.6001090919192013,2003.5445744911262
3678,0.663786177158876,0.8561123566333708,0.14388764336662918,1997.696538071348
3679,0.5050446817447841,0.8030483603307976,0.19695163966920237,1996.0153852129833
3681,0.7383095114251976,0.9054347172302158,0.09456528276978415,1994.1945283635241
3682,0.021138542560775127,0.021138542560775127,0.9788614574392249,2015.8256590860378
3683,0.8732658521701652,0.9251981832432209,0.0748018167567791,1992.6866035158585
3684,0.38724731367655946,0.5782207677936866,0.4217792322063134,1998.894416877989
3685,0.6466017161797961,0.8134506365973793,0.18654936340262074,1993.0651515608927
3686,0.427323605105491,0.5696416467147317,0.4303583532852683,2002.3594075345802
3687,0.5242055007291885,0.5827814113606024,0.41721858863939765,2002.4218318695878
3688,0.6087237289298667,0.7816278640620595,0.21837213593794047,1996.3964048384998
3689,0.8083862112632246,0.8801168799388016,0.11988312006119839,1995.0816755776161
3690,0.4591614320238742,0.6665015842947402,0.33349841570525984,1997.5936403871035
3691,0.6634068564589211,0.6764794391724374,0.32352056082756264,2002.5437217625513
3692,0.5880299170385181,0.8297237368896553,0.17027626311034472,1996.3421063353026
3693,0.8575087789519763,0.9500815034975517,0.049918496502448284,1996.6750243290412
3694,0.46495603299942645,0.7062155700204079,0.2937844299795921,1996.3078510554772
3695,0.6814182310908312,0.8663530869630677,0.13364691303693232,1994.8799464276296
3696,0.6543590975205216,0.8422706004002477,0.1577293995997523,1995.7187779203691
3697,0.6738409912462172,0.8273326217865096,0.17266737821349043,1997.9895187958493
3698,0.39886249605410334,0.5952721983319612,0.4047278016680388,2003.74605631987
3699,0.6865826073950269,0.8436921438869212,0.15630785611307885,1999.6231447598036
3700,0.8015920235233964,0.8931711068769814,0.10682889312301858,1997.4849862616622
3701,0.722429581906837,0.8746115999901866,0.12538840000981344,1995.9078965297547
3702,0.21958902220994272,0.37867595232334283,0.6213240476766572,2005.5704828794294
3703,0.3337033860210455,0.42955326460481097,0.570446735395189,2002.6328007954542
3704,0.666252663310726,0.7702733464074334,0.2297266535925666,2001.0283250865887
3705,0.8543335383009526,0.9140432430781787,0.08595675692182125,1993.014655429739
3706,0.285216908506178,0.5400393263971063,0.4599606736028937,2001.457713687322
3707,0.6713784220745566,0.808228914451037,0.19177108554896305,1997.2852930576441
3709,0.46423167118842557,0.5438489265961002,0.4561510734038998,2002.1035007088367
3710,0.7572900256862508,0.8679090933906995,0.13209090660930045,1995.6029647847329
3711,0.7859895228765165,0.894751559357103,0.10524844064289696,1999.424650471922
3712,0.7263557417057409,0.8516540290067719,0.1483459709932281,1996.7404097704928
3713,0.5695683831589903,0.6021513130683672,0.3978486869316328,2005.3803571850742
3714,0.8306888461877161,0.8549743228464571,0.14502567715354286,1992.2491914394998
3715,0.3810948589106864,0.6969432675516468,0.3030567324483532,2001.3255506133025
3717,0.7377254880830235,0.8682535679334885,0.1317464320665115,1995.0541332943228
3718,0.8828124568848957,0.9319257344054392,0.06807426559456076,1993.1638878472322
3719,0.7657011622130115,0.862588188820061,0.13741181117993895,1993.4079446969326
3720,0.6369951676652991,0.6884543878125491,0.3115456121874509,1995.536043983051
3721,0.10734324640797381,0.299858366390122,0.700141633609878,2006.745444289103
3722,0.6297526173078397,0.7762628668334156,0.2237371331665844,1997.5008812228566
3723,0.38547969853637104,0.6051733534524428,0.39482664654755717,1999.3970266931658
3725,0.7572476322476323,0.9243762993762994,0.07562370062370061,1989.8420239778022
3726,0.25317592674053335,0.40552369961341606,0.594476300386584,2004.788930262104
3727,0.6103105008434838,0.753620392308181,0.246379607691819,2000.6756687161285
3729,0.6344797222907548,0.7929624051885894,0.2070375948114106,1996.311319351373
3730,0.5117471128167629,0.5253641560493405,0.4746358439506595,2008.9877995335805
3731,0.6202852758743997,0.7385904908563519,0.26140950914364813,2001.0556685241402
3732,0.34313620225577135,0.635211502601899,0.36478849739810104,1998.6409049792633
3733,0.29142907072225527,0.4060301627286059,0.5939698372713941,2003.0243422349363
3734,0.40244350353923264,0.6313562281582744,0.3686437718417256,1999.8569642990606
3735,0.6189311387132007,0.7525464197719017,0.24745358022809827,1992.6847205670201
3736,0.7447379772291064,0.9000412541738999,0.09995874582610009,1992.8106440917115
3737,0.32342930978721846,0.9178067493709713,0.08219325062902871,1995.368584964452
3738,0.42741781945597795,0.6910697286834042,0.3089302713165958,1996.2340843652955
3739,0.7158317202688442,0.8253677148362284,0.1746322851637716,1998.2687925060138
3740,0.3524758915476471,0.5883505236183956,0.41164947638160443,2001.6588977015804
3741,0.771166175701078,0.8821727658981763,0.11782723410182372,1997.7142127656696
3742,0.5078354032848348,0.7947848076756647,0.20521519232433527,1995.0057136805463
3743,0.6209754753044247,0.8196697402223023,0.18033025977769768,1996.5470008497005
3744,0.546296351672045,0.8186965690565132,0.18130343094348678,1997.2791825770591
3745,0.3492270394094141,0.6696118162362193,0.33038818376378065,2000.5835398422084
3746,0.3054216442299136,0.5317558321448433,0.46824416785515666,2003.0776302986203
3747,0.5042242605849118,0.7779848089101279,0.2220151910898721,1999.7660396201163
3749,0.8023281021162703,0.9130368483880181,0.08696315161198187,1996.3795502919827
3750,0.7003136264458482,0.8503141930130927,0.14968580698690725,1999.8278952969624
3752,0.7141050747747795,0.873286466212975,0.126713533787025,1995.2829748517702
3753,0.8496653342837369,0.9154839768126158,0.08451602318738416,1992.2182417972565
3754,0.2967663277432477,0.49895446715704306,0.5010455328429569,2000.099308438943
3755,0.5394979363277396,0.6613278180280376,0.33867218197196236,2002.1135227057575
3756,0.8274145348293468,0.9123073250617428,0.08769267493825716,1993.902780786509
3757,0.43621299814176995,0.545428076166989,0.45457192383301104,2002.472643861035
3758,0.7901248048677132,0.8869295281084988,0.11307047189150121,1996.8149250323681
3759,0.7973393380371367,0.923152591647059,0.07684740835294102,1992.6470774834486
3760,0.6907563652380871,0.7994945996151118,0.20050540038488818,1997.484510225035
3761,0.652359144789757,0.8247110325638091,0.17528896743619093,1997.3458313725114
3762,0.4871616727681727,0.5289217949587629,0.4710782050412371,2002.7949723179315
3763,0.4509472122411731,0.6965315789530435,0.3034684210469565,2002.4146321670464
3764,0.6323365244748148,0.8688360222636358,0.13116397773636423,1996.2037491052758
3765,0.8021015846032241,0.8849617488521697,0.11503825114783028,1994.57338410255
3766,0.865366091689407,0.9472534728505915,0.05274652714940853,1993.029328646281
3767,0.5735853610035497,0.724693138242946,0.275306861757054,1996.715572360978
3768,0.5129818294820091,0.7398458700165081,0.26015412998349186,1996.731702314826
3769,0.482291503682661,0.6761511993948119,0.32384880060518806,1999.4381911972846
3770,0.6018489785462795,0.7368597981016354,0.2631402018983646,2000.9109519727563
3774,0.30432383067115537,0.5091264952367309,0.4908735047632691,2003.9434826173358
3776,0.5435009908922886,0.779941790768465,0.22005820923153496,1996.5315063127598
3777,0.2906716396433731,0.3782474478000526,0.6217525521999474,2005.3025222311328
3778,0.4938666064060905,0.6855554484312879,0.3144445515687121,1996.0091932541116
3779,0.34238240593180835,0.46786444883057643,0.5321355511694236,2000.2157716591637
3780,0.4979167385164186,0.6702217847137489,0.32977821528625106,2000.1375936745046
3781,0.44554330852193474,0.7246991185294721,0.2753008814705279,1997.4536494612896
3782,0.666252873148371,0.8473736433224058,0.15262635667759417,1994.3473573324611
3783,0.11546370511455031,0.566172146300588,0.433827853699412,2000.7886753309422
3784,0.3982685789746447,0.5787100248641182,0.42128997513588184,1999.4926780617848
3785,0.7488264149881058,0.8559780696198077,0.1440219303801923,1993.8085345458346
3786,0.1402977529515109,0.6148144489093316,0.38518555109066843,2000.688796677256
3787,0.7878574096899295,0.8616026507275664,0.13839734927243363,2001.807311562346
3789,0.6055652629739647,0.8939000524200594,0.10609994757994057,1995.9513341743282
3790,0.41903863579044015,0.7552859246528386,0.24471407534716139,1998.673146041287
3791,0.6850309297869676,0.7887495057052218,0.21125049429477816,1997.3308893500814
3792,0.6319168127072279,0.884324321700252,0.11567567829974801,1996.188407920013
3793,0.5894703181607551,0.7682561562227614,0.23174384377723856,1998.2053050413097
3794,0.7271029304659321,0.9484153956383256,0.051584604361674447,1994.585239561374
3796,0.5975362303392943,0.7924673207472653,0.20753267925273466,1998.6009909262648
3797,0.5431491467558668,0.8453241655047568,0.15467583449524325,1996.4994201727393
3798,0.7926381313259367,0.9212880712405517,0.07871192875944832,1992.9982990060544
3799,0.5049016479029294,0.6068571517415988,0.3931428482584012,1998.9721031883064
3800,0.3972714980554215,0.5214372253861851,0.4785627746138149,2004.2484435848344
3801,0.7230682448573134,0.8538777022889381,0.1461222977110619,1997.531192178065
3802,0.44353699366684934,0.5757769178122175,0.4242230821877825,2001.5601874338756
3803,0.885145709679837,0.936093930041001,0.06390606995899895,1998.400888284464
3804,0.7867688605764528,0.9105920306612705,0.08940796933872952,1994.9081123555952
3805,0.75232014825083,0.8586167756483073,0.1413832243516927,1996.8079328388362
3806,0.4418502834847969,0.5236872544231205,0.4763127455768795,2006.7448506195853
3807,0.7557543863660324,0.8443899099291348,0.15561009007086524,1995.6960991071967
3808,0.22559925937803488,0.5048179758148204,0.49518202418517965,2003.490980841618
3809,0.7122210731094735,0.8655746895647022,0.13442531043529782,1996.5631837857775
3810,0.772568158118778,0.8935021022147337,0.1064978977852663,1994.3983264794763
3811,0.8177411376072562,0.8987649784484556,0.1012350215515444,1995.6003405964102
3812,0.52433273230613,0.6521970506921299,0.34780294930787015,1999.202177561922
3813,0.8631599332719507,0.9044359656484183,0.09556403435158167,1988.7611070020769
3814,0.24315967806713365,0.41865300202648376,0.5813469979735162,2003.4366793739548
3815,0.6147277723223312,0.7390179712881504,0.2609820287118496,2000.3377082817133
3816,0.5848642090305273,0.6989206628645256,0.3010793371354744,1998.9323088662466
3818,0.34819390898595837,0.5432884839333663,0.45671151606663374,2003.2018490974456
3819,0.2274204302861744,0.5243714880376399,0.4756285119623601,2001.824983468446
3820,0.3779907779415431,0.39455071658739654,0.6054492834126035,2004.2722920459319
3821,0.6598491047519379,0.8353580925664505,0.16464190743354945,1996.2280957657904
3822,0.3388010075812085,0.6499629279267762,0.35003707207322377,1999.1719601668885
3823,0.5473256174038782,0.6938399855751292,0.30616001442487084,2000.4142609255452
3824,0.3380084266631634,0.6458842600629654,0.3541157399370346,1997.0836525994569
3825,0.27023746570355134,0.5045618775765597,0.4954381224234403,2000.8731235947573
3826,0.4450304604626112,0.46654689810236805,0.533453101897632,2003.400889417224
3827,0.7016073347685784,0.9057882814727414,0.09421171852725863,1992.4222054864128
3828,0.6489787797210773,0.8600029073264919,0.13999709267350813,1993.7102541006825
3829,0.5337624231860002,0.7522143891781313,0.24778561082186867,1996.1826417244715
3830,0.7502220288013083,0.8757739068867874,0.12422609311321264,1996.1019798053912
3831,0.6421132150726275,0.8126496392305312,0.18735036076946876,1997.9378675132537
3832,0.7992950196626367,0.8929781413683499,0.10702185863165015,1999.9885855399225
3834,0.7773555170741697,0.8950807048035593,0.10491929519644072,1997.1563439669396
3835,0.632669364318554,0.8018809122240962,0.1981190877759038,1997.9753512353639
3836,0.5724486756294948,0.788260745659029,0.21173925434097096,1998.9591091181335
3837,0.6574698838008356,0.8619191686704769,0.1380808313295231,1999.0100609140882
3838,0.65006486398858,0.8242308817632416,0.17576911823675845,1998.4878689615757
3839,0.7696764385177564,0.8836143913769469,0.11638560862305314,1995.969154915726
3840,0.48776240541742355,0.7197680521136558,0.2802319478863442,2000.2045094439031
3841,0.4733563624955919,0.6207196974557451,0.37928030254425493,2002.2883397022958
3842,0.5123561249125375,0.6807133226730432,0.3192866773269568,2001.4782294119655
3843,0.8611029839493873,0.9234950643410907,0.07650493565890926,1992.066483095183
3844,0.3442514306234623,0.436122321962655,0.563877678037345,2001.5823494775375
3845,0.4799219356263039,0.6291886294454844,0.37081137055451563,2001.8316660361613
3846,0.87282091234282,0.9361526341512124,0.06384736584878759,1991.7459043782278
3847,0.5682138256528052,0.691981733079184,0.308018266920816,1998.4543808815822
3848,0.8323437507780447,0.9225124925551278,0.0774875074448722,1994.1254612388034
3849,0.9197390905535854,0.9732606078313579,0.026739392168642073,1996.9246803632368
3850,0.6844910373901383,0.8064372235145049,0.19356277648549514,1995.9714434429245
3852,0.7469419562695548,0.8323879417030743,0.16761205829692571,1997.5302809840953
3853,0.41640246107494505,0.7351334073233807,0.2648665926766193,1999.5187527254582
3854,0.6191257348176572,0.8484190977351728,0.15158090226482723,1996.5390518291354
3855,0.6942497355387337,0.8438072919767067,0.15619270802329333,1995.8333625716314
3856,0.7535962674483222,0.8928423343114005,0.10715766568859952,1995.3609707518233
3857,0.6409835465165772,0.8069947596714451,0.19300524032855493,1996.344165569827
3858,0.2640091065953505,0.30912562029323,0.69087437970677,2010.7278959921186
3860,0.5023389777727555,0.6727279774280945,0.32727202257190546,2001.834095160029
3863,0.2111586256450348,0.2915350510472616,0.7084649489527384,2006.9858401255506
3864,0.18807917749284198,0.4759728372581113,0.5240271627418887,2001.3318466403914
3866,0.6175936937534022,0.7451359375779587,0.2548640624220413,1997.6246388237807
3867,0.6380694913340514,0.7955661294629408,0.2044338705370592,1995.6369403585074
3868,0.5516284546439905,0.7488024916531361,0.25119750834686394,1997.167998374487
3869,0.5013990117926634,0.8192891546747971,0.18071084532520287,1994.1686022815616
3870,0.3446193904739528,0.5512383976950906,0.44876160230490936,2001.1729397076765
3871,0.7854337441290996,0.8814074103809562,0.11859258961904384,1992.4913134848587
3872,0.5294891887245765,0.7431979744205448,0.2568020255794552,1996.1251813894078
3873,0.8108021804904207,0.8829613347501818,0.11703866524981821,1990.8268653420596
3874,0.3453068889180028,0.5595714204131268,0.4404285795868732,1999.9750679581698
3875,0.6700795126260847,0.7419310969411512,0.2580689030588488,1999.4330251027407
3876,0.34178349741505176,0.7268192118911309,0.27318078810886914,1997.9090935849667
3877,0.7616638990333598,0.8575977470567843,0.14240225294321573,1998.5403697411452
3878,0.6181063279882166,0.8590467720868188,0.1409532279131812,1993.053030730569
3880,0.47487770798486006,0.7746460802826305,0.2253539197173695,1997.2963793530728
3881,0.7779985601919199,0.8634915211394009,0.13650847886059914,2001.8613624839618
3882,0.24889297845772318,0.6578187898951265,0.34218121010487346,2001.1270273907487
3883,0.7265831530550941,0.8400804318000722,0.1599195681999278,1996.6758800316175
3884,0.7180786865669582,0.8959312428708741,0.10406875712912589,1998.2880997078805
3885,0.3863690959536771,0.6892879808211335,0.3107120191788665,2000.9206088868934
3886,0.5449716625573778,0.7022871399095991,0.2977128600904009,2002.6582518476828
3887,0.921058254359358,0.9520424856285991,0.047957514371400944,1986.3126120839336
3888,0.89685227947422,0.9481780234347182,0.05182197656528176,1994.0934798491646
3889,0.4013235835015568,0.5632521940329148,0.4367478059670852,2000.270296613032
3890,0.49203469287527885,0.6540982481596692,0.3459017518403308,2000.8455925252422
3891,0.8465151417990288,0.9343652321665366,0.06563476783346345,1994.6089519201678
3893,0.8743084033938787,0.9290988769465812,0.07090112305341878,1995.9902915677042
3894,0.6375239157459093,0.8072840486906626,0.19271595130933739,2000.4667484295792
3895,0.7522956345445405,0.8598202144405344,0.14017978555946564,1995.7237587434595
3896,0.7383036352586749,0.844389731805696,0.155610268194304,1997.8447502620027
3898,0.20544386196976552,0.284405460304644,0.715594539695356,2006.372700080083
3899,0.5004719281143384,0.8500088191448337,0.14999118085516627,1994.2120880837108
3900,0.6169556850536464,0.7968327855147911,0.2031672144852089,1998.8565739572289
3901,0.7890274816066696,0.8898900034519117,0.11010999654808828,1995.3725549445103
3902,0.5428923390020787,0.6491348256274942,0.35086517437250575,1999.2999987056537
3903,0.061865845420333666,0.07516210760789982,0.9248378923921001,2012.6579855693694
3904,0.33045401218866477,0.4563533674560575,0.5436466325439425,2004.0231483439786
3905,0.41579657813002424,0.4578748829646922,0.5421251170353079,2004.4315460969494
3906,0.4293384338092773,0.6154855090889467,0.3845144909110533,2001.808228386345
3908,0.6046248423761972,0.8378368046606482,0.16216319533935175,1997.522759035905
3909,0.3976746456957511,0.5026583732067457,0.49734162679325433,2008.597493279999
3910,0.5526257575602012,0.7799171101456873,0.22008288985431268,1996.2767723568013
3911,0.463894589171509,0.6720419646263979,0.32795803537360213,1997.6234530853167
3912,0.520613199357728,0.6986277852723887,0.30137221472761133,1998.1142820265784
3913,0.36970008253785974,0.7057009438024833,0.29429905619751673,1995.6301304594792
3914,0.3216458621470616,0.5212356719269815,0.4787643280730185,2001.2282905545244
3915,0.6162155590340572,0.8317168432090698,0.1682831567909302,1992.94890610935
3916,0.5819175335158007,0.8019995277011045,0.1980004722988955,1995.4573222610668
3917,0.6061231745546296,0.7223021637739888,0.2776978362260112,1996.560688606924
3918,0.31930597156130985,0.6829293883910239,0.3170706116089761,1996.9342891953802
3919,0.5234344675895977,0.6107664169185711,0.38923358308142886,1998.4493740447883
3920,0.837088509871118,0.9224066430020691,0.0775933569979309,1994.83924377954
3921,0.8370086289760105,0.9058263069593074,0.09417369304069256,2000.9700992619576
3922,0.4716845092248391,0.7265343512682598,0.2734656487317402,1996.7670729361446
3923,0.5624375809391071,0.775333624858249,0.22466637514175103,1997.6582271594139
3924,0.45376865655438353,0.7363343046104542,0.26366569538954576,1999.0171530222747
3925,0.5833061846518482,0.7565851040104251,0.2434148959895749,2000.8671518687354
3926,0.35307255279954575,0.5848147721492017,0.41518522785079826,2003.0216205847073
3927,0.8044385278911549,0.8824659223667579,0.11753407763324208,1995.9722245904634
3928,0.853672171644871,0.9466969761626495,0.05330302383735053,1992.769005564965
3929,0.6000584227800477,0.8428475306963481,0.1571524693036519,1997.0695843529568
3930,0.4557953511790677,0.7336689205396946,0.26633107946030543,1999.6011382883573
3931,0.7893854039076134,0.936841693909726,0.06315830609027395,1996.0113787277241
3932,0.8662585272280535,0.9297100976460788,0.07028990235392119,1990.6481887764535
3933,0.23107675014324025,0.42933355550653785,0.5706664444934622,2001.6169385045578
3934,0.4332583728367172,0.5244846893280645,0.47551531067193553,2004.6776438896138
3935,0.753439573539708,0.8894394245960514,0.11056057540394859,1995.361724392695
3936,0.4962665353866503,0.5585285759220233,0.4414714240779767,2002.0182772584756
3937,0.8729904531384778,0.9385421360801774,0.06145786391982255,1994.5179257510363
3938,0.8071516109364668,0.9024530829916892,0.09754691700831075,1999.1425736303286
3939,0.7326088258924276,0.8319722717736187,0.16802772822638135,1998.662047910072
3942,0.2869421067109555,0.5885467835108265,0.41145321648917355,2002.0872447709164
3943,0.6595446493628477,0.8439765210423442,0.15602347895765578,1996.5523960450557
3944,0.7510353912969672,0.8558494631295556,0.14415053687044443,2000.0149554195268
3945,0.9001339171455364,0.9514134577704335,0.04858654222956649,1993.0510244044874
3946,0.8015098440668756,0.8911405015347493,0.10885949846525067,1991.7441812296624
3947,0.5169684781658305,0.640810163093328,0.35918983690667206,2003.8008024654152
3948,0.36360116826120487,0.5807345302951935,0.4192654697048065,2000.0189692916779
3949,0.5517016655048408,0.6776203733471965,0.3223796266528035,2002.0043368248287
3951,0.6003582269272257,0.7236896370067482,0.27631036299325185,2000.264320866483
3952,0.4256884666722921,0.5281355688406145,0.4718644311593855,2001.3721564966645
3953,0.5933797241504365,0.76688994848619,0.23311005151381003,1996.4868478653952
3954,0.4333738583391855,0.5762205916585649,0.4237794083414351,2001.04492851736
3955,0.21023748931887834,0.640297939890384,0.35970206010961603,1998.1696285754388
3956,0.4935490642884835,0.8115155412448318,0.18848445875516817,1993.6358794628766
3957,0.45783367801672953,0.6950777200832601,0.3049222799167399,1999.7038995025298
3958,0.6291103744628607,0.73783474524248,0.26216525475751995,1995.781838494228
3959,0.5665180969961274,0.757276148942539,0.24272385105746097,1996.0041149507363
3960,0.749066685876488,0.8828765976483368,0.11712340235166319,1993.9060021312343
3961,0.4677796670606434,0.6734642161442768,0.32653578385572324,1997.5703646780112
3962,0.7593488461482674,0.8670570253687829,0.13294297463121707,1994.91270833736
3963,0.7012184189716629,0.84165452385783,0.15834547614216998,1996.1103217964433
3964,0.6806754066061851,0.8243869149274323,0.17561308507256768,2000.0360910494283
3965,0.4325870016744188,0.6985685114083114,0.30143148859168856,1996.680735700332
3966,0.48003160530567396,0.6864653955618727,0.3135346044381273,2001.293104946289
3967,0.594185246495134,0.8348875300974171,0.16511246990258288,1995.8939526368983
3968,0.7764659752119387,0.8884687017848588,0.11153129821514118,2000.7569212292474
3969,0.21431283447518484,0.7703332476243802,0.22966675237561984,1998.7605205263794
3970,0.7634386547192369,0.8795260749846391,0.12047392501536092,1997.2967179056063
3971,0.7594765815316687,0.9279957630747564,0.0720042369252436,1994.7148938482214
3972,0.38085710657591965,0.6699553541320798,0.33004464586792015,1999.2190231061602
3973,0.6769789409459174,0.8790638590289332,0.12093614097106675,1994.2974633101896
3974,0.8147055871430174,0.9132858277306707,0.08671417226932931,1998.7385132762683
3975,0.7562536734701732,0.8433514107316737,0.15664858926832625,1997.8675628235449
3976,0.25500747244207833,0.45972819894055555,0.5402718010594445,2001.2731484382462
3977,0.6172811817695872,0.7320554291352229,0.2679445708647771,1999.227503375498
3978,0.8538206729446186,0.9294585445848982,0.07054145541510182,1997.7627642269617
3979,0.5479032345900587,0.6209166797175065,0.3790833202824935,2000.173721377013
3980,0.8339384800408701,0.8943617068439846,0.10563829315601536,1996.3500346002793
3981,0.6632454739235147,0.8521926471038669,0.14780735289613312,1996.5414372530815
3982,0.6936405255936082,0.7981036595766835,0.2018963404233165,1998.4439593666286
3983,0.32385643559782645,0.3742488975824025,0.6257511024175975,2012.0775747940577
3984,0.33047644975322,0.5387703457741303,0.4612296542258697,2000.9741368531982
3985,0.4998854092427228,0.7551679965715936,0.2448320034284064,2000.019006066566
3986,0.5193638866377053,0.7195155137883554,0.28048448621164457,1999.477330834624
3987,0.7946227805088989,0.8876796263090463,0.11232037369095371,1998.9310191426448
3988,0.7999432406605298,0.9286382503980133,0.07136174960198671,1995.243042716109
3989,0.6670679448149576,0.8051982088638738,0.19480179113612617,1995.872848150325
3990,0.369440079645406,0.4553187417914147,0.5446812582085854,2005.9011835115118
3991,0.3672389218913737,0.5551241833148571,0.44487581668514287,2002.336022379022
3992,0.5673715174569928,0.7221519400447801,0.2778480599552199,2000.0036792789297
3993,0.7434882819089261,0.8521928006353731,0.14780719936462694,1994.9694887687324
3994,0.5919397480758012,0.7782222930839758,0.22177770691602416,1998.9417416826536
3995,0.698923196691875,0.749259619892774,0.250740380107226,2004.6539828512146
3996,0.563219920709405,0.7373569727582269,0.26264302724177313,1996.7497040171843
3998,0.4795285601901205,0.7627347836118934,0.2372652163881066,1995.3506064544076
3999,0.33866003239677356,0.6180482149139449,0.3819517850860551,1996.6119609594589
4000,0.3034248848684369,0.5505452704085616,0.4494547295914384,2001.3279174598756
4001,0.8237899432118254,0.9549110520676795,0.045088947932320544,1991.0153149039306
4002,0.6558663123852717,0.8347150573580515,0.16528494264194848,1994.3054219730473
4003,0.5175137878447845,0.7941542365483472,0.20584576345165284,1994.4897418226158
4004,0.1503143112310418,0.5171122664419837,0.4828877335580163,1999.8796345087335
4005,0.5364444736494935,0.6500804838763884,0.3499195161236116,1999.8105945894251
4006,0.7576030545147288,0.8447217963061228,0.15527820369387724,2001.2791127024673
4007,0.5344527127458588,0.7389861934067349,0.2610138065932651,1996.8003894481592
4008,0.6486975174919536,0.8545958089106265,0.14540419108937352,1997.3770738692892
4010,0.4085516417636182,0.509940163774391,0.490059836225609,2003.3769498517468
4011,0.33475048192984497,0.7172310705138301,0.28276892948616994,2000.205715806054
4012,0.7354057036137921,0.8504470976453479,0.14955290235465213,1997.8287777802905
4013,0.7551481342478701,0.8544689648121155,0.14553103518788446,1998.861572363932
4014,0.6169079545397497,0.8216243274470851,0.17837567255291487,1996.4738191324839
4015,0.5123812231746873,0.711854320821482,0.28814567917851797,1999.1558801719868
4016,0.6325283661158436,0.7717732192582927,0.22822678074170732,2000.4800168033576
4017,0.9038983162015262,0.9524399153490267,0.04756008465097328,1991.760913384777
4018,0.8974298904288662,0.9578209291673314,0.042179070832668586,1988.1945770214945
4019,0.5721603973789411,0.7755653004853128,0.2244346995146872,1999.1259631515654
4020,0.8612095900988467,0.9467710837631241,0.05322891623687587,1992.8647153844868
4021,0.3924331576700902,0.47635097665002285,0.5236490233499771,2003.6670529286064
4022,0.8822162063779556,0.9317029420357777,0.06829705796422225,1996.1997297393643
4023,0.8463197182445735,0.9242208784190937,0.07577912158090627,1995.15060406075
4024,0.7176934105889247,0.8453552918447615,0.15464470815523845,1994.3464717351042
4025,0.5162222502417131,0.5313141660216034,0.4686858339783966,2007.1536981540692
4026,0.3702094702553539,0.4316729526183511,0.5683270473816489,2007.9198681801538
4027,0.5398422477362388,0.746697842818116,0.253302157181884,2000.0479410884673
4029,0.7429582811217428,0.8890722466304463,0.11092775336955374,1993.6460314888957
4030,0.6548288306549337,0.7911513666668135,0.20884863333318648,1996.6698897057186
4031,0.6307828506141632,0.7146797370574802,0.2853202629425198,2000.6612921085643
4032,0.21426524039844033,0.5200029218218484,0.4799970781781516,2001.8318576286783
4033,0.21993718705614973,0.31670720245495215,0.6832927975450478,2007.84705446284
4034,0.4153921761210017,0.5757673364902535,0.42423266350974653,2004.2344639250982
4036,0.4997726234756148,0.6794434620015427,0.3205565379984573,2001.5524177542927
4037,0.7648764810965766,0.8672404342616172,0.13275956573838277,1992.2668133098787
4038,0.600660431421391,0.7982801387478868,0.20171986125211316,1996.8014802518157
4039,0.49812180347006424,0.801603575096084,0.19839642490391596,1994.8806788505897
4040,0.5449948223896257,0.8236174443479725,0.17638255565202754,1995.9846617342357
4042,0.4735857879478797,0.7459170122596863,0.2540829877403137,1998.18386625235
4043,0.5311641019617056,0.7738517561376718,0.22614824386232824,1994.9417498811222
4044,0.6822385741162748,0.8544380744042595,0.14556192559574055,1993.5274853893575
4045,0.7442471307419335,0.8708293919196006,0.12917060808039937,1991.2860717766093
4046,0.3514187203231829,0.6856043434671606,0.3143956565328394,1996.474810008218
4047,0.8852683454784707,0.9334102666688251,0.0665897333311749,1990.0129908042622
4048,0.7814449443237176,0.8927522437767245,0.10724775622327554,1998.0398942943575
4049,0.6339035459114631,0.8224843101519677,0.17751568984803234,1993.608410138458
4050,0.7402971207618794,0.9198391392251043,0.0801608607748957,1994.9901773262163
4051,0.4453569886622289,0.6247022312902623,0.37529776870973774,2003.8056498307985
4052,0.5804094993412674,0.6959097561848894,0.30409024381511063,1999.498544823021
4053,0.4041965387725676,0.7375339479057204,0.26246605209427964,2000.4208817457845
4055,0.7444263358819296,0.8498430518548595,0.15015694814514047,1996.063873217349
4056,0.46044230012498605,0.7595859434120047,0.2404140565879953,1999.4104337722565
4057,0.5375778615477292,0.7596740838265341,0.24032591617346588,1997.8178457649421
4058,0.8216334710465055,0.9042168158523421,0.09578318414765785,1991.1142262522158
4059,0.7843818899987258,0.8817262919528847,0.11827370804711534,1998.4486238736251
4060,0.8139412863259877,0.8945645065278329,0.10543549347216707,1995.3994365620556
4061,0.5280794828907938,0.707271412641996,0.292728587358004,2000.0442978889305
4062,0.8332699246661177,0.9167140252053412,0.08328597479465882,1993.3417873549022
4063,0.396584807202862,0.4580204701424706,0.5419795298575294,2002.5924347795326
4064,0.8297084408700696,0.9157446201422976,0.08425537985770237,1996.7222611972545
4065,0.912270992686814,0.9638366960143416,0.03616330398565837,1997.790838679393
4066,0.731297220402498,0.8374784153822487,0.16252158461775135,1997.5258496021129
4067,0.2929237302699668,0.30593972816186554,0.6940602718381345,2011.3179574994076
4068,0.6365975881362377,0.7726685618749283,0.22733143812507173,1996.9858291340602
4069,0.5182932946871495,0.7385888608730239,0.2614111391269761,1999.5319801810708
4070,0.5086184734523806,0.8882057397907824,0.11179426020921757,1995.0642866069647
4071,0.8487264706822794,0.9302265666958854,0.06977343330411456,1997.2000898847068
4072,0.7286658582548545,0.8135890612140914,0.18641093878590864,1994.9204182214294
4073,0.8951686792077506,0.9353555817038859,0.06464441829611411,1990.9471475582488
4074,0.7186822186304044,0.7843589924423098,0.21564100755769022,1993.8283884204939
4075,0.29610262940090404,0.433079773349462,0.566920226650538,2004.9609791551197
4076,0.26644986687039834,0.33426313446424655,0.6657368655357534,2005.2349179346584
4078,0.3929478987861473,0.6063295210969415,0.3936704789030585,2001.2191990647507
4079,0.5701450746494408,0.6956425781494218,0.30435742185057824,1997.4286586534781
4080,0.5803925803612278,0.7746358874214568,0.22536411257854316,1996.2554864831343
4081,0.13771978727774756,0.24098254442378442,0.7590174555762156,2006.5399482584614
4082,0.44676833466868776,0.6708122390743778,0.3291877609256222,1999.3501359029442
4083,0.3053993345656701,0.5484669242119771,0.45153307578802293,1999.2395313333097
4084,0.7805895462330534,0.875132924757365,0.12486707524263496,1993.152046975732
4086,0.839445659982064,0.9194471412944635,0.08055285870553652,1991.4348612529666
4087,0.18129910867379445,0.38516555016506887,0.6148344498349312,2002.3766038200686
4088,0.6670809710581275,0.825489306439369,0.17451069356063098,1994.882649672265
4089,0.7431125125194985,0.8679737678920245,0.13202623210797548,1993.614455768985
4090,0.8393624210252806,0.9455199507310187,0.05448004926898131,1998.7867836353432
4092,0.6282998836285932,0.834958285961952,0.16504171403804802,1997.932999110948
4093,0.6884597775238812,0.8723698188266473,0.12763018117335267,1994.7052090748143
4094,0.5581320909730605,0.7064288969694038,0.2935711030305962,2000.6962896145085
4095,0.3942116633954227,0.811525472703957,0.18847452729604297,1998.659510020411
4096,0.7041348702092429,0.8431613734279089,0.15683862657209113,1996.4491955207843
4097,0.5251661363424563,0.7740747686787205,0.2259252313212795,1998.649548064968
4098,0.8747321924667016,0.9402700912546812,0.059729908745318805,1994.1780155882473
4099,0.5342370126712499,0.6600958286236684,0.33990417137633155,2003.2847232412837
4100,0.6817249346914425,0.8292009329227539,0.17079906707724613,1997.297994105585
4101,0.818966842170402,0.9171532793240306,0.08284672067596943,1994.298821995693
4102,0.4093321776823281,0.6698070726761833,0.33019292732381667,2003.4673642407722
4103,0.8309282949774186,0.923338928006853,0.07666107199314698,1995.8451185592191
4104,0.6699224943921339,0.7202542343332575,0.2797457656667425,1999.844251844179
4105,0.7363988880026084,0.8293014619291046,0.1706985380708954,1998.3013300881044
4106,0.632968631133645,0.7710248833487213,0.22897511665127868,1999.6862869931176
4107,0.6692397862826803,0.8076027644743468,0.19239723552565324,1998.0117628902944
4108,0.8048314749475763,0.8313926442276726,0.16860735577232744,1998.6267117372445
4109,0.5881118358176698,0.6391306479654574,0.3608693520345426,2004.0964735074494
4111,0.45641683785959924,0.831085175068289,0.16891482493171095,1996.7859208860586
4112,0.7834724951089868,0.8911953568403007,0.10880464315969929,1995.1293265859679
4113,0.8162426939102095,0.8979786891484441,0.10202131085155586,1990.931644126684
4114,0.8460333618038735,0.9317307295502947,0.06826927044970532,1993.3337264262195
4115,0.5082412761609533,0.6586682614179162,0.34133173858208377,2003.0134719871958
4117,0.43132545791306653,0.6962746828060038,0.3037253171939962,2001.2224757514873
4118,0.9077582163307879,0.9459863564745353,0.05401364352546467,1989.363189629246
4119,0.31931525237011804,0.516712092378157,0.48328790762184304,2003.3004284526585
4120,0.26462782081508923,0.39086561131694175,0.6091343886830582,2002.215136382446
4121,0.6435211750188277,0.7790519437805976,0.2209480562194024,1995.1470558877547
4122,0.5959070547032485,0.8007865763316782,0.19921342366832184,1995.034263168824
4123,0.539865203282373,0.7546048764199743,0.2453951235800257,1997.9322368670978
4124,0.5016485181452277,0.8062068931444043,0.1937931068555957,1993.7089455308715
4125,0.36405712601744294,0.5477401762199989,0.45225982378000107,2000.5962500501598
4126,0.7271268474014732,0.8560472129387126,0.14395278706128745,1992.6228171330033
4128,0.5911904014979983,0.8116715375450448,0.18832846245495516,1994.8255445581644
4129,0.4811200736957006,0.6738687628839032,0.3261312371160968,1998.5575764311611
4131,0.7262408486184366,0.8102031652578664,0.1897968347421336,2002.7566370788147
4132,0.6183927127105624,0.8116473623187315,0.18835263768126853,1995.3368534718886
4133,0.5291448775902439,0.752379295261852,0.247620704738148,1999.555754555435
4134,0.45783568906357663,0.6980403504230936,0.30195964957690635,2001.808594563061
4135,0.23484168622578122,0.3036552533480602,0.6963447466519398,2005.3715357256049
4136,0.3922320466903201,0.7849679901973978,0.21503200980260218,1999.553553289611
4137,0.49364052110887324,0.7418177961792187,0.2581822038207813,2001.403342502896
4138,0.719866547482018,0.8645155647245824,0.13548443527541765,1996.3750443604147
4139,0.6189995339986932,0.7539263144610379,0.24607368553896214,2001.9698814792084
4140,0.7961062950448229,0.9106949605466383,0.08930503945336166,1998.3651843110943
4141,0.7944828436254451,0.8925530231651482,0.10744697683485183,1992.938381584665
4142,0.37521168727208043,0.6105123187761273,0.3894876812238727,2001.8251013061863
4143,0.8402364618897064,0.9275365250581742,0.07246347494182581,1997.00856313695
4144,0.5314545585718525,0.5979579192732525,0.4020420807267475,2000.9325935474674
4145,0.8337685081472477,0.918579864598989,0.081420135401011,1998.4922869532465
4146,0.6910486510405098,0.824645637239354,0.17535436276064598,1995.3168856378302
4147,0.7058585603128165,0.834758467943572,0.165241532056428,1997.2240413177642
4149,0.34851380349164907,0.40078610694521416,0.5992138930547859,2006.3363915413777
4150,0.5868196190265699,0.7433079603951251,0.25669203960487486,2002.1783103950172
4151,0.6653769382716606,0.8378467817450614,0.16215321825493856,1993.9994939013243
4152,0.7211778746164839,0.842100444173876,0.15789955582612403,1996.2962197842721
4153,0.7508653234747161,0.8211782310226866,0.1788217689773134,1993.7924387388477
4154,0.8630490517901089,0.9420504059979721,0.05794959400202793,1991.7705462949534
4155,0.7307252582682853,0.8831711430728788,0.1168288569271212,1998.5911586008167
4156,0.744176216956868,0.837667412812895,0.16233258718710497,1997.0141244771073
4157,0.3973851968226565,0.49486435807176027,0.5051356419282398,2007.1815540927676
4159,0.6132481289123687,0.7634555483904761,0.23654445160952386,2001.732123037144
4162,0.050964904167953365,0.10052136646293768,0.8994786335370624,2011.2585192456918
4163,0.31654612633814616,0.6167155106474477,0.3832844893525523,1998.614646224919
4164,0.2900989246638596,0.5633775259442453,0.4366224740557547,1998.0541085748478
4165,0.526147903941023,0.721433245356151,0.27856675464384895,1998.6407749321254
4166,0.7410326355928625,0.8806536393783947,0.11934636062160531,1994.397813910765
4167,0.49923989761886295,0.7311472751246272,0.2688527248753728,1996.3843535029769
4168,0.642832696438304,0.7692380664261185,0.23076193357388153,1999.6466088367438
4169,0.9304370706846887,0.952573122091735,0.04742687790826505,1989.9160039888516
4170,0.7872615222340558,0.8752518472969394,0.12474815270306061,1999.7425527931605
4172,0.5222117442707227,0.768144081354964,0.23185591864503596,2000.0997745990326
4175,0.759651181121459,0.9077069683243286,0.09229303167567138,1999.2553099223308
4176,0.6724026643403942,0.8185551353636483,0.18144486463635168,1998.3462674730329
4177,0.6246088029006045,0.8762488092003294,0.12375119079967056,1996.3869850729795
4178,0.524362062184763,0.7599916558776783,0.24000834412232175,1999.9797539843294
4179,0.6373373044517672,0.7807056308089236,0.21929436919107637,2000.3851569056487
4180,0.848527451871596,0.9102463362838221,0.08975366371617788,1992.2283567549136
4181,0.3792413399215985,0.6099401295318533,0.3900598704681467,2002.2013126105146
4182,0.8417051004735444,0.9149480925622728,0.08505190743772717,1998.5007947872825
4183,0.5293721334584417,0.5899511045772646,0.41004889542273537,2002.189964701061
4184,0.7974758634428003,0.8962643306870908,0.10373566931290923,1997.671186401079
4185,0.8049736923453271,0.8941787778008634,0.10582122219913659,1994.943642142974
4186,0.6602752856376045,0.833334513044658,0.166665486955342,1997.3136097095853
4187,0.6309649090375137,0.7626005805559739,0.2373994194440261,1997.8421556927167
4188,0.26807125198800025,0.28844620283105393,0.7115537971689461,2008.9944119062916
4189,0.4308077012760369,0.6431952131536648,0.3568047868463352,2002.5901295520864
4190,0.48300320407414216,0.7953081973282208,0.20469180267177922,1996.51112529486
4191,0.8091979539584856,0.9088175974856869,0.09118240251431309,1991.682713110521
4192,0.6578731252446003,0.7420934396272523,0.25790656037274773,1996.465413445848
4193,0.8145319906538251,0.9212259982401848,0.0787740017598152,1996.690796157014
4194,0.0031622210447017273,0.06492302035091678,0.9350769796490832,2008.8004809207082
4195,0.21200952784631596,0.4406981250727347,0.5593018749272654,2004.3694966022235
4196,0.33135187444571695,0.6717717203698574,0.32822827963014256,2001.6014443652705
4197,0.6602173843750996,0.7213527555541389,0.2786472444458611,1993.2557311690161
4198,0.16906581457952405,0.40104335576959427,0.5989566442304057,2004.1488344353747
4199,0.5776153089900019,0.7968308161044849,0.20316918389551508,1997.1408383042137
4200,0.601597811507846,0.7567239743293918,0.24327602567060824,1997.521310383468
4201,0.34416005566435,0.4780457756645941,0.5219542243354058,2002.108338539601
4202,0.4495215233847671,0.679409149339071,0.32059085066092896,1998.2678218186852
4203,0.43183140924546115,0.8099622484584246,0.19003775154157543,1993.1608678279217
4204,0.634390558880631,0.8311733676784162,0.1688266323215838,1995.9650923492777
4205,0.5182310187311855,0.674343662339661,0.32565633766033897,1995.354414590084
4206,0.7246015433774939,0.7784139398414817,0.22158606015851834,1996.3855980076848
4207,0.03530278765246996,0.47449620150396016,0.5255037984960398,2001.949000193853
4208,0.581571584739953,0.6165097378003656,0.38349026219963445,2001.7399816097143
4209,0.82606291062586,0.9341650434904387,0.06583495650956128,1998.9881508588232
4210,0.4094738703762797,0.7620043782891103,0.23799562171088973,1996.722753074949
4211,0.6134326073183721,0.8499544431534766,0.15004555684652343,1996.435165123973
4212,0.5031768242475853,0.7274084287316773,0.2725915712683227,2000.0520977216345
4214,0.33115324945218577,0.8404480058586262,0.15955199414137378,1998.195746806675
4215,0.7600704116129557,0.8699304845709214,0.13006951542907863,1999.4201115630262
4216,0.5924886372622487,0.8242993135287184,0.17570068647128156,1997.437084795848
4218,0.5416244226763808,0.7687927513192846,0.2312072486807154,1998.9151659517554
4219,0.8541284965691376,0.9228835110260178,0.07711648897398216,1991.408095229606
4220,0.5385841385689877,0.7557439683030996,0.24425603169690036,2000.162410666811
4221,0.7415753812727027,0.863010775219741,0.136989224780259,1997.0259584390644
4223,0.8478145372116298,0.9060743676973358,0.09392563230266415,1996.5326435030825
4224,0.8071949674664053,0.9172534710523207,0.08274652894767931,1997.653653513488
4225,0.7977519763477111,0.8740617263865382,0.12593827361346177,2000.5560264088788
4226,0.8244953022529168,0.8692107175650917,0.13078928243490828,1995.5514625325288
4227,0.1760504183279255,0.34511479040903237,0.6548852095909676,2006.7075899469928
4228,0.5041309198050752,0.7593669510587848,0.24063304894121518,1998.43852635707
4229,0.6917719488796539,0.8093035895214181,0.19069641047858188,1996.2619836557888
4230,0.6090415056889803,0.7263501239091729,0.27364987609082714,1999.1944742923638
4231,0.8703932778757114,0.9378035479165732,0.062196452083426834,1995.0738260995386
4233,0.33902915292415853,0.4580653342747556,0.5419346657252444,2004.0913361579296
4234,0.5248116325181759,0.6358011761316454,0.36419882386835456,2005.7790579245527
4235,0.5329626862391772,0.5448951786577594,0.4551048213422406,2001.7147785792592
4237,0.6198578244598515,0.7969588868413666,0.20304111315863338,1996.1152372630136
4238,0.4939938002922091,0.6163704790975717,0.3836295209024283,1999.1416373143206
4240,0.43650917861132144,0.6569547581933265,0.3430452418066735,2000.6674974791686
4241,0.4512509627963736,0.8036709962351962,0.19632900376480378,1994.6714913352644
4242,0.6725876784557223,0.7984921430026486,0.2015078569973514,1997.657540341178
4243,0.7356334342966112,0.8856958226206992,0.11430417737930076,1991.8534990894564
4244,0.7259036436451125,0.8871122025634672,0.11288779743653277,1991.571875651817
4245,0.19276788793675217,0.5170854004722363,0.4829145995277637,2001.7536884185097
4246,0.02372759237925121,0.02834452228972705,0.9716554777102729,2016.2207921069703
4247,0.6475644060575748,0.7876444336457757,0.21235556635422426,2001.9832356846289
4248,0.5783099002080523,0.738384244879208,0.26161575512079205,1995.021148571733
4249,0.32637016608697444,0.7809433646063336,0.21905663539366638,1998.3971556817792
4250,0.37993404343856996,0.6792371028318472,0.32076289716815276,2000.289040911008
4251,0.49391685003434505,0.8633889451604516,0.13661105483954838,1996.9206363766891
4252,0.21312720144580644,0.8033460942594025,0.1966539057405975,1998.5264530778936
4253,0.7857481624699993,0.9116403737738085,0.08835962622619153,1995.939075920538
4254,0.4490350561056852,0.7925906373530263,0.20740936264697374,1998.0298992507503
4255,0.5637965438048266,0.8384783528260142,0.16152164717398576,1995.1188746138068
4256,0.7534705299861348,0.8453545268165374,0.15464547318346256,1995.942235198951
4257,0.4755698982138515,0.7109018870753349,0.28909811292466514,1999.7384580101248
4258,0.4433725123427744,0.643643082886361,0.35635691711363904,2001.0883814888925
4259,0.450877009598432,0.5313569064040977,0.4686430935959023,2003.4738103064572
4260,0.8171731815801138,0.9232588008597593,0.07674119914024069,1996.6377834653697
4261,0.7818996323233619,0.8880851531751545,0.11191484682484554,1996.0869984144408
4262,0.8400966690930513,0.9215497958094769,0.07845020419052307,1997.350444480496
4263,0.6050151531356647,0.7302629479897188,0.2697370520102812,2000.753599171866
4264,0.3898752939152715,0.5547243038425089,0.4452756961574911,2003.3968415311385
4265,0.4326172221945899,0.6334688106183874,0.36653118938161255,2002.9544481473577
4266,0.37409880859489664,0.7724934733859871,0.22750652661401294,1998.2266223408826
4267,0.5935834204775756,0.771613605896608,0.228386394103392,1996.153173594481
4268,0.8180204882587578,0.9280813333741736,0.07191866662582636,1995.6253353760858
4269,0.9012407460229215,0.9500732976926329,0.049926702307367066,1996.2491937041889
4270,0.7695479706740251,0.8845153930325865,0.11548460696741347,1994.7831277529403
4271,0.2925868012404447,0.49882908647770546,0.5011709135222946,2002.5395003716812
4272,0.4034180739084602,0.5970568421668825,0.4029431578331175,2004.3916549352919
4274,0.5325330897525922,0.7226715904401079,0.27732840955989213,2002.2815137473488
4275,0.645702025900943,0.8741696850491877,0.12583031495081232,1995.2594543346745
4276,0.6126095303571776,0.7382986554763558,0.26170134452364424,1995.3828915758472
4277,0.6078547875720108,0.7552383976236114,0.24476160237638855,1997.5686785878984
4278,0.5620693340934193,0.8352050450707236,0.16479495492927643,1994.1404192492885
4279,0.42969357668545377,0.6727168676187424,0.3272831323812576,1995.373024561325
4280,0.6621906972628196,0.79859158764627,0.20140841235372997,1997.7568074095072
4281,0.47356467714920275,0.7220981796985103,0.2779018203014897,1997.2087786779925
4282,0.66644629254519,0.8450103302391966,0.15498966976080342,1994.344937450395
4283,0.28335973822378796,0.5381549348802407,0.4618450651197593,1999.2663472856232
4284,0.763242606352392,0.8835563924186219,0.11644360758137806,1991.2962121487512
4285,0.8096461121461367,0.893685957046701,0.10631404295329905,1999.4029879134446
4286,0.6424764249504878,0.8633814524774243,0.13661854752257574,1994.2027996351662
4287,0.6365624421568781,0.8513890994305925,0.1486109005694075,1997.0238103085371
4288,0.4642609551013112,0.7926357742188538,0.20736422578114622,1997.2869584820257
4289,0.709950693075888,0.8066547730417769,0.1933452269582231,1998.4664661864465
4290,0.27228240938571713,0.7427793128028828,0.2572206871971172,1999.8352476043824
4291,0.6651409432373413,0.8473626368398266,0.1526373631601734,1996.6910363112686
4292,0.5804758523038402,0.7345963734526963,0.26540362654730365,2002.6200452153819
4293,0.46962418412430323,0.6040033637549507,0.3959966362450493,2004.5204185514165
4294,0.8580912713911351,0.9302180052704208,0.06978199472957924,1992.0031829187913
4295,0.7319413853150746,0.8982802108273105,0.10171978917268953,1996.6712873842437
4298,0.7716761608797552,0.8629934652620261,0.13700653473797386,1999.7858814559086
4299,0.8715551845105579,0.9373489116013403,0.06265108839865974,1995.2014164235084
4300,0.9363750567278248,0.9730042720222062,0.026995727977793815,1992.4476902392869
4301,0.6930662017678788,0.8217460350255734,0.17825396497442658,1996.1196709146839
4302,0.4593397405999742,0.6368151551537645,0.3631848448462355,1999.2104192583129
4303,0.7518113278693039,0.8524504456029675,0.14754955439703255,1998.3032007548265
4304,0.40988344755962386,0.5500616395450956,0.44993836045490443,2001.7900052427826
4305,0.4989345662898138,0.6384023247792072,0.3615976752207928,2000.273275823875
4306,0.668630468575407,0.8102481526240626,0.18975184737593742,1999.6871760782751
4307,0.8236690608641609,0.9004853698396841,0.09951463016031592,1994.5760089631444
4308,0.701414823883095,0.7386075426280909,0.2613924573719091,2001.5242942005248
4309,0.5398530699671453,0.6564225984762534,0.3435774015237466,1997.631818445668
4310,0.4141937521844876,0.5291685770955435,0.47083142290445645,2006.6823301319998
4311,0.7503158879962561,0.8147570392325092,0.1852429607674908,1992.1210983480132
4312,0.4571411270269504,0.6776272086125906,0.3223727913874094,2001.2435727107038
4313,0.6324798125257107,0.7782709088481443,0.22172909115185568,1996.0965050735317
4315,0.4572418509326871,0.7899885121137086,0.21001148788629143,1996.3923589571732
4316,0.6054679544334269,0.7756137759753733,0.2243862240246267,1999.7951634019369
4317,0.4209995041762216,0.7324453469733483,0.2675546530266517,1995.4842922626005
4318,0.5405665684686994,0.744015489485971,0.25598451051402904,1998.6624898512084
4319,0.5411275849682169,0.7573430130348445,0.24265698696515547,1996.6097189520235
4320,0.6919139873591647,0.838978011433514,0.16102198856648597,1994.7495197118383
4321,0.2707091224728836,0.6226327423889926,0.3773672576110074,1997.7569584893295
4322,0.9206017925506853,0.9246057409633482,0.07539425903665176,1996.3866688362032
4323,0.8003192141443953,0.8987146641244209,0.10128533587557909,1999.490355780293
4324,0.39601505846184504,0.6104370227513717,0.3895629772486283,1998.684859428497
4326,0.3536737701754364,0.6112965255509296,0.3887034744490704,2001.3574691171875
4327,0.42195697987356917,0.6883121997638698,0.3116878002361302,2000.303886282429
4328,0.6926111342748752,0.8071147009686112,0.19288529903138885,2002.357345384544
4329,0.8684844278164342,0.9617380486640922,0.03826195133590782,1993.6609316085865
4330,0.38846020435285117,0.6587521126488067,0.34124788735119327,2001.3305102816892
4331,0.448517564238534,0.6307180749431242,0.36928192505687585,2003.7643146429868
4332,0.8413505676799147,0.915008285747427,0.08499171425257301,1994.7707419548483
4333,0.7522276654623612,0.8468511835171062,0.1531488164828938,1997.3436776401986
4334,0.4350679276930521,0.7169693525566248,0.28303064744337525,2000.084628855257
4336,0.8302839633156947,0.9118295986233329,0.0881704013766671,1995.6897926118186
4337,0.7952370043666206,0.8788363285278564,0.12116367147214357,1995.957662233437
4338,0.8033599542470403,0.9078532174263462,0.09214678257365383,1997.1600557196925
4339,0.7074392807902883,0.8173603069497157,0.18263969305028427,1998.4327077183325
4340,0.7546663523121797,0.8481713696758311,0.15182863032416893,1995.1122541517284
4341,0.49668951840553377,0.6674871785139885,0.33251282148601147,2002.3366615280765
4342,0.6747268658152415,0.8459241896249433,0.1540758103750567,1996.837574380441
4343,0.5001318756694926,0.6038060255114831,0.3961939744885169,2000.0970242186304
4344,0.9542258347186648,0.9803988955247612,0.019601104475238773,1993.8238797304668
4345,0.8640111042885146,0.9518875690787895,0.048112430921210536,1992.2418805879338
4346,0.7700272881032831,0.7959749098307803,0.20402509016921966,1996.8947710215457
4350,0.5852572030460785,0.7837799649406331,0.21622003505936693,1999.0903307678668
4351,0.6854429690326823,0.8559992942557315,0.1440007057442685,1994.7141310629993
4352,0.8540895388152512,0.9183274945234758,0.08167250547652416,1995.0743878674914
4354,0.4822893588741156,0.6712860906252668,0.3287139093747332,1998.2266017508182
4355,0.3644958762644041,0.5615867287564724,0.4384132712435276,1998.1930408566316
4356,0.6894145884592364,0.8349782619646708,0.16502173803532916,1998.1436181578379
4357,0.6029612443578363,0.7598356000678271,0.24016439993217287,1995.880729910231
4358,0.6954039331002296,0.8282303937260749,0.17176960627392512,1996.0600674255195
4359,0.3066426270862064,0.645848117207466,0.35415188279253396,1997.142885405001
4360,0.6909234609673025,0.7067447017391315,0.2932552982608685,1999.337214683874
4361,0.8149835954576756,0.9061451065332301,0.0938548934667699,1998.2203470883107
4362,0.472252621927425,0.7912810304654081,0.2087189695345919,1994.8106036613995
4363,0.27920132992078767,0.6916918929859335,0.3083081070140665,1999.89819614297
4364,0.5580358787743132,0.844323703597381,0.15567629640261904,1996.1378739476108
4365,0.7708396972201114,0.8882095979381186,0.1117904020618814,1999.4072379892511
4366,0.36143029955208295,0.79496574699995,0.20503425300004996,1996.6733047027974
4367,0.7602085999280248,0.8683050005684504,0.1316949994315496,1995.836981298721
4368,0.5510297335001383,0.7470273565967481,0.2529726434032519,2000.6676717238593
4369,0.39571197388311913,0.6234283454540865,0.37657165454591346,2001.1670707810865
4370,0.797505226185044,0.923531514009511,0.07646848599048905,1994.6525110044017
4371,0.7390354265948548,0.8862950117023376,0.1137049882976624,1997.2715457033512
4372,0.3763641314496981,0.5538670361079143,0.4461329638920857,2002.257263854178
4373,0.6075947999820697,0.6852640055216841,0.3147359944783159,1998.8660131320428
4374,0.7972456659798133,0.8970292159622077,0.10297078403779225,1997.2469286438586
4375,0.8575593149509477,0.9255429453926959,0.07445705460730412,1993.823507308703
4376,0.8088211474572224,0.8788258386725831,0.12117416132741687,1999.8343357911006
4377,0.7259005965032311,0.8236843187506894,0.17631568124931063,1998.2345376920368
4378,0.3934830587301084,0.6083679266912844,0.39163207330871563,2001.518888936816
4379,0.6103785867860253,0.7871610315683005,0.21283896843169947,2000.0347333735715
4380,0.7511282577385148,0.8371549972368538,0.16284500276314617,1995.6736925213515
4382,0.7993922339401096,0.9002195887506745,0.09978041124932546,1993.9746093962126
4383,0.8097817602552303,0.9289250859124744,0.07107491408752564,1994.4784912792986
4384,0.5871974979365814,0.6374977651401043,0.36250223485989574,2004.2686984792892
4385,0.27954769193020884,0.4623570329276844,0.5376429670723156,2002.790727560854
4386,0.4264385293376263,0.5745554576604901,0.4254445423395099,2003.9641339182645
4387,0.6244085779308004,0.8414209650645351,0.15857903493546488,1993.1867286321215
4389,0.5959534999285292,0.801915794287782,0.19808420571221796,1996.6078722394384
4390,0.4509927813163482,0.561838924274593,0.43816107572540697,2000.5471934027216
4391,0.2684571933041852,0.6289852502258215,0.3710147497741785,1998.6395209858047
4392,0.539724710785567,0.7828837387480215,0.21711626125197847,1995.8478038177093
4393,0.3111198247691587,0.6085979451899606,0.3914020548100394,1996.9091207035137
4394,0.35494998214614193,0.6077715680015582,0.3922284319984418,1999.9082601709497
4395,0.8406710574369703,0.8908332353250676,0.10916676467493236,1991.9722558062851
4396,0.8471379548918594,0.9056179697348549,0.09438203026514513,1991.9276873921992
4397,0.1899299928951851,0.6111501214620573,0.38884987853794273,1998.2116849549857
4398,0.87928566847975,0.9281398114626511,0.07186018853734888,1991.338520225101
4399,0.8713516289342711,0.9402605339369164,0.05973946606308356,1998.4746988072736
4401,0.5914248585688328,0.8317281423174502,0.16827185768254982,1996.4174579992673
4402,0.5977063597421092,0.7544376074684508,0.2455623925315492,2000.8558760937003
4403,0.5762102237819914,0.7816231979195597,0.2183768020804403,1999.7764529515307
4404,0.3725053193730141,0.8106547965200086,0.1893452034799914,1998.5351612162538
4405,0.7117697035171565,0.860879146037833,0.139120853962167,1997.3690637389534
4406,0.5828051819358504,0.8090553150832616,0.19094468491673844,1997.5646352939166
4407,0.5989427178796228,0.7459136542257792,0.25408634577422085,1999.3030047371874
4408,0.8447515638327471,0.917978602696211,0.08202139730378899,1993.120105136104
4409,0.7447308801190899,0.8762900354882545,0.12370996451174554,1998.220452130263
4410,0.4100314021673901,0.7556127628656656,0.2443872371343344,1999.3582188152618
4411,0.24992423709927764,0.3690327353345494,0.6309672646654506,2003.4256767050938
4412,0.8369146098746296,0.9190701190755172,0.08092988092448283,1994.5366980744882
4413,0.8089778493661038,0.8977120169392738,0.10228798306072617,1997.0036600262322
4414,0.8410100003491077,0.8890017317858341,0.11099826821416592,1996.076403410169
4415,0.6782598124348732,0.8315685423179344,0.16843145768206558,1996.7419808754705
4416,0.7495047001787468,0.8183298022495811,0.18167019775041893,1994.1584628021947
4417,0.6915202978317573,0.832489706496302,0.16751029350369795,2000.4905121900529
4418,0.5046714855781925,0.8120678982378741,0.18793210176212594,1995.4255156310137
4420,0.7804711679203201,0.8904197367949434,0.10958026320505665,1996.8320102056578
4421,0.8638581670574672,0.9410250179876267,0.05897498201237328,1993.4691278522685
4422,0.8490340051297869,0.8596867339815912,0.14031326601840877,1992.7813185667753
4423,0.3411987452690552,0.4803105400891193,0.5196894599108808,2002.6544999060275
4424,0.5223187860753528,0.7166092532941324,0.2833907467058676,2001.5823775305987
4425,0.6175449954064463,0.7093732298157343,0.29062677018426575,1995.790810986813
4426,0.5289794710184914,0.8812339505901848,0.11876604940981517,1996.3006355247323
4427,0.3537094100478211,0.6269177183270455,0.37308228167295454,1996.9644175465178
4428,0.4896463344116774,0.6204744713769984,0.3795255286230016,1998.0059168820808
4429,0.015229916031451947,0.03146097598552574,0.9685390240144742,2013.8245452779233
4430,0.6548920019140374,0.8434799417723149,0.1565200582276851,1995.391979875931
4431,0.3981935857466528,0.7302624647242114,0.2697375352757886,1995.1792646613712
4432,0.40003368021429847,0.6059443775227481,0.3940556224772519,1999.549449439878
4433,0.5873404869567473,0.7221277920864663,0.27787220791353373,1994.8224721368824
4434,0.7870333139163308,0.9035093873739172,0.09649061262608283,1993.9166406404104
4435,0.22802644171493344,0.5033356701762955,0.49666432982370445,2000.8226647351623
4436,0.800864427314747,0.8838594578714631,0.11614054212853686,1995.2180964163817
4437,0.7996346789481732,0.9135995853619379,0.08640041463806214,1998.4059777541163
4438,0.40920205018575057,0.7686430788459377,0.23135692115406226,1995.5423972239969
4439,0.3996269198728901,0.6111768170428054,0.38882318295719465,2000.867316027097
4440,0.36843132632931375,0.7806004618937644,0.21939953810623558,1995.9078927833066
4441,0.5610816854915635,0.8362425004998606,0.1637574995001394,1997.4844755719794
4442,0.37785738666492014,0.7881774190094855,0.21182258099051454,1999.2843202385586
4443,0.7593774112480984,0.889742117356887,0.11025788264311298,1998.0612268889618
4444,0.3924061430358778,0.7114477927612172,0.28855220723878283,2000.0289235568637
4445,0.4735253088687068,0.6341060511089838,0.36589394889101623,2001.679500933292
4446,0.8452078675852309,0.9091117801630816,0.09088821983691842,1998.6829746414016
4447,0.5896225528674811,0.8669517480156794,0.13304825198432058,1997.647041258077
4448,0.5770053765032674,0.7487001060005315,0.2512998939994685,2000.0063152046946
4449,0.5479641804088251,0.6164364219409892,0.38356357805901076,2002.1028369787591
4450,0.884289779545325,0.9527431132340956,0.04725688676590445,1997.599471221844
4451,0.6902399039496375,0.8305210246954938,0.16947897530450617,1998.1203278701248
4452,0.7936908462443033,0.9041124491041351,0.09588755089586487,1998.0282102359097
4453,0.7359102281682852,0.8492096657822629,0.15079033421773713,1997.537693257805
4454,0.737071685008068,0.8263010669838026,0.17369893301619743,1999.0380354212296
4455,0.640184250978681,0.806912694710277,0.19308730528972295,1997.4069487856354
4457,0.5034036911370927,0.6326959212998784,0.3673040787001216,1998.7441845186347
4458,0.8754368751294301,0.9572399707297954,0.042760029270204614,1992.7418931976085
4459,0.7116354729530776,0.875010647001539,0.12498935299846103,1996.079786739504
4460,0.8059762387167714,0.8656120299735051,0.13438797002649494,1995.3587440188794
4461,0.44203053637386747,0.6387523968010622,0.3612476031989378,1998.2653657081664
4462,0.14965968537452506,0.21851687016339796,0.7814831298366021,2006.5493475006633
4464,0.6836480999039001,0.8608957851531306,0.1391042148468694,1996.8934120971292
4465,0.39181642102329406,0.5646643700200521,0.4353356299799479,1999.4607173389124
4466,0.6572995371866976,0.817369508140907,0.18263049185909297,1997.047535120361
4467,0.47898970579962874,0.644291478891442,0.355708521108558,1998.2011582435211
4468,0.47000328844889055,0.7668948388660044,0.2331051611339956,1995.5356603359014
4469,0.336183437180679,0.6495178973409446,0.35048210265905544,1997.1138426199657
4470,0.6055814676200402,0.7695288409761273,0.23047115902387272,1998.9332739814884
4471,0.8315001365838429,0.9005376943532337,0.09946230564676628,1991.032644084464
4472,0.5789209728388112,0.8270575592032036,0.17294244079679644,1995.5410739824777
4473,0.24525974946804693,0.6441591951689611,0.35584080483103886,1997.2058549454223
4474,0.8277650373773565,0.8663906798107889,0.13360932018921112,1994.736384003983
4475,0.7232006004849523,0.8552957811070502,0.14470421889294982,1999.7651119710326
4476,0.4478664129823029,0.7388275409294732,0.2611724590705268,1995.9158794973953
4477,0.565213051689544,0.8142914091898573,0.18570859081014268,1997.4452865750707
4478,0.4402495477506963,0.6994165767475612,0.3005834232524388,1999.4731097019562
4479,0.49410735321674565,0.7449417055634039,0.2550582944365961,2001.3276188323846
4480,0.2702732811876576,0.6225689654609887,0.3774310345390113,2001.9984189747659
4481,0.6095062994307405,0.7996504382884759,0.20034956171152407,1997.1087326797795
4482,0.456176069262524,0.7458708512167882,0.2541291487832118,1998.367482923523
4483,0.8256984107890325,0.9577222984403289,0.042277701559671144,1993.1766159746373
4484,0.801913693321103,0.9129926288498774,0.08700737115012258,1995.6357374164504
4485,0.8050958326812804,0.9152167508887965,0.0847832491112035,1997.1893661779209
4486,0.43150062052207283,0.7466189368736117,0.2533810631263883,1999.4116532977719
4487,0.5030140383437253,0.5520367199116074,0.4479632800883926,2002.5464212423653
4488,0.7735980243821392,0.8629955427336864,0.1370044572663136,1999.5051999213913
4489,0.8219657517948813,0.9004725946622218,0.09952740533777815,1996.2922880126018
4490,0.8285161783281844,0.9148093574108122,0.08519064258918785,1998.2048096117408
4492,0.35517194613968806,0.5689414414414414,0.43105855855855857,2003.5122272153233
4493,0.5896768798584286,0.789383529158062,0.21061647084193802,1997.1044027097344
4494,0.7444860091650678,0.8176584554733114,0.1823415445266886,1993.9302022280742
4495,0.8722882081756038,0.9394705595590979,0.06052944044090214,1995.5933575277843
4496,0.7339684311634769,0.87172639530711,0.12827360469288995,1994.1950237765975
4497,0.5732046199888291,0.6694855758261944,0.3305144241738056,1998.9658838722935
4498,0.13098231220501963,0.2546153506852197,0.7453846493147803,2006.937471784946
4499,0.5621075408991174,0.6516739553056112,0.34832604469438877,2005.368980242303
4500,0.6866712150980563,0.7901035708606282,0.2098964291393718,1992.1683389771208
4501,0.4348469869687896,0.6380740962121947,0.3619259037878053,2001.626807601492
4503,0.6706298391757011,0.7808352803626178,0.21916471963738215,1997.0999499990169
4504,0.13890357099013817,0.2817124861893525,0.7182875138106475,2005.607724045272
4505,0.495791679574006,0.6454905691013844,0.35450943089861564,2000.6853318814517
4506,0.3421038135678369,0.6093866692388491,0.3906133307611509,1996.7211483825774
4507,0.5954684719569793,0.7325718913229298,0.26742810867707023,2001.474748672322
4508,0.5214641098082357,0.7061734175517709,0.2938265824482291,1995.2074313852206
4509,0.7093624969233879,0.8381027250605074,0.16189727493949257,1995.2266450130796
4510,0.2782543542099517,0.5721911225227351,0.4278088774772649,1998.7292318377984
4512,0.5890792552626707,0.8771804552498064,0.12281954475019363,1996.28539596806
4513,0.504187716172466,0.7268095679653579,0.2731904320346421,1994.9336273331055
4514,0.5759931390992183,0.8270811411484522,0.17291885885154779,1996.7270530343992
4515,0.6496321356921393,0.8904063468903884,0.10959365310961156,1995.3095708777632
4516,0.6015984221962719,0.8310038350759825,0.16899616492401748,1996.019285871643
4517,0.2247223657747024,0.4535712128432116,0.5464287871567883,2004.9937417942795
4518,0.8356421397220847,0.9100740841943331,0.08992591580566689,1995.4307365605084
4519,0.4842546345455702,0.8021499551387313,0.19785004486126867,1997.5918626967398
4520,0.46655017272330795,0.7073036408284908,0.29269635917150916,2000.7274026924695
4521,0.8041307396065924,0.9017554642003913,0.09824453579960868,1995.0825507357254
4522,0.7276645113868541,0.892509824231681,0.10749017576831899,1997.7691059117994
4524,0.570551390695611,0.6629365896940395,0.33706341030596054,1998.3430273124286
4525,0.8076858447345555,0.8999348408364257,0.10006515916357428,1999.0313164329523
4526,0.8333747186659576,0.9041881266860212,0.09581187331397878,1996.9400742648431
4527,0.7741923493127878,0.8850478058394875,0.1149521941605125,1998.3195739580408
4528,0.6333444350275602,0.6898609038945285,0.3101390961054715,2006.8002494210746
4529,0.3883556997128027,0.7122105636911853,0.2877894363088147,1999.6866834829593
4530,0.6453952894769887,0.7917058163852938,0.2082941836147062,1995.6208727723313
4531,0.7930970261127827,0.8767284771482288,0.12327152285177123,1995.549709015954
4532,0.7438928118847524,0.8903587097912119,0.1096412902087881,1993.6511148819
4533,0.7419871283926888,0.8878633202714404,0.11213667972855956,1995.1599317247244
4534,0.7222361346242203,0.8403156574541271,0.15968434254587294,1992.6374600292131
4536,0.2705328577139234,0.4895600427816602,0.5104399572183398,2003.44129766868
4537,0.9233533941415631,0.9590498175903299,0.04095018240967008,1988.242343946937
4538,0.5969217555569266,0.7706887908944573,0.2293112091055427,1998.6551203868223
4539,0.3155903200196478,0.6102934036999594,0.38970659630004056,2001.1067121919582
4540,0.5454680231290013,0.7625485721820262,0.2374514278179738,1996.4115622519114
4541,0.2634049081193674,0.5181044957472661,0.48189550425273386,2001.0362803744636
4542,0.539065412990114,0.7181674388752534,0.28183256112474664,1999.5591698620983
4543,0.4612446475795574,0.717111695517219,0.282888304482781,1994.3630875516787
4544,0.5248056599907674,0.6969493123733304,0.30305068762666965,1997.3136785482059
4545,0.4963073484182472,0.7476433866454416,0.2523566133545584,1996.5773666794553
4546,0.4868868501529052,0.8449064220183486,0.15509357798165135,1994.9080230671057
4547,0.1619398710473365,0.5636095708209328,0.43639042917906723,1999.341025443839
4548,0.8863651949690711,0.9063535823195125,0.09364641768048754,1992.219435615164
4549,0.8099124676955187,0.9095347224250651,0.09046527757493494,1997.82933209415
4550,0.4755808230067901,0.8324968438568996,0.1675031561431004,1993.7436606745348
4551,0.6631418037819101,0.8847696842093358,0.11523031579066423,1996.2036067559534
4552,0.5203088702790438,0.7477983274292139,0.2522016725707861,1999.6238541890007
4553,0.5058517976543909,0.6482491062003322,0.35175089379966784,2000.2456460839865
4554,0.7905031191951565,0.8546739000435742,0.14532609995642576,1995.532136032607
4555,0.50727340300892,0.6781769127606924,0.32182308723930764,2001.7108859274463
4556,0.3670566927906214,0.741421169480358,0.25857883051964203,1999.0873547257324
4557,0.47791668928455106,0.8514921018347628,0.14850789816523724,1996.5883298410922
4558,0.8517344876981269,0.9216053577769778,0.07839464222302217,1996.1124198682578
4559,0.6787319662025448,0.8443400864009879,0.1556599135990121,1996.5020492668648
4560,0.5072244009105716,0.7851330994604981,0.21486690053950186,1999.6420198604396
4561,0.5284240500881227,0.6434356704309898,0.3565643295690102,1999.871870359823
4562,0.8347832618551431,0.8935986314909954,0.10640136850900461,1995.2525204608246
4563,0.8436718390476998,0.924008124915713,0.07599187508428695,1994.725103384135
4564,0.8265016725139548,0.9131041970372128,0.0868958029627872,2000.2191392482832
4565,0.6769719962689605,0.809941685062118,0.19005831493788194,1996.4993128092358
4567,0.6932416319239014,0.8708600588873039,0.1291399411126961,1993.8646949972178
4568,0.5473010342163164,0.7450709676209811,0.25492903237901887,1995.9405236361686
4569,0.8910624684623775,0.9689717058292104,0.03102829417078956,1993.8030974324843
4570,0.8735480080072618,0.9400057420963238,0.059994257903676185,1999.1467960611074
4571,0.5325631479724703,0.6877130354953708,0.3122869645046292,1995.4486762821036
4572,0.553143757854602,0.6876026157155942,0.3123973842844058,1997.924324566567
4573,0.6134745508188612,0.7341508905383611,0.26584910946163887,2001.075411511802
4574,0.683704485474493,0.7263567323454602,0.27364326765453983,1996.7271658491102
4575,0.5744475707604894,0.7890993005482523,0.21090069945174772,1999.3780206658196
4576,0.6317531092153402,0.8131911684603137,0.1868088315396863,1996.9890874084133
4578,0.5069907848744837,0.7938308249318735,0.2061691750681265,1995.5124207268866
4579,0.462590964485985,0.6716730667141213,0.3283269332858787,1997.0799261895013
4580,0.26355384959304157,0.5266377409488584,0.4733622590511416,1999.3248861882876
4581,0.24965883023866398,0.4246653438936534,0.5753346561063466,2002.8840796733937
4582,0.6186185282664154,0.8139992370052904,0.18600076299470958,1995.5794272114936
4583,0.7359774086693024,0.862620395096691,0.13737960490330903,1992.7974192267607
4584,0.3644472128940255,0.6079631842957265,0.3920368157042735,1997.3543268856424
4585,0.6021207814831919,0.6342855512623232,0.3657144487376768,1998.9059850722788
4586,0.6683228970130781,0.8185925777495792,0.18140742225042084,2000.4819769374922
4587,0.3359499128269655,0.8427992940850297,0.15720070591497026,1994.2036757974045
4588,0.7333552437511123,0.9135339949730981,0.08646600502690194,1996.7926608859784
4589,0.6381023734249395,0.8376438014695023,0.16235619853049765,1996.3293775059713
4590,0.5811596862276028,0.8048924239129122,0.19510757608708784,1995.6577010016383
4591,0.6033023992708808,0.8155365085083246,0.1844634914916754,1999.3699278211616
4593,0.6568491456074741,0.8692754552440068,0.13072454475599316,1998.0425382476308
4594,0.5647138394943308,0.8440074768194004,0.15599252318059964,1997.1360259880382
4595,0.836627729851898,0.9175468012835597,0.0824531987164403,1996.2310990931348
4596,0.6484076014651052,0.8526101977016025,0.1473898022983975,1998.135118609608
4597,0.4600006555107268,0.7419406155245725,0.25805938447542753,1999.1088121316814
4598,0.5377302191124839,0.6115140063600181,0.38848599363998193,1999.4570541621806
4599,0.8502942676981544,0.9069063343827974,0.09309366561720256,1994.1585999475662
4600,0.8599222204110638,0.9204432754332433,0.07955672456675666,1995.7233392390453
4601,0.8304843143741159,0.9103732375052659,0.08962676249473411,2001.0041213880536
4602,0.748434560651945,0.8980374515762739,0.1019625484237261,1993.3423489461945
4603,0.5013427194049809,0.7535470942626062,0.24645290573739376,1999.7481314628747
4604,0.523632767358171,0.7595932395614949,0.24040676043850506,1997.2346540843032
4605,0.560332147396882,0.7174045606425671,0.2825954393574329,2000.14472077045
4606,0.8933690059796826,0.9634009230218274,0.03659907697817255,1992.0368554811594
4607,0.6285750363936496,0.7957478474548009,0.20425215254519913,2000.7221721563728
4608,0.6557503357303809,0.8526336998176988,0.14736630018230124,1996.501405038782
4609,0.27161399200532665,0.47987320301334085,0.5201267969866592,2001.5069788150604
4610,0.5336183977690475,0.7186709848391566,0.2813290151608434,2000.826418291383
4611,0.6701051908571719,0.7269107976443353,0.2730892023556647,1994.7086230876216
4613,0.4966787476228021,0.7581295639140417,0.24187043608595826,1996.6356425515278
4614,0.8156221730827219,0.8796235802593225,0.12037641974067748,1988.5460022811048
4615,0.48437017893816264,0.7817937052286105,0.21820629477138953,1994.847993614315
4616,0.3939230726774238,0.5604213681908132,0.43957863180918677,2002.3693530550747
4617,0.37138885326050053,0.5650647724100467,0.4349352275899533,1998.9999936241027
4618,0.3923710100229626,0.574929978462022,0.425070021537978,2003.7511204953496
4619,0.6281368761375485,0.7837014197305515,0.21629858026944848,1997.3088952918
4620,0.7698062475286674,0.8612872394509405,0.13871276054905946,1993.7147238640748
4621,0.13767108618583185,0.5536409989152682,0.4463590010847318,2000.1701513420157
4622,0.5183193202296401,0.7318545376496253,0.26814546235037473,1998.836599235789
4623,0.6711256296356228,0.7878896957233006,0.2121103042766994,2000.2016254663347
4625,0.36896222774891546,0.6714518176127426,0.32854818238725736,2000.9094094446164
4626,0.5015048462521777,0.6975795952851093,0.30242040471489073,2000.0855037309113
4627,0.5200462439836535,0.7747128654239303,0.22528713457606975,1999.7374110487317
4628,0.6843410245077464,0.9131910582204967,0.08680894177950327,1997.3784072294036
4629,0.704775069944023,0.8583651865813559,0.14163481341864415,2000.8294295438716
4630,0.5316808008571635,0.8072459066357903,0.19275409336420968,1998.0967564221835
4631,0.5536169061910736,0.7801149041025911,0.2198850958974089,1995.2227325698868
4632,0.7867819916839845,0.8853081211225124,0.11469187887748755,1999.016685173972
4633,0.6175986851860922,0.7994859644327111,0.20051403556728886,1998.8327552673031
4634,0.5720493721161541,0.6575840450010831,0.34241595499891686,2000.8177603481959
4635,0.43892335617155004,0.6950501956954469,0.3049498043045531,2000.335104135076
4636,0.8406701790375634,0.9127005397569851,0.08729946024301494,1998.3267098425124
4637,0.8098198735786792,0.8908103511696062,0.10918964883039384,1996.2596476474826
4638,0.8723496045697049,0.9398251199108643,0.06017488008913574,1993.9553822256794
4639,0.5620821533192583,0.5996798160866114,0.40032018391338864,2001.7255490473483
4640,0.24213162090762466,0.6182692810097249,0.3817307189902751,2002.012045895949
4641,0.7707770954991442,0.8828197878701519,0.11718021212984808,1993.8437519679835
4642,0.5510348275051975,0.7944997023667584,0.20550029763324162,1995.8847682183932
4643,0.8396755695712507,0.9658088798511528,0.034191120148847176,1992.870733236925
4644,0.7971520977199331,0.8943670614181995,0.10563293858180045,1998.06977783534
4645,0.8800996191308559,0.9092085997878434,0.09079140021215659,1992.5621905151243
4646,0.21695356843770355,0.39764955113309736,0.6023504488669027,2004.1053382747177
4647,0.4414234614516814,0.6145504491744019,0.38544955082559806,2002.4992096067815
4648,0.4787484811664642,0.5005710814094775,0.4994289185905225,2004.4218618532807
4649,0.41539774133461854,0.5250148710667657,0.4749851289332343,2003.700480230665
4650,0.7315215559635877,0.8496959835069998,0.15030401649300018,1995.2437208454257
4653,0.5322649511463279,0.7248074283762418,0.2751925716237582,1999.0580525334356
4654,0.37236955870938016,0.6202955778515521,0.3797044221484479,1996.5182043674643
4655,0.2463294144477317,0.39894680371236746,0.6010531962876325,2004.0576174058917
4656,0.9224879009005282,0.951501407607651,0.048498592392348994,1989.4323488325683
4657,0.8330953874302189,0.909696930844373,0.09030306915562702,1988.5942460831827
4658,0.19469266121309073,0.5713885218098453,0.42861147819015466,1998.7315423859511
4659,0.7261097391710374,0.734510581428327,0.26548941857167296,2002.9026891908488
4660,0.7867646095987126,0.8840257258266848,0.11597427417331518,2000.366147750319
4661,0.3793893733454332,0.8038080189672763,0.19619198103272373,1994.6870083571384
4662,0.09678262636668175,0.19671875128829291,0.8032812487117071,2007.6170064295006
4663,0.6668845389198936,0.8163374326811047,0.1836625673188953,1998.584045414533
4664,0.5680295920367018,0.843575413886521,0.15642458611347898,1997.6907346080327
4665,0.44326207570206405,0.8228085614061523,0.17719143859384767,2000.1129564334199
4666,0.7439026480947104,0.8461037533876082,0.15389624661239176,1999.373971418685
4667,0.471323784612201,0.8377050609943814,0.16229493900561864,1998.5919636340248
4668,0.3719359780045365,0.6494054373772534,0.3505945626227466,2001.5088504158161
4669,0.8151926883359754,0.8888347201437419,0.11116527985625813,1998.2950122014033
4670,0.678425402605007,0.8257729040226007,0.17422709597739927,1996.393288202497
4671,0.5799574466058045,0.7011012394250797,0.29889876057492026,2000.371801791827
4672,0.3898438669356403,0.47856905137077366,0.5214309486292263,2003.2556275329162
4673,0.8942381882270181,0.9581942622481117,0.04180573775188834,1996.67553988881
4674,0.8017145210846778,0.9009447469641434,0.0990552530358566,1995.7074170658755
4675,0.5847599229408448,0.7668754644352377,0.23312453556476231,1999.1057531286315
4676,0.5377228203579338,0.6883803748317127,0.31161962516828734,1998.886913469747
4677,0.35540599344713963,0.6920481411843551,0.3079518588156449,1999.518178374956
4678,0.5713617289430425,0.7721692704612709,0.22783072953872907,1996.5362329106174
4679,0.6333918433565504,0.7750984110893459,0.22490158891065415,1996.3641149021196
4680,0.8533800403041161,0.9480701751960687,0.05192982480393127,1991.2954992636512
4681,0.6573867833650292,0.8050738097969011,0.19492619020309887,2000.128437057151
4682,0.8662440120393642,0.9158310486440241,0.08416895135597591,1992.9591132617727
4683,0.2659534766156431,0.6465214018967188,0.3534785981032812,1999.3320960423787
4684,0.4092305872200424,0.5553324450102262,0.44466755498977384,2003.098942946965
4685,0.7364204393840958,0.7840031408551454,0.21599685914485456,1995.1252525588934
4686,0.6443762537766465,0.8212591506002374,0.17874084939976265,1997.6282193504464
4688,0.41942220948978504,0.7062975008847171,0.2937024991152829,1996.9761886929728
4689,0.44016963270811604,0.5878272452997045,0.41217275470029546,1997.762830686198
4690,0.4606573267366604,0.7571134205390359,0.24288657946096415,1995.9847216916871
4691,0.3283713844357409,0.6796105286204296,0.3203894713795704,1995.853783324444
4692,0.3390056032807902,0.5321013045447458,0.4678986954552542,2001.351049107119
4693,0.5363411208553924,0.7408270053302788,0.2591729946697212,1995.7750705279957
4694,0.3461380760662264,0.7954756737258363,0.20452432627416373,1997.5845897185725
4695,0.2774504704125318,0.5289837856721121,0.47101621432788787,2000.1432439113134
4697,0.7378712670710611,0.851994148642223,0.148005851357777,1997.201577612574
4698,0.4474662413331151,0.7974258350368383,0.20257416496316172,1994.5603761887835
4699,0.621472651517665,0.8222511864228159,0.17774881357718408,1998.4358656850914
4700,0.7737234711170621,0.9153109840854244,0.08468901591457556,1995.0797761485794
4701,0.7521014932865898,0.8597976572856345,0.1402023427143655,1999.118966368932
4702,0.14562322421801185,0.6224891219788953,0.3775108780211047,2000.700700461962
4703,0.725854782039464,0.842811483841663,0.15718851615833696,1996.8409027274324
4704,0.6054546357978098,0.7873770794892554,0.2126229205107446,1996.7226833772995
4705,0.5995150236179828,0.7735006304764924,0.22649936952350758,1998.8712550866064
4706,0.8912074406088277,0.950050176132587,0.04994982386741298,1992.8665921999263
4707,0.6476374275002932,0.8393702360598115,0.16062976394018846,1997.1219315777214
4708,0.7588933472550982,0.9059110100386129,0.09408898996138715,1994.6713404796817
4709,0.5051806333445137,0.5112879909403146,0.48871200905968537,2001.7584310196814
4710,0.8233925937165243,0.9103276632770142,0.0896723367229858,1996.807311261662
4711,0.785960852919896,0.8691258634035982,0.1308741365964018,1999.6544706945394
4712,0.8419878536513109,0.9123771562462126,0.08762284375378737,1996.7207039151863
4713,0.44817349450914223,0.6587480291001632,0.34125197089983683,2000.773917433144
4714,0.6392103221713902,0.7872908367224719,0.2127091632775281,1998.6453113314665
4715,0.8532276634762465,0.9563445561264202,0.04365544387357978,1989.4033661087656
4717,0.8168810066134858,0.9204920659887553,0.07950793401124467,1991.2721913044657
4718,0.7326153348703196,0.8735297309388239,0.1264702690611761,1999.5584386635514
4719,0.8059109883649621,0.8802562795792608,0.11974372042073922,1995.2137250356147
4720,0.44334106621534436,0.5569651905012858,0.4430348094987142,1999.9388084535462
4721,0.3842535295812811,0.5268047289872281,0.4731952710127719,2003.9903234408762
4722,0.8430402087170042,0.8807550644567219,0.11924493554327809,1990.2459044485572
4723,0.4653564634055472,0.7512499261294667,0.24875007387053327,1998.9919427301172
4724,0.7153339455907592,0.8171565330540429,0.1828434669459571,1996.9489818734867
4725,0.19627595456753472,0.24784978232364263,0.7521502176763574,2006.1045074255496
4726,0.3130529138036315,0.5140198067056437,0.48598019329435627,2000.9507000663648
4727,0.44619895679506266,0.6856436915071493,0.3143563084928507,1997.2290610907096
4728,0.3697980434521666,0.6670432721161925,0.3329567278838075,1995.7080709242007
4729,0.1807975857768659,0.29723138166727786,0.7027686183327222,2006.5014451554885
4730,0.6895019649936436,0.8822918257555061,0.11770817424449387,1993.4914341468752
4731,0.5825953821434081,0.7917130573654738,0.20828694263452618,1997.219272425645
4732,0.12079391993178791,0.4738070339952263,0.5261929660047737,2001.2586619693832
4733,0.8567148777867699,0.8896745237735245,0.11032547622647548,1997.3699581234634
4734,0.617616606411368,0.8472565833677597,0.15274341663224034,1996.6281222116368
4735,0.5064353120341543,0.8137607013725446,0.18623929862745536,1994.3208288634244
4736,0.52839608351002,0.747245835272486,0.252754164727514,1999.9647863345065
4737,0.5926953974687214,0.845804223412759,0.15419577658724104,1997.2884481381398
4738,0.45651702461473576,0.680831037111302,0.319168962888698,2001.2284664132644
4739,0.43345406711029894,0.6229387504132273,0.3770612495867727,2001.516364924051
4740,0.5844634845866082,0.8694733272274614,0.1305266727725386,1997.4789492861046
4741,0.33637451498961873,0.5679477307979869,0.4320522692020131,2003.0787510107477
4742,0.8366900708212424,0.9132401732989711,0.08675982670102889,1995.3368292008145
4743,0.6494324242577265,0.8565732845573065,0.14342671544269348,1997.1619278938406
4744,0.5742014847349991,0.7361940112738075,0.26380598872619254,1996.7395996636742
4745,0.8396421646943925,0.9236572741695692,0.07634272583043078,1992.2540733454966
4746,0.8633268636404298,0.9264954942164308,0.07350450578356915,1996.3267487815601
4747,0.8066438136430649,0.8942268239042701,0.10577317609572989,1996.4349283702497
4748,0.6128304915818384,0.7604048113017399,0.23959518869826013,2000.1856351456222
4749,0.3751936253783598,0.6207086293694135,0.3792913706305865,1996.834013516602
4750,0.4798770688475715,0.6500288949469578,0.3499711050530422,2003.2725674984652
4751,0.44625259555147506,0.6691349008981587,0.33086509910184125,1999.132850335817
4752,0.5789945585181322,0.6870391276577756,0.31296087234222436,1998.2740134730586
4753,0.8740082989931782,0.9531132280989625,0.046886771901037516,1992.0290914469958
4754,0.7089362721755667,0.812357927679571,0.18764207232042895,2001.733828789453
4755,0.8276955226786723,0.884120797452463,0.11587920254753703,1994.5077930369478
4756,0.45739791507028826,0.7214123328462891,0.27858766715371086,1996.650625435846
4757,0.30361805062156,0.5547083670141646,0.4452916329858354,2002.9400966166475
4758,0.860521998675748,0.893276819105097,0.10672318089490296,1991.2406578970727
4759,0.2880557096435891,0.5296625587820264,0.4703374412179736,2002.9733503731725
4760,0.6544546062904305,0.8303257423667864,0.16967425763321364,1994.5081877211753
4762,0.43349671099565434,0.5849411133738512,0.41505888662614876,1999.3450180963137
4763,0.3283466194397609,0.6058719352413796,0.3941280647586204,1998.9025116845355
4764,0.41999152837935366,0.6873028132456551,0.3126971867543449,1996.413219389928
4765,0.11592913770636164,0.40772799221484357,0.5922720077851564,2002.041034454309
4766,0.6314738547191349,0.7778374551663237,0.22216254483367626,1996.3569388885032
4768,0.12987448049959793,0.36348151832905207,0.6365184816709479,2003.5495536033663
4769,0.8528032177492173,0.9199212566108095,0.08007874338919052,1993.128070027143
4770,0.7720497990044418,0.884021044407621,0.11597895559237903,1995.2774662049972
4771,0.38266949069479556,0.8025823332381283,0.19741766676187167,1994.5555024710004
4772,0.7882732243145306,0.9267342153903876,0.07326578460961242,1997.268155245521
4773,0.4520852675371818,0.7084294188672323,0.2915705811327677,1999.8880383845938
4774,0.7463333975508313,0.9043574921136579,0.0956425078863421,1995.34987922264
4775,0.481079478054567,0.7125415806020788,0.28745841939792116,2000.2699441282439
4776,0.5331942688200141,0.8337094926154784,0.16629050738452156,1997.1796109560692
4777,0.5417545180722891,0.7377872203098107,0.2622127796901893,2000.5994031403072
4778,0.8841198129195279,0.9496784982369411,0.05032150176305894,1989.8681136409832
4779,0.5700400059592666,0.7411450847734894,0.2588549152265106,2000.9074747125549
4780,0.4835783787557432,0.5992940985026483,0.40070590149735175,2002.5004163653518
4781,0.3722092722955012,0.6430000876716117,0.35699991232838835,2000.8382008733624
4782,0.8525927432294857,0.9266136694878256,0.07338633051217436,1996.45596344703
4783,0.8643251408451318,0.9424015477506147,0.05759845224938531,1996.3049516080066
4784,0.7832651408110385,0.8820286797707325,0.11797132022926748,1995.2482911272766
4786,0.1861626884279327,0.29110880691306046,0.7088911930869395,2008.3487396998378
4787,0.6813205264117043,0.868508536025665,0.13149146397433498,1993.4317814601266
4788,0.8032468906737679,0.8432463975376068,0.15675360246239323,1995.3607550703773
4789,0.8698406544063582,0.9517688142257308,0.048231185774269214,1991.9317529269529
4790,0.7957549970835541,0.8817845328554181,0.11821546714458186,1997.0961536446234
4791,0.7438538493559667,0.8528186546604162,0.14718134533958382,1994.3482150014381
4792,0.22422428427380756,0.5412408898872962,0.45875911011270376,2000.167232725967
4795,0.4430860783992217,0.6118323765416231,0.38816762345837685,2005.4394863277837
4796,0.48134587118750516,0.5967685658084692,0.40323143419153085,1996.7729080787456
4797,0.7394004731379346,0.8424680659436857,0.15753193405631427,1997.1417117389399
4799,0.43789909777063224,0.727735183405075,0.27226481659492496,1997.663836963861
4800,0.580961768873064,0.7858499909923163,0.21415000900768366,1992.8179417701995
4801,0.41007778845862425,0.6919667390435388,0.3080332609564612,1998.4206041797127
4802,0.8286059271321158,0.8811310486742501,0.11886895132574993,1993.1040258582386
4803,0.6271162876598799,0.7993701991288196,0.20062980087118043,1995.2732203492174
4804,0.1421569059479645,0.4834953632153242,0.5165046367846757,2000.9303611577568
4805,0.7466529153390682,0.8846655412088492,0.11533445879115078,1993.4667012879102
4806,0.8113797870363593,0.9337488878815693,0.06625111211843071,1998.033791416892
4807,0.37134148201347084,0.7590230734462651,0.24097692655373493,1996.1925976569414
4808,0.7330437810309409,0.8753578006690508,0.12464219933094922,1995.315029869039
4809,0.5526715002472924,0.7749705124222833,0.22502948757771668,1997.253676917643
4811,0.5120963539431893,0.7125296093960068,0.28747039060399315,1999.4949545515033
4812,0.5082510833116141,0.8131840340975827,0.18681596590241734,1997.8547355196094
4813,0.6615318470859202,0.8625716547512949,0.13742834524870506,1997.2784285006956
4814,0.8181033736980341,0.9038850494187671,0.09611495058123287,1995.117124860047
4815,0.702465462851992,0.8581396697103226,0.14186033028967737,1996.3983791937337
4816,0.5065199364146591,0.5904050265704087,0.4095949734295913,2001.9124604773658
4817,0.5377755159264129,0.7057263527898614,0.2942736472101386,1999.4724165190696
4818,0.6326792662475669,0.7367323827839495,0.2632676172160505,2000.3967938782723
4819,0.7502270074695789,0.8488575263680398,0.1511424736319602,1996.8258163737694
4820,0.7964583388798566,0.9015499913082717,0.09845000869172826,1996.3713306338186
4821,0.5210467142387823,0.6727252042826513,0.32727479571734874,2001.6899238745473
4822,0.27602639944894125,0.5041459462985136,0.4958540537014864,2004.0401239653995
4823,0.7439303926228376,0.8473053539703186,0.1526946460296814,1992.8698157420738
4824,0.5962163880054195,0.857407072996969,0.14259292700303094,1993.5921781463016
4825,0.791446865382701,0.9135227299202976,0.0864772700797024,1994.2919202698074
4826,0.7419500007566888,0.8984600695328203,0.10153993046717968,1996.0466043991744
4827,0.6627497320908508,0.8198317558441703,0.18016824415582966,1995.8670910882508
4828,0.5589495699553381,0.6459258768149573,0.3540741231850427,1998.357899163619
4829,0.5856601048673545,0.7262657919046566,0.27373420809534343,2001.8991811150988
4833,0.28962243620049805,0.44736990799169574,0.5526300920083043,2002.157693679785
4834,0.47147401030334857,0.7028384224873083,0.2971615775126917,1998.0107775207402
4835,0.34578110978197185,0.5847807720135796,0.4152192279864204,1998.296914475769
4836,0.19499859075256454,0.30823442748580354,0.6917655725141965,2005.1819995191659
4837,0.39213958527620824,0.5888779554555927,0.41112204454440726,1999.8508139176054
4838,0.6836047373819655,0.8599493386328253,0.1400506613671747,1994.396297144832
4839,0.2179713321022188,0.49726686956085187,0.5027331304391481,1999.7198580837796
4841,0.6902717304096033,0.823937005975814,0.17606299402418601,2001.1522316588312
4843,0.8232129031944189,0.9437644971088526,0.056235502891147426,1994.6189883988905
4844,0.5805428240607277,0.8496686118325688,0.1503313881674312,1996.3582611893971
4845,0.26559786177204714,0.4135949247221596,0.5864050752778405,2008.6371186906701
4846,0.8739224408946578,0.950588561124331,0.04941143887566901,1993.864126351672
4847,0.5665202865238145,0.8912804674001039,0.10871953259989608,1995.1480577881584
4848,0.8438958598943112,0.9166885796015134,0.0833114203984866,1995.4677798079151
4849,0.6817591707407226,0.8570501021678356,0.14294989783216439,1997.520262922557
4850,0.471186768072237,0.5705323215840488,0.42946767841595124,2002.1482087104055
4851,0.5621902155994984,0.75039040860184,0.24960959139815997,1999.0166417174391
4852,0.7593641983853303,0.8657673548486908,0.13423264515130917,1996.9221524275779
4853,0.6565836705638072,0.8239322335420284,0.17606776645797162,1996.5490818591081
4854,0.6530988030322373,0.8898467467887343,0.11015325321126568,1992.7115340892344
4855,0.14449214660783127,0.1645675735433579,0.8354324264566421,2011.3371529283968
4856,0.5185578274874094,0.6497108180734256,0.35028918192657443,1997.98371000232
4858,0.4018817540382718,0.838275982848112,0.161724017151888,1997.8780434808573
4859,0.885975207479563,0.9618450717294501,0.03815492827054989,1990.6744725950268
4860,0.7027148657043316,0.7857770883396749,0.21422291166032514,1996.4447974468246
4861,0.17987708783653328,0.3308018758614967,0.6691981241385033,2005.460769783754
4862,0.4323831943027008,0.5705671834464627,0.42943281655353727,2001.900860185481
4864,0.39321602837720726,0.5813523072939428,0.4186476927060572,2002.636383747842
4865,0.7635873837193003,0.8581745206793833,0.14182547932061673,1995.7570351352906
4866,0.49102877403382106,0.6505956870535505,0.34940431294644947,1998.2461197868222
4867,0.4050612266762067,0.673482677033169,0.326517322966831,1997.894082882348
4868,0.36571027920995053,0.7109808043824258,0.28901919561757416,1996.0425541167685
4869,0.15408405616828738,0.31886814721300216,0.6811318527869978,2004.7058975207967
4870,0.37870477076633774,0.725704463570679,0.27429553642932103,1996.5584326372807
4871,0.3236376146144881,0.359710462389598,0.6402895376104021,2005.786136905251
4872,0.6160642869203293,0.7238187234390489,0.27618127656095115,1994.9452906096885
4873,0.7131348956718939,0.7348148985305397,0.2651851014694603,2000.1567468778078
4874,0.6730207236073161,0.8261488372887175,0.17385116271128254,1999.9780724235948
4875,0.24648171265605437,0.7711500899120439,0.22884991008795608,1996.2686556427325
4876,0.6478866253682126,0.8877323417815454,0.11226765821845464,1995.412832714668
4877,0.6075760226368034,0.8923301274377896,0.10766987256221039,1995.7067557169596
4878,0.5381408466076163,0.7485365649363512,0.25146343506364877,2001.0177997104897
4879,0.8495325179172204,0.9343442818338441,0.0656557181661559,1997.4471333411573
4880,0.459761958704262,0.7373290457267067,0.26267095427329334,2000.7439515683052
4881,0.8656734980850523,0.9480382572556915,0.05196174274430854,1991.3688452896597
4882,0.7832476941493435,0.9037196004338218,0.09628039956617818,1995.3480336469995
4883,0.5229354317088042,0.5687990182447018,0.4312009817552982,2001.1168196401443
4884,0.8032385764844774,0.8938768643027262,0.10612313569727383,1991.6046616105668
4885,0.8251452233292638,0.925637690980548,0.07436230901945196,1993.858986836809
4886,0.7852932043386485,0.8948188262643618,0.10518117373563818,1997.3664137201783
4888,0.15701136511982605,0.30391755998588094,0.696082440014119,2007.2862704185422
4889,0.6395473242862448,0.7586502507462856,0.24134974925371444,1996.8294347310987
4892,0.8066283337730326,0.9031041654356476,0.09689583456435236,1995.158755396913
4893,0.0009011732201828902,0.0010819728631035954,0.9989180271368964,2012.6099207157076
4894,0.021000926811028033,0.04050178742126835,0.9594982125787317,2011.684960381398
4895,0.4537383332114464,0.6310166904307296,0.3689833095692704,2003.4028267650117
4897,0.4655964714669546,0.6601926204872067,0.3398073795127933,2002.3560000941384
4898,0.49208486326538137,0.5920478581406495,0.40795214185935047,1997.1254236951868
4899,0.5229843863988753,0.7025604731935674,0.2974395268064326,1997.904138230662
4900,0.2957289541456236,0.521441589670298,0.47855841032970203,2000.4312736612922
4901,0.4088474318553509,0.6502991485952372,0.3497008514047628,1996.5705202901506
4902,0.2824896059615207,0.5274928652943098,0.47250713470569017,2000.6544985026726
4903,0.1937798171819804,0.2670405574371487,0.7329594425628513,2005.6169563592312
4905,0.4302085029032687,0.7187237488385363,0.2812762511614637,1996.1572174483238
4906,0.744253722524226,0.8392897003597783,0.16071029964022165,1995.1315652355147
4907,0.8036941760756898,0.9056766987063914,0.09432330129360855,1996.6441443800468
4908,0.46819966973761284,0.7856004301091554,0.21439956989084463,1995.369520326199
4909,0.7310966834204597,0.913717126561506,0.08628287343849395,1996.5103382501527
4910,0.5964724436556953,0.9042070360044376,0.09579296399556236,1993.466486847324
4911,0.2764704322193728,0.6215532560528826,0.3784467439471174,2000.6934699719077
4912,0.8956296090784415,0.9045798044697666,0.0954201955302334,2006.2484233998816
4913,0.4674459983818418,0.7767713274011171,0.2232286725988829,1998.0416670780348
4914,0.8490900228667042,0.9168311766609727,0.08316882333902731,1994.5043061169233
4915,0.7032395467024404,0.8663191277623975,0.1336808722376025,1998.1467691686003
4916,0.21227486490276978,0.3543787220296811,0.6456212779703189,2004.229041164521
4918,0.8606296659580872,0.9387315443115605,0.06126845568843953,1994.760559922599
4919,0.8745670062647984,0.9396760509503229,0.060323949049677084,1993.5280335928453
4920,0.7402676326171725,0.8781868055295144,0.12181319447048555,1994.625437694073
4921,0.6285872638126682,0.7748718962776613,0.2251281037223387,2001.3463815938524
4922,0.4344962938300594,0.5961790526924492,0.4038209473075508,2000.2447599667005
4923,0.5679029674166497,0.8011023693631492,0.19889763063685084,1995.284237328499
4924,0.7256888156779148,0.8420739807659698,0.15792601923403016,1996.854640359021
4925,0.416056196928154,0.5897261108505272,0.4102738891494728,2000.920150141045
4926,0.2919166872408105,0.437105736786927,0.562894263213073,2002.9976898966734
4927,0.6362079858868356,0.7486356951323858,0.2513643048676142,2002.5460345679833
4929,0.505988248063176,0.6359162504695646,0.36408374953043543,2004.0340108566522
4930,0.6358538184933941,0.7872920604818978,0.21270793951810218,1992.642436537105
4932,0.3826404184183037,0.6244971191690141,0.37550288083098593,1999.291957311774
4933,0.3867746715969095,0.7035092010416817,0.2964907989583183,1995.6100545212955
4934,0.24337405416249833,0.3864095814140954,0.6135904185859046,2002.5486548560145
4935,0.5523539858968322,0.9072567349900954,0.0927432650099046,1991.957080039846
4936,0.8297950624743865,0.922976104652877,0.07702389534712295,1989.2045249133519
4937,0.17455582159416486,0.4841356202152518,0.5158643797847482,2001.3727892079603
4938,0.8718077745429623,0.919289676858837,0.080710323141163,1991.9979584134217
4940,0.4901113005959734,0.7804118182311219,0.21958818176887807,1995.099260715654
4941,0.7326741972095533,0.9004625810423411,0.09953741895765889,1996.9679764858618
4942,0.5323029422891522,0.7862247063338066,0.2137752936661934,1998.7003106693287
4943,0.5834354135669326,0.834442103018846,0.16555789698115397,1999.0934643660592
4944,0.8545919522490639,0.8758427472740664,0.12415725272593359,1992.3464146707013
4945,0.5511738783681895,0.7804098583023534,0.21959014169764657,1999.5109783316452
4946,0.7695404506049849,0.877777904997517,0.12222209500248304,1996.9663157837233
4947,0.6824281006602791,0.9131410721894004,0.08685892781059956,1997.8256923102363
4948,0.5172262193395346,0.5938549129161806,0.40614508708381936,2001.1028368451264
4949,0.5675688336739615,0.7306092268124096,0.2693907731875904,2000.3771875795028
4950,0.876487090686136,0.9354341823999206,0.0645658176000794,1997.1956221241787
4951,0.8065953185954933,0.89823804587628,0.10176195412372002,1995.660927524086
4952,0.872526298069648,0.9753694809756817,0.024630519024318343,1991.8252500135227
4953,0.4205076765176306,0.7606044409315632,0.2393955590684368,1997.6530021040821
4954,0.7553493123173148,0.8665761115956192,0.1334238884043808,1991.148268171637
4955,0.7086096114824235,0.8587019926751517,0.14129800732484832,1995.268279738893
4956,0.7621271339864305,0.8682632438285705,0.13173675617142955,1996.7403380397186
4957,0.5921768624139568,0.7741589827876083,0.2258410172123917,1996.6191422252139
4958,0.6623279670659481,0.7178764367753971,0.28212356322460286,1997.1647841374388
4959,0.28202266293663986,0.41678755771162584,0.5832124422883742,2006.147601283094
4960,0.7168932918389773,0.7903198476676201,0.2096801523323799,1993.8307027263138
4961,0.41172163316310234,0.5406084795790987,0.45939152042090126,2004.1703589717504
4963,0.5365033550715238,0.5837927638949492,0.41620723610505084,2000.498375661604
4964,0.5353788052694327,0.832504905844805,0.16749509415519503,1995.2155906172377
4965,0.49897914312591496,0.701963229113903,0.29803677088609704,1994.6530570085924
4966,0.18607237418815556,0.38012938715338923,0.6198706128466107,2006.4463694191525
4967,0.6497185254068795,0.7734960328270547,0.2265039671729453,1995.1259693023767
4968,0.7393828974279976,0.8898140384105916,0.11018596158940841,1994.0820578198334
4969,0.20130039371072958,0.5628324301762622,0.43716756982373783,2000.318814176011
4970,0.854293410246198,0.8783639153832651,0.12163608461673492,1991.0520075735483
4971,0.8319911537295901,0.9125346019882081,0.08746539801179187,1999.245216472843
4972,0.2541014857942248,0.79318325368773,0.20681674631226998,1995.652918594103
4973,0.5278107004337463,0.8072574332726384,0.19274256672736156,1997.0279221887051
4974,0.8721429521802705,0.9445531492871666,0.055446850712833395,1996.3994626434614
4975,0.4039955883618456,0.7084880128836694,0.29151198711633064,2000.7455794788802
4976,0.46156211754091336,0.764084726053798,0.23591527394620204,1997.2313434122143
4977,0.8760700947315501,0.9347659235828472,0.06523407641715284,1998.1339470107907
4978,0.7603714770657889,0.902638836492738,0.09736116350726198,1996.6556524656155
4981,0.8821883311693122,0.928405214145186,0.07159478585481405,1997.915239527675
4982,0.828056604913383,0.9285439533808834,0.07145604661911664,1992.7862152964517
4983,0.34673718901602885,0.5163883799449188,0.4836116200550812,2002.8994209765522
4984,0.4522652793997947,0.6529978412428779,0.34700215875712215,2002.0131818870248
4985,0.4674192777354866,0.5479858037146622,0.4520141962853378,2001.9247035243773
4986,0.6020585514719846,0.7900386730319312,0.2099613269680688,1994.1249713226807
4987,0.694946073695071,0.7944111450016175,0.20558885499838253,2001.1246792594395
4988,0.347491745101262,0.5229643832217225,0.47703561677827755,2003.303275668787
4989,0.23212286686854974,0.3775790617026296,0.6224209382973704,2003.853382415983
4990,0.19077531808872034,0.3224917397959406,0.6775082602040594,2006.515303687874
4991,0.8025297361457998,0.8400974306980885,0.1599025693019115,1991.4204894510508
4992,0.6594040086958904,0.790180682654357,0.20981931734564296,1999.8637258730448
4993,0.7773642188329796,0.8769579405000131,0.12304205949998692,1992.8018362474022
4994,0.4538430225217577,0.6321692048813831,0.36783079511861694,1997.7497935823917
4995,0.3981371810914817,0.633915865488019,0.36608413451198096,2000.388667233836
4997,0.22029109709748823,0.33736647391781016,0.6626335260821898,2004.913989676081
4998,0.6916784862235809,0.8391925096999743,0.16080749030002572,1994.2947944798414
5000,0.2508308252763889,0.5074148960665696,0.49258510393343036,2000.2102211618042
5001,0.8772250288784045,0.8955575967600518,0.10444240323994824,1993.4167607678658
5002,0.5740610492561578,0.7390878923816919,0.2609121076183081,2000.169483764475
5003,0.4233666543835767,0.7325320287908255,0.26746797120917454,1994.8932972814105
5004,0.35649505903100764,0.6947881610406681,0.3052118389593319,1999.2198974642024
5005,0.5949105426761808,0.8413088213506857,0.15869117864931426,1997.6787553877064
5006,0.34678956531313004,0.5386002215753872,0.46139977842461277,2001.7791767738847
5007,0.48586375609002924,0.6938563127634172,0.3061436872365828,2000.6872361401122
5008,0.773113423548047,0.8700727821657416,0.12992721783425842,1998.414045773007
5009,0.7800020296492248,0.9201622493417262,0.07983775065827381,1997.2651544748276
5010,0.674810948627417,0.711616063860319,0.28838393613968105,2000.520180872542
5011,0.19758983892991602,0.5202137955007464,0.4797862044992536,2002.468313794769
5012,0.8392388345137761,0.9012364184508317,0.09876358154916831,1998.0992267638082
5013,0.7749470107565535,0.9091956693343736,0.09080433066562643,1995.4667217206995
5014,0.9188835718668092,0.9417185219853287,0.05828147801467132,1992.2713029015204
5015,0.40556909150223913,0.6771060754347662,0.3228939245652338,2000.4363393987985
5016,0.7661137524725853,0.8511467168027413,0.14885328319725866,1996.8396020911996
5017,0.41105718729355867,0.6908294717738038,0.3091705282261962,1997.2575230267705
5018,0.8507520437822896,0.9343464281918653,0.06565357180813469,1990.8541853049276
5019,0.12955386816986222,0.2275435000329586,0.7724564999670414,2007.4737789979238
5020,0.49922555761728016,0.668303834468235,0.33169616553176495,1998.2837544855931
5021,0.3572177759102845,0.51140059927575,0.48859940072425,2004.183266192424
5022,0.741776184597854,0.7934327224385148,0.20656727756148519,1994.7262541794848
5023,0.5287661806781512,0.6891338555154376,0.3108661444845624,2001.8854747322257
5024,0.48990126129053785,0.6573856728768857,0.34261432712311435,1995.6815474827065
5025,0.5072377863006818,0.7156507649392705,0.2843492350607295,1996.8741437175509
5026,0.44642709394155206,0.7096235569278418,0.29037644307215815,1997.288886278762
5027,0.4090928039962759,0.7515883868782903,0.24841161312170967,1994.741687650549
5028,0.2502961830117436,0.3723853172244894,0.6276146827755106,2003.8127190926557
5029,0.620179750990943,0.7940582252071471,0.20594177479285292,1996.706286326365
5030,0.7745377119266954,0.9246680223441788,0.07533197765582123,1990.4432833703272
5031,0.16601144935387502,0.36386452125923885,0.6361354787407612,2001.9025396919965
5034,0.32462117559942766,0.6522231949677773,0.34777680503222275,1997.8575486951167
5035,0.43432124604492084,0.7061433294410802,0.29385667055891984,1999.6539536065397
5036,0.7147110555810506,0.844946880520713,0.15505311947928702,1997.9212836479492
5037,0.22861830698058774,0.44227605085108423,0.5577239491489158,2007.0433894528635
5038,0.49861531929479186,0.8052237518910536,0.19477624810894645,1997.2284327290124
5040,0.7950444881723787,0.9259819618744428,0.07401803812555718,1998.7567372593244
5041,0.34683710888765634,0.4952345181891897,0.5047654818108103,2001.7493085596766
5042,0.47521681109176855,0.6518559703389641,0.34814402966103586,2004.3015111902455
5043,0.8104891404117255,0.8857162573589487,0.11428374264105134,1999.1537954818532
5044,0.8314654006932203,0.9605072624203546,0.03949273757964544,1991.118061196859
5045,0.6586051269799702,0.8201279167055909,0.17987208329440907,1994.8721340995007
5046,0.4164279603719955,0.7237811720984997,0.2762188279015003,1999.0617081505961
5047,0.6906289378630637,0.8218844449497542,0.1781155550502458,1994.7280497675536
5049,0.7498171548530086,0.856672834183933,0.14332716581606697,2000.0449879312125
5051,0.2845487267617933,0.41763276776067937,0.5823672322393206,2005.0311702521465
5052,0.27659127223284335,0.3970369956464493,0.6029630043535508,2005.8241689218985
5053,0.8443772271107556,0.8806768598647371,0.1193231401352629,1992.4950806768989
5054,0.4526445399558973,0.6407520334732427,0.3592479665267573,2003.2341759608535
5055,0.6530190097421484,0.7048227767878465,0.29517722321215345,1997.3350201936503
5056,0.4103773571362466,0.7386072725069767,0.26139272749302334,1997.42058212373
5057,0.31506582793450216,0.6881992892537903,0.31180071074620974,1996.870337053807
5059,0.7491634437752981,0.8391666072872788,0.16083339271272123,1997.9091183876385
5060,0.5881417371512069,0.7067215556242448,0.29327844437575523,1996.4504192299662
5061,0.927183260985305,0.9681361645419537,0.031863835458046275,1988.513664503741
5062,0.24817428550768406,0.5187631913635649,0.48123680863643514,2000.770731924962
5063,0.7869853470042464,0.8336618645929573,0.16633813540704268,1991.660725389712
5064,0.648465055599206,0.8051465587446583,0.19485344125534165,2000.6455892914314
5065,0.6846302755030359,0.8686965523241595,0.13130344767584046,1994.0847103123674
5066,0.3999490947648745,0.7615805519772461,0.23841944802275394,1997.8892164551985
5067,0.7420208879610405,0.8858224930798323,0.1141775069201677,1995.1010049346648
5068,0.3304327883334264,0.4566459328866227,0.5433540671133773,2003.4610467194975
5069,0.5007375991892946,0.7277884501926443,0.27221154980735573,2000.5995015289982
5070,0.8892617741108342,0.9482493320622014,0.05175066793779859,1994.7642913662291
5071,0.8061182688861979,0.9151583776626102,0.08484162233738979,1997.549701217875
5073,0.46864153137428954,0.5370816850857918,0.4629183149142082,2003.7989117549741
5074,0.833746481101786,0.9261526732838236,0.07384732671617644,1993.842790436855
5075,0.6547036004858686,0.8768785774858172,0.12312142251418279,1995.2612576484676
5076,0.6906170295992254,0.7720418916742333,0.22795810832576668,1998.366775285346
5077,0.49195885227050673,0.6718409445043001,0.3281590554956999,2003.1590273216407
5078,0.537878356524431,0.6264214241631145,0.3735785758368855,1999.8859155298896
5079,0.45176548943260775,0.786186613633967,0.21381338636603298,1997.843001621067
5080,0.5142823894722176,0.6542011052104674,0.34579889478953263,2002.6689383510009
5082,0.38263141443391385,0.5885679910827499,0.41143200891725007,1999.3437265385971
5083,0.5733848713670687,0.7143673823800842,0.28563261761991576,2001.2513624088544
5085,0.350221676740097,0.4588125253190823,0.5411874746809178,2006.2983549639216
5087,0.4058334518984744,0.6851358286952058,0.31486417130479416,1997.8434103223985
5088,0.6840527977292498,0.8337001181700202,0.1662998818299798,1996.1628460688437
5089,0.42445058169641314,0.6474643559913005,0.3525356440086995,1995.8363159558041
5090,0.39239635445633236,0.6669202183944337,0.3330797816055663,1999.5075791400222
5091,0.5893664927718599,0.744367837519528,0.25563216248047205,1994.814887785787
5092,0.6695354340437515,0.8173095678472265,0.18269043215277347,1994.5969782503194
5093,0.23354681572468658,0.4374236676333243,0.5625763323666757,2000.8111306486535
5095,0.6941062719649862,0.8449286463995035,0.1550713536004965,1998.360850925212
5096,0.4521251865084985,0.7138314801045006,0.2861685198954994,1996.8460001270957
5097,0.45375944123573914,0.7570982309746341,0.24290176902536587,1998.66766259349
5098,0.7752429283819525,0.8880149708330051,0.11198502916699493,1996.8128760843288
5099,0.43729461896404725,0.7297715786867612,0.27022842131323876,2000.2309555208315
5100,0.6095243129618766,0.8786749375642487,0.12132506243575125,1995.554442229978
5101,0.821064859933197,0.9009805319839829,0.09901946801601713,1998.9161588677132
5102,0.6702453933833707,0.8414975598880661,0.15850244011193393,1998.875661946477
5103,0.6341705819986853,0.6538011120635947,0.3461988879364053,1999.7456809824464
5104,0.5072306715697507,0.6576774707298658,0.3423225292701342,2000.9272157994674
5105,0.7837761341848847,0.8853193595765998,0.1146806404234002,1994.532050257962
5106,0.7020819847342631,0.856132236426752,0.14386776357324804,1995.585602700384
5107,0.685590555797821,0.7317690106161159,0.2682309893838841,1996.7970362656515
5108,0.5843561093984436,0.8429178385975746,0.15708216140242537,1995.8935358837869
5110,0.6104298419004119,0.8423443371756102,0.1576556628243898,1997.8318639257338
5111,0.6052265965203708,0.7182691031401783,0.28173089685982167,1998.8171798667897
5112,0.6119057184947101,0.7505928650163283,0.24940713498367173,1996.198309362478
5113,0.3333964076100391,0.48291635038380515,0.5170836496161948,2004.4126261409815
5114,0.6062130780712375,0.8153581240059413,0.18464187599405868,1996.742006316555
5115,0.4193365597616218,0.786371747653515,0.21362825234648497,1998.7866870831072
5116,0.290013895770168,0.3278394244088881,0.672160575591112,2006.0184754568306
5117,0.35756992552024963,0.5325519479340494,0.46744805206595064,1999.0799353350696
5118,0.5680120444714526,0.8144260703044304,0.18557392969556963,1995.5144673326015
5119,0.45465241606753803,0.7265653747960764,0.2734346252039236,1994.7564257795946
5120,0.6782284486406553,0.7683472390352164,0.2316527609647836,1997.6486058583198
5121,0.20916174643793906,0.711295147670784,0.28870485232921606,1997.656986339952
5122,0.7090476360059871,0.8529234780076651,0.1470765219923349,1992.1610334905613
5123,0.32042062972879165,0.5536195111495998,0.44638048885040016,1997.8426570928802
5124,0.8210025752864196,0.885816999058461,0.11418300094153899,1995.3020581712033
5125,0.7114301116411375,0.8371665358462971,0.16283346415370292,2000.0391584300853
5126,0.6609654300772255,0.7787168296521141,0.22128317034788592,1996.4968367385584
5127,0.6415563655857601,0.8270257981186276,0.17297420188137236,1996.7183225760311
5128,0.6752902860186127,0.8670587673000635,0.13294123269993652,1997.0589815371738
5130,0.43156195143550474,0.698024956912856,0.30197504308714396,2001.2967605461524
5131,0.802048129143748,0.9079375546489616,0.09206244535103836,1993.3257215168078
5132,0.7299743652442588,0.940509445562715,0.059490554437285015,1996.3626206463837
5133,0.5361707899714395,0.5369424495670718,0.4630575504329282,1999.4167531473204
5134,0.5398651427800816,0.7017882067361181,0.2982117932638819,1999.48829297807
5135,0.8137159599326845,0.8961825674073102,0.10381743259268983,1994.9900449911233
5136,0.7920398541877672,0.9255659759898168,0.07443402401018318,1994.9513728055883
5137,0.6363173045508607,0.7065402464475418,0.29345975355245824,1999.478905617046
5138,0.6805959153603732,0.9072139456199948,0.0927860543800052,1995.0154941703354
5139,0.6667594629084096,0.7859316607440281,0.2140683392559719,1995.753090727593
5140,0.8401645473389612,0.9162472331865271,0.08375276681347288,1992.8007235169753
5141,0.9527982380331042,0.9630317391279789,0.0369682608720211,1985.4886678887106
5142,0.19758686159103855,0.3964476931839757,0.6035523068160242,2004.733392931962
5143,0.3403261774608116,0.4831908192448322,0.5168091807551678,2005.2460670264509
5144,0.4284430643209621,0.7674401834561521,0.23255981654384794,1994.8268234341049
5145,0.4563665160234689,0.6061482269158333,0.39385177308416675,2001.9905219697425
5147,0.12736597471547279,0.23557700457345498,0.764422995426545,2008.7625478021873
5148,0.46489560059218665,0.76055265975209,0.23944734024791003,1996.2276443428284
5149,0.5347297723845263,0.695474432714902,0.30452556728509805,1995.8353326730532
5150,0.35850054331146264,0.5578377862753718,0.44216221372462816,2001.8205740568305
5151,0.6912763706933238,0.8516398523046931,0.14836014769530692,1993.093505143587
5152,0.5064430270503232,0.753297681568507,0.24670231843149304,1994.6273986994659
5153,0.16359531178585235,0.3557504014864317,0.6442495985135683,2002.6405694187274
5154,0.7540212807450853,0.9108582752879348,0.08914172471206516,1992.5391288008116
5155,0.5794032792582571,0.7638638152097013,0.23613618479029874,2000.2649921279394
5156,0.5846655883783499,0.7179593835527335,0.2820406164472665,1996.419867002709
5157,0.5672609192330428,0.7249029465622986,0.2750970534377014,2000.9826773326822
5158,0.779275730369905,0.9215309186897473,0.07846908131025265,1995.883556255474
5159,0.4999790803897205,0.7855368919300827,0.2144631080699173,1998.009940912709
5160,0.7608434803419881,0.8273098066583363,0.1726901933416637,1997.1246833042258
5161,0.7136905931457337,0.8552888341474588,0.14471116585254118,1998.9972940438265
5162,0.3694037871350549,0.4802197089029598,0.5197802910970402,2004.49323864932
5163,0.6171907627582275,0.7615572717964431,0.23844272820355694,1999.6214332290099
5164,0.7994891027885472,0.8956971097223182,0.1043028902776818,1996.2680777595187
5165,0.6975091042763841,0.8200917822518589,0.17990821774814114,1997.7387883865224
5166,0.7791923355030911,0.9482032654092457,0.05179673459075429,1989.9560763128438
5167,0.6277766427129959,0.7304987121655406,0.26950128783445937,1998.7901423090261
5168,0.6796813821034439,0.8039565056903445,0.1960434943096555,1997.4038804791164
5169,0.7162248484631111,0.8430102937484308,0.15698970625156916,1996.3583004337102
5171,0.3910871843899742,0.5376212334131957,0.4623787665868043,2002.6142875390253
5172,0.49727424365640605,0.5761495341910289,0.4238504658089711,2006.8823362673838
5173,0.2455428667544327,0.4694674744148853,0.5305325255851148,2002.0627248168323
5174,0.7557757944930936,0.8644755042879608,0.13552449571203917,1996.4302200475179
5176,0.5521730891901704,0.7624919902277162,0.2375080097722838,1995.4017879936937
5177,0.5934678907228904,0.8117754570478606,0.18822454295213942,1994.5650313226686
5179,0.7311443132992196,0.8848458960117652,0.11515410398823478,1995.084183746702
5180,0.4183008833999912,0.6414568042309439,0.35854319576905613,1996.5868229365606
5181,0.5634142027311015,0.805903904407245,0.19409609559275498,1995.9060270501352
5182,0.20762346083804373,0.45198000137602745,0.5480199986239725,2002.0266222398238
5183,0.8077718874326593,0.825667077229335,0.17433292277066503,1996.052707857835
5184,0.6265205217015599,0.7874672541823249,0.21253274581767512,1999.5486871362796
5185,0.7457173794017888,0.8516384423908157,0.14836155760918435,1993.1702711787466
5186,0.39261278191023063,0.44342611356471373,0.5565738864352863,2006.5914396220994
5187,0.4353896923953371,0.739287902554073,0.26071209744592705,2000.1591652933655
5188,0.15295298573281796,0.7723420660819342,0.22765793391806577,1998.8520879139464
5189,0.8144511676278718,0.9003803608701028,0.09961963912989724,1993.7771170948224
5190,0.6310952779635935,0.8460318100811748,0.15396818991882522,1996.960191557644
5191,0.6283503137683141,0.7030227520911067,0.29697724790889335,1998.0188993647992
5192,0.49061989257039185,0.6938364751241155,0.3061635248758845,2000.148265645753
5193,0.7561669526206065,0.8770532533774309,0.1229467466225691,1997.640875923498
5194,0.7501897800329103,0.8859524431164361,0.11404755688356394,1994.7266380764063
5195,0.9457805882809058,0.9467382894022658,0.05326171059773421,1994.5740546977718
5196,0.5841712654044183,0.7494329125561154,0.25056708744388456,1997.4816765762735
5197,0.32195628373037916,0.565113941341033,0.434886058658967,2003.7378758146087
5198,0.8522643094258359,0.9157255127981735,0.08427448720182651,1994.872566799338
5199,0.7443752304055713,0.7982427187734255,0.20175728122657455,1992.5349701890993
5200,0.4140566251619,0.4845821801113827,0.5154178198886172,2003.4226206592052
5201,0.5905662798482962,0.7066059152364046,0.2933940847635954,2000.775375281915
5202,0.3693315019632096,0.8478776242047683,0.1521223757952317,1993.7810043931593
5203,0.2516090990871688,0.4456431030782368,0.5543568969217632,2003.7925635542715
5204,0.1663432509437087,0.2299570713397054,0.7700429286602946,2008.997681582323
5205,0.43502469572508484,0.6163532209252054,0.3836467790747946,1998.2710736983272
5206,0.6791237214160947,0.8165754984151111,0.18342450158488888,1998.6002033757925
5207,0.509914653814292,0.7441288159745114,0.2558711840254886,1995.5638791894596
5208,0.3823286553212653,0.6644211783659476,0.3355788216340524,1997.8369582729702
5209,0.7921992685652239,0.9330497334743896,0.06695026652561042,1990.6652722385988
5210,0.7682042450820016,0.8918411988439038,0.10815880115609622,1992.3037060050556
5211,0.17142279150623158,0.39904512663583397,0.6009548733641661,2001.9062143346084
5212,0.5499699614675707,0.746560006986688,0.253439993013312,1999.8545752870193
5213,0.8388571514892076,0.9075504182923894,0.09244958170761064,1999.1632878914884
5214,0.6273893366408282,0.7313270329750398,0.26867296702496024,1995.8645610934445
5215,0.5024797504296036,0.7508834833462946,0.24911651665370538,1998.657837458461
5216,0.48791465076482554,0.7519224245865153,0.24807757541348474,2000.6266705432756
5217,0.15385843709108193,0.8354597925657707,0.16454020743422926,1997.8110878598625
5218,0.8807288083870736,0.93161621548799,0.06838378451200999,1995.6437663063055
5219,0.5140849494305894,0.6136936759070636,0.3863063240929364,1999.4099595896125
5220,0.5475710296334911,0.7237641888132387,0.2762358111867613,2000.4648185469598
5221,0.8829865623472256,0.9486690917581425,0.05133090824185749,1995.7089075976949
5222,0.908906114182053,0.963762947179387,0.03623705282061296,1989.4226493256263
5223,0.7010618205350957,0.8889265026044323,0.11107349739556771,1992.5529958295583
5224,0.6118949269228598,0.7442082839568873,0.2557917160431127,1997.058273480292
5225,0.4023122809617788,0.7074476772505311,0.29255232274946885,2001.5702025526518
5226,0.7627030844839967,0.9046186872597998,0.09538131274020023,1993.069641220893
5228,0.33263378712212505,0.5747521119460096,0.4252478880539904,2000.8102760092784
5229,0.5870492067295418,0.7868710975487261,0.21312890245127392,1999.505238522161
5230,0.7683197072761321,0.8565598310800164,0.14344016891998357,1991.8047040919641
5231,0.46555566121594516,0.6482929683552552,0.3517070316447448,2001.666417326049
5232,0.19133540018851536,0.31972366710370287,0.6802763328962971,2004.5062146706541
5234,0.32110303744625757,0.5292672447578433,0.47073275524215674,2000.3355430576778
5235,0.4186932419145095,0.6808010491733957,0.3191989508266043,1997.2136698737659
5236,0.5262070323668494,0.7391734584040788,0.2608265415959212,1998.6691115190276
5237,0.7702541852204124,0.8489020575076632,0.15109794249233677,1994.8854878986283
5238,0.5898114018685439,0.7732035361738389,0.22679646382616114,1994.6453160010687
5239,0.32786328687390115,0.64080557342627,0.35919442657373,1998.5635523252865
5240,0.7697720281525867,0.7785685985585377,0.22143140144146234,1999.5787416747962
5241,0.6581490791272306,0.7923122203660153,0.20768777963398466,2002.1127328482244
5242,0.5402321394219208,0.7158283436733516,0.2841716563266484,1996.5143981387696
5243,0.5906905591281254,0.7670068203802282,0.23299317961977184,1997.7564883094228
5244,0.8030604606147475,0.8576698097276295,0.14233019027237048,2002.7273449295012
5245,0.30038586743756135,0.5863626697809724,0.4136373302190276,2001.7255494777703
5246,0.8155890012637369,0.911455832587511,0.08854416741248905,1996.1729315863404
5247,0.5766747801772059,0.7348713910319038,0.2651286089680962,1995.3239700097054
5248,0.39133685670081203,0.5386853768331531,0.4613146231668469,2002.963999963319
5249,0.8371839605496386,0.908713186692634,0.09128681330736599,1998.4014236648609
5250,0.7483855152715613,0.8852856783287189,0.11471432167128115,1995.163189572538
5251,0.8305193648409214,0.8648358658809029,0.1351641341190971,1995.3139477366358
5252,0.7141895532884582,0.8300340673492315,0.16996593265076854,1994.400636437597
5253,0.36855219025460306,0.7012354049682269,0.2987645950317731,2000.9480258995877
5254,0.7222148165781497,0.898226436169666,0.10177356383033398,1993.5226135488838
5255,0.28822420863295317,0.33884516791066616,0.6611548320893339,2005.0291313372725
5256,0.4494165539324588,0.5606091370558376,0.4393908629441624,2002.7121499529194
5257,0.6140087341502526,0.7324063019115729,0.26759369808842715,1999.8208004590188
5259,0.16497057433906856,0.20629421586548896,0.793705784134511,2007.9158377396845
5261,0.4908154674331783,0.6825564040854162,0.3174435959145838,1998.1187849774794
5262,0.45867587373907936,0.8136113792827744,0.18638862071722562,1995.4574694867244
5264,0.8143671227459368,0.8810472844865885,0.11895271551341147,1993.696813529264
5265,0.4018515320878903,0.6654939323377577,0.33450606766224233,1997.1307035155016
5266,0.7476259867118726,0.817012257519768,0.18298774248023197,1991.0892566342736
5267,0.07394229723361753,0.12846543476784333,0.8715345652321567,2006.1807302880557
5268,0.8827515836701618,0.8917446560396881,0.10825534396031189,1994.1274032755755
5269,0.6493441808855364,0.7838161289799696,0.21618387102003045,1999.6650573740408
5271,0.500826472178048,0.6365790829820301,0.36342091701796986,1998.4335946836188
5272,0.6232939016145579,0.8159014017548475,0.1840985982451525,1997.6141932005
5273,0.565272431649781,0.8004723028229961,0.19952769717700392,1997.1667744188067
5274,0.823881218399051,0.8996902419673694,0.10030975803263065,2000.0546512027545
5275,0.6527111930350853,0.7480984085923792,0.2519015914076208,1996.7480996523927
5276,0.5905722681150996,0.6913380216609081,0.3086619783390919,2001.5811874382853
5277,0.8589012519600027,0.9173517431151754,0.08264825688482458,1994.6084579531769
5278,0.8317762638125706,0.9175385651619475,0.08246143483805246,1994.8035734814948
5280,0.8169320369203332,0.881565127176229,0.11843487282377096,1992.599303269073
5281,0.6321908182726761,0.8488011938689559,0.15119880613104408,1996.8112451194845
5282,0.7061044075408212,0.8771202206604378,0.12287977933956218,1993.0752892361086
5283,0.8632011245729271,0.8943285971835248,0.10567140281647525,2001.1697280814133
5284,0.2574649992342768,0.4336775479539155,0.5663224520460846,2002.1713381919253
5285,0.7316651752057255,0.932886393391155,0.06711360660884502,1989.5706108180868
5286,0.35678236981770356,0.5422193700029179,0.45778062999708213,2002.0960288810804
5287,0.2251063815479514,0.42021391963986204,0.579786080360138,2003.1800120748383
5288,0.543111206557262,0.7857560964604055,0.21424390353959455,1996.1049306650496
5289,0.4221289662765397,0.709784917061055,0.29021508293894505,1998.5056582588284
5290,0.7878953391233512,0.8382086456816616,0.16179135431833835,1993.3938457372283
5291,0.45311325955636916,0.6383287959321838,0.36167120406781617,1999.7716740623732
5292,0.6447698843274408,0.7990666673642247,0.20093333263577529,1994.7189502877536
5293,0.496186759149409,0.7640236124569274,0.2359763875430726,1995.0592509276562
5294,0.40147001681861083,0.6810335190978423,0.31896648090215773,1998.5777904288805
5295,0.8949970184045754,0.9136862006342666,0.08631379936573336,1990.7054708048395
5296,0.6223094674433743,0.7379306195891666,0.2620693804108334,2004.2553346415987
5298,0.2402258388557564,0.6748419637103233,0.32515803628967666,1998.0082965802915
5300,0.4848848799777767,0.7775322786597849,0.22246772134021509,1997.392302221294
5301,0.8364615047197895,0.9261267126855667,0.07387328731443332,1993.6426343791695
5302,0.4667260943058451,0.6305014890922204,0.36949851090777963,2000.0660282109875
5303,0.5636052135976176,0.7429352917454999,0.2570647082545001,1999.1321141976837
5304,0.7823882338440636,0.9170528070167024,0.08294719298329756,1996.702163373075
5305,0.66057260644101,0.8559082826913524,0.14409171730864756,1993.6795140394458
5306,0.6139355809729703,0.715644883253246,0.28435511674675396,1996.82451084658
5307,0.532822750462624,0.7739987116417149,0.22600128835828515,1998.4068065985307
5308,0.7026186960488071,0.867519840889354,0.13248015911064603,1999.3534985999813
5309,0.3577458765585024,0.3658416097089813,0.6341583902910187,2005.7296058244224
5310,0.09099842327450282,0.12101792041774749,0.8789820795822525,2008.6655161220665
5311,0.4543827934192216,0.68457985016875,0.31542014983125,2001.2401652307933
5313,0.33444860579204155,0.5599704739389737,0.4400295260610263,1999.2770841549677
5314,0.43043943149696634,0.5932415055319161,0.4067584944680839,1999.4086920405432
5315,0.4588435808545738,0.5904535961942534,0.4095464038057466,2002.1589169647168
5316,0.47018271925152266,0.7430175308584794,0.25698246914152056,1994.3154102504054
5317,0.7914341521660311,0.860889311738904,0.13911068826109596,1999.6224227489859
5318,0.5220500487081365,0.8086766176704618,0.19132338232953816,1994.7115695975572
5319,0.6481204714707881,0.8239607143717204,0.17603928562827964,1992.8116227736054
5320,0.22026154583680213,0.453015856509191,0.5469841434908089,2000.3443688619845
5321,0.6409520559775862,0.6517781131454154,0.34822188685458455,2002.906497369626
5322,0.8180527508575762,0.9199234278465037,0.08007657215349628,1999.2171712500294
5323,0.560637519004585,0.808424373785127,0.191575626214873,1995.5494223114197
5324,0.34154805921043985,0.7675599738267361,0.23244002617326387,1997.2043468175852
5325,0.7603109855844152,0.8937826511797543,0.1062173488202457,1996.7362452271366
5326,0.589333391325443,0.7927092911709442,0.20729070882905576,1998.9133900519635
5327,0.8406676704468317,0.9083859858633779,0.09161401413662207,1995.5560989368187
5328,0.6379000517613509,0.6747991980478576,0.3252008019521424,1998.3727266644842
5329,0.11665367544915586,0.1703114656051024,0.8296885343948976,2008.2388440958116
5330,0.7913398324987198,0.8940388525994494,0.10596114740055063,1997.6856083291436
5331,0.4136556485537468,0.6976029324636701,0.3023970675363299,1998.0584326997014
5332,0.5297281838818145,0.6793332503089009,0.3206667496910991,1999.686188877412
5333,0.3003583079309054,0.4844572793554022,0.5155427206445977,2003.4957485444686
5334,0.7130486421088555,0.8669038751304421,0.1330961248695579,1999.37692793243
5336,0.15760039771979226,0.19665711012554504,0.803342889874455,2010.2030767108872
5337,0.4298821641124075,0.5874397016596782,0.4125602983403218,2003.3238009118675
5338,0.9431373527373528,0.9827392931392931,0.01726070686070691,1985.6816349924186
5339,0.08327977757917229,0.1028070080707988,0.8971929919292012,2010.7962284608634
5340,0.43730729370040133,0.7074968659078298,0.2925031340921702,1997.5163076708975
5341,0.4088778816365299,0.7132081702218317,0.2867918297781683,1998.5996474399126
5342,0.3693847043201139,0.5615595672362502,0.4384404327637498,1998.81773079121
5343,0.7189931287293184,0.8918650918041411,0.10813490819585891,1995.0201193878838
5344,0.7479401147132964,0.8956948666837,0.10430513331629998,1992.5246837635382
5345,0.4068878991092731,0.7018610830933861,0.29813891690661387,1995.4574801539982
5346,0.17392786239221403,0.4068383638234915,0.5931616361765085,2001.184435629418
5347,0.5986167203099695,0.6069005104655693,0.39309948953443075,2004.1956325688202
5348,0.6575202911511981,0.7981049580192453,0.2018950419807547,2001.4691105478878
5349,0.6453224903574849,0.7935551273588569,0.20644487264114308,1994.838205607729
5350,0.7157643309961302,0.8551996113354751,0.14480038866452494,1995.870977671819
5351,0.6295651450115604,0.831857481871513,0.16814251812848702,1999.5330060368913
5352,0.6198873284301762,0.8075343011202935,0.19246569887970655,1998.5943800172379
5353,0.8567391851729103,0.9189143061979748,0.08108569380202524,1995.131518824668
5354,0.5267979996291334,0.6605841654382612,0.33941583456173885,1996.8498328263165
5355,0.3511461492323056,0.575604128664647,0.42439587133535295,2003.0297663492865
5356,0.7422478635135732,0.8219486654220532,0.17805133457794675,2001.252253957772
5357,0.6825657933131692,0.7153963732135626,0.28460362678643736,2002.4889656868654
5358,0.602905179226405,0.6563988964046886,0.3436011035953114,2001.0495907588797
5359,0.5040201775471488,0.7848331489778635,0.2151668510221365,1999.1890136801858
5360,0.5938290951787113,0.7365396226162042,0.2634603773837958,2000.4982453211471
5362,0.6208854493815866,0.7422658873097562,0.2577341126902438,1998.8872392877838
5363,0.2822822770717471,0.5050437736819033,0.49495622631809666,2004.0379497133572
5364,0.8379554883227921,0.9747586113704486,0.025241388629551387,1989.8026385035703
5366,0.506955574878773,0.7571061131870513,0.24289388681294866,1995.8907154313436
5367,0.4018485972499943,0.6205227222685504,0.37947727773144957,1999.81520939065
5369,0.5619762002387967,0.7258346246141671,0.27416537538583285,1999.7888867652912
5371,0.1316529392006894,0.2083802193303379,0.7916197806696621,2005.2284362463236
5372,0.6496941787040136,0.7645508238389603,0.23544917616103966,1994.2627825455297
5373,0.7427680633089543,0.8149697045885151,0.18503029541148486,1996.7450943255958
5374,0.804087219536825,0.8993570596524061,0.10064294034759391,1996.924714697756
5375,0.720483612714012,0.8239020560796987,0.17609794392030131,1993.1799848020282
5376,0.6679371810203097,0.8406526315381078,0.15934736846189224,1996.8809393791496
5377,0.6954518165046972,0.8711623600118313,0.12883763998816866,1998.6132573722589
5378,0.5178391527817592,0.7481966478478809,0.25180335215211913,1999.4924717349106
5379,0.736388138529973,0.8608038206973949,0.13919617930260508,1995.9130490691107
5380,0.5986602559958117,0.6674530198643541,0.3325469801356459,1999.6710807655477
5381,0.30590864153771585,0.5291182945395457,0.47088170546045427,2002.4422371253215
5382,0.8006612846370843,0.9061111057443609,0.09388889425563907,1993.8078557790782
5383,0.5989731391938874,0.6366487971634087,0.3633512028365913,2003.9066072547532
5384,0.8828297681293933,0.9383248512701402,0.0616751487298598,1989.6589441367219
5385,0.6372198825691872,0.8429446169746573,0.15705538302534272,1996.0413198969397
5386,0.8408282389204488,0.9448427480223983,0.055157251977601685,1994.9896383397759
5388,0.35976065590777745,0.5428316281643268,0.45716837183567316,2001.721955328886
5389,0.5001903202166939,0.6421035857534019,0.3578964142465981,2002.3910790828904
5390,0.874326563124289,0.9521360387024205,0.04786396129757953,1989.1011562162043
5392,0.3015361442954372,0.5169193817049675,0.48308061829503246,2000.640253639534
5393,0.7248064666376789,0.8816150419615574,0.11838495803844262,1993.9637111869913
5394,0.4672344577672255,0.6969194242174384,0.30308057578256165,1996.1415469456508
5395,0.6509286409293489,0.7543863692864422,0.2456136307135578,1996.557591548716
5396,0.8195047799118815,0.9300638261586536,0.06993617384134643,1991.219757549202
5397,0.08780551049926788,0.2932715575328873,0.7067284424671127,2003.7133453245528
5398,0.692778322945955,0.8017590013505177,0.1982409986494823,1995.5608750542697
5399,0.8027574470505698,0.8268667399836933,0.1731332600163067,1996.321901316605
5400,0.6541116516960654,0.8439063526962475,0.15609364730375253,2000.0121213074326
5401,0.6910385450078763,0.8326973399018839,0.16730266009811612,1994.7843206800187
5402,0.8445728753420376,0.8948548542274507,0.1051451457725493,1998.5078699486878
5403,0.5631491582788585,0.8162679006938653,0.18373209930613466,1997.5264394640744
5404,0.44099047015870213,0.7779383677335033,0.22206163226649667,1998.3738116022555
5405,0.8435612034189693,0.9328184957552798,0.06718150424472025,1994.069345729739
5406,0.3257718632653193,0.42433897998358355,0.5756610200164165,2003.565962648101
5407,0.4476562936809603,0.6493613006169798,0.35063869938302017,2001.8500494761365
5408,0.7401198699808446,0.8453357228086698,0.15466427719133025,1999.4923050887883
5409,0.7065088094623766,0.7721177312809788,0.22788226871902117,2000.857242204829
5410,0.6349614249329052,0.7388231124489693,0.26117688755103075,1999.2289685105654
5411,0.6565437470628028,0.8896646541305415,0.11033534586945848,1995.306990488368
5412,0.6564599575254708,0.7781855282659884,0.2218144717340116,1999.7705437934276
5415,0.5975168415296269,0.7763913697146767,0.2236086302853233,2000.132106300163
5416,0.8938304653727739,0.9398084381811624,0.06019156181883756,1989.4271974689243
5418,0.3874109402386648,0.6568126163956063,0.3431873836043937,1998.525567374971
5419,0.22108201184829704,0.4414963914289444,0.5585036085710555,2000.7640036701691
5420,0.602536970022489,0.8419798229686878,0.15802017703131221,1995.7588495721045
5421,0.724031678044181,0.8586739364367274,0.1413260635632726,1993.222675007268
5422,0.4463100469481794,0.667289618962945,0.33271038103705497,1996.5601946678537
5423,0.5764542928125771,0.8030025399663752,0.19699746003362484,1993.06576967807
5424,0.7197744800293103,0.749254373082944,0.25074562691705604,1997.398382036004
5425,0.6383060282898818,0.7165690303564406,0.2834309696435594,2006.3662570296356
5427,0.31570061674428596,0.5978010083843242,0.40219899161567585,2000.9030077728005
5428,0.5438072733650274,0.7544295839048926,0.24557041609510744,1998.3662200070696
5429,0.5515810155614983,0.8878230760915411,0.1121769239084589,1996.7832777173674
5430,0.8239697917635769,0.9151023963148326,0.08489760368516741,1993.6638821278673
5431,0.3485179876114285,0.4319608872355224,0.5680391127644776,2003.2358774672066
5432,0.6839656141410445,0.7882146856684233,0.21178531433157666,1999.8749340368115
5433,0.7536748749973617,0.872345202569653,0.12765479743034702,1995.3034036678432
5434,0.46706656255477547,0.4934548337081323,0.5065451662918676,2008.5345490419181
5435,0.6723243942865822,0.8125646325437652,0.1874353674562348,1996.332586264545
5436,0.5986482093097332,0.7749500167999939,0.22504998320000613,1998.9216537869927
5437,0.6984105798354711,0.8979643505543909,0.10203564944560906,1995.4012327580463
5438,0.8254483787194996,0.8364837726323409,0.16351622736765914,1992.1709634868885
5439,0.4031586524500722,0.574550210017873,0.425449789982127,2003.234361461772
5440,0.6342556883658043,0.8003177370501011,0.19968226294989888,1999.441427807359
5441,0.7608737680954402,0.9244829537416891,0.0755170462583109,1991.277864137724
5442,0.2313000368713253,0.3949948075482344,0.6050051924517656,2002.6525321171994
5443,0.538567866887807,0.7963244342196779,0.2036755657803221,1995.4415280353007
5444,0.3289472937174184,0.4775427428795932,0.5224572571204068,1999.8019944858988
5445,0.31630279600250244,0.5475724861181799,0.4524275138818201,1998.8061286573768
5446,0.553909154153209,0.7947825216735832,0.2052174783264168,1994.575878481784
5447,0.6706871524092068,0.7948776571133067,0.2051223428866933,1995.2805272497758
5448,0.3935130970136444,0.719967306447267,0.28003269355273297,1996.167586983878
5450,0.7924546188033994,0.9004374032704583,0.09956259672954171,1999.5155683404582
5451,0.5310945811664234,0.816248004772674,0.183751995227326,1995.0437554875666
5452,0.72391870430683,0.8828080222085993,0.11719197779140067,1995.693394323996
5453,0.8468355536698908,0.9428768922136199,0.05712310778638008,1992.042227462098
5454,0.526222118396621,0.8205274975801736,0.17947250241982637,1996.9270071201342
5455,0.747600372846898,0.8530739643618663,0.14692603563813367,1996.5704336655224
5456,0.5518835795323959,0.6548630408892417,0.34513695911075826,1999.3387779034447
5457,0.43749556010612506,0.6686500766492983,0.3313499233507017,2000.992236504106
5458,0.7140013887752779,0.8486679024119482,0.15133209758805177,1997.5474489402209
5460,0.44508560751876364,0.5869718801644594,0.41302811983554055,2000.944112439531
5461,0.3733237316718284,0.5634688089504184,0.4365311910495816,2004.5772662558272
5462,0.6231059598187972,0.7687618514339604,0.23123814856603964,1999.7373088534782
5463,0.06744058875800314,0.1918726788033448,0.8081273211966552,2006.4843615862794
5464,0.2593074294754177,0.4333331172157135,0.5666668827842865,2003.289075886158
5465,0.37481889913742905,0.5594010829232718,0.44059891707672816,2004.0294949129052
5466,0.19882725989754965,0.37985990394835534,0.6201400960516447,2005.1189012673544
5467,0.559984407933567,0.750072781363558,0.24992721863644196,1996.7624276140432
5468,0.5739465291319641,0.8321816624446429,0.16781833755535713,1995.3646353445097
5469,0.8088252783748906,0.8461957650450246,0.15380423495497542,1992.6735701287269
5470,0.248275792141161,0.3859866212779632,0.6140133787220368,2004.5257587729188
5471,0.4469570230747697,0.6469433595051788,0.3530566404948212,1996.5725974895058
5472,0.7003335943042647,0.8663453403797153,0.13365465962028467,1994.6842407088131
5473,0.12666310530975297,0.3152744527136432,0.6847255472863568,2003.97541870101
5474,0.8405944595583261,0.8905208242671586,0.10947917573284138,1993.1316158971918
5475,0.5372030508023256,0.6562618161530219,0.3437381838469781,2006.119394543877
5476,0.6874224448257645,0.8342942325569966,0.16570576744300336,1993.5917833082062
5477,0.8255004591009714,0.8900968708373456,0.10990312916265443,1993.7639411410598
5478,0.4486145347077953,0.6919542786885442,0.3080457213114558,1999.4268582494074
5479,0.5001914014444635,0.8470131341523462,0.15298686584765375,1997.01306116328
5480,0.7211067671457215,0.8606985435541894,0.1393014564458106,1994.5883598151906
5481,0.6366133100005147,0.7069504349168768,0.2930495650831232,1998.2646334190085
5483,0.848602749821419,0.9275283592179909,0.07247164078200907,1995.7985584833054
5484,0.8362029434885143,0.9211139255247911,0.0788860744752089,1990.4607348212696
5485,0.7958309895201559,0.8794298069053401,0.12057019309465988,1993.0098775386787
5486,0.6494893725481415,0.841219123795498,0.158780876204502,1996.7868425771067
5487,0.5594145346383944,0.6774580562322187,0.32254194376778134,2003.9805884223902
5488,0.1226055942132328,0.2920691004311767,0.7079308995688234,2005.2239022314793
5489,0.3173259693317994,0.35398445768369785,0.6460155423163021,2003.441307602695
5490,0.5057342130238051,0.7953410680629911,0.2046589319370089,1998.949593394508
5491,0.9253451270126277,0.9550562211167692,0.044943778883230756,1988.6086561812904
5492,0.32933160053985544,0.6802052072148259,0.3197947927851741,1997.2689199898127
5493,0.5123813772814642,0.8279203244450856,0.17207967555491444,1993.8334201049938
5494,0.32232908174189784,0.47491869084942423,0.5250813091505757,2001.0605458947502
5495,0.330960462023917,0.552513097256365,0.447486902743635,2000.599273507976
5496,0.7870042632874215,0.9099896535793521,0.09001034642064787,1990.9369866669674
5497,0.5501127272609746,0.7727399488514193,0.22726005114858072,1994.5530838881068
5498,0.16230651946826424,0.4361750847530791,0.5638249152469209,2001.5021222300206
5499,0.7732484419253841,0.7858902663552376,0.21410973364476238,2000.018428170529
5500,0.8054765955830121,0.9112597284521968,0.08874027154780317,2000.3138034001884
5501,0.7722278192706008,0.8891998234511632,0.11080017654883678,1993.2473760739936
5502,0.7119353781121096,0.8421910278152505,0.15780897218474954,1995.7993737069664
5503,0.6390039874390321,0.8251417739534441,0.17485822604655588,2000.2138595155823
5504,0.5282521968590935,0.7854584599463077,0.2145415400536923,1997.9910142605643
5505,0.80266596580478,0.8991947787410306,0.1008052212589694,1994.3332578543257
5506,0.5447595905653227,0.6650301514331124,0.3349698485668876,2000.6401640358742
5507,0.33485738881292226,0.61302066917238,0.38697933082762004,2001.3102342039326
5508,0.7840116328779757,0.8801910273291259,0.11980897267087409,1996.349888002581
5509,0.35799112578610415,0.4409884511656523,0.5590115488343477,2004.819751799194
5510,0.765249513522689,0.8477732873588413,0.15222671264115872,1992.94989716201
5511,0.7127160105622814,0.8245467486065966,0.1754532513934034,2003.3399430451857
5512,0.6673608810961634,0.8421106603035302,0.1578893396964698,1997.0282066844798
5513,0.2937002368726684,0.3024562871867853,0.6975437128132147,2005.5579375591012
5514,0.43094617587554895,0.5039571724378668,0.49604282756213325,2003.6094904682059
5515,0.5162357860436882,0.7007296331999378,0.29927036680006225,2002.426125692792
5516,0.1857368581826527,0.49558825277649854,0.5044117472235015,2002.9094788704977
5517,0.6730827661598657,0.833681563045986,0.16631843695401405,1996.9235839114879
5518,0.8395615356287423,0.8608826885042581,0.1391173114957419,1990.7924877728262
5519,0.36425430577372264,0.5292672003905625,0.4707327996094375,2001.7717104943667
5520,0.6972527963364349,0.8404211469955349,0.15957885300446506,1991.8573017299755
5521,0.3185037680170542,0.7494182713384818,0.2505817286615182,1995.4057251639583
5523,0.7812671111869115,0.8455627402706454,0.15443725972935463,1997.0086984319178
5524,0.6436091288678506,0.7700768679516456,0.22992313204835435,2003.0636779264469
5525,0.7466013347793061,0.8639859543877952,0.13601404561220476,1993.800957749656
5526,0.09154940330047516,0.1410636560926055,0.8589363439073945,2006.2405834287047
5527,0.5044802432956145,0.7344947339619329,0.2655052660380671,2000.0803658469104
5528,0.6001471372735945,0.8224702637629194,0.17752973623708057,1997.7669915881474
5529,0.8133502338467644,0.9256382251032762,0.0743617748967238,1993.4470435916999
5530,0.49512604582010145,0.5785802707871986,0.42141972921280135,2002.193612848406
5531,0.4732684618793476,0.6710903345221929,0.3289096654778071,2001.2466514318085
5532,0.8374051455187834,0.9362424814623992,0.06375751853760081,1993.1343635635785
5533,0.41287224428656155,0.7058503448826926,0.2941496551173074,1999.086129269958
5534,0.615703907941649,0.705840452028681,0.29415954797131905,1998.5501559667518
5535,0.6564641754087931,0.8311063560964408,0.1688936439035592,1999.1260844729093
5536,0.7012782780348599,0.8708620017594427,0.12913799824055727,1996.7177481637534
5538,0.3850155934227931,0.5903041085462051,0.4096958914537949,2002.2287687113896
5540,0.21899154435389276,0.3490264277190155,0.6509735722809845,2004.28808997932
5541,0.4552784348019871,0.7243698508533042,0.2756301491466958,1996.8371797076527
5542,0.2665684973713575,0.562337965147587,0.43766203485241295,1998.4768763423037
5543,0.6482880293610849,0.8563167688679828,0.1436832311320172,1995.860989315151
5544,0.4401344909561744,0.6954401937380734,0.3045598062619266,1995.8126535933127
5545,0.15800205416250662,0.38446729767713966,0.6155327023228603,2002.6905425126506
5546,0.6207494732163619,0.7388699790899491,0.2611300209100509,1996.276962976529
5547,0.6819473739717359,0.6958161955986782,0.30418380440132176,2003.4926370803184
5548,0.825947113619833,0.9048722009005594,0.09512779909944058,2000.0990608691293
5550,0.6231115861567035,0.6996540798348113,0.3003459201651887,1998.5125364659964
5551,0.6587193390462212,0.833617408069783,0.16638259193021698,1997.3681585846264
5552,0.49792055411026803,0.8445269705581769,0.15547302944182306,1995.7022445594525
5553,0.8314643792208005,0.9219648859607087,0.07803511403929131,1995.5017728120715
5554,0.37690136336213836,0.46512602845969353,0.5348739715403065,2004.1654227132474
5555,0.3893487021314779,0.6131580713546826,0.3868419286453174,2002.3962977956803
5556,0.8164701823400634,0.9262510648211545,0.07374893517884551,1994.508440269006
5557,0.7814037222560238,0.8066705006070406,0.1933294993929594,2001.0855501980952
5559,0.6062631995813808,0.7112684457766355,0.2887315542233645,2004.2820141384216
5560,0.6752816192658,0.7950217368311441,0.20497826316885592,1997.0365872554717
5561,0.3398614174494803,0.7956568479388241,0.20434315206117593,1997.4480930596287
5562,0.27437368073596424,0.36329939913632014,0.6367006008636799,2004.0159977541011
5563,0.6790250546975801,0.8405908937553105,0.1594091062446895,1998.2207584399316
5564,0.4453356468753394,0.6862889564835382,0.31371104351646184,1998.4562856423736
5565,0.3886904716106865,0.5668261517046652,0.4331738482953348,1999.9156674651963
5566,0.30181879274650714,0.5673511527330667,0.4326488472669333,1998.2263274454756
5567,0.33267676781648625,0.5222628272338212,0.4777371727661788,2000.8031856972586
5568,0.6248865151016081,0.7925419318582952,0.20745806814170475,1993.7095110551381
5569,0.17987389007143936,0.4511421186391545,0.5488578813608456,2000.4387122411908
5570,0.6002223991771466,0.7816935474078823,0.21830645259211767,1994.4642061174957
5571,0.8754171904122058,0.895579587649719,0.10442041235028099,1993.2952830595439
5572,0.5874716809083442,0.7357885608908181,0.2642114391091819,2001.1466622179778
5573,0.645262559965994,0.7846044268566686,0.21539557314333135,1994.4345914305875
5574,0.3995606346507014,0.7552832554870923,0.2447167445129077,1996.2665090936996
5575,0.5929791969451479,0.7916819606662154,0.20831803933378457,1998.4194702145935
5576,0.4719418097613035,0.6984474771833455,0.30155252281665446,2002.2585888700917
5577,0.8552063605467293,0.9168757113673087,0.08312428863269128,1991.2006665943086
5578,0.5030266760140059,0.5332850767450741,0.4667149232549259,2001.2423532431822
5579,0.4783789177545711,0.6564141937646509,0.34358580623534907,2000.64530697363
5580,0.7531874654259358,0.9088841071826476,0.09111589281735244,1992.2604687058306
5581,0.6711197185201176,0.7433884610702942,0.2566115389297058,1998.4627437962163
5582,0.6960238847929099,0.846698906877626,0.15330109312237405,2001.392491475834
5583,0.7823815829910004,0.8843814027223689,0.11561859727763113,1997.6802015299284
5584,0.05913093616568419,0.2318440142413358,0.7681559857586642,2005.936933043875
5585,0.25523732251521297,0.5070669371196754,0.49293306288032457,2002.24263449605
5586,0.22261923363464572,0.5505595328636532,0.4494404671363468,2003.2676195466563
5587,0.23991627279689745,0.3581260240868273,0.6418739759131726,2008.0659259411918
5588,0.40695044690407806,0.7901280678898253,0.20987193211017474,1996.5165079758015
5589,0.4889679985908661,0.6090259508761077,0.39097404912389233,1996.6647797624075
5590,0.32323126689089177,0.589975464908349,0.41002453509165104,2001.6125891017357
5591,0.5620793708700554,0.7063754871745773,0.2936245128254227,1995.3246982565936
5592,0.27265976309505685,0.6048468000017931,0.39515319999820686,1998.040192517418
5593,0.8074446751693395,0.9113680404424688,0.08863195955753123,1989.5261806141039
5594,0.8894664569182771,0.9242696073531191,0.07573039264688086,1991.9897712479078
5595,0.792725967859943,0.914135443641399,0.08586455635860102,1999.6931066699194
5596,0.6218998890027992,0.8146621493265594,0.18533785067344055,1995.6344018454852
5597,0.648644005634252,0.7163379488133521,0.2836620511866479,1999.202907683685
5598,0.8332720412432911,0.9059998462315157,0.09400015376848425,1994.5191704418169
5599,0.5560481240751588,0.7970257232203339,0.20297427677966606,1996.2417812702092
5600,0.7381271857167079,0.8988561035917415,0.1011438964082585,1994.961459721301
5601,0.3080994693537761,0.3753667383388066,0.6246332616611934,2004.7320117786865
5602,0.5304415039584452,0.7502543327532891,0.24974566724671088,1999.0290897086934
5604,0.6859168582484715,0.8012955422564233,0.1987044577435767,1994.4499462193223
5605,0.5857535831234544,0.7798707479585191,0.22012925204148093,1998.1778965020533
5606,0.7893798818650315,0.9237695021419559,0.07623049785804414,1993.092800010931
5608,0.41365931752279733,0.6573301360783474,0.34266986392165255,2000.2578492314917
5609,0.44732692450165007,0.7103900775583566,0.2896099224416434,2001.848853019726
5610,0.2562649671544207,0.4362197179302428,0.5637802820697573,2002.5000529001713
5611,0.5281145071406237,0.7401917608862731,0.25980823911372686,1996.3349383588986
5612,0.3272989834843399,0.589229587633449,0.410770412366551,1998.1713793255421
5613,0.3515371251861651,0.5143361993278527,0.4856638006721473,2001.4667743590696
5614,0.47108312611064307,0.7354742126389536,0.26452578736104637,1995.5096350925012
5615,0.535639618122715,0.7871054867438034,0.21289451325619657,1995.4731194984236
5616,0.5728361094414514,0.736321322426021,0.263678677573979,1994.1569717640596
5617,0.822258275851424,0.8954875414893045,0.10451245851069546,1994.9708475409896
5618,0.7675142777573204,0.9026376936916681,0.09736230630833187,1999.0896339173567
5619,0.6365361983505922,0.8748284219791539,0.1251715780208461,1993.593116730218
5620,0.8023191489828146,0.8607874846631147,0.13921251533688528,1995.3445352737403
5621,0.5431677088636866,0.770615017529861,0.22938498247013905,1998.7600836516774
5622,0.6304741155597378,0.8516857848183762,0.1483142151816238,1995.3980147112072
5623,0.8518889015916569,0.9198203934470655,0.08017960655293455,1994.3238103420817
5624,0.5068135913636137,0.5073439132381473,0.4926560867618527,2000.961011776395
5625,0.45437174738697644,0.677952371821396,0.322047628178604,2001.1219295067942
5626,0.7169060680278909,0.9238591207857446,0.07614087921425539,1994.1330847554855
5627,0.7567906815876638,0.8407422328212715,0.15925776717872853,1992.7995709125637
5628,0.5882013163752993,0.8141894275007391,0.18581057249926092,1997.8214480202382
5629,0.7093653439816933,0.8584836906008881,0.14151630939911186,1998.6346254530717
5631,0.3385382668695145,0.633160891683152,0.36683910831684796,1999.0448595422122
5632,0.7981985741438412,0.9017238714955728,0.09827612850442724,1996.5693905946748
5633,0.48532183982262606,0.7048478296013893,0.29515217039861075,1996.9830715627504
5634,0.3907585718517638,0.6315887793489247,0.36841122065107534,1998.85216639651
5635,0.257605229772067,0.38690435301309267,0.6130956469869073,2004.2040899114625
5636,0.4266790130635066,0.7941787731993489,0.20582122680065107,1996.0889407801476
5637,0.5739924117049039,0.8102663125645714,0.18973368743542862,1994.8516741324875
5638,0.20339248233130638,0.5388668916776017,0.4611331083223983,1999.2820558375467
5639,0.6913017707638734,0.9309532629826028,0.06904673701739716,1991.016406963887
5640,0.9196508108608774,0.9513183810569387,0.04868161894306133,1993.1203188612985
5641,0.7588403633788792,0.8453590979424704,0.15464090205752956,2003.480494993236
5642,0.6841586499590869,0.8750315887666689,0.12496841123333113,1993.220314803619
5643,0.8089181938532733,0.9121197404580509,0.08788025954194911,1994.0113698446107
5644,0.7798831289215213,0.895859513153476,0.104140486846524,1993.933998305255
5645,0.7192306445175791,0.8373395804702045,0.16266041952979549,1998.951433005243
5646,0.870461388082261,0.9291061356104017,0.07089386438959833,1994.603338731458
5647,0.4357615636949475,0.5715542888139405,0.42844571118605945,2000.2069263774677
5648,0.6962395488571941,0.8394837942754807,0.1605162057245193,1998.973042823219
5650,0.1643799227038208,0.22939091461919145,0.7706090853808085,2011.1550761285032
5651,0.5545183644993549,0.7344345906722296,0.2655654093277704,1999.8354452831338
5652,0.7974903244599159,0.8888716291289699,0.11112837087103011,2000.0789806016505
5654,0.12528781708292425,0.20210423577665587,0.7978957642233442,2006.2774239310936
5655,0.2518659594837742,0.460659290358111,0.539340709641889,2005.1856613838654
5656,0.4559892850038072,0.7572653779402786,0.2427346220597214,1996.2921908759731
5657,0.6691451887027973,0.8870499792198197,0.11295002078018035,1994.7450753533085
5658,0.26407275090708043,0.3160168470817375,0.6839831529182625,2007.1202254626512
5659,0.2949737384090452,0.5658088421907518,0.4341911578092482,2000.0645931515025
5660,0.5015389454850865,0.779454285144125,0.22054571485587504,1994.0277546661416
5661,0.44565903072486085,0.7351654833492178,0.26483451665078217,1995.5062523350903
5662,0.8772382830564485,0.9281402027193233,0.07185979728067671,1988.6440826141936
5663,0.8087378858419005,0.8859143871303501,0.11408561286964991,1998.9673490982912
5664,0.7137571487913665,0.8455903023996442,0.15440969760035583,1992.9317220593489
5665,0.6984358298771558,0.7424038393546146,0.2575961606453854,1998.0270994670855
5666,0.4547251641538174,0.6764106547005915,0.3235893452994085,2000.5034929806457
5667,0.3201364462217677,0.7392647293674708,0.2607352706325292,2000.1382669113639
5668,0.7222039224947846,0.8289057660714767,0.1710942339285233,1997.7058422169077
5669,0.561636258028853,0.6442927440196602,0.3557072559803398,2000.5977964634665
5670,0.4992291231291526,0.6564128076444475,0.34358719235555246,2001.0895968889774
5672,0.680953535132847,0.7863305693149581,0.21366943068504185,1995.6418130583215
5673,0.5227461981330533,0.7644265846575938,0.23557341534240617,2000.366448101791
5674,0.7830805339228543,0.9252601331817728,0.0747398668182272,1997.4630969315645
5676,0.23559884750637947,0.3287018805191066,0.6712981194808934,2005.6768505221844
5677,0.32786106398106446,0.5389155825295671,0.46108441747043294,2002.84527571464
5678,0.6409423968944481,0.8343138568886962,0.1656861431113038,1995.8420167354739
5679,0.41495902291064096,0.6270639613336931,0.37293603866630687,1999.1624173263633
5681,0.6258948595120366,0.8477238819344408,0.15227611806555919,1995.2080576949938
5682,0.6339960053483896,0.8231159092105008,0.17688409078949918,1995.6289703449454
5683,0.20036981689675032,0.4937293097761689,0.5062706902238311,2001.4149716450868
5684,0.5896212496107612,0.8688763369811784,0.1311236630188216,1991.8833022226809
5685,0.6231234113869197,0.8120253973784538,0.1879746026215462,1999.220824362115
5686,0.7811255124302547,0.8841001284963779,0.11589987150362213,1992.6861992105762
5687,0.8082708608153216,0.8762196706336274,0.12378032936637262,1993.5876837237154
5688,0.764765192401682,0.918765216489556,0.081234783510444,1997.6875934767647
5689,0.48071604548064695,0.7929051096288731,0.20709489037112694,1998.2177660261498
5690,0.7156111348757938,0.8416542410063927,0.15834575899360726,1998.234145902904
5692,0.38971741587688025,0.5904973480566907,0.40950265194330926,2002.6101999140294
5693,0.08125942423416305,0.11154981771471081,0.8884501822852892,2013.8184862275946
5694,0.559669442429856,0.7168306493188749,0.28316935068112514,1998.6715572669411
5695,0.44142925976620034,0.6227474441882599,0.3772525558117401,2004.0023132870472
5696,0.776778460531333,0.8729445349908385,0.12705546500916154,1997.408362549562
5698,0.19193675225758566,0.4295476434516762,0.5704523565483238,2003.3455939702483
5699,0.4296120749249796,0.7382402483218994,0.2617597516781006,1999.0739950265581
5700,0.5461087997573079,0.693436951504908,0.30656304849509197,1996.479329206798
5701,0.36420883494160267,0.5438213132768097,0.4561786867231903,2001.0227675208348
5702,0.7185359338666201,0.76331427880963,0.23668572119037,1996.3597733875788
5703,0.29956673557243857,0.48934484759227026,0.5106551524077297,2003.8682263103706
5704,0.38084074137420376,0.7572712823871481,0.24272871761285186,1995.754972875226
5705,0.26077421961222114,0.5680069047782901,0.4319930952217099,1998.3119040614092
5706,0.6827683325943695,0.9292192089279733,0.07078079107202673,1990.295178688845
5707,0.7926964988492501,0.8678386131025796,0.1321613868974204,2000.107079199146
5708,0.6067099433688274,0.8154772969894504,0.18452270301054963,1995.606120141473
5709,0.4121410434272721,0.7396140872315466,0.26038591276845335,1997.1193092576834
5710,0.41427082067565163,0.6391283061864584,0.36087169381354156,2001.2371896127293
5711,0.26835125197871845,0.7490703176992046,0.2509296823007954,1999.2409797856037
5712,0.9014972382560006,0.9449435623386485,0.05505643766135149,1996.139338211835
5713,0.45573625936315654,0.5732301093774845,0.42676989062251547,2001.2231588913367
5714,0.4239369310677949,0.6640136227691996,0.3359863772308004,2001.1380295315466
5715,0.661110487927373,0.7045648067181474,0.29543519328185264,2000.8233733462255
5716,0.5269280600310811,0.6884681177067462,0.3115318822932538,1998.5787069652997
5717,0.4322631083403129,0.7005884118018131,0.2994115881981869,2000.258120108317
5718,0.7781900024126521,0.8867864048725782,0.1132135951274218,2000.1577822912416
5719,0.2604251315753593,0.359864743257615,0.640135256742385,2004.5173572383144
5720,0.6947169095747815,0.8473992926699397,0.15260070733006026,1998.222106759131
5721,0.5558792993509077,0.6810577861101876,0.31894221388981236,1998.7309297994793
5722,0.5845840694265466,0.7845720520400362,0.21542794795996378,1996.92230512898
5723,0.3144553551807563,0.5257707672959699,0.47422923270403006,1999.275855518526
5724,0.03569773690358356,0.12935268260726604,0.8706473173927339,2008.8446010427065
5725,0.5609781983695799,0.7527809572941688,0.24721904270583117,1994.9200554447054
5726,0.3365870461347337,0.6542125472923372,0.34578745270766276,1996.8418719812246
5727,0.6577607564675713,0.8716052820034859,0.12839471799651414,1992.0337466649728
5728,0.6447875588409098,0.78182133084314,0.21817866915686002,2001.5899568881125
5729,0.7492152871573421,0.8457475943672541,0.1542524056327459,1992.7885717711058
5730,0.5173561511696687,0.6122869528533896,0.38771304714661037,2001.7983848039064
5731,0.5186642267401873,0.8037419065888527,0.1962580934111473,1998.2816431175158
5732,0.5885989468514763,0.764974600808994,0.23502539919100596,1998.8715157619988
5733,0.8694233991275455,0.9331478582271671,0.06685214177283294,1996.2160390410963
5734,0.5507907829816103,0.6137907678929982,0.38620923210700175,2001.411696212757
5735,0.5813275074320947,0.728052171784851,0.27194782821514896,1999.7179672423038
5736,0.3255982427327821,0.4385083446268122,0.5614916553731878,2005.4974916914568
5737,0.5723515873361082,0.7822436216264261,0.21775637837357387,1995.7998340576617
5738,0.6928117156816462,0.8078989533731766,0.19210104662682337,1998.3339558246932
5741,0.7163083858251711,0.8553549538278561,0.1446450461721439,1997.5851894287896
5742,0.22675157829270223,0.4531130685027794,0.5468869314972207,2003.0777672039494
5743,0.11220636779152768,0.3542733711064628,0.6457266288935373,2004.2012469006138
5745,0.221045527754207,0.48188608496366964,0.5181139150363303,2001.0631378788394
5746,0.5946278649200727,0.8131875339667547,0.1868124660332453,1994.4437501974346
5747,0.18163772740059111,0.3984746193773626,0.6015253806226374,2001.386560678119
5748,0.7841560417937752,0.91099526393712,0.08900473606287995,1992.559296519643
5749,0.6442733728921217,0.8398239527921105,0.16017604720788947,1998.6682572574227
5750,0.6175219026136272,0.7027185036367847,0.2972814963632153,1998.3296592165193
5751,0.7303712327754259,0.8421471434288712,0.1578528565711288,1997.5450573134428
5752,0.7400194251616515,0.8703579973761766,0.12964200262382342,1998.2703759117342
5753,0.19179051618975607,0.7612858930703743,0.2387141069296257,1999.2803334012488
5754,0.8005123270846559,0.8964898729027405,0.10351012709725949,1995.9771483452932
5755,0.7070013504255673,0.7925517968553973,0.20744820314460266,1996.0541267527165
5756,0.5691733248720399,0.6801856083748803,0.3198143916251197,2001.875988530632
5758,0.5193757776371046,0.6296094625725092,0.37039053742749084,2001.4352638584871
5759,0.5253410852197513,0.7578267222780257,0.24217327772197428,1999.196775077237
5760,0.6128820793926627,0.83712364223304,0.16287635776695997,1995.8420603754628
5761,0.5238063350443667,0.6729614920081428,0.3270385079918572,1999.734626535108
5762,0.4473117767985796,0.7738438188171964,0.22615618118280356,1999.2156622006848
5764,0.2939347276316553,0.5049030954433635,0.49509690455663646,2000.8097701149425
5765,0.3488101992924941,0.5988693916150047,0.40113060838499526,1997.6412196952454
5766,0.41867028818532537,0.626967005044114,0.37303299495588604,1999.4996671097128
5767,0.1633921315210713,0.4274807939620957,0.5725192060379043,2002.53307649424
5768,0.2606253331003372,0.6130521200530853,0.3869478799469147,1997.8903098707367
5769,0.6146820407772067,0.8313838683717782,0.16861613162822175,1993.7450991747912
5770,0.7040629909537697,0.8253477021018467,0.17465229789815329,2000.0372365080796
5771,0.747982626430014,0.8389072456425781,0.16109275435742187,1993.5876318795479
5772,0.2429037382295938,0.44951035607339157,0.5504896439266085,2002.3428706388665
5773,0.5147559970205533,0.6621056124805851,0.3378943875194149,2001.6134078706534
5774,0.3222058681635574,0.7250046283463456,0.2749953716536544,1999.871508929082
5775,0.8048868700944041,0.8833873781656387,0.11661262183436127,1995.97740692831
5776,0.5502762443047212,0.583306121643922,0.41669387835607796,2002.8900606409672
5777,0.3458118499781019,0.473113857267875,0.526886142732125,2006.6414605896343
5778,0.20030852930239923,0.2660054662385418,0.7339945337614582,2008.4977697497798
5779,0.675254676053603,0.8272189432816511,0.17278105671834887,1993.8962699075619
5780,0.681242925770942,0.8327088528488332,0.16729114715116677,2000.122003082309
5781,0.535247538361405,0.7016635515781843,0.2983364484218157,2001.388615621708
5782,0.43950615066535753,0.6369451030166599,0.36305489698334015,2000.2253221804701
5783,0.2895522473647274,0.5917759026886684,0.4082240973113316,2002.7328362819667
5785,0.35699040010618543,0.6060992486400558,0.3939007513599442,1998.5270863362666
5786,0.21408986746358263,0.3785542943675373,0.6214457056324627,2001.778260426451
5787,0.45395977263953785,0.6455918959572967,0.3544081040427033,2000.459071728249
5788,0.3425235080585511,0.6916610085484999,0.3083389914515001,1997.8688148061017
5789,0.18387263600288575,0.5145078376129176,0.48549216238708237,2000.4020276973285
5790,0.7591840617525549,0.8215795704380179,0.17842042956198212,1991.3722197248817
5791,0.7126021315760455,0.8702764340068422,0.12972356599315782,1997.0943591707962
5792,0.7977638512161124,0.8738837776247834,0.12611622237521658,1993.2759265093548
5793,0.5893455108054593,0.746155530406356,0.25384446959364404,1999.2479146787182
5794,0.6675108305240689,0.8136978374332406,0.18630216256675936,1997.6521421473992
5795,0.5681486033232537,0.8186361458868404,0.18136385411315958,1996.1189689142723
5796,0.8094321661586478,0.8873362414666005,0.1126637585333995,1993.05242431423
5797,0.36609626138126883,0.49927997921363115,0.5007200207863689,2002.7765611937764
5798,0.10187897990297085,0.12867597196644995,0.87132402803355,2013.467460460093
5799,0.7574976745850028,0.8337753112478534,0.16622468875214658,1992.9323189176812
5800,0.35067967945756595,0.4085788388157536,0.5914211611842464,2005.4183539998953
5801,0.6829857174676347,0.84372896223275,0.15627103776725004,1999.7529640881316
5802,0.5362430130543127,0.6592533041257395,0.34074669587426054,1999.3933203337565
5803,0.4885709730286591,0.6702385036955278,0.32976149630447216,2001.2529827678752
5804,0.5235230802257207,0.6374620383617086,0.36253796163829144,1997.3627901587424
5805,0.366453201300585,0.6233312079969057,0.37666879200309433,1998.103095734946
5806,0.2896814733605451,0.40260077178128956,0.5973992282187104,2003.4839879643048
5807,0.7815880603223154,0.8571829484682785,0.14281705153172153,2001.4915632108414
5808,0.1322144903806795,0.5166118630605623,0.4833881369394377,2001.1185531121648
5809,0.3538192715683321,0.6689114750979117,0.3310885249020883,1995.9987836122077
5810,0.6270314064656267,0.7191726907230362,0.28082730927696375,1995.2120876594904
5811,0.7531169825669571,0.8653247927933428,0.13467520720665715,1999.006371996613
5812,0.8831793188063435,0.9205927096762304,0.07940729032376959,1991.521976009166
5813,0.7365158925651639,0.8812168183096571,0.11878318169034285,1994.8212086188087
5814,0.7370818896293325,0.8544516341037921,0.1455483658962079,1996.3323214545612
5815,0.6881711741280396,0.8678034498770008,0.13219655012299925,1997.5424246369319
5816,0.9136662154773459,0.9609627531944555,0.039037246805544545,1994.902378158376
5817,0.5455065747229124,0.6543554921968787,0.3456445078031213,2000.2607372965126
5819,0.6465358864817202,0.7743096354790404,0.22569036452095959,1996.112065319725
5820,0.5165990620117149,0.734577331128141,0.26542266887185895,1999.8109842560164
5821,0.400966101495191,0.5596277327636219,0.4403722672363781,2003.867698742686
5822,0.35191260873736946,0.46852511787624107,0.5314748821237589,2002.6288829665218
5823,0.7031529866206027,0.8454118674426164,0.15458813255738357,1997.0644078592777
5824,0.280762278946754,0.45618788066647076,0.5438121193335292,2001.5048806476434
5825,0.38604931278768856,0.6119470319668847,0.3880529680331153,1999.2686317154337
5826,0.718446312087365,0.8097109489222976,0.19028905107770244,1992.068549155585
5827,0.6568185038424467,0.7787761973853375,0.22122380261466246,1997.9961881913434
5828,0.4628596251870596,0.7175619650425653,0.2824380349574347,1995.4566996638773
5829,0.37922070569359556,0.6586236858986507,0.3413763141013493,1996.3391381729614
5830,0.7951643285595263,0.9033789780091263,0.09662102199087375,1990.0620564690475
5831,0.7783941866056828,0.8597516753007582,0.14024832469924176,2001.0863433016943
5832,0.7430159438186437,0.8610104817140617,0.1389895182859383,1993.9071646177194
5833,0.7821026735380779,0.8166859897184132,0.18331401028158678,1998.743935673708
5834,0.6363198897932041,0.8324315827962259,0.16756841720377413,1996.813338553183
5835,0.5687990415864317,0.8970920103224762,0.10290798967752379,1996.5519729981888
5836,0.8268868476668368,0.8947514924346011,0.10524850756539894,1998.3898704780545
5837,0.427273770244517,0.4278697127365977,0.5721302872634023,2001.8246781903156
5838,0.5562392226028826,0.6743834994360928,0.32561650056390723,1999.1862719403055
5839,0.8019728834070936,0.9016096654617133,0.09839033453828672,1990.7569685797164
5840,0.5407742238698503,0.6628898664958812,0.3371101335041188,2002.5167146132862
5841,0.7589973541845446,0.8957862331325247,0.1042137668674753,1994.2072648214964
5842,0.23033875808630977,0.45336040037638764,0.5466395996236124,2002.3116759807917
5843,0.10240568620243827,0.33591089251427203,0.664089107485728,2005.1842573168874
5844,0.512861642251208,0.6669303636477849,0.3330696363522151,1998.4330431876933
5845,0.6428054089672612,0.786071233463057,0.21392876653694304,1996.762631212236
5846,0.7224991543420296,0.776007738376201,0.22399226162379904,1991.983295471587
5847,0.33301935594818177,0.5113742989090365,0.4886257010909635,2002.814192660871
5848,0.6996442598886494,0.8222436753640054,0.17775632463599456,1992.6932336109112
5849,0.23192632074069885,0.5023667614307991,0.49763323856920094,2000.223557910978
5850,0.7031364691411907,0.8971327936055057,0.10286720639449431,1990.1857708693346
5851,0.754457895951122,0.9000030568113225,0.09999694318867747,1996.8984506184536
5852,0.7588130298973672,0.8462289328253184,0.15377106717468159,1993.81567294006
5853,0.657608935554384,0.8146249846102781,0.1853750153897219,1997.9027849345446
5854,0.9272922123279651,0.9668772634490834,0.033122736550916576,1989.0935975063026
5855,0.602728019177735,0.8516124401018694,0.14838755989813057,1997.711114128219
5856,0.9081721111861535,0.9522998866143241,0.047700113385675924,1990.7319090853703
5857,0.6314627281414268,0.7203381264762183,0.2796618735237817,1998.3798233830448
5858,0.4653204319310208,0.504069187448913,0.49593081255108695,2006.0981979861074
5859,0.3285880546400044,0.4235360015882309,0.5764639984117691,2004.5917126611519
5860,0.5515844764200221,0.7430763895565973,0.25692361044340273,2002.8431816212913
5861,0.7185301119913166,0.8651058354415245,0.13489416455847547,1998.04625012153
5862,0.543198293081459,0.6865172951262689,0.3134827048737311,1998.4109469268426
5863,0.6705115441992006,0.8699079513418655,0.1300920486581345,1996.3821641231027
5864,0.27926414908272645,0.6124201737425777,0.38757982625742227,1998.9654059271384
5865,0.512607561388878,0.7650131239759776,0.23498687602402235,1995.6782854078294
5866,0.8385906383174705,0.898473109953642,0.10152689004635795,1989.6265193215793
5867,0.49656194100559864,0.7491590741388565,0.2508409258611435,1997.8731205224863
5868,0.46547820345202384,0.7082348373273,0.29176516267270003,1997.8851710453919
5869,0.28013819432440895,0.611028365804844,0.388971634195156,1998.9331105396332
5870,0.6830417792431805,0.7935924362459601,0.2064075637540399,1995.438733509268
5871,0.6448654160296943,0.8661436830056014,0.1338563169943986,1999.6223345297437
5872,0.7211294826101029,0.809102456068364,0.19089754393163605,1996.510750411102
5873,0.4546090956809381,0.6581516970219172,0.3418483029780828,2000.9007574653358
5874,0.8175290084785906,0.9079518183405297,0.09204818165947026,1995.4697038703805
5875,0.17681834961350243,0.9248115563078134,0.07518844369218658,1995.8813515337456
5876,0.8703773722884345,0.9265178173707813,0.07348218262921868,1996.6723095261746
5878,0.6829061458240674,0.9323031697016677,0.06769683029833229,1991.6735837232495
5879,0.6772645854803324,0.7627034349470996,0.23729656505290042,1997.0249944364205
5880,0.5296523121426455,0.7345111710480203,0.26548882895197967,1999.1094416298859
5881,0.7353523552505185,0.8708625608201732,0.12913743917982679,1997.139412525002
5882,0.3067253357525761,0.38585636725476546,0.6141436327452345,2005.5975127837285
5884,0.6250677606671553,0.8399254524244225,0.16007454757557749,1994.8577809578194
5885,0.6251594249711953,0.8079291237370878,0.1920708762629122,1996.719515161994
5886,0.5934922714392307,0.6381614364058733,0.3618385635941267,1996.6992942943414
5887,0.5684893345886339,0.7399953192695198,0.2600046807304802,1998.8977841539495
5888,0.40835377894799835,0.8351231179607698,0.16487688203923023,1995.758896517475
5889,0.4448391263022634,0.6500098655282047,0.3499901344717953,1996.2547258886116
5890,0.8456593365315475,0.9201447245564892,0.07985527544351079,1988.5221795980926
5891,0.7836179628608786,0.8902539280945992,0.10974607190540075,1998.3097688715384
5893,0.41934053114072223,0.744686891267552,0.25531310873244795,1997.3353624453634
5894,0.8634517623498844,0.9364642517336219,0.06353574826637809,1993.6964565611909
5895,0.6342896679939085,0.8108695917238307,0.18913040827616934,1996.7961326782568
5896,0.8659260389205101,0.9379717955167199,0.06202820448328006,1991.05568094446
5897,0.5197188258809287,0.6348060841874014,0.36519391581259864,1999.6542180556319
5898,0.8159612068931442,0.8998463991550768,0.1001536008449232,1989.8531008321665
5899,0.6853552363289599,0.7633262794355746,0.23667372056442537,1994.3855033936745
5900,0.38231206125024775,0.6948887718310055,0.3051112281689945,1999.6098701971985
5901,0.6377971946069737,0.803015752062119,0.19698424793788105,2000.584344114906
5903,0.32762709005113966,0.8762394744325713,0.12376052556742867,1996.8555164812624
5905,0.5946248707087255,0.779540349911603,0.22045965008839696,1997.1758415729776
5906,0.5596321414713362,0.7353025104897309,0.26469748951026906,1997.758776311721
5907,0.5378742109247033,0.6694407981962389,0.3305592018037611,2000.9347366278903
5908,0.19133624670653765,0.5693551792997921,0.43064482070020793,1998.970990142867
5909,0.8690939233962716,0.9389645123947148,0.06103548760528521,1990.6200598681282
5910,0.7789313940361714,0.8852554570382252,0.11474454296177483,1997.6114067642643
5911,0.546897916804241,0.652833359203419,0.347166640796581,1998.8771126246309
5912,0.7501452947127384,0.8783222255056176,0.12167777449438244,1994.2144345312256
5913,0.5628245527068587,0.7026299179060761,0.2973700820939239,2001.0765704959701
5914,0.5391057808534918,0.8189970942224171,0.18100290577758293,1998.5265412064316
5915,0.9059237703538598,0.9540046947996085,0.04599530520039152,1992.444111785562
5916,0.485147308430634,0.5855403233047025,0.4144596766952975,2001.1716626018715
5917,0.6510678459963828,0.7329116412648504,0.2670883587351496,2001.0614138527458
5918,0.5329892073862491,0.6668132408884662,0.33318675911153384,2000.7656271231463
5919,0.6302498192836258,0.7950079097150872,0.20499209028491283,1999.3124318345426
5920,0.6891174734681198,0.8137095360996206,0.1862904639003794,2000.985957510562
5922,0.30574981946561824,0.5608356735938378,0.4391643264061622,2002.606814426114
5924,0.41761134997147487,0.6964784964914582,0.3035215035085418,1997.8760063220875
5925,0.48367768522761856,0.5593473522919283,0.44065264770807167,1998.5317469447543
5926,0.4606367545207629,0.586080116760346,0.413919883239654,2000.9674981517642
5927,0.18888151186360683,0.5649200727683863,0.4350799272316137,1999.0981785945964
5928,0.7846488310183344,0.8872792816658303,0.11272071833416974,1990.974162195365
5929,0.8158254145403813,0.9086358749837778,0.09136412501622215,1998.0853356346854
5930,0.5123949019161729,0.6457448849603254,0.35425511503967455,1999.7322709033958
5931,0.7351198807027014,0.8659942885328095,0.13400571146719054,1994.815139536709
5932,0.724241852171815,0.8752128876104961,0.12478711238950391,1996.2576395119213
5933,0.6157455095507807,0.8164731408524659,0.18352685914753408,1996.5309540814224
5934,0.8564882107495851,0.9296483412904746,0.07035165870952542,1995.0791464186755
5935,0.48401219422247876,0.5351036079226921,0.46489639207730793,2004.9118380068887
5936,0.4133117289422365,0.49953071716845165,0.5004692828315483,2001.6477689434396
5937,0.5868285901584638,0.6827616833083098,0.3172383166916902,1998.3138193854784
5938,0.5269468822443474,0.7165285947945446,0.28347140520545544,2001.0022227505876
5939,0.7905293203624398,0.9245309235138216,0.0754690764861784,1993.735114268058
5941,0.503044979006091,0.7092463280176674,0.2907536719823326,2001.4087577738799
5942,0.44341395944075773,0.7261123324814635,0.27388766751853655,1997.6859383765006
5943,0.5065183474385234,0.758347448169802,0.24165255183019796,1996.4358317426663
5944,0.3672883123242173,0.6018317530407543,0.3981682469592457,1998.2295190592936
5945,0.44606805718141085,0.7057639684384881,0.2942360315615119,1998.0546306936924
5946,0.20883399677463513,0.6500409572650221,0.3499590427349779,1997.5786829043598
5947,0.793711057531709,0.8940666698810459,0.10593333011895412,1989.303704931694
5948,0.6372353440488254,0.8263646428991278,0.1736353571008722,1998.9302791301761
5950,0.24776138828146652,0.528894892677908,0.471105107322092,2001.419449333597
5951,0.5130056671687144,0.7215532408317602,0.2784467591682398,1998.982548218724
5952,0.5236800561044505,0.8304347717228103,0.16956522827718967,1998.2531314181886
5953,0.853589313561181,0.9324606231878159,0.06753937681218414,1992.3377912241508
5954,0.48283121949485014,0.5684089924140328,0.43159100758596725,2002.295564807281
5955,0.1924329792916386,0.208863750538608,0.791136249461392,2011.688218625599
5956,0.6623509990595365,0.8108737264834248,0.18912627351657518,1994.6136450106646
5957,0.47952368216188596,0.5717098508933257,0.4282901491066743,2006.9991125864512
5958,0.8561549203839849,0.9265639901166602,0.07343600988333976,1996.1437411086995
5960,0.3122727816336891,0.4471640722549178,0.5528359277450823,2004.7109566918389
5961,0.770272758402924,0.9001113334721417,0.09988866652785833,1992.783116943438
5962,0.39507664020971384,0.7164685429257992,0.2835314570742008,1997.0340133861876
5963,0.807806223408216,0.9116793635345554,0.08832063646544464,1991.7950174213602
5964,0.5638148385212436,0.7230892560853597,0.2769107439146403,1998.7580131605976
5965,0.18641110244392353,0.4246186579803841,0.5753813420196159,2000.6890583973898
5966,0.8201130029482915,0.8967579169941665,0.10324208300583348,1991.6889509628538
5967,0.6146982368332451,0.8369020806977692,0.16309791930223083,2000.2782081940968
5968,0.8368842828465903,0.8925147129331557,0.10748528706684435,1991.07737987824
5969,0.5532773999499971,0.7356830384087965,0.26431696159120355,1997.9633536907754
5970,0.2555953551657391,0.5128177940882929,0.48718220591170713,2002.5311079782682
5971,0.6749364164025347,0.8496420790239427,0.15035792097605727,1996.9063578939656
5972,0.753723597623692,0.8410786856739766,0.1589213143260234,1999.5019222650608
5973,0.7673726206967832,0.7702189009317881,0.22978109906821187,1999.0276593875853
5975,0.560941154507816,0.7061159532483057,0.29388404675169433,1998.5131275663512
5976,0.43296090877853777,0.6922883149925317,0.30771168500746826,2000.816684494283
5977,0.8982491440696498,0.9567592871005658,0.04324071289943421,1996.2098140561543
5978,0.4026135462567275,0.476409226894226,0.5235907731057741,2001.1851902274618
5979,0.23156553685640038,0.3871243238429848,0.6128756761570152,2005.7038710506224
5980,0.5124983852589081,0.7806913598337251,0.21930864016627494,1995.5417303533727
5981,0.4614913009761407,0.7292929152423312,0.2707070847576688,1996.2278863906142
5982,0.4279022938051468,0.6096698102055683,0.3903301897944317,1997.857564198136
5983,0.15549410611231057,0.6016837003370714,0.3983162996629286,1999.983063641303
5984,0.49869092106675394,0.7048613137435026,0.2951386862564974,1996.2363323610048
5985,0.7086520594962104,0.8563155769538418,0.14368442304615825,1991.6852626440761
5986,0.7880666095094078,0.8724540714251806,0.1275459285748194,1998.5882404265758
5987,0.6139524545698629,0.7943580079250888,0.20564199207491118,1995.8332524636874
5988,0.8244525935410869,0.9281748913310297,0.0718251086689703,1994.6124766828723
5989,0.4881944507172366,0.8578520941409569,0.14214790585904313,1997.2055050464987
5990,0.7862361928488024,0.9029170404506425,0.09708295954935753,1993.5509273377163
5991,0.603790201846976,0.620698178698092,0.37930182130190804,2001.5521915699726
5992,0.3747040598769375,0.47420526262620893,0.525794737373791,2006.3955734862263
5993,0.533907030374635,0.681200393439845,0.31879960656015505,1998.9265254917811
5994,0.3963682855549277,0.6633195375686545,0.33668046243134553,2001.1970864966947
5995,0.8396523518092711,0.9357896327273485,0.0642103672726515,1994.8363174681886
5996,0.17980389752459752,0.4876552572049992,0.5123447427950008,2002.2033696236695
5997,0.34110388620208015,0.5302609038232906,0.4697390961767094,2002.9891907039273
5998,0.4535065709275583,0.7082069664380096,0.2917930335619904,1997.8544514810164
5999,0.5787452428825247,0.8460491358616041,0.15395086413839587,1995.6478468187042
6000,0.5250285825525591,0.6685145849754387,0.3314854150245613,1996.1563676981987
6001,0.42943591582728396,0.6845468767006498,0.31545312329935016,1999.0662096043666
6002,0.2938070354029214,0.6501500617085899,0.3498499382914101,1997.4069748661775
6003,0.8065865987043535,0.8990083189093659,0.10099168109063406,1991.74653656186
6004,0.7503401321938052,0.8659762536091493,0.13402374639085068,1998.5035075505332
6005,0.6583756422358152,0.8665536988134397,0.1334463011865603,1997.5409574436585
6006,0.6507871880525173,0.8073605000714781,0.19263949992852192,1998.7051894601368
6007,0.4671293083614449,0.7876572558760931,0.21234274412390686,1998.6042747715744
6008,0.8187321948604166,0.9142388377952833,0.08576116220471675,1994.5960019287284
6009,0.6712709354447198,0.6805603211548467,0.31943967884515334,2001.6814287584739
6012,0.5247904581642963,0.7211380305956469,0.27886196940435315,2001.0211651677112
6013,0.868152286374861,0.9538170999517054,0.04618290004829462,1991.1817482539
6014,0.20701134432922297,0.29567626571447075,0.7043237342855293,2003.9666585265195
6015,0.36892547491776634,0.6205760910335587,0.3794239089664413,2003.2122961970324
6016,0.48841742821898626,0.6789163298796457,0.3210836701203543,1999.0907677928114
6017,0.5168800521790581,0.8157752840350421,0.18422471596495793,1994.46103073402
6018,0.6489412950245538,0.7230653363062721,0.2769346636937279,1993.7560219493223
6019,0.20654394739491339,0.3894891641575224,0.6105108358424776,2002.4958740368836
6020,0.26614055987697716,0.6228849318654249,0.37711506813457507,1997.6918993511176
6022,0.685310019312327,0.8669959718317268,0.13300402816827317,1999.6236585656388
6023,0.6443303156680901,0.8334218734719823,0.16657812652801773,1996.703085375608
6024,0.5093709381709364,0.6929042551271513,0.30709574487284874,2000.2923371813151
6025,0.32529805166039955,0.7719289698774182,0.22807103012258179,1999.729209331672
6026,0.7647023009500178,0.8634642336101825,0.13653576638981746,1994.6110071143871
6027,0.480989918241845,0.6283242199667539,0.3716757800332461,1999.5865812268748
6028,0.44452044503978244,0.635963129859332,0.364036870140668,1999.8579652774988
6029,0.4482888551358397,0.5831601605938458,0.4168398394061542,2001.1272936526225
6030,0.37213547365424027,0.5765724746636924,0.42342752533630756,2003.0913028051334
6031,0.7180213845452219,0.8267634175840813,0.17323658241591866,2000.2302938622504
6034,0.28863431498093217,0.40918972081184,0.59081027918816,2001.3913874377733
6035,0.5637493813407198,0.7874287942530395,0.21257120574696053,1998.003196604386
6036,0.7184292476143982,0.7686921413865145,0.23130785861348546,1992.5517231502429
6037,0.4387835191008091,0.6247081139045992,0.37529188609540076,1996.9798776336406
6038,0.5074047945800912,0.7315710428470212,0.26842895715297876,1996.2226858690465
6039,0.715825602834762,0.7967398589001707,0.20326014109982926,1993.6223988897657
6040,0.9077457441026381,0.9481632469656666,0.05183675303433344,1995.5626701413155
6041,0.6817541689513141,0.8192664406900931,0.18073355930990687,1997.3656012641704
6042,0.5919299373818074,0.763557366320142,0.23644263367985796,1999.0326339523604
6043,0.5971543298185038,0.8432461948317628,0.15675380516823723,1996.8291207884438
6044,0.8682505549718715,0.9312826915316429,0.06871730846835711,1994.6821653212025
6045,0.4614556936140016,0.5962710675164405,0.40372893248355946,2000.8743644279857
6046,0.667861612399505,0.7867460360013251,0.2132539639986749,1995.933324547973
6047,0.7924282673364846,0.8659787152162765,0.13402128478372355,1993.6604521789495
6048,0.5046528441404586,0.7781329299675375,0.22186707003246253,2002.1334695932242
6049,0.8197640780811907,0.917435766831518,0.08256423316848205,1993.3801006221245
6050,0.3796781109608751,0.4876381072027064,0.5123618927972936,2001.6465028586704
6051,0.455073168609411,0.5992651817575739,0.40073481824242607,2003.5493276746759
6052,0.2969669060450297,0.6924183022805249,0.3075816977194751,1997.3799274327787
6053,0.25901692714253755,0.5422942125432182,0.4577057874567818,2000.3400113796304
6054,0.3972837414719621,0.5729896971716854,0.42701030282831465,1998.323972012404
6055,0.0579589597914441,0.3206700257383839,0.6793299742616161,2004.0978981610938
6056,0.3202516908116181,0.5442748486843543,0.4557251513156457,1998.757244698289
6057,0.8435728262586862,0.8965988469218875,0.10340115307811248,1991.9361823402044
6058,0.8468554950180246,0.9349296629716369,0.06507033702836307,1995.059980371904
6059,0.4992245047208196,0.7201787295742913,0.2798212704257087,1997.622790895894
6060,0.5644327909675861,0.7720528920711112,0.22794710792888884,1998.869608512348
6061,0.5365018249621339,0.7910492708610669,0.2089507291389331,1996.1775271093518
6062,0.8051388522973866,0.9044994450737853,0.09550055492621468,1994.1515969557015
6063,0.3446203188584585,0.48275987083560545,0.5172401291643945,2002.3480416105438
6064,0.33728415605371553,0.41123034594911456,0.5887696540508854,2003.3044213179871
6066,0.4005271311335689,0.5973864715246311,0.4026135284753689,2003.7180699011344
6067,0.6871511651767712,0.807627859669652,0.192372140330348,1999.2203771639536
6068,0.33179935572940633,0.5447202221820324,0.4552797778179676,2001.1495112074608
6069,0.4875890455097995,0.6921953383249748,0.3078046616750252,2003.2769972657366
6071,0.5423092090674679,0.6906500348474809,0.3093499651525191,1998.9539403890144
6072,0.5662131669850149,0.7156323931320123,0.2843676068679877,1993.7852716095365
6073,0.28284900394141715,0.616993946481722,0.383006053518278,1998.8567107183874
6074,0.46856284268955073,0.7182774917122007,0.2817225082877993,1996.481726751604
6075,0.7991621138762711,0.9088002400146298,0.09119975998537022,1992.1139554468973
6076,0.81479203453512,0.8830119931579113,0.11698800684208865,2000.2945299241103
6077,0.5323925908918389,0.8454424051018448,0.15455759489815524,1994.2860592385084
6078,0.6288035107002776,0.7634580239762978,0.2365419760237022,1999.7372646054014
6079,0.48638254598705566,0.7863131986138648,0.21368680138613516,1997.7411748693955
6080,0.8093361486456313,0.8924265635075563,0.10757343649244366,1996.6620402947854
6081,0.4644623632215935,0.5713531117516524,0.4286468882483476,2002.3811728996686
6082,0.2877647037493654,0.29859942707955617,0.7014005729204438,2009.8630226667922
6083,0.7438683553657093,0.8354538996336236,0.1645461003663764,1995.3149151190555
6084,0.3046432729754687,0.5502774487761138,0.44972255122388616,2002.86517723766
6085,0.7051591888632999,0.851249990471927,0.14875000952807305,1995.4571298077622
6086,0.15459233950640683,0.23610449512832773,0.7638955048716722,2008.1052965572953
6087,0.6245352870742493,0.8042763215610959,0.19572367843890415,1998.5441761441473
6088,0.615635285451884,0.8217880570725765,0.17821194292742348,1995.36672555188
6089,0.4733861958223641,0.6772434076968447,0.32275659230315534,1996.9304654080975
6090,0.5904766396342572,0.7124735281683406,0.28752647183165936,1996.7130626647381
6091,0.25189148446167714,0.47285309894338845,0.5271469010566115,2001.8674000036704
6092,0.338296710407095,0.6012892424620788,0.3987107575379212,1999.9006415057106
6093,0.762444815827352,0.8748905537693853,0.1251094462306147,1991.1261911683948
6094,0.7411629946288174,0.8893054611850841,0.11069453881491587,1996.6375165403258
6095,0.6381040674134411,0.7793939466189239,0.22060605338107608,1998.2599233910119
6096,0.8248060631227986,0.9297629454615864,0.07023705453841356,1994.0809236943408
6097,0.4368290952491463,0.8972225574379207,0.10277744256207932,1996.0663326514791
6098,0.7724226481170778,0.870781793889962,0.12921820611003798,1994.1514157208285
6099,0.5673647526300362,0.581507778827259,0.418492221172741,1997.9534856865544
6101,0.7294726628780094,0.7879985756687904,0.2120014243312096,1997.6642827552441
6102,0.5679021427774547,0.7190319579013797,0.28096804209862025,2001.3588070257294
6103,0.6003852321880798,0.7728787715923267,0.22712122840767335,1999.4722638372295
6104,0.6017836517047613,0.7056710461087051,0.2943289538912949,1996.6592812758363
6105,0.5497014740644455,0.7152991932227155,0.2847008067772845,2000.6417840541153
6106,0.40175985355293375,0.5830833118801034,0.4169166881198966,1999.5657291595585
6109,0.4369394906011833,0.6017940775217246,0.39820592247827535,2000.6051052409575
6110,0.5007260860713784,0.7775395781649086,0.2224604218350914,1994.7304035098223
6111,0.8503580045456246,0.8830364830394115,0.11696351696058849,1991.7330931846677
6112,0.8311325011461828,0.9036072733646213,0.09639272663537868,1999.7236127669137
6113,0.12711719981215006,0.27155268474032723,0.7284473152596728,2005.5421680338334
6114,0.3588579058580616,0.5952372440868767,0.4047627559131233,2001.2837265492317
6115,0.525121106317221,0.8388955032022911,0.16110449679770888,1997.0378122792545
6116,0.8157591686460444,0.916199359749911,0.08380064025008904,1997.1842760552572
6118,0.08342570578926849,0.10914729393297709,0.8908527060670229,2012.9842125930893
6120,0.525999085752374,0.7298524368302179,0.27014756316978206,2000.3423165404336
6121,0.6173315997058919,0.7918557780870845,0.20814422191291548,1999.4086088069218
6123,0.4030702776017666,0.6222999024291715,0.37770009757082845,2001.3999739098158
6124,0.3157524759208421,0.47056204387399736,0.5294379561260026,2001.0340739371475
6125,0.49580890154505197,0.8072539073938326,0.19274609260616737,1996.7652323070959
6126,0.3175615525703805,0.5680498020147075,0.43195019798529255,1998.8663963851834
6127,0.5475341938269155,0.752413489788974,0.24758651021102596,1997.282381662892
6128,0.5457793595515987,0.7725694191473964,0.2274305808526036,1995.1454349571134
6129,0.7328612103477754,0.8327741771711764,0.1672258228288236,1991.8488049133166
6130,0.7237132876222415,0.8483068133749221,0.1516931866250779,2000.4173948774285
6131,0.5484837909815151,0.7379495399204372,0.2620504600795628,2000.4554726179176
6132,0.5899693075720701,0.7968814782488836,0.20311852175111644,1997.1121494016277
6133,0.4890829739162638,0.7615943023566647,0.2384056976433353,1998.702924787935
6134,0.8177057227690281,0.9141350370371267,0.08586496296287327,1995.9318377418408
6135,0.577927318711952,0.6372694664020766,0.3627305335979234,1998.908284469634
6136,0.37411910406240323,0.46797466716574476,0.5320253328342552,2002.1828326093341
6137,0.6440345750774455,0.7916440424216364,0.20835595757836356,1995.6733458867193
6138,0.4972271845624872,0.6703240781949824,0.3296759218050176,2001.8175102566881
6139,0.7373481437373226,0.8598896561006248,0.14011034389937516,1998.147262902254
6141,0.6464375611089584,0.7971344810685106,0.2028655189314894,1997.9968229876254
6142,0.29732261684073497,0.5731269427646352,0.42687305723536484,1999.451104357984
6143,0.6198746144257399,0.7784557603587984,0.22154423964120162,1998.3800911182248
6144,0.6278646871034209,0.6836008713121309,0.3163991286878691,1994.4280623173486
6145,0.4923344850203771,0.7384604967813537,0.2615395032186463,1997.1459281010016
6146,0.39467183282371443,0.7949490647029869,0.20505093529701313,1994.588618088663
6147,0.874561810401036,0.9207982270347745,0.07920177296522546,1991.2976719435944
6148,0.49561466550127237,0.7081800243864383,0.29181997561356166,2001.3680418808324
6149,0.7296861601002868,0.890449372667312,0.10955062733268806,1995.9323116544424
6151,0.6128551247974826,0.8490053276242241,0.1509946723757759,1997.4482300905922
6152,0.8425214835960125,0.9372704737693607,0.06272952623063932,1993.9275814705504
6153,0.43043345088080526,0.7265054367791125,0.2734945632208875,1997.7328548556816
6155,0.7763115436294665,0.850981105000086,0.14901889499991405,1994.6022093929969
6157,0.6065045110855086,0.8206818006791424,0.17931819932085757,1997.715020479855
6158,0.36791786106828867,0.459319797407778,0.5406802025922219,2004.2127006918827
6159,0.3204558810124569,0.5177990640339631,0.48220093596603686,2002.8492220010128
6160,0.4158842173978482,0.5645737725795578,0.43542622742044224,1999.6729254161776
6161,0.05735331203982291,0.3731273565338584,0.6268726434661416,2003.3861993945782
6163,0.120610315425981,0.3570182978000553,0.6429817021999447,2003.5828068387032
6164,0.7358528117673209,0.8254041621987093,0.17459583780129073,1993.081646347955
6165,0.6930706223185356,0.8088234002486328,0.19117659975136725,2001.7076069189484
6167,0.6694586073308963,0.8358740617506022,0.1641259382493978,1997.251089954901
6168,0.17512274310451265,0.6310307981921972,0.3689692018078028,2000.004362153977
6169,0.7907469362100614,0.9060456204759061,0.09395437952409391,1996.5117367638145
6170,0.3450003617616121,0.49141326347933045,0.5085867365206695,2001.0961744929805
6171,0.4913677312876908,0.5195407199370133,0.48045928006298666,2001.9351749124571
6172,0.7256722483425537,0.8475724159411476,0.15242758405885237,1995.2885130089414
6173,0.4364721335798931,0.6334857835754258,0.36651421642457416,2002.5055859740473
6174,0.7795739055028824,0.9269055051799088,0.07309449482009123,1994.642731291387
6175,0.27970864210020485,0.48295859784010725,0.5170414021598928,2002.35266646494
6177,0.2283408297308198,0.3462875580248769,0.6537124419751231,2008.7665109947757
6178,0.5568906105257646,0.7974126945142916,0.20258730548570836,1996.0609337620856
6179,0.7487565020946544,0.8356077451986426,0.16439225480135744,1992.2951331755637
6180,0.09957548098884014,0.38087531843582184,0.6191246815641782,2003.8170575404813
6181,0.7317624315903135,0.8710082242677918,0.1289917757322082,1993.7225468537008
6182,0.7185739584831403,0.8474982264310443,0.15250177356895567,2000.3822787751483
6183,0.51011101624465,0.7410082207887558,0.25899177921124417,1998.8545726966786
6184,0.7673181018622844,0.8493404142969094,0.15065958570309057,1997.9171751020226
6185,0.380454689597824,0.7367175701390983,0.26328242986090167,1999.317419960667
6186,0.8828058027766619,0.9439551555619933,0.056044844438006725,1992.090754169996
6188,0.6876256529141856,0.7825550124433317,0.2174449875566683,1994.1184109234628
6189,0.5689505137256432,0.6751739135597447,0.32482608644025535,1997.4491245766012
6190,0.5750614872018562,0.7487171820806191,0.2512828179193809,1999.8770436436546
6191,0.8131369770652874,0.8951124544212712,0.10488754557872881,1998.3527621339938
6192,0.650656153085116,0.7302284384814849,0.2697715615185151,1997.1311667988236
6193,0.5883739663609856,0.7060581673438259,0.29394183265617413,2002.1560462625694
6194,0.5845695726795037,0.7685333572859148,0.23146664271408524,1995.9725525644074
6195,0.3877234749797862,0.6384020330880451,0.3615979669119549,1999.7132882443477
6196,0.7787962752219133,0.8629728954113188,0.13702710458868117,1990.94667929828
6197,0.17472603788040583,0.3276957981262792,0.6723042018737209,2004.1697034975239
6198,0.7640414133383973,0.8732885254765897,0.12671147452341025,1993.2375001941637
6199,0.6430697139710697,0.7990696990892315,0.20093030091076847,2000.2738540605797
6200,0.6607146393823703,0.8303578102277236,0.1696421897722764,1996.6131028644404
6201,0.7933285548669436,0.8884224819909184,0.11157751800908156,1996.9116900616195
6202,0.16259171432658917,0.6892574272459743,0.3107425727540257,1999.84365423052
6203,0.8120174970245498,0.896716674755138,0.10328332524486195,1994.433559721298
6204,0.32261490212817984,0.4165849039205712,0.5834150960794289,2002.5653788184666
6205,0.6633385897171629,0.6749969182894026,0.32500308171059744,1997.2040360411968
6206,0.7172742604011013,0.8314791315324748,0.16852086846752523,1994.983273120675
6207,0.48014037113822833,0.7373217435735698,0.26267825642643017,1999.9023977838503
6208,0.7412433009871459,0.8806667322973983,0.11933326770260166,1993.9484893648685
6209,0.47073403710200656,0.54387641660712,0.45612358339287995,1999.898991143818
6211,0.34200997560258517,0.44254228283463914,0.5574577171653609,2003.2384057005054
6212,0.3976916324259775,0.6879539897759652,0.3120460102240348,1997.37010959657
6213,0.26114268388905004,0.4641287882857235,0.5358712117142765,2001.404878142501
6214,0.2350632362070632,0.4573108269833061,0.5426891730166938,2003.459613742512
6215,0.7072913661784157,0.8334744771657502,0.16652552283424982,1992.758043596387
6216,0.6861407922067854,0.8618017202502952,0.13819827974970478,1997.9368974125416
6217,0.556423356135034,0.7691399082172514,0.23086009178274858,1999.1731166814561
6218,0.8344923055328464,0.9054749552823708,0.09452504471762924,1995.6667494086048
6219,0.5213227521787902,0.7827848831147353,0.21721511688526474,1998.9124620065647
6220,0.7827418971171075,0.8788998840700176,0.12110011592998238,1994.1659317502952
6222,0.4579750533578618,0.5141374128067288,0.48586258719327124,2003.4496744612165
6223,0.6530353688629602,0.7714832149678917,0.22851678503210826,1996.1689546885511
6224,0.6036924873059322,0.7573580898695311,0.24264191013046887,1998.8073468863777
6225,0.6368302305211553,0.8711684729354255,0.12883152706457446,1996.3336664427475
6227,0.44608987966816005,0.6791928071304676,0.3208071928695324,2001.4013823339744
6228,0.5625980528027106,0.7478309263372619,0.2521690736627381,1997.3221646952468
6229,0.5895101810297819,0.83935868718215,0.16064131281785,1996.8149814933001
6230,0.5424535588618508,0.6516746896772331,0.3483253103227669,1996.5485563421569
6231,0.4413144094028042,0.7020910540209551,0.29790894597904494,1997.2485405035363
6232,0.6433144939323624,0.8195572628910985,0.18044273710890146,1994.55353593229
6233,0.7631167669059621,0.8795976385966283,0.12040236140337168,1997.7302343529173
6234,0.5264204664336662,0.7436176666059289,0.2563823333940711,1998.3148325670995
6235,0.7903710791175415,0.8933564947399756,0.10664350526002442,1995.3095666239933
6236,0.35863403185104714,0.9049585049155606,0.09504149508443938,1996.1012054925266
6237,0.9135888753354353,0.9623050344371449,0.03769496556285512,1992.1417937848964
6238,0.2886234598895369,0.4813207292109227,0.5186792707890773,2001.245342122027
6239,0.5777922737574352,0.6636422781835792,0.33635772181642076,1997.3981706748937
6240,0.657427681302543,0.7448100033672796,0.25518999663272035,1997.4847829462312
6241,0.3528423623103672,0.5987847149821908,0.40121528501780923,2002.0377494843917
6242,0.6783759415200901,0.8483922720970243,0.15160772790297572,1997.864599780217
6243,0.2672095493927269,0.4530148671805372,0.5469851328194628,2002.9035635043056
6244,0.415143708522788,0.6016430615079601,0.3983569384920399,2001.8502948966473
6245,0.3020230604476701,0.6510157472450644,0.3489842527549356,1997.6020071609028
6246,0.5145120906848292,0.7642656293389658,0.2357343706610342,1997.0208588303042
6247,0.47612080171104365,0.5203851050499032,0.4796148949500968,2000.9215016737228
6248,0.3061050107061447,0.5540442488645198,0.44595575113548025,2000.676325156555
6249,0.8608622342166677,0.9134313455365827,0.08656865446341733,1990.7890003647817
6250,0.7594123813264964,0.8768847210848107,0.12311527891518925,1999.454827588534
6251,0.4734935560870503,0.7210249104584102,0.2789750895415898,2000.0923947050642
6252,0.635758836026725,0.8208397028826906,0.1791602971173094,1998.0473583629432
6253,0.5391796642397858,0.833413695614101,0.16658630438589905,1997.2952000066045
6254,0.785017422740185,0.8788585336774776,0.12114146632252243,1998.1630980508962
6255,0.6733809946020282,0.6766729145032043,0.3233270854967957,2000.0613102733635
6256,0.5279941475519667,0.5630835085575256,0.43691649144247435,2005.7963740683049
6257,0.3411798068417399,0.4447009623284559,0.5552990376715441,2006.013172036953
6258,0.6847230489711787,0.8255834873307509,0.17441651266924907,1995.3305658993545
6259,0.5829544473137794,0.7712213676388482,0.2287786323611518,1998.3928922237442
6260,0.43430699636627307,0.6806506101530121,0.3193493898469879,1998.5889619744105
6261,0.3108715167171065,0.5230160864509433,0.47698391354905667,2003.557247414766
6262,0.6057330021194801,0.8264602851391648,0.1735397148608352,1995.5655153960151
6263,0.39817658386714333,0.6520257942871835,0.34797420571281645,1997.8806813377648
6265,0.33420857301534357,0.59484541652972,0.40515458347028,2000.3337764270048
6266,0.437753769708083,0.7126482710915372,0.28735172890846283,1996.5759176667466
6267,0.7504986959080812,0.8568840225120957,0.14311597748790428,1996.7810795421126
6268,0.024442105629159886,0.05530688926720043,0.9446931107327996,2008.6298966301194
6269,0.6544773897327493,0.8148056315747495,0.1851943684252505,1998.1459798940161
6270,0.5944810976660924,0.780823962912922,0.219176037087078,1998.799471695449
6271,0.6480419083084611,0.7985903925631208,0.2014096074368792,1996.5868593501727
6272,0.29114578941250746,0.29545563322340307,0.7045443667765969,2005.2494361493518
6273,0.4423320779798588,0.5778195386981924,0.42218046130180764,1999.0753336556043
6274,0.7049687958045616,0.8065474831107032,0.19345251688929677,1995.841404852671
6275,0.6288595830436794,0.7315970245779934,0.26840297542200664,2001.999337132558
6276,0.6140638323806882,0.8095012599172579,0.19049874008274215,1999.4921051264637
6277,0.6141906132006786,0.7471053487062121,0.25289465129378785,1999.128286693904
6279,0.3142662082622345,0.4993701018913443,0.5006298981086557,2000.5696239799488
6280,0.3270010950106762,0.5965551659920476,0.4034448340079524,1999.4671234159005
6282,0.3019818351716382,0.42145027803120894,0.5785497219687911,2002.9512792950952
6283,0.648443897856389,0.7856234078438957,0.21437659215610427,1993.5193531260938
6284,0.49593249792163296,0.701235294600467,0.29876470539953304,1997.7003115903083
6285,0.24762404852905054,0.5693067710049508,0.43069322899504925,2000.8868427508364
6286,0.6066400507618834,0.8209521284903172,0.17904787150968282,1997.9563893718625
6287,0.8272021734570553,0.9001959374198854,0.09980406258011465,1994.5371985111108
6288,0.49114161425595393,0.6426959302398859,0.3573040697601141,2001.41506722615
6289,0.37513162467644967,0.5448620617852344,0.45513793821476556,2003.2585382119391
6290,0.7025418453203921,0.7650214225461067,0.23497857745389328,1997.7566506531605
6291,0.39087578248506766,0.6570995976495633,0.34290040235043673,2001.7439008661793
6292,0.5896811482037444,0.7626285574420383,0.23737144255796172,1999.6015714707692
6293,0.34669396900363514,0.5401795260363886,0.45982047396361136,2001.7176199868507
6296,0.4189422307370132,0.6074999274307585,0.39250007256924146,2000.1220412844348
6297,0.5337831828591156,0.6497246322650325,0.3502753677349675,1995.6033865362317
6298,0.15208710707805756,0.33454787866870606,0.6654521213312939,2004.0287683876809
6299,0.7957878622487834,0.89959335434214,0.10040664565785995,1991.7478827628047
6300,0.5178031380668112,0.6900513527922483,0.3099486472077517,2000.5582995857212
6301,0.7079060420983,0.9211260083835737,0.07887399161642628,1995.5835980643021
6302,0.47712155879941115,0.7116408540212389,0.2883591459787611,1999.0738910142218
6303,0.814463231956423,0.9083846441070095,0.09161535589299052,1996.778344766866
6304,0.4264505213971732,0.5750071751904573,0.4249928248095427,2000.9725401052829
6305,0.35149430932455156,0.44083385771009237,0.5591661422899077,2004.1312525124906
6306,0.4077082705166634,0.4882993641761037,0.5117006358238962,2004.8531130586298
6307,0.5664163445070928,0.7335478893716026,0.26645211062839735,2001.8956309549135
6308,0.8763030252398706,0.9548565935575846,0.045143406442415435,1994.333342472514
6309,0.4461169298993235,0.6780757271080807,0.32192427289191927,1998.4217680761142
6311,0.2428070824693826,0.6175258915457036,0.3824741084542964,1998.7048531859978
6312,0.5320831996951935,0.8103278531153748,0.1896721468846252,1996.4390759842413
6313,0.6459916753483051,0.7085590154292833,0.29144098457071665,1993.8062079944539
6314,0.5376597572489347,0.6397444904694265,0.3602555095305735,1999.6266429464747
6315,0.5124289563269792,0.7781814010193817,0.2218185989806183,1995.4368744069857
6316,0.6298965099341597,0.8300587898996037,0.1699412101003963,1996.3978219235987
6317,0.7178933004077281,0.880847091426501,0.11915290857349903,1995.2323115060042
6318,0.5584939727894854,0.8553940234359247,0.14460597656407526,1997.071173582174
6319,0.8425661704739231,0.9089372358741588,0.09106276412584124,1994.5971789250734
6320,0.5137690916526794,0.5159257136313113,0.48407428636868866,2003.640381807122
6321,0.49602515832421457,0.5948400182865824,0.4051599817134176,2005.3692832422387
6322,0.5158844534219352,0.5942738880882604,0.4057261119117396,1999.7208081565987
6323,0.6624965199398558,0.814216749905512,0.18578325009448804,2000.5416749801684
6324,0.8042135839266987,0.9190084799047735,0.08099152009522648,1995.7651188195784
6327,0.5211736663086516,0.8410259627041358,0.15897403729586423,1994.300273255521
6328,0.5723154077032946,0.847659502406119,0.15234049759388102,1995.0172275579735
6329,0.5985958731977662,0.7124031200863988,0.28759687991360117,1995.4803909169416
6330,0.22598529262083886,0.6006366084884921,0.3993633915115079,1999.5666326344365
6331,0.8387547619212943,0.9225478408736244,0.0774521591263756,1991.1932836836343
6332,0.38799164350766957,0.6366386982819395,0.36336130171806047,2004.9812431925939
6333,0.7016420588112182,0.8033782539755485,0.19662174602445148,2000.2083859073373
6334,0.46260567977079303,0.679954198258198,0.32004580174180197,2001.4336407897038
6335,0.8275357204369197,0.911569731985815,0.08843026801418497,1994.072330884171
6336,0.37986918264852004,0.48911368867912497,0.510886311320875,2003.6459612129895
6337,0.47880057666189596,0.6656477998845424,0.33435220011545763,1997.6632359954835
6338,0.7789284882366644,0.8418215699976707,0.15817843000232934,1995.022799016037
6339,0.5666528942192095,0.7178098963895359,0.28219010361046415,2003.914351993289
6340,0.6983214284213599,0.832471077027404,0.16752892297259603,1999.7080497370885
6341,0.4593703956755953,0.55073181161138,0.44926818838862004,2001.0948031961364
6344,0.5084386715033355,0.8372253308914613,0.16277466910853866,1995.6131667629897
6345,0.3663397372673284,0.5711969865485909,0.42880301345140914,1998.1827106717456
6346,0.45559863334959827,0.750684285342187,0.249315714657813,1997.5449866628157
6347,0.8313029423728814,0.8977939525423729,0.10220604745762707,1991.16398833799
6348,0.6654788259543959,0.8741583418247925,0.12584165817520754,1995.3672181274578
6349,0.36415405090930314,0.6173860046440355,0.3826139953559645,2000.1442535760127
6350,0.7234190913790267,0.8817414876019701,0.11825851239802987,1997.220390106477
6351,0.8758367237107113,0.9250343764100315,0.0749656235899685,1995.945354133842
6352,0.5681361134269431,0.6439733380425721,0.35602666195742794,2000.2469024399102
6354,0.5640510356886904,0.7078237982033766,0.2921762017966234,1997.0390291320598
6356,0.8852659479153351,0.9291425239413535,0.07085747605864645,1999.8819581415175
6357,0.4051012224219862,0.5205576088917999,0.4794423911082001,2002.047335464699
6359,0.4364745872701647,0.6263768347607422,0.37362316523925776,1998.3407991874726
6360,0.46773465167188727,0.7882651730319352,0.21173482696806478,1996.536310331442
6361,0.4780338521458436,0.6529979574535787,0.3470020425464213,1996.4955106819361
6362,0.5519498918670724,0.7590146333636595,0.24098536663634051,1997.0328609991986
6363,0.8041252581562562,0.8893911785675893,0.11060882143241069,1991.1718763035913
6364,0.5401139756865365,0.7727243833065096,0.2272756166934904,1996.7170393145448
6365,0.857514826167056,0.926021458030323,0.07397854196967701,1995.3102219407833
6366,0.5240557195115931,0.7531041555799678,0.2468958444200322,2000.0306519520125
6367,0.8744534718879279,0.9409639856927081,0.059036014307291884,1991.3102111889298
6368,0.483896012864291,0.602130759848312,0.397869240151688,2000.3456123389963
6369,0.591526977578617,0.6418874952910091,0.3581125047089909,2003.9403379550438
6370,0.5313582208915297,0.6169888644749753,0.38301113552502475,2002.547187700448
6371,0.34868757167786196,0.551130413414511,0.44886958658548903,2004.0177014385458
6372,0.814512257683965,0.9236404939062752,0.07635950609372477,1995.7908331754575
6373,0.6232092541184682,0.69178389695887,0.30821610304113,1999.2042804014711
6375,0.2570845034187553,0.5853940718668224,0.41460592813317765,1999.1849556833447
6376,0.6296810544027791,0.8835246657982072,0.11647533420179279,1993.303095115723
6377,0.5518390314907516,0.7079194329061195,0.2920805670938805,1995.9980857746784
6378,0.2832621430024306,0.6556671309529701,0.34433286904702987,1999.862070800202
6379,0.677535235462868,0.8555674701851801,0.1444325298148199,1993.915689199431
6380,0.7297370282169394,0.8691088440660752,0.13089115593392475,1994.3740821612312
6381,0.4909660970399014,0.7743600711972695,0.22563992880273054,1996.7847249010001
6382,0.48327613469365366,0.7550896523714979,0.24491034762850206,1999.9183464932653
6383,0.8094825685822344,0.8963969766501237,0.10360302334987626,1993.752048454374
6384,0.611231046003598,0.7396539021673948,0.2603460978326052,1997.2830356139436
6386,0.462308601093438,0.6073930742350686,0.3926069257649314,2000.2690819848624
6387,0.3589887081317944,0.5546437132644617,0.4453562867355383,2003.0360702881037
6388,0.6877509703775201,0.8701102747414584,0.1298897252585416,1996.2410152256289
6389,0.6974930729447715,0.8540089005838735,0.14599109941612654,1995.2905003694693
6391,0.3954346033082043,0.6804044369192825,0.31959556308071746,1997.5664790634364
6392,0.44598672918931104,0.675519081533129,0.324480918466871,1997.162184231927
6394,0.10393418735842626,0.2989490750478041,0.7010509249521959,2004.6534819986825
6395,0.8459685171001321,0.9052940117046563,0.09470598829534371,1992.883675783687
6396,0.5612445814466896,0.7498374978512953,0.2501625021487047,1999.1786608484092
6397,0.768894151087394,0.9054755365666489,0.09452446343335108,1996.2105255057481
6398,0.5393593763471433,0.8170103462371694,0.1829896537628306,1997.9848013273654
6399,0.6591700483028429,0.6624047142010655,0.3375952857989345,2001.0301629237126
6401,0.3436676368220188,0.5834676451352124,0.41653235486478757,2002.9335326994744
6402,0.5183136688291545,0.6801408015596008,0.31985919844039923,2001.4306508588804
6403,0.5318656902726853,0.8050408156826596,0.19495918431734038,1998.037499322576
6404,0.47059016911816687,0.6153067181315746,0.38469328186842544,1998.9930791267657
6407,0.2510359544169637,0.5702363375750938,0.42976366242490616,1999.4854582865917
6408,0.30388136419257455,0.38616067515400987,0.6138393248459901,2004.866373310191
6409,0.22112126727803288,0.5393327621659098,0.46066723783409025,2000.2941525891754
6410,0.7918538006478382,0.879464947356701,0.120535052643299,1990.6051538816512
6411,0.6624022679935696,0.8426625912912792,0.15733740870872082,1995.8590794127601
6412,0.42327470653425675,0.7568852678444788,0.24311473215552115,1999.1203797108374
6413,0.3919342113429032,0.7084491108210779,0.29155088917892213,2000.027593961804
6414,0.5793793574042759,0.6587196053968395,0.3412803946031605,1998.2162094287698
6416,0.553302588667339,0.7777410085476669,0.22225899145233308,1997.5478052253197
6417,0.6214090175282377,0.7756320080377529,0.2243679919622471,2000.376225232361
6418,0.6676137461777346,0.8503685300928903,0.14963146990710974,1997.3388745964933
6419,0.6295440785943284,0.8366152634258431,0.16338473657415686,1994.1974889152827
6420,0.6860163597783989,0.8320254099804639,0.16797459001953607,2000.3020550366473
6421,0.3854612887080836,0.6423469322279687,0.3576530677720313,1997.5822537193928
6422,0.5285294565162263,0.843829745611048,0.15617025438895205,1995.2021859005174
6423,0.2008356388684998,0.3612444243690362,0.6387555756309637,2003.6423827182443
6424,0.28036656827077766,0.5109263369741904,0.48907366302580957,2002.7654831503216
6425,0.7960240636239526,0.9002753552496209,0.09972464475037912,1990.7414589725279
6426,0.5326116576641626,0.8407663294777622,0.1592336705222378,1995.5195829312897
6427,0.5611194526320854,0.7560748869998257,0.24392511300017428,1999.7487941497066
6428,0.2768681501444612,0.6799680750132132,0.3200319249867868,2000.6335542543484
6429,0.3580878189034364,0.48288062433011136,0.5171193756698886,2002.067258816646
6430,0.4065621795463857,0.48349591358735167,0.5165040864126483,2004.17619182037
6431,0.48912544459299245,0.648368354228153,0.351631645771847,1997.0135017912844
6432,0.49033440612489476,0.6478243952703673,0.3521756047296327,2002.1455199796098
6433,0.7485476977591687,0.8680476485205704,0.13195235147942963,1996.72268340045
6434,0.5152528559585201,0.81291363974876,0.18708636025124004,1995.4487853760036
6436,0.2909505599047151,0.4297672272085182,0.5702327727914818,2003.0746854168676
6437,0.5102384910986925,0.7592388920249982,0.24076110797500183,1997.774785908378
6438,0.21532017710362994,0.3003064287107552,0.6996935712892448,2007.085419848968
6439,0.2855237100595096,0.5586269120453516,0.44137308795464836,2000.3711145348348
6440,0.6323280723313055,0.842687325056001,0.15731267494399903,1992.8924275239917
6441,0.7477735274928334,0.8893847435781481,0.11061525642185188,1997.126840451263
6442,0.07463802562967779,0.18450366119549022,0.8154963388045098,2006.7325913815134
6443,0.5559669549018401,0.8418112552259193,0.15818874477408074,1997.1024264847083
6444,0.4955504196669806,0.5513901854265963,0.44860981457340365,2001.6742972949844
6445,0.2830569594252085,0.41514225241465136,0.5848577475853487,2002.2897100402665
6446,0.6566916000266151,0.7966347393043767,0.20336526069562333,1994.8710583286547
6447,0.1770484495323541,0.30947395000814415,0.6905260499918559,2006.5017833389634
6448,0.6496232049172522,0.7951595207394527,0.20484047926054727,1999.2991516950624
6449,0.4967782713493805,0.6784215863645877,0.3215784136354123,1999.4962628299986
6451,0.28468573394920393,0.5085003997760943,0.4914996002239057,2001.876163372462
6452,0.7013766026972008,0.9050391793427546,0.09496082065724543,1993.7931788375029
6453,0.7255455570855706,0.7820297961521903,0.21797020384780974,1995.5142620658837
6454,0.46355172852741533,0.587795433468729,0.412204566531271,2002.431944536753
6455,0.8514106981145891,0.9255762779889569,0.07442372201104308,1990.607495507007
6456,0.22700792422558233,0.5414361500715913,0.4585638499284087,2001.7984127118375
6457,0.7670109551492499,0.9035843083345002,0.09641569166549979,1994.3845619816311
6458,0.5259850993168009,0.8130207411970741,0.18697925880292587,1998.2460237606576
6459,0.2579959766261136,0.3285295526391417,0.6714704473608584,2001.3508495764158
6460,0.6231674796161014,0.6841127420235447,0.31588725797645534,2000.9148058607086
6461,0.7396264659939005,0.8358297587463738,0.16417024125362623,1995.095699391033
6462,0.41365440547319127,0.5812527993971544,0.41874720060284565,2003.2836440588417
6463,0.662697753801598,0.8098189082911125,0.19018109170888753,1998.6888192181589
6464,0.45660244911720627,0.7863284840918011,0.21367151590819888,1995.1071094928775
6466,0.2135965763264272,0.6479811927163496,0.3520188072836504,1998.5164251957556
6468,0.5411662125955701,0.6569748001123068,0.3430251998876932,1995.3206909083085
6469,0.3215109779326669,0.7662796987748385,0.23372030122516152,1995.8470612729172
6470,0.5944948413227549,0.7941977381825455,0.20580226181745453,1993.9343263208905
6471,0.651412187409588,0.8875802888457003,0.11241971115429972,1996.2073835023575
6472,0.13200587184622428,0.4062696159754315,0.5937303840245685,2003.8531191515444
6473,0.6645411579097162,0.8790188390873245,0.12098116091267552,1995.1169829586192
6474,0.5806833255677171,0.6486670479993518,0.3513329520006482,2000.188587146301
6475,0.506320807167531,0.5526933578466158,0.4473066421533842,1999.880677249898
6476,0.538228686778577,0.668128891411545,0.33187110858845503,1999.8612346700115
6477,0.424847071669643,0.5912519103802611,0.40874808961973885,2002.8198192023283
6478,0.31813410026545097,0.6629277619509012,0.3370722380490988,2000.716045604997
6479,0.4599658815327501,0.6175930428542427,0.38240695714575734,2001.307819273534
6481,0.4668154793758161,0.7178864225014449,0.28211357749855515,1996.5364606335477
6482,0.37031945470249744,0.8161418551546533,0.18385814484534668,1994.4840162938406
6483,0.7280219657831547,0.8232253408393982,0.17677465916060175,1990.6987757331271
6484,0.33904031171101934,0.6835203339789273,0.3164796660210727,1998.6320737826288
6485,0.8390207847608023,0.9075808754335535,0.09241912456644652,1991.6907877213337
6486,0.4805843050267223,0.7779943801545509,0.2220056198454491,1997.469197397651
6487,0.3067487987015813,0.6397669637885478,0.3602330362114522,2000.8858620890278
6488,0.56522390240273,0.7743321375787197,0.22566786242128034,1999.1249310442531
6489,0.5402742981206435,0.5783092034639337,0.42169079653606634,2003.0112167601242
6490,0.15492068889487104,0.3094520753827994,0.6905479246172006,2006.3356429484709
6491,0.6279622019649972,0.7914424581238657,0.2085575418761343,1995.465406826461
6492,0.5940565671079607,0.7804886158790622,0.21951138412093785,2000.630658319851
6493,0.7358428133238092,0.8767805239860353,0.12321947601396466,1996.5218110753517
6494,0.40846525843134907,0.6313045347659479,0.36869546523405206,2000.1396322775213
6496,0.3529545401627866,0.6859821912659368,0.31401780873406315,1997.930768791965
6497,0.6338056656077857,0.8353372753843896,0.16466272461561038,1995.9036099969617
6498,0.3657839319998962,0.4704557704181683,0.5295442295818318,2001.4607446574005
6499,0.31459657303651206,0.513851394376033,0.486148605623967,2001.6937333250314
6500,0.34372338096288585,0.6324859866222593,0.3675140133777407,1997.228954558465
6501,0.596402200622217,0.7877783408720637,0.21222165912793634,2000.0741961196618
6502,0.7287508483480515,0.8587249318698842,0.1412750681301158,1997.6896937568604
6503,0.4981170350360974,0.7934378883335286,0.20656211166647143,1997.4935830713764
6504,0.5271869340263075,0.6036676263116576,0.3963323736883424,2002.4041048183167
6505,0.15994597609160988,0.44958705438041885,0.5504129456195812,2004.6372353432537
6506,0.5153756740252422,0.6543553760512671,0.34564462394873285,1999.295113756559
6507,0.5255063649098146,0.6708649988853985,0.3291350011146015,2002.6281233638197
6508,0.42481203100203374,0.7000193041578395,0.29998069584216047,2000.5611512484638
6509,0.4242081550547545,0.5084184118452546,0.4915815881547454,2004.0812684816967
6511,0.4237570794437282,0.6768212636579349,0.32317873634206506,1997.984252873825
6512,0.4248829169378735,0.7660888569661726,0.23391114303382743,1997.676474861069
6513,0.269100838423973,0.3408359734644939,0.6591640265355061,2005.017542947735
6514,0.054268347310567254,0.3412081705469234,0.6587918294530766,2003.061592532412
6515,0.657747972828232,0.8075687874067586,0.19243121259324136,1993.729496657145
6516,0.6609580707975562,0.7704627781450968,0.22953722185490322,1998.5286517966954
6517,0.7843440330914954,0.8835047273280023,0.11649527267199766,1998.812437840741
6518,0.46111681234595764,0.7269158658127852,0.2730841341872148,1999.775069637624
6519,0.6163985652355698,0.6384941775210904,0.3615058224789096,1999.100722629453
6520,0.8240400623662165,0.860983116757277,0.139016883242723,1997.268867184501
6521,0.6616903256416039,0.7574930663144422,0.24250693368555776,1997.6092952631832
6522,0.619942163899754,0.8092751414896547,0.19072485851034526,1997.7894330670917
6523,0.6084495262822833,0.7685559259500416,0.23144407404995837,1998.7187324726115
6524,0.686551302360089,0.9449132608283217,0.05508673917167828,1990.463827956225
6525,0.45207366227664386,0.5868967070806214,0.41310329291937864,2002.225054231314
6526,0.2685643794804953,0.46499550010861807,0.5350044998913819,2001.521757512013
6527,0.5490578757971641,0.7917362134316503,0.20826378656834965,1997.113012193214
6528,0.5519763127396031,0.678753723594724,0.32124627640527603,1995.6700043411788
6529,0.2224595003081113,0.4941643474828873,0.5058356525171127,2000.8766487930075
6530,0.5362041050346533,0.8221238794452578,0.17787612055474222,1992.5677690958053
6531,0.5563024487573338,0.789405913974826,0.21059408602517404,1998.5434995787775
6532,0.4588546308200429,0.690305099024673,0.30969490097532704,2000.029996622952
6533,0.45840002428219606,0.7227743919624812,0.27722560803751883,1999.560094256129
6534,0.6360531512005358,0.6364079688648366,0.36359203113516336,2000.3827844398509
6536,0.48764031698490634,0.6416480347039105,0.3583519652960895,1998.266431292014
6537,0.5757688593136789,0.8205248731361198,0.17947512686388023,1997.5331050791197
6538,0.7602758599405691,0.8877337777425072,0.11226622225749283,1994.804127724036
6539,0.4527936847528129,0.6311113435760379,0.36888865642396207,1999.1922066272414
6540,0.3939699220348435,0.5655475848183408,0.4344524151816592,2002.8083516546208
6541,0.38433732639977747,0.7488093063080996,0.2511906936919004,1995.8434491877063
6542,0.44950225505497327,0.7440755153273811,0.25592448467261886,1997.1760080950505
6543,0.19210160616502506,0.309510222040226,0.6904897779597741,2003.5745712500288
6544,0.36952219488611615,0.5780553737135383,0.4219446262864617,1999.1365073306586
6545,0.8437150470827378,0.9050178490622958,0.09498215093770424,1993.0745346064984
6546,0.4239922409207237,0.7187181773599121,0.28128182264008794,1999.6512399459066
6547,0.866351060863871,0.9364857456280796,0.06351425437192038,1994.319707797307
6548,0.5634187057512826,0.8439277213575895,0.15607227864241047,1999.6187317153913
6549,0.4078831605904112,0.40796002001615683,0.5920399799838432,2002.592266360411
6550,0.6079207130738715,0.7041010655004168,0.29589893449958315,1997.7268240718493
6551,0.5436888759525289,0.6521292634032606,0.3478707365967394,2000.6067877475562
6552,0.3802306709698918,0.6410296724528035,0.3589703275471965,2000.855136470392
6553,0.7627528768539102,0.8921167149969041,0.10788328500309585,1998.3976718819238
6554,0.51213910122545,0.5623826896499946,0.4376173103500054,2001.1578229199317
6556,0.5331746697585795,0.7708677008146994,0.22913229918530065,1997.1673010964982
6557,0.5663302271778469,0.8114624046142972,0.1885375953857028,1996.714040393936
6558,0.27622460184822206,0.42149870587776794,0.5785012941222321,2002.4487546671864
6559,0.4002772479796946,0.7345028636866414,0.2654971363133586,1997.4438611369096
6560,0.7029128340500388,0.8744243241343268,0.1255756758656732,1991.6235841854154
6561,0.6704348087042008,0.8412890921736892,0.1587109078263108,1996.5878792177505
6562,0.6510407232209323,0.8272056722844872,0.17279432771551284,1996.5197533350452
6563,0.5829747700561059,0.8028310460819938,0.19716895391800615,1998.922834198687
6564,0.44829528706645266,0.44851963449382637,0.5514803655061736,2000.3580763981452
6565,0.36621185749583124,0.4528572645723536,0.5471427354276464,2002.5834381399613
6566,0.4840875603656707,0.6314350700444877,0.36856492995551227,2000.8663639676429
6567,0.35736849808325327,0.5436242830949028,0.45637571690509715,2004.0529079888738
6568,0.7917141066854699,0.8802684594675096,0.11973154053249035,2000.422515409187
6569,0.5412144537147684,0.6797307517592107,0.3202692482407893,1999.0172875688154
6571,0.30079456389746684,0.594681180095739,0.405318819904261,1998.3003041513364
6572,0.4594540246692627,0.7928985038853384,0.20710149611466155,1996.9634771772
6573,0.7194288521341996,0.8299505271011595,0.17004947289884054,1991.0405842930209
6574,0.4475273728307857,0.6455444274215713,0.35445557257842875,1999.9575957771365
6575,0.8899851835952942,0.9549123554360217,0.04508764456397829,1989.2804995929996
6576,0.757700405216055,0.8745754021957468,0.1254245978042532,1996.7111691006965
6577,0.7904776814908658,0.9014308181429167,0.0985691818570833,1995.9770182488028
6578,0.48621085719332696,0.7404689263308363,0.2595310736691637,2000.8001057893682
6579,0.5441747591208241,0.5458917612943885,0.45410823870561146,2003.2396360804971
6580,0.43381458902144476,0.5862326991800195,0.4137673008199805,2005.3485106788473
6582,0.4519240440848936,0.7028903769057233,0.2971096230942767,1999.523571148337
6583,0.5949579810261018,0.809853545283427,0.190146454716573,1997.9554097983555
6584,0.4413991863862946,0.667749384060047,0.332250615939953,1998.9285053138865
6585,0.4829593995771867,0.6530011862948253,0.3469988137051747,2003.0711208100684
6586,0.4357960874401744,0.7687418167823068,0.2312581832176932,1995.8593044714332
6587,0.5826671112632572,0.7590769561173477,0.2409230438826523,1998.2573602719142
6588,0.7244632478558171,0.813556061745515,0.18644393825448502,1991.3946025630657
6589,0.542848868487795,0.7398041843253111,0.26019581567468886,1998.0503584345024
6590,0.8493534456866072,0.9235483097832384,0.07645169021676157,1991.7214625018908
6591,0.5805369536101302,0.776390275579366,0.22360972442063398,1999.12123866732
6592,0.7154086779002252,0.8437814027806,0.1562185972194,1998.4388072603497
6593,0.4861420407847598,0.8095884266035775,0.19041157339642245,1998.0242460359186
6594,0.5170011841201482,0.6568697931371599,0.3431302068628401,1999.9907563557476
6596,0.7671933417666529,0.8359860781052055,0.16401392189479447,1994.4916043425333
6597,0.5555755435648512,0.7714276056103637,0.22857239438963628,1998.7773093812236
6598,0.663909724666733,0.8031770493501941,0.19682295064980593,1997.6292253385063
6599,0.5674258213818841,0.7033045054740187,0.2966954945259813,2000.0922112736487
6600,0.5468934202667466,0.7112506937527804,0.2887493062472196,2001.0441098000279
6601,0.1843426654507655,0.5547546570103258,0.4452453429896742,2000.3861927769508
6602,0.4397512840630396,0.7340253779295566,0.2659746220704434,1997.6753336181803
6603,0.27098470094125365,0.4334673725249748,0.5665326274750252,2003.48957167277
6604,0.45488286911630177,0.646493984611424,0.35350601538857596,2000.238126080375
6605,0.8444089742158724,0.9506052014733787,0.04939479852662132,1989.5244008331133
6606,0.5157447239062065,0.7631932277130884,0.2368067722869116,1996.8849356345202
6607,0.8761558853684831,0.9581839478718357,0.041816052128164305,1994.5574619261508
6608,0.3782802581539919,0.6515522817375995,0.3484477182624005,2001.9931054700917
6609,0.5044048483726805,0.5755534897510246,0.4244465102489754,2001.6432264460288
6610,0.31567074370714565,0.5613446029503472,0.43865539704965284,1999.8025628422108
6612,0.4127996108673976,0.7113198350433729,0.28868016495662707,2000.5397831136052
6613,0.5045796758932055,0.7810492769319805,0.21895072306801955,1997.6843952330346
6614,0.3779638257137077,0.6448518050493885,0.35514819495061145,1999.3439077504424
6615,0.4922053884514253,0.6282248799430915,0.3717751200569085,2002.7524921268878
6616,0.45509350209198746,0.6704329661455166,0.3295670338544834,1997.9507004599236
6617,0.3916187760979821,0.657354667858214,0.34264533214178605,1998.6636594781837
6618,0.22400310157041445,0.2757607458810558,0.7242392541189442,2007.009058170583
6619,0.4142444134879009,0.6855139037174989,0.3144860962825011,1999.3350515388236
6620,0.668266930641766,0.876463396361601,0.12353660363839902,1992.0009857639134
6621,0.4630327186174205,0.6844276367718625,0.31557236322813753,2000.5308355403968
6622,0.7954584366688309,0.9048836203302925,0.09511637966970754,1996.3845680839759
6623,0.6662316021576249,0.8425592271662927,0.15744077283370728,1996.5235294477359
6624,0.7320099156689889,0.7321985578174901,0.2678014421825099,1996.4260637596303
6625,0.6258429294862574,0.7380743977159409,0.26192560228405914,1998.5607848795516
6627,0.5209380234505863,0.6842258534456319,0.3157741465543681,2000.5513914711785
6628,0.5161368612855163,0.7098091993422995,0.29019080065770053,2001.2296103874248
6629,0.6293707842884902,0.6792367043553298,0.3207632956446702,1998.7571799632176
6630,0.3689811362323916,0.6101427996974983,0.3898572003025017,2002.3239190500833
6631,0.23849463152856698,0.5688880392255228,0.4311119607744772,1998.8751188145416
6632,0.512268756842882,0.8137813738656868,0.18621862613431317,1996.2002863366477
6633,0.4431477533041644,0.6399893958584936,0.36001060414150643,1997.3654319390462
6634,0.2671550449977009,0.5083641529264928,0.49163584707350716,2001.3301198308668
6635,0.7199640592417549,0.8726654132221235,0.12733458677787646,1992.4132040365932
6636,0.8126505948281189,0.9262085342217808,0.07379146577821916,1994.3586520899833
6637,0.6875057156529474,0.8931596585478428,0.10684034145215715,1993.7375903687387
6638,0.5040285897074208,0.7829830008151941,0.21701699918480588,1998.6449409198606
6639,0.1836634338581074,0.18443191499595762,0.8155680850040423,2006.6338246651303
6640,0.651016567613663,0.6968936757619091,0.3031063242380909,1997.3729390296264
6641,0.4099794958147119,0.6157677963512819,0.38423220364871813,1999.0710292764772
6642,0.4578594078778833,0.6168773114769146,0.3831226885230854,2003.4579501283213
6643,0.5926852984079127,0.8386479730169404,0.16135202698305962,1997.6247822333096
6644,0.4648678170806472,0.7156816748800766,0.2843183251199234,1997.8532249423079
6646,0.2649321042153175,0.6890108583823548,0.31098914161764524,1997.5954140092156
6647,0.5838379393236015,0.8306253231311961,0.16937467686880392,1995.8251255814127
6648,0.6142299288517016,0.7160972268111929,0.2839027731888071,1994.1810263160653
6649,0.798428500923426,0.8839386407437432,0.11606135925625682,1996.692389448666
6650,0.6418684894411566,0.825830403354371,0.17416959664562903,1992.5152189154558
6651,0.6629182718061404,0.8129420282908197,0.18705797170918026,1997.1287607582142
6652,0.7289992968211427,0.9067144393895139,0.0932855606104861,1994.1843799378973
6653,0.4131900024162863,0.7413315065146796,0.2586684934853204,1998.5456557412836
6654,0.6570717687445543,0.7243177462156224,0.2756822537843776,2001.910307653334
6655,0.7788320169590044,0.933580301464187,0.06641969853581298,1991.1418311324107
6656,0.6250351687477436,0.7402885151388146,0.25971148486118545,1996.1457544187297
6657,0.42968061753825393,0.7351719311920917,0.2648280688079083,1999.850992711863
6658,0.40297622110108683,0.6562041932616869,0.3437958067383131,2001.6271310536338
6659,0.5990966973088597,0.6480291238584518,0.3519708761415482,2002.0404709045708
6661,0.32458599765449625,0.5730107572829947,0.42698924271700534,1999.6969299436225
6662,0.28465012157937397,0.6120006859854057,0.3879993140145943,1998.910499999038
6663,0.738075565063799,0.8086261837714511,0.19137381622854888,1992.7668089036263
6664,0.33739238054664644,0.6357963452425961,0.3642036547574039,1999.9077699984023
6665,0.4022061498395847,0.6521673351110668,0.34783266488893316,1995.9016391220666
6666,0.8178567665903155,0.8698173294736169,0.1301826705263831,1998.0504704125683
6667,0.4771171520545585,0.8074188182391352,0.1925811817608648,1997.3196901718445
6668,0.6732653718958719,0.8903788510592369,0.10962114894076314,1996.5540981343222
6669,0.8034938829437748,0.8445883725056385,0.15541162749436155,1994.9968119935668
6670,0.5135217173981338,0.6058535812665391,0.3941464187334609,2000.9584054312163
6671,0.33118054687227905,0.4246273518357065,0.5753726481642936,2005.5395559349067
6672,0.3846484166977058,0.6073204066995219,0.3926795933004781,2002.2530640702034
6673,0.504695005845147,0.7145567132406618,0.28544328675933817,2000.5023691541933
6674,0.2534627477269079,0.5932804387668286,0.40671956123317143,2000.497803461162
6676,0.46917995160257375,0.7099805185315722,0.2900194814684278,1996.768549170056
6677,0.5019060495671289,0.709514897100876,0.290485102899124,1996.5206669235126
6678,0.15849138338964563,0.19428473304264937,0.8057152669573506,2009.714733123672
6679,0.3052471963076034,0.4882993337302903,0.5117006662697097,2002.6043923859181
6680,0.6678861121695809,0.8521621893390914,0.14783781066090862,1993.333556358529
6681,0.7689176161830963,0.8860060981190848,0.11399390188091518,1997.6984926824268
6682,0.7935124942491938,0.9098728366993095,0.09012716330069048,1994.8055273690563
6683,0.5489831279950739,0.7874759201631616,0.2125240798368384,1998.7463146348512
6684,0.6509589765075031,0.6677661855938903,0.33223381440610966,1999.6580004260913
6685,0.0697017153493294,0.12421165265947647,0.8757883473405236,2009.5731565023373
6686,0.5405138231835708,0.6798467736789813,0.3201532263210187,1999.9199280745895
6687,0.5829199791005185,0.756204975684257,0.24379502431574296,1999.4702321524587
6688,0.6606323564788935,0.8177271034176541,0.1822728965823459,1998.1461042101103
6689,0.4008450398174714,0.6514122224949599,0.3485877775050401,1999.1937771922455
6690,0.29336872522798446,0.5612913336072592,0.43870866639274075,2002.1646575385366
6691,0.29779869218269617,0.4968671096661691,0.5031328903338309,2000.5869226779541
6692,0.2665953544202873,0.6145641783752998,0.38543582162470025,1998.7703525243553
6693,0.5874459813783002,0.6599998054335638,0.34000019456643615,1995.5423902985438
6694,0.3482406435484458,0.5365384097792513,0.46346159022074873,2001.677624912197
6695,0.5906344192859342,0.8147151785268175,0.18528482147318248,1996.0718873080532
6696,0.5695919348791744,0.7905845288966794,0.2094154711033206,1999.6650669001556
6697,0.8468702222858537,0.9444388516617368,0.0555611483382632,1991.4025596874683
6698,0.681275029621544,0.8537689187203493,0.14623108127965068,1996.7128971493025
6699,0.43238658485225484,0.5606668432412172,0.4393331567587828,2002.3857015913222
6700,0.08285399222290812,0.11105571120291667,0.8889442887970833,2011.8771875520845
6701,0.5050613391257035,0.6983674863921684,0.3016325136078316,1997.4831189520705
6702,0.3635474581124817,0.5654951978035634,0.4345048021964366,2003.1125792234604
6703,0.43789673395320966,0.6410991739074605,0.3589008260925395,2001.499715993245
6704,0.40975227908970174,0.5706170888163656,0.42938291118363436,2000.5348769992559
6705,0.5767253946662476,0.7372045761233017,0.2627954238766983,2000.595122757645
6706,0.3007079410015698,0.5255311274917354,0.47446887250826464,2000.1516803891905
6707,0.3518997193877832,0.6741931435503775,0.3258068564496225,1998.505180186719
6709,0.6164278446944039,0.7562858516094381,0.24371414839056194,1999.1028570351752
6710,0.629116420045973,0.765349485319833,0.23465051468016696,1995.3744442667519
6712,0.5985770664954507,0.8320035518986431,0.16799644810135694,1998.248686600192
6713,0.4321895409101677,0.7367289680927077,0.2632710319072923,1998.8871078913548
6714,0.6223814792295859,0.6722164355889575,0.3277835644110425,2000.0390446623246
6715,0.6811757327562934,0.8397745003163475,0.16022549968365252,1995.016243452056
6716,0.5818105399288717,0.6925042210008262,0.3074957789991738,1999.4144509712264
6717,0.2982908037475345,0.5206305473372781,0.4793694526627219,2002.9012494032825
6718,0.797667909595883,0.8864219308422563,0.11357806915774371,1996.7936151111003
6720,0.31866215279372434,0.4938502855068375,0.5061497144931625,2004.5306383620864
6722,0.49203085090148574,0.802357347102662,0.19764265289733796,1993.3063837135703
6723,0.39455825183329774,0.613307350366053,0.386692649633947,1999.2965315056958
6724,0.33891141850120726,0.4759843852537169,0.5240156147462831,2003.0707141988137
6725,0.6965658733707405,0.8756344132293384,0.12436558677066156,1991.7772392745246
6726,0.6765021595796653,0.8705749820483099,0.12942501795169015,1996.5620790164235
6727,0.79740058760793,0.9123888400381379,0.08761115996186208,1995.0341098203053
6728,0.6130317268849473,0.8441827928479871,0.15581720715201286,1998.2785718364782
6729,0.7422518820536316,0.7427875821752148,0.2572124178247852,1996.2726742410323
6730,0.5632766359194972,0.6103043246672961,0.3896956753327039,2000.3078965368147
6731,0.713910929668797,0.7748846667163368,0.22511533328366318,1996.386682328925
6732,0.5232655750916059,0.7405382603914392,0.2594617396085608,1998.8891142437672
6733,0.4638129048667659,0.8385802373467011,0.16141976265329894,1996.4149038647388
6734,0.26835628872217676,0.5151235671505291,0.4848764328494709,2002.0445417998772
6735,0.5436573902271125,0.6016798573011093,0.3983201426988907,2009.7323086798374
6736,0.35431973570080105,0.5805764962498087,0.41942350375019133,2000.6680360789323
6737,0.416011201645922,0.7570469622068534,0.2429530377931466,1996.934350492022
6738,0.5934824221127588,0.7182026530019525,0.2817973469980475,1995.0096774193548
6739,0.46874195134984636,0.6938568289060576,0.3061431710939424,1999.5997188765527
6740,0.6641244047345325,0.8774967477290643,0.12250325227093573,1992.9879142480606
6741,0.5955291038449182,0.8294165693792745,0.17058343062072545,1995.4544255387561
6742,0.7455746640040114,0.8665124239534634,0.1334875760465366,1997.5962059528847
6743,0.5783026012039266,0.8271043775185769,0.1728956224814231,1996.1712970921747
6744,0.9126210944601719,0.9127249824688985,0.08727501753110145,1990.5658412144226
6745,0.7058015490939379,0.8666860087871703,0.13331399121282972,1994.7152429798757
6747,0.21976471435170464,0.6493991877185931,0.35060081228140694,2001.0081035334351
6748,0.6550579212316134,0.832862286468495,0.16713771353150497,1996.6896744035037
6749,0.43279481400825504,0.6527436631131144,0.3472563368868856,1998.9405883892173
6750,0.3343895169847313,0.4841883470166174,0.5158116529833826,2005.4295203879938
6751,0.37482640453214683,0.6005280448752329,0.3994719551247671,1998.3776839533539
6752,0.5994525309376896,0.8057449364095657,0.19425506359043432,1996.8512337353607
6753,0.7390998549759434,0.8190367980861125,0.18096320191388748,1991.8250667119971
6754,0.33942034207183536,0.7407469802181694,0.2592530197818306,1998.3489872258438
6755,0.45831329245761065,0.7021069053117287,0.2978930946882713,1997.0100665169361
6756,0.4852494006859276,0.7755530543843202,0.2244469456156798,1997.9618192806115
6757,0.7048074516198404,0.8665186591148881,0.13348134088511188,1995.4906268975355
6758,0.5172087041726151,0.7863114569924593,0.2136885430075407,1998.2218773522725
6759,0.36229535378071587,0.48194175016439456,0.5180582498356054,2003.0988992551256
6760,0.14210821884219602,0.29767537511172276,0.7023246248882773,2006.8761012505909
6761,0.5214299022669439,0.6234028944717681,0.3765971055282319,2001.169241546471
6762,0.24242332641796807,0.6201343193032027,0.37986568069679727,2000.6617505068245
6763,0.6812546578846658,0.8669027527895328,0.13309724721046723,1995.1990513960943
6765,0.3143763804934117,0.5379357858512841,0.4620642141487159,2002.897150095009
6766,0.3152448544070059,0.6121771629262411,0.38782283707375886,1998.4707358659352
6767,0.3221970471175131,0.5622055551603604,0.4377944448396396,1999.9949467385425
6769,0.23825412623265527,0.5261689222160564,0.4738310777839436,2000.475365272745
6770,0.864905294197131,0.957449132816961,0.04255086718303902,1987.9370123621934
6771,0.5365172964903002,0.8390579703091128,0.16094202969088722,1994.4045443509542
6772,0.7168590653606697,0.9069065494176861,0.09309345058231389,1995.3699560855055
6773,0.6310511322599971,0.7997209310035355,0.20027906899646453,1998.5758376073616
6774,0.5168834982285102,0.605689025868417,0.394310974131583,2000.9504305106402
6776,0.669788884491293,0.7696970593557718,0.23030294064422818,1997.0563749966218
6777,0.2555503598840527,0.4938276260557898,0.5061723739442102,2003.5343996431243
6778,0.29709559645731065,0.5499612314688876,0.45003876853111235,2002.3669534233948
6779,0.42897264401508783,0.5431461242588143,0.45685387574118574,2000.9633649469263
6781,0.35841193907608976,0.5695197410159879,0.4304802589840121,1999.1807657956176
6782,0.22925530681897205,0.49171371289385546,0.5082862871061445,2000.6855709111962
6783,0.8931630633541074,0.9423276573188595,0.05767234268114052,1988.5915101701528
6784,0.7795193083990202,0.8286294161087805,0.1713705838912195,2001.2758937001527
6785,0.6471691360141972,0.8544248185932637,0.1455751814067363,1994.3396383380743
6786,0.6800408885699053,0.8829598868604619,0.1170401131395381,1995.5875652834386
6787,0.8666348097790886,0.9646195040351835,0.035380495964816516,1993.3034993073477
6788,0.46722483144621485,0.7250677141722637,0.2749322858277363,1999.9075374976912
6789,0.31940757153403126,0.32267742788150167,0.6773225721184983,2003.738282530318
6790,0.17075754868838455,0.2597490096110173,0.7402509903889827,2006.253234365253
6791,0.5511601901914392,0.6646310177543656,0.3353689822456344,2000.9295325436133
6792,0.24614767648800992,0.4945410109159697,0.5054589890840303,2003.0605013487234
6793,0.38386522562939174,0.7338571006771856,0.26614289932281443,1998.8164431401299
6794,0.38740794706732434,0.5017582916313345,0.49824170836866555,2004.0074718511248
6795,0.5201581749761176,0.7278937736602127,0.2721062263397873,2000.1053498505557
6796,0.2253637819487088,0.4303766574407931,0.5696233425592069,2002.0595023730407
6797,0.30252363852607544,0.5395203110630231,0.4604796889369769,2000.45269063238
6798,0.46652306772134766,0.6569230093274354,0.3430769906725646,1997.5841880361163
6799,0.5520543905078388,0.6720216355666369,0.32797836443336315,2001.083259325108
6800,0.7701700645171403,0.9227040506418404,0.07729594935815964,1990.2270812346371
6801,0.5851016142794409,0.8236851399028657,0.17631486009713426,1996.6415449118356
6802,0.7392093681893251,0.8867042689770589,0.1132957310229411,1994.3881873420605
6803,0.471669786016816,0.8078853553809391,0.19211464461906091,1997.7382382450319
6804,0.5468049140334553,0.6013224913175282,0.39867750868247176,2001.1221779173688
6805,0.14575623379475597,0.3406649599601404,0.6593350400398597,2003.6619041455535
6806,0.4791306894340786,0.637345883275731,0.36265411672426895,1997.8810991621353
6807,0.23401593342260263,0.5752174505759399,0.42478254942406013,2001.531679882958
6808,0.7561924101706501,0.8478996789352258,0.15210032106477422,1997.3168423787401
6810,0.46268352145131736,0.6518949938022998,0.34810500619770024,2006.205876281996
6811,0.3152301208013684,0.5374409051509867,0.46255909484901325,1999.4040323442464
6812,0.3610921803307287,0.830626117468349,0.16937388253165098,1994.7702667790998
6813,0.4814510885406157,0.6610815900988767,0.3389184099011233,1997.5297302831086
6814,0.4273242758365616,0.7713898702377893,0.22861012976221073,1997.3672495783674
6815,0.7329708855842916,0.8896073392101113,0.11039266078988874,1992.2512478216406
6816,0.622341653523076,0.8306863493357971,0.1693136506642029,1996.7186651508719
6817,0.7757109062435394,0.8861114793597914,0.1138885206402086,1995.2258514857324
6818,0.5045002062718734,0.7649600840708437,0.2350399159291563,1998.7773596629092
6819,0.33529528519409596,0.41549663722811386,0.5845033627718861,2003.0735371033513
6820,0.12813672330770157,0.4417365886667934,0.5582634113332066,2002.828923890202
6821,0.6422289486003853,0.8056989973567001,0.19430100264329986,1994.5604612045365
6822,0.5512184380504991,0.738614629645164,0.261385370354836,2002.5484251999849
6823,0.5475475858058317,0.8270698704540964,0.1729301295459036,1997.572256974721
6825,0.2040602890048128,0.28874270362310017,0.7112572963768998,2008.5766587629682
6826,0.4151628494916319,0.609646973721225,0.390353026278775,2000.422302107813
6827,0.39741292925090904,0.697271458223775,0.302728541776225,1997.3652390184784
6828,0.4564724870350494,0.6389663553387376,0.3610336446612624,1996.5899450633244
6829,0.049365585202677385,0.21247497923044542,0.7875250207695546,2006.0522427415683
6830,0.6238031301753578,0.8474830721122305,0.1525169278877695,1991.9867145303238
6831,0.29813098711839514,0.7265117194819688,0.2734882805180312,1998.895823484448
6832,0.7572079793285275,0.9078019604358437,0.09219803956415629,1993.0313597433264
6833,0.6662804477185887,0.8278443189048649,0.17215568109513513,1998.027404708658
6834,0.5801985957099554,0.7005036350618039,0.2994963649381961,1998.4530727067875
6835,0.7151390155495444,0.8391155859158757,0.16088441408412435,1994.859653669044
6836,0.37681328028745475,0.6292659528613878,0.37073404713861224,1998.1250903552684
6837,0.6442294678219195,0.8678141536959585,0.1321858463040415,1997.535142800359
6838,0.6685091750574326,0.8764187760229081,0.12358122397709193,1996.9489287000188
6839,0.44990439157791284,0.546413704942083,0.45358629505791703,2002.0531740605782
6840,0.6125964168050019,0.6966378919353414,0.3033621080646586,2004.5410697661493
6841,0.48018907025867774,0.7256251077176772,0.2743748922823228,1997.534121201009
6842,0.4982342419470731,0.6882548009143522,0.3117451990856478,2000.6006873664141
6843,0.49795519493182233,0.6540431787258514,0.3459568212741486,1998.1804291094247
6844,0.19563603613126435,0.465553765316517,0.5344462346834831,2001.9557051585984
6845,0.7140188531743898,0.8876317633384762,0.11236823666152385,1992.1717846620666
6846,0.6059753378195859,0.8298177011029316,0.17018229889706837,1997.535719082435
6847,0.5429003721188239,0.8134237049498033,0.18657629505019668,1996.769020306865
6848,0.5923930430702585,0.8555621969572234,0.14443780304277665,1995.4589469130133
6849,0.506559114561593,0.6260249261272323,0.37397507387276774,2000.6542548658626
6850,0.5754365776351119,0.741195028230338,0.258804971769662,1996.4734587818411
6851,0.49671663806430566,0.5655931719939549,0.43440682800604513,2005.569734832842
6852,0.34478084406482495,0.64583867901566,0.35416132098433994,2001.4596513174686
6853,0.5792965942348933,0.7689260483031819,0.2310739516968181,2000.0661336597393
6854,0.15630625239968685,0.3095446453948451,0.6904553546051548,2004.5473590861754
6855,0.3282601352108324,0.7298777272578867,0.2701222727421133,1999.8888300608487
6856,0.31581761854568746,0.6539565931600023,0.3460434068399977,1997.969855083852
6857,0.336607894152333,0.7204697377309957,0.27953026226900435,1997.6492510620033
6858,0.6073206614110109,0.660833757412128,0.339166242587872,1995.9755092932462
6859,0.5728107439808278,0.7405032139362369,0.25949678606376314,1997.7947474244825
6860,0.5667686323904965,0.7994757531506717,0.20052424684932835,1992.5930601372604
6861,0.6552268928352406,0.8661032700746439,0.13389672992535606,1997.1122652109
6862,0.832667424507366,0.934887384571188,0.06511261542881197,1994.2423006977122
6863,0.6156419366056117,0.7464340821855502,0.2535659178144498,2000.8021115430001
6864,0.64241886326225,0.6789921518641892,0.32100784813581085,2001.6423859751721
6865,0.5209713979742091,0.6146780598813083,0.3853219401186917,2001.2114155536597
6866,0.32085332661399807,0.5011180307713695,0.4988819692286305,2001.9859217317212
6867,0.3264889648062054,0.568853308244631,0.431146691755369,2002.4940334574483
6868,0.3220181125375967,0.5305578246067983,0.46944217539320165,1999.830998259769
6870,0.3883154567336198,0.7098858245157296,0.29011417548427043,1996.9753710408377
6871,0.579010116255319,0.7736858568135804,0.22631414318641963,1998.2894511684958
6872,0.4185749482195402,0.5431037943590895,0.4568962056409105,1999.3687162936374
6873,0.794750031483963,0.889684438715228,0.11031556128477205,1993.0371681744657
6874,0.6773556418607742,0.8782994425329984,0.12170055746700159,1992.1836769398078
6875,0.6617554849614169,0.8745053744206416,0.12549462557935842,1997.7812383633448
6876,0.8762901083114598,0.9364364377842976,0.06356356221570236,1994.2058894305685
6877,0.6594720636525158,0.82627911231283,0.17372088768716998,1997.688182711115
6879,0.12887946879914924,0.5657876052567955,0.4342123947432045,2000.480006104345
6880,0.5549166497656018,0.6727381813960659,0.3272618186039341,1997.81526246501
6881,0.38023328921944105,0.555438973440951,0.44456102655904906,2005.2338283939625
6882,0.49023280036454864,0.6223003119695141,0.3776996880304859,1998.4358113709343
6883,0.3789196785872743,0.5822868574646811,0.4177131425353189,2002.584443487596
6884,0.7197312034747008,0.8017315248348612,0.1982684751651388,1995.4804710854644
6885,0.3860047957092595,0.6756820688779385,0.32431793112206153,1998.7279744883206
6886,0.7924098413340407,0.8334289087262428,0.16657109127375724,1991.850583859017
6887,0.5684852325696867,0.7652698360235697,0.23473016397643032,1998.6441433075834
6888,0.6082225481956511,0.7868490243136065,0.21315097568639352,1994.7093249977318
6889,0.8519083412834894,0.9403017394959886,0.05969826050401139,1993.4612712929872
6890,0.6140503368282288,0.751044887588055,0.248955112411945,1997.874778111045
6891,0.43609385423186936,0.7562101489864156,0.2437898510135844,1999.265200846223
6892,0.6101578416878601,0.6494095954492627,0.3505904045507373,2001.2673446316903
6893,0.7644232604558072,0.8711981981490672,0.12880180185093282,1994.782227697207
6894,0.7900952705936447,0.8320496118471564,0.16795038815284358,1997.0103546170294
6895,0.6370275749006024,0.7813788264410498,0.21862117355895017,1998.6780913488938
6896,0.5486557821771132,0.6578666909370624,0.3421333090629376,1998.103962245329
6897,0.717997926610535,0.8538192531630544,0.1461807468369456,1998.3296279174003
6898,0.2712424459306574,0.5171815577526444,0.4828184422473556,2000.0763877262632
6899,0.5277878855184168,0.7341493036685586,0.2658506963314414,1997.7321609014502
6900,0.5415332289783686,0.7180485715533627,0.28195142844663734,1994.0414212529788
6901,0.20372287786583776,0.37170262934127585,0.6282973706587242,2003.749932370985
6902,0.7453115218075844,0.8587809085466713,0.14121909145332867,1992.4329516766816
6903,0.5813845707067163,0.7665859013885505,0.23341409861144946,2000.4179676756034
6904,0.9131987558393722,0.9686943137897287,0.0313056862102713,1995.8322785559378
6905,0.7102439751652994,0.8485113344726014,0.1514886655273986,1999.8987207253394
6906,0.24778284394837796,0.39531441999625166,0.6046855800037483,2004.1493618288366
6907,0.09718684620003057,0.2566496049414262,0.7433503950585738,2006.0604494468791
6908,0.7233232588158557,0.8211071261377904,0.17889287386220964,1993.755771315709
6909,0.5797664149661641,0.7518746897290518,0.2481253102709482,1998.2236447171265
6910,0.5543725307206471,0.7735888058998234,0.22641119410017663,1996.677127190835
6911,0.5453178744693322,0.85416339692512,0.14583660307488,1998.554619652398
6912,0.5955802624267473,0.7729607075158746,0.22703929248412535,1999.0092833209715
6913,0.42723548680812923,0.6545328783104162,0.3454671216895838,1999.7183453860443
6914,0.8905281756639428,0.9533918660111209,0.046608133988879086,1987.511352309226
6915,0.24260056639626845,0.3838348359116693,0.6161651640883308,2003.7148495440867
6916,0.696164966147081,0.8232374083925894,0.1767625916074106,1993.6518535384535
6917,0.5060669874858995,0.7624170926212946,0.23758290737870535,1997.2752475761329
6918,0.8365786588700479,0.9374207479343769,0.06257925206562309,1996.6581960890117
6919,0.3983943213578396,0.67776878756389,0.32223121243610997,2000.2898146838686
6920,0.2334676761350351,0.3737226506822904,0.6262773493177096,2003.9732512367632
6921,0.5447593683305603,0.6340821093744964,0.3659178906255036,2004.496391309143
6922,0.7264272194232603,0.8222496863511017,0.17775031364889826,1993.6417313685292
6923,0.5058442498803141,0.6560184546292462,0.34398154537075376,2000.8871821756081
6924,0.2874652850470493,0.5232122378198917,0.4767877621801083,1999.749766495135
6925,0.38242269089754466,0.5366551565034903,0.46334484349650973,2003.6612249247455
6926,0.4716694817969937,0.602155475074179,0.397844524925821,2001.4694675990897
6928,0.8935912049538852,0.9388940152615128,0.06110598473848716,1987.5588309778216
6929,0.3193716911937972,0.6554505736573207,0.34454942634267927,1997.2898472094585
6930,0.40524405220468906,0.7307564648809742,0.26924353511902577,1995.97953516911
6931,0.06126745928820228,0.422371176854074,0.577628823145926,2004.1143058989007
6932,0.7770084790872468,0.8990870009674458,0.10091299903255424,1998.3030223871417
6933,0.5649920696242906,0.787811507403486,0.21218849259651396,1998.3614233089722
6934,0.30606889974223794,0.41230752982022784,0.5876924701797721,2003.5958371489878
6935,0.8423843995364917,0.9337821361443636,0.06621786385563644,1993.2389403270256
6937,0.6165897665569917,0.8671821794706397,0.1328178205293603,1996.4251635097266
6939,0.39365029320206163,0.653028442250796,0.34697155774920396,2001.5271352559994
6940,0.202192726986049,0.5262770560451159,0.4737229439548841,1999.461517155681
6941,0.40874891930992235,0.6503751460832315,0.34962485391676845,1999.0721671747822
6942,0.8614385272203392,0.9024586477061216,0.09754135229387839,1989.327913699773
6943,0.534403125862144,0.6581860793730351,0.3418139206269649,2001.0197956107593
6944,0.6298264110312473,0.8329180425130229,0.16708195748697707,1991.3032368187714
6945,0.6243782145080973,0.8251476524102962,0.1748523475897038,1997.9325737418517
6947,0.44653222557808997,0.708751661846276,0.291248338153724,2000.303521520865
6949,0.6317143662606206,0.8133354891856694,0.18666451081433055,1996.253017549031
6950,0.6832800997817116,0.7748038379353531,0.22519616206464688,1995.3676788966466
6951,0.46908506099416925,0.5734854680630878,0.42651453193691224,2004.8564547777994
6953,0.280338808717784,0.3517985989275742,0.6482014010724257,2007.6221341112664
6954,0.5509977352089686,0.7291668633261422,0.2708331366738578,1996.1777016507685
6955,0.5037302056339006,0.7812531160587768,0.2187468839412232,1997.4925387294754
6956,0.8834852720021532,0.9330438458688016,0.06695615413119838,1988.4812100681036
6957,0.22163095993735682,0.37658658635881426,0.6234134136411857,2004.3304349550208
6958,0.7988510924997432,0.8966752101334725,0.10332478986652749,1992.6143552782669
6959,0.25554906623286516,0.5963920584072901,0.40360794159270985,2002.341284343376
6960,0.8355371359504347,0.9230177926725064,0.07698220732749361,1994.7206121689183
6961,0.6290903685550451,0.8069676726750449,0.19303232732495512,1999.2332305723369
6962,0.5528731251881878,0.5588220703944417,0.44117792960555835,2000.8427177365813
6963,0.5909702240575602,0.6808255127826671,0.3191744872173329,1999.527715404181
6964,0.8188014064837669,0.8832668264728128,0.11673317352718715,1991.8907897277468
6965,0.22063984144877996,0.37423482066014524,0.6257651793398548,2006.099405304137
6966,0.832030410933842,0.919521475011604,0.08047852498839603,1995.5649793708621
6967,0.8327419780668318,0.9094078465714848,0.09059215342851523,1993.507927215019
6968,0.42417785796886726,0.7124567916369355,0.28754320836306446,1996.5310592220849
6969,0.5960596972815506,0.7732445737662706,0.22675542623372935,1996.930511173795
6971,0.35608133969291417,0.6498688897073384,0.35013111029266164,1999.1474149948197
6972,0.646319178804441,0.8430255441114889,0.1569744558885111,1993.7700962150138
6973,0.7497121610740197,0.8848327210949349,0.11516727890506506,1997.49191252477
6974,0.5205854931399441,0.7961577705270206,0.20384222947297936,1998.941438832223
6975,0.6099825410004075,0.6100326255815713,0.38996737441842866,2002.9675212356842
6976,0.4186301755106835,0.6425975362238912,0.35740246377610885,1999.9342305932591
6977,0.7308805209141244,0.7888352670926007,0.21116473290739934,1994.8263553778606
6978,0.6630555097618992,0.769383421814941,0.23061657818505898,1996.0330241941897
6979,0.5864539631366014,0.7509843737692807,0.24901562623071927,2000.2920538871906
6980,0.6807722998178058,0.7706561264102599,0.22934387358974007,1993.8017821234564
6981,0.46186049606176977,0.6450747811667806,0.35492521883321937,2001.241000345184
6982,0.23635211186181224,0.5368564551545034,0.4631435448454966,1999.8963241096399
6983,0.7084812557434476,0.8007661857224766,0.1992338142775234,1992.843882845459
6984,0.4626740198809923,0.7298093133127664,0.27019068668723356,1997.3065941449677
6985,0.741287324939762,0.9011968651573589,0.09880313484264114,1990.3697434709406
6986,0.5074541551817247,0.8257793284206172,0.1742206715793828,1997.4730671469606
6987,0.5319288145185934,0.8058579282794096,0.1941420717205904,1998.1754003452925
6988,0.6855123554585443,0.6883378466845385,0.31166215331546154,1997.6861244438567
6989,0.3305431642009537,0.5361561018515528,0.4638438981484472,2001.9805476250222
6990,0.6142048973436702,0.8456146193839061,0.15438538061609386,1995.9215929970242
6992,0.8076434637404261,0.8986790990428283,0.10132090095717172,1995.9745421270436
6993,0.7211505566304927,0.8383738537898545,0.16162614621014548,1995.2777388986267
6994,0.5460603753203503,0.843964964005887,0.15603503599411295,1993.23850845401
6995,0.5830946625577106,0.7867113840231873,0.2132886159768127,1994.2769370214378
6996,0.22069701451928717,0.2924883094716279,0.707511690528372,2007.4272853246362
6997,0.5137242152477957,0.7815476045875396,0.21845239541246042,1996.1568862492193
6998,0.5679282708011896,0.8617144848084881,0.1382855151915119,1992.6580864060634
6999,0.9178759445542207,0.9629522595157803,0.03704774048421966,1993.3132876165864
7000,0.4759931293146658,0.6860463938139992,0.31395360618600077,2001.4248102022598
7001,0.4677434767416155,0.5245291630119305,0.47547083698806947,2001.5883742556887
7002,0.042268106170764236,0.19864994002818775,0.8013500599718122,2009.853680818008
7003,0.7864266681853489,0.8555359703632888,0.14446402963671123,1992.863106661225
7004,0.487872469628522,0.7042023384546262,0.2957976615453738,1996.9843532820535
7005,0.535471162217713,0.7114935108020428,0.2885064891979572,1998.8049252479107
7006,0.6161843615632289,0.7670055398721729,0.2329944601278271,2000.5672862456524
7007,0.7465572492100403,0.8543427709063034,0.1456572290936966,1995.5653949323414
7008,0.3881196056110068,0.6724189348083467,0.3275810651916533,1997.91088832417
7009,0.7860687014800573,0.8434424594331894,0.1565575405668106,1991.7474504559937
7010,0.07142729253894121,0.11224711417164845,0.8877528858283515,2009.6688330430663
7011,0.8321415915205697,0.8938927477996097,0.1061072522003903,1992.9920692334965
7012,0.8110535015617223,0.9201295460156997,0.07987045398430026,1997.039594015785
7013,0.6207279485451623,0.7901866129429682,0.20981338705703179,2000.0205879424705
7015,0.5744442798006634,0.7901552381936465,0.20984476180635347,1996.5849157022278
7016,0.7655822885496064,0.8223717208544835,0.1776282791455165,1994.6521764555162
7017,0.5255524230739398,0.7635975599922281,0.23640244000777189,1994.913616927145
7018,0.7697696703191911,0.8686874874260249,0.13131251257397514,1994.5762967378455
7019,0.7697912623327868,0.8419339373960801,0.15806606260391987,1999.6104979507218
7020,0.5095109236100648,0.8165713424740093,0.1834286575259907,1993.893721503966
7021,0.44628976601894554,0.7471176441701487,0.2528823558298513,1997.4238874070952
7022,0.5872228349507949,0.645877708839899,0.35412229116010097,1997.477172812599
7023,0.27833148934767477,0.47301226780521755,0.5269877321947825,2002.336168703623
7024,0.892470961996812,0.92548461300897,0.07451538699103,1989.210780076824
7025,0.7030465841266161,0.8731318679707702,0.12686813202922975,1995.8012982901753
7027,0.7062951455930061,0.7838138182739334,0.21618618172606663,1996.8900595317357
7028,0.45488222730836003,0.5355136124188965,0.4644863875811035,2003.6685144174687
7029,0.7618309562718997,0.8250886694594666,0.17491133054053343,1993.2330211128055
7030,0.7073996235466367,0.8409611802164425,0.1590388197835575,1993.2039773176657
7031,0.7910432563852607,0.8629705355804101,0.13702946441958985,2000.581111406088
7033,0.3358110294457542,0.4594092358896131,0.5405907641103869,2004.1506701509186
7034,0.3915474495587765,0.7459656428943259,0.2540343571056741,1996.6518238043993
7035,0.6155520970947622,0.7036304691267038,0.2963695308732962,1994.454976438211
7036,0.40011910729348554,0.5959911650101691,0.40400883498983087,1999.5421079676698
7037,0.8654057415183203,0.913857186139793,0.08614281386020695,1990.9934541151922
7038,0.7067976329192279,0.8523072929115072,0.1476927070884928,1998.0896032429207
7039,0.4271391705537574,0.7327211021086167,0.26727889789138326,1999.0648098261852
7040,0.49237816220238095,0.6527611142113096,0.34723888578869044,1997.0581161705154
7042,0.6549525058568618,0.778005867388511,0.22199413261148904,1998.7112521803078
7043,0.05550074259893884,0.2934866463392234,0.7065133536607766,2006.9008092633464
7044,0.717832423240266,0.8279796514794087,0.17202034852059134,1999.162548979355
7045,0.36419490057251713,0.48808447834298835,0.5119155216570117,2000.1085452343884
7046,0.3741287663639661,0.69444121290093,0.30555878709907003,1998.119636647247
7047,0.6718645465881736,0.8381902762874993,0.16180972371250069,1996.189323654012
7048,0.6385346468538446,0.8222679336229526,0.17773206637704742,1992.6772283612174
7049,0.3206043697806713,0.5816345404541636,0.41836545954583637,2000.0264232438835
7050,0.6970161225506879,0.877751613619947,0.12224838638005298,1992.4303086932907
7051,0.8001136201617537,0.9034093702773134,0.09659062972268662,1997.0313885757737
7052,0.6109218632287753,0.7796730772616692,0.22032692273833077,1999.372988570019
7053,0.19102770854713386,0.8307328209102143,0.16926717908978572,1996.1654785050766
7054,0.4818898845831154,0.643989421565126,0.35601057843487405,2001.1154916364376
7055,0.8020060466256804,0.865582248352155,0.13441775164784497,1992.1272082668097
7056,0.6198438699731923,0.6908068388311912,0.3091931611688088,1996.270155876373
7057,0.7523049911750919,0.8367344555652438,0.16326554443475616,2002.020952529788
7058,0.30441022348531344,0.5599806759636053,0.44001932403639465,2001.9858872353293
7059,0.3103066738346248,0.6156133720316451,0.3843866279683549,1997.7480209589048
7060,0.4490991498816259,0.7769858459929904,0.22301415400700964,1995.7906324493254
7061,0.834011754622776,0.8932376173198534,0.1067623826801466,1988.9192051813384
7062,0.2689256974060036,0.7113897872947467,0.28861021270525333,1996.6034771423422
7063,0.7236626168101318,0.8741937727581196,0.1258062272418804,1992.4832557345028
7064,0.46711525410811017,0.7280720388512724,0.27192796114872764,2000.55550446634
7065,0.4444489896390358,0.7398518786988012,0.2601481213011988,1998.8278659953887
7066,0.7439323074199212,0.764419135020519,0.23558086497948105,1997.887020915249
7067,0.4967301524633471,0.8041833998247858,0.19581660017521418,1995.3816209719191
7070,0.6219582019886358,0.7385537292820186,0.26144627071798143,2000.9921637998846
7071,0.45152096889302673,0.6228059845562388,0.3771940154437612,2001.7444543044162
7072,0.6345738902573752,0.8242374144861871,0.17576258551381285,1995.4165663495698
7073,0.6129895274434455,0.7282023772839327,0.27179762271606733,1994.8155199579833
7074,0.3125325230881597,0.4725812909092602,0.5274187090907398,2001.8699650109083
7075,0.2560033608095766,0.46074835364778316,0.5392516463522168,2002.886018102994
7076,0.7058115053602605,0.7934802036760741,0.20651979632392592,1993.3232910529641
7077,0.6180007719562319,0.8712814596166336,0.1287185403833664,1996.6720635980068
7078,0.6033052516947863,0.8037855538897211,0.19621444611027894,1998.8435932505824
7079,0.6213622477180258,0.6912876261245523,0.3087123738754477,1999.0550632797363
7080,0.2984364688789529,0.39750463683553944,0.6024953631644605,2007.3588259033208
7081,0.7935620625319064,0.8326317741048919,0.16736822589510814,1993.5182194918116
7082,0.4730600096884065,0.6959216332316114,0.3040783667683886,1995.7498265201382
7083,0.6910015484071834,0.8094976152437349,0.19050238475626513,1999.1895256334708
7084,0.702640772086471,0.814386829985016,0.185613170014984,1998.0136286225472
7085,0.605119725431031,0.7819326321713106,0.2180673678286894,1998.0428716061965
7086,0.37261413788487674,0.6522914268979887,0.3477085731020113,1999.6248513470384
7087,0.7557264275811145,0.8613030175681142,0.13869698243188577,1989.8562212249003
7088,0.5874905270595723,0.8846249794359656,0.11537502056403437,1992.8790334322007
7089,0.8727065084711173,0.9178245649838147,0.0821754350161853,1992.0015357350312
7090,0.7455155104737752,0.8869683473092743,0.11303165269072568,1995.5958574265637
7091,0.5555072713514,0.835868830388157,0.16413116961184304,1997.344901915838
7092,0.8030771054771699,0.847893472580964,0.15210652741903596,1992.992468812587
7093,0.7421749766209874,0.8340016717429556,0.16599832825704441,1993.8631721183222
7096,0.7422223454753024,0.8442399103597955,0.1557600896402045,1998.0420245941705
7097,0.3512461180383116,0.4638235627571765,0.5361764372428235,2004.0882168316032
7098,0.284940878076662,0.3824235820859977,0.6175764179140023,2007.7609821360488
7099,0.41823354797696866,0.7288908019732497,0.27110919802675026,1996.7214634596885
7100,0.6281318662840232,0.733771397583068,0.266228602416932,1995.0835737595435
7101,0.38522896496482933,0.4664118811541489,0.5335881188458511,2003.8128700064674
7102,0.7888521129388286,0.8718733721102079,0.12812662788979212,1993.6712392541401
7103,0.659163232242323,0.79657128727202,0.20342871272798002,1996.3410149742308
7104,0.5284733034656982,0.7358927765876078,0.26410722341239223,2000.0460030001873
7106,0.5004794403976439,0.5717452701627797,0.42825472983722035,2003.564384755782
7107,0.804019047585895,0.895400948148521,0.104599051851479,1990.9348017001723
7108,0.4805334694151943,0.7014276372481314,0.2985723627518686,1996.0514380647624
7109,0.7514216940374544,0.8970936094290176,0.10290639057098239,1994.7633407616784
7110,0.8182881271555618,0.9107333701988116,0.08926662980118838,1995.63775929282
7111,0.45470131691547017,0.6384004978334398,0.3615995021665602,1999.4894817804457
7112,0.3161465155980618,0.6250132746020397,0.3749867253979603,2000.001029937195
7113,0.6452553937415036,0.7016823530176983,0.2983176469823017,1995.2195490244321
7114,0.3242086307858055,0.5215579393539852,0.4784420606460148,2000.311867451342
7115,0.7343156175338064,0.8782327235254672,0.12176727647453278,1992.0216410910418
7116,0.9009768355169558,0.947305187807805,0.05269481219219496,1997.3464407749127
7117,0.6684273999929059,0.8010864576092532,0.19891354239074677,2000.1835483750403
7118,0.6093121123800166,0.6898755170641131,0.3101244829358869,1997.9112763655012
7119,0.3379541779351956,0.4227364962091882,0.5772635037908118,2006.3000430257334
7120,0.8578891833486775,0.9167369818007546,0.08326301819924542,1989.544462030465
7121,0.47597169857296656,0.6597980621408603,0.34020193785913966,1996.3198063183402
7122,0.7558006640855581,0.8592355414502238,0.14076445854977615,1996.3061600259914
7123,0.6818972434450209,0.7962378747630605,0.20376212523693948,1998.2849064698476
7124,0.4588185863045312,0.6063858674350862,0.39361413256491384,2001.3896962830856
7125,0.5201020380124292,0.7850673059230813,0.21493269407691873,1995.8587742340776
7126,0.6178084277418828,0.6610729072438144,0.3389270927561856,1996.34376659593
7127,0.5125652524150529,0.7070237921563901,0.2929762078436099,1998.5501894369588
7128,0.8057992091639213,0.8751734096405991,0.12482659035940091,1992.2640364357142
7129,0.9219340254678268,0.963328486386951,0.03667151361304899,1994.5932112550593
7130,0.5044168674236857,0.7394509907918028,0.26054900920819724,1999.4067038879007
7131,0.6920190965026137,0.767790012285164,0.23220998771483603,1993.6920235531109
7132,0.5132435357800987,0.6472870799576365,0.35271292004236354,2002.2133327873346
7133,0.3142279951220413,0.4775836112979433,0.5224163887020568,2002.6066737321594
7134,0.19282807513388786,0.3929569740679587,0.6070430259320413,2003.7732272684354
7135,0.7187881733152098,0.8131096281887373,0.18689037181126267,1998.788899418664
7136,0.8795987064831096,0.9292356720860065,0.07076432791399345,1992.9643985177447
7137,0.4754508578121848,0.74458843491866,0.25541156508134,1995.4814350395197
7138,0.3676886426069874,0.6074996902904584,0.39250030970954164,1997.9461131540702
7139,0.16805400402962456,0.19919827786925826,0.8008017221307417,2010.652139309104
7140,0.39026894732965334,0.5723734994094982,0.4276265005905018,2000.9677475682472
7141,0.8422051353599249,0.8836888461218338,0.11631115387816615,1993.4334544639057
7142,0.6012963976263009,0.7442941894778615,0.2557058105221385,2000.751272575293
7143,0.46894656261059064,0.7591475348767904,0.24085246512320957,1998.9023800382938
7144,0.6009845372079636,0.7310188769129995,0.2689811230870005,1994.230456879388
7145,0.7582989755806625,0.8226213901208171,0.17737860987918286,1995.783922870956
7146,0.43443802313959823,0.5734261032857706,0.4265738967142294,2002.8294192107358
7147,0.7191258376810682,0.8685117037403116,0.1314882962596884,1993.7173480969414
7148,0.7703439345552134,0.8529117605460547,0.14708823945394534,1999.5150382978197
7149,0.12331910913862809,0.20508896017283001,0.7949110398271699,2008.648596945649
7150,0.48840972598140814,0.7075872173062255,0.29241278269377446,1997.7454272499078
7151,0.5867416171666548,0.7491744398376228,0.2508255601623772,1999.0689528492096
7152,0.6689518659778882,0.813142248086486,0.18685775191351395,1991.7787719888524
7153,0.542552453645717,0.8298432233544105,0.17015677664558948,1995.0212141981574
7154,0.8400128339750321,0.8914891764488722,0.10851082355112784,1990.8144384737543
7156,0.5087054186362909,0.7551216436630322,0.24487835633696775,1999.6258371971062
7157,0.5318113237512904,0.6734475502263162,0.3265524497736838,1998.6322197323964
7158,0.7995478549586863,0.8773738967903397,0.12262610320966028,1992.5864737988381
7159,0.41221858496766944,0.5450604032495685,0.4549395967504315,2001.9375015902365
7160,0.6736260410962852,0.7455697570535174,0.25443024294648264,1995.978977891681
7161,0.761881819843605,0.8348110115807816,0.16518898841921836,1999.893745408161
7162,0.6969588383711778,0.8527049584471261,0.14729504155287387,1998.575227982663
7163,0.649755720302362,0.7807906515079314,0.21920934849206863,1998.6906955967474
7164,0.333725918589594,0.6083481763287418,0.39165182367125817,1998.4529121668393
7166,0.44317294538243,0.6118478230505676,0.3881521769494324,2002.0001900373643
7167,0.8787700603574609,0.9171824169370544,0.08281758306294562,1991.1161518822362
7168,0.76767105796795,0.9142551900486433,0.08574480995135669,1997.8463269485842
7169,0.5080890348473296,0.7829478175247507,0.21705218247524927,1998.4632069257798
7170,0.8606110923266971,0.9214156827167396,0.07858431728326043,1993.4919277688502
7171,0.6527163956478721,0.7426538466443582,0.2573461533556418,1997.802134543389
7172,0.10316221123812705,0.22843467167939394,0.7715653283206061,2008.0772059207804
7173,0.6704486140103694,0.733084262068527,0.26691573793147305,1998.5899234339668
7174,0.7203227000533208,0.8106246336096894,0.1893753663903106,1999.6420435962834
7175,0.8232911975919629,0.940867776286663,0.05913222371333704,1992.5672015115808
7176,0.3972097583736546,0.6533538966676324,0.34664610333236756,1999.2142934100912
7177,0.4643414032602437,0.7629151103478851,0.23708488965211494,1995.908986457959
7178,0.7333327524497744,0.9147400235229037,0.08525997647709627,1991.3391209856848
7179,0.4355814545711381,0.5653898665097693,0.4346101334902307,2001.96808500457
7180,0.8421171687165679,0.9054370434057363,0.09456295659426373,1989.8564440060147
7181,0.8557750631165737,0.9519940452181338,0.0480059547818662,1992.0939228934199
7182,0.5933156002221998,0.7738371377472444,0.22616286225275561,1999.3899677758834
7184,0.8378866890028781,0.9087659864597815,0.09123401354021854,1991.218376412785
7185,0.4703603769684984,0.5787706625997866,0.4212293374002134,1999.9170790666792
7186,0.011947001942373903,0.043673611062415414,0.9563263889375846,2012.7484308514397
7187,0.8913294186445923,0.918283001620948,0.081716998379052,1999.6311683015847
7189,0.5304169535084711,0.7074681438790641,0.2925318561209359,1999.2698236058354
7190,0.46415054636775815,0.7180726635194677,0.28192733648053225,1995.626337493747
7192,0.3093391865787936,0.5351406936508452,0.46485930634915484,2001.0196621782527
7193,0.7968592294374868,0.854795808153518,0.14520419184648203,1994.5510005196304
7195,0.5923931308379325,0.7588666333733367,0.2411333666266633,1999.0348423272228
7196,0.5137524127818561,0.59706868454719,0.40293131545281,2000.672504752354
7197,0.7534737930259331,0.8830397291462188,0.11696027085378125,1992.7694988494131
7198,0.4067934465596273,0.5144881943434042,0.4855118056565958,1999.8997761505482
7200,0.7534012492848142,0.8436244771696966,0.15637552283030343,1996.0683462644931
7201,0.9474140582738467,0.9654241906758374,0.0345758093241626,1989.7401390910188
7202,0.4475893517655055,0.6376367047902535,0.3623632952097465,2000.43680458827
7203,0.49051958709454496,0.7568175165030864,0.24318248349691363,1997.280197614574
7204,0.6163928565044066,0.8028864775320737,0.19711352246792635,1991.9447449888546
7205,0.7915056852058389,0.8421418951621389,0.1578581048378611,2000.2123042371543
7206,0.8113599289650478,0.8687279343128956,0.13127206568710437,1991.3402515723271
7207,0.6714121686161063,0.8394929683717072,0.16050703162829283,1996.7017938273802
7208,0.5350793614236186,0.734895237999087,0.26510476200091304,1999.0241151908647
7209,0.4824564634503527,0.6047605514330914,0.3952394485669086,2001.773049804406
7210,0.8899669123290423,0.9505442599713089,0.04945574002869113,1989.0648073842046
7212,0.8835159894422246,0.9636987352786257,0.03630126472137429,1988.9727109359148
7213,0.6827248439985666,0.8602826323144337,0.1397173676855663,1996.6407840111688
7214,0.5253827425683534,0.7264383114850774,0.2735616885149226,1997.3975817045841
7215,0.18270932204430543,0.3508538220482128,0.6491461779517872,2005.003347402125
7216,0.2962240577932827,0.3787515093932919,0.6212484906067082,2004.9887430804454
7217,0.3900738632158658,0.5658261687337657,0.4341738312662343,2000.9775829917123
7218,0.8667523546489161,0.9176092654568363,0.0823907345431637,1988.979455510692
7219,0.7268977946493267,0.866047418038182,0.13395258196181803,1996.2648082520059
7221,0.7343041364080178,0.7476640336569433,0.25233596634305666,1997.0477572677858
7222,0.7242769130469817,0.7976757964288702,0.2023242035711298,1995.238041038861
7223,0.4119723215529652,0.5469670231315148,0.4530329768684852,2001.3156765267058
7224,0.8105067376172269,0.9311533479017727,0.06884665209822727,1990.159908632484
7225,0.7780721637262149,0.8798472964484011,0.1201527035515989,1998.7003071649783
7226,0.556155748478773,0.7096872113070007,0.29031278869299926,2000.5929273105587
7227,0.29289274185839603,0.6028117853807748,0.39718821461922516,1999.0769373539306
7228,0.28305057881688694,0.3237217731444515,0.6762782268555485,2006.3349126159665
7229,0.420611391849959,0.5431443696698425,0.4568556303301575,2002.688777288493
7230,0.869226566264307,0.9191119532254345,0.08088804677456551,1990.3528369367868
7231,0.7272122619735064,0.8860862950849395,0.11391370491506048,1994.293444454179
7232,0.4618695187960433,0.7074179789460356,0.29258202105396436,1999.5279159014663
7233,0.36620829350526474,0.5430986895206845,0.4569013104793155,2000.6546388942488
7234,0.8287947092278087,0.9016006228885365,0.09839937711146352,1992.9286384503519
7235,0.25000607690321014,0.26503273931604454,0.7349672606839555,2007.0893525224756
7236,0.653071067996351,0.8365182334160315,0.1634817665839685,2000.0904225553443
7237,0.8201135243262343,0.8514452695347896,0.1485547304652104,1995.125990088842
7238,0.5828831377740765,0.7602165921085878,0.23978340789141217,1996.2173645949508
7239,0.3907734199201124,0.6983661477835938,0.30163385221640615,1998.6914245033454
7240,0.30159253687719045,0.33144020143352454,0.6685597985664755,2006.7232714685883
7241,0.391038007113558,0.582853872255761,0.417146127744239,2000.2547668395273
7242,0.6697416056806352,0.7949199024223497,0.20508009757765033,1992.5605359050664
7243,0.5872396407208902,0.8118413930077802,0.18815860699221976,1996.8432356192575
7244,0.5488730428085399,0.8112539139443217,0.18874608605567833,1998.02895208341
7245,0.7020896753149583,0.7605783991887844,0.23942160081121555,1994.4373019709865
7246,0.6335484634064678,0.7756000228002322,0.22439997719976779,1996.6893950480417
7247,0.06865084080597933,0.15194532552095236,0.8480546744790476,2010.0630580609188
7248,0.6187236244014219,0.7363186908105747,0.26368130918942534,2002.1985002936515
7249,0.2756332928927575,0.3594381664107307,0.6405618335892693,2006.248175306786
7250,0.6713574978882424,0.8310540039412744,0.16894599605872562,1996.6993414315948
7251,0.3206132626299366,0.5007657407584662,0.49923425924153375,2002.487296740731
7252,0.29970770012708514,0.5393331173192681,0.46066688268073186,2001.8071911696986
7253,0.69040585531862,0.7675482795728166,0.23245172042718343,1991.7724158648366
7254,0.709612687201838,0.9038719322899366,0.09612806771006344,1993.805964127685
7255,0.6547756456592075,0.8379172735232983,0.16208272647670174,1998.1950138560885
7256,0.22798701496577178,0.30650882907041566,0.6934911709295843,2004.7694552129562
7257,0.8823868734072007,0.948275235720537,0.05172476427946304,1989.5381570770126
7259,0.5589327726494657,0.7986059762855736,0.20139402371442638,1998.3528765322176
7260,0.5367522379273497,0.7832015211720618,0.21679847882793823,1996.5626413061555
7261,0.4725031469471956,0.7928209900119727,0.2071790099880273,1996.2524520178363
7262,0.7605584866756198,0.8969730624304506,0.10302693756954939,1991.1351960633297
7263,0.5896454522197658,0.7849829799501331,0.2150170200498669,1997.428141774973
7264,0.8132423885462372,0.8678135191832003,0.13218648081679973,1991.98126854442
7265,0.7374532177481921,0.909024356187573,0.09097564381242695,1994.7293528050557
7267,0.3075507094597914,0.5076260843039511,0.49237391569604894,2001.8723101629523
7268,0.542283092343279,0.7558432836118348,0.24415671638816516,1998.6392109945214
7269,0.5564550125390877,0.585764424407681,0.41423557559231905,2002.2965313242562
7270,0.511693959584708,0.6725622945931149,0.3274377054068851,2001.3880806855766
7271,0.27925357207988033,0.30855147372944514,0.6914485262705549,2011.2801525903817
7272,0.3373415265381104,0.5976023429364319,0.4023976570635681,1999.1284622468584
7273,0.5886842536965169,0.7441893384034324,0.2558106615965676,1993.4712251552946
7274,0.2815760548584509,0.4247301686534005,0.5752698313465995,2002.2326353479473
7275,0.7199124600683542,0.8075955271362436,0.1924044728637564,1992.1603928535055
7276,0.7607403154431325,0.9255808507912886,0.0744191492087114,1992.0937316740335
7277,0.7873672513299564,0.9131124301951437,0.08688756980485635,1997.3765094213634
7278,0.6209927713124032,0.7636990748906286,0.2363009251093714,1997.2160044147925
7279,0.8673376468412455,0.9231496551397751,0.0768503448602249,1989.1048202758307
7281,0.8150393705069224,0.8862299069028897,0.11377009309711028,1999.8676050852073
7282,0.39839123714804114,0.6497762247160809,0.3502237752839191,1997.9552988259481
7283,0.45355741897611745,0.7822060731767972,0.21779392682320275,1995.5736408240437
7284,0.8044159311119208,0.8799991076673681,0.12000089233263189,1991.1647088005204
7285,0.43115761284520443,0.781661386467891,0.21833861353210904,1996.6207873994556
7286,0.8404011764294672,0.9063135014543177,0.09368649854568234,1990.0394486442392
7287,0.5218196349554808,0.856522690440481,0.14347730955951898,1994.5743417417043
7288,0.5484341589686932,0.7296504942669575,0.2703495057330425,2000.33563624778
7289,0.42452380409006696,0.5262572173685728,0.4737427826314272,2002.8304703864237
7290,0.9066919080627316,0.9374788686627367,0.06252113133726334,1988.0485029920899
7292,0.8030126511985534,0.898168459572408,0.10183154042759202,1996.616503634148
7293,0.39146479850888066,0.5114222311373284,0.48857776886267157,2005.4067684764966
7294,0.43198272759985606,0.7713767542281397,0.22862324577186033,1994.851705114021
7295,0.5517123122040442,0.7003338228375711,0.29966617716242894,1994.8377305101749
7296,0.48387812915841905,0.7436246990650578,0.2563753009349422,1998.429313009431
7297,0.7109410904119964,0.7802365792261943,0.21976342077380573,1994.1624505352795
7298,0.24396375435361717,0.6573866316096949,0.3426133683903051,2000.0233110082654
7299,0.6260699685475588,0.8657246558335987,0.1342753441664013,1996.5105146198161
7300,0.4747194327891419,0.6568829321253417,0.34311706787465834,1999.2748157225114
7301,0.7464835044255972,0.8959038776223943,0.10409612237760568,1993.1410278960848
7302,0.06644592052140672,0.21352074298461432,0.7864792570153857,2008.8209608787963
7303,0.6722045366700692,0.7673316349587037,0.2326683650412963,2000.0679000638825
7304,0.6853199917513657,0.8277347300301956,0.1722652699698044,1995.5383379145824
7305,0.2760724106367824,0.5952543935516155,0.40474560644838453,1998.643249467244
7306,0.5035843053226884,0.6184374325357674,0.38156256746423256,1997.3643753503816
7307,0.11232422819408443,0.30886924587326475,0.6911307541267353,2004.5683525219365
7308,0.8125701988941945,0.884714841103309,0.115285158896691,1992.2117564038292
7310,0.287461758780997,0.5664337128488464,0.43356628715115364,2000.69873587803
7311,0.48544742374452815,0.5515099968124956,0.4484900031875044,2001.6588162480552
7312,0.9259571011671485,0.9346475677694972,0.0653524322305028,1991.025550418054
7313,0.042417163194221355,0.23116047889937827,0.7688395211006217,2005.6621761148272
7314,0.5298042166800312,0.7723724425842723,0.2276275574157277,1999.3757628266999
7315,0.6885386492639345,0.8483507408853351,0.15164925911466487,1995.8237142077455
7316,0.2588618434166726,0.5863144177315285,0.4136855822684715,1999.9357432521606
7317,0.4566970535797468,0.652717529330837,0.34728247066916296,1996.2158169653226
7318,0.2260692004787626,0.4354095842056126,0.5645904157943874,2004.1270079549008
7319,0.6800166640221921,0.7634030784749737,0.23659692152502632,1991.7088443527568
7320,0.78102071730486,0.9117120110631197,0.08828798893688028,1993.671406244346
7321,0.21355369171436364,0.5379562285480906,0.46204377145190945,2002.4527387613614
7322,0.7432479177580879,0.8050945645324161,0.19490543546758388,1998.7506480330012
7324,0.3852853069670562,0.5088472609523083,0.49115273904769174,2000.1533683726225
7325,0.6551783900431095,0.814993083470974,0.185006916529026,2000.3818932887755
7326,0.49766370301711166,0.6843309223066647,0.3156690776933353,2000.195629280509
7327,0.3868522345755572,0.726446215813255,0.27355378418674503,1998.2541354556022
7328,0.45824132417458535,0.6790564206185425,0.32094357938145746,1995.2762824764714
7329,0.38921105650341237,0.612365265481094,0.38763473451890595,1999.90157446079
7330,0.7292861045178296,0.8633184457209174,0.13668155427908257,1990.2770994413083
7331,0.2970720971765961,0.5825839893538879,0.4174160106461121,2001.7103081534974
7332,0.3190854661780417,0.7068841846376507,0.2931158153623493,1999.0149844789012
7334,0.840699521041677,0.9146127741718226,0.08538722582817737,1991.9589649505026
7335,0.08314001727144962,0.2560927014014709,0.7439072985985291,2008.1564990170943
7336,0.6942549942525201,0.8345944827367081,0.1654055172632919,1998.3721024503413
7337,0.4323383207605732,0.6637620012447576,0.3362379987552424,1996.829366773257
7338,0.44509134482613355,0.7153396585861328,0.2846603414138672,1996.3417186891063
7341,0.5439272456758689,0.6381608494683363,0.3618391505316637,1994.6273516062681
7342,0.6572302106629754,0.8369031414034627,0.16309685859653733,1998.4599881348609
7343,0.5133142978120758,0.7595576703873845,0.24044232961261547,1997.4617367785347
7344,0.44938453847759185,0.5500552722564632,0.4499447277435368,2001.3185914920066
7345,0.8130936783650967,0.8408271719128725,0.15917282808712752,1994.8499529544133
7347,0.7152121464931276,0.8138567532120339,0.18614324678796612,1998.0567959425564
7348,0.5424209348504241,0.731435121957617,0.26856487804238305,1998.7323208019423
7349,0.29096034919654984,0.6899288312893505,0.31007116871064955,1997.4445901712352
7350,0.7088204212983931,0.8011305971208935,0.19886940287910648,1992.0551626478982
7351,0.48577539766025946,0.68501354754391,0.31498645245609,1998.3544575087085
7352,0.7173942106506375,0.7717191230209167,0.22828087697908328,1992.878754492671
7353,0.7932475765019152,0.8982525078781013,0.10174749212189871,1996.4602888296397
7354,0.645430189481075,0.90750903060706,0.09249096939293999,1996.4992562155185
7355,0.6149030021205505,0.7769275300306442,0.2230724699693558,1997.3753011327517
7356,0.11068153064530221,0.4840503318909268,0.5159496681090732,2001.4600252979808
7357,0.0941395937487473,0.14324129113909553,0.8567587088609044,2011.6939757095834
7358,0.6668540857815072,0.8095008283211125,0.19049917167888752,1999.7421808358033
7359,0.5152970496229281,0.7108555237881552,0.2891444762118448,1999.4032033322096
7360,0.35591130719024483,0.6092882828932136,0.3907117171067864,1998.4166357708896
7361,0.593130243223821,0.8045177631133904,0.1954822368866096,1994.1015405766668
7362,0.3048396641987868,0.4341850839706338,0.5658149160293662,2003.317019259345
7363,0.7036269564309486,0.8721549491025015,0.12784505089749854,1992.6126417108744
7364,0.6719568606795017,0.8644100605888951,0.13558993941110487,1997.8955099728157
7365,0.5204415932744405,0.7527901563912981,0.2472098436087019,1999.9587533335023
7366,0.3373405314656241,0.47929339039341773,0.5207066096065822,2002.5808672915257
7368,0.7851227252107519,0.8238832863276939,0.17611671367230608,2000.4150961778544
7369,0.2518260504093193,0.45442153792748297,0.545578462072517,2001.0468227477356
7370,0.5304558225937537,0.6867525833043074,0.31324741669569256,1996.6756905395448
7371,0.4099328198749655,0.6108180634451759,0.38918193655482414,1997.512624703875
7372,0.49206675749866824,0.6934799210899381,0.30652007891006194,1997.807996464157
7373,0.822419000358424,0.9048213113129523,0.09517868868704771,1990.4152256970176
7375,0.4282581882263881,0.7066702769307402,0.29332972306925975,2000.320719519648
7376,0.4320651601819384,0.612315163440148,0.387684836559852,1999.848980858931
7378,0.3966481717346311,0.6485822764391653,0.35141772356083467,2001.6861433333859
7379,0.5536383441456878,0.7337829069809536,0.2662170930190464,1998.889404354345
7380,0.5678359175243759,0.6975418846698859,0.30245811533011413,1996.0488474497674
7381,0.39136145601265593,0.582313142381647,0.417686857618353,2000.5514874997125
7382,0.3196861400036413,0.6330891001672774,0.3669108998327226,1999.8610262178884
7383,0.7746474809969949,0.8519511166106888,0.14804888338931121,1990.8298927032124
7384,0.3260328587333285,0.6998230881702296,0.30017691182977035,1997.9159640461896
7385,0.41450413854559404,0.6552322103713544,0.3447677896286456,2000.85185467509
7386,0.49162287631642676,0.7835615315186353,0.21643846848136472,1996.9708912234273
7387,0.059939980423722436,0.1530090459612275,0.8469909540387726,2009.1340483800695
7388,0.6073343157745316,0.760284907947501,0.23971509205249897,1998.3276507995065
7389,0.31093575908458226,0.7265117964841981,0.27348820351580194,1995.8995550275165
7390,0.23276630588972164,0.6268914759434729,0.37310852405652706,1998.5743138400255
7391,0.5662916281979896,0.7072763786838158,0.29272362131618423,1995.527104608983
7392,0.23055254078186313,0.3658720677530263,0.6341279322469737,2003.3637826737902
7393,0.689342343372946,0.769225376196477,0.23077462380352298,1996.7753414200429
7394,0.7633654924034632,0.888446208676425,0.11155379132357501,1994.7559448235108
7395,0.5025250109929613,0.7774864509300241,0.2225135490699759,1998.9312275013
7396,0.4043731679474306,0.5612337055454333,0.4387662944545667,1998.6780917959672
7398,0.6742517684570822,0.78297383090005,0.21702616909994998,1998.8044407576792
7399,0.39579669615025753,0.6166801926111454,0.3833198073888546,1999.4421100606958
7400,0.5636364197851755,0.8277549566650488,0.17224504333495116,1994.4407319503025
7401,0.43401437284715666,0.6383388840101846,0.36166111598981543,1996.4848090190762
7402,0.31381633350916954,0.5025456421495221,0.49745435785047787,2001.8401065623875
7403,0.7396656756247466,0.884381192029282,0.115618807970718,1993.207617596738
7404,0.3870340065318176,0.7377596196017341,0.2622403803982659,1999.1983030848714
7405,0.5113971961628735,0.7716145753794562,0.2283854246205438,1998.7416411231654
7406,0.4830140271522143,0.5755410360899974,0.4244589639100026,2001.0616232719278
7407,0.012470652135823667,0.06327944617708783,0.9367205538229122,2009.4832936039236
7408,0.7144222452194866,0.923890437519421,0.07610956248057898,1994.0096733909593
7409,0.5508413271778009,0.8033235247682148,0.19667647523178522,1995.2178612833986
7410,0.5038273995470642,0.7628531272823238,0.2371468727176762,1996.5236352943234
7411,0.7007306875942978,0.8222497869601026,0.17775021303989735,1993.054598408401
7412,0.4714905114237785,0.6597983325407718,0.3402016674592282,2000.4897305272232
7413,0.772884295227525,0.8600197244607442,0.13998027553925585,1991.3941415564518
7414,0.7853267812618391,0.9223691372273763,0.07763086277262365,1994.2536046056796
7415,0.5463809435063308,0.7933205916426934,0.20667940835730658,1997.5743312592683
7416,0.22370584138164176,0.35113777428265597,0.648862225717344,2003.5498719146385
7418,0.6641090048908269,0.7955542027291869,0.20444579727081313,1999.8018139434878
7419,0.44610776667179736,0.717283221669755,0.282716778330245,1996.155426776083
7420,0.41292640006547837,0.6506475291211388,0.34935247087886123,1998.9553087445045
7421,0.5415158835492834,0.6724746015983806,0.3275253984016194,1995.3488781485923
7422,0.3091301600802364,0.5574229049806615,0.4425770950193385,2001.002654531148
7423,0.49860818340573954,0.7084965049938855,0.2915034950061145,1996.1489635396108
7424,0.7691338215569101,0.8931086596504195,0.10689134034958048,1997.1431494574172
7425,0.8100746632002249,0.9059902587586949,0.09400974124130512,1996.3089932252078
7426,0.7175990676617392,0.7866151493137502,0.2133848506862498,1991.804161042223
7427,0.7603028187052648,0.894633114055856,0.105366885944144,1997.1776178803473
7428,0.6218368856261699,0.7718666912250114,0.2281333087749886,1999.2398583798495
7429,0.3348553754119461,0.6978357139226612,0.3021642860773388,1997.324679492948
7430,0.42634376009892805,0.5529350147916204,0.44706498520837956,2001.0097137879527
7431,0.420944038119817,0.433527795216257,0.5664722047837429,2003.3149287679269
7432,0.8093712186374703,0.8574785327948916,0.1425214672051084,1991.4727283611574
7433,0.6912757816402518,0.8715899627513505,0.12841003724864952,1998.0788439259434
7434,0.5167989343461938,0.7561624263990195,0.24383757360098046,2000.5869531825633
7435,0.6210244371464605,0.6889561900956329,0.3110438099043671,1996.0872030062958
7436,0.1646878594369374,0.8280450392011038,0.17195496079889616,1997.719840466644
7437,0.5475234025340467,0.7201073200952898,0.27989267990471023,2000.0718618486153
7438,0.42218784938605275,0.6906575020173247,0.3093424979826753,1996.6869847233113
7439,0.6724171869190447,0.8266429609137559,0.1733570390862441,1994.484245886712
7440,0.5608868245383093,0.7659103039448719,0.23408969605512808,1998.7409100125763
7441,0.8747863301789633,0.9372720733907908,0.06272792660920923,1987.6370114740494
7442,0.858919240470473,0.9522728861556882,0.04772711384431183,1993.3730971684308
7443,0.48355274313541025,0.7555634187843404,0.2444365812156596,1999.0439235596837
7444,0.8616078655947885,0.8940726940886418,0.10592730591135824,1990.1678323354486
7445,0.8054759925127666,0.9180865197595668,0.08191348024043321,1997.2756917473366
7446,0.46350226706679104,0.6576495061955674,0.3423504938044326,2000.7699784766157
7447,0.707011935499106,0.8468209041556599,0.15317909584434009,1996.0429769668856
7449,0.38190762369920167,0.5207788566648511,0.47922114333514887,2002.3300874505665
7450,0.6737081502782546,0.7365934011759256,0.26340659882407436,1997.8753404639551
7451,0.5420123130255241,0.8295017461399837,0.17049825386001627,1996.0726393282096
7452,0.44041971421738185,0.832482775661795,0.16751722433820504,1996.2646748488648
7453,0.4080820100054649,0.6071556083772991,0.3928443916227009,2000.318004797012
7454,0.12096171432970645,0.7654921133915092,0.23450788660849076,1999.093696037801
7455,0.4375634049775896,0.6941390322160068,0.3058609677839932,1996.431605338508
7456,0.4640392759947825,0.7081924292930106,0.29180757070698937,1998.2905651931999
7457,0.5243126438521749,0.6625802032372927,0.3374197967627073,1994.930488325082
7458,0.38756401103548654,0.531216318731068,0.468783681268932,1999.4065867169522
7459,0.7644333996525026,0.8512763479560413,0.14872365204395865,1994.977415871261
7460,0.5944888917601935,0.8539149299629643,0.14608507003703575,1996.1169478634376
7461,0.4701747158876493,0.8120344630630815,0.18796553693691853,1997.8906250641148
7462,0.5420158052036158,0.6250878576187071,0.3749121423812929,1999.6324004407966
7463,0.5001431810606665,0.7732100672194655,0.2267899327805345,1998.9175558906772
7464,0.5305794207733675,0.707168426130161,0.29283157386983905,1998.3278918751498
7465,0.4570811344331012,0.6609751875082452,0.33902481249175476,2000.5341738500304
7466,0.6168170789100879,0.7948097224732853,0.2051902775267147,1994.818054677239
7467,0.1772466175182123,0.3148751409083093,0.6851248590916907,2006.046549216406
7468,0.8352095028940371,0.8938457871353421,0.10615421286465787,1993.0279352703365
7469,0.8438414431109822,0.9384473556029571,0.06155264439704289,1996.7092624906284
7470,0.6632133592547628,0.8218842727519049,0.1781157272480951,1998.3097456183361
7471,0.24759975976317475,0.49143385869992257,0.5085661413000775,2001.9717601539141
7472,0.6835531968170299,0.8788338478218934,0.12116615217810656,1997.5060338267829
7473,0.33462334501255775,0.6018214551486776,0.3981785448513224,2000.0435651129014
7474,0.3114963832447668,0.4961134255004559,0.5038865744995441,2002.5524977873538
7475,0.4700296816832651,0.6426568190923807,0.3573431809076193,1996.0916063185593
7476,0.21864122348537976,0.42262541696131445,0.5773745830386856,2002.235641292747
7477,0.7468918176324167,0.8095197072358703,0.1904802927641297,1995.7751232663602
7478,0.763504619964613,0.8916070642863161,0.10839293571368391,1996.3939287327657
7479,0.5441152979665591,0.7474045785129239,0.25259542148707614,1999.944495578288
7480,0.8490979382963141,0.8855442503812401,0.11445574961875993,1988.5289552464822
7481,0.6210863435435298,0.8019875454341121,0.1980124545658879,1998.3823092273094
7482,0.31114694037609064,0.3665813710977675,0.6334186289022326,2008.4595812384234
7483,0.45560611483841745,0.6995272411110831,0.3004727588889169,1998.5845000906859
7484,0.5492343421502958,0.6788610472791278,0.32113895272087223,1995.5521918889688
7485,0.1528170436954339,0.35762144498914566,0.6423785550108543,2004.8847287749434
7486,0.8259369688062492,0.8999922351817164,0.10000776481828355,1989.7846095851219
7487,0.548591383896144,0.7967472364563014,0.2032527635436986,1998.5562676313787
7488,0.7299611678319065,0.8375262440171882,0.16247375598281177,2001.2912381713425
7489,0.8353969838476152,0.9096665622222663,0.09033343777773373,1992.2068016135727
7490,0.4786209831057702,0.9102132755212416,0.08978672447875835,1995.5667950277818
7491,0.5214667951853833,0.6992725097834348,0.3007274902165652,1999.924748974222
7492,0.4084736295291153,0.5482213048012682,0.4517786951987318,1999.6592971418238
7493,0.5088157043076715,0.6408661713987615,0.35913382860123855,1996.2875259511013
7494,0.08122273961739325,0.1048910780217306,0.8951089219782694,2008.9102931076911
7495,0.85565837962359,0.930774193056708,0.06922580694329195,1988.1224989244747
7496,0.766465218459594,0.9413152927038758,0.05868470729612418,1993.7193220960962
7497,0.2617145719476638,0.5339734033200979,0.4660265966799021,2001.6250822104926
7498,0.7654583769786104,0.9131575275075647,0.08684247249243526,1992.3161263960774
7499,0.7831898235041973,0.8952606114258556,0.10473938857414444,1996.4252469254204
7500,0.41758375653822155,0.552544958795381,0.447455041204619,2004.1493017890498
7501,0.39199781480639384,0.5843282198044034,0.4156717801955966,1998.5694796755783
7502,0.7012663336491338,0.7693815787585848,0.23061842124141518,1994.1092145848847
7503,0.38815463818498785,0.47645295188811704,0.5235470481118829,2005.8997900351114
7504,0.9105388246896056,0.940678269741635,0.05932173025836496,1988.3452246167067
7505,0.688713105896917,0.9262451571740855,0.07375484282591449,1993.8042763905196
7506,0.5393031374583694,0.7380364801664173,0.2619635198335827,2001.405200115428
7507,0.8396973064683148,0.8754463746205667,0.12455362537943326,1990.7759333561678
7508,0.8909847900854814,0.9567926754106901,0.04320732458930987,1992.598329284326
7509,0.45556837291444374,0.7289507344490929,0.27104926555090714,1997.907523161067
7510,0.5071218062376682,0.6998120919199525,0.30018790808004747,1996.8024045603645
7511,0.4697247089035643,0.6274278064616529,0.37257219353834714,1997.6383040518986
7512,0.5088740769867673,0.7431330042846576,0.25686699571534244,1999.0448141466318
7513,0.6462504539549861,0.7541685824607536,0.24583141753924642,1998.8051929268042
7514,0.749384051045409,0.9065384051397266,0.09346159486027339,1995.0731455964944
7515,0.40212530312305844,0.652013915264514,0.347986084735486,2003.7475122164537
7516,0.47360185289771045,0.5539616631446985,0.4460383368553015,2002.0089229790176
7517,0.728846503149655,0.9415630383380117,0.05843696166198831,1994.216811614541
7518,0.5078940839067961,0.6257151562032504,0.37428484379674964,2001.4768313756886
7520,0.6445493693171992,0.7211286025483822,0.2788713974516178,1995.5616477142828
7521,0.5031258541695582,0.6377541879674178,0.3622458120325822,2003.162873413607
7522,0.7264486580310054,0.8295237529019563,0.17047624709804365,1994.2446426397175
7523,0.3965219123762983,0.8227087862384015,0.1772912137615985,1997.269831365104
7524,0.6397087848148421,0.7628999395651309,0.2371000604348691,1999.9261798003256
7525,0.03558311114723414,0.18684175343556544,0.8131582465644346,2006.6768749466964
7526,0.6182079791207193,0.8511146269107427,0.1488853730892573,1997.4183259465588
7527,0.47900452568019825,0.743973377972924,0.25602662202707605,1995.3395806616074
7528,0.44851412622508047,0.6996532773368094,0.3003467226631906,1998.3585081032786
7529,0.7033756659948923,0.7916503482619539,0.2083496517380461,1996.0371759424918
7530,0.23757745820180054,0.46319095860020615,0.5368090413997939,2002.0944570448326
7531,0.7796598644683348,0.8662844432459696,0.13371555675403035,1993.7390949262808
7532,0.8939927889223921,0.9721074864406776,0.02789251355932243,1991.2568070832783
7533,0.5539240654337244,0.7368886042300257,0.26311139576997433,2003.2099286551866
7534,0.885126940904135,0.9074547905622781,0.09254520943772193,1988.7112085317299
7535,0.576644862103999,0.8377744777157164,0.16222552228428355,1998.4599649131524
7536,0.6044147891693712,0.7384846013270004,0.26151539867299955,1996.8997592917465
7537,0.5195306630542368,0.8433234880015634,0.15667651199843657,1995.9944853491766
7538,0.4888744305672431,0.5957034788503417,0.4042965211496583,1998.2337055094265
7539,0.44762720036658055,0.7383520062191026,0.2616479937808974,1996.4523264298227
7540,0.8101229231659847,0.8791857763415568,0.12081422365844319,1990.2058664741126
7541,0.8529964685929357,0.9495232084175528,0.05047679158244722,1994.2794721434182
7542,0.5410804893097405,0.7261533684586217,0.27384663154137834,1998.6344758342777
7543,0.7447677576062545,0.7938540180907451,0.20614598190925493,1998.124702958858
7544,0.3343374602176998,0.5229373786076364,0.47706262139236355,2002.6440659157813
7545,0.8210765537189131,0.9414745429094321,0.05852545709056789,1992.2608214392621
7546,0.16780672558246298,0.46922478544193225,0.5307752145580678,2001.7578467014268
7547,0.6831515570860964,0.803226256268324,0.196773743731676,1992.43257292983
7548,0.4884363053193369,0.6729722760680288,0.3270277239319712,1999.1328294184166
7549,0.8363134327691889,0.9020205627753943,0.09797943722460567,1988.9469485198085
7550,0.8172908924046738,0.8999976067927842,0.10000239320721582,1996.4446054992695
7551,0.5931020623644224,0.7738059877015001,0.2261940122984999,2000.9654912731462
7553,0.4908750291497858,0.7331912571842367,0.2668087428157633,1996.307450676346
7554,0.5560424944655382,0.730555819840886,0.269444180159114,1996.2271114193943
7555,0.8286039198925388,0.9260570865162391,0.07394291348376092,1993.4720704085603
7556,0.7526580596566506,0.837313123362912,0.16268687663708803,1998.376873457205
7557,0.6770393367066655,0.8127340441792944,0.1872659558207056,1998.6906837863853
7558,0.7840806495627263,0.8880276536453732,0.11197234635462683,1989.8642438228724
7559,0.8344219498393188,0.9417287430236961,0.058271256976303865,1995.5544392068107
7560,0.6492762941513682,0.8210980543905492,0.17890194560945083,1996.9327306158934
7561,0.6996874267591419,0.7241120939250629,0.2758879060749371,1996.9131673528727
7562,0.4903060795243948,0.6677787127333442,0.3322212872666558,2001.1622515422264
7563,0.33327268660658554,0.626125762767453,0.373874237232547,1998.155384838666
7564,0.8280849502149835,0.9164850262549833,0.08351497374501671,1996.5851624581283
7565,0.5149810880273582,0.7253102807547849,0.2746897192452151,1996.3980315386814
7566,0.30275542015860407,0.5221780996748102,0.4778219003251898,2001.7069662642139
7567,0.8051609090356021,0.897995899137776,0.102004100862224,1988.4516130979812
7568,0.786123299811316,0.9184674217697765,0.08153257823022353,1996.978088829859
7569,0.5546270956040339,0.8081984801327299,0.19180151986727012,1996.9417190983052
7570,0.49416869102459055,0.6435641342648758,0.3564358657351242,1999.7321606677813
7571,0.5115529983589672,0.616608270508402,0.38339172949159805,2002.8647303877594
7572,0.5238513717101597,0.6967964244759146,0.3032035755240854,1997.9268207004563
7573,0.8321777406507563,0.9059103839606742,0.09408961603932575,1995.5027881661094
7574,0.40528517896382105,0.6107365655182942,0.38926343448170575,1998.5932458854595
7575,0.24766509084068353,0.49875611199733266,0.5012438880026673,2001.8873727131322
7576,0.8078992176608133,0.8800555819381399,0.11994441806186007,1991.8384513138722
7577,0.618648826117677,0.8359424682031195,0.16405753179688054,1995.6417975366458
7579,0.40562779951762157,0.6141357181531798,0.3858642818468202,2000.4066316850626
7580,0.5613712941098357,0.734423622930085,0.265576377069915,1998.9290358557103
7581,0.28123339406023984,0.507588136414305,0.492411863585695,2001.2252739815683
7582,0.8396306736878255,0.914096004595976,0.08590399540402405,1999.3750505431244
7583,0.12814584444947114,0.15086713992101364,0.8491328600789864,2011.8039274401094
7584,0.37258416781767956,0.6437281307550644,0.3562718692449356,1999.1768717457473
7585,0.842115785175464,0.9015215635737268,0.09847843642627319,1991.6242326065837
7586,0.7770549463736154,0.9177649746319176,0.08223502536808236,1996.0306906929122
7587,0.5662364597556613,0.8737231372921013,0.12627686270789873,1997.510653316776
7588,0.737653437512121,0.8020444579363326,0.1979555420636674,1992.818800097802
7589,0.4689835604015817,0.6787922011297394,0.32120779887026063,1998.9159484126685
7590,0.35115528157344494,0.6215143243719471,0.3784856756280529,2000.2260396138022
7591,0.7675415280531943,0.8610782557363474,0.13892174426365256,2001.8043768557204
7592,0.5385395068871852,0.6907246009932977,0.3092753990067023,1998.4016309811395
7593,0.7638939416948076,0.8328360643976928,0.16716393560230725,1999.1977039716742
7594,0.8294240177778228,0.9130066135323046,0.08699338646769539,1988.4171936513706
7595,0.6778813282309765,0.9467790045276561,0.053220995472343935,1995.0326363951804
7596,0.5719650076103713,0.8692544482028244,0.13074555179717562,1997.8435000640839
7597,0.6873187375435401,0.8374879108887789,0.16251208911122106,1990.9703403756596
7598,0.48942538671653335,0.7786706340455601,0.22132936595443986,1995.2614454211193
7599,0.6745146286625111,0.8952812984566145,0.10471870154338547,1994.3583285702684
7600,0.8009563345937564,0.908447808993425,0.09155219100657497,1996.0703876565735
7601,0.3799392041705281,0.5857157219184868,0.41428427808151325,1999.9435145510577
7602,0.6363853393040643,0.7014230816227771,0.2985769183772229,1997.8621019224788
7603,0.9360758213541545,0.9812375172037441,0.01876248279625592,1994.0031308431535
7604,0.43097000952060077,0.726320176277856,0.27367982372214406,1998.305994324939
7605,0.6908305265105102,0.7832780210662813,0.2167219789337187,1996.6717787927369
7606,0.5622656165260687,0.7464890151607926,0.2535109848392074,1996.9019858229085
7607,0.35103422449254246,0.6196084282713383,0.38039157172866167,1998.361329456345
7608,0.08209310452436044,0.8610241090474418,0.13897589095255825,1997.4757997814875
7609,0.3514341445533926,0.6142831895479597,0.3857168104520403,2000.7545328232525
7610,0.7623029473544596,0.8698894548949968,0.1301105451050032,1989.7968145563677
7611,0.8742779377484495,0.9650485947128118,0.03495140528718821,1995.0455427976901
7612,0.5254944987490708,0.7817997667814743,0.21820023321852566,1997.4671244351691
7613,0.7645771607962583,0.8070379825611881,0.19296201743881192,1991.4557270960267
7614,0.596711230940242,0.7094868858053159,0.29051311419468406,1998.4796494197751
7615,0.4442294416963926,0.7396456242667924,0.26035437573320763,1998.2146858235753
7616,0.9043895578441015,0.969405991551291,0.030594008448708965,1991.4273420435863
7617,0.5960328530747394,0.8152440881251495,0.18475591187485052,1996.0707832940366
7619,0.5676867692470503,0.8131344278006677,0.1868655721993323,1997.8379343666006
7620,0.5515353111708596,0.8734553018283286,0.12654469817167135,1998.0455339064815
7621,0.7027883115087594,0.7755698090102902,0.22443019098970984,1993.8289889259167
7623,0.40598847280132344,0.6202254697184397,0.3797745302815603,1999.53029639047
7624,0.1858810688599996,0.43323373178948443,0.5667662682105156,2001.9749123404597
7625,0.8549213271061435,0.8985291084895932,0.10147089151040678,1999.0552673078266
7626,0.7672695574551227,0.8690707676897564,0.13092923231024356,1990.4187614843165
7627,0.834460523505655,0.9264549736681958,0.07354502633180415,1996.7053283155499
7628,0.5873863196505262,0.8112707131402872,0.1887292868597128,1997.3456708271515
7629,0.8213969648300502,0.8633639111481003,0.1366360888518997,1989.8310033969167
7631,0.48082357627071853,0.6405620383552136,0.35943796164478636,1999.3863437370392
7632,0.38784210932079255,0.569738262277388,0.430261737722612,2001.316804196366
7633,0.8586385281807338,0.8707686086268711,0.1292313913731289,2000.2154959853322
7634,0.7418462306093717,0.8458804173720306,0.15411958262796943,1991.8816511941286
7635,0.7690655631952421,0.899446341254482,0.10055365874551803,1996.315131348219
7636,0.5744484144350036,0.8168718655244438,0.1831281344755562,1997.1086534177584
7637,0.7663295169104037,0.8126237853645473,0.18737621463545273,1990.8324833439583
7638,0.5179166793343921,0.7081041244703127,0.2918958755296873,1999.610851774344
7639,0.4399953816275891,0.6880870189857972,0.31191298101420284,1998.229868176127
7640,0.32899344118499374,0.47812641926394184,0.5218735807360582,2002.339304248157
7641,0.7957982606958823,0.8966971376005415,0.10330286239945852,1997.4935109222586
7642,0.6936191851340323,0.7384359763115491,0.2615640236884509,1993.2533630596731
7643,0.7887560843589655,0.8692377648888141,0.1307622351111859,1999.1478908791312
7644,0.6505138720715739,0.8580197140549471,0.14198028594505285,1998.6440426139463
7645,0.5737480796035687,0.6318245911113773,0.36817540888862266,1997.0540154373946
7646,0.477355015658835,0.7231853543647094,0.27681464563529057,1997.4862597732774
7647,0.24080643159612797,0.5298103465134295,0.4701896534865705,2001.4188082044238
7648,0.4703540873841785,0.6298064068488575,0.37019359315114253,2000.8920857058017
7649,0.6492884478072932,0.7682534168247507,0.23174658317524932,1998.2306342427446
7650,0.726709034510338,0.8237613890600175,0.1762386109399825,1991.5610419425757
7651,0.7069470451010195,0.8805512390461026,0.11944876095389745,1997.61238362297
7652,0.5715066031668604,0.7915180226930221,0.20848197730697793,1999.3047407732886
7653,0.4557059833307113,0.5657529538729653,0.4342470461270347,2000.2175176777403
7654,0.5751305875390831,0.7429965005801302,0.2570034994198698,1998.957974814327
7655,0.4580932484536993,0.6700930759007163,0.3299069240992837,1998.082298504566
7656,0.1769650626317556,0.40366278611166534,0.5963372138883347,2002.8995754571383
7657,0.8782682487389861,0.9102963749145837,0.0897036250854163,1996.256163719675
7658,0.7526417766099439,0.8328271209408351,0.1671728790591649,1994.3537155835602
7659,0.8310355472132281,0.9291178530513579,0.07088214694864214,1993.2976188330967
7660,0.6450630878022158,0.8176652306106996,0.18233476938930038,1998.135812005614
7661,0.5146657307113327,0.6273442797684505,0.37265572023154947,1999.8071254355134
7662,0.15791033481657957,0.45885442367516094,0.5411455763248391,2004.0931088368109
7663,0.26172792157984376,0.47884159527121606,0.5211584047287839,2002.831047525311
7664,0.19017230751466763,0.46206851274379745,0.5379314872562025,2002.3056861751527
7665,0.6130351704461698,0.7157976722119397,0.2842023277880603,1998.0839878052088
7666,0.686449067354232,0.8382998936972378,0.16170010630276221,1995.7968068350435
7667,0.7556629287694607,0.9255372424420597,0.0744627575579403,1993.3565276040922
7668,0.6229240530484389,0.8545569859871168,0.14544301401288318,1996.7288022733808
7669,0.7688645761427884,0.8187472142211222,0.18125278577887782,1993.6208859228047
7670,0.4623529429410737,0.6824426227172268,0.3175573772827732,1997.8845404221468
7671,0.38611379725466394,0.7228874299633428,0.27711257003665724,1998.292556098666
7672,0.3955270126645185,0.567191196190728,0.432808803809272,2001.4930685084587
7673,0.8008691404009471,0.8631182800904502,0.13688171990954978,1997.9081714853776
7674,0.7552660253223076,0.8471114037486261,0.15288859625137385,1991.7686335389149
7675,0.9198527856767683,0.9636206435617017,0.03637935643829826,1995.458188789637
7676,0.7084468753787009,0.8903179621958346,0.10968203780416541,1996.7750432932392
7677,0.6899689880655381,0.7302491697921317,0.2697508302078683,1994.0749165353286
7678,0.5723310108131996,0.754764730805253,0.24523526919474703,1997.7262692951422
7679,0.4166483255355548,0.6331457937133814,0.3668542062866186,2000.1196735790536
7680,0.40851652034612235,0.611266325170701,0.388733674829299,2000.2638136128
7681,0.8079810710559335,0.8659179741746411,0.13408202582535889,1995.3802779216082
7682,0.8549233626774789,0.9039394463631976,0.09606055363680244,1990.5701764352448
7683,0.867639518214379,0.942273019080489,0.057726980919511006,1995.9381906861556
7684,0.28439419915633746,0.718549817029464,0.28145018297053603,1998.9555253649805
7685,0.41932170977788863,0.5465653396215315,0.45343466037846847,1998.1365799263322
7686,0.5482037470827398,0.8070555480985309,0.19294445190146914,1995.0140512706334
7687,0.3580109931458854,0.5985090738007599,0.4014909261992401,2001.9551756827589
7688,0.3712281333104454,0.7456668715688,0.25433312843120004,1996.7675269254216
7689,0.8096842531554965,0.9081633714196354,0.09183662858036457,1998.4029545678625
7690,0.8282909238136562,0.8742821846843196,0.12571781531568038,1992.8114861434096
7691,0.6305191329023843,0.846374340291318,0.15362565970868203,1995.3297157074971
7692,0.2825531033832828,0.6449311340613948,0.3550688659386052,1999.8856530346873
7693,0.6449481244622757,0.739866804898478,0.260133195101522,1994.3676905033249
7694,0.48169049443153145,0.669640267840525,0.330359732159475,1997.8534679888946
7695,0.5000792972726854,0.7124823408262556,0.2875176591737444,1996.9486282216692
7696,0.08991606539812567,0.2278546410698059,0.7721453589301941,2005.3886477716985
7697,0.7943415607151532,0.8872992092282356,0.11270079077176443,1998.5311795192333
7698,0.7565470051219719,0.8420465799506209,0.15795342004937907,1994.6185586052645
7699,0.8382971519023517,0.9279674467566581,0.0720325532433419,1993.8632243764268
7700,0.3583109773708531,0.7536059034503383,0.2463940965496617,1997.6439081826945
7701,0.6717370659869891,0.7212157945416559,0.27878420545834415,1996.8985349371876
7702,0.6416473906575038,0.7467909574349972,0.25320904256500276,1999.9557601850145
7703,0.29160826301056375,0.5883467849042725,0.4116532150957275,1998.394411979515
7704,0.4208677922491966,0.7453913100985797,0.25460868990142027,1997.7926851631041
7705,0.6883207145899534,0.7871816702030517,0.21281832979694826,1993.2585390525128
7706,0.7935195481091221,0.828171827714313,0.17182817228568703,2000.2082447070636
7707,0.6819614630061385,0.8062258545429698,0.1937741454570302,1998.416598930812
7708,0.596340087184636,0.7942488406581494,0.20575115934185062,1996.7553742476775
7709,0.5569775722177466,0.6537054753136149,0.3462945246863851,1998.0153152159933
7710,0.6811321366973397,0.8313339141482179,0.1686660858517821,1995.7148090227442
7711,0.5834124582371103,0.7765819813275676,0.22341801867243238,1998.4076971198713
7712,0.26538134319163786,0.4911289577031291,0.508871042296871,2003.209482895029
7713,0.7048887625042211,0.7614241789971468,0.23857582100285324,1995.160660997592
7714,0.7543618782175578,0.8707203984673337,0.12927960153266627,1996.1807965798805
7715,0.5229294244244537,0.7291006279395139,0.2708993720604861,1999.8471343454692
7716,0.5348619527768677,0.6323360126565982,0.3676639873434018,2000.4034531724972
7717,0.45796517561163497,0.5854360806885733,0.41456391931142667,1999.8382132344616
7718,0.39746978424629426,0.6992729843581688,0.30072701564183124,1998.3287697712565
7719,0.4160439895575674,0.7254685320369996,0.27453146796300043,1997.489798046365
7720,0.6907016122785882,0.729195148513096,0.27080485148690403,1992.490039285207
7721,0.8121690158507963,0.9060008365794778,0.09399916342052217,1993.1061480351088
7722,0.42289597371698856,0.6695897027813249,0.3304102972186751,2001.0308086476757
7723,0.33930469340961417,0.4597587639352671,0.5402412360647328,2003.1378460178262
7724,0.47254598725613445,0.6785737176334562,0.3214262823665438,1998.9874456053801
7725,0.5294121012307852,0.7377740093843802,0.2622259906156198,1999.6354849380416
7726,0.2707207824685549,0.4640290461812052,0.5359709538187948,2002.5819991021997
7727,0.8486725410026983,0.9007134487417,0.0992865512583,1989.4575636298741
7728,0.5695369833440264,0.8405875176822982,0.15941248231770178,1998.289868335463
7729,0.4759237609853747,0.7308895200261942,0.26911047997380577,1998.938443926078
7730,0.8498959866958341,0.8802452210506237,0.11975477894937625,1990.6156599689202
7731,0.6113162290658328,0.8056735999683702,0.19432640003162982,1995.9687752671155
7732,0.2273820845955881,0.5516749877886196,0.44832501221138044,1999.6444553072258
7733,0.38771013080726,0.5142713245265833,0.4857286754734167,2002.1183619179803
7734,0.6761936010629571,0.7758384003642765,0.22416159963572346,1992.9938265647193
7735,0.6982648354781583,0.8674096039381242,0.13259039606187584,1998.5867090547595
7738,0.4887313393280896,0.7050393757754813,0.29496062422451874,1998.7058579290915
7739,0.5640097177266119,0.7933534215751235,0.20664657842487655,1995.6538447286196
7740,0.1796222827577381,0.38848646990592617,0.6115135300940738,2003.8406075922899
7741,0.761627068907618,0.8155099315035292,0.18449006849647076,1996.0511948418498
7742,0.7447381047796058,0.8766117371600607,0.12338826283993931,1995.6338632782513
7743,0.44308209124343284,0.7775561773205222,0.22244382267947782,1997.4355872168712
7744,0.6188274194772997,0.6538625652899064,0.3461374347100936,2000.395971859408
7745,0.4914548450132189,0.6881218948363284,0.31187810516367165,1997.6625796469148
7746,0.08009490175031543,0.6688644166154001,0.3311355833845999,1998.6660060032953
7747,0.4826932698576345,0.640088514969119,0.359911485030881,2000.4635394260213
7748,0.7034426157732929,0.8736547591592987,0.1263452408407013,1995.6581246179871
7749,0.8537215559335317,0.9232900049450878,0.07670999505491216,1990.25304428209
7750,0.7587642520789679,0.8847353918233963,0.11526460817660367,1997.927424556104
7751,0.1212515879158024,0.37063934261207754,0.6293606573879225,2003.6280493950862
7752,0.6172199651770168,0.7622542077771329,0.23774579222286707,1996.669050360108
7753,0.23593575511373086,0.526421611721847,0.473578388278153,2002.0131080927588
7754,0.3274099330216918,0.5417135575937418,0.45828644240625815,2001.6347816278221
7755,0.7357098277728026,0.8141663871706124,0.1858336128293876,1995.3029866996317
7756,0.885103071834318,0.9541475883626843,0.04585241163731568,1995.6733017227436
7757,0.5184296722695128,0.7246131106508182,0.27538688934918176,1999.1474659036248
7759,0.3398692033507861,0.6162874428372535,0.38371255716274655,1999.6312995159524
7760,0.3709032686550017,0.5936890050473773,0.4063109949526227,1998.8170069249215
7761,0.3964831682807596,0.5731401920516699,0.4268598079483301,2002.0145609594085
7762,0.6655496838439686,0.7322003499753447,0.26779965002465533,1996.2926934570737
7763,0.7442415165131091,0.8746232166901163,0.12537678330988367,1996.8572359032041
7764,0.529097028562207,0.8306000691026699,0.16939993089733008,1996.17809515099
7765,0.8134925765876121,0.8444293216282737,0.15557067837172633,1992.9048221169191
7766,0.5452054284292833,0.738627142678511,0.26137285732148896,1997.4051013602038
7767,0.43019086827216424,0.7522199981449074,0.24778000185509264,1996.2064641444852
7768,0.42759556802496673,0.6105077006784959,0.3894922993215041,2001.2433679963606
7769,0.7203000394487115,0.866270301042382,0.133729698957618,1992.933663852631
7771,0.5946277843564627,0.8104874359024735,0.18951256409752648,1997.9233727545338
7772,0.6695616457897287,0.7032093834314258,0.2967906165685742,1995.7886693605226
7773,0.5578987166104571,0.7885353316563097,0.21146466834369027,1997.6277118639646
7774,0.6779599564016048,0.8520401890880346,0.14795981091196542,1996.2202126816615
7775,0.47679974839408584,0.7141209339167102,0.28587906608328983,1998.709719140553
7776,0.8397926963605705,0.8580155923002611,0.14198440769973886,1992.5775914118608
7777,0.35941419085475423,0.6683196824973338,0.33168031750266624,1999.0445877532939
7778,0.6099985401527321,0.7976797127716518,0.20232028722834816,1999.320316109398
7779,0.8962399402556821,0.9205272829109633,0.07947271708903669,1990.2218749819813
7780,0.4362906582818612,0.6631140654532175,0.3368859345467825,1999.6281933788814
7781,0.5028273341456673,0.6676705540012982,0.33232944599870184,1998.4545739821579
7782,0.2201399032332554,0.3018150254897433,0.6981849745102566,2007.000202392367
7783,0.8500179986080036,0.89538268177713,0.10461731822287001,1992.892666008594
7784,0.9082807938770805,0.966844157303511,0.03315584269648897,1992.9616244493627
7785,0.5631424901664609,0.8148522694826572,0.1851477305173428,1996.842427037134
7787,0.3673824292342524,0.6331379059125428,0.3668620940874572,1998.8369287931403
7788,0.42152798715886375,0.7239827661695936,0.27601723383040644,1998.7334444846526
7789,0.1869961057847033,0.5197850666110921,0.48021493338890786,2000.6174448267122
7790,0.6437787929256937,0.7967351179844471,0.20326488201555293,1997.1919846603314
7791,0.6502054308283302,0.7849573841637851,0.21504261583621487,1997.764649550185
7792,0.38174099699821623,0.7743699919363479,0.22563000806365208,1998.48087590058
7793,0.4205535239025364,0.44652780681745113,0.5534721931825488,1999.9298122563812
7794,0.5807161252713339,0.7288435338576432,0.2711564661423568,2001.1110358284268
7795,0.2561792138649802,0.4618274594547538,0.5381725405452462,2003.1407785620777
7796,0.3541475163209253,0.5307627013374188,0.46923729866258124,2001.5674408577067
7797,0.7497894823012472,0.8493241972560793,0.15067580274392067,1991.8984255818348
7798,0.5403169396501247,0.7506162463532158,0.24938375364678422,1996.9332846688974
7799,0.6853761839349399,0.871447345041845,0.12855265495815504,1997.8298497034737
7800,0.6865036922179824,0.7484827179507287,0.25151728204927126,1997.929330915369
7801,0.586061192282238,0.7284341281345705,0.27156587186542946,1996.6795177260808
7802,0.5658891051554624,0.8327687112175808,0.16723128878241922,1994.4672825628136
7803,0.2777952305915891,0.5579958859633145,0.4420041140366855,1999.8862676900349
7804,0.8189720214966761,0.8968852700972216,0.10311472990277837,1990.7817715000995
7806,0.5954820454536367,0.7988683526212699,0.20113164737873013,1997.9886895007812
7807,0.6034918773717566,0.64082826898167,0.35917173101833,2000.8258457220472
7808,0.4133422845708855,0.6150691759194272,0.3849308240805728,1997.9640214725866
7809,0.25329938158855214,0.547314716728608,0.452685283271392,2000.8808883635775
7810,0.5459209662364889,0.680380535116466,0.319619464883534,2003.4513054852143
7811,0.8289487225791919,0.8752691836429553,0.12473081635704475,1991.05277215638
7812,0.7438534853409545,0.8994524872150415,0.10054751278495855,1993.5040945040582
7813,0.2251942991405154,0.6491862785964428,0.35081372140355715,2000.8190253683215
7814,0.4027138979865482,0.5457300834826723,0.45426991651732773,2001.516063661393
7815,0.4240333003283131,0.6573214688971112,0.3426785311028888,1998.9156057704836
7816,0.42899770445087754,0.6793998496019541,0.3206001503980459,1998.0177411879183
7817,0.8616639675169959,0.8948995537664789,0.1051004462335211,1994.5028568468294
7818,0.8106146990507936,0.893828607404221,0.10617139259577901,1991.1256670375783
7819,0.8741394162444376,0.9656578308870718,0.0343421691129282,1993.3779940557872
7820,0.2711031826484862,0.7093768417984527,0.29062315820154727,1999.5138446554306
7822,0.49992570437811784,0.7197128136506882,0.2802871863493118,1998.1177265614297
7823,0.39266029554924464,0.6793625929568716,0.3206374070431284,1996.4674844563938
7824,0.5241092641031362,0.7873827529712715,0.21261724702872853,1998.4260467029542
7825,0.6922852453266414,0.8448282145276045,0.15517178547239552,1994.0812637988374
7826,0.910814801764771,0.9681513105941685,0.03184868940583152,1995.9198846354623
7827,0.36004989063111953,0.584466764382474,0.415533235617526,2003.1468070935805
7829,0.3852897727152935,0.6540962212094086,0.3459037787905914,1998.7225550748728
7830,0.3433555590750029,0.6170290810401664,0.3829709189598336,1999.949492333608
7831,0.43144503481495655,0.6435366816351286,0.35646331836487144,2000.2745396190699
7832,0.7428770835664791,0.8586501846514005,0.14134981534859947,1992.2574932190316
7833,0.9347615692323645,0.9767685820705724,0.023231417929427622,1989.5307223510215
7834,0.6260965546261676,0.8123227283531845,0.18767727164681547,1997.4051342254616
7835,0.32732190647018694,0.49740597803358094,0.5025940219664191,2001.6651113385399
7836,0.41627288503211235,0.6516921410766645,0.3483078589233355,1998.9959255181395
7837,0.44099354118491346,0.698146443302332,0.301853556697668,1995.9156590718478
7838,0.4163516100074961,0.6449423336519662,0.3550576663480338,2000.2783026359846
7839,0.7789093392087846,0.8389282958229097,0.16107170417709027,1993.0316277790366
7840,0.8752342148362787,0.9668785003378649,0.03312149966213507,1994.6256805049932
7841,0.6742444228903977,0.8303204655674102,0.16967953443258976,1997.0284275512213
7843,0.526446061295039,0.6407623571822998,0.3592376428177002,2002.1208089375707
7844,0.10532057014037145,0.30369350531978134,0.6963064946802187,2004.5459019036414
7845,0.17042090873024898,0.40619852983911114,0.5938014701608889,2002.4260604322703
7846,0.7493548752434059,0.8581115228597629,0.1418884771402371,1992.556558302759
7847,0.8251380947946849,0.9199467765268595,0.08005322347314048,1997.0975901987404
7848,0.4767410736165095,0.6845707211605524,0.3154292788394476,1999.6167793332654
7849,0.5892846311761042,0.632082368456082,0.367917631543918,1997.5124991399787
7850,0.41337559326379514,0.6811247162235465,0.31887528377645347,1997.094790981932
7851,0.33675604351774685,0.4884421210907424,0.5115578789092576,2002.186494722785
7852,0.43083896278523004,0.6640591032061708,0.3359408967938292,1998.7073019838583
7853,0.7590200903121562,0.8743513404093896,0.12564865959061045,1992.3680170309244
7854,0.6779776899901155,0.8327000422276555,0.16729995777234452,1994.5079753485356
7855,0.5381708196733187,0.7902465336044022,0.20975346639559778,1996.1358510805894
7856,0.4258119197596149,0.5879578072464947,0.4120421927535053,1998.5814869210494
7857,0.48242068527855647,0.6718259932710319,0.3281740067289681,1999.1512860328755
7858,0.3493713572330854,0.5156311174476069,0.4843688825523931,1999.1597423320745
7859,0.40609573157839984,0.5901523261706362,0.4098476738293638,2001.4353372489659
7860,0.6690049019042752,0.8139095216320382,0.18609047836796178,1993.56886984022
7861,0.8416083630786253,0.9178603295794472,0.08213967042055281,1993.2339953035464
7862,0.42651891195119235,0.6732502775462549,0.3267497224537451,1999.440345261693
7863,0.6845421250008806,0.7484796989220716,0.25152030107792844,1997.0195835725356
7864,0.5675418443344256,0.7862033085552391,0.21379669144476088,1997.6368938132773
7865,0.49537851101302277,0.701370432510282,0.29862956748971803,1996.159954525018
7866,0.33820239161343774,0.5858993676928165,0.4141006323071835,2001.8224063730427
7867,0.7475144257663889,0.8325269542718241,0.1674730457281759,1994.0659162965978
7868,0.8852842445037995,0.9586527351397881,0.041347264860211896,1991.8872421282115
7869,0.7637487870376639,0.9073694208583669,0.09263057914163308,1993.6152908934725
7871,0.5384954556886953,0.6637116481551059,0.33628835184489414,2000.5659147193905
7872,0.5082553867104277,0.7392906412802804,0.26070935871971956,1998.458867969977
7873,0.4660748239272295,0.6071425290891566,0.39285747091084344,2000.9401016735671
7874,0.7496978835987671,0.8674200233454847,0.13257997665451526,1992.8732587191785
7876,0.8744544761985454,0.9494021241738168,0.05059787582618325,1993.026637601377
7877,0.643360325026117,0.6734656373289979,0.3265343626710021,1995.1875423861443
7878,0.49287113312022335,0.6751037267233381,0.32489627327666193,1999.6503116570848
7879,0.0669852446837858,0.19326310273039846,0.8067368972696015,2007.2888795465417
7880,0.6165378445960222,0.85537613565382,0.14462386434618002,1994.7606659847968
7881,0.5766307320377498,0.7295409033707798,0.2704590966292202,1995.5172141017063
7882,0.828979280740282,0.9172659466880995,0.08273405331190054,1996.1339269606524
7883,0.753428304204255,0.8914282874117042,0.10857171258829579,1995.7331112379902
7884,0.6718213242330171,0.7525547237656667,0.24744527623433332,1992.9105531961684
7885,0.532544719653599,0.7265057507415762,0.2734942492584238,1995.8764517988893
7886,0.623617652499676,0.7738158479172911,0.22618415208270892,1997.0002360662143
7887,0.3450713103605957,0.6336894310662953,0.3663105689337047,1998.8258938224856
7888,0.6845994055000322,0.8237890498583755,0.17621095014162447,1992.8385937576231
7889,0.8876105122752497,0.9446437035464857,0.05535629645351425,1994.5721993947159
7890,0.5896549104118654,0.8332453514231295,0.1667546485768705,1998.023095340761
7891,0.7666493103639285,0.7880906220572758,0.21190937794272424,1991.033630937453
7892,0.4916604247489324,0.682751647662741,0.317248352337259,1999.3541380574256
7893,0.5077583145760762,0.7231381893842239,0.2768618106157761,1998.4977135499912
7894,0.7663379773992651,0.88967875166118,0.11032124833881995,1997.070228602704
7896,0.6251033034570684,0.8479328779668919,0.15206712203310813,1996.4055248315362
7897,0.45431395587476564,0.8041338687297581,0.19586613127024188,1998.0044304207147
7898,0.4848040158220095,0.5798852640656339,0.4201147359343661,1999.7089374904392
7899,0.414818018699926,0.6336956852303024,0.3663043147696976,1999.2343302054649
7900,0.5382245419740284,0.7706543787217668,0.2293456212782332,1993.9101356105446
7901,0.43383283910533976,0.5897129394367611,0.41028706056323894,2003.103187336408
7902,0.718206627271945,0.8464261244949728,0.1535738755050272,1992.4552836917487
7903,0.581426301501586,0.8174127266661058,0.18258727333389424,1996.3954498396251
7904,0.6431000711274018,0.8326728432803859,0.16732715671961407,1995.9248387488765
7905,0.6495462533683699,0.705910589653037,0.294089410346963,1998.2942899019743
7906,0.5622051048344818,0.7155656676066763,0.2844343323933237,1999.199614595896
7907,0.405303788191471,0.6367295535643849,0.3632704464356151,1998.0019673070324
7908,0.275185622176934,0.5159825217746488,0.48401747822535124,2000.9033590988106
7909,0.7297598185754046,0.8667471689222024,0.13325283107779762,1992.1532045889305
7910,0.7013772382637142,0.8707718842421828,0.12922811575781723,1996.099528212175
7911,0.5439775387821482,0.770727757540212,0.22927224245978794,1997.9860557616748
7912,0.4444133957982775,0.4811714060127216,0.5188285939872783,1999.3871652848775
7913,0.4007805025515769,0.6159517499185545,0.3840482500814455,2001.200214349535
7914,0.39993150684931505,0.5191291585127201,0.4808708414872799,2000.3640931845393
7915,0.50837053605936,0.6590753232755053,0.34092467672449467,2001.4656172998505
7916,0.598406390809784,0.7845471978570379,0.21545280214296214,1995.829706979632
7917,0.16664425909633604,0.5896675233900441,0.41033247660995587,2001.253096576646
7918,0.49072146582425646,0.6849043898564282,0.3150956101435718,2000.2837627251477
7919,0.5351818576992322,0.6290118774627388,0.3709881225372612,1999.4886117977208
7920,0.5286661934218037,0.7429239232230895,0.25707607677691047,1997.004113918727
7921,0.4484353137462253,0.629120754663253,0.370879245336747,1999.864189722611
7922,0.3576468116105148,0.5358174884446633,0.46418251155533674,2000.0760026612822
7923,0.5839229959566758,0.8196568998175593,0.1803431001824407,1994.8613112716591
7925,0.5042338047842851,0.7585752047299591,0.2414247952700409,1998.686795875251
7926,0.71936575520864,0.7450280361066431,0.25497196389335686,1993.2975024568775
7927,0.34964399427827286,0.5884099419905165,0.41159005800948345,2001.3398039641565
7928,0.453560331187136,0.7025360097403894,0.29746399025961057,1996.0968443860672
7929,0.2080081176919661,0.44999245453430137,0.5500075454656986,2003.8250654536473
7930,0.5585603952796699,0.7590355064121015,0.2409644935878985,1996.9985082191195
7931,0.34134481991404947,0.8532739006279787,0.1467260993720213,1995.802736976382
7932,0.6429657170530373,0.8680665895851211,0.13193341041487894,1997.3319456628947
7933,0.7116908827426417,0.7538070295997257,0.24619297040027432,1996.8095290441402
7934,0.5336346238625157,0.7062837805123553,0.2937162194876447,1998.0824784121169
7935,0.38740177599826225,0.6700324304140376,0.3299675695859624,1999.5527882692281
7936,0.47804210344470704,0.7472999588350234,0.2527000411649766,1997.0490906633634
7937,0.6353155758968005,0.7944623018235103,0.2055376981764897,1995.5141641337702
7938,0.6576284725303985,0.856727213009855,0.143272786990145,1994.9346753893253
7939,0.5167842306873451,0.7660617648466524,0.23393823515334755,1997.5812065117586
7940,0.4043924449583928,0.5554551844545722,0.4445448155454278,2000.1853685903518
7941,0.3909230394848959,0.6155466401409802,0.38445335985901985,2001.8705018735438
7942,0.48045044629825934,0.6514306544264603,0.3485693455735397,1996.6599926719118
7943,0.25470906446879565,0.47703688183832277,0.5229631181616772,2003.3747501960245
7944,0.8943295597925696,0.9028514305904046,0.09714856940959538,1993.3595873655706
7945,0.6769343960818532,0.8524307984844169,0.14756920151558306,1995.7043967585269
7946,0.7310430333871506,0.8580847406438545,0.14191525935614546,1996.4392305332824
7947,0.45644387558751026,0.5055616424369517,0.4944383575630483,2002.6821508153284
7948,0.4520350787142082,0.6938297276645883,0.3061702723354117,1998.6488579336155
7949,0.5855492209918886,0.7932233329481888,0.2067766670518112,1998.3619598678815
7950,0.3820534968968896,0.5481900337531304,0.45180996624686964,1998.4794268363316
7951,0.5444057093265875,0.8879646213785845,0.11203537862141555,1993.8952955831974
7952,0.5350221419966135,0.7991154695604719,0.20088453043952814,1996.4162418089234
7954,0.6107509549006553,0.637757728832474,0.36224227116752605,1997.4662643150039
7955,0.5864427804250814,0.7739938985956685,0.22600610140433153,1996.2442905450164
7956,0.12485736150118877,0.3001633708029553,0.6998366291970447,2005.2175847304286
7957,0.23966465493881536,0.5244701294461105,0.4755298705538895,2001.8164162643477
7958,0.6140508458777308,0.8405350694836322,0.1594649305163678,1995.1617029013637
7959,0.8487459547119879,0.9383530988464005,0.0616469011535995,1994.8814165266517
7960,0.5460532659337233,0.8262892329533216,0.17371076704667843,1998.4377456749667
7961,0.41056231275317956,0.5356277024372811,0.4643722975627189,1999.8766291480397
7962,0.48390106503074776,0.7589402424170405,0.2410597575829595,1996.7475532879125
7963,0.6393079661874627,0.794544896013037,0.20545510398696298,1999.0320723061816
7964,0.5245188301882607,0.7647801478166827,0.2352198521833173,1998.5709678129406
7965,0.46853874735594964,0.6875287666474372,0.31247123335256277,1997.6725219045375
7966,0.8071432633693556,0.9056639630821358,0.09433603691786419,1994.1786310882073
7967,0.5344357888093619,0.7667875772391345,0.2332124227608655,1998.2082519426256
7968,0.5506761830589545,0.5796841542943216,0.42031584570567837,2000.6645303183475
7969,0.636330014302403,0.8129421735285448,0.1870578264714552,1996.543426305673
7970,0.4274326242178129,0.6374111498466084,0.3625888501533916,2000.0816005761694
7971,0.4618042625052363,0.651180195343807,0.348819804656193,2000.1254179345392
7972,0.694472356290598,0.7949865748595714,0.20501342514042864,1995.6901462495373
7973,0.8817733084960505,0.9601682156790835,0.0398317843209165,1993.3244818044598
7974,0.5385910414376044,0.7827550377570754,0.21724496224292456,1998.4964272057075
7975,0.6313902100028232,0.6469540179961054,0.3530459820038946,2000.759848442545
7976,0.2821818211789933,0.4719340318513244,0.5280659681486757,2004.0491703915252
7977,0.48984222228346663,0.6771136105953406,0.3228863894046594,2000.9072853350326
7978,0.4805530655127268,0.6941647967773618,0.30583520322263824,1999.556346807948
7979,0.7669616458897286,0.9008891606586978,0.09911083934130216,1992.5209284094685
7980,0.9311761543394376,0.9710486381861091,0.028951361813890908,1992.4377788599252
7981,0.5809161560782231,0.7969708872821886,0.20302911271781143,1999.6014855021388
7982,0.7338963866883002,0.7820685863149042,0.21793141368509583,1993.4837476755258
7983,0.49971411093040885,0.6740024424327502,0.3259975575672498,1998.9675190664732
7984,0.589400472674707,0.8136826795960909,0.18631732040390914,1993.7034061417341
7985,0.5655731395808833,0.6725200527699763,0.3274799472300237,1999.2799608645134
7986,0.719915243343303,0.8657819637148954,0.13421803628510465,1992.4807507889957
7987,0.8504842332704773,0.9472455461501256,0.05275445384987443,1996.0423731063622
7988,0.5753809136622228,0.7962449148506919,0.20375508514930807,1997.3409196112455
7989,0.5626250929700601,0.6916328919301988,0.30836710806980117,1997.7249534669702
7990,0.5768768643069324,0.689407408576481,0.310592591423519,2001.6896324577206
7991,0.552516488839238,0.7353138207293688,0.2646861792706312,1999.7458965626322
7992,0.35798642028497013,0.5600572256024902,0.43994277439750984,1999.9848029317843
7993,0.7372300869221433,0.8965274211698654,0.10347257883013461,1992.9621408270957
7994,0.8013060144048373,0.9141467770423095,0.08585322295769049,1994.9849037966426
7995,0.6141537010057214,0.8235362251911635,0.17646377480883646,1998.9604521191302
7996,0.6766144937373665,0.7167634814800402,0.2832365185199598,1996.6932643909283
7997,0.4869162119507137,0.6461283679059003,0.35387163209409966,2000.7022199433197
7998,0.3425922044339323,0.5803628163942528,0.4196371836057472,1999.910632148308
7999,0.46871366016805593,0.6720843779544549,0.32791562204554514,1999.9077343930596
8000,0.258886519584422,0.6489198488173745,0.3510801511826255,1998.5862410039238
8002,0.6439264606448594,0.8134447710975805,0.1865552289024195,1998.8974046043204
8003,0.7331464708893128,0.7421348848783034,0.25786511512169663,2000.2728385582845
8004,0.46710027481756144,0.7558933277026126,0.24410667229738736,1995.9308026839642
8005,0.5241187954906531,0.6891351855140191,0.3108648144859809,1999.0292192566835
8006,0.5028335867992462,0.7069583870309653,0.29304161296903475,2000.1176624315249
8007,0.6557866926888725,0.7629810754816889,0.23701892451831108,1995.328811563489
8008,0.8941641887321701,0.9594513185380469,0.04054868146195312,1995.3797681211556
8009,0.42214884884176124,0.6842648796983366,0.3157351203016634,2000.5149827970372
8010,0.4272797056522493,0.6046224250300338,0.3953775749699662,1999.1149552923416
8011,0.3435270132517839,0.6301038169015326,0.3698961830984674,1998.1932892070035
8012,0.24386463602727995,0.536398100739494,0.463601899260506,1999.4727748379862
8013,0.3905811588219343,0.7266374259054486,0.27336257409455145,1998.465813884179
8014,0.7282455249024568,0.8205606927873464,0.17943930721265355,1994.9102307898265
8015,0.8451577336710857,0.9460342846524892,0.05396571534751082,1993.8472781637427
8016,0.5596501149840198,0.7463142247602979,0.25368577523970215,1999.4252785726196
8017,0.6625565380307656,0.6625827152091276,0.3374172847908724,1996.988316970976
8018,0.2604513888597424,0.4887094025775182,0.5112905974224817,2002.058037757682
8019,0.5087598144077354,0.6810980637377466,0.3189019362622534,1999.9074561756142
8020,0.6625169663492413,0.7944161874500056,0.20558381254999436,1999.454651471975
8021,0.5756136417276375,0.660511098965256,0.33948890103474405,1997.7587353907509
8022,0.8585773568350953,0.9594726416226876,0.04052735837731236,1993.688093881527
8023,0.35410076150255715,0.6959437957229669,0.30405620427703306,1999.9210660477688
8024,0.8560383413078713,0.8561203953770914,0.1438796046229086,1992.9182705451694
8025,0.34072883132764237,0.4985302326502474,0.5014697673497526,2003.054484480998
8026,0.24428646390001055,0.44299036206370507,0.557009637936295,2002.2289137812209
8027,0.17312282320513828,0.37082483307413205,0.629175166925868,2004.8666008755924
8028,0.8959806438652224,0.9072294103752238,0.09277058962477625,1990.097456302336
8029,0.8581811257536827,0.9569367387992936,0.04306326120070636,1993.781993683291
8030,0.41174466379396735,0.6593317967732237,0.34066820322677627,2001.6911685469365
8031,0.5650666872966458,0.568498199767557,0.431501800232443,1997.4207786718612
8032,0.5555691839960106,0.687835544491943,0.31216445550805705,2001.3224004875733
8033,0.41608452998759454,0.5895465810083845,0.41045341899161547,1997.5018441156647
8034,0.6063751628675904,0.7696367177101867,0.2303632822898133,1999.7691260076294
8035,0.7721999336284222,0.8379301912344828,0.16206980876551724,1995.347714843862
8036,0.9178696008760622,0.9663269544270112,0.03367304557298878,1995.537355996138
8037,0.6985312300154441,0.8449760968797406,0.15502390312025938,1998.2693917079541
8038,0.42217241150614726,0.4826638917516988,0.5173361082483012,2002.6050605703808
8039,0.6458975749697131,0.7647272100720784,0.23527278992792156,2000.2654659158623
8040,0.5151585740517349,0.6960750173816415,0.30392498261835854,2000.0837776551484
8041,0.362207768661548,0.5912279036137591,0.4087720963862409,2001.090653984623
8042,0.1846104863345517,0.32488225244962593,0.675117747550374,2004.1621571814223
8043,0.79075340303873,0.9444028028347304,0.05559719716526956,1994.9427550201679
8044,0.493931337758796,0.7905567865766662,0.20944321342333383,1997.7532089809058
8045,0.6366306390977443,0.6781361629648834,0.32186383703511656,2000.2230594403
8046,0.7433923495455153,0.8012832916396003,0.19871670836039967,1995.6878133762075
8047,0.3536862318627595,0.5592982371210248,0.4407017628789752,2002.0660768135638
8048,0.712208264544359,0.77115322048761,0.22884677951238996,2002.4027120871203
8049,0.8991369388158253,0.9419905420201978,0.05800945797980217,1988.8647098928
8050,0.9069948478259977,0.9640891055751164,0.0359108944248836,1995.308956201247
8051,0.5250544963537165,0.7854386593722257,0.21456134062777432,1997.6238454257018
8052,0.5841336966096882,0.5953002325032853,0.40469976749671466,2003.2925412011543
8053,0.6026701768295112,0.8110061813512484,0.18899381864875164,1995.7411794524864
8054,0.19057155050478075,0.5066641579254099,0.49333584207459014,2002.0814211359045
8055,0.8182045564816073,0.8637468876529832,0.13625311234701676,1997.1026816526735
8056,0.7970120474022067,0.8266387993906581,0.1733612006093419,1994.5368591073911
8057,0.905477534873131,0.9555601434464838,0.04443985655351623,1996.6333561294316
8058,0.5609918862398372,0.7575373934631296,0.24246260653687035,1998.1316835066334
8059,0.46489718689635623,0.5546547227289301,0.4453452772710699,2002.0879083653726
8060,0.4679350422130361,0.6805918790159117,0.31940812098408833,1998.808546490309
8061,0.46893198264782265,0.7739724573972216,0.22602754260277835,1997.1251600637734
8062,0.8052688230989953,0.899040704172968,0.100959295827032,1992.5714376054323
8063,0.8118574017525009,0.9275524842611202,0.07244751573887975,1994.4507346003504
8064,0.495434111391034,0.7087493853315048,0.2912506146684952,1999.6632812155894
8065,0.5358614155063031,0.6955899316140727,0.3044100683859273,1999.1611453600206
8066,0.3266791894789516,0.4911840305262705,0.5088159694737295,1999.7006999003604
8067,0.41300747392243536,0.6349466909745436,0.3650533090254564,1998.9950727411658
8069,0.7992620947817911,0.9297193986271143,0.07028060137288572,1994.2649367264055
8070,0.670998382113803,0.8669025938553336,0.13309740614466636,1996.1329626738127
8071,0.8550980912989034,0.8598515033076564,0.14014849669234364,1989.1581801554262
8072,0.41833247853494665,0.715638045341516,0.284361954658484,1998.2419899332563
8073,0.3674718671984114,0.6111270145707497,0.3888729854292503,2000.7836340290658
8074,0.8991134125724013,0.9084621572263364,0.09153784277366361,1991.0240500439709
8075,0.807536727098837,0.9451302362883897,0.05486976371161034,1994.2880387978917
8076,0.50654170105227,0.6306815385902849,0.36931846140971514,2002.9023709611215
8077,0.6831306037187632,0.7626120743752632,0.23738792562473676,1996.2888993337317
8078,0.028956042348740663,0.15773134908932498,0.842268650910675,2006.3552378388003
8079,0.5336679115969646,0.7006197124870612,0.29938028751293877,1999.3313210133092
8080,0.8947311461239915,0.9226977021699553,0.07730229783004472,1990.7340053010516
8081,0.8126960481639496,0.9289768557325703,0.07102314426742973,1994.6232424091297
8082,0.4718355588638287,0.6416935141193764,0.35830648588062364,2002.960990408083
8083,0.1407356239417686,0.20374189301075293,0.796258106989247,2006.2337129349723
8084,0.36639617100487226,0.5274772934184965,0.4725227065815035,2001.7251283606029
8085,0.6523462038956901,0.8399282697142956,0.16007173028570443,1994.9553047947957
8086,0.7769972229155465,0.8474172234946402,0.15258277650535979,1995.3099655902465
8087,0.8843482594725335,0.9502984490486346,0.049701550951365414,1996.0309594890416
8088,0.4828903371890927,0.7362014916983614,0.26379850830163865,2000.3048066209305
8089,0.4256264794054079,0.5287810413156141,0.4712189586843859,2002.2967510629258
8090,0.5017230243960634,0.6892745554064148,0.3107254445935852,1999.5545525638713
8091,0.03508238065422893,0.09606770844735563,0.9039322915526444,2013.6279833743085
8092,0.9504119667395958,0.9604937992203947,0.039506200779605316,1989.2324800120116
8093,0.8793846331076504,0.9642107629101956,0.035789237089804415,1995.1538801465401
8094,0.6757737602635651,0.8885109009527891,0.11148909904721094,1995.3371361776221
8095,0.5076384661783239,0.5968176278242242,0.4031823721757758,1999.8543104904443
8096,0.5204032922762327,0.7379203094726444,0.2620796905273556,1997.7037392906745
8097,0.4335054703533617,0.648704034347703,0.35129596565229704,2000.979926777758
8098,0.8387077794377777,0.8765910817520186,0.12340891824798139,1991.6552342434723
8099,0.9018389744593841,0.956132387296971,0.04386761270302897,1996.0647021750895
8100,0.7506389826898655,0.9085035909316742,0.09149640906832579,1995.5861714300468
8101,0.8339707867753535,0.8842347174170968,0.1157652825829032,1994.0771224217492
8102,0.4105061650457224,0.6804414602620743,0.3195585397379257,1999.237706596058
8103,0.10849939104833681,0.23998407594417678,0.7600159240558232,2005.0983100163944
8104,0.9018019040364462,0.9481793692532255,0.051820630746774454,1988.9817866880812
8105,0.7934520440856999,0.9389393535076392,0.06106064649236076,1994.8962050808777
8107,0.6240791919365651,0.6843130854912507,0.3156869145087493,1997.9413411314374
8108,0.2323984664997984,0.42188200076070137,0.5781179992392986,2004.1839680079931
8109,0.5715153885295405,0.7173214559497648,0.2826785440502352,1998.720726775513
8110,0.9058610234405475,0.9203246347388205,0.07967536526117946,1989.7326817166083
8111,0.6030540003809005,0.7703182649398839,0.22968173506011613,2000.4210735948218
8112,0.6359128092375188,0.8538668653775846,0.1461331346224154,1995.776846542098
8113,0.7989497656735239,0.8516641740371766,0.14833582596282335,1991.7883732096166
8114,0.6555107116612967,0.8023740885195862,0.19762591148041375,1994.7889136072827
8115,0.17746557895318393,0.33046833220782273,0.6695316677921772,2005.1028360680416
8116,0.8854052837849197,0.9074127327322014,0.09258726726779865,1990.3689213836915
8117,0.8264631794204721,0.9623443954518716,0.03765560454812844,1994.9089240166081
8118,0.4348750223293347,0.8766256011842488,0.12337439881575119,1995.7828460895607
8119,0.5004370096883723,0.6104257268927816,0.38957427310721837,1999.878730588913
8120,0.37236538032285693,0.5793834457868586,0.42061655421314137,2000.0855227198285
8121,0.5078538536889036,0.7604588356998343,0.2395411643001657,1996.0061053061588
8122,0.8990941279402149,0.9139791093521499,0.08602089064785012,1991.8900123506926
8123,0.9065889697350066,0.9704122068407948,0.029587793159205233,1994.8315554884446
8124,0.6846582819708766,0.8605491840578143,0.13945081594218567,1995.805727028103
8125,0.5712536335145011,0.6709401135314764,0.3290598864685236,1999.5194192231554
8127,0.4813620589665003,0.6375089853625394,0.3624910146374606,1999.987647958505
8128,0.9468635111491427,0.9643231485544963,0.0356768514455037,1991.9761639921157
8129,0.8921058581284594,0.9671674794712436,0.032832520528756404,1997.0176725033486
8131,0.553088641291397,0.6201731249503551,0.37982687504964485,2000.9372672692357
8132,0.14880426777660125,0.407522835609261,0.5924771643907389,2002.2250351273058
8133,0.35324682604935237,0.5467125223659985,0.45328747763400146,2001.1436760047936
8134,0.8339254339158719,0.8648613945070049,0.13513860549299506,1992.8179489089546
8135,0.6534380164250662,0.8575432357087054,0.1424567642912946,1994.7959366655123
8136,0.16335580881646944,0.4764802424855214,0.5235197575144785,2002.9972399068881
8137,0.6447113359238518,0.6693075126015267,0.33069248739847334,2000.3021333805418
8138,0.32375846849753237,0.5475890093144893,0.4524109906855107,2000.238862902215
8139,0.330682195590131,0.5853687368770651,0.41463126312293486,2000.9317585631493
8140,0.8602192670083714,0.9140067017711824,0.08599329822881763,1990.8837969863087
8141,0.7540877328180494,0.8838702302643273,0.11612976973567268,1995.0732919099667
8142,0.6562647582569444,0.8802033269029472,0.11979667309705277,1996.1929149910418
8143,0.6708912878800147,0.7501108277377608,0.24988917226223917,2000.7862278103994
8144,0.4595494276198402,0.7041674557271895,0.29583254427281047,1998.4139687625018
8145,0.2773394598505062,0.5739656375878561,0.4260343624121439,2000.4571213457443
8146,0.8624303971478443,0.875030427665512,0.12496957233448802,1992.8672281045401
8147,0.8045439358161472,0.9297289574429548,0.0702710425570452,1994.7993414582893
8148,0.3405564618245286,0.5419764775669911,0.4580235224330089,2003.545966328382
8149,0.6759881207931852,0.7031819699915604,0.29681803000843965,1997.874889441209
8150,0.19411876550970064,0.23638335654238704,0.7636166434576129,2006.359205549239
8151,0.5282854079915688,0.7023222194495986,0.2976777805504014,1999.145524294897
8152,0.8071951919621375,0.8605822821048528,0.13941771789514723,1993.1897130104103
8153,0.7362193776966841,0.8936955781409633,0.10630442185903666,1997.4241397072012
8154,0.6415496115901632,0.826224844975888,0.173775155024112,1999.9011662591402
8155,0.538075913223438,0.7400898409346139,0.25991015906538606,1995.1767609005624
8156,0.5843566447024647,0.7637764366056695,0.23622356339433048,1997.8703924186525
8157,0.345466614037161,0.5384049513511967,0.4615950486488033,2001.350642675191
8158,0.8422047041013101,0.8634299984666075,0.1365700015333925,1992.1431936573745
8159,0.8899757874920363,0.9760821446022577,0.02391785539774227,1991.8316498960078
8160,0.4080996627752737,0.7047852419636906,0.29521475803630937,2000.3468166601758
8161,0.5717119270213012,0.723769327655807,0.27623067234419296,1998.7910184625837
8162,0.5728453910437058,0.6633595938040142,0.3366404061959858,2001.3422329184516
8163,0.34438157926061896,0.5513215507633167,0.4486784492366833,2002.2929294553649
8164,0.7656879569932046,0.9336065551517023,0.06639344484829768,1991.0352904209608
8165,0.7618226554198615,0.9093271493737152,0.09067285062628483,1996.797308952677
8166,0.48835137458607053,0.7162715238285758,0.28372847617142416,1998.242648752479
8167,0.425941882924852,0.5657917993076246,0.4342082006923754,2000.2499638767001
8168,0.5493819372723104,0.6906867295967953,0.30931327040320467,2000.0031091339447
8169,0.2890318328615979,0.6803837149917098,0.3196162850082902,1998.443350131674
8170,0.8592677991166112,0.9134843266592727,0.0865156733407273,1992.943515043031
8171,0.7634870608157244,0.9030413056577116,0.09695869434228843,1998.100782068758
8172,0.5281756972453925,0.7673904552481368,0.23260954475186324,1996.468077572484
8173,0.41716305073693294,0.6343248083660382,0.3656751916339618,2000.0782257272817
8174,0.5709831955828718,0.7901027275517638,0.2098972724482362,1995.8102271000541
8175,0.2639519281230343,0.550670444103673,0.44932955589632695,1999.7991335450977
8176,0.8334772545587048,0.8930119049020878,0.10698809509791218,1992.3143091966542
8177,0.9195031373315338,0.9739246347748513,0.02607536522514875,1992.359497887313
8178,0.6557537923686947,0.8060777195942791,0.1939222804057209,1998.5433450244127
8179,0.4483605501506727,0.5160743586115728,0.4839256413884272,1999.7613015576314
8181,0.2347544027025951,0.4477596094154355,0.5522403905845645,2002.8086272123376
8182,0.5872018078694465,0.8124146097757787,0.18758539022422127,1994.3362074718332
8183,0.9308827157381862,0.9819662204242775,0.018033779575722497,1993.8099484433217
8185,0.40816290356812174,0.5162322835839345,0.48376771641606553,2002.853810833481
8186,0.29965844263169117,0.496764368735338,0.503235631264662,2000.8280162219032
8187,0.7976749655845099,0.8803989660364654,0.11960103396353461,1995.1467999154925
8188,0.7181088216841713,0.7977986453201971,0.20220135467980294,1993.4760033271475
8189,0.8498780510890217,0.9437802070142542,0.05621979298574575,1994.7663296497553
8190,0.1061505166735713,0.7423710085666797,0.2576289914333203,1999.0458997654584
8191,0.47312125573202796,0.5035213597702413,0.49647864022975874,2001.412746783113
8192,0.33295447069259265,0.5330075568350677,0.46699244316493227,1998.8424917146804
8193,0.2684511189905004,0.6060566306895587,0.39394336931044127,1999.2776077817034
8194,0.833802157377463,0.9121353566234263,0.08786464337657374,1988.4434128340695
8195,0.8845553364949112,0.9664033094842495,0.03359669051575054,1989.6634579536812
8196,0.28021515305327493,0.6092818449555939,0.3907181550444061,2000.8103021343545
8197,0.5533488579020461,0.7023628685999492,0.29763713140005077,1998.3726615738353
8198,0.18267212781315262,0.5195619958750833,0.48043800412491666,2000.0500681095898
8199,0.22648455398353268,0.40885994971227896,0.5911400502877211,2004.265860528533
8200,0.839255447468353,0.9223575112741567,0.07764248872584334,1991.0693818021628
8201,0.9086827440866604,0.9569000759498596,0.043099924050140404,1994.963976077885
8202,0.3196479910366417,0.5898680452319162,0.41013195476808384,2003.2025930419236
8203,0.5627866683868281,0.6012818819696844,0.39871811803031565,2001.9683209912964
8204,0.3335130991218885,0.5402635060132865,0.45973649398671346,2000.0558164549398
8205,0.16405915366578347,0.3226461699948363,0.6773538300051637,2005.2124210634377
8206,0.5963127372164819,0.78054069549308,0.21945930450691997,1996.6843413701006
8207,0.8837477791803825,0.9221865453223478,0.07781345467765222,1998.2841638158616
8208,0.7297483053356131,0.8797575035415427,0.1202424964584573,1995.4576374692595
8209,0.46379915297928787,0.6167596552638225,0.3832403447361775,1999.9277075349225
8210,0.22584845566460707,0.40744267581400884,0.5925573241859912,2004.4062938299153
8211,0.6003714266162595,0.7626272852850429,0.23737271471495713,1999.990214170842
8212,0.6930812446210642,0.8330215403565977,0.1669784596434023,1994.0368805041367
8213,0.9303678020273901,0.9800826393935091,0.019917360606490853,1993.6104629795097
8214,0.14052409459332668,0.6116335439776365,0.3883664560223635,2001.3367797422516
8215,0.3845923346722661,0.6886808990077115,0.31131910099228854,1997.89557350381
8216,0.40596090610261704,0.6501692229030073,0.34983077709699273,1998.8030676121757
8217,0.6541459335086435,0.8004115363943259,0.19958846360567406,1998.0526625243522
8218,0.8996000282817238,0.9390174838561776,0.06098251614382244,1990.066532768366
8219,0.9177047567621376,0.9792120567491576,0.020787943250842433,1993.512299262254
8220,0.46610242585552775,0.6647995425279888,0.3352004574720112,2001.7178221207366
8221,0.447185062326835,0.5230061358255508,0.4769938641744492,2002.1276012921733
8222,0.45954271041971384,0.6970810290687877,0.30291897093121234,1999.069217212229
8223,0.19915600645194498,0.29445588619656776,0.7055441138034322,2007.4377230209402
8224,0.7127016849649656,0.8788325082929546,0.12116749170704544,1992.6137028705105
8225,0.9022668263114605,0.9686854631200595,0.03131453687994046,1996.0149130393004
8226,0.4744746556098418,0.816422303986727,0.183577696013273,1997.8162374431984
8228,0.32762169336862307,0.5055524354493981,0.4944475645506019,2002.4835598707987
8229,0.2600654735109827,0.5833669233236143,0.4166330766763857,2000.8722183129562
8230,0.5950422287400187,0.7140134995737007,0.28598650042629925,1997.850028748166
8231,0.8465269822176218,0.9406417706880048,0.05935822931199519,1995.016767838537
8232,0.6117510626290569,0.8745575776950654,0.12544242230493463,1995.4447576734185
8233,0.1262232862411216,0.21796210232339594,0.782037897676604,2008.3008071019378
8234,0.48812779203465173,0.6460685888986576,0.3539314111013424,2001.1653617997358
8235,0.47824667976624596,0.6314810318391719,0.3685189681608281,1999.389209972032
8236,0.9111810774383595,0.93041680318999,0.06958319681001002,1990.2989411306658
8237,0.9551354847482862,0.9836238010995052,0.0163761989004948,1995.2467974475487
8238,0.6292145125744836,0.8387754456003473,0.16122455439965266,1997.1905138956774
8239,0.5293889763138868,0.6074469147399779,0.3925530852600221,1999.8222587551345
8240,0.46251087143249386,0.6341830874036254,0.3658169125963746,1999.4031292176905
8241,0.158530675710622,0.35605764368507137,0.6439423563149287,2004.61104410047
8242,0.9159523076926449,0.9617943048030833,0.038205695196916745,1987.9928006573205
8243,0.9250380234860185,0.971511406782872,0.028488593217128044,1996.0328553641
8244,0.19281921173550842,0.6466926216768859,0.3533073783231141,2000.711696189657
8245,0.4152231305595647,0.5743591543074613,0.4256408456925387,2000.1527658005537
8246,0.44542866468412273,0.5714461288008833,0.4285538711991167,1997.923025218361
8247,0.07123349702527525,0.41606065684003346,0.5839393431599665,2002.8407025880833
8248,0.7297328855009197,0.830227929162894,0.169772070837106,1993.7437047060641
8249,0.9292992956084293,0.9712068303399988,0.028793169660001228,1994.6096370638852
8250,0.35893514491009354,0.6674492528195138,0.33255074718048616,1999.7166575647475
8251,0.43104233045061446,0.590640978902007,0.40935902109799305,2000.178114807084
8252,0.593807671252462,0.7306331194382416,0.2693668805617584,1999.8194540118695
8253,0.20930015246620523,0.445380102349734,0.554619897650266,2002.2228202483664
8254,0.7103005516360678,0.8515752667913513,0.14842473320864868,1992.7865900997415
8255,0.9106758806655677,0.9614013640734859,0.038598635926514135,1997.8476023698731
8256,0.31275810626568396,0.6273788382501136,0.37262116174988635,2001.0661186422144
8257,0.617455834474279,0.6802153673046092,0.3197846326953908,1999.1398437737455
8258,0.3189146970406984,0.6131945450678186,0.38680545493218144,1998.8926115758452
8259,0.6221671306615391,0.8076048406731048,0.19239515932689522,1997.6138292272597
8260,0.7758673030313435,0.9176132291474207,0.08238677085257928,1991.4141048256947
8261,0.893362420748671,0.9617607388520237,0.03823926114797627,1997.68213595438
8262,0.4528960251734679,0.7062244138079931,0.29377558619200694,2000.4611449634192
8263,0.5479590649301755,0.6928525493364254,0.30714745066357463,1998.009523715173
8264,0.15547996809076406,0.3028457615983816,0.6971542384016184,2006.6957535900515
8265,0.16611718080860613,0.305130787766188,0.694869212233812,2005.3268839659188
8266,0.6104298065217242,0.8304138196461536,0.16958618035384643,1994.2860404206397
8267,0.8972270208889497,0.9501505491661311,0.049849450833868936,1998.0249211718167
8268,0.5895626871170753,0.7864732864966184,0.2135267135033816,2000.6603292044656
8269,0.6256837780232888,0.6717938815615804,0.3282061184384196,1999.436648689226
8270,0.08757764225053381,0.24606993835133917,0.7539300616486608,2004.6169710894558
8271,0.368884338709714,0.5402811989815082,0.45971880101849183,2000.9467601597262
8272,0.7915528220462136,0.934230318720353,0.065769681279647,1990.3554771248387
8273,0.9349811219564328,0.9683170015467182,0.03168299845328182,1998.480776951181
8275,0.5698493008476777,0.7021875631842378,0.2978124368157622,1996.5351541927905
8276,0.6133497084771117,0.7538373931224396,0.24616260687756042,1996.788033032165
8277,0.21733226643388862,0.30795596044484574,0.6920440395551543,2007.7905559343455
8278,0.786570036465693,0.8855282562119147,0.11447174378808533,1992.0682624972032
8279,0.9231235289261759,0.9612451605876734,0.0387548394123266,1999.5657633911037
8280,0.5310544971616371,0.7520676493449765,0.2479323506550235,1997.975747660298
8281,0.45066024550346967,0.6185704688339452,0.3814295311660548,1999.8963503244456
8282,0.4502122727005701,0.7035489588392989,0.2964510411607011,1997.1210707259988
8283,0.6584483512895242,0.8273674878449111,0.1726325121550889,1997.6102676313467
8284,0.745212346390239,0.8472785655513058,0.15272143444869424,1996.4478719150752
8285,0.9101697752822125,0.9601189537059012,0.03988104629409883,1997.9513899972972
8286,0.4659235763406471,0.7122380964863991,0.28776190351360087,1999.3657991813548
8287,0.6233727473029083,0.8167229932378854,0.18327700676211456,1995.3949900554499
8288,0.3121670520703832,0.5207986976638874,0.4792013023361126,1998.3008676277432
8289,0.13326539898075682,0.38938841611677316,0.6106115838832269,2003.026055580823
8290,0.9140271932531953,0.9800455401143409,0.019954459885659137,1986.748818218915
8291,0.8621944532007838,0.9402642531018807,0.059735746898119335,1996.5194894096803
8292,0.5415918864834238,0.7179248486249563,0.2820751513750437,2000.444578353587
8293,0.24564411033311212,0.3076670040692884,0.6923329959307116,2004.5051954512815
8294,0.3454768704423017,0.4486192321188123,0.5513807678811877,2002.7194920299553
8295,0.47201435211825865,0.6958772601255919,0.3041227398744081,1999.2980118085275
8296,0.9458343988389587,0.9569528808504562,0.043047119149543844,1987.879403569845
8297,0.895814320161934,0.9550309097004698,0.04496909029953022,1995.5528747534936
8298,0.5874195954223064,0.7904949457263158,0.20950505427368415,1999.4707344473175
8299,0.3689319926183453,0.5311316368644787,0.46886836313552127,2000.803180052625
8300,0.6594411901074588,0.7889961874597922,0.21100381254020784,1997.337542067755
8301,0.44976573358824545,0.8056713991078848,0.19432860089211523,1995.658253036666
8302,0.9249288396840989,0.9612209373551384,0.03877906264486164,1989.4141295223276
8303,0.6256653346796266,0.8829406268094581,0.11705937319054194,1994.5527156315152
8304,0.6018738307057959,0.6503623283782344,0.3496376716217656,2000.4478700770487
8305,0.5130636280626593,0.6599491840293514,0.34005081597064857,2001.3424027536878
8306,0.187238558874231,0.4294304852909857,0.5705695147090143,2003.810713662952
8307,0.7273252378244915,0.9143997991587304,0.08560020084126962,1993.163948619654
8308,0.5174672870583358,0.7680562829295797,0.23194371707042027,2000.6217955144364
8309,0.3972749720881431,0.4498694150327476,0.5501305849672524,2001.4237417773015
8310,0.4513722210627213,0.6715626594313807,0.3284373405686193,1998.1229448897411
8311,0.41498282151284926,0.6947937405572453,0.3052062594427547,1999.0883995266622
8312,0.5618286758059656,0.7273576378427237,0.27264236215727633,1996.4077448333812
8313,0.7133321652943607,0.8530443754502254,0.14695562454977462,2000.9697664327473
8314,0.4910107901395817,0.5699058699656179,0.4300941300343821,2000.397297142857
8315,0.2843556467458259,0.48111753207227376,0.5188824679277262,2002.162089035755
8316,0.18347044382407865,0.3324765631145759,0.6675234368854241,2005.1872325362963
8317,0.7640509609255841,0.8377075666843794,0.1622924333156206,1995.5447211179305
8318,0.475645952090174,0.6560261137793721,0.34397388622062786,2000.832258184717
8319,0.4565280922982255,0.5920418319892792,0.4079581680107208,2000.5847872389586
8320,0.4663875897049088,0.5361538440865754,0.4638461559134246,2000.2677108583803
8321,0.3907188212336515,0.6713738547081278,0.3286261452918722,1998.76748970259
8322,0.46952197810910273,0.5079665510088466,0.4920334489911534,2001.4123032007415
8323,0.3997508664647441,0.7627443970587934,0.23725560294120662,1999.1853250473023
8324,0.38749924218657084,0.4355232457405916,0.5644767542594085,2002.4414705285487
8325,0.5505173133575941,0.671848661719993,0.328151338280007,1999.8146918491223
8326,0.7242521694727916,0.8339307335264732,0.16606926647352682,1999.5362709134895
8327,0.4697888560053567,0.5923984574161291,0.40760154258387093,2000.223813693196
8328,0.42202815663403864,0.734878133444049,0.26512186655595105,1999.8921980790485
8329,0.468674062486855,0.515025628433198,0.484974371566802,2000.4809112817084
8330,0.5926839747633496,0.8410425092461866,0.15895749075381338,1995.0205632983282
8331,0.4271402340587801,0.6677583370145969,0.33224166298540314,2000.346191338588
8332,0.8599842448958137,0.9280327354503102,0.07196726454968982,1990.9286977873346
8333,0.23111616616834216,0.6810651179361517,0.31893488206384835,2000.5278272357618
8334,0.16069911795298597,0.40280940294823414,0.5971905970517659,2002.9019627976663
8335,0.29820620274762,0.5657885207741905,0.4342114792258095,2000.1447578313685
8336,0.2782861963468613,0.5415125915426192,0.4584874084573808,2002.6496765995723
8337,0.8816849882378197,0.9630414532202562,0.03695854677974375,1989.6422883818861
8338,0.3547667447352059,0.5348715090637897,0.46512849093621034,2002.156169141847
8339,0.5788245978491098,0.6176605681945697,0.3823394318054303,2001.5381465176235
8340,0.19976873812711807,0.4146762651511244,0.5853237348488756,2003.2957859330604
8341,0.4621707389746387,0.859229945376933,0.14077005462306702,1994.7496854454957
8342,0.8787756388492522,0.9092971174323994,0.09070288256760062,1992.567187762558
8343,0.4088343531414698,0.6764993414927108,0.32350065850728915,2001.7887925967325
8344,0.4011054131434357,0.46766041892110816,0.5323395810788918,2003.6624562513962
8345,0.5000715518181786,0.658511323368472,0.34148867663152804,2001.3224674399705
8346,0.4750373947875469,0.6416993078795254,0.35830069212047455,1999.0904746293418
8347,0.8252995190459544,0.8958652670229361,0.10413473297706388,1992.2895894086387
8348,0.3732999705204955,0.7220198080803452,0.27798019191965484,2000.854862878059
8349,0.2682150610359297,0.44885750768172306,0.5511424923182769,2002.8758816861136
8350,0.38479284262884034,0.576718644038052,0.42328135596194805,2000.152405383989
8351,0.5288342281450521,0.7690411173221243,0.23095888267787568,1997.7399398174182
8352,0.9432746934709888,0.9706842597068872,0.02931574029311279,1988.6011189219325
8353,0.5222254824280514,0.7896186071769021,0.21038139282309787,1998.132884769468
8354,0.5025905758621854,0.5561896897065801,0.4438103102934199,2001.4660958759082
8355,0.38277585008522735,0.6228916810367859,0.37710831896321406,2000.0188188308655
8356,0.556737782730156,0.7617483907505149,0.23825160924948507,1999.2791691084815
8357,0.5751517082385288,0.7387595421283556,0.2612404578716444,1996.178922730958
8358,0.3525870794072853,0.6321894333911959,0.36781056660880407,2001.0872026813327
8359,0.33376304809729124,0.48006692059337985,0.5199330794066201,2001.581895192978
8360,0.4160290945100027,0.667844226746463,0.33215577325353696,1998.1880130222464
8361,0.40068689027385446,0.7245613067064661,0.2754386932935339,1997.8709557882303
8362,0.7692415954417628,0.8138326113636838,0.1861673886363162,1996.1426654096256
8363,0.5307716501203298,0.8044734725522938,0.19552652744770616,1998.7153549985192
8364,0.36671791427220934,0.5447660273154713,0.4552339726845287,2001.3891017775559
8365,0.39286491892657366,0.6791913014232104,0.3208086985767896,1997.4483757886094
8366,0.4749574187666415,0.5567933359018765,0.4432066640981235,2004.7648800846057
8367,0.7769272197417084,0.9406464559245611,0.05935354407543891,1991.1458832693172
8368,0.5115888003648764,0.6841627505825276,0.3158372494174724,2001.723455952861
8369,0.4066542385043539,0.6401137928359483,0.35988620716405173,1997.9814622835374
8370,0.34671714016826327,0.5925977128926452,0.4074022871073548,1999.459014302755
8371,0.5327710752792012,0.7926673961182017,0.2073326038817983,1997.423161173934
8372,0.9815036356949984,0.9872613337074991,0.012738666292500866,1985.476217488228
8373,0.4289867898530353,0.6783103717815112,0.3216896282184888,2000.9063904474076
8374,0.3517045562948508,0.5201089554086097,0.4798910445913903,2001.3679907877759
8375,0.4082490593004431,0.6573002126394173,0.3426997873605827,1999.282117689073
8376,0.4734971975973025,0.5969920226425206,0.4030079773574794,2001.667399906131
8377,0.8006200186351969,0.8650049705404553,0.13499502945954467,1991.9753557310771
8378,0.3729931703624697,0.6446076829121437,0.35539231708785635,2002.166557327736
8379,0.5440067996351372,0.6018236920010539,0.3981763079989461,2000.5913636296614
8380,0.682072435339766,0.7509727840976125,0.24902721590238752,1999.8199702242887
8381,0.5933824738707736,0.6891362898330018,0.3108637101669982,2001.8160937015498
8382,0.9178907813186277,0.9905742590823846,0.009425740917615388,1985.8783123440808
8383,0.618702216907477,0.7791579788316625,0.2208420211683375,1993.801731521618
8384,0.29494382227984167,0.5563134363410625,0.44368656365893755,1999.5838185409402
8385,0.2977101353754393,0.5289349095049938,0.4710650904950062,2002.0015573423448
8386,0.11692079511735301,0.298110506691627,0.701889493308373,2005.4434430399574
8387,0.1507196800628448,0.5947736456529372,0.4052263543470628,2000.3593993208274
8388,0.6149669008061373,0.8294728648187298,0.17052713518127016,1998.0899060082834
8389,0.4047277291228946,0.5811958699978504,0.41880413000214955,1999.8753311978487
8390,0.4744670752357171,0.6613796131774442,0.3386203868225558,1999.3452237743527
8391,0.0035728587319243605,0.017153133110863923,0.982846866889136,2009.4286041271425
8392,0.666603144776728,0.7112353973515804,0.28876460264841963,1996.6361048023437
8393,0.46145548366214456,0.7922965120802716,0.20770348791972837,1997.9623399941001
8394,0.30328485220595114,0.5473434046885849,0.4526565953114151,2001.2761894473433
8395,0.41021433835280324,0.597888199582496,0.40211180041750405,2002.2649283855922
8396,0.4316835825036541,0.6197747997215455,0.3802252002784545,1998.3710007468785
8397,0.3192062096487155,0.3223317768354457,0.6776682231645543,2003.5708452921522
8398,0.5020886187424753,0.6658589965807381,0.3341410034192619,1999.2794304713852
8399,0.3944301626026635,0.547873366909862,0.452126633090138,2000.8922605491705
8400,0.5298603675704199,0.6489548769385756,0.35104512306142444,2002.4017404499677
8401,0.7769949190511382,0.8495362123516585,0.15046378764834145,1998.3807627839803
8402,0.5387411461452845,0.8544269879798541,0.14557301202014594,1994.9979468362442
8403,0.556246311184629,0.8058672696739377,0.19413273032606226,1998.9671829913761
8404,0.4022319928677815,0.6684772343076643,0.33152276569233574,1998.176645649881
8405,0.2984863116465324,0.5279116574407793,0.4720883425592207,2001.2083757225603
8406,0.5795835128075654,0.7869598661352056,0.21304013386479437,1997.8868695897074
8409,0.34102854850576625,0.4971532767934319,0.5028467232065681,2002.558758548453
8410,0.6893961640329204,0.8134113088149031,0.1865886911850969,1997.086432890369
8411,0.366080720853471,0.47011105699637606,0.529888943003624,2003.4477092382242
8412,0.897643637311011,0.9396571791045198,0.060342820895480154,1989.5524293379638
8413,0.5572042695179034,0.645921329747054,0.35407867025294604,2000.1770488630602
8414,0.39575600580896025,0.6145684435727586,0.38543155642724136,1999.6007502851314
8415,0.29420123897863043,0.5736884393225535,0.42631156067744647,2000.8248481515661
8416,0.3803030009117185,0.4827840391069038,0.5172159608930962,2006.0042869449876
8417,0.44188583087085365,0.5320536869749227,0.4679463130250773,1999.5744056990195
8418,0.44530128636948163,0.7557133681633812,0.2442866318366188,1996.9904384152503
8419,0.09411479553255186,0.3395445506497692,0.6604554493502308,2005.3226331237142
8421,0.4091257826448253,0.5921062916005035,0.40789370839949646,1998.771557227958
8422,0.5052836595840923,0.7746318351280899,0.22536816487191014,1996.4158176393253
8423,0.3568690320431235,0.6177869062240261,0.3822130937759739,1999.63899327329
8424,0.22261249705295882,0.41051584209453706,0.5894841579054629,2006.8887911877491
8425,0.37610547057092697,0.6714491872001799,0.3285508127998201,1997.3045001511932
8426,0.13353539767801628,0.4436926380871788,0.5563073619128212,2002.0398852638177
8427,0.7209110398950389,0.825214409144151,0.174785590855849,1998.5765251226974
8428,0.804152017194645,0.8699668315999264,0.13003316840007362,1993.9895596522972
8429,0.3699591390838034,0.5699756132186065,0.43002438678139354,1999.2582054042718
8430,0.6507611169710764,0.8153888858046966,0.1846111141953034,1996.5004208844587
8431,0.5414540900402083,0.6674218669077281,0.3325781330922719,1998.8212679823257
8432,0.6929006043388962,0.7606827733314243,0.2393172266685757,1994.6272853317384
8433,0.4529989901550507,0.5756656457397425,0.42433435426025745,2000.9315170711282
8434,0.4583108995427046,0.6274118192770004,0.3725881807229996,2000.9964708297366
8435,0.24113586825247926,0.4061647661066797,0.5938352338933204,2003.6190082988742
8436,0.8435469634374944,0.9105079180197021,0.0894920819802979,1992.2132627928945
8437,0.4547071585055081,0.514027683990637,0.48597231600936297,2002.1561766005211
8438,0.2927237887461266,0.6031870529293085,0.3968129470706915,1998.3840082235818
8439,0.6081767784068234,0.7188032411818955,0.28119675881810446,2000.1556925313864
8440,0.9098027134126382,0.9440792843306774,0.05592071566932255,1988.7528215445143
8441,0.3398597746609265,0.44623651305356404,0.553763486946436,2003.930413580489
8442,0.45831492436357096,0.7427918294149922,0.2572081705850078,1996.9068527992877
8443,0.35670507205334934,0.7049261339404784,0.2950738660595216,1998.2830972335444
8444,0.3534665511998621,0.5492513597391808,0.4507486402608192,2001.1059072223395
8445,0.10962667501353546,0.38252381395506224,0.6174761860449378,2003.000322234041
8446,0.3694015540227882,0.6917434535585353,0.3082565464414647,1998.6627499673245
8447,0.5518810772453708,0.651691600757906,0.348308399242094,1999.0464675644787
8448,0.578206294294547,0.695086328363231,0.30491367163676897,1999.6408008064066
8449,0.27615217766897504,0.5211341971426788,0.47886580285732117,2001.1447268438199
8450,0.35589719078051885,0.7129737601988095,0.28702623980119046,1996.8902895998608
8451,0.742361670911458,0.8042092293454329,0.19579077065456707,1998.24123877333
8452,0.3933405961707849,0.5880879989993554,0.4119120010006446,2001.5060119089972
8453,0.4812842113027032,0.5843659285718049,0.4156340714281951,2000.6523622020197
8454,0.3490035325493955,0.7017847351565991,0.2982152648434009,1997.9447004428725
8455,0.6571197659048355,0.820382041896036,0.17961795810396397,1997.4470668537042
8456,0.468935970164806,0.643711757906496,0.35628824209350396,1999.9514967870132
8457,0.5678935492055172,0.6748442033916531,0.3251557966083469,2001.424244639772
8458,0.37678551269365884,0.5450370881948641,0.45496291180513593,1999.8179371829017
8459,0.3210848553876836,0.6278548525059579,0.37214514749404215,1998.5886274765626
8460,0.6052019182217935,0.7695112653759075,0.23048873462409247,1997.2174954107568
8461,0.6916555426286133,0.8639673105294281,0.1360326894705719,1995.901676465696
8462,0.1909564433540569,0.3933979666750304,0.6066020333249695,2002.0453283362501
8463,0.3473073076757384,0.596926174569628,0.40307382543037196,1999.343200180208
8464,0.2718477226301704,0.538240143472853,0.461759856527147,2000.2360440586424
8465,0.44780214909463356,0.6061195599252086,0.3938804400747914,1999.2565289825397
8466,0.265866090389951,0.5209779750124744,0.47902202498752555,1998.7351728376675
8467,0.3463662757334157,0.6373590096002298,0.36264099039977016,1998.4993873796757
8468,0.3615379384418471,0.6472683930622484,0.35273160693775163,1999.5014525797303
8469,0.651193522064088,0.7737702127532496,0.22622978724675036,1997.403809284642
8470,0.3557248800618081,0.4886811142518905,0.5113188857481095,2003.3189324110358
8471,0.27773908183885143,0.5407363706869255,0.4592636293130745,2000.1002747016962
8472,0.48427947439546576,0.6500355260982047,0.3499644739017953,2000.1320661562193
8473,0.4615148270085914,0.5915166739300818,0.4084833260699182,2000.1498651694853
8474,0.2748198520790686,0.5151860841936704,0.4848139158063296,2000.8484369595456
8475,0.5159322993689359,0.6948832400254997,0.3051167599745003,1998.5534256518683
8476,0.3621862363947524,0.6629562368086003,0.3370437631913997,1998.16584314186
8477,0.3133181308849133,0.46253908284510237,0.5374609171548976,2003.1579819040576
8478,0.19158286866969332,0.3883537691200758,0.6116462308799242,2002.6226374170487
8479,0.6526080502193644,0.8454882644136268,0.1545117355863732,1995.7521218378868
8480,0.5150317515716696,0.6164230780761202,0.3835769219238798,2000.7958814454664
8481,0.5538734078414478,0.7008650386159119,0.2991349613840881,2000.8550458720727
8482,0.5114363853233511,0.7422282875296371,0.2577717124703629,1998.3232384922933
8483,0.6449299277829253,0.8164402057608279,0.18355979423917212,1994.9430557057483
8484,0.3150110571856865,0.5502415512712053,0.44975844872879467,2001.1658247361354
8485,0.23765971194661342,0.44510727623674606,0.5548927237632539,2002.6315914493493
8486,0.5985527704653263,0.6728981470883726,0.3271018529116274,1995.3239500249251
8487,0.3369879152460684,0.5859659770443226,0.41403402295567737,1999.7981883222958
8489,0.4698969654556032,0.6217538216372543,0.37824617836274566,2000.7280761098084
8490,0.2877108264044985,0.5385275917288722,0.4614724082711278,2000.2573033996962
8491,0.6676148831799944,0.8014837202156925,0.19851627978430753,1998.1081837357615
8492,0.7010350935752143,0.8250517016966633,0.1749482983033367,1995.5092363353074
8493,0.45980296436579154,0.7157559001934705,0.28424409980652954,1997.0861314974181
8494,0.2679069443623655,0.46492441678317376,0.5350755832168262,2003.028476324717
8495,0.6112963177657216,0.7209778280425221,0.2790221719574779,1998.6242302753121
8496,0.41551824739062504,0.601036264457607,0.39896373554239295,1999.5140973964862
8497,0.6397424692471579,0.8125787806686054,0.18742121933139455,1997.381456837185
8498,0.4950591051912135,0.7491887310441592,0.2508112689558408,1996.053581625219
8499,0.48571357616684735,0.7046465669161226,0.2953534330838774,1998.5408924834935
8500,0.25856547561934484,0.5682594592923779,0.43174054070762213,2001.4288335644294
8501,0.501218844435747,0.5947608035435397,0.40523919645646034,2000.8880418112515
8502,0.30660988093729513,0.6059385041649602,0.3940614958350398,1998.8639290415604
8503,0.15894753099552894,0.39203237214492054,0.6079676278550794,2004.0712744404905
8504,0.3071429724190243,0.5644161300561088,0.4355838699438912,2000.3147148022815
8505,0.4519346524004673,0.6560565208522633,0.3439434791477367,1997.6460182089486
8506,0.6019968591318401,0.7298107593499684,0.2701892406500316,2000.9050761961769
8507,0.576844778411203,0.753183916790862,0.24681608320913795,1995.1597664414912
8508,0.29542113418161436,0.5680532368055068,0.4319467631944932,1999.7938406084131
8509,0.3544290037567831,0.6546747351368543,0.34532526486314574,1998.4872197154846
8510,0.7078467119932741,0.7807114038454509,0.2192885961545491,1997.427994437788
8511,0.5727698160659459,0.6774537247069499,0.32254627529305013,2000.9812289018498
8512,0.35597073685013225,0.5330384544854286,0.46696154551457136,2001.4779560281163
8514,0.5274399712238178,0.6244095072078802,0.37559049279211976,2001.910886172923
8516,0.2539543284183973,0.4862969525108788,0.5137030474891212,2002.3676697888873
8517,0.6091319427579842,0.7337792579378921,0.2662207420621079,1999.116951019229
8518,0.03350136185936058,0.09125056866773239,0.9087494313322676,2008.3744873447558
8519,0.28577108723605343,0.4596220281366519,0.5403779718633481,2001.1399088576115
8520,0.41162262274704786,0.5714635177128652,0.4285364822871348,2001.2552698834338
8521,0.6173079521231699,0.794345235503771,0.205654764496229,1998.2870735759072
8522,0.6218071153181916,0.7386628205487252,0.26133717945127477,1998.5034391678514
8523,0.6763010708139461,0.7845026770348652,0.2154973229651348,1998.3834633339088
8524,0.657445057908375,0.8441893992142708,0.15581060078572917,1996.0577208912105
8525,0.47646734582551503,0.687931364400995,0.312068635599005,1996.9666103291713
8526,0.5181260914919303,0.6941449149661857,0.3058550850338143,1997.6369528131363
8527,0.6297226206596519,0.7370037380431982,0.2629962619568018,1997.5877907190359
8528,0.7856210385630489,0.8235752327080534,0.17642476729194656,1993.6626809033737
8529,0.615580334934533,0.6977173564671623,0.30228264353283774,2000.4941296293325
8530,0.33282045631362966,0.5434526373431902,0.45654736265680984,2002.270985750052
8531,0.5190181932898845,0.6425528509921413,0.3574471490078587,2000.054343681369
8532,0.7090496789895211,0.822481566271151,0.177518433728849,1997.7205026704992
8533,0.3424301945299471,0.643716685238719,0.35628331476128094,2000.619110396252
8534,0.6759053449048129,0.7525660463854548,0.24743395361454523,1998.5297915387937
8535,0.321352770402022,0.6491609953564683,0.3508390046435317,1998.5923063377686
8536,0.44207231105000416,0.6379024535814317,0.3620975464185683,2001.390056502818
8537,0.585292544030454,0.7112973521951012,0.28870264780489885,1997.065600306365
8538,0.4383791868452067,0.5986116224867478,0.4013883775132522,2001.9494145591339
8539,0.2272142399848868,0.3803038731051661,0.6196961268948339,2004.2196999704754
8540,0.5196221951841107,0.6484850893924271,0.3515149106075729,2000.2839071624594
8541,0.38566239887628895,0.7032018712845393,0.29679812871546074,1997.4057145979389
8542,0.4801097251784284,0.6610398891713628,0.3389601108286372,2000.4324592753162
8543,0.5438705526978956,0.7044245118215686,0.2955754881784314,1999.1987538855585
8544,0.5719949284972405,0.7494541649364503,0.25054583506354966,1997.8153162224905
8545,0.6257508290047992,0.7653289646529796,0.23467103534702038,1998.8141399473566
8546,0.37193714976376224,0.6005933413910559,0.3994066586089441,1999.0465253258349
8547,0.37910847815325294,0.551348649071155,0.448651350928845,2001.4027784418731
8549,0.14580834035595516,0.5041038258955912,0.4958961741044088,2001.074988025393
8550,0.4810178389233999,0.6215995061102846,0.3784004938897154,2001.1193316004887
8551,0.08731702985926353,0.1374927998764992,0.8625072001235008,2009.6722127086286
8552,0.6474379543857693,0.7332043391739378,0.2667956608260622,1999.3733481300067
8553,0.4084001846339739,0.6051626436047759,0.3948373563952241,2000.5624138601638
8554,0.030513583181945924,0.08636746867255543,0.9136325313274446,2008.7898642735688
8555,0.6153723899988273,0.6704979601409694,0.3295020398590306,2001.7516405971132
8556,0.5165693038922842,0.6709987999645195,0.3290012000354805,2000.3393908080577
8557,0.40189634686299514,0.5738168192308613,0.42618318076913875,2001.9815147785448
8558,0.2862126433088476,0.5140514568701338,0.48594854312986624,2001.0212370927259
8559,0.3175108618997405,0.5639764030599731,0.4360235969400269,1998.4913144165496
8561,0.5674384704037942,0.6223004412163468,0.37769955878365324,2002.307845167878
8562,0.30235070666636654,0.5257368069611067,0.4742631930388933,1999.8682877840538
8564,0.4930931456420325,0.7349963391957622,0.26500366080423776,1997.190024996931
8565,0.4888319457253565,0.7509259631778702,0.2490740368221298,1997.9256833284417
8566,0.5553207477067333,0.7701703263268079,0.22982967367319207,1997.330998610433
8567,0.6831938187194505,0.7703256870118736,0.22967431298812635,1996.017179442559
8568,0.46228602384176215,0.7517481124429214,0.2482518875570786,1996.561554249494
8569,0.37082558414016453,0.502072630530202,0.497927369469798,2002.3910265702596
8570,0.614470677508412,0.7034275325465391,0.2965724674534609,1999.357350340514
8571,0.577708322169523,0.7058921953209326,0.2941078046790674,1999.0047484396982
8572,0.3034439668385075,0.43890109876161637,0.5610989012383836,2004.5138207419009
8573,0.8024272040740551,0.8971411393496488,0.10285886065035121,1991.710125761168
8574,0.25252407558544776,0.6024619207233283,0.39753807927667173,1998.9222723494038
8575,0.29972736556209467,0.5684054846868474,0.4315945153131526,2000.2608609075235
8576,0.5212866182855682,0.6595073694245736,0.34049263057542645,1999.322724211142
8577,0.5592717719319962,0.6398342161763011,0.3601657838236989,2004.075283333093
8578,0.42101602578709013,0.5760318796847144,0.42396812031528563,1999.9175463871838
8579,0.6130181995186457,0.7807665612014026,0.21923343879859736,1995.101761402532
8580,0.5700504394779278,0.7282528547510749,0.27174714524892507,1998.1314433491211
8581,0.236548950526261,0.3694536177955247,0.6305463822044752,2004.0887361620005
8582,0.7795201441889289,0.9238736075127911,0.07612639248720887,1993.0517542630432
8583,0.37182460865075795,0.5817528610460966,0.4182471389539034,1998.3899346702228
8584,0.7168837891718902,0.8132648445574246,0.18673515544257535,1998.3515149504515
8585,0.7494665838365122,0.8167223763942658,0.18327762360573419,1995.017991876529
8586,0.646017828291168,0.8211341245462416,0.17886587545375843,1996.1275913133388
8587,0.4366290103142569,0.6321864679561131,0.3678135320438869,2001.0001774605869
8588,0.7838915501760004,0.869079050028974,0.130920949971026,1994.5143775330068
8589,0.5438731728763029,0.6555278332675843,0.34447216673241565,1997.0175907338867
8590,0.22700856386854135,0.32738964339621646,0.6726103566037835,2005.9163097631326
8591,0.24555242965001267,0.6055110464416993,0.3944889535583007,1999.170038633643
8592,0.34010753967908397,0.6450034301616192,0.3549965698383808,1998.2820520549226
8593,0.6138955701283746,0.6742352180791769,0.32576478192082314,2003.8679035589323
8594,0.8154408554107982,0.8679119406167812,0.13208805938321877,1996.1775445808341
8595,0.6305571660533151,0.7308861163026552,0.2691138836973448,2001.6151175906753
8596,0.46836076651859887,0.6398625225919232,0.3601374774080768,1999.810299974387
8597,0.5122519992258036,0.6734144534284197,0.32658554657158034,1999.0112795375103
8598,0.7649742752689404,0.819450569380411,0.18054943061958895,1998.3359152121232
8599,0.5792207667211308,0.7544401029035529,0.2455598970964471,1997.0194741577186
8600,0.5757074973815564,0.677392580959173,0.322607419040827,1998.0336335723002
8601,0.277299449014455,0.5629339913435653,0.43706600865643475,1999.8313898310907
8602,0.42565422205524844,0.5726156541551847,0.4273843458448153,2001.8545308052564
8603,0.5973889728920827,0.8794500475440757,0.12054995245592426,1992.4368538988415
8604,0.42200033282256716,0.7411024453463483,0.2588975546536517,1997.0292326673014
8605,0.2987314357079236,0.45860930940563066,0.5413906905943693,2002.2549497261223
8606,0.3730195496042184,0.7129262490087233,0.28707375099127674,1996.8091134634024
8607,0.6093223636425705,0.737199318823471,0.262800681176529,1999.5226193527462
8608,0.3176389034531334,0.5790226005110736,0.42097739948892643,1997.9402451009075
8609,0.5557371502769133,0.7536571761241888,0.2463428238758112,1996.9569985345686
8610,0.4357467769457966,0.7265346668664711,0.27346533313352894,1996.6901824543968
8611,0.5060166923732008,0.6619507863573668,0.3380492136426332,1999.8383805200494
8612,0.6861559575440299,0.7787520929945753,0.22124790700542474,1999.1788227497184
8613,0.2516606364680582,0.4528630887270835,0.5471369112729165,2002.8296007978593
8614,0.4779138108852596,0.7145127220981997,0.2854872779018003,1997.7144034765847
8616,0.49868258343763394,0.7034059789233903,0.2965940210766097,1996.8948980120333
8617,0.4967105961165308,0.6857025869623136,0.31429741303768644,1999.222432966605
8618,0.5424517225990646,0.6898444168994854,0.3101555831005146,2001.169677622577
8620,0.36344101335388634,0.5806929946550944,0.4193070053449056,1999.084966752536
8621,0.6841576800436492,0.8758394395889596,0.1241605604110404,1994.9547416525793
8622,0.19954866987640413,0.5073163878914565,0.4926836121085435,2001.1055511028521
8623,0.4343627674293042,0.620750025308767,0.379249974691233,2001.4328181177357
8624,0.511781440997509,0.5991713253872436,0.4008286746127564,2004.1652536295398
8625,0.3064266037298302,0.6746386924431086,0.3253613075568914,1998.5081772058309
8626,0.5261825223636839,0.7523467625523491,0.2476532374476509,1998.440042710954
8627,0.5760384792730178,0.6838001723138393,0.31619982768616073,2000.8624443755575
8628,0.3713981325896028,0.5173367748194085,0.48266322518059146,2001.0337039831788
8629,0.34910417969605934,0.6461530634887508,0.3538469365112492,1999.3159119373543
8630,0.4802477248751831,0.6311930862114866,0.3688069137885134,1997.4041713414952
8631,0.003603161991705673,0.01501814921015777,0.9849818507898422,2011.3091929130117
8632,0.48602346186881246,0.6302766601871524,0.36972333981284755,2002.4567977043898
8633,0.6684987608489225,0.8265451141290063,0.17345488587099367,1996.6007590803003
8634,0.4097216370394304,0.6823862681527715,0.3176137318472285,1997.3940343108136
8635,0.47660264478113556,0.6269193601178493,0.3730806398821507,2000.662152066038
8636,0.5808320137884728,0.773844197659449,0.226155802340551,1995.0217996125386
8637,0.7519436990637871,0.8846255172240289,0.11537448277597107,1994.3659200593256
8638,0.5307835838833511,0.6834160096045063,0.3165839903954937,1998.1817936350553
8639,0.42129305874125744,0.6673990774353795,0.3326009225646205,1999.1845358297383
8640,0.5941545220438526,0.7227068600629742,0.27729313993702576,1998.203662909291
8641,0.38972424345212114,0.6637100847936364,0.33628991520636364,1999.2567582403894
8642,0.4405350324282406,0.5458295431066174,0.45417045689338265,2004.3293424058181
8643,0.03384638366470084,0.12090971195879696,0.879090288041203,2008.4041847479427
8644,0.4137861054395918,0.6004231387032236,0.3995768612967764,1997.308397964552
8645,0.39099949218872426,0.649953631696653,0.350046368303347,1999.6066180303599
8646,0.4605659565838035,0.6572066242178001,0.3427933757821999,1998.149543119635
8648,0.5226010714835381,0.7939341399098344,0.2060658600901656,1996.5936404205347
8649,0.7088071394576232,0.8147563247628303,0.18524367523716967,1998.531184909818
8650,0.5640380770156367,0.7274578778956625,0.2725421221043375,1998.8050004117017
8651,0.11433288570238354,0.18639925042888725,0.8136007495711127,2006.7615469049383
8652,0.49235594378042913,0.6766155150663217,0.32338448493367833,1999.4619617922328
8653,0.7402621661147806,0.8431351780244664,0.15686482197553364,1996.58039058134
8654,0.46226692109756895,0.6536304534052513,0.3463695465947487,2000.1886509594553
8655,0.5537423584423593,0.6670844113674632,0.3329155886325368,2000.6354777845697
8656,0.4009707350315369,0.5033892306437238,0.49661076935627624,2003.0212253328166
8657,0.18339109776222356,0.35548617976641117,0.6445138202335888,2003.0208165538763
8658,0.40126925018520826,0.6274357343753073,0.3725642656246927,1999.6185597119425
8660,0.6238787658476129,0.766944343783923,0.23305565621607705,1999.0617253562011
8661,0.3893966076728432,0.5699257290367745,0.4300742709632255,1999.9348852496498
8662,0.3013070789252313,0.6440485542130442,0.3559514457869558,1998.081310580405
8663,0.8511805817203322,0.8806644289235799,0.11933557107642012,1995.5438356464654
8664,0.6139651749063002,0.762881863882444,0.23711813611755606,1998.2007086086373
8665,0.29804380870635144,0.48676246429787046,0.5132375357021295,2000.8895376578103
8666,0.4819950441677742,0.693669082218053,0.306330917781947,1999.5257778988962
8667,0.6157146700719232,0.7671953396345613,0.23280466036543868,1996.5130574435316
8668,0.4625575739542566,0.5851365834848904,0.4148634165151096,2002.6456263269638
8669,0.44760171545160105,0.6119854988407063,0.3880145011592937,2001.0615024604738
8670,0.5502268820588948,0.7406912292564513,0.25930877074354874,1997.1800845412572
8671,0.32029928734676605,0.5760646154938927,0.42393538450610735,1999.453275567556
8672,0.5039976750311719,0.707090278130424,0.292909721869576,1998.3132619540847
8673,0.3123724108376913,0.5206065572097834,0.47939344279021656,2000.7051556513243
8674,0.6395493718323025,0.7995327525629752,0.20046724743702482,1996.2594421375545
8675,0.08525530624574983,0.35276867639590587,0.6472313236040941,2003.9891013021695
8676,0.5376238530627199,0.718838596358895,0.281161403641105,1998.9114871989646
8677,0.6904867978675493,0.8152172355645863,0.18478276443541375,1998.0332805530945
8678,0.5463351325187857,0.7232478393583606,0.27675216064163943,1996.2721657012003
8679,0.35127879893542585,0.5340372984354083,0.46596270156459174,2000.1273953980551
8680,0.43899992092019524,0.6725772300956312,0.3274227699043688,1997.7665089331322
8681,0.18111897537126206,0.3555167067571573,0.6444832932428427,2004.7522886134477
8682,0.41189546856994164,0.6809620460205941,0.31903795397940593,1996.1026947387363
8683,0.5644894974514368,0.7440098101682535,0.2559901898317465,1998.219585139643
8684,0.38676873042493054,0.539696254016901,0.460303745983099,1999.3271073025194
8685,0.49654593141379405,0.6438870429113422,0.35611295708865776,2001.8529428158633
8686,0.27918990862624476,0.45302610194309917,0.5469738980569008,2003.3366484262506
8687,0.6762683685707035,0.8532239674266036,0.14677603257339644,1995.656370162218
8688,0.4921461635235269,0.6937801347145892,0.3062198652854108,1998.1574668209964
8689,0.4183087016925832,0.567880123067758,0.43211987693224196,2000.7282666278484
8690,0.5584559801241522,0.7352482444518449,0.2647517555481551,1997.4825166816815
8691,0.41522514761119517,0.608263937694124,0.391736062305876,1999.7104109877143
8692,0.4876192211104316,0.6490130508893602,0.35098694911063977,1998.5614164647175
8693,0.23228016314730415,0.41556942403362745,0.5844305759663726,2003.9828352550442
8694,0.31620029132778604,0.620552730225768,0.37944726977423204,1997.8556307473905
8695,0.38618949074087733,0.6059831980743059,0.3940168019256941,1999.2589932854298
8696,0.5685467934014954,0.7573386009926266,0.24266139900737338,1995.8338872978663
8697,0.3299476132960742,0.46384745677918254,0.5361525432208174,2001.0475629721557
8698,0.32704930924209236,0.5790057918358137,0.4209942081641863,1998.1334545359528
8699,0.2741088839748011,0.4351132278832428,0.5648867721167572,2004.3140875429788
8700,0.7151074772914119,0.883609713059694,0.11639028694030595,1991.8804704129175
8701,0.6615773164690519,0.9021159425613617,0.09788405743863826,1994.2889734655148
8702,0.3471133947256119,0.569545928989682,0.43045407101031796,2001.1505645816271
8703,0.6594085028384107,0.7152338419918747,0.2847661580081253,2000.9534110546858
8704,0.44382103641847226,0.6724846622567314,0.3275153377432686,1999.0596342824251
8705,0.19925790982055988,0.3793416732815545,0.6206583267184456,2003.9187005700815
8706,0.5228586931419437,0.7165970479886816,0.2834029520113184,1999.1906351739983
8707,0.853210213512989,0.9069082668746251,0.09309173312537489,1995.0145797741227
8708,0.38691556698703905,0.6666372660039188,0.3333627339960812,1998.365314630551
8709,0.6175215118303177,0.7661471898120581,0.2338528101879419,1999.142433984588
8711,0.19477890101538445,0.346279065868665,0.653720934131335,2003.7724975649694
8712,0.5312554371430818,0.803671287889235,0.19632871211076497,1996.873097732477
8713,0.5182424199548736,0.7073000111847584,0.2926999888152416,1997.081140945041
8714,0.4187343403250054,0.6401089425285861,0.3598910574714139,1999.7162716936175
8715,0.5201837556169231,0.6917744830944089,0.3082255169055911,1999.9880925835896
8716,0.2582878189663033,0.544451820674104,0.455548179325896,2000.3893993590998
8717,0.30832129717075424,0.4606112589943648,0.5393887410056353,2002.8867263655081
8719,0.48026689748539064,0.6664915757912075,0.33350842420879245,2000.4917720380274
8720,0.472329149006864,0.5775928282067005,0.42240717179329945,2004.8919326036598
8721,0.3012342149385073,0.5446573078898655,0.45534269211013445,2001.0796332231855
8722,0.462692225189174,0.678651076608996,0.32134892339100396,1998.1344594972327
8723,0.4063133254985032,0.6084648407965733,0.39153515920342674,2000.8663685264428
8724,0.30343764189495986,0.646867195777206,0.35313280422279403,1998.085662422508
8725,0.5612253716159894,0.7060462236194326,0.2939537763805674,1998.8359107564381
8726,0.3835840769254829,0.6485441679587371,0.35145583204126285,1999.644522941281
8727,0.5610421723062607,0.7134302091848486,0.28656979081515144,1998.8656337496295
8728,0.3421237265475518,0.586618520302988,0.413381479697012,1998.3415946757812
8729,0.23322723214205374,0.5787317372649647,0.42126826273503526,1999.8100169322697
8730,0.6218542578139511,0.7858888125957908,0.2141111874042092,1997.1790438621676
8731,0.14380945585841282,0.42620158682052667,0.5737984131794733,2001.6179978127366
8732,0.44524563993353716,0.706673246915436,0.293326753084564,1999.0025506787656
8733,0.27233579101155914,0.4456503637313309,0.5543496362686691,2002.9430997654274
8734,0.48073106251301423,0.6608846235961128,0.3391153764038872,2000.5463869166667
8735,0.19123558153187348,0.6845242219604625,0.3154757780395375,1999.0668713369328
8736,0.44140403609186385,0.599786740431812,0.400213259568188,2001.6068005335483
8737,0.4440023416169008,0.7250755523083745,0.2749244476916255,1998.0508166329714
8738,0.40496537265476884,0.5792655912684287,0.4207344087315713,1999.8760921340179
8739,0.06840175027177749,0.19960824420600115,0.8003917557939988,2006.6624322779908
8740,0.5010065060088624,0.6218367980321048,0.3781632019678952,1999.6616277319777
8741,0.3278876769989241,0.4193348571511369,0.5806651428488632,2004.5884226558455
8742,0.3919522357115802,0.6890636524928733,0.31093634750712673,1998.2240235027148
8743,0.5930589767181803,0.7347390555777713,0.2652609444222287,2000.8825726768928
8744,0.44958266324414636,0.821401403974338,0.17859859602566197,1995.8940885326545
8745,0.4946765261454068,0.6841848180780866,0.3158151819219134,2000.620128075173
8746,0.22161539431520388,0.5348625658271442,0.4651374341728558,2000.1232134228187
8747,0.6991326146354512,0.7835893911863548,0.21641060881364516,1999.127135314828
8748,0.329608904797505,0.688274695483413,0.311725304516587,1997.1604957640413
8750,0.3749721219281379,0.6163856757946004,0.38361432420539965,1997.859824813296
8751,0.35966745348335283,0.6070853727907204,0.3929146272092796,2000.3447681409057
8752,0.42559001180780526,0.6513168352054255,0.3486831647945745,1997.5787037314822
8753,0.8160544150431277,0.8859893851527187,0.11401061484728126,1996.0079833629666
8754,0.4810766189507573,0.7023871439205523,0.29761285607944765,1998.7964827765775
8755,0.45478588455178304,0.6943336136045515,0.3056663863954485,1998.496792373697
8756,0.49328067530901415,0.6984443774495026,0.3015556225504974,1997.7573645753703
8757,0.3903841940952359,0.6209338437333471,0.37906615626665285,1998.3357888851974
8758,0.5366971899929622,0.749997968606451,0.25000203139354904,1998.6922708414893
8760,0.2536316540622948,0.46232773852505027,0.5376722614749497,2001.5630939508326
8761,0.5952218902605709,0.7478432532400198,0.25215674675998023,1998.193997807082
8762,0.42232143894787433,0.6703801158196899,0.3296198841803101,2000.0115058508225
8763,0.6346913218219344,0.8516297890450145,0.14837021095498548,1995.8571443091453
8764,0.4803430771923683,0.7569772117645389,0.24302278823546108,1997.6245508749441
8765,0.14302491249608898,0.42191500671774534,0.5780849932822547,2002.1009808311333
8766,0.4971641654104794,0.795387975470853,0.20461202452914695,1997.712762530578
8767,0.2380121066118161,0.5923147492306645,0.4076852507693355,2000.1632978059017
8768,0.4277440099856185,0.5994776544650368,0.40052234553496324,2002.4150868734318
8769,0.3923489289029944,0.654966362335508,0.345033637664492,1999.4230248701301
8770,0.43757081221817146,0.6342153275785387,0.3657846724214613,1998.776071232667
8771,0.4623811896649358,0.5827399630478294,0.4172600369521706,2000.7678014376152
8772,0.32148233368544227,0.5001277731163294,0.4998722268836706,2000.3786411569106
8773,0.39227775073433735,0.7077624134018653,0.2922375865981347,1998.6889823570812
8774,0.31209515635663654,0.5303117335076419,0.46968826649235806,2001.0420481352792
8775,0.48299283183102276,0.6747567693054471,0.32524323069455285,1999.2240775355274
8776,0.5777881096929453,0.7685905768284994,0.2314094231715006,1997.14978696086
8777,0.22426845296426978,0.41549287365850707,0.5845071263414929,2002.2450789080174
8778,0.5569079289202952,0.8170603168005226,0.1829396831994774,1995.778670699069
8779,0.1961645677366942,0.5184070671550437,0.4815929328449563,2001.4188931268593
8780,0.5260253571313479,0.7526664579659972,0.24733354203400282,1997.5772028387978
8781,0.36000736707692743,0.5171948766373934,0.4828051233626066,2001.0063903073703
8782,0.8130663009704275,0.8847853761408857,0.1152146238591143,1989.692371879826
8783,0.566242627720862,0.7433448921745208,0.2566551078254792,1998.8159355531882
8784,0.3774268989486776,0.6768687455728607,0.3231312544271393,1998.8378002853474
8785,0.22142708470380165,0.46364754276981307,0.536352457230187,2000.7970937982552
8786,0.6267382030719796,0.8193411448594895,0.1806588551405105,1996.425620827129
8787,0.5369021929662203,0.7159672154707442,0.28403278452925584,1998.5853123303552
8788,0.44943348261267707,0.6648959676353878,0.33510403236461217,1999.2343771295518
8789,0.6067439690046531,0.7475915280600972,0.2524084719399028,2001.0265295995218
8790,0.47433908632826666,0.7108017654928668,0.2891982345071332,1996.840256442645
8791,0.48883963082989795,0.6574662443672576,0.34253375563274235,2000.2008109238511
8792,0.529684236361906,0.806366864853764,0.19363313514623604,1993.8026178850082
8793,0.3811994410035418,0.5885432735471979,0.41145672645280207,2000.6738917996322
8794,0.365711564219957,0.703206861423938,0.29679313857606204,1998.8524912797513
8795,0.5603137008468295,0.7298887353190607,0.27011126468093927,1997.605699839231
8796,0.3984257269661044,0.5961949140907113,0.40380508590928865,2000.5112900929353
8797,0.4092928564500002,0.5599625380868904,0.44003746191310955,2003.228608169998
8799,0.44700284798641826,0.5665370822594435,0.43346291774055645,2001.8503301156713
8800,0.705172871256566,0.8401038424120296,0.15989615758797038,1991.345801855474
8801,0.7921537315106704,0.8786593977005702,0.12134060229942978,1996.4743189056567
8802,0.46113192744355375,0.6962132347225195,0.3037867652774805,1998.715089529413
8803,0.3783767244019325,0.6320247390032089,0.3679752609967911,1999.6073029736554
8804,0.40162154901210745,0.609156377352688,0.390843622647312,1999.120747435558
8805,0.7536959357614794,0.805424106490228,0.194575893509772,1999.2082940516775
8806,0.4678660967222221,0.7659633043962721,0.23403669560372786,1997.7938025521485
8807,0.20897925261203024,0.29475006733863535,0.7052499326613646,2003.3876168366107
8808,0.4973803671163761,0.6717671066351111,0.3282328933648889,1998.5365138703048
8809,0.4092259082547551,0.670689726276683,0.329310273723317,1999.9856968392544
8810,0.5408688793864724,0.7452919221720636,0.25470807782793636,1995.8046623531404
8811,0.053277566706447836,0.6086601984470225,0.39133980155297754,2000.5693840989893
8812,0.21414140766800846,0.36697491555548106,0.6330250844445189,2004.124755627114
8813,0.6089367231406185,0.8034766990712513,0.1965233009287487,1994.948067084402
8814,0.16986596919903413,0.2638853354672765,0.7361146645327235,2005.4540979774415
8815,0.4429392151225481,0.730512804363928,0.26948719563607204,1998.187841561619
8816,0.38248435366064365,0.6662033567409393,0.33379664325906067,1999.075601010254
8817,0.15398421293600953,0.5535530785622637,0.44644692143773634,2001.1727205165125
8818,0.3037893640623939,0.611401145547984,0.38859885445201603,2000.4538340220695
8819,0.15814994369537452,0.30942583254947215,0.6905741674505279,2005.033291379757
8820,0.24786783869370674,0.4974017724529163,0.5025982275470837,2002.20117561062
8821,0.48613808284883914,0.6879664902051382,0.3120335097948618,1999.5160317308232
8822,0.4241021033105397,0.621937023837818,0.378062976162182,1998.813032526334
8823,0.4869135465555517,0.6877279949454168,0.3122720050545832,2000.5881297060942
8824,0.464664192297588,0.6712223238394729,0.3287776761605271,1998.7668582167164
8825,0.23336321690135886,0.42766596903813753,0.5723340309618625,2006.690707246101
8826,0.3519735339686382,0.6277869358792172,0.3722130641207828,2000.9290393952763
8827,0.25557011548000286,0.5151010910409606,0.4848989089590394,2001.7825030901843
8828,0.4631603781748754,0.642296996080339,0.35770300391966103,1998.5335735619462
8829,0.2212044665922744,0.5640998792399762,0.4359001207600238,2000.0128418531922
8830,0.4791536475053147,0.7267324401831956,0.2732675598168044,1998.8768316110643
8831,0.4203215100379398,0.659304268344499,0.34069573165550104,1999.9380758019483
8832,0.23141665195461233,0.6926205853087534,0.30737941469124663,1998.131361179228
8833,0.4476201282517548,0.6496889830533669,0.35031101694663314,2000.441131318651
8834,0.263356815702695,0.5481652630685515,0.4518347369314485,2000.6817649369925
8835,0.5356329825022611,0.691240802811656,0.308759197188344,1998.7975741004857
8836,0.24676650829187133,0.3991716524698163,0.6008283475301837,2003.6237077118458
8837,0.3214004874047724,0.5123239221711682,0.4876760778288318,2001.480711423659
8838,0.4279788055273762,0.7883883066651038,0.21161169333489616,1995.7522280080682
8839,0.3283813018897094,0.5388041209214186,0.4611958790785814,2000.3685312491732
8840,0.8624502065398236,0.941337545584327,0.05866245441567297,1989.0840506623251
8841,0.44723645522391686,0.6173766105743745,0.38262338942562546,2001.3999414789234
8842,0.4107908669811627,0.6853192510145997,0.3146807489854003,1997.8121785067308
8843,0.4222397784824272,0.7443244164498112,0.2556755835501888,1997.8059811123794
8844,0.2841083970771966,0.5583523412882392,0.4416476587117608,1999.55107382782
8845,0.43199830629747743,0.6430773874357737,0.3569226125642263,2000.3530636769601
8846,0.4907356188115281,0.7907834861018432,0.20921651389815676,1996.432379100472
8847,0.3258082835403094,0.5498081772343741,0.45019182276562586,2001.5181242991082
8848,0.48403892778691654,0.7846832603453985,0.21531673965460152,1995.283709403499
8849,0.19724000226229324,0.45895044348324304,0.541049556516757,2002.269066345911
8850,0.43564469481949836,0.7111769362925942,0.28882306370740585,1998.0530721459054
8851,0.3090688923403324,0.5512683704946721,0.44873162950532786,2000.7291840566272
8852,0.5098246253728547,0.7646764203926811,0.23532357960731887,1998.4182903559508
8853,0.5554127743329929,0.730708654313736,0.269291345686264,2000.0178279093184
8854,0.39450726196554375,0.7130398545387032,0.2869601454612968,1998.4429510651366
8855,0.39128102457867286,0.5728195609809223,0.42718043901907765,1999.8548211801276
8856,0.4859381131636702,0.707804968724589,0.292195031275411,1999.0872847350709
8857,0.4926850874155607,0.697461039541027,0.302538960458973,1997.0905957487516
8858,0.5776185687854754,0.8404096619592598,0.1595903380407402,1995.3709919857781
8859,0.5366395752482965,0.7183006619779068,0.28169933802209324,1998.7866337181056
8860,0.4203797087413339,0.6737520931446092,0.32624790685539085,1999.8102514188884
8862,0.34058203337405635,0.6935031460309166,0.30649685396908344,1997.2073888642778
8863,0.031776952783595734,0.3998330505123484,0.6001669494876516,2005.6263121869395
8864,0.27585452417330364,0.5027522468052429,0.4972477531947571,2000.645951583659
8865,0.3430248954042371,0.5710283589112943,0.42897164108870567,2000.9641522095621
8866,0.2997435800043508,0.5437121853019479,0.45628781469805213,2000.1221582805529
8867,0.4279669939560943,0.7198385432325373,0.28016145676746274,1997.9337099352642
8868,0.3458584867317257,0.6413271664086301,0.3586728335913699,1998.1847790929812
8869,0.5214653647666126,0.694524698097155,0.305475301902845,1999.9194085955671
8870,0.8526124232274663,0.9049621458729838,0.09503785412701615,1991.30352817559
8871,0.38153945462700706,0.5522017833966235,0.4477982166033765,2002.36519952207
8872,0.34227943469698724,0.643430936617271,0.356569063382729,1998.8861159941723
8873,0.30861526996375643,0.44065845029993567,0.5593415497000643,2003.782611298479
8874,0.32456222602498885,0.5553738321970113,0.4446261678029887,2000.458246070413
8875,0.3732793307920373,0.748203492564992,0.25179650743500803,1997.237666785525
8876,0.47145563725889617,0.7618787221444622,0.23812127785553783,1995.798515937665
8877,0.7555133704840126,0.8691613883282446,0.13083861167175537,1996.2562405764345
8878,0.3327026030970461,0.5562897434929085,0.4437102565070915,1999.8492472383107
8879,0.2410857894131222,0.4152686121960797,0.5847313878039203,2003.2999851550453
8880,0.43080990186810336,0.7115524583169501,0.28844754168304987,1996.3981518455175
8881,0.5071688636056498,0.6772292527119365,0.32277074728806354,2000.6306286006602
8882,0.3938968464236517,0.6634806045677634,0.33651939543223663,1998.979719065229
8883,0.5536476568601457,0.6912857491303326,0.3087142508696674,2000.5795484533394
8884,0.4781901783310205,0.7778491193913409,0.22215088060865906,1996.6226863121083
8885,0.5582610007688205,0.7420885996699331,0.2579114003300669,1997.5941302077529
8886,0.3904293330444501,0.7023807065083768,0.2976192934916232,1998.4871424561459
8887,0.642132712616694,0.7040064254563095,0.29599357454369046,2001.4416616813555
8888,0.36256368817018214,0.7112921050515841,0.28870789494841587,1997.2909908769914
8889,0.44278565247432433,0.6884589669799402,0.31154103302005975,2000.6856357416598
8890,0.67217003810316,0.8308829066374106,0.1691170933625894,1991.1536238796264
8891,0.47640342717578416,0.7444511107587228,0.25554888924127717,1998.869312951209
8892,0.2657573137504556,0.42185290940086007,0.5781470905991399,2002.3669450824045
8893,0.7092087576435565,0.8426664724650866,0.15733352753491336,1996.6314050802214
8894,0.3039838060397854,0.640238047974202,0.35976195202579797,1999.3796476219636
8895,0.6567461043837974,0.7721742628072399,0.2278257371927601,1998.6203308647782
8896,0.27881957145670955,0.5507189285010833,0.4492810714989167,1999.2114990741936
8897,0.1537038948104685,0.3354546184225829,0.6645453815774172,2007.176946470121
8898,0.4039397954482152,0.6899041277394399,0.3100958722605601,1997.6923351620737
8899,0.672074711633101,0.8643476662320134,0.13565233376798658,1994.8475095764263
8900,0.33340784397300033,0.6169164636657897,0.38308353633421033,1999.1574685901135
8901,0.6628547842921774,0.8088754486958933,0.19112455130410666,1996.27665627347
8902,0.6678069919555125,0.8042079119536957,0.19579208804630432,1993.0028926862356
8903,0.5296340700550889,0.6478197349550334,0.3521802650449666,2000.2942379701117
8904,0.46207092248602877,0.7317877135405209,0.26821228645947914,1998.403361124981
8905,0.38999053621887936,0.6149470043255312,0.3850529956744688,2001.5346308029507
8906,0.2733421541678443,0.6015272216122117,0.3984727783877883,1999.4963275649063
8907,0.2329597940673248,0.3437188155163795,0.6562811844836205,2006.2076549842307
8908,0.29077887162994787,0.5955849859542632,0.40441501404573676,1999.1571395423728
8909,0.5595118265952256,0.6890555092709238,0.31094449072907615,1999.7286542892
8910,0.31750342322522246,0.5391842315838122,0.46081576841618777,2003.109061208058
8911,0.541028644527057,0.7623517365364788,0.2376482634635212,1998.7928251520311
8912,0.3403311239912366,0.6264235928154783,0.3735764071845217,2001.671642109455
8913,0.49088269117308825,0.7279013876527901,0.2720986123472099,1999.8674682079807
8914,0.421520644647509,0.7479719788896837,0.2520280211103163,1994.9838146417694
8915,0.6610958227226689,0.7805065738881931,0.2194934261118069,1997.3117841489127
8916,0.3764804306111698,0.657285260793257,0.342714739206743,1999.843448657606
8917,0.2713022840906855,0.7118279355751733,0.2881720644248267,1997.3313165258205
8918,0.3199422707061712,0.538263050159861,0.461736949840139,2003.1447652603642
8919,0.5000148098416334,0.6427921734923582,0.3572078265076418,1999.664530013073
8920,0.31586116756698934,0.6342563730143873,0.3657436269856127,2000.8509931097735
8922,0.3410794265562954,0.6414363076955637,0.3585636923044363,2000.4865164509758
8924,0.48445813895402723,0.6730219476480942,0.3269780523519058,1998.411735901
8925,0.3888782883166623,0.597130776322051,0.402869223677949,2001.0750228474017
8926,0.4099252390259841,0.598410271665064,0.401589728334936,1998.7477010652476
8927,0.46071762907487945,0.5890944108271708,0.41090558917282916,2001.802200402316
8928,0.341505524045697,0.577204781214429,0.422795218785571,2000.5238593156705
8929,0.381206676885347,0.6498030668762723,0.3501969331237277,2000.1995189885708
8930,0.2746615161982104,0.583687202028675,0.41631279797132503,1999.319411108116
8931,0.21693290010939653,0.4262486846152025,0.5737513153847975,2003.1432325773267
8932,0.2738229260518207,0.5527982120439281,0.4472017879560719,2000.1159555035529
8933,0.4127004989637312,0.7348815341360364,0.2651184658639636,1998.9318280936175
8934,0.6416320838837826,0.8314084282591728,0.16859157174082717,1992.9504458193935
8935,0.2006211224180979,0.4328152781455701,0.5671847218544299,2001.7814189295184
8936,0.4314815385852214,0.6619612369208473,0.3380387630791527,1999.6960912877978
8937,0.20935717344078444,0.35349165551764417,0.6465083444823558,2004.6232469674096
8938,0.31993493854712735,0.6174034630480196,0.38259653695198037,1998.6687265323376
8939,0.4193154759395294,0.6366380266128687,0.3633619733871313,2000.6703411756691
8940,0.21912811923470527,0.4478852766102103,0.5521147233897896,2002.2103030727133
8941,0.2948098067738117,0.4306738896876764,0.5693261103123236,2003.4308008796197
8942,0.32938801528062,0.5637701255474766,0.43622987445252337,2001.9123699354764
8943,0.546411542537199,0.6996230641640044,0.30037693583599556,1999.7668514950826
8944,0.3785925588274967,0.550747001065151,0.44925299893484905,1999.6823054112142
8945,0.43391868756678875,0.5916437907275887,0.40835620927241134,2001.8463247574136
8946,0.3957606762536359,0.6478052089997305,0.3521947910002695,2000.8999630786147
8947,0.314690786419222,0.6025585809027687,0.3974414190972313,1999.7975372451788
8948,0.3606620033609775,0.7107238841736788,0.2892761158263212,1996.9505338927513
8949,0.4828479214994089,0.6528355548919227,0.3471644451080773,1999.2677774931965
8950,0.417028641971122,0.7005523684347507,0.29944763156524934,1997.8998380478824
8951,0.39926058073811677,0.6220855215201059,0.3779144784798941,2000.894354101703
8952,0.4149984249081876,0.6507965070149767,0.3492034929850233,1997.9689920838077
8953,0.41862938313818443,0.6762661768779067,0.3237338231220933,1999.850955450304
8954,0.5505227905872371,0.817699046127396,0.18230095387260403,1995.3936553041124
8955,0.37587079672412815,0.50516943331786,0.49483056668214,2001.4886414717846
8956,0.4794123006167199,0.7259712640697131,0.27402873593028687,1996.9424876935216
8957,0.19354794109230147,0.38244116912784976,0.6175588308721502,2003.9240368017897
8958,0.23523061244447646,0.4596035761528049,0.5403964238471951,2003.4339393999628
8959,0.4200468337068879,0.6689198140032784,0.3310801859967216,1998.372171910006
8960,0.29275930902111325,0.5994019193857966,0.40059808061420343,1999.0811197653652
8961,0.5301286740457375,0.6991565634156384,0.30084343658436163,1998.8352802153918
8962,0.3948663502603221,0.6444360685102315,0.3555639314897685,1999.3735985248932
8963,0.47213720981678436,0.6599562376284849,0.3400437623715151,2000.6982969976677
8964,0.31434355441856826,0.6312565096767101,0.3687434903232899,1998.5940654664378
8965,0.5214733581916109,0.6528756277725569,0.3471243722274431,2000.824697524716
8966,0.3389682104173726,0.672711099251803,0.32728890074819705,1998.9677412937285
8968,0.6380392622366647,0.8298903845946323,0.17010961540536773,1991.8864437101809
8969,0.7147000896761632,0.84238029564387,0.15761970435613004,1996.0771194703118
8970,0.4100100396040824,0.7214094557056363,0.2785905442943637,1998.6959686952566
8971,0.4824050732314547,0.7563524460534706,0.24364755394652937,1998.113569118577
8972,0.5427280752422159,0.6896389376287367,0.31036106237126326,1997.457931521333
8973,0.28532793192413886,0.47382331831025987,0.5261766816897402,2001.5139408934947
8974,0.318828065026444,0.674111145512149,0.325888854487851,1997.8171241794396
8975,0.3562572038651761,0.5450715740431562,0.4549284259568438,2002.7689401457728
8976,0.14950925438956342,0.5251486566550202,0.4748513433449798,1999.8399846066227
8977,0.40549465558371317,0.6063023907302476,0.3936976092697524,2000.8521524709877
8978,0.5343672751287533,0.6961800797187135,0.30381992028128646,1996.7484806539032
8979,0.34422011117771906,0.5879240758706945,0.4120759241293055,2000.8336942182402
8980,0.49885004858685417,0.7700579558360772,0.22994204416392283,1996.3630700026506
8981,0.709861928185993,0.8152747815340078,0.1847252184659922,1998.0650731410174
8982,0.3201777328413733,0.6018026051412395,0.3981973948587605,2000.0450889576082
8983,0.2072767500092619,0.4276634507887872,0.5723365492112128,2003.6990864614627
8984,0.35644575578756243,0.6993134362233319,0.30068656377666814,1998.6324158251173
8985,0.24910485817879327,0.48056607924868366,0.5194339207513163,2001.53587286126
8986,0.5789439198999509,0.8816361103540746,0.11836388964592537,1992.8066699379622
8987,0.4982338903592598,0.677312353688008,0.322687646311992,2000.4184837545824
8988,0.5055600142456927,0.6892405922625415,0.31075940773745847,1999.7662286706338
8989,0.2960247250674322,0.46423251174832586,0.5357674882516741,2002.6503316738178
8990,0.3960642952685393,0.6521154412931601,0.3478845587068399,1997.5690668989253
8991,0.21736650772279653,0.4763579366195768,0.5236420633804232,2001.6160682188247
8992,0.5445915925481261,0.751538521222813,0.24846147877718705,1997.4112802362586
8993,0.37313563590249216,0.5895299983102317,0.4104700016897683,1999.5356254688948
8994,0.47606535140919265,0.6789955795961236,0.32100442040387644,1998.1140073079712
8995,0.4980842026886381,0.6345242980165383,0.3654757019834617,2001.1890202171078
8996,0.466904765418616,0.6285590598050935,0.3714409401949065,1996.5469623391255
8998,0.3358171735491071,0.5712733677455357,0.4287266322544643,2002.3730946018172
8999,0.3163570279319397,0.5885415707535706,0.4114584292464294,2000.7161340915688
9000,0.4734234626568467,0.7185561515700449,0.28144384842995507,1997.7089763830268
9002,0.5879738734899357,0.7959568328066418,0.20404316719335824,1995.9353554556671
9003,0.34609985634930607,0.47109125369367993,0.52890874630632,2004.2230102213703
9004,0.3086305402508671,0.595224055077318,0.404775944922682,1998.7913824922437
9005,0.7938400887061289,0.8538166735395208,0.14618332646047916,1999.779037892365
9006,0.5268053807700742,0.7348849162729046,0.26511508372709536,1997.13819664172
9007,0.4542486221361547,0.6711252671206206,0.3288747328793794,2000.1125051330862
9008,0.4618186478620789,0.6748982888960194,0.32510171110398056,1995.5361808537532
9009,0.3826544421420588,0.5536143494163344,0.44638565058366564,2001.4013814881127
9010,0.4313905355667117,0.5804623638878303,0.41953763611216965,2003.0661078761223
9011,0.4255996237450285,0.5822640268805737,0.41773597311942634,2002.0369346813789
9012,0.3995551224517042,0.643839360520061,0.35616063947993903,1997.9647519822734
9013,0.39200880226400153,0.6124922416228982,0.38750775837710183,2000.3764965630755
9014,0.46454489579719294,0.7432110916303161,0.25678890836968393,1995.7520640764008
9015,0.302699552831862,0.45492478992972485,0.5450752100702752,2004.2250993867383
9016,0.46455578611975284,0.5532958145713042,0.44670418542869583,1999.8505441499467
9017,0.4515325569642314,0.6401167807415254,0.35988321925847455,2001.2978051102855
9018,0.28679231870698474,0.657472200218324,0.342527799781676,1998.3246506819444
9019,0.48219197115585116,0.6230920005962401,0.37690799940375985,2000.866929568843
9020,0.40036465891076234,0.6513718220783251,0.3486281779216749,1998.3968159504066
9021,0.6902107135528449,0.7731326246562455,0.22686737534375445,1999.2435695943977
9022,0.3521192067909711,0.6032750818744851,0.3967249181255149,2002.4702090220196
9023,0.6681473995438213,0.810275305188799,0.18972469481120102,1999.170679872385
9024,0.4169623255467785,0.5959187173888979,0.4040812826111021,1998.861531345702
9025,0.5279157748921199,0.6925757294586529,0.30742427054134713,2000.4560152816753
9026,0.4224023410933323,0.6860105181397868,0.31398948186021325,1998.2473327910086
9027,0.37245688456347914,0.5597476092267349,0.44025239077326506,2002.0584869516954
9028,0.48621677562975596,0.609469452020131,0.39053054797986897,2002.2845845987217
9029,0.4312125159540682,0.5465532081796046,0.4534467918203954,2002.1274462764434
9030,0.5488087641747725,0.7306307868061239,0.2693692131938761,1994.2767460744042
9031,0.35311017728916316,0.4981585614009678,0.5018414385990322,2002.6675574518492
9032,0.3933172624926454,0.6833469797695614,0.3166530202304386,1997.6979414093428
9033,0.5536833259111348,0.6550448205025068,0.3449551794974932,2001.099504086693
9034,0.4585512075777549,0.8280976442690126,0.17190235573098744,1994.6440021919918
9035,0.30275347297547023,0.5437937988606872,0.45620620113931276,2001.4988746493316
9036,0.4636675873755238,0.656572683442058,0.343427316557942,1996.154947128549
9037,0.5565848731927917,0.7111190556189559,0.28888094438104406,2000.4211513805753
9038,0.4351562571746058,0.7517416499067875,0.2482583500932125,1996.9132817946436
9039,0.1739261215921073,0.38488864778456394,0.6151113522154361,2002.9773067729482
9040,0.5105372675818454,0.6954607081563501,0.3045392918436499,1998.6575109785401
9041,0.43246765091661826,0.5885590643192344,0.41144093568076556,2001.1670645542365
9042,0.6120019611803643,0.8025315362993272,0.19746846370067284,1995.4757245099506
9043,0.5163702354141461,0.8353609597993471,0.1646390402006529,1996.428329685298
9044,0.5987954992581246,0.7415573455069262,0.2584426544930738,1998.4314831760173
9045,0.3891174036842655,0.5764758810412165,0.4235241189587835,2001.6164613161536
9046,0.4944896910542309,0.7211854413105651,0.27881455868943494,1998.5099336780563
9047,0.5603490636902152,0.7442718807059207,0.25572811929407935,1999.46658542925
9048,0.34409648196097276,0.5442067845627169,0.45579321543728313,2002.7591223097193
9049,0.0721482356306873,0.29218733380525,0.7078126661947499,2010.5402170749269
9050,0.5850164310408141,0.6945432414841752,0.30545675851582477,1998.8326766794664
9051,0.48568191418035406,0.662751101424813,0.33724889857518703,2000.0179805629436
9052,0.5740416664641191,0.7387083785014397,0.26129162149856033,1998.5973733640726
9053,0.2018670888872724,0.40194962041615195,0.5980503795838481,2003.2379952952308
9054,0.6557376382585003,0.7857094239157704,0.21429057608422963,1993.8703599998835
9055,0.2671302283097722,0.4773164774819548,0.5226835225180452,2003.411171406694
9056,0.3432818229439497,0.7304257792037716,0.2695742207962284,1996.635818939242
9057,0.441089353455526,0.5809489582941775,0.4190510417058225,2001.3016722053526
9058,0.42665419701934154,0.6589016500015479,0.3410983499984521,1998.2089174134999
9059,0.82964226521008,0.8699659357809105,0.13003406421908947,1998.438664326909
9060,0.5129325212552617,0.7081066035432535,0.2918933964567465,1997.6494694344954
9061,0.3420978005807341,0.5146308052803049,0.4853691947196951,2001.3077694365847
9062,0.14464144686007055,0.7123990166418109,0.28760098335818907,1998.6207513529123
9063,0.4196788320561457,0.5719009723518911,0.4280990276481089,2002.3562546698074
9064,0.46739650047630865,0.5906307315371842,0.40936926846281585,2000.1772132953924
9065,0.17334803528468323,0.3409628107457899,0.6590371892542102,2004.3997583254823
9066,0.31214078452349586,0.5449962431793969,0.4550037568206031,1999.988014869827
9067,0.42371003137846597,0.6216785590403981,0.37832144095960185,2002.1493528419157
9068,0.4032312226199255,0.528486385475562,0.47151361452443796,2005.202816814344
9069,0.21150675046551318,0.37372489955002075,0.6262751004499792,2004.8088816264888
9070,0.35501851598053663,0.6027606092111675,0.3972393907888325,1998.8596072621676
9071,0.1129115162861945,0.3271803927408889,0.672819607259111,2004.2505097552523
9072,0.43345394140742977,0.6835678042887345,0.31643219571126546,1997.3094177962753
9073,0.3956534838953089,0.6718615521422628,0.32813844785773716,1998.741962742572
9074,0.27499898449759713,0.5695040192884759,0.43049598071152406,2001.7062741587579
9075,0.25147630855756514,0.4447049323912387,0.5552950676087614,2003.706452302027
9076,0.6068581274038728,0.7904289671910425,0.2095710328089575,1996.4521796236752
9077,0.18108162175441794,0.4275829987057934,0.5724170012942066,2002.9350918432467
9078,0.4778888583162636,0.7598126237766704,0.24018737622332964,1995.8366159034078
9079,0.22571408981028554,0.43863453426354,0.56136546573646,2001.904435431132
9080,0.5735068145564826,0.7559435292952194,0.24405647070478065,1996.4710605233495
9081,0.599538524697292,0.646213609769081,0.35378639023091896,2004.3693401359214
9082,0.3705666014411568,0.584904166688179,0.415095833311821,2001.976863758874
9083,0.3974420243585663,0.5600590406615282,0.43994095933847177,2002.9020500945564
9084,0.5326520227861323,0.7073327255957328,0.2926672744042672,1998.1087637713556
9086,0.2893403369849234,0.4681393144988162,0.5318606855011838,2002.066576800051
9087,0.46587093968855603,0.6974148396837586,0.3025851603162414,1999.5919001349662
9088,0.45774346831391516,0.7767910932281381,0.2232089067718619,1995.935364246784
9089,0.4298705164131119,0.5921712252718049,0.4078287747281951,2002.3983927951415
9090,0.3572533253820894,0.6781676416063241,0.32183235839367585,1996.5312138027423
9091,0.4544668726699251,0.6393425570828313,0.3606574429171687,2001.1078198139608
9092,0.4533090909751404,0.6304351182405279,0.3695648817594721,2000.8699931069561
9093,0.2547077774106441,0.6487641181439818,0.3512358818560182,1998.9461324421961
9094,0.7341105346880924,0.8832084372814418,0.11679156271855817,1993.6633150274758
9095,0.27401299938257884,0.4694253152401539,0.530574684759846,2002.6535343215828
9096,0.20299081844771966,0.3326764814762081,0.6673235185237919,2008.2019075387225
9097,0.37068984858998966,0.5922378976217975,0.40776210237820254,2000.4469259498264
9098,0.3345980543460288,0.5347895882709585,0.46521041172904154,2000.771079412687
9099,0.8464123750250485,0.8880872290628654,0.11191277093713459,1996.3297671048595
9100,0.7305481948995933,0.838748629299995,0.16125137070000495,1993.7070916993416
9101,0.8339648963339578,0.8873886604258626,0.11261133957413738,1996.343177173059
9102,0.5403397697734869,0.7950649832900112,0.20493501670998882,1995.8014126489486
9103,0.23333666151521992,0.4130230310186552,0.5869769689813449,2003.3279243322545
9104,0.1977094718703345,0.6259459470141224,0.37405405298587757,1998.882922156295
9105,0.36458317110619937,0.5938365003397619,0.4061634996602381,2000.849827406456
9106,0.5514681396743912,0.7026722481703298,0.2973277518296702,1995.4577616660586
9107,0.6451184665604572,0.7437402490446944,0.2562597509553056,2002.2853909209127
9108,0.46086029872948986,0.7108249953774491,0.28917500462255086,1995.6482674490737
9109,0.44015303101245995,0.6591737197911236,0.3408262802088764,2000.21090261197
9110,0.39560099575568886,0.708790858806783,0.29120914119321695,1998.1622277849906
9111,0.43456020143114515,0.7469536743509148,0.25304632564908525,1997.7738199451305
9112,0.49813333450540176,0.6392795295317294,0.3607204704682706,1997.5588591564806
9113,0.6646164621687636,0.7781328340623117,0.2218671659376883,1999.6184966647231
9114,0.3681781142823317,0.6300242134865353,0.36997578651346474,1998.2783165005894
9115,0.2258874990444682,0.5662504623452176,0.4337495376547824,2000.2676529635924
9116,0.5465107778427605,0.7052737801821372,0.29472621981786284,1998.154333712094
9117,0.02555149182448063,0.2512151275989642,0.7487848724010358,2009.253463568107
9118,0.41253636612992434,0.6809950342714708,0.3190049657285292,1999.7867378189396
9119,0.6930768684761851,0.7715769310418761,0.22842306895812392,1999.4956952798511
9120,0.4135259199703459,0.5926104786691134,0.4073895213308866,2000.6837493569674
9121,0.7855112946613372,0.8587687784928594,0.14123122150714063,1997.8395716859852
9122,0.4127993099372678,0.5776420368999591,0.4223579631000409,2001.0340004204331
9123,0.3219678317759497,0.47383332907704023,0.5261666709229598,2002.6653797820613
9124,0.497698916578476,0.6949179469376467,0.30508205306235325,1997.4953498472767
9125,0.4243435073198896,0.6748544234220345,0.3251455765779655,1999.1368580448634
9126,0.5042514126426937,0.6949382191316805,0.3050617808683195,1997.9214092411319
9127,0.48792076948844687,0.630318492142007,0.36968150785799303,2002.399063608873
9128,0.18037797286169874,0.3434317425321392,0.6565682574678608,2007.2959757028857
9129,0.6111800754890595,0.7341305461867281,0.26586945381327187,1999.5772466598496
9130,0.38738493523942447,0.638927577609896,0.36107242239010395,1998.8189819515387
9131,0.5457501790304047,0.7365364509604727,0.2634635490395273,1997.9677792684809
9132,0.5356217430094342,0.7712445950992723,0.22875540490072765,1997.0771550266738
9133,0.45492773026681166,0.6657412627572696,0.33425873724273036,1999.6884263170157
9134,0.4191288550701589,0.6455519127020051,0.35444808729799493,1999.5965565450738
9136,0.2681305526855186,0.45935637610747204,0.540643623892528,2004.4710042291733
9137,0.6498633425281438,0.7234674505543506,0.2765325494456494,2001.8972588934344
9138,0.5434791985256636,0.7166931341410815,0.2833068658589185,1996.8824566335531
9139,0.4912450732798874,0.7528104578485684,0.24718954215143163,1997.984434159317
9140,0.424087378718093,0.6369699631286299,0.36303003687137014,2000.7448425173902
9141,0.4893286665570599,0.6587116501909241,0.34128834980907585,2001.1120449917335
9142,0.4643829818556549,0.687536803945383,0.31246319605461703,1997.8709418600056
9143,0.7351204102483678,0.8340241395702875,0.16597586042971246,1997.567291716971
9144,0.5292636789223522,0.7305515362578202,0.2694484637421798,1997.7397761533452
9145,0.4647886844410222,0.6012823353493163,0.3987176646506837,2002.5214139844777
9146,0.5363789918569443,0.7002338634996165,0.29976613650038353,1998.3742469064819
9147,0.3866601136027425,0.5861155864213617,0.41388441357863825,2000.4605277540288
9148,0.37354240166851527,0.6302478553500935,0.36975214464990647,1999.4702483211383
9149,0.6569989397082576,0.8003224715201412,0.19967752847985876,1997.4577224379777
9150,0.43506988576783745,0.6425331712124674,0.35746682878753255,1998.0086858989443
9151,0.2741091056971871,0.3995691618526226,0.6004308381473774,2005.9256343397578
9152,0.4623291195426671,0.6814407760734045,0.3185592239265955,1998.0595875003469
9153,0.22114551394262397,0.4321635875079441,0.5678364124920559,2002.501840839362
9154,0.67940745270678,0.8326806173734493,0.16731938262655066,1996.1369551141906
9156,0.20687964414475954,0.5191482328804871,0.48085176711951294,1999.8971253494635
9157,0.47779364233176636,0.6442758990914954,0.3557241009085046,1998.1826431206603
9158,0.3907517386336385,0.7526156937330682,0.24738430626693175,1995.8454186609956
9159,0.5052321607078032,0.6724115969428363,0.32758840305716375,2001.2561248740476
9160,0.5453162483104462,0.7494592513423227,0.2505407486576773,1997.5226891554814
9161,0.2709272916069858,0.5215308493103019,0.4784691506896981,2001.2006238413323
9162,0.4495529727313366,0.6019124992711512,0.3980875007288488,1999.7685244422296
9163,0.4728308555828856,0.5956240863441352,0.4043759136558648,2002.2962831976674
9164,0.38873761367613147,0.6777254706443525,0.3222745293556475,1996.929761197161
9165,0.4460547150438537,0.5772234558432401,0.4227765441567599,2003.1595379084397
9166,0.4210274462490805,0.6028464379436821,0.3971535620563179,1999.9946336125258
9167,0.7506478388837269,0.827141925343427,0.172858074656573,1998.4496835114844
9168,0.5908977802925686,0.7052690156928544,0.2947309843071456,1996.1702718513022
9169,0.27534666108948463,0.4078861975231253,0.5921138024768746,2005.2278573361418
9170,0.6264153581157283,0.7879453689764143,0.21205463102358568,1996.9028116180828
9172,0.5606222824494075,0.7577349980862926,0.24226500191370737,1996.8147354308162
9173,0.24797591028817997,0.43349842063958816,0.5665015793604118,2001.4923321103531
9174,0.3867265307078158,0.5963185880158847,0.40368141198411533,2000.0104971798828
9175,0.5199013688214504,0.7232522786303159,0.27674772136968406,1999.5841376224316
9176,0.3764247872041526,0.593587387959188,0.406412612040812,1999.6086660663032
9177,0.3677431748327608,0.6637981377689387,0.3362018622310613,1999.5209660390024
9178,0.4678474328779094,0.6767100541180842,0.32328994588191584,1998.9814898717984
9179,0.26632068705608447,0.4804935932482834,0.5195064067517166,2001.8763850878365
9180,0.4166776598301884,0.6352590207665683,0.36474097923343174,1999.4042395024044
9181,0.421805339675649,0.5854105999261056,0.41458940007389444,2001.6998778279426
9182,0.11038586575885655,0.6744732413211564,0.3255267586788436,1998.4925016234051
9183,0.6073557065196078,0.71158833230243,0.28841166769757,2000.0014255073631
9184,0.39798853592284883,0.7112408630873134,0.2887591369126866,1997.5751463908816
9185,0.4523621834412768,0.6920330519298715,0.3079669480701285,1998.2072229544517
9186,0.41563798448176165,0.5620003061912057,0.43799969380879433,1999.9750685700467
9187,0.29175531160468615,0.6257094818493848,0.3742905181506152,1999.0469742846176
9188,0.4105382657488286,0.5834398681089836,0.41656013189101637,2001.0494848391206
9189,0.30388829969515313,0.5290158335214603,0.4709841664785397,2000.6811274043798
9190,0.5311788520777893,0.7839192550087789,0.2160807449912211,1995.13455756994
9191,0.488800068300278,0.6613581929839774,0.33864180701602264,2001.7399372786087
9192,0.3782897531425476,0.6307112467710753,0.36928875322892474,1998.944254119814
9194,0.5015571770119166,0.7027037447684786,0.29729625523152137,1997.1588946807728
9195,0.4018460079890289,0.5896247098509465,0.4103752901490535,2001.5847886188772
9196,0.3013522455420011,0.4679561354394657,0.5320438645605343,2004.442691658538
9197,0.5494613351819317,0.7083133691499279,0.29168663085007207,1999.8769355639727
9198,0.2555734793371026,0.7252933253338525,0.2747066746661475,1996.2305708270453
9199,0.5213443499439084,0.6825516023948899,0.3174483976051101,1999.9691180166276
9201,0.4823859570503115,0.7599228334638592,0.24007716653614075,1997.7427088437855
9202,0.524352221992981,0.6691941380816282,0.3308058619183718,2001.4812590140975
9203,0.8108573502750733,0.8757419838350988,0.12425801616490117,1996.862553045074
9204,0.13273645953372928,0.38407056112046806,0.615929438879532,2005.1217663613818
9205,0.742575889266872,0.8348033892074397,0.16519661079256032,1998.0556472282765
9206,0.2631004488019848,0.5475947886018815,0.4524052113981185,2000.2910203613092
9207,0.449800730997171,0.675257755323955,0.32474224467604496,2000.5196083986334
9208,0.45946524064171124,0.6963120478137779,0.30368795218622213,1997.6310023627
9209,0.3522681537324039,0.6326451158700485,0.36735488412995154,2001.3340527370012
9210,0.6722790450983552,0.7905789000223594,0.20942109997764058,1992.9837411790822
9211,0.6944064177722925,0.8630328910829991,0.13696710891700092,1994.4226706374084
9212,0.43805446440393697,0.658779947597973,0.341220052402027,1997.8962254044893
9213,0.4726962774349129,0.6133401401924311,0.3866598598075689,2002.2380019328136
9214,0.37491485597737606,0.6268648352529587,0.37313516474704134,1999.780026210491
9215,0.45313629235723724,0.598698076794489,0.40130192320551095,2001.6744863007937
9216,0.25858304144800465,0.46044442601261315,0.5395555739873868,2004.22604101078
9217,0.5483465831465942,0.6866654409860509,0.31333455901394913,1999.7680183512311
9218,0.45140027185545484,0.6196480445044045,0.38035195549559553,2000.1629087134536
9219,0.4684674873871651,0.7840206229421723,0.21597937705782766,1997.0315591492088
9220,0.6590448629614962,0.7849520761633968,0.2150479238366032,1994.6119704297093
9221,0.4503924784158196,0.6298732828773137,0.3701267171226863,2001.2292422719397
9222,0.397744239205814,0.6744838031743268,0.32551619682567323,1998.314621380311
9223,0.38687731313162566,0.6035729449764755,0.3964270550235245,2000.6347347039598
9224,0.3909775899460602,0.8068342323305344,0.19316576766946558,1994.9893571768582
9225,0.5409757645154754,0.6945204078184697,0.3054795921815303,2000.7764590002805
9226,0.2837689782985452,0.68095235484788,0.31904764515212003,1996.6148058112183
9227,0.3708520840027835,0.6560697993080682,0.3439302006919318,2000.10398399902
9228,0.4317358226984086,0.6273832811620044,0.37261671883799563,1998.4992028506263
9229,0.5453366539665732,0.6779481534533967,0.32205184654660335,2001.2727867710719
9230,0.45766207142198073,0.66069825516868,0.33930174483132003,1997.605068681494
9231,0.6537049574151061,0.8392453251392283,0.16075467486077166,1997.5564365679368
9232,0.1137179842766694,0.6529593622678322,0.34704063773216776,1998.6776422808541
9233,0.34170153895798505,0.5957048845401443,0.40429511545985575,1998.0088598228008
9234,0.4196118108344235,0.6629863296947311,0.33701367030526885,1997.5029118013663
9235,0.6963257725080446,0.8013328006378189,0.19866719936218113,1999.9919207195012
9236,0.5334227083924155,0.6680459945015589,0.3319540054984411,1999.973365572401
9237,0.4284374904447819,0.6228327580252573,0.3771672419747427,2002.1617407010426
9238,0.30725065479235325,0.6506763159439493,0.34932368405605074,1997.9894925922815
9239,0.6346965117172889,0.7463526110381953,0.2536473889618047,2000.1483204593058
9240,0.34748905189160006,0.628633820620646,0.371366179379354,1998.904981497348
9241,0.5844037635936602,0.7140262584648392,0.28597374153516075,2001.263778373053
9242,0.13497571061963845,0.4029193977737868,0.5970806022262132,2002.3669204747848
9243,0.3429022526951428,0.5107401835070244,0.48925981649297556,2002.6971028282328
9244,0.7005908789620501,0.8273180759189417,0.1726819240810583,1998.5812805609532
9245,0.3889155567683142,0.5630978894796818,0.43690211052031824,2004.3411035372533
9246,0.41068686702477236,0.634251462341908,0.365748537658092,1999.7041600425734
9248,0.2846095639787204,0.8048784718332609,0.1951215281667391,1995.8441244364496
9249,0.6919378966058902,0.7695568377914687,0.23044316220853134,2000.6971913333857
9250,0.12526842605836944,0.43462569033421605,0.565374309665784,2002.3952670542737
9251,0.3985560308905271,0.6177246062967453,0.3822753937032547,2001.5149823139186
9252,0.3438415611224845,0.5222928701364613,0.4777071298635387,2000.720184408772
9253,0.6092445214252622,0.7374609451885138,0.2625390548114862,1999.849620019321
9254,0.5053001829976769,0.6731414922609958,0.32685850773900416,2000.2222375680453
9255,0.14811703756794586,0.3566030449262985,0.6433969550737015,2004.8454120680276
9256,0.4636698345223681,0.5966239543317741,0.40337604566822594,2003.8379912645075
9257,0.4177059052966428,0.5498069637843973,0.4501930362156027,2002.529198853032
9258,0.4512112565611448,0.6475291685497027,0.35247083145029734,1998.820192277506
9259,0.35911476784060214,0.5754883111110448,0.4245116888889552,2000.523987643343
9261,0.3878636455508675,0.5526868334138046,0.44731316658619535,2002.6477498835447
9262,0.35773282234018083,0.6489236881205666,0.35107631187943344,1998.0296531491385
9263,0.07500627549537545,0.1624035510903062,0.8375964489096939,2006.9419967359472
9264,0.19451794027257285,0.6663080773370333,0.33369192266296666,1997.8051277297561
9265,0.3550378634941414,0.504801587600134,0.49519841239986595,2002.0738316209508
9266,0.6207683016832077,0.7452941559789716,0.25470584402102836,1996.8728128269486
9267,0.36317091973621185,0.5262167737728523,0.47378322622714775,2003.975446043666
9268,0.5049088463528194,0.727610139679255,0.27238986032074497,1997.935236294896
9269,0.4740606666586356,0.7342253837844783,0.2657746162155217,1999.507700278627
9270,0.6451131261871723,0.7667310113518429,0.23326898864815715,1994.8716074144927
9271,0.5324126051820663,0.659834476056313,0.34016552394368704,2001.0805630070718
9272,0.1266297842841633,0.41809679198399685,0.5819032080160031,2001.3404155294913
9273,0.40628486223271065,0.6977888792852828,0.30221112071471723,1998.1901993411689
9274,0.22126413550905646,0.6362832294936634,0.36371677050633655,1998.1696351063822
9275,0.6355759466917792,0.7204973954561166,0.2795026045438834,2002.3330258608544
9276,0.5332785339554674,0.6990986674520268,0.30090133254797324,2000.8618713337985
9277,0.4187229251813225,0.5871026763031704,0.41289732369682963,2002.4506666132118
9278,0.6959362935296111,0.8075661924074785,0.1924338075925215,1995.115379826402
9279,0.44975136434231267,0.601191108330614,0.39880889166938605,2001.3355286632643
9280,0.6022285642450779,0.7624130832305801,0.2375869167694199,1996.7088639484966
9281,0.5168778631629617,0.6471157524153062,0.35288424758469383,2001.9819039628487
9282,0.3212394394347604,0.5230259207829667,0.4769740792170333,2001.5441590560033
9283,0.38094979188352546,0.5481250487634938,0.45187495123650623,2003.2121476346026
9284,0.33652850729137185,0.6715064193787856,0.32849358062121436,1997.9166432513414
9285,0.22054835108802007,0.26404296955748796,0.735957030442512,2007.731418922834
9286,0.6138049825923424,0.8126686434076835,0.18733135659231648,1994.6547320461004
9287,0.2544782581687496,0.5590149451363932,0.44098505486360684,2000.6568463132066
9288,0.44383168453270283,0.6314323169758772,0.3685676830241228,1999.8585391620747
9289,0.6383989684484813,0.7765591135869816,0.2234408864130184,1999.3518586646246
9290,0.1682930803001029,0.30899166185559207,0.6910083381444079,2004.932630704957
9291,0.5447902992465874,0.819766715493937,0.18023328450606302,1995.568191528594
9292,0.5023482174962374,0.7264453614860457,0.27355463851395434,1997.4793023362056
9293,0.57950672077085,0.6592902796166911,0.34070972038330893,2002.4632856538187
9294,0.7570664946657474,0.8369379388062247,0.1630620611937753,1993.7808555362387
9295,0.39104881582772966,0.5749040365722,0.4250959634278,2001.9439454084304
9296,0.18901078093492807,0.5995481735962312,0.40045182640376875,1999.1494684578076
9297,0.6778414372404459,0.8682654836092817,0.13173451639071831,1994.8133119380695
9298,0.5307466922076673,0.6586581449974863,0.3413418550025137,1998.7694119830992
9299,0.42775507929874085,0.5956558340952609,0.4043441659047391,2002.3716618362507
9300,0.4738606791817041,0.7904218372362248,0.20957816276377517,1995.9379325283676
9301,0.18573569818927924,0.23036877977241924,0.7696312202275808,2007.3836040347876
9302,0.5879209809572709,0.8136164722127617,0.18638352778723832,1995.2183464983673
9303,0.4276093588698219,0.6411540994857315,0.35884590051426846,2000.21840709108
9305,0.40747028015756465,0.6234436500738872,0.37655634992611275,2000.3243487750024
9306,0.2676197540503611,0.5489892641030646,0.4510107358969354,2000.331266011235
9307,0.4095540579224438,0.6004888494995851,0.39951115050041486,2001.7224673024295
9308,0.39913279204116275,0.5222263162742956,0.4777736837257044,2002.400870663535
9309,0.3508004473223743,0.6235270150586634,0.37647298494133663,2001.1297185819024
9310,0.4148714665398761,0.6469554265873351,0.35304457341266493,1998.1543929962354
9311,0.7060431094247186,0.7957093290358547,0.20429067096414533,1998.808697436091
9312,0.43532268627363857,0.6966418681745387,0.30335813182546134,1997.728160868278
9313,0.32351180372613453,0.5388496883571875,0.4611503116428125,2001.896466551486
9314,0.41362047991519796,0.7125966815004433,0.2874033184995567,1997.616949044572
9315,0.8744434270234348,0.9057322514286874,0.09426774857131259,1996.3556612879195
9316,0.3995454721012158,0.7091339915450222,0.2908660084549778,1997.0966360130672
9317,0.7109950925140783,0.8132201720300285,0.1867798279699715,1996.5406860217695
9318,0.2597407353156584,0.7159518926949716,0.2840481073050284,1996.0386024706659
9319,0.6868871533275888,0.8102141534206921,0.18978584657930786,1999.2567565289228
9320,0.19994518256144453,0.5847151658540921,0.4152848341459079,1999.392236638362
9321,0.6139801087305045,0.7310758070074285,0.26892419299257153,2000.8736745426293
9322,0.19001376616507193,0.5688626977614724,0.43113730223852764,1999.1345608514532
9323,0.5151635100547768,0.7024672280000482,0.29753277199995176,1999.3442270438609
9324,0.49938698060862846,0.6575431323295022,0.34245686767049777,1999.7744054622412
9325,0.5484051898753093,0.7185807042478117,0.28141929575218827,1999.572074659368
9326,0.5610341044303309,0.7846105110256054,0.21538948897439458,1994.856836439703
9328,0.3864118304042877,0.7225804325897088,0.27741956741029117,1997.0673496076722
9329,0.38897480275071883,0.5658440901404208,0.4341559098595792,2001.9745969454245
9330,0.526277626721664,0.7463722156473332,0.25362778435266675,1998.5294516518377
9331,0.23788437585185143,0.35803736605359365,0.6419626339464064,2004.2919493349825
9332,0.3152203772528211,0.583136164413181,0.41686383558681905,1999.4123276474731
9333,0.43719877946134733,0.7308957890126176,0.26910421098738235,1996.51368488657
9334,0.32287596382487943,0.6418990833459163,0.3581009166540837,1998.8294557205184
9335,0.3917109080973924,0.6207478368114866,0.3792521631885134,2000.7894984961486
9336,0.12414910991011538,0.2760353836692637,0.7239646163307363,2005.8535207206585
9337,0.36396144230789707,0.46854861433294004,0.53145138566706,2005.0040099569433
9338,0.2131225373464609,0.5638390807634762,0.4361609192365238,1999.4833039160942
9339,0.24488829493831107,0.4459075211312451,0.5540924788687549,2002.8526240536623
9340,0.2850817082815673,0.6285224708260976,0.3714775291739024,1998.6224654264722
9341,0.7967206411163775,0.8654665036709774,0.13453349632902256,1996.8831450602916
9342,0.3318406892614651,0.621171793075805,0.37882820692419505,1998.909055543866
9343,0.41391602626809476,0.5393302646494709,0.46066973535052913,2003.9202837038501
9344,0.6252014324082363,0.865244638200148,0.13475536179985204,1994.4651222596412
9346,0.4458081551900627,0.6093475387770069,0.39065246122299313,2002.3040337249918
9347,0.5826205467915927,0.7276326276868852,0.2723673723131148,1999.2820619742158
9349,0.7156898891258339,0.7965394057589118,0.2034605942410882,1998.605048677374
9350,0.4181313518405453,0.655956386373773,0.34404361362622704,1997.01076506214
9351,0.41770933725546217,0.5567015134534787,0.44329848654652126,2003.335323716387
9352,0.5906417351245716,0.6938723702174485,0.3061276297825515,1995.4442330985023
9353,0.3168773519185118,0.44933581923373933,0.5506641807662607,2004.9645019876339
9354,0.3834639333882752,0.5761217561805574,0.4238782438194426,1999.5093786992254
9355,0.4457859954975314,0.6320087721252212,0.3679912278747788,2001.9336316418794
9356,0.3719969214316805,0.6454094676211724,0.35459053237882765,1997.8979382049736
9357,0.14417878316350718,0.1887072576282341,0.811292742371766,2008.4509231009115
9358,0.3561292578625473,0.6587134327153776,0.34128656728462237,1997.7306397203474
9359,0.37534459082540295,0.51691513406065,0.48308486593934996,2003.5295519951994
9360,0.5980814291659932,0.6789437890395139,0.3210562109604861,1995.7475554485952
9361,0.41908472443441996,0.6369016520415973,0.3630983479584027,2000.4268992545833
9362,0.35667661157709707,0.5740797686499785,0.42592023135002155,1998.8558296270162
9363,0.414498266519451,0.5816065577243501,0.4183934422756499,2000.7752328634306
9364,0.4379849087803198,0.5625397446558724,0.4374602553441276,2002.2018306034183
9365,0.5267673016515773,0.630135196577962,0.369864803422038,2003.4104538462718
9366,0.4574920186099586,0.6701778256964168,0.3298221743035832,1999.1931413212396
9367,0.3593636805507098,0.5227018644794165,0.47729813552058353,2002.676508536442
9368,0.3478314618036782,0.641553392255046,0.35844660774495396,1998.7311004280887
9369,0.41336050778062283,0.5438272788807916,0.45617272111920837,2004.449446086199
9370,0.43608299592390937,0.6965106185449894,0.3034893814550106,1997.917781265134
9371,0.3424066636918043,0.522993511842475,0.477006488157525,2003.2676473799925
9372,0.22894393690411138,0.6616202844286275,0.3383797155713725,1998.2496258653546
9373,0.43174042359584797,0.5791880376168919,0.42081196238310814,2002.56697796105
9374,0.5261133699637853,0.6803558429955032,0.3196441570044968,1999.8459184761246
9375,0.7559142278003567,0.8539387225766827,0.14606127742331732,1995.8875563833628
9376,0.45258140441218075,0.700348248419909,0.29965175158009105,1998.1283408451654
9377,0.17948103777636273,0.2774156288409424,0.7225843711590576,2005.445096257859
9378,0.6409265332724566,0.7360910222048731,0.2639089777951269,1997.778598512489
9379,0.4711467927612448,0.6799887408170197,0.32001125918298035,1999.8731183441605
9380,0.47635945507573046,0.6635030870073247,0.33649691299267526,1996.1376975112003
9381,0.2868828389328709,0.3862935201548701,0.6137064798451299,2004.9929858868252
9382,0.5997192082312711,0.7207380202121266,0.27926197978787337,1994.9457550889556
9383,0.6424175258904674,0.7911445096245019,0.2088554903754981,2000.083402674224
9384,0.3895594572686371,0.6530230088459842,0.3469769911540158,1998.7377818115951
9385,0.43056066761849887,0.6542143072023352,0.3457856927976648,2000.0482405809485
9386,0.5015156307675881,0.6795658181097529,0.3204341818902471,1997.3287759956804
9387,0.45482127211305784,0.7024161393024878,0.2975838606975122,2000.3831356369303
9388,0.3731768122845464,0.603495266566465,0.396504733433535,2000.550887765785
9389,0.47304478041638076,0.6700061405554089,0.32999385944459114,1999.6254825028934
9390,0.4224261981730621,0.7226948138670579,0.2773051861329421,1997.525475676527
9391,0.8155040894032127,0.8601906844315632,0.1398093155684368,1997.0176713118167
9392,0.4671709758225475,0.7690427852718548,0.23095721472814523,1996.705424363868
9393,0.4638056619708144,0.6389200749623931,0.3610799250376069,2002.036081154151
9394,0.5484550364238687,0.6568066368158977,0.3431933631841023,2002.3387493860473
9395,0.38684844314888195,0.5696765022159693,0.4303234977840307,2002.1635796481205
9396,0.5795512961375543,0.6912316787724851,0.30876832122751485,1996.1878452658623
9397,0.3638234122625803,0.459050829901685,0.540949170098315,2004.4360507830354
9398,0.4771610307459716,0.6783642403239539,0.3216357596760461,1998.0010190939308
9399,0.3233398916095125,0.5864497952845956,0.4135502047154044,2001.111890691248
9400,0.27731877869169447,0.4612354099002991,0.5387645900997009,2001.6363371819748
9401,0.42590106535291195,0.6226060847543141,0.3773939152456859,2001.609537718824
9402,0.3974749446663223,0.7036835730536407,0.2963164269463593,1995.6140801906188
9403,0.1593195334822752,0.3499230072019949,0.6500769927980051,2004.7577827291182
9404,0.250904863228552,0.4876452069950216,0.5123547930049783,2001.405311943002
9405,0.4333254450642698,0.58938784463547,0.41061215536453,2002.9290329606963
9406,0.282290314864858,0.48365013206308494,0.5163498679369151,2001.757752779963
9407,0.34567239650625725,0.630994507735203,0.36900549226479695,2000.7793616047527
9408,0.17316754151271496,0.559124016870517,0.44087598312948295,1999.1133775338396
9409,0.7494710178845011,0.8606857807916795,0.13931421920832054,1997.8503210723416
9410,0.49482066466199515,0.749562406194535,0.25043759380546504,1997.5936303025317
9411,0.4579079539389494,0.6218638872565935,0.3781361127434065,2002.102864182031
9412,0.41458697345430817,0.5771030250721008,0.42289697492789924,1999.9531147478724
9413,0.13438056579166996,0.3926736527001025,0.6073263472998975,2003.3250248457687
9414,0.4739660300730363,0.6816284943895937,0.3183715056104063,1998.7391333034986
9415,0.3627696173888538,0.6186740475247343,0.3813259524752657,2000.5559028904122
9416,0.5930360466025055,0.7932305157465215,0.20676948425347852,1995.8411283413138
9417,0.34199081863930997,0.4868573313655784,0.5131426686344216,2003.270499196006
9418,0.25439078502226475,0.5876301102502799,0.4123698897497201,1999.5318165779536
9419,0.6061637936800984,0.7312271314951571,0.26877286850484294,1999.871944167593
9420,0.7030198614830138,0.8498913370953705,0.15010866290462954,1992.0860846994835
9421,0.39852466061163494,0.6419729501431944,0.35802704985680556,1999.315538294042
9422,0.06604484559075079,0.3351037944708214,0.6648962055291786,2004.080153722082
9423,0.11624535631783488,0.2371563461038757,0.7628436538961243,2006.3036909505643
9424,0.28438868764474734,0.6560936703313806,0.34390632966861945,1998.3934726000823
9425,0.31648246680842523,0.5115332297964897,0.48846677020351026,2003.1083928567275
9426,0.5196946881664977,0.5933320352643738,0.40666796473562616,1997.1655390409946
9427,0.4143705549627904,0.5274190216458376,0.47258097835416235,2003.091587950998
9428,0.4091886541766032,0.6686250340631675,0.33137496593683247,1998.4604239888529
9429,0.39471717872397055,0.5818749943905339,0.4181250056094661,2001.6930981822095
9430,0.3819637569584271,0.6390638398673457,0.3609361601326543,1997.8163674961459
9431,0.6247632523242163,0.7270732938681006,0.2729267061318994,2001.0630510415601
9432,0.38672246979416014,0.6892724124605559,0.3107275875394441,1997.8272775983044
9433,0.4234285207872942,0.6976293029046722,0.3023706970953278,2000.3367346847378
9434,0.49332255099899414,0.7328857579112664,0.2671142420887336,1996.7183419062028
9435,0.5536962994545429,0.6674419759514645,0.3325580240485355,2002.638822712657
9436,0.48832814288376053,0.6838901478750363,0.3161098521249637,1996.9763366717048
9437,0.6526485864079056,0.7957166089497133,0.2042833910502867,1998.1789511988488
9439,0.5293116846290881,0.7195372989915213,0.2804627010084787,1999.1772292275912
9440,0.2510406919512006,0.3906188406277997,0.6093811593722003,2006.7270933050372
9441,0.38541575021915786,0.5127747707020135,0.4872252292979865,2003.2612480832815
9442,0.5599888331834562,0.7225946638569516,0.2774053361430484,1996.413586367557
9443,0.6907798421620975,0.8268862226888783,0.17311377731112165,1996.0579015837632
9444,0.4012367737479629,0.5770885980613515,0.4229114019386485,2002.55898430018
9445,0.6017215914077435,0.7250677678624232,0.2749322321375768,2001.2090426260588
9446,0.5158949645235451,0.7269676354814126,0.27303236451858737,1996.7039114949412
9447,0.46037123431731924,0.6965509282300516,0.3034490717699484,1999.4645284911342
9448,0.6186788610255073,0.7861284771020911,0.2138715228979089,1996.5817808876673
9449,0.4684402403799033,0.6344928249250975,0.3655071750749025,2002.2762606744
9450,0.3131443981887663,0.6404613410601787,0.3595386589398213,1996.8298954756758
9451,0.5304263225018154,0.6727132977177777,0.32728670228222234,1999.4712027571197
9452,0.37209993922659873,0.6521192266040259,0.3478807733959741,1997.439583851273
9453,0.3234913348384708,0.4809025248984943,0.5190974751015057,2003.418090964051
9454,0.38956969554100856,0.44943297006183475,0.5505670299381653,2000.6408394738296
9455,0.5473069354644811,0.7087987937796784,0.29120120622032164,2000.3078213161814
9456,0.24843728571254545,0.5054332983203597,0.49456670167964034,2001.4811072935008
9457,0.49245183479257765,0.6924046587600312,0.3075953412399688,1997.8964032940667
9459,0.3064710723900929,0.5617926759227345,0.4382073240772655,2000.90021082321
9460,0.1273000033907192,0.18307071799719316,0.8169292820028069,2012.0456850222495
9461,0.26670602872024124,0.4086485904574396,0.5913514095425604,2005.8904370471978
9462,0.22270960279523042,0.5463178023281903,0.45368219767180973,2000.1702687322618
9463,0.4927743664191727,0.6801147753772228,0.31988522462277724,2000.5491581341983
9464,0.71189012472197,0.7129424470081335,0.2870575529918665,1994.9220450770836
9465,0.44772842992438555,0.808946173026806,0.19105382697319395,1997.2306440476664
9466,0.43506394402310006,0.6859670075513028,0.3140329924486972,1997.7575439735763
9467,0.3714191825133618,0.7492446533044278,0.2507553466955722,1996.9369943158279
9468,0.21478422044205178,0.2790180743443258,0.7209819256556742,2010.2196297192706
9469,0.39515089384675295,0.551378331330735,0.448621668669265,2002.2136445916374
9470,0.34483787269447824,0.4818434551170642,0.5181565448829357,2000.897564268853
9471,0.16885580347147977,0.29956139480936106,0.7004386051906389,2006.0843721938284
9472,0.5365111099206803,0.710350515630638,0.289649484369362,1995.8627074208543
9473,0.36300974441334977,0.5366838215415686,0.4633161784584314,2003.9182840273763
9474,0.34018395807327706,0.584280713991513,0.41571928600848695,2000.1070810569565
9475,0.3970306402110746,0.6198090557778779,0.3801909442221221,1999.844396241451
9476,0.48829336874170115,0.7132073212007602,0.28679267879923975,1994.9948633056085
9477,0.5436959734738268,0.6633928314865876,0.33660716851341244,2001.6082496424233
9478,0.5667531025517769,0.7132607994078126,0.2867392005921874,1997.8229774173496
9479,0.4220662962987575,0.7007227379757799,0.2992772620242201,1998.9087986685504
9480,0.2973744644339263,0.42191285414657126,0.5780871458534287,2002.5530353758559
9481,0.4041417663602634,0.5489266143611179,0.4510733856388821,2002.8206520390665
9482,0.3607182700173127,0.5813277508477258,0.4186722491522742,2000.285126426553
9483,0.7123720947765664,0.7942521706715364,0.20574782932846358,1998.89838064766
9484,0.2658548332940498,0.5798319226417358,0.4201680773582642,1999.8346306931835
9485,0.3446622068656008,0.5933454493050373,0.4066545506949627,2001.0663433568475
9486,0.36572132613544556,0.611987805003927,0.388012194996073,1998.315800480619
9487,0.3665730551174639,0.5297452873984713,0.47025471260152873,2001.525371349216
9488,0.32924507309536405,0.587236511015386,0.412763488984614,1999.1930279739543
9489,0.529727789029737,0.6612026862067527,0.3387973137932473,2002.0789258390423
9491,0.4342040771447344,0.6176240156743557,0.38237598432564435,2001.5847515343496
9492,0.19666873450127628,0.4672672843051353,0.5327327156948647,2000.3052770121571
9493,0.31536515969822815,0.5414818324974486,0.45851816750255137,2001.9755471463811
9494,0.7711431832029534,0.7872319872428598,0.2127680127571402,1992.531519806162
9495,0.4281724546937433,0.5755237922951596,0.4244762077048404,2002.2090808764553
9496,0.37643223079621424,0.6581355789092153,0.34186442109078474,1998.9450469078527
9497,0.6283538439250366,0.7570731675140371,0.24292683248596292,1999.0577534899037
9498,0.49445729116629616,0.6497210958067555,0.3502789041932445,1998.6513178424993
9499,0.36578751544074967,0.5990683460910718,0.40093165390892815,2001.7973802955719
9500,0.23521926409080884,0.34182649489076644,0.6581735051092336,2003.371321844056
9501,0.24970396084979074,0.3849135876750564,0.6150864123249435,2004.3784105583002
9502,0.49605794028080835,0.6856338321125999,0.3143661678874001,1999.5545196763612
9503,0.31347935314768766,0.5033707833284738,0.49662921667152615,2002.6665100663126
9504,0.2147921344258124,0.4372668367504822,0.5627331632495178,2001.986753736905
9505,0.6363570385159707,0.7762987782273874,0.22370122177261265,1998.3983221464446
9506,0.32542482691659913,0.6202973577053985,0.3797026422946015,1999.0268340214539
9507,0.44333475917337206,0.5799410128853276,0.4200589871146724,2001.0489155844468
9508,0.3797002013572973,0.4854749297735352,0.5145250702264648,2004.2646103240093
9509,0.5682736981292947,0.7285743188074886,0.2714256811925114,1997.3959576190925
9510,0.4136844339849917,0.6796694216179727,0.3203305783820273,1998.1064229520555
9511,0.6090596123847974,0.7508935461584193,0.2491064538415807,1999.8606735820124
9512,0.27815338411558255,0.422685269122732,0.5773147308772679,2002.01331401305
9513,0.36782492316620197,0.5332834455268483,0.46671655447315175,2002.5292617129423
9514,0.37667644244873766,0.7306340211330296,0.26936597886697045,1997.4528919500192
9515,0.5690079349940258,0.7242856469612124,0.27571435303878755,2000.0642300507745
9516,0.3728914088103424,0.5134004865593019,0.4865995134406981,1999.4603828274876
9517,0.46576257782752595,0.6675674852074744,0.33243251479252556,1998.8960096011992
9518,0.6803684616329442,0.8147834676349734,0.18521653236502655,1992.7596911139367
9519,0.650292907635965,0.7871931598105543,0.21280684018944573,1998.9686304399568
9520,0.3014043097714722,0.407545940934819,0.592454059065181,2007.3335480202759
9521,0.6297412888586241,0.8029844545778358,0.19701554542216415,1998.9278750172743
9522,0.4953735355859787,0.6741168122048243,0.32588318779517567,1998.395320339187
9523,0.41180046978865553,0.6512652743506694,0.3487347256493306,1999.9676045575886
9524,0.46449636099011843,0.6972101173753026,0.3027898826246974,1999.3472294215373
9525,0.3209215129340059,0.5583186435929234,0.4416813564070766,2001.4978486267705
9526,0.37592875375438173,0.7234913104178614,0.2765086895821386,1996.3889739568758
9527,0.4219479834477958,0.5750352087785409,0.42496479122145914,2001.5483869515501
9528,0.33236714170095794,0.5367577738118782,0.46324222618812183,1999.8490307226095
9529,0.3385131074036541,0.6153707477581986,0.38462925224180144,2000.5710452756387
9530,0.260370544142167,0.4062337356007989,0.5937662643992011,2002.5011256845223
9531,0.4492216741084809,0.6846870092618386,0.31531299073816144,1999.698872708777
9532,0.2398559058635668,0.6225531131004998,0.37744688689950023,1998.4455443551615
9533,0.5781280835959725,0.7206404257190833,0.27935957428091673,1999.8542662867346
9534,0.27055743077758876,0.6107567485728026,0.3892432514271974,1997.8913281140462
9535,0.5638211596729769,0.7673473855270732,0.23265261447292684,1997.352215951029
9536,0.5865305463107209,0.7160759175147187,0.28392408248528134,1996.7836071657368
9537,0.2694531878138874,0.4952556397767394,0.5047443602232606,2001.7036114796783
9538,0.17332998628419327,0.5084514034131137,0.4915485965868863,2001.0652976955641
9539,0.3903631350871454,0.4831193658594804,0.5168806341405197,2004.9296746420503
9540,0.4620575915108975,0.6449429194753059,0.3550570805246941,1999.7780998969495
9541,0.49586222042489286,0.6867259301039647,0.31327406989603535,1998.5023623601016
9542,0.32230823622804783,0.5678452483906327,0.43215475160936734,2000.480600781369
9543,0.4764116207250446,0.6941408276004409,0.30585917239955906,2001.4231113311557
9544,0.26619516155156636,0.6000615685440357,0.3999384314559643,2000.07594741104
9545,0.2740241097738735,0.461194563185146,0.538805436814854,2002.666530656579
9546,0.61545724396477,0.7270616225790594,0.2729383774209406,1995.7719250745938
9547,0.4937919619452497,0.5948870373528233,0.40511296264717667,2002.1341251167455
9548,0.23892551516068827,0.5871973784379447,0.41280262156205527,1999.5840886835247
9549,0.3691579242757145,0.4982845804741653,0.5017154195258346,2003.7580373136336
9550,0.3892518364915841,0.6627983609450486,0.3372016390549514,1998.3137381703255
9551,0.6680415159948007,0.7921148915665754,0.20788510843342456,1999.9016759743245
9552,0.3449377852025669,0.6214392932287425,0.3785607067712575,1999.5926343340868
9553,0.3431352396367421,0.4906014515875578,0.5093985484124421,2002.8179758908605
9554,0.23823408159736023,0.6855819911762271,0.3144180088237729,1997.7688407631008
9555,0.8811651109580996,0.9207516056574623,0.07924839434253772,1995.0542984547146
9556,0.7307818054924518,0.7319795028408426,0.26802049715915743,1995.3228060210856
9557,0.49245141454082025,0.6339722885332685,0.3660277114667315,2001.21034587542
9558,0.34858020589805244,0.5767685813143184,0.4232314186856816,2001.6492059659831
9559,0.6065555468350982,0.7257545508263376,0.27424544917366245,1999.5698503421513
9560,0.47452955919361967,0.631276993847616,0.36872300615238396,1998.245754911993
9561,0.32593471056502515,0.4411095062802981,0.5588904937197019,2004.4434257357218
9562,0.3799034544558756,0.6338333422027972,0.3661666577972028,1999.0352832505503
9563,0.3562838222772186,0.5607936634342667,0.43920633656573327,2001.7907907090794
9564,0.4041171877951417,0.6676562440971654,0.3323437559028346,1998.3528694316367
9565,0.4824184680221605,0.6300727519688153,0.3699272480311847,2001.0257419221282
9566,0.38727033798739074,0.6519570378899882,0.34804296211001184,1999.1888533134638
9567,0.365347409178546,0.5236564204232568,0.4763435795767432,2001.9248184846874
9568,0.2773795471875796,0.6081895779380699,0.39181042206193006,1999.623367360037
9569,0.5624086184372122,0.711843710232734,0.28815628976726604,2000.696391318743
9570,0.7095784240089578,0.7523773578266503,0.24762264217334973,1996.3086283837788
9571,0.42469191244044247,0.6348137875102406,0.36518621248975935,2001.1268424934383
9572,0.5526476646691647,0.6910234039865836,0.3089765960134164,1995.7011397632357
9573,0.44385224045291566,0.6215098880736094,0.3784901119263906,2000.376430938692
9574,0.8117308023825913,0.8124294016879702,0.18757059831202982,1991.3939387512505
9575,0.4783733019941599,0.6618455230884709,0.3381544769115291,1998.7879942837762
9576,0.5162563515681495,0.6857881869470832,0.3142118130529168,1997.4505023546683
9577,0.38538443292239943,0.63816206877066,0.36183793122934005,1999.583350544741
9578,0.829839354117166,0.8881296945218273,0.11187030547817267,1991.5247766498092
9579,0.38077879981528073,0.5237218946875247,0.4762781053124753,2003.0045426913766
9580,0.3519921833671385,0.7140843172699297,0.2859156827300703,1997.6789455511437
9581,0.261703437962242,0.5254820138479028,0.47451798615209717,2001.529363537816
9582,0.5472647778538045,0.6731371844085959,0.32686281559140407,1998.447348050091
9583,0.3196552544795509,0.5358757794019579,0.46412422059804215,2001.855654988186
9584,0.5548668969721602,0.663152522499165,0.336847477500835,2000.5491972218545
9585,0.5180599173815921,0.691418977500673,0.30858102249932695,1998.9440148923939
9586,0.5345408929924438,0.5350961096387685,0.4649038903612315,1997.9848563484709
9587,0.4425862873106652,0.6053577666194726,0.3946422333805274,2002.8185564037801
9588,0.3165873841176453,0.4580612968805791,0.5419387031194209,2003.9162585896574
9589,0.6760026676867973,0.8606379089127145,0.13936209108728548,1996.4289299945885
9591,0.5278548574014138,0.7978553233069894,0.20214467669301062,1996.4098428300608
9592,0.1285362070107342,0.4278534074314366,0.5721465925685634,2002.140986868994
9593,0.44187139182882773,0.6098998071863605,0.3901001928136395,1999.9740606390808
9594,0.5957554845928882,0.7153743897486539,0.28462561025134614,1996.0782861697337
9595,0.6976977041003292,0.7905445615931513,0.20945543840684866,1999.9090678866312
9596,0.26119194192460266,0.6618577473184625,0.3381422526815375,1998.1383320495602
9597,0.2529850943661521,0.39007460473689265,0.6099253952631074,2007.5208499447003
9598,0.29134239027667846,0.6618287730973356,0.33817122690266443,1997.967671330875
9599,0.560257514116765,0.691606662194498,0.30839333780550204,2001.3243366690135
9600,0.37460091284328023,0.49669103209188703,0.503308967908113,2004.2755441046204
9601,0.5166189886315364,0.7166813711074078,0.2833186288925922,1999.1397899458964
9602,0.4068388208081203,0.6688731048817189,0.3311268951182811,1997.9041190429928
9603,0.5379993894077054,0.6738412069678132,0.32615879303218676,2001.6069098994328
9604,0.30276068056458905,0.6269575152220827,0.37304248477791735,1998.9668476534175
9605,0.3566645129951283,0.4761515124770344,0.5238484875229656,2003.8505909509397
9606,0.33950069620446316,0.6928107651189614,0.30718923488103855,1998.8973310280123
9607,0.5529308841042683,0.6480531507920404,0.3519468492079596,2002.4038535760021
9608,0.3147896587001838,0.5971523734067675,0.4028476265932325,1998.5531409180046
9609,0.36549702863166156,0.6289218401301556,0.3710781598698444,2000.4219111148145
9610,0.6488268793728045,0.6543986759885106,0.34560132401148935,1994.9148849944775
9611,0.45032508107902364,0.6639236687311296,0.3360763312688704,2000.8180040465347
9612,0.5321737037882304,0.6201684441584887,0.3798315558415113,1997.8102584901321
9613,0.4562260470045065,0.7169252076784387,0.2830747923215613,1998.8846825562061
9614,0.638383716527095,0.6454544540619879,0.35454554593801213,1995.3820781363486
9615,0.6589921742855622,0.7752731527142271,0.22472684728577286,1998.1650214060944
9616,0.6064581900556787,0.6232674589557611,0.3767325410442389,1997.5937193749528
9617,0.280885507170269,0.40865589837906535,0.5913441016209346,2004.4573609226074
9618,0.3864259451132852,0.7085626392569296,0.29143736074307036,1997.7731171967923
9619,0.1910654620751185,0.3328613968838046,0.6671386031161954,2004.7799423712029
9620,0.39568236606271995,0.6618407261498361,0.33815927385016387,1998.6130972261737
9621,0.529706759747208,0.6304490593169617,0.3695509406830383,2001.699476629923
9622,0.30598470016907997,0.4758719378090795,0.5241280621909206,2002.5236303481622
9623,0.6559444608051141,0.7931541515412439,0.2068458484587561,1997.5700175511754
9624,0.3362199410138303,0.6124298171997706,0.38757018280022937,1998.499094373585
9625,0.4913852803017029,0.6137301527704772,0.38626984722952284,2002.6519653632067
9626,0.4164114036351738,0.7570152748827359,0.2429847251172641,1996.2085663678163
9627,0.5673753692685424,0.6969618716495598,0.3030381283504402,2000.209780134616
9628,0.34239389920864755,0.643586605511776,0.35641339448822396,1999.9695616288707
9629,0.13712680333624272,0.2332144388209859,0.7667855611790141,2005.5794208330476
9630,0.12628685699859438,0.35284930015163407,0.6471506998483659,2004.7862492347606
9631,0.49657389274732133,0.6064531337413047,0.3935468662586953,2003.0347863325367
9632,0.30081411383871004,0.5391284956996975,0.46087150430030255,2001.1327834498927
9633,0.5322497194119192,0.7257764467660272,0.27422355323397285,1999.8434972491218
9634,0.4770742427654304,0.6002138186545889,0.3997861813454111,1997.7977085478406
9635,0.2415157077053794,0.48025278977488933,0.5197472102251106,2001.9984254239012
9636,0.36273079959182886,0.7406970195806619,0.2593029804193381,1996.1661508439083
9637,0.49210395605096513,0.6768529953140539,0.32314700468594615,2001.3709640596353
9638,0.31605666366408774,0.3768391526938571,0.623160847306143,2003.209583978241
9639,0.23834559331382946,0.28163151710314477,0.7183684828968553,2007.8997732924227
9640,0.2669424405333413,0.6849938917551771,0.3150061082448229,1997.2318799518853
9641,0.5374987477104366,0.6630825981842274,0.33691740181577257,2002.2277884379776
9642,0.7077096361324904,0.8011989331363386,0.1988010668636614,1995.773709059492
9643,0.473742939983777,0.6518271351033633,0.3481728648966367,2000.585308380575
9644,0.5695536397669883,0.6862076033036678,0.3137923966963322,1995.7795660640659
9645,0.440860008701324,0.5896415862780076,0.41035841372199244,2001.3486139227648
9646,0.33337694947220714,0.7014620681218916,0.2985379318781084,1997.606225406456
9647,0.5009004553358765,0.720613694615478,0.279386305384522,1998.8305072519408
9648,0.1657836389401589,0.3270029835469789,0.6729970164530211,2003.298289122727
9649,0.5366646135108176,0.698373612785328,0.30162638721467205,2000.3311070573263
9650,0.3013306175773193,0.5715119409782023,0.42848805902179765,1999.268277763495
9651,0.3631315022328394,0.5364294040231337,0.46357059597686634,2002.4910911013646
9652,0.47877574306713055,0.6401194724419138,0.3598805275580862,1997.9307455956468
9653,0.49798208336201916,0.6977041960565872,0.3022958039434128,1998.2384494149399
9654,0.4139689333094037,0.5794120703083742,0.42058792969162584,1999.4346525902283
9655,0.29127872263044463,0.3729591696397736,0.6270408303602264,2005.2778773274015
9656,0.2946233248643862,0.3787441196367062,0.6212558803632938,2006.1408799581438
9657,0.32559376324288786,0.4923573012239991,0.5076426987760009,2002.4823981643099
9658,0.4646829371760024,0.6207004397277817,0.37929956027221834,1999.246656474216
9659,0.46210085783634836,0.7447785547068153,0.2552214452931847,1997.606882016305
9660,0.5465646727639526,0.6828216473173087,0.31717835268269134,1996.795816318525
9661,0.35034184717371725,0.5263067963037292,0.47369320369627077,2002.2682954586055
9662,0.17700017998671821,0.4025824990845503,0.5974175009154497,2003.3309697908987
9663,0.1784854961485237,0.3769950723062856,0.6230049276937144,2003.7620181586988
9664,0.1493262562795639,0.465636452300619,0.534363547699381,2002.360423963197
9665,0.6029275237180141,0.745935885467779,0.254064114532221,2000.4239178490195
9666,0.3802018975509467,0.619968571702308,0.380031428297692,1999.4867871136687
9667,0.2060767844761136,0.405719871102178,0.594280128897822,2003.7565907078088
9668,0.5815853954891228,0.6446848623567486,0.3553151376432514,1996.531896088853
9669,0.4229322436074875,0.5269484742931475,0.4730515257068525,2002.6961555407518
9670,0.32524006097112423,0.39885020503336815,0.6011497949666318,2005.8380277913288
9671,0.5757946584177388,0.6981231799818371,0.30187682001816285,2000.6060797289765
9672,0.467841195091652,0.6613737683600742,0.3386262316399258,1997.876133650813
9673,0.763627680146576,0.8351557582148883,0.1648442417851117,2000.0059042789403
9674,0.7450371712789856,0.827189321130988,0.17281067886901202,1995.2044957463352
9675,0.5439285616499075,0.6690139334881818,0.33098606651181817,2001.5095462644904
9676,0.656053521214938,0.6971257217752507,0.3028742782247493,1996.7503673842584
9677,0.3566451243323033,0.505126314467677,0.494873685532323,2002.5716696301604
9678,0.4457068127017859,0.616707039333628,0.383292960666372,1997.3872359159684
9679,0.4678360109442156,0.6208454489760552,0.3791545510239448,2000.776306196333
9681,0.31065834433193457,0.3814954365673168,0.6185045634326831,2004.9885905490019
9682,0.40232530574336395,0.8057742142898895,0.1942257857101105,1994.6416123466258
9683,0.35570079179985176,0.5378668947522276,0.4621331052477724,2002.1624356003892
9684,0.5560161722336929,0.7538090258225404,0.2461909741774596,1997.381303414649
9685,0.44891637521925815,0.6049378974894272,0.39506210251057283,2002.368031355143
9686,0.4042841432843326,0.5757442541051736,0.4242557458948264,1999.3099265729913
9687,0.37857517079300446,0.5865710769304182,0.4134289230695818,2000.9689285059967
9688,0.248883589178236,0.4995387751813873,0.5004612248186127,2000.8066987571706
9689,0.47466391118070217,0.6816019963269079,0.3183980036730921,1998.8341802681284
9690,0.34119322114338824,0.6265063576499437,0.37349364235005633,1998.5731118609283
9691,0.5749023549689909,0.6760818960023941,0.3239181039976059,2002.4817638574275
9692,0.3702653638019955,0.5133552098535322,0.4866447901464678,2003.1780007107911
9693,0.3305834651172584,0.4401757513016744,0.5598242486983256,2004.7479471619697
9694,0.7844504457735236,0.7968344632897535,0.2031655367102465,1994.8176469525117
9695,0.4489317388984612,0.5461904388225292,0.45380956117747084,2003.425206992184
9696,0.4242754694662132,0.6579159713567521,0.34208402864324794,1998.1195421164489
9697,0.49752150071760465,0.8669452992044334,0.13305470079556658,1994.6094781398008
9698,0.08254176663948808,0.2724677770171926,0.7275322229828074,2006.3268163353903
9699,0.5495615803221857,0.7591051900851394,0.24089480991486056,1998.2514241393092
9700,0.4012309648314613,0.7902190339654392,0.20978096603456076,1996.0607951927545
9701,0.44855623040347636,0.6147983158836154,0.38520168411638456,2002.0271949881935
9702,0.7302708662738066,0.7840580854113067,0.21594191458869327,1996.6975565382593
9703,0.4725271276464212,0.6346191742064997,0.3653808257935003,2001.1104916422407
9704,0.2678042197530605,0.5997521129829194,0.4002478870170806,1999.8358795512802
9705,0.4426525462353957,0.6660982427276444,0.3339017572723556,2000.1799670580995
9706,0.11533807973778899,0.2282653351452138,0.7717346648547863,2010.3485355717007
9707,0.3059681240200402,0.4845008177379493,0.5154991822620507,2002.9435677385588
9708,0.09167515062420686,0.14973802230675717,0.8502619776932429,2012.2630375522913
9709,0.6485597168246539,0.7774667423061131,0.22253325769388688,1998.5571625142845
9710,0.4738475443492795,0.7006156313317861,0.29938436866821394,1997.7831940718027
9711,0.6639481888080401,0.7536579581427162,0.2463420418572838,1998.3916220177964
9712,0.7803551373745949,0.7828932402635901,0.21710675973640992,1995.92568744832
9713,0.5466642871278731,0.7296686374431031,0.27033136255689694,1997.5686167877143
9714,0.6462266081309489,0.7815234114925732,0.2184765885074268,1997.579359469973
9715,0.49295734953540415,0.6490741571019402,0.35092584289805984,2001.176520545883
9716,0.4414835681158023,0.7397952696690009,0.2602047303309991,1996.974463236956
9717,0.6842448575147956,0.7700795542002085,0.22992044579979154,1999.7544365705867
9718,0.2977863907119729,0.45344798140163883,0.5465520185983612,2003.0963550827746
9719,0.7155503448781816,0.8127711445102364,0.18722885548976365,1998.8315742738962
9720,0.4586952872919682,0.6288348730926137,0.37116512690738634,2000.232446694426
9721,0.5520321007184246,0.833876908205469,0.166123091794531,1994.5647375939866
9722,0.4198867135525565,0.7098544003041247,0.2901455996958753,1996.8689325159162
9723,0.11827672008745141,0.26163592302844385,0.7383640769715561,2006.9006332678102
9724,0.4004668642699814,0.6755463174029681,0.3244536825970319,1998.101436031225
9725,0.344476736928429,0.503023973578858,0.496976026421142,2002.74784266058
9726,0.19540999801908787,0.6553854143915806,0.3446145856084194,1998.104730800174
9727,0.2667118056950741,0.49336246379931886,0.5066375362006812,2002.3268504612452
9728,0.5079558746420361,0.6799174246090967,0.32008257539090335,1998.165478660741
9729,0.3592461966626368,0.5377962900122961,0.4622037099877039,2001.1995552882727
9730,0.8764049697316035,0.8776585323944414,0.12234146760555864,1995.0723130311335
9731,0.3975945309037404,0.5594965805362724,0.4405034194637276,2002.6443747606306
9732,0.3845441099090795,0.5326845479690762,0.46731545203092384,2000.2629514026437
9733,0.3783096268791423,0.5648615871916935,0.43513841280830645,2000.9194330571383
9734,0.4903875663424042,0.7558430588599665,0.2441569411400335,1995.0910907222044
9735,0.34090647210768776,0.5473933071492036,0.45260669285079635,2001.3049327537449
9736,0.4906277597746437,0.6837994517356125,0.3162005482643875,1998.1565497323643
9737,0.5208611640064832,0.5942406574092929,0.4057593425907071,2005.4325163481083
9738,0.45280389832532386,0.8450539048494199,0.1549460951505801,1994.0660216582296
9739,0.31651423115939503,0.49564883600255694,0.5043511639974431,2003.1614327096365
9740,0.4565323347955351,0.779629811136159,0.22037018886384097,1994.9886070518555
9741,0.5701435644300662,0.764408575680707,0.23559142431929303,1997.5344765898978
9742,0.7856474198603705,0.7913727953137348,0.20862720468626517,1997.2340504705855
9743,0.5166891112913333,0.7432180668265559,0.2567819331734441,1999.9088969109498
9745,0.4445252061326653,0.6367867991427457,0.3632132008572543,1999.4345913172874
9746,0.3095308315345151,0.6054228984644708,0.39457710153552916,1998.7675767538524
9747,0.43812328305564924,0.5646032231015568,0.43539677689844325,2002.6431382809205
9748,0.6722901261510771,0.7382475336348372,0.2617524663651628,1997.1136671799939
9749,0.41320745800773945,0.5333039354412931,0.46669606455870694,2002.8980023950794
9750,0.6398508837660029,0.644371784092004,0.355628215907996,1998.8063520596775
9751,0.4721271500769284,0.6753942053457228,0.3246057946542772,1998.900233638837
9752,0.5355700886824746,0.6599114546658488,0.3400885453341512,1998.6208338604704
9753,0.7060051538773157,0.7908171299399148,0.20918287006008518,1998.4826101974122
9754,0.25987343403836494,0.5688414745067047,0.43115852549329525,1999.8722464474565
9755,0.5885657676266343,0.6647489112240647,0.33525108877593535,2002.2482078151215
9756,0.817889678471338,0.8335565351749418,0.16644346482505823,1990.2783410311292
9757,0.5450843693443834,0.6875017776846261,0.31249822231537394,2000.842694635796
9758,0.28324999731646316,0.34290843674708493,0.6570915632529151,2007.7205407186211
9759,0.3356734160778492,0.5118036861681999,0.48819631383180007,2002.1420766287208
9760,0.8049851327796576,0.8284449912847329,0.17155500871526708,1993.751077760605
9761,0.43145986991836155,0.6494718663168594,0.3505281336831406,2000.357781666477
9762,0.2874047310835386,0.36258379037172456,0.6374162096282754,2006.261469848492
9763,0.42239868741293474,0.586509872895788,0.41349012710421196,2001.9758536737793
9764,0.40015076895924356,0.7057386083067501,0.29426139169324994,1997.487332385837
9765,0.24253426260336577,0.3165974507100627,0.6834025492899374,2007.0092717105508
9766,0.42405869878940833,0.743268784327413,0.25673121567258705,1994.8236273758419
9767,0.2937286218923745,0.4138265982169802,0.5861734017830198,2005.040874204022
9768,0.7312333597347205,0.8213907254883349,0.17860927451166508,1994.3243794529544
9769,0.37949118951425503,0.47904222972327726,0.5209577702767227,2004.8633134302854
9770,0.11553242702691528,0.5913943311489643,0.40860566885103566,1999.5515904391393
9771,0.6136636917037361,0.7514936391862135,0.24850636081378652,2000.2547452074082
9772,0.5840744031457411,0.7043551987030479,0.29564480129695214,1998.1572736166856
9773,0.370296165710527,0.5840250151725679,0.4159749848274321,2002.3196555278378
9774,0.3618647970537731,0.4898979687826877,0.5101020312173123,2000.6424764209453
9775,0.6812286384484331,0.7477698603210767,0.25223013967892327,2001.4409343354632
9776,0.2958670051595886,0.5248102048517319,0.4751897951482681,2000.7309349439654
9777,0.6432261364282941,0.7755511523255662,0.22444884767443385,1997.4445975520791
9778,0.7369808557870552,0.816111401404639,0.183888598595361,1994.6883230042586
9779,0.4855066207591088,0.622087881686259,0.37791211831374105,2003.24292244145
9780,0.8326504338182001,0.8396703736810396,0.16032962631896042,1993.748037881684
9781,0.4705557983168287,0.5947342313489703,0.4052657686510297,2002.8691766137142
9783,0.6921992746828388,0.8312070217885698,0.16879297821143024,1998.5125112191201
9784,0.5173038679827516,0.6561956701505,0.34380432984950005,1998.4454455023863
9785,0.30312208468772617,0.45075954970397886,0.5492404502960211,2004.5360866294222
9786,0.504426458686638,0.7862314541857108,0.21376854581428917,1994.8284217658172
9787,0.36593689884933284,0.6409148626467218,0.3590851373532782,2000.0544408094026
9788,0.6876356686467378,0.6918021443633813,0.3081978556366187,1998.9238672591648
9789,0.5905886688529162,0.7668513915908718,0.2331486084091282,1998.6946271180623
9790,0.6306295905165827,0.6374379017497869,0.3625620982502131,1998.1303173794577
9791,0.3401458039251582,0.5247090626710654,0.47529093732893457,2002.023610737461
9792,0.5236849889233557,0.8358537611751838,0.16414623882481616,1994.9745125969898
9793,0.34158620309585036,0.5538861396374782,0.44611386036252176,2001.6132337825302
9794,0.17498442298946373,0.5109409716448321,0.4890590283551679,2000.6596415309327
9795,0.45343967446898453,0.5769050082770326,0.4230949917229674,2003.2297150888005
9796,0.7408730147675388,0.7913088535587233,0.20869114644127673,1995.5372731736882
9797,0.36270759996028173,0.5840286163632811,0.4159713836367189,2002.462338967549
9798,0.24989671620580214,0.6555138711804466,0.3444861288195534,1997.4889687467778
9799,0.40947555071927,0.5286413351644209,0.4713586648355791,2001.4228025011769
9800,0.5071575803608626,0.7859103313679534,0.2140896686320466,1995.8267328090415
9801,0.4537175005667467,0.629952247275718,0.37004775272428203,2001.835505700305
9802,0.30110679600813556,0.4130146198807097,0.5869853801192904,2005.5206416561987
9803,0.5766644271003458,0.7233374318282209,0.27666256817177914,1997.630280455834
9804,0.293499646897246,0.7756317154219927,0.22436828457800728,1995.8534726872954
9805,0.2733403438316884,0.45034520206117823,0.5496547979388218,2003.857707025646
9806,0.7505181897605337,0.7612864196821237,0.23871358031787626,1995.926359779018
9807,0.620755564516076,0.7099687469011229,0.2900312530988771,1999.6239665365622
9808,0.30853939142920433,0.502543554790924,0.49745644520907595,2001.3249119109253
9809,0.24974348787798506,0.4521397788331672,0.5478602211668329,2002.474044367112
9810,0.30877050285404856,0.7086942909001367,0.2913057090998633,1996.3665335438538
9811,0.5393489590922363,0.6743489790915621,0.3256510209084379,2000.424249722354
9812,0.6353033166745126,0.6867833888237013,0.31321661117629873,1996.964819313546
9813,0.3880443883335334,0.5959216445691863,0.4040783554308137,2001.2506764711231
9814,0.30333498676988624,0.6565229772349035,0.3434770227650965,1998.1675729364533
9815,0.4017048048123795,0.7368038055964877,0.2631961944035123,1997.5846165997414
9816,0.4082403920035263,0.6721241847645,0.3278758152355,1996.5669934894916
9817,0.3782998399974635,0.5116754858675749,0.48832451413242506,2003.5987261957669
9818,0.31328718324430266,0.6738767562561893,0.32612324374381074,1998.2084905122651
9819,0.5473914671793152,0.7402125626917176,0.25978743730828235,1997.2446429437455
9820,0.47386235451653674,0.6795187706929691,0.32048122930703093,1997.930884012231
9821,0.08312128556545771,0.2452387764025111,0.7547612235974889,2005.2925816240843
9822,0.4796528491114924,0.7496842547153333,0.2503157452846667,1997.1447120843127
9823,0.7303861243965847,0.8281327645997216,0.17186723540027837,1998.88230074167
9824,0.21932681867535286,0.5916493929523245,0.40835060704767545,1999.1097633683787
9825,0.834784315495678,0.8988980312458632,0.1011019687541368,1993.6780032605318
9826,0.32341178068380805,0.4515669412396431,0.548433058760357,2004.603802756679
9827,0.4317736022794399,0.5825762708919698,0.41742372910803016,2002.252868363254
9828,0.5421638729860577,0.6358122754191508,0.36418772458084925,1998.2893260327176
9829,0.37153737747938514,0.5529534029281732,0.4470465970718268,2002.4079771342185
9830,0.31236663510518436,0.5032811599109226,0.4967188400890774,2000.2002719867473
9831,0.5681283619966283,0.7027013116463585,0.2972986883536415,1999.7934861922718
9832,0.38134246035324126,0.4844872690581358,0.5155127309418641,2000.8014041959364
9833,0.6492368407619095,0.7482238131029979,0.2517761868970021,1999.8700340407793
9834,0.10022324026867027,0.5640203744879942,0.43597962551200575,2000.1372194895869
9835,0.5608348752316431,0.6839172959666042,0.3160827040333958,2002.2739377448343
9836,0.3564585959772464,0.7024568395382262,0.29754316046177376,1997.2064841394044
9837,0.5419740772863062,0.709490941505252,0.29050905849474795,1999.147531680542
9838,0.6724693439907893,0.6859946079783235,0.31400539202167654,1996.580819937356
9839,0.33689323937001403,0.5331070614488926,0.46689293855110736,2002.3690488967673
9840,0.27660832820319897,0.6187818080575401,0.38121819194245987,1998.520340805608
9841,0.3133544179543289,0.5557493499839591,0.4442506500160409,1999.0009687753188
9842,0.31616634466477334,0.6283387728953435,0.37166122710465654,1998.9486472150131
9843,0.4516858095356898,0.6837838776023953,0.31621612239760466,1999.3135379170947
9844,0.5045405492460174,0.6981770088254905,0.3018229911745095,1996.9796373586232
9845,0.5255349296568069,0.6563688335386989,0.3436311664613011,2002.7207933801578
9846,0.40883040578964497,0.5415869316237989,0.4584130683762011,1999.468732188071
9847,0.3222499008146747,0.5605135630286274,0.4394864369713726,2001.8198849827895
9848,0.38031798775885434,0.6866661725131953,0.3133338274868047,1997.2331484462131
9849,0.2601052402223265,0.46383446692605,0.53616553307395,2001.7492841326118
9850,0.3234010579694376,0.6937876242120898,0.30621237578791016,1997.2833528204726
9851,0.33346828696404124,0.41545274830368123,0.5845472516963188,2004.9686246882457
9852,0.7133549926531457,0.7151093002193216,0.2848906997806784,1998.5271685091227
9853,0.3969222212605023,0.5935630827565849,0.40643691724341513,2001.5813718286356
9854,0.1879509907443472,0.6835336736003386,0.31646632639966144,1997.4945047763551
9855,0.7736305092426875,0.8527311000259432,0.1472688999740568,1999.2288294656062
9856,0.45133658965267065,0.5240519716741092,0.4759480283258908,2002.0961534667704
9857,0.6404563923740253,0.7227126869437727,0.27728731305622734,2000.1040315184198
9858,0.5446929255526654,0.6508115416432114,0.3491884583567886,1998.2073349880538
9859,0.528093820418628,0.6982840823718561,0.30171591762814387,1999.9437343262518
9860,0.41838806735144146,0.5292060418127376,0.47079395818726244,1999.282382191197
9861,0.5266176923890113,0.6396274887551447,0.36037251124485525,2002.395145382779
9862,0.32975623221065303,0.53579646498242,0.46420353501758005,2000.5903687224866
9863,0.6205477706203864,0.7924140858625287,0.2075859141374713,1998.8864927234247
9864,0.5258498302051794,0.7465767611224998,0.2534232388775002,1996.5775273765191
9865,0.39994470818411315,0.6570918525617502,0.3429081474382498,1999.987519257616
9866,0.6069216212096346,0.6400961988392616,0.3599038011607384,1998.2172915121223
9867,0.3807000026024848,0.628307436615286,0.371692563384714,2000.6004485519786
9868,0.0871413305070589,0.11296705264175932,0.8870329473582407,2013.8841267863215
9869,0.3860722956775866,0.6307285877957541,0.36927141220424586,1998.4980656693951
9870,0.6224449143262962,0.7323533451037499,0.26764665489625006,1996.7384209573693
9871,0.394802869922447,0.6225427533223119,0.3774572466776881,2001.168770050243
9872,0.6478968509758267,0.7087512973975454,0.2912487026024546,1997.6692307478224
9873,0.3099938452481442,0.4735803891109076,0.5264196108890924,2003.3435963250893
9874,0.34178260231645013,0.6050811677291211,0.3949188322708789,1998.3282900723796
9875,0.4515694047367327,0.6345324124500482,0.3654675875499518,2000.7330621916694
9876,0.4211913871630706,0.6952287951386216,0.30477120486137843,1996.5336378219781
9877,0.6680677935496702,0.770539675358928,0.22946032464107202,1998.921779192417
9878,0.38981692368076243,0.5076202968037237,0.49237970319627633,2000.4652219777604
9879,0.6876089367884675,0.8015455646549967,0.1984544353450033,1999.634883343401
9880,0.6408331714606417,0.7152788239425946,0.28472117605740543,1999.0541016687762
9881,0.642246390309422,0.7374040713014313,0.26259592869856874,2002.3032822882906
9882,0.3338609172801215,0.4811957660322875,0.5188042339677126,2002.5482929529985
9883,0.5633133204478701,0.6807069441014313,0.3192930558985687,1999.8659547005561
9884,0.5830525426359263,0.7323239813074442,0.26767601869255575,1996.7966664271462
9885,0.38877524829593774,0.4856365320309536,0.5143634679690464,2003.4666453240932
9886,0.5809089548418637,0.6871730310569018,0.31282696894309825,1996.4441040698912
9887,0.2698797589668102,0.49992072794432885,0.5000792720556712,2003.5004556919678
9888,0.4830865523810095,0.6404177496365944,0.35958225036340563,1998.3089362077121
9889,0.393942578232727,0.5170994747550605,0.48290052524493954,2004.312982419137
9891,0.07384571341425893,0.5089937633608823,0.4910062366391177,2001.858404056557
9892,0.3230413870381832,0.747480141152548,0.252519858847452,1995.9081887357804
9893,0.28449373007267026,0.4424321295876279,0.5575678704123721,2003.3980110328557
9894,0.2218210520090249,0.5484069868841773,0.4515930131158227,2001.0270383262757
9895,0.2814164880665405,0.5588891713629384,0.44111082863706164,2000.7054978643268
9896,0.403131294771763,0.5388993875571667,0.4611006124428333,1999.977025266772
9897,0.49929487407834505,0.621391148412231,0.378608851587769,2002.7893983577517
9898,0.422168868826307,0.6773654966927644,0.32263450330723564,1998.5704473947524
9899,0.6440848362634358,0.7706730454677247,0.22932695453227525,1999.7683988427007
9900,0.25925453268780185,0.614143751682886,0.38585624831711396,1999.3133783875833
9901,0.6033366283349915,0.747206301703979,0.25279369829602105,1998.328037725997
9902,0.43212892164212097,0.6668619558907765,0.33313804410922354,1998.3977055767118
9903,0.04922928686848663,0.5530712117265496,0.4469287882734504,2000.788609789427
9904,0.2213842620439768,0.7951364510481921,0.20486354895180792,1995.6681603750449
9905,0.5559610018282941,0.7066595245995223,0.2933404754004777,2001.1311724206007
9906,0.6083890321562023,0.6879659106603008,0.3120340893396992,1997.955370578685
9907,0.41180346777779825,0.5467797382094759,0.4532202617905241,2002.2925092436521
9908,0.4988995463207301,0.7106682117421413,0.28933178825785866,1996.936131607071
9909,0.24279372225642318,0.506676732001305,0.49332326799869497,2002.3374201935885
9911,0.5353546465212918,0.710198396708122,0.289801603291878,1999.1360406604842
9912,0.17415920714019106,0.5544534518999692,0.4455465481000308,1999.4851598378186
9913,0.285711745599362,0.5836566846712129,0.4163433153287871,2000.205657606515
9914,0.45813787435472486,0.5614530277754873,0.43854697222451267,2000.3868870540002
9915,0.5618511129254985,0.7485155827514288,0.2514844172485712,1999.5609883483096
9916,0.2963768566681958,0.7194399736677733,0.28056002633222665,1995.905942124461
9917,0.4243300567505477,0.6998899560566292,0.3001100439433708,1998.2668439976133
9918,0.22706758048695697,0.6921787394884947,0.30782126051150527,1997.0764515499504
9919,0.24877204604283798,0.4936511035295475,0.5063488964704526,2002.6416857220445
9920,0.48544518676816156,0.613134157037099,0.38686584296290105,1998.0997723013286
9921,0.7283415424401951,0.8305840720989636,0.16941592790103643,1998.5271644604811
9923,0.24198284208373086,0.4934859944308818,0.5065140055691182,2002.2680546857953
9924,0.37238333590985245,0.48443350700465027,0.5155664929953497,2001.855991637541
9925,0.6842335599506375,0.8006981197291106,0.19930188027088935,1997.6942851934211
9926,0.572910892271121,0.7479128783340071,0.2520871216659929,1995.1755988353125
9927,0.4382599735021345,0.6231876564110114,0.37681234358898863,1999.6946396389076
9928,0.3483658993664433,0.5447192964298114,0.45528070357018857,1999.7593696855351
9929,0.7369584255504316,0.8109672528718481,0.18903274712815188,1997.151382009623
9930,0.8881665970244571,0.8902858447544111,0.10971415524558892,1995.3308975409875
9931,0.39905206336611737,0.5992152257083301,0.4007847742916699,2001.53362659514
9933,0.4219290322688026,0.6530453221249042,0.3469546778750958,1999.9255834836702
9934,0.4822857507399437,0.6984581698374619,0.3015418301625381,1997.2462391525012
9935,0.34025954308330614,0.6220086412154773,0.3779913587845227,2000.9067633510417
9936,0.3881384580356628,0.5398031877296822,0.46019681227031783,1999.5989473822024
9937,0.38203280755616736,0.49057323516441503,0.509426764835585,2005.5678436853061
9938,0.8981422909026099,0.8996553429375426,0.10034465706245743,1989.46441009102
9939,0.6788367298333611,0.8095975210535371,0.1904024789464629,1997.7710981393545
9940,0.49338660427061515,0.6095499253189551,0.39045007468104487,1998.586911546799
9941,0.36134408045324745,0.662071132623991,0.337928867376009,1998.5226482539983
9942,0.44258736129415094,0.7399725014935051,0.26002749850649487,1996.3565853795799
9943,0.3238449199807032,0.4952936466983117,0.5047063533016882,2002.6551823576867
9944,0.5285423422591954,0.6429508343436632,0.3570491656563368,1998.8145944141493
9945,0.1332700172577216,0.5040795441242556,0.4959204558757444,2001.3127458649844
9946,0.5432290185920318,0.5986593870982461,0.40134061290175393,1997.5631641033342
9947,0.49781344266895405,0.6307332086623862,0.36926679133761375,2000.781130921053
9948,0.42583165387249783,0.5317018382940757,0.4682981617059243,2001.4854663133515
9949,0.3614113549508898,0.48443887959933113,0.5155611204006689,2001.2049457608668
9950,0.5554703518451808,0.6081278544986755,0.39187214550132454,1999.1136541858077
9951,0.6395848676581491,0.7668636222852111,0.2331363777147889,1999.3823858174376
9952,0.4683880674296712,0.6995354048451482,0.3004645951548518,1997.6508898201923
9953,0.5188456742064613,0.645568653929627,0.35443134607037297,2003.095553843271
9954,0.28544051328403797,0.7483973617873099,0.25160263821269013,1995.805533336188
9955,0.5725030678234335,0.758358760286112,0.24164123971388796,1998.112932950877
9957,0.3872122141720612,0.6043194377324397,0.3956805622675603,2000.5381170820133
9958,0.3574247965701286,0.7032048298188818,0.29679517018111823,1997.0562190396881
9959,0.2501891440308616,0.4394243717564433,0.5605756282435568,2003.2166385676394
9960,0.3315819308616805,0.6458443490673742,0.3541556509326258,1997.916591679484
9961,0.45812173942258266,0.5680962798064351,0.43190372019356493,2002.6666933590573
9962,0.3105874560196004,0.5876452719831667,0.41235472801683326,1998.4930952323411
9963,0.2544425120214376,0.4945380946951509,0.505461905304849,2003.3342909077858
9964,0.3000318909487689,0.6381009862473578,0.3618990137526422,1998.0400668618
9965,0.317865096874473,0.5391375365998574,0.4608624634001426,2002.4474392251857
9966,0.41179071138855605,0.6812287804435773,0.31877121955642274,1997.7879184970955
9967,0.40873417414400154,0.706858263412462,0.29314173658753795,1997.4674743926857
9968,0.5207753402393545,0.7057945839152677,0.2942054160847323,1998.3619526601833
9969,0.7162907235285788,0.8333776166085244,0.16662238339147561,1997.6695456703771
9970,0.37882182667055736,0.46835086081120514,0.5316491391887949,2002.0421537306402
9971,0.26177482803018987,0.4243777736451502,0.5756222263548498,2003.6338455165512
9972,0.47220689298618834,0.5969849169253276,0.4030150830746724,1998.1759260892125
9973,0.4946961594385812,0.6452164086666715,0.3547835913333285,2000.4720169776854
9974,0.5919410647984286,0.7255560883462969,0.2744439116537031,1993.975453862361
9975,0.5123520427930837,0.6430097822202065,0.35699021777979345,2002.1452512605151
9976,0.15610288795278,0.43882488972635003,0.56117511027365,2001.8267148243528
9977,0.43843401728505565,0.6240402159246531,0.3759597840753469,2000.8639419564747
9978,0.4097007505090298,0.6655742514775415,0.33442574852245854,1998.1156364572182
9979,0.517320577982311,0.6474163552054687,0.3525836447945313,2001.3648020471333
9980,0.44949305294780323,0.526299453603909,0.47370054639609105,2001.5314720638853
9981,0.3538022512362312,0.5566774643871983,0.44332253561280166,2001.495804733454
9982,0.5426049171912375,0.6501398046375819,0.3498601953624181,1995.7922672337595
9983,0.5575048682371975,0.72991595967185,0.27008404032815003,2000.172696736667
9984,0.45223191014742997,0.6133887615329232,0.3866112384670768,1997.778098057302
9985,0.0652430437723921,0.21734553637614384,0.7826544636238562,2006.5391348686371
9986,0.23137381220808503,0.7731732625036634,0.22682673749633664,1995.9913078817503
9987,0.5202473991640231,0.7047959941752008,0.2952040058247992,1998.7325799649238
9988,0.6664733532371495,0.7656381645512121,0.23436183544878786,1993.86468015217
9989,0.33658498082910937,0.5736570678977053,0.4263429321022947,2000.7598314702127
9990,0.5059460248096873,0.6229909699747553,0.37700903002524466,1997.4904927905459
9991,0.2762792575964592,0.425505125511066,0.574494874488934,2003.6255586000882
9993,0.4291359987628129,0.6393536059655618,0.3606463940344382,2000.1057459037256
9994,0.22519952481516664,0.5984189764482983,0.40158102355170167,1999.7648643028142
9995,0.19920039068914336,0.3909858660577732,0.6090141339422268,2003.7761117128673
9996,0.7266746458141297,0.8597885574802161,0.1402114425197839,1995.8898639924355
9997,0.5165423882100867,0.623887715400817,0.376112284599183,2002.0867943476078
9998,0.5702779919360014,0.698523769453877,0.30147623054612305,1994.8333936670854
9999,0.378405167878997,0.5292483348298863,0.4707516651701137,2003.663545533748
10000,0.5678921365409269,0.6521271247910505,0.3478728752089495,1995.8812050138138
10001,0.5633890034968296,0.7717656633754839,0.2282343366245161,1997.7922093813168
10003,0.45428189816318104,0.6330978447433007,0.36690215525669934,2000.5366865384851
10004,0.41062006976201515,0.7940058306740732,0.20599416932592685,1995.867513240566
10005,0.38306854528474443,0.6096262441993816,0.3903737558006184,2001.2157355290465
10006,0.17744722050527886,0.7041546609460831,0.29584533905391686,1997.56080482732
10007,0.245202481634063,0.4797271851196166,0.5202728148803835,2003.8031022532293
10008,0.5158107063315586,0.729122835318287,0.27087716468171297,1997.5265169920017
10009,0.6876237769056661,0.7922492933135392,0.20775070668646078,1997.493287606651
10010,0.37742553502928633,0.6535360027091961,0.3464639972908039,1998.7756400132048
10011,0.3350018825139594,0.5545091421500394,0.44549085784996056,2000.7577374835519
10012,0.6607586426401769,0.7128070677180754,0.28719293228192455,1997.9329946072485
10013,0.37239400946835016,0.5228943847274043,0.47710561527259565,2001.6647780876092
10014,0.4816679969769122,0.5799423228292611,0.42005767717073894,1998.843751085792
10015,0.5452852902515397,0.6493310941817861,0.35066890581821386,2001.570309686999
10016,0.5353503901740334,0.6520996105445191,0.34790038945548085,1997.9040463795552
10017,0.4930467013252634,0.7358793597428789,0.2641206402571211,1998.0761465336514
10018,0.5332969006167538,0.6963329779002304,0.3036670220997696,1996.2715286450677
10019,0.25418671160018136,0.48755910781279993,0.5124408921872001,2004.1796784795936
10020,0.5569251480018919,0.7406702873752569,0.25932971262474314,1993.6244289480512
10021,0.5734959334256714,0.7523274967852187,0.2476725032147813,1997.2476656993256
10022,0.46449631405974845,0.6949183807901439,0.3050816192098561,1996.4841464445444
10023,0.5020793579256554,0.7113393943907168,0.2886606056092832,1998.552761153483
10024,0.2791181420812192,0.5069073938213227,0.49309260617867734,2001.6678239766575
10025,0.8004748538614701,0.8751705663870959,0.1248294336129041,1997.929467114924
10026,0.22309930084819352,0.48112822414358525,0.5188717758564148,2002.1143399909236
10027,0.3462744878808097,0.564630682836246,0.43536931716375404,2001.0783751423094
10028,0.45222960244751037,0.6463477215070588,0.35365227849294123,1997.3167117985795
10029,0.3568971760804001,0.5184333813941742,0.48156661860582584,2002.6847832816243
10030,0.4915529915617034,0.5799346959826182,0.42006530401738185,1999.9991422307778
10031,0.7314255831704246,0.8039185058985318,0.19608149410146825,2001.0650709821211
10032,0.5559846412466215,0.6783916108751558,0.32160838912484424,1995.5418853845877
10033,0.2743281894159697,0.47967570386308434,0.5203242961369157,2002.4994088277847
10034,0.22052173236087944,0.634132320112874,0.365867679887126,1998.714674448092
10035,0.6032124460213972,0.8025328315928475,0.1974671684071525,1996.9202142775946
10036,0.5527247447904957,0.7355130273074715,0.2644869726925285,1995.0245462850444
10037,0.43266671713168403,0.6296280116860974,0.3703719883139026,1999.8067244133858
10038,0.3725404475947475,0.6708403641013365,0.3291596358986635,1997.4814955143281
10039,0.5651026150861428,0.8128445847381526,0.18715541526184742,1996.3541230969743
10040,0.35384693932320677,0.7540867716500386,0.24591322834996143,1996.574643038286
10041,0.49329539977102366,0.6303704332670894,0.3696295667329106,2001.0888764699748
10042,0.5321322212448467,0.7486227836832455,0.25137721631675447,1994.1897520687435
10043,0.32529136800764386,0.5280706118545071,0.4719293881454929,2003.2750371868083
10044,0.7075051092747653,0.8463354361876987,0.1536645638123013,1993.667092724961
10045,0.34787170874049944,0.48176277483713353,0.5182372251628664,2003.716969225388
10046,0.23182273981705007,0.6200513975657603,0.37994860243423967,1999.3284858857976
10047,0.715308632078332,0.7668533426791245,0.23314665732087547,2001.2936765042787
10048,0.5104602113255882,0.6055037832165611,0.39449621678343894,1996.9569398898475
10049,0.3122862476721614,0.472161975275922,0.5278380247240779,2006.4412036453266
10050,0.6702814171994137,0.7245792175982376,0.2754207824017624,1997.7752332423797
10051,0.30078332031605537,0.559488987777121,0.44051101222287903,2001.2257909869566
10052,0.5368682788940019,0.6327316457836043,0.3672683542163957,1999.896498629893
10053,0.3192396966744281,0.44872748975226817,0.5512725102477318,2003.139589603772
10055,0.7120377591307907,0.769573193949254,0.23042680605074595,1998.9537814064124
10056,0.4989650450568643,0.6760602507441147,0.3239397492558853,1996.140493802175
10058,0.589828891863436,0.7292097201647418,0.27079027983525816,1995.610381032046
10060,0.2572637769586175,0.7378531781442583,0.2621468218557417,1996.4891549749996
10061,0.38040078383473164,0.6922865500202222,0.3077134499797778,1998.1265136828683
10062,0.5005061344531289,0.5980709934474358,0.40192900655256425,1998.2955849030288
10063,0.21431627357581096,0.4024007598651564,0.5975992401348436,2003.9444396334982
10064,0.3529612630903331,0.7010209034236102,0.29897909657638977,1997.5121158065085
10065,0.6732964704510521,0.7417413779129425,0.2582586220870575,2004.2836477699357
10066,0.458264886597751,0.6838693607705161,0.3161306392294839,1996.7654650857237
10067,0.7202262798181093,0.8124870247176852,0.1875129752823148,1998.456477457733
10068,0.46917291350979723,0.6324918419515959,0.3675081580484041,1997.8485209195517
10069,0.7123690931807579,0.8282424401182283,0.17175755988177166,1996.8994948617974
10070,0.26641045783940753,0.6961948222749861,0.3038051777250139,1997.3439036415073
10071,0.47956091679587287,0.6123834779596422,0.3876165220403578,2001.5210552079354
10072,0.6839698658747793,0.7486435990768953,0.25135640092310474,1996.2983001729492
10073,0.3728832900329194,0.5612064508652135,0.4387935491347865,2002.4289451515906
10074,0.35902673579141786,0.7181404588960488,0.28185954110395117,1997.9192118171063
10075,0.45112425300630193,0.6358355899874907,0.3641644100125093,1999.7933247859748
10076,0.359567869210533,0.4770028085773966,0.5229971914226035,2001.0453114191962
10077,0.4092850056321493,0.510277084321788,0.489722915678212,2002.5599155581658
10078,0.43664327102816014,0.6430976298287167,0.35690237017128335,1997.3357613715239
10079,0.4004740492822372,0.5961899315729009,0.4038100684270991,2001.885320540434
10080,0.15907615114877519,0.42667650641051774,0.5733234935894822,2002.1740516355815
10081,0.7223887565311125,0.8378696729809336,0.16213032701906638,1997.8982698305945
10082,0.37501799438198435,0.6302570916707303,0.3697429083292697,1998.4285360272881
10083,0.55900369315474,0.6450072069169754,0.35499279308302456,2001.6956767030736
10085,0.7199428655406981,0.8477239632325568,0.15227603676744317,1996.6780528109366
10086,0.3057035612467749,0.5931917660638064,0.4068082339361936,1998.4150623514645
10087,0.42810338668305886,0.6719612308878425,0.32803876911215746,1998.6147283804983
10088,0.47057988229977255,0.6610987906462152,0.33890120935378476,1996.6048090488155
10089,0.6386397939725472,0.6994743591117746,0.3005256408882254,2001.4208383573634
10090,0.4300614262261543,0.6779728846374555,0.32202711536254447,1996.9885204570787
10091,0.3458428263177893,0.5509852939650559,0.4490147060349441,2002.8053418750512
10092,0.3261034248757046,0.6531645131358456,0.34683548686415444,1997.219471709007
10093,0.39265065763938095,0.6502661409756381,0.34973385902436194,2000.1169112189968
10094,0.2193739141036974,0.4882006888773737,0.5117993111226262,1999.9222625495606
10095,0.714935183947991,0.8206370809541433,0.17936291904585666,1996.910956482995
10096,0.8416897975215061,0.8998165728272687,0.10018342717273132,1991.1562431290158
10098,0.6285566745694597,0.7415525419301142,0.2584474580698858,1995.5678844513423
10099,0.18928719263220004,0.3862740258883083,0.6137259741116917,2004.5156210647692
10100,0.5001378212652035,0.6276393198318198,0.37236068016818025,1998.2874997266983
10101,0.4550817208948904,0.7334387534266819,0.26656124657331814,1998.2003528971477
10102,0.38710015022157473,0.6287091605099573,0.3712908394900427,1997.933016326582
10103,0.3853709136264502,0.5221906757715284,0.47780932422847155,2002.8643783614466
10104,0.535955662967926,0.7642933584390038,0.2357066415609962,1996.532259476139
10105,0.43410123851102295,0.5853692130126239,0.4146307869873761,2001.2091042069362
10106,0.41338363711077664,0.5730408387351997,0.42695916126480027,1999.7841067383195
10107,0.2880413382373237,0.6995966059853738,0.30040339401462623,1999.0883082267917
10108,0.4092831575569936,0.5661640616210315,0.4338359383789685,1998.2419511479395
10109,0.6035419723188333,0.8012182795745355,0.1987817204254645,1996.6709721411175
10110,0.5258345674861692,0.6896005557410679,0.31039944425893207,1997.467983071492
10111,0.4334330533522373,0.5879308193029893,0.4120691806970107,2003.612457107012
10112,0.6140567112883115,0.783741620788661,0.21625837921133895,1995.9825092093856
10113,0.5880744608220951,0.7955101535322594,0.2044898464677406,1998.5996571832793
10114,0.5576389023103678,0.8531999730755876,0.1468000269244124,1993.9866717339937
10115,0.289568624237318,0.4653513380778037,0.5346486619221963,2003.802631348588
10116,0.525556553968104,0.7425011039904035,0.2574988960095965,1996.0488583663007
10117,0.3815396351998639,0.6377720362425551,0.3622279637574449,1999.9787349465846
10118,0.7065297144580315,0.8454804642334778,0.15451953576652222,1993.1827413526757
10119,0.5427509984498669,0.7488872867184322,0.2511127132815678,1999.166022566128
10120,0.4156667165843262,0.7641660285013275,0.23583397149867247,1995.7236982296251
10121,0.541425558029826,0.6682931648750051,0.3317068351249949,2001.3289290614973
10122,0.3448524825809186,0.6358917728632612,0.36410822713673885,1996.8190170258347
10123,0.40621119963580765,0.5532185859634541,0.4467814140365459,2002.008090546091
10124,0.45050647197031823,0.6132454735500189,0.3867545264499811,1997.8761554116118
10125,0.6785101478019974,0.8114882203843142,0.18851177961568577,1998.5367679995531
10126,0.2452722668712191,0.4919054322623385,0.5080945677376615,1999.9071398818212
10127,0.5207844599276176,0.6772400832974815,0.32275991670251847,2000.7674390886853
10128,0.5237978422065178,0.6887223387697097,0.3112776612302903,1996.725029668396
10129,0.5367848364955298,0.6911564877675493,0.30884351223245066,2000.980501515565
10130,0.4463837129755375,0.6543971131620889,0.34560288683791107,1997.6687299488726
10131,0.4746312132749577,0.6546245922076972,0.3453754077923028,2001.2084782987683
10132,0.23066226755829541,0.533861513536867,0.46613848646313305,1999.3973069974902
10133,0.3879181789435313,0.5863345815585792,0.4136654184414208,2000.8464063134277
10134,0.641888338645457,0.8667890486020674,0.1332109513979326,1993.8974356368478
10135,0.4210848250055757,0.71815283204335,0.28184716795665,1997.112364413489
10136,0.48376961691303777,0.7513573193553542,0.24864268064464579,1995.6697787927637
10137,0.43686127394760577,0.5860717171200295,0.4139282828799705,2001.9335305624115
10138,0.38937963075353543,0.6047026366393254,0.39529736336067456,1998.3494354602042
10139,0.36717764217644117,0.5832774562937529,0.41672254370624706,1999.4233631218929
10140,0.44744381140339723,0.719392702062144,0.280607297937856,1997.8006913778577
10141,0.35682419505159907,0.5175796819178843,0.4824203180821157,2003.744407634124
10142,0.357671845581412,0.5989568569646805,0.4010431430353195,1998.1016789148525
10143,0.49670735727488774,0.6468158824232441,0.35318411757675594,2001.8130741350212
10144,0.663066176442101,0.7518052724415829,0.2481947275584171,1997.2569648554024
10145,0.46219107752427574,0.6467898643105997,0.3532101356894003,1999.1366572874213
10146,0.7107757453337422,0.7947484641179021,0.20525153588209788,1994.896685460921
10147,0.5245462834083233,0.6963376277258063,0.3036623722741937,1999.9861490865148
10148,0.33291931591583634,0.7044755488299128,0.2955244511700872,1997.5961773324007
10149,0.04170703746364587,0.09193407130106628,0.9080659286989338,2007.942880947064
10150,0.32699271310850586,0.7539253762165835,0.2460746237834165,1996.403981954246
10151,0.6601269083768881,0.8642176464506452,0.13578235354935475,1995.5301542177529
10152,0.21215176107592268,0.5129073910673239,0.48709260893267614,1999.3139859798982
10153,0.866643793958486,0.9043050075635888,0.09569499243641122,1994.8473875855107
10154,0.21271289910742658,0.6640010258182852,0.33599897418171476,1997.343764800743
10155,0.5259850167637803,0.5859885630370915,0.41401143696290854,2003.4956008160252
10156,0.4841059938282265,0.6207465818736063,0.3792534181263937,2000.8420426229466
10157,0.2032291421130687,0.41373187967453007,0.5862681203254699,2003.335479210544
10158,0.44964820160421265,0.5688585623091718,0.43114143769082824,2000.2784175184056
10159,0.40036736152331004,0.6565233986256427,0.3434766013743573,1999.6326107764442
10160,0.38980865631982803,0.5831378322038575,0.4168621677961425,1999.7852989878804
10161,0.30700221970747005,0.4554460122972829,0.5445539877027171,2003.5832727936747
10162,0.45503966640078775,0.7685923445790653,0.23140765542093467,1995.7517304261526
10163,0.5707902151896196,0.7231375507351682,0.27686244926483183,2000.277524887666
10164,0.4421774352409932,0.6065414552169073,0.3934585447830927,1998.0654016789608
10165,0.4218170467699009,0.574478675871593,0.42552132412840704,1999.840763285715
10166,0.3210132695587339,0.7194244813035239,0.2805755186964761,1996.2944823049963
10167,0.6725943505164491,0.7563101334155495,0.24368986658445047,1999.368550291783
10168,0.4692294072691169,0.8361949756717445,0.1638050243282555,1994.3804540533292
10169,0.2367288222202057,0.4009283765483826,0.5990716234516174,2003.8124232294142
10170,0.3463294686177278,0.7084727070346777,0.2915272929653223,1996.9707792993322
10171,0.5966596383322766,0.69957412989949,0.30042587010051003,2000.9661189053031
10172,0.3151360858095124,0.5903077084532068,0.4096922915467932,1997.4790356193075
10173,0.4554662743011402,0.6660167287257897,0.33398327127421035,1998.9487092058873
10174,0.4758032310062108,0.5944020646568687,0.40559793534313127,1998.2888809028882
10175,0.4106046699594989,0.6637895315137536,0.33621046848624636,1997.6587997324996
10176,0.5702717786253804,0.8199385329236006,0.18006146707639936,1995.6339151684513
10177,0.4637923046394754,0.6404198436287343,0.3595801563712657,2000.3325085689316
10178,0.33824175027145337,0.6478063654121149,0.3521936345878851,1999.0372656159198
10179,0.4894527184405224,0.7165553909805916,0.2834446090194084,1997.9642470944234
10180,0.3408388719802766,0.7675437034678598,0.23245629653214017,1995.8361609604094
10181,0.2503728718026781,0.3738291579478808,0.6261708420521193,2004.2713122165853
10182,0.4102971308284912,0.46362830517306164,0.5363716948269384,2004.527282272063
10183,0.24006280650659897,0.4653415084146361,0.5346584915853638,2003.6122928554737
10184,0.5044315777437368,0.5764497167047344,0.42355028329526556,1998.6808588496522
10185,0.27106915863712394,0.5084343396810275,0.49156566031897253,2001.5942257379227
10186,0.48937003448104277,0.5748428449532543,0.42515715504674567,1999.105437057644
10187,0.5122849217006443,0.7052403151421645,0.29475968485783555,1999.0292772637717
10188,0.4594857164129407,0.6406808720092156,0.35931912799078436,1997.2187900480635
10189,0.33590366564489865,0.5500576832071173,0.44994231679288266,2000.4927280485597
10190,0.33804536470534663,0.6189379612839657,0.3810620387160343,1998.3641629507424
10191,0.38002872057867493,0.695108542074061,0.30489145792593897,1998.597029326939
10193,0.2074803118877953,0.39113495499156153,0.6088650450084385,2005.0061923245037
10194,0.6094920975981507,0.8653388805629011,0.1346611194370989,1993.4609718593754
10195,0.44759751771968626,0.5200419603412032,0.4799580396587968,2005.9181060993476
10196,0.42728614491840083,0.814862409317355,0.18513759068264501,1995.08155060164
10197,0.5284417170309422,0.6965199234820364,0.3034800765179636,1999.1801374148597
10198,0.6937086996650476,0.7837281555080835,0.2162718444919165,1994.8804828757484
10199,0.252876556621351,0.4339820184956049,0.5660179815043951,2004.6549000293437
10200,0.4959901072583575,0.6813133979600235,0.31868660203997645,1996.4720280318757
10201,0.32166957390943607,0.5979922485766493,0.40200775142335066,2000.0445339879225
10202,0.5802725396273904,0.792041385580962,0.20795861441903796,1995.264483730176
10203,0.35555269555607244,0.5910952210589371,0.4089047789410629,2001.4486405002212
10204,0.2869575365319393,0.6037245562693446,0.3962754437306554,1998.1342866322211
10205,0.5975876143958506,0.6961524854230167,0.30384751457698334,2000.1308722610218
10206,0.5968775049846866,0.803879592538459,0.19612040746154102,1995.9882576290254
10207,0.3359231309202383,0.5349729809220971,0.4650270190779029,2001.3072766458058
10208,0.3576755525583534,0.7202113543173423,0.2797886456826577,1997.4494577346097
10209,0.5462461028529972,0.7049337375863223,0.2950662624136777,2000.0271285566641
10210,0.36128530650396723,0.572054001488948,0.427945998511052,1999.261126787732
10211,0.29249570629409205,0.525046247656887,0.474953752343113,2003.1469086609327
10212,0.45044010349315505,0.568401832746401,0.431598167253599,1999.539318105171
10213,0.3742923325487199,0.5869802200620053,0.41301977993799466,2001.2853822092566
10214,0.1482331836961526,0.21181160316398456,0.7881883968360155,2004.589600985187
10215,0.4621950619712768,0.6875387320480032,0.3124612679519968,1998.1536322051422
10216,0.3877711815041511,0.5739973831305761,0.42600261686942387,1999.3281159054047
10217,0.3707127053066576,0.5367254539281909,0.46327454607180907,2001.7378417479333
10218,0.43053716298166333,0.45326169962356366,0.5467383003764363,2007.5150470059268
10219,0.834674562905957,0.8933403272785436,0.10665967272145638,1997.212518160831
10220,0.32811007441194295,0.6345885491036878,0.3654114508963122,1997.1458812189517
10221,0.2247473477944608,0.39620589255297667,0.6037941074470233,2003.6518191751954
10222,0.36309188564181943,0.6218804199847074,0.37811958001529256,1997.3379744295228
10223,0.3383066834017441,0.6162220830810083,0.38377791691899166,2000.1501268286304
10224,0.5597430294056127,0.7346317780591283,0.26536822194087173,1998.908195887752
10225,0.6287362732619072,0.7185422274507949,0.2814577725492051,1998.8276249794742
10226,0.5495097000189649,0.7399424357701447,0.26005756422985526,1995.4073874705587
10227,0.4257108594270486,0.6202440841907864,0.37975591580921364,2000.2516960938167
10228,0.4127273029064759,0.6366371584888263,0.3633628415111737,1999.927932357006
10229,0.3529068400540485,0.5884018275718447,0.41159817242815533,2001.2097624149985
10231,0.3938546505669574,0.6381071109188462,0.3618928890811538,1999.5337831378574
10232,0.46412085691987187,0.5592931057499324,0.4407068942500676,1998.6203935940641
10233,0.43240214287334383,0.6708577127124454,0.32914228728755457,1999.098321184655
10234,0.3574062638840654,0.7337762665948412,0.2662237334051588,1996.8624641027661
10235,0.3886028152344896,0.5538982310903444,0.4461017689096556,2002.5841214664654
10236,0.5172900029084742,0.6832643592771566,0.31673564072284344,1996.7552314455322
10237,0.37912913188019,0.5356298798049899,0.4643701201950101,2003.256711040307
10238,0.48705672387770327,0.6714086310018876,0.32859136899811237,1996.8298464508998
10239,0.27234612556578064,0.5065989304836614,0.49340106951633855,2002.6278808802103
10240,0.6505066710546162,0.7472274405303324,0.2527725594696676,1993.4049186740428
10241,0.4795944607898608,0.6810231130474143,0.31897688695258575,1997.906076616777
10242,0.4878500252969052,0.8770095667062887,0.12299043329371129,1992.8540732655433
10243,0.3299051212453328,0.5373255765984823,0.46267442340151765,2002.1683754722415
10244,0.3767372918790588,0.6620247732808681,0.33797522671913194,1996.7125853083314
10245,0.38329998961880507,0.5814456006162072,0.4185543993837928,1999.5063236736225
10246,0.5946295136714673,0.6792485911083281,0.32075140889167186,1995.862112336939
10247,0.28074073397762184,0.473148507438839,0.5268514925611609,2002.6438496258584
10248,0.3407767441663884,0.6497550749567842,0.3502449250432158,1997.7512008922154
10249,0.3441007005243531,0.6504170693522676,0.3495829306477324,1999.4697781388015
10250,0.1977013514481721,0.45077882910315425,0.5492211708968457,2000.481139924149
10251,0.37715001909280194,0.5200448161127931,0.4799551838872069,2003.1639377189967
10252,0.3798759885642149,0.6805187140799684,0.31948128592003155,1996.768441981753
10253,0.34881870385325253,0.5380687314789089,0.4619312685210911,2001.6935282045142
10254,0.43001941173773267,0.763192084494556,0.236807915505444,1994.3021606709208
10255,0.39259317009483274,0.6850523259963441,0.31494767400365586,1998.2617219598699
10256,0.6887078527083671,0.7903210876087133,0.20967891239128666,1993.8642897909135
10257,0.3436756252829681,0.49951799829913246,0.5004820017008675,2002.819772775138
10258,0.6047380440939604,0.7858330944298794,0.21416690557012064,1995.5309865031281
10259,0.5164344332253219,0.6183015803038631,0.38169841969613694,2003.065509880172
10260,0.4750146588316274,0.6371349632254528,0.3628650367745472,1998.1573225527452
10261,0.20088827411482454,0.42042737833642685,0.5795726216635732,2004.260326889439
10262,0.31018722948067373,0.5656448425114111,0.4343551574885889,1998.2487119900582
10263,0.3477296370990324,0.6252746579417405,0.37472534205825947,1996.9917455427499
10264,0.4063214536390088,0.5037986096158588,0.49620139038414124,2000.8527706026075
10265,0.4381832267287054,0.7736141692264709,0.22638583077352914,1996.3539589452032
10266,0.2029705891127014,0.5826966443590738,0.41730335564092624,2000.1851593724946
10267,0.4018385394365701,0.5350841021238982,0.46491589787610177,2002.644848847468
10268,0.5201074862349543,0.7216427106529102,0.2783572893470898,1997.9646977464247
10269,0.33887532070258536,0.6102060514110914,0.3897939485889086,1999.3422767543302
10270,0.7260854337568535,0.8275548582860244,0.17244514171397562,1995.9219885892392
10271,0.3590154703043547,0.5782602110072306,0.4217397889927694,2000.3313614254703
10272,0.29969248928371744,0.5611076598123874,0.4388923401876126,1998.219536210785
10273,0.3465495672893184,0.6253640966820816,0.3746359033179184,1999.452813718556
10274,0.5058536163302252,0.6016802583901201,0.39831974160987993,1999.8017074419536
10275,0.17824890035655874,0.5672873430108728,0.4327126569891272,2000.5163591533938
10276,0.31846944387158865,0.5630118466579592,0.4369881533420408,1999.7893436412082
10277,0.2892204929954414,0.47739462034761265,0.5226053796523873,2002.669932248062
10279,0.4040333968667952,0.5253839704010945,0.4746160295989055,2001.7553453630662
10280,0.4724664415866384,0.5840403407698713,0.4159596592301287,1998.0373150128935
10281,0.3622043421089229,0.5259520684117651,0.4740479315882349,2002.7694477335192
10282,0.6387875713325541,0.7935958028845537,0.20640419711544633,1994.1490518028731
10283,0.26612771463508916,0.44660265621639006,0.5533973437836099,2003.324666002528
10284,0.9217539719103697,0.940081202902182,0.059918797097818,1988.8252468899436
10285,0.3235271813421905,0.6263682477900394,0.3736317522099606,1999.1151096663393
10286,0.5217395823305132,0.6676965426852883,0.33230345731471167,1997.1403300612635
10287,0.22083372430955803,0.4067273902303962,0.5932726097696037,2001.7984089442823
10288,0.512432501046863,0.7451745817289945,0.25482541827100547,1997.1019281183032
10289,0.5472134200299903,0.7630879263516234,0.23691207364837663,1997.8869680039704
10290,0.35064177127459417,0.5816710441759371,0.41832895582406293,1999.771464684795
10291,0.8618582445274312,0.9054801590915991,0.09451984090840093,1996.4495161069694
10292,0.4039509036727504,0.6947087858042372,0.3052912141957628,1996.6362702359693
10293,0.2225435647226082,0.4113154965571043,0.5886845034428957,2003.91802740402
10294,0.44997555051343924,0.49612491471012443,0.5038750852898756,2000.8328171700866
10295,0.6633169093595604,0.8265919368143065,0.17340806318569346,1998.0314344708368
10296,0.26645562869743594,0.5753585729774061,0.4246414270225939,1998.469964597523
10297,0.5123120569149923,0.649586011706191,0.350413988293809,2000.7912610202477
10298,0.5720187981647289,0.738395919640073,0.261604080359927,1995.8603711115063
10299,0.21760882085087813,0.38330467048350875,0.6166953295164912,2003.6201901508275
10300,0.3772297462509303,0.6320886507956719,0.3679113492043281,1999.9175298449932
10301,0.7831295916837423,0.8698015892848219,0.13019841071517813,1997.69313201729
10302,0.28201155920247545,0.6298363920310677,0.37016360796893233,1998.6396979562169
10303,0.3750472050824719,0.6425374609727494,0.35746253902725056,2000.4477104789617
10304,0.7522405580097994,0.8016239100796132,0.1983760899203868,1992.8402303558655
10305,0.28467194847082705,0.5251626769431903,0.4748373230568097,2002.029294956554
10306,0.571283151160575,0.6936676881996516,0.30633231180034837,1995.2021785471622
10307,0.19462678425074312,0.35990474782346116,0.6400952521765388,2003.4819396843652
10308,0.20052033265943248,0.5432528513409751,0.4567471486590249,1999.665084440428
10309,0.157416026517444,0.459583701569668,0.540416298430332,2001.9211986868324
10310,0.20871891691678157,0.5201464972646593,0.47985350273534066,2000.2481814079406
10311,0.3146449201495073,0.573766947756568,0.426233052243432,1999.919378879907
10312,0.37136946327244846,0.5773120990901971,0.4226879009098029,1999.9217488543393
10313,0.16100338147204804,0.5078288732214906,0.4921711267785094,2002.2090217337386
10314,0.2779024231679093,0.6818073216975609,0.31819267830243914,1998.183683580016
10315,0.5449597268295886,0.7098195241328282,0.29018047586717177,2000.6948599563295
10316,0.5439387119076284,0.6747018623774765,0.32529813762252346,1995.8628249787075
10317,0.36912124514120565,0.5708940584654204,0.4291059415345796,2000.8379297856625
10318,0.5808204247143477,0.6935215205229338,0.3064784794770662,1995.7645146366374
10319,0.14862500958176192,0.30980935782677754,0.6901906421732225,2004.3901501375797
10320,0.4530201164407788,0.7206828391041327,0.27931716089586733,1996.3540057426978
10321,0.43843949996648474,0.6753728203334153,0.3246271796665847,1999.3757124254782
10322,0.31602382509980526,0.5500039489939007,0.4499960510060993,1998.6726970351242
10323,0.46420726042195243,0.6665365043185895,0.33346349568141054,1999.8680624309923
10324,0.5789849160245586,0.6744482190012866,0.3255517809987134,1995.7475019390822
10325,0.4265786069969606,0.6747252414702966,0.32527475852970344,1998.7307698287907
10326,0.6767873107696198,0.7822350982803205,0.21776490171967955,1997.0907110138746
10327,0.311536025869128,0.6164949713093617,0.3835050286906383,1999.320078857148
10328,0.5689072452386662,0.6891231819703106,0.31087681802968936,1997.6416123906477
10329,0.555890103122223,0.6927574699146934,0.30724253008530655,1999.007150006463
10330,0.48101672066417345,0.696461410139321,0.30353858986067905,1997.7030091798856
10331,0.32864130469931413,0.5187081392635777,0.4812918607364223,2003.4815470919186
10332,0.4912946186676963,0.6902678429816183,0.30973215701838175,1996.2638297510373
10333,0.4010704957719246,0.6445250849891886,0.3554749150108114,2000.4190023440995
10334,0.4797068214708881,0.7277179376689205,0.27228206233107954,1996.2872274253903
10335,0.4041323019955152,0.6204007890392453,0.37959921096075466,2000.434396272765
10336,0.46554525649337375,0.7439703760812555,0.2560296239187445,1995.760931350798
10337,0.38549041540944246,0.7018340333415268,0.29816596665847317,1997.833240541325
10338,0.5127713190970018,0.7441204056361304,0.25587959436386964,1995.790811126094
10339,0.46026371450798953,0.6178614350345982,0.3821385649654018,2000.6759211419835
10340,0.6041808639194339,0.6880242140753258,0.31197578592467423,1995.599835973349
10341,0.8357084876839294,0.9001254482931653,0.09987455170683468,1992.5415652916813
10342,0.4164115420374552,0.6667253287289149,0.3332746712710851,1997.9764357001939
10343,0.7186065811305771,0.7968709467444358,0.20312905325556418,2000.5977890574204
10345,0.33319330426593174,0.5642678758036805,0.43573212419631946,2001.8366869218496
10346,0.5545061741035775,0.7199031100163531,0.2800968899836469,1996.4633517470568
10347,0.4580288069925908,0.5531101855590593,0.44688981444094067,2001.6193319710387
10348,0.520755760209415,0.7625991601335227,0.2374008398664773,1995.9600627784025
10349,0.2728533307236565,0.4746664465575578,0.5253335534424421,2002.9993654537027
10350,0.618901795713876,0.7739250875133231,0.22607491248667688,1993.9359152053482
10351,0.5851677601253952,0.7849828950939853,0.21501710490601467,1996.108853857209
10353,0.4548853148910561,0.6486724643471448,0.35132753565285524,2000.994490645536
10354,0.5550275697404322,0.621065933953835,0.378934066046165,1996.5677542624965
10355,0.49076931592707085,0.628661148438631,0.37133885156136903,2000.8603685343192
10356,0.5934946916755686,0.7861042150304057,0.21389578496959427,1996.9512927698706
10357,0.4512466522450992,0.6328508815803118,0.3671491184196882,2000.5718243314207
10358,0.3419531414165853,0.5760561135803269,0.42394388641967307,1998.860352526906
10359,0.19192653513009403,0.4264414323432969,0.5735585676567031,2003.712111587812
10361,0.3087628373962676,0.5036728429642149,0.4963271570357851,2002.6700069490985
10362,0.295646868482843,0.5749181110910424,0.4250818889089576,1998.6431793933932
10363,0.5134134929198471,0.7130639811373536,0.2869360188626464,1996.6892307966643
10364,0.5988377684160892,0.7660305130384608,0.23396948696153919,1996.8730988563273
10365,0.38918195747573187,0.6905959996671336,0.3094040003328664,1997.566483352157
10366,0.28569802579187475,0.482722013531783,0.517277986468217,2000.5947765843869
10367,0.7983271582991895,0.8660254805837393,0.1339745194162607,1997.95603370887
10368,0.585210558161954,0.7698089392059211,0.23019106079407892,1997.3284107388529
10369,0.6220010145343928,0.7432160740252189,0.25678392597478106,1999.2733374142774
10370,0.5637974180809624,0.6944048382041951,0.3055951617958049,1996.548060094568
10371,0.7740419282531376,0.8412634130573597,0.15873658694264026,1997.1456778333036
10372,0.5469141274730069,0.6824620777601702,0.3175379222398298,1996.339541604544
10373,0.6250507216972929,0.7701447949187211,0.22985520508127888,1997.3735037491304
10374,0.5337095388051577,0.7724611979617524,0.2275388020382476,1995.5914812898775
10375,0.267537145488472,0.5256745572211877,0.4743254427788123,2001.263406677358
10376,0.6603765908903488,0.7419456279721818,0.2580543720278182,1993.8707122183305
10377,0.44269105793546315,0.7866948825040454,0.2133051174959546,1996.1702616601262
10378,0.5311324549367517,0.6462878659724702,0.35371213402752977,1997.0465930876476
10379,0.5140580468199447,0.7441316707894909,0.25586832921050906,1997.8926755800208
10380,0.7057479640216671,0.7680313872174337,0.2319686127825663,1994.0808726555883
10381,0.4432588963870323,0.6720257984930696,0.32797420150693035,1999.7900300314857
10382,0.4490892083551176,0.5955122404852317,0.40448775951476834,2000.4862001758581
10383,0.43103675767883015,0.6079282315826251,0.3920717684173749,2001.9607751559442
10385,0.43537996969399656,0.615898224155411,0.38410177584458904,1999.8110892912312
10386,0.5933648539608671,0.8015382437693979,0.19846175623060214,1995.4188523878208
10387,0.7741414674076409,0.8629827019347082,0.13701729806529184,1998.460499723003
10388,0.4370376768455276,0.7551797911074495,0.24482020889255052,1995.3206535745844
10389,0.3845408529184597,0.68224379132398,0.31775620867601995,1998.0820564083642
10390,0.28582471123263414,0.6223833555781008,0.37761664442189924,1998.767464720369
10391,0.3968891331113716,0.5080918119901648,0.49190818800983516,2003.2542661345315
10392,0.636370083964401,0.7806035370289872,0.21939646297101278,1993.3595163254197
10393,0.5479010964844023,0.7473072631057415,0.25269273689425853,1997.6830660689068
10394,0.7114962564773458,0.8348156518577402,0.1651843481422598,1991.4868607296387
10395,0.4771481636722033,0.6741614211624437,0.3258385788375563,2000.4125741812009
10397,0.45325420785548376,0.6243934410441859,0.3756065589558141,2000.7272652806755
10399,0.2268369395990175,0.4765399312097976,0.5234600687902025,2002.0494101897484
10400,0.3760099571757062,0.5276810891012523,0.47231891089874767,2001.233013143174
10401,0.4162125442627418,0.6008963431691761,0.39910365683082394,1999.2156845505745
10402,0.6898939149407028,0.7919322370950336,0.20806776290496642,1991.9871799558798
10403,0.6748720119563338,0.7791321459121225,0.22086785408787746,1998.5530182016719
10404,0.64342231714349,0.7699073997285703,0.23009260027142975,1999.8035729523892
10405,0.6933432039728151,0.7873059039837846,0.21269409601621536,1999.2449631042202
10406,0.4778332579333913,0.7532712082658518,0.2467287917341482,1995.2588921159504
10407,0.3551365372289516,0.6467257664448436,0.3532742335551564,1998.9732271164985
10408,0.5804672645078545,0.6793873605781392,0.3206126394218608,1995.9914216677723
10409,0.36999294003230965,0.7330813144596227,0.26691868554037734,1997.5671985605968
10410,0.5177029615931042,0.6334891174661373,0.36651088253386266,1996.7821148472779
10411,0.39925915185104627,0.6588648025971305,0.34113519740286946,1998.0378502582455
10412,0.4390387600060822,0.6132369102468223,0.38676308975317775,1999.654995686074
10413,0.28722599735048804,0.43032851948771006,0.56967148051229,2003.4980587210398
10415,0.18623587355288013,0.47588644912073635,0.5241135508792636,2002.224739661952
10416,0.7128080409582866,0.8269273474363549,0.17307265256364512,1992.082078552827
10417,0.7266693597735461,0.841423964243618,0.15857603575638202,1997.2890223096117
10419,0.42804561263851565,0.6692162292537268,0.3307837707462732,1998.4586446231542
10420,0.5918256855684658,0.7025084419842572,0.2974915580157428,1996.6726150330549
10421,0.3689755761509564,0.6504101139923144,0.3495898860076856,1998.5507908098646
10422,0.4533975950043581,0.7052676083292811,0.29473239167071885,1996.1032932894486
10423,0.7006699391919704,0.8083226602262439,0.19167733977375612,1998.2382479706632
10424,0.7077221519800811,0.7377541046817134,0.26224589531828657,1994.1534065459823
10425,0.4186453698086884,0.6594615463052359,0.3405384536947641,1998.736535537959
10426,0.4494254863469276,0.7713103487089578,0.22868965129104224,1994.8168557513732
10428,0.2513285304289725,0.4020037873935877,0.5979962126064122,2005.775867710455
10429,0.6453153119613367,0.7704594828144411,0.2295405171855589,1999.1798957313022
10431,0.29089076346745624,0.3824215237196177,0.6175784762803823,2005.6313152494984
10432,0.46241426674144986,0.6814307102554477,0.31856928974455234,1997.3846544109572
10433,0.6712853417003017,0.737459781281178,0.26254021871882205,2000.5790413146046
10434,0.6438239360884929,0.7633277001075434,0.23667229989245664,1995.477204585866
10435,0.5216438525630316,0.6132751173014357,0.3867248826985643,2000.7052122345485
10436,0.33702007690446995,0.6682514659393272,0.33174853406067284,1997.5791878172588
10437,0.24825510299531708,0.4561515245698852,0.5438484754301147,2004.4326343275104
10438,0.39843566880852926,0.4979268386769682,0.5020731613230318,2002.3212752378226
10440,0.5097269164906687,0.6195292618813671,0.38047073811863286,1997.5348481765045
10441,0.5771343935196139,0.6995476669483159,0.30045233305168406,2000.2716227367646
10442,0.735150277281623,0.8052539069652005,0.1947460930347995,1993.2679712525
10443,0.4312070643359164,0.7356511083078032,0.2643488916921968,1997.296592893909
10444,0.4859856245039514,0.6259583779034649,0.37404162209653513,1997.3475368110035
10445,0.22757594780281942,0.3561282140242211,0.6438717859757789,2002.3802890732477
10446,0.6996893742152218,0.8238522455234885,0.17614775447651154,1994.200738603325
10447,0.47384823990646846,0.5957752540655746,0.40422474593442537,2002.3912981882215
10448,0.5575913355882085,0.7319033898907978,0.26809661010920216,1997.5823674670553
10449,0.4514582309181261,0.6427139675925616,0.3572860324074384,2001.0931001765605
10450,0.7195475317338234,0.8622456731508344,0.13775432684916555,1989.924888658482
10451,0.449913026002648,0.6571631326050184,0.34283686739498165,1996.458589316937
10452,0.5868422955994912,0.7418592217244367,0.25814077827556325,1996.7483490967961
10453,0.3655816901343209,0.5983563816709154,0.4016436183290846,1999.2921321239148
10454,0.5031735094963004,0.5812211008899869,0.4187788991100131,1998.6465685708079
10455,0.5376776286913983,0.6849612890729813,0.31503871092701874,1999.8781199925986
10456,0.6094937912450283,0.7771847979575239,0.22281520204247607,1994.6223653229963
10457,0.21415284879048854,0.3616804681946681,0.6383195318053319,2004.4286279823998
10458,0.17463133702808234,0.4223672866519892,0.5776327133480108,2002.0297337044196
10459,0.6178150382429963,0.8277134355093604,0.17228656449063962,1995.9380593214785
10460,0.7253122203769276,0.8409477851241396,0.1590522148758604,1991.6152557510293
10461,0.867475739112023,0.9050348395917056,0.09496516040829439,1997.330380685011
10462,0.5485271073691274,0.767697091014589,0.23230290898541095,1995.1717818716666
10463,0.4314401436031474,0.6929153550739101,0.3070846449260899,1998.169371538367
10464,0.5927743493614721,0.7800945915270143,0.21990540847298568,1996.364944217702
10465,0.7849725603488639,0.8828552401096492,0.11714475989035078,1996.7027643876272
10466,0.40466314386995766,0.7064289532571748,0.2935710467428252,1997.8610015992278
10467,0.683967894775961,0.836060259531854,0.16393974046814597,1995.3384432172209
10468,0.5791745318732501,0.6316882471946255,0.36831175280537454,1998.2383477973365
10469,0.2666927705457998,0.5014230614667897,0.4985769385332103,2003.4712644830552
10470,0.48921446310759004,0.7093352296865476,0.2906647703134524,1997.5707266103523
10471,0.42059751749293267,0.5672928489856274,0.4327071510143726,2002.9520333895255
10472,0.8080270621349263,0.8784156701808428,0.12158432981915723,1989.2883133635466
10473,0.16035545343401453,0.22956205344041258,0.7704379465595874,2007.0463773977897
10474,0.40355840666721493,0.49549373577870987,0.5045062642212901,2001.5870002143588
10475,0.30215530968414106,0.5939962807065072,0.40600371929349277,1998.2714006195988
10476,0.6425678472783045,0.7604419319593086,0.23955806804069135,1994.477296940414
10477,0.22509723807052864,0.4356354165599473,0.5643645834400527,2003.2104452209132
10479,0.28547244537677263,0.4469478021027635,0.5530521978972365,2004.145517826904
10481,0.2762189404029731,0.40344322571245345,0.5965567742875466,2004.2565140277939
10482,0.2380554664682625,0.35340275752085293,0.6465972424791471,2005.3983087271754
10483,0.19467436416116873,0.4593319942933281,0.540668005706672,2002.9922691622696
10484,0.6028571188443954,0.7415108302546464,0.25848916974535363,1997.1120573587696
10485,0.5614621836637617,0.7838887264507063,0.21611127354929371,1998.3976147539813
10487,0.3904473464573619,0.5482223770002831,0.4517776229997169,2001.8414370820524
10488,0.5300808849430025,0.63087843334741,0.36912156665259,1998.522922329972
10489,0.37935652642347206,0.5896678395165854,0.4103321604834146,1999.7185222873995
10490,0.6131132934089476,0.7808880504735201,0.21911194952647994,1996.1422414108933
10491,0.5195087181927419,0.6591867418691182,0.3408132581308818,1998.5858587690723
10492,0.6326716108725524,0.8217050996032425,0.17829490039675755,1995.0493778821892
10493,0.3337591412953649,0.5818177573717951,0.4181822426282049,1997.7880649212104
10494,0.6700516399865314,0.7571607942496962,0.24283920575030382,1994.329566057275
10495,0.3097157854468603,0.47978608653116517,0.5202139134688348,2003.1305705757745
10496,0.7830596389865041,0.8723992884023896,0.12760071159761044,1989.7182169181037
10498,0.6722228615283184,0.7458025709334147,0.25419742906658527,1994.1336911366097
10499,0.3370399144526715,0.7096609817154917,0.29033901828450825,1997.6039231580555
10500,0.429681891404458,0.5617224571448582,0.43827754285514176,2001.1059738123297
10501,0.8179920776800899,0.8861220883098772,0.11387791169012285,1995.4187975492234
10502,0.567052827205616,0.7115312792088131,0.2884687207911869,1995.0316367681824
10503,0.3934176338334986,0.542169651548169,0.457830348451831,2003.1757556570406
10504,0.5210626014793434,0.7406306434359835,0.2593693565640165,1995.6521080606358
10505,0.4517270692352651,0.6239706790318792,0.3760293209681208,2001.3350750950824
10506,0.5155849374715775,0.5852681348374751,0.4147318651625249,1998.9334708172414
10507,0.4974163638927134,0.7229473364357644,0.27705266356423564,1998.535243645764
10508,0.45703542083680015,0.5614396465011634,0.4385603534988366,1999.8884379911633
10509,0.29386284684317715,0.6129186083190185,0.38708139168098155,1999.2295379068717
10510,0.55162184048883,0.7492045871178464,0.25079541288215357,1993.8154617955115
10511,0.19026678340725506,0.3219151689052933,0.6780848310947067,2005.1879981404338
10512,0.37637717828305645,0.49035148018765373,0.5096485198123463,2002.159139387374
10513,0.3136350616201125,0.5687032212934896,0.4312967787065104,1999.0854367599375
10514,0.43611167579846793,0.7299019702748576,0.2700980297251424,1997.2626664610477
10515,0.5586288785859752,0.7180757574940342,0.2819242425059658,1996.0048819773392
10516,0.5783276060056911,0.7640466335881717,0.2359533664118283,1993.4652000068666
10517,0.3603640802395281,0.6639003782639362,0.3360996217360638,1998.2880539112798
10519,0.5473652257654158,0.6696729554071901,0.3303270445928099,1999.9296620361997
10520,0.7503775330582845,0.8711126970667383,0.12888730293326167,1989.9489586333864
10521,0.45950328550000635,0.6105852177482641,0.38941478225173587,2002.3594827422346
10523,0.19833487917361117,0.32381189842379754,0.6761881015762025,2005.032521342221
10524,0.47644224607802654,0.7840949168415451,0.2159050831584549,1996.2598619789128
10525,0.7858087431306002,0.8923913853822013,0.10760861461779869,1992.9042796012004
10526,0.14721197970388847,0.816671035900401,0.18332896409959898,1996.3882899569123
10527,0.365527034218157,0.5343212113722785,0.4656787886277215,2001.8057269772123
10528,0.5052927544634206,0.5630676479162019,0.4369323520837981,1999.6376600295744
10529,0.421434119446108,0.5649231766144975,0.43507682338550246,2002.3047455390308
10531,0.5849577582649365,0.7043931117887111,0.2956068882112889,1995.0450217770233
10532,0.7714382065230317,0.8294669584215337,0.17053304157846627,1990.4439622911013
10533,0.3820606302003999,0.5835262786895863,0.4164737213104137,2001.009223557781
10534,0.35966716625125494,0.6254281058246929,0.3745718941753071,1999.238356540165
10535,0.49372069535813173,0.7820423211991705,0.2179576788008295,1995.9985487268114
10536,0.3843151641935509,0.5493566126249892,0.45064338737501075,2001.9033659773904
10537,0.41217874477209926,0.7061414367664254,0.2938585632335746,1998.7050086223414
10539,0.40182100315938457,0.6948204893267604,0.30517951067323956,1997.9238042504303
10540,0.5362304943111418,0.7752327689900301,0.22476723100996987,1995.5200868357017
10541,0.5652894922818361,0.7538027294449883,0.24619727055501173,1997.2950270122362
10542,0.42786248253442916,0.6872324677154698,0.31276753228453025,1997.196881683741
10543,0.5356442556130627,0.6409912293552881,0.3590087706447119,2002.9769451219845
10544,0.3266118620422538,0.5321856877983352,0.4678143122016648,2001.271977071687
10545,0.29525739550652347,0.41968012050727144,0.5803198794927286,2005.0353808201694
10546,0.5095904247492831,0.6423418767660113,0.3576581232339887,1997.516088131348
10547,0.35281702118698044,0.5877992967556371,0.41220070324436286,2001.3026170097014
10548,0.3629236741665288,0.5737251248315007,0.42627487516849927,1999.5566904107518
10549,0.4869648099204908,0.6796353651409891,0.3203646348590109,1996.5220511822665
10551,0.34549814397834705,0.4658499661672675,0.5341500338327325,2002.55179587691
10552,0.7449408818949734,0.8173341812727075,0.18266581872729248,1990.4809693016184
10553,0.34789983174779326,0.5577620286562043,0.4422379713437957,2000.6916669473421
10554,0.389443080597192,0.6840164724729476,0.3159835275270524,1997.8123086517746
10556,0.7690606314380614,0.8990950559847859,0.1009049440152141,1989.339045761761
10557,0.39486517144342165,0.5096354858407252,0.49036451415927484,2003.053980328023
10558,0.6100462014353774,0.7817561346839661,0.2182438653160339,1993.2225611606164
10559,0.5615736246905785,0.8239563635875096,0.17604363641249043,1996.3017432510871
10560,0.48098230421927185,0.6361508643536347,0.36384913564636534,1999.0134573723187
10561,0.559736250336041,0.6936917014715094,0.3063082985284906,1998.709445227785
10562,0.2928829493069216,0.6224332319412065,0.3775667680587935,1999.0962533371544
10563,0.41727439253385346,0.6858211258493376,0.31417887415066237,1999.4012239056694
10564,0.7531541475076563,0.8520204576058726,0.14797954239412736,1992.0026891203574
10565,0.265888538862853,0.4036233631597006,0.5963766368402994,2004.3935085788842
10566,0.7833770525776176,0.8369547137707439,0.16304528622925607,1990.5184226625527
10567,0.34898328298138703,0.608388384219838,0.391611615780162,1999.1218302700297
10568,0.43794198703874876,0.4982358961391327,0.5017641038608673,2001.506214478161
10569,0.7270285951395987,0.8607542980727605,0.1392457019272395,1993.08027255918
10570,0.5556383495917597,0.6977767150860326,0.30222328491396744,1996.0704152709172
10571,0.29349140569441107,0.605536961412355,0.394463038587645,2000.1100973630819
10572,0.6247417032400984,0.6610521238395255,0.3389478761604745,1996.7016436517483
10573,0.18940047574751237,0.3550290787907786,0.6449709212092214,2005.4876308423384
10574,0.377751786052981,0.481739057132621,0.518260942867379,2003.2357436559848
10575,0.752580982073871,0.8804060848666508,0.11959391513334916,1992.1177522541986
10576,0.5455867131390052,0.6851750053747524,0.3148249946252476,1996.245068946536
10577,0.8118602535001996,0.9046435828471308,0.09535641715286924,1994.9084727359595
10578,0.41591981541237294,0.6915261441310155,0.30847385586898446,1998.5987808562109
10579,0.6541277505508921,0.7690754640955709,0.23092453590442907,2000.2747578368114
10580,0.6873595542086182,0.7664742219470145,0.23352577805298547,1994.2666296404195
10581,0.3676480166742656,0.6165378185504545,0.38346218144954547,1999.4144691684394
10582,0.3632616840711991,0.4190781056653608,0.5809218943346393,2004.453049026811
10583,0.3267384697349462,0.5597394263019604,0.4402605736980396,2002.0688224779208
10584,0.307133370004159,0.6527187839596442,0.3472812160403558,1997.3588837043137
10585,0.4569243422039993,0.6907851863413489,0.3092148136586511,1999.1450733370934
10586,0.5006872565247527,0.7505435676291996,0.2494564323708004,1997.824489457078
10588,0.44988809682696085,0.7928056739365585,0.20719432606344146,1995.2144521478547
10589,0.43466136551146733,0.7711303633045719,0.22886963669542815,1996.6659005555618
10590,0.57350488220223,0.7369094757077969,0.26309052429220314,1996.2788751569046
10591,0.6444759050947915,0.8064424457849569,0.19355755421504306,1997.6010826515005
10592,0.48981249865449183,0.5498723699740665,0.4501276300259335,2000.4125681963678
10593,0.8171037710251873,0.8525778682726938,0.14742213172730623,1996.43493123354
10595,0.5306768965176825,0.776159148266182,0.22384085173381796,1996.7951840775097
10596,0.4513637421435757,0.7240696119259185,0.27593038807408155,1997.3002428292928
10597,0.4207710942265035,0.7623465367764596,0.23765346322354042,1997.4940359360903
10598,0.3835996633719798,0.4291547611386852,0.5708452388613148,2002.9000921314287
10599,0.5136683736799755,0.7526843356058858,0.24731566439411423,1996.2243965749142
10600,0.6661022785182057,0.7954751006578917,0.20452489934210827,1992.7675884944392
10601,0.2975002313899106,0.5360370434660595,0.4639629565339405,2000.0276347960244
10603,0.3683109939640364,0.5979637487589239,0.4020362512410761,2001.6232297626696
10604,0.6217528092985111,0.7295923114298218,0.27040768857017816,1995.7120519074997
10605,0.28180861110960626,0.42709521771556214,0.5729047822844379,2003.3671430288473
10606,0.518617150196233,0.7237809379634234,0.27621906203657665,1996.5676427553694
10607,0.3644242891960793,0.5668040900725946,0.4331959099274054,2000.8111395523083
10608,0.45587190538141814,0.6670112648672201,0.33298873513277993,1997.4864096426477
10609,0.6028116089464041,0.7672874617973883,0.23271253820261173,1997.6407275681136
10610,0.18126077976864008,0.5703550411782584,0.4296449588217416,1999.5409909435552
10611,0.32386443547388055,0.5962113495821424,0.4037886504178576,2000.8568557034585
10612,0.7690563223325051,0.8359831583694318,0.16401684163056818,1991.0397621846982
10613,0.6569690061691514,0.8019146236266622,0.19808537637333778,1995.634716575375
10614,0.5565332095193876,0.702791290165125,0.297208709834875,1997.644745634766
10615,0.45378972925994554,0.7362467687839672,0.2637532312160328,1997.4394843876496
10616,0.7618589535385802,0.831595026385073,0.168404973614927,1990.7378883125434
10617,0.24569782530419246,0.5266195694476931,0.47338043055230694,2001.6402488435697
10618,0.6639814263660822,0.8006257800934367,0.19937421990656334,1992.440661134805
10620,0.6891701027532237,0.776303228637367,0.223696771362633,1995.5703145377988
10621,0.4479642032464316,0.7178019446170116,0.28219805538298837,1995.4377752180412
10622,0.7223148660316087,0.7702105815332426,0.22978941846675738,1992.1370993587689
10623,0.4314751733200241,0.642423719434022,0.357576280565978,1998.6840508204732
10624,0.4741839397146298,0.5612604003211327,0.43873959967886733,2000.003521980738
10625,0.2759698124105652,0.5841284858783545,0.41587151412164547,2000.688874470424
10626,0.7210403363477067,0.8823833918589344,0.11761660814106556,1991.2288586235693
10627,0.2303832116788321,0.3899293381735163,0.6100706618264837,2003.8944595228993
10628,0.6257551708064599,0.7472948915976363,0.2527051084023637,1994.1772978425577
10629,0.3366124438513903,0.47590260023265335,0.5240973997673466,2003.5487943194685
10631,0.6978681149375314,0.8697928384788475,0.13020716152115253,1994.6050923794742
10632,0.6391208794865225,0.7975878338585008,0.20241216614149915,1992.0041510924884
10633,0.5238830686332553,0.7780346126455422,0.2219653873544578,1997.56138550169
10634,0.37646140373815296,0.6464117502181653,0.3535882497818347,1998.4358029813989
10635,0.31973358566938703,0.4571558024743587,0.5428441975256413,2003.0331246625187
10636,0.5647611413597557,0.7772731835393422,0.22272681646065784,1996.6104919708919
10637,0.3708220511836485,0.6479999756336025,0.35200002436639755,1997.4218433188416
10638,0.7009362273232136,0.7687467604590892,0.23125323954091082,1992.7448535591375
10639,0.4900502822222243,0.7145925407762129,0.2854074592237871,1999.4178320777626
10640,0.6879491100321342,0.7426703549997038,0.2573296450002962,1994.2037891433438
10641,0.3514397120575885,0.47356367436190183,0.5264363256380982,2002.7125972495976
10642,0.6158966487876235,0.7531826266678487,0.24681737333215126,1996.9811184447613
10643,0.4033255969113153,0.5606396513209887,0.4393603486790113,2000.7717352554641
10644,0.5642414509198718,0.762936698495581,0.237063301504419,1995.6635156330412
10645,0.4431231331849565,0.6768344440704627,0.32316555592953733,1999.5490579477919
10646,0.2977495677657877,0.5551819792809011,0.4448180207190989,1999.825864021665
10647,0.4341749497929929,0.5757013286769358,0.4242986713230642,2001.6216022951915
10648,0.5382846391052108,0.7836112926558992,0.21638870734410076,1995.405825316214
10650,0.7041580853400686,0.7899617741895462,0.21003822581045384,1995.489138168795
10651,0.5415340292497975,0.8074563504824848,0.19254364951751524,1996.4702082694898
10652,0.23989017076519184,0.41898327673274083,0.5810167232672592,2005.8009028273852
10653,0.2970685587964133,0.47431788698646915,0.5256821130135308,2001.2388101077727
10654,0.6567845803534204,0.731615941331794,0.268384058668206,1994.30771870345
10655,0.09944129398983734,0.17536261642211867,0.8246373835778813,2006.7876382276327
10657,0.3475527124642312,0.5670495452556327,0.43295045474436733,2001.8095902176804
10658,0.655613939901474,0.704252817978447,0.29574718202155303,1996.279091406369
10659,0.293923923733424,0.4454386844303465,0.5545613155696535,2003.729440422675
10660,0.6301119113438136,0.7624865423309026,0.23751345766909737,1994.9056570285272
10661,0.5633059762177679,0.8355686382192132,0.16443136178078677,1995.2857151296564
10662,0.46028036742528106,0.624628461749383,0.375371538250617,1998.1122105017048
10663,0.24793384779137553,0.4008284917381115,0.5991715082618885,2004.9261839392434
10666,0.710969702947681,0.7945682306646039,0.20543176933539609,1992.3765935948613
10667,0.6412198772476596,0.7963664006605649,0.20363359933943515,1997.12897968555
10669,0.357337678517243,0.5991121318949163,0.4008878681050837,2000.1998691418742
10670,0.6398170712562282,0.7121224105825269,0.2878775894174731,1994.8221989953768
10671,0.7621017284011342,0.8452349844703153,0.1547650155296847,1996.3330115125577
10672,0.570397455160109,0.7737451873415344,0.2262548126584656,1994.6925851162607
10673,0.4525761824904792,0.5949126300060619,0.40508736999393813,1997.2274804998742
10674,0.6066951800156244,0.7580401657587844,0.2419598342412156,1994.577054380891
10675,0.24980831126766567,0.4711514479957456,0.5288485520042544,2002.2335007421962
10676,0.40499645927807876,0.6219449963627678,0.3780550036372322,1997.9546492134607
10677,0.37988597842075017,0.5985849254395232,0.40141507456047676,1999.6179579360503
10678,0.7885773062697282,0.8643226070577955,0.1356773929422045,1992.3247763506704
10679,0.5012892584549931,0.6925758786163534,0.3074241213836466,1999.1273362050997
10680,0.603310209024139,0.7007729479533289,0.2992270520466711,1999.9095066603916
10681,0.2092969058048772,0.4468042867147546,0.5531957132852454,2003.5069836105454
10682,0.36871788595057586,0.6712493310198018,0.3287506689801982,1998.1999878410513
10683,0.31310200665490995,0.537728889803,0.46227111019699996,2000.9806006464087
10685,0.30562618550814863,0.5598403314553858,0.4401596685446142,2001.4286945859994
10686,0.5460813340303491,0.7348409109706908,0.2651590890293092,1996.4398999825662
10687,0.31273232383092897,0.539130104874569,0.460869895125431,2000.5104553616086
10688,0.6777060940408854,0.7722752101546905,0.22772478984530953,1993.9862524162315
10689,0.23706364233312155,0.43726274591333686,0.5627372540866631,2003.7847990343462
10690,0.7106969420295608,0.7990010862465311,0.2009989137534689,1992.9961819690686
10691,0.28241188225377756,0.6393290744969535,0.36067092550304647,1998.0058080826382
10694,0.6895019482446428,0.7730901275249894,0.2269098724750106,1992.0700208570577
10695,0.414057416414336,0.672934771638146,0.32706522836185403,1999.2794911587982
10696,0.49896017089682526,0.7225220598832107,0.2774779401167893,1996.961316186064
10697,0.5325544028075144,0.829347908908171,0.170652091091829,1994.9365542859878
10698,0.6580709992927749,0.7657595915692318,0.2342404084307682,1993.3861851470901
10699,0.48025203062418165,0.7481493452235569,0.2518506547764431,1997.162664795162
10700,0.545358779960985,0.6969977926388059,0.3030022073611941,1996.3562235260529
10701,0.39918293519615794,0.6941174898201031,0.30588251017989687,1999.0238878024934
10702,0.40536562288281586,0.6301140368715354,0.36988596312846456,1998.4728657518892
10703,0.2180361721041659,0.5704655808321313,0.4295344191678687,1999.0053325917104
10704,0.6236959227957839,0.7682406366632791,0.23175936333672087,1995.2307900614367
10705,0.3330462145425556,0.4488475265573744,0.5511524734426256,2004.0694555129137
10706,0.7175787614281233,0.8061601393356819,0.19383986066431813,1993.4526984990687
10707,0.5397821708065073,0.8083178276388627,0.19168217236113727,1996.2088968210812
10708,0.34733795782111737,0.4990887881150436,0.5009112118849564,2002.0669936767274
10710,0.5292095606971766,0.6461616213094146,0.35383837869058543,1998.0508345860994
10711,0.19089388276804137,0.3860789238601873,0.6139210761398127,2004.2845641467059
10712,0.2661017997453782,0.39857073061186027,0.6014292693881398,2002.5478780292813
10713,0.26467280114950187,0.42676271224073564,0.5732372877592644,2002.812715263548
10714,0.45635714315964304,0.6453129493674639,0.35468705063253614,1997.81658577605
10715,0.44126431615938766,0.6228343264882215,0.37716567351177854,2000.713588443435
10717,0.45118023432751975,0.6167877104474621,0.38321228955253794,1999.8740052365652
10718,0.6515621130135485,0.7610746285694484,0.2389253714305516,1994.9010771783571
10719,0.22935717966650493,0.39360680733890296,0.606393192661097,2003.1265921015777
10720,0.7548018724000335,0.8199032779118111,0.18009672208818894,1993.4958602328254
10721,0.42406709209070714,0.6138283815629062,0.3861716184370938,2001.127494712136
10722,0.7553893049384919,0.8521117720522003,0.14788822794779966,1991.7097380316977
10723,0.3431851188397877,0.5520749523072174,0.44792504769278263,2001.5538600454004
10724,0.7706132532440921,0.8406532061520817,0.15934679384791828,1990.6511128888608
10725,0.2365810830832039,0.38153564824214353,0.6184643517578565,2003.8885992935745
10726,0.6749123277957133,0.8589399809654781,0.14106001903452192,1992.0518493560946
10727,0.5031055768751028,0.8665573265818485,0.13344267341815153,1994.8891975514944
10728,0.6216251901027203,0.8345459140242605,0.16545408597573952,1993.6694426100596
10729,0.41807143624653154,0.6156277587104142,0.3843722412895858,2000.5472175455593
10730,0.5599981214062555,0.7327425547380589,0.26725744526194106,1994.1414139669496
10731,0.4010027246495323,0.7241136883011361,0.2758863116988639,1996.970155801858
10732,0.6933220395629257,0.7667080936958977,0.23329190630410235,1993.0656647340984
10733,0.5264538746964623,0.6651652547132209,0.33483474528677915,2000.1461877871088
10734,0.5120451773659627,0.8032985993699163,0.19670140063008368,1993.978813604141
10735,0.31279267411579864,0.49397631334886877,0.5060236866511312,2002.2953540065441
10736,0.6822192447721198,0.8079240703457662,0.1920759296542338,1991.7038675896063
10737,0.32970948497863717,0.580216473482879,0.41978352651712103,2001.5409097998206
10738,0.35296069873176167,0.4789229268168151,0.5210770731831849,2001.178526397584
10739,0.5207243907468838,0.7796602546343812,0.22033974536561884,1994.8593265139716
10741,0.42076162256199723,0.6066610876347907,0.39333891236520935,2000.2088235348524
10743,0.2939645536141687,0.5500691403923433,0.44993085960765666,2001.4128765856155
10744,0.6266870906119614,0.7849563393640375,0.21504366063596247,1996.156527618654
10745,0.06427516966814514,0.20225840897466238,0.7977415910253376,2006.2363598572765
10746,0.6370403924455266,0.6964518271057143,0.3035481728942857,1998.1796352665735
10747,0.42604532405014417,0.6936084246187187,0.30639157538128126,2000.119638280409
10748,0.48444576349558754,0.7787399199168342,0.22126008008316578,1995.6398643828218
10749,0.35309074520263983,0.4740087215799544,0.5259912784200456,2002.7769335863143
10750,0.627952633627143,0.7503803432305957,0.24961965676940434,1993.300689893907
10751,0.6971635459279337,0.8630339956734334,0.13696600432656658,1994.0782112633242
10753,0.40609886017739893,0.5847604569308346,0.41523954306916544,2000.5755158960812
10754,0.5466635081015478,0.7166092705357618,0.28339072946423816,1996.844697560656
10755,0.4538059629790378,0.6467284455768001,0.3532715544231999,1998.4915667440553
10756,0.28016511131622074,0.5341239096817318,0.46587609031826815,1999.1525700424038
10757,0.3660806842068495,0.5475571039297903,0.4524428960702097,2001.7761049276844
10758,0.5640626977665757,0.7109689839505343,0.2890310160494657,1994.3216678821077
10759,0.25707856571762927,0.4713954342609295,0.5286045657390706,2001.6226743706363
10760,0.6647628584228947,0.7974835329583493,0.20251646704165072,1992.2193408557393
10761,0.5014506479341759,0.7163215961163372,0.28367840388366283,1996.8913407784657
10764,0.6035372743666794,0.7684778047952032,0.23152219520479678,1996.1529668637982
10765,0.706729568181337,0.7839290628991623,0.2160709371008377,1999.140453816826
10766,0.6088303976609488,0.7396351519676927,0.2603648480323073,1994.5035708782952
10767,0.31579132090040307,0.4828331743899802,0.5171668256100198,2002.2754113343838
10768,0.7537880070050293,0.8916002002454967,0.10839979975450331,1990.3191493934062
10769,0.5389082216673511,0.7858205895186999,0.21417941048130007,1995.8212863980066
10770,0.7461361391048845,0.8148803573077006,0.1851196426922994,1992.6221799131795
10771,0.38603274957324396,0.5601547701839793,0.4398452298160207,1999.4531879772474
10772,0.6757614813718624,0.7779430667811549,0.22205693321884512,1994.6466441279613
10774,0.7136001777525274,0.7933247175858281,0.20667528241417188,1992.647760197853
10775,0.3944734002844966,0.5700645637512739,0.4299354362487261,2000.5862187273099
10776,0.4897690951243324,0.6748377678606716,0.3251622321393284,1998.7623975662598
10777,0.38424027857230125,0.5864442968131031,0.41355570318689694,1999.8426893122808
10779,0.3205001039890119,0.4614069853280808,0.5385930146719192,2003.1140760335772
10780,0.5843485313878213,0.7278949081289098,0.2721050918710902,1996.4618213902265
10781,0.4300196646725503,0.6367100654268407,0.3632899345731593,1999.1915756639787
10782,0.6537955752275393,0.7900984198112968,0.2099015801887032,1993.6780104343716
10783,0.4548431510282117,0.681380147105778,0.318619852894222,1998.4479182425491
10785,0.2644860105786454,0.44736262637578406,0.5526373736242159,2003.3210576074014
10786,0.5890381920826032,0.7445810437622837,0.25541895623771627,1994.3402681656873
10788,0.7207070751289213,0.8332789777353634,0.1667210222646366,1990.7989878586068
10789,0.6330682484501818,0.7566491440753266,0.24335085592467343,1997.6284407695862
10790,0.41448118770643133,0.7128072933582661,0.2871927066417339,1996.8702362984307
10791,0.4343655504474454,0.7510863505885076,0.2489136494114924,1997.1912737371447
10792,0.09986535642543026,0.13540257342961073,0.8645974265703893,2007.5354735453661
10793,0.28008824300496193,0.39947078335317954,0.6005292166468205,2004.2274136653416
10794,0.38499686959649043,0.6665687159205415,0.33343128407945855,1999.2135594130177
10795,0.3766998474182399,0.5958914527929443,0.4041085472070557,2001.1039124508754
10796,0.5587060540937713,0.7054917301848661,0.2945082698151339,1999.4250177373412
10797,0.2925867321843487,0.6104361924637763,0.38956380753622366,1999.4509756038412
10798,0.7158928610383595,0.8278785607869757,0.17212143921302425,1991.9507481013234
10799,0.27834073819779037,0.604985742475713,0.395014257524287,2000.111486164501
10800,0.8299345866417306,0.9312896637685417,0.06871033623145828,1989.3444084843768
10801,0.4863648281367022,0.6452168455274865,0.3547831544725135,2000.063410372935
10802,0.6591308425824606,0.7165442134333803,0.28345578656661974,1995.089627056714
10803,0.2505907407107447,0.3853378251682036,0.6146621748317964,2003.9092185437132
10804,0.6393049915816579,0.7637989625631376,0.23620103743686238,1995.6438266226514
10805,0.6201905860166393,0.7892826597900989,0.21071734020990107,1998.7338616128884
10806,0.519507781896461,0.6571118581854374,0.3428881418145626,1995.8349984050185
10807,0.2767227355253925,0.42324178659570744,0.5767582134042926,2003.7783227940652
10808,0.6799657922672079,0.785673928201956,0.21432607179804397,1992.3177153052607
10809,0.7869897238540343,0.8884996774333417,0.11150032256665832,1995.4717005106568
10810,0.7213567021386976,0.8227156500023453,0.17728434999765474,1993.482110267816
10811,0.43790754502037954,0.6105037151423713,0.38949628485762866,2001.185052866455
10812,0.39686218909423926,0.6037525873065832,0.3962474126934168,1998.382058633452
10813,0.439178544257651,0.6274029212292331,0.37259707877076687,2001.188811711402
10814,0.38727387985730877,0.6217348737483869,0.3782651262516131,1999.4578591560257
10815,0.455535150516923,0.6273965468694324,0.37260345313056764,1998.254616807008
10816,0.6946215353794257,0.8556293623327426,0.14437063766725744,1992.6007600872454
10817,0.23735674709756596,0.3478928936908874,0.6521071063091126,2005.0951252861232
10818,0.6751695188892477,0.8165538919324886,0.18344610806751138,1992.760873009103
10820,0.7088461649880744,0.7853407236454581,0.21465927635454185,1993.3196376979927
10821,0.33942848570483664,0.4747911336330742,0.5252088663669259,2004.6311361767348
10823,0.7649492695986188,0.8915118241604749,0.10848817583952508,1997.6024894772906
10824,0.4583497240491271,0.4875101799123212,0.5124898200876788,2009.1364311370685
10825,0.17172379596006293,0.36845933592322777,0.6315406640767722,2004.0937652808302
10826,0.6890932567451342,0.7913011371048158,0.20869886289518425,1993.4376978850562
10827,0.3779673865390677,0.5648920905705257,0.4351079094294743,1999.6647959495763
10828,0.5463522456130867,0.701761154346122,0.29823884565387804,1996.3202179143855
10829,0.26004663200595024,0.4500379262836886,0.5499620737163113,2003.8279380065924
10830,0.7271298024236018,0.763220331383858,0.23677966861614197,2000.4261703496154
10831,0.3445614681266921,0.5167031980271145,0.4832968019728855,2002.303814051974
10832,0.4965103108034637,0.6166186889155442,0.38338131108445583,2001.113805234979
10833,0.3459006152978486,0.5608681001397842,0.43913189986021584,2001.103523195292
10834,0.4715548244250653,0.7218182254778801,0.2781817745221199,1997.856895299226
10835,0.39143937294295983,0.7072656841898023,0.2927343158101977,1998.65386465361
10836,0.6124496874164034,0.7940504741714564,0.20594952582854364,1993.9034305406888
10837,0.3405330105146353,0.5096153307566668,0.49038466924333324,2001.9315962811595
10838,0.7840134358473193,0.886701934934865,0.11329806506513496,1991.6889163862359
10839,0.8580268419177323,0.9135541247224211,0.08644587527757885,1994.779397657105
10840,0.7184902963942394,0.8389203558915722,0.1610796441084278,1994.9325279440807
10841,0.4623710748683943,0.6164685653969726,0.3835314346030274,2001.0506798707852
10842,0.24594185849831351,0.44081837114094835,0.5591816288590516,2000.896153141317
10843,0.29492576795737363,0.404908341809222,0.5950916581907779,2004.4201753999928
10844,0.6036713906158166,0.7351423756007448,0.2648576243992552,1995.4765348138467
10845,0.06297327482307521,0.09697895234774866,0.9030210476522513,2007.9462382196969
10846,0.581329486902043,0.7661576047201649,0.23384239527983508,1993.3930713841744
10847,0.5071923538582062,0.8299216116551063,0.17007838834489375,1996.6101933563139
10848,0.6659358986237519,0.8396125694003949,0.16038743059960514,1992.5819167911861
10849,0.21338443830412257,0.5454258536989398,0.4545741463010602,2001.0889989762916
10850,0.4072936279853335,0.6596598857374635,0.3403401142625365,1996.8946563650284
10851,0.3225160226534038,0.681862202943596,0.318137797056404,1999.262086956592
10852,0.5588831870274654,0.7968257667123948,0.2031742332876052,1993.0122856528296
10853,0.9010449539890755,0.9619390914206367,0.038060908579363284,1992.4189088808187
10855,0.3906837526796566,0.6148692185072913,0.38513078149270874,1998.9834203187174
10856,0.742748482982087,0.8604391436510824,0.13956085634891757,1992.046830105589
10857,0.41214690939758053,0.5306650680652486,0.4693349319347514,2002.8375642900453
10858,0.46025749030002294,0.6651727160963115,0.33482728390368854,1997.2118193212589
10859,0.5439848946653592,0.6421639875715536,0.3578360124284464,2002.2404644940689
10860,0.6763428522104955,0.7938615955198073,0.20613840448019272,1993.2318835125357
10861,0.33760882390464986,0.5006133700019998,0.4993866299980002,2002.8327797219324
10862,0.5229966039096544,0.6558811753316419,0.3441188246683581,2000.9016887071693
10863,0.26270041531814803,0.5467385042518501,0.4532614957481499,2000.788674929032
10864,0.469203299797876,0.7570002999586133,0.2429997000413867,1994.6394942585127
10865,0.3478402814346769,0.5839520328925283,0.4160479671074717,1999.508149119918
10866,0.5499986481758977,0.6462673678673869,0.3537326321326131,1996.9247699138034
10867,0.2845473492332838,0.5444311132283973,0.4555688867716027,2001.155688361969
10868,0.6906605043525083,0.837868617069012,0.16213138293098805,1992.3384912447382
10869,0.43322471486226655,0.5782560181813415,0.42174398181865846,2002.0084060009106
10870,0.8424709042639207,0.8980436424266307,0.1019563575733693,1988.855077562234
10871,0.42148817570600744,0.6261999145899598,0.3738000854100402,2000.101716533169
10872,0.3387027912548623,0.49580716123394436,0.5041928387660557,2001.449157881796
10873,0.1598905888399121,0.3919760356083803,0.6080239643916197,2003.6044322318533
10874,0.6717597283809332,0.785905166128975,0.21409483387102501,1994.020293424042
10875,0.40608501236924094,0.5984172805114347,0.4015827194885653,2000.5635014242396
10877,0.36983925741453477,0.7069700399969814,0.2930299600030186,1997.8401026670506
10878,0.4262464376060713,0.6765420208533981,0.3234579791466019,1995.8544449713256
10879,0.2568255560989975,0.4537955829836042,0.5462044170163958,2002.8356758528912
10880,0.7449587221406959,0.8466716470139174,0.1533283529860826,1992.5624478901232
10881,0.5643979939611492,0.7024375704640585,0.2975624295359415,1998.3646290134625
10882,0.7167715775651419,0.8255216568624224,0.1744783431375776,1991.698099020867
10883,0.2676229524631322,0.49037863186824604,0.509621368131754,2001.2112543902713
10884,0.6409260950582061,0.7861614502187148,0.21383854978128525,1993.1709975793913
10885,0.44405464455874716,0.627692667275298,0.37230733272470196,1998.8567330642031
10886,0.600737828156751,0.8123491577116613,0.18765084228833873,1992.477922764667
10887,0.42034941418219507,0.589754684082217,0.410245315917783,2001.4894130634218
10888,0.7420201715513405,0.8116203040371197,0.1883796959628803,1991.2116287411443
10889,0.2652980324207062,0.3779489560017833,0.6220510439982168,2003.014679477083
10891,0.09468964004008931,0.32099578489617353,0.6790042151038265,2004.1749647788374
10892,0.7011474264674921,0.8303142192704188,0.16968578072958118,1992.64447602178
10893,0.4586080719521722,0.7055889106501728,0.2944110893498272,1998.0757501400003
10894,0.8652352315991981,0.9021525339360429,0.09784746606395711,1988.6406498467982
10895,0.5999088467143675,0.7427604603804728,0.25723953961952717,1998.6167686574404
10896,0.6135429457698225,0.7358554055201347,0.26414459447986527,1995.4678654055035
10897,0.39612916367131507,0.6423790895749034,0.3576209104250966,1999.9534206488777
10898,0.6582077704432233,0.7339727105931809,0.2660272894068191,1994.4396536577017
10899,0.4291829852554913,0.5556292104301549,0.4443707895698451,2002.4880911835605
10901,0.4802809044049297,0.6538858888431329,0.3461141111568671,1999.911599044138
10902,0.5384285083557623,0.6811649876777197,0.3188350123222803,1997.3234524823106
10903,0.4465995361572483,0.6901227376785365,0.3098772623214635,1998.6311727711661
10904,0.7699754553219358,0.8784714264698852,0.12152857353011481,1991.6605451187204
10905,0.6638190907752233,0.8203456391753948,0.17965436082460517,1996.0376752979066
10906,0.47155686433622523,0.74668823329233,0.25331176670766997,1996.6227933567188
10907,0.16685194009452692,0.32759457983211066,0.6724054201678893,2004.4149539494172
10908,0.431785780411035,0.7648710886872802,0.23512891131271985,1994.2060468504408
10909,0.4727289838035608,0.6017670063159325,0.3982329936840675,2001.5954918755738
10910,0.7016759006859089,0.8681746164519716,0.13182538354802842,1990.226814693451
10911,0.39476912003588976,0.630374894931314,0.36962510506868596,2001.076562247164
10912,0.6878771544350426,0.788835235412354,0.211164764587646,1993.8188980181253
10913,0.438101327943061,0.7769613362169894,0.22303866378301063,1997.8455384222948
10915,0.48595838379995204,0.6454054370965183,0.3545945629034817,2000.4248180285842
10917,0.5792071636613597,0.8311437085191167,0.16885629148088332,1994.432556865677
10918,0.5380414383566422,0.6581496039370486,0.3418503960629514,1997.9767638559313
10919,0.379422331626925,0.5639856743322098,0.4360143256677902,2001.7780881676817
10921,0.20050961815699583,0.5187864348247455,0.4812135651752545,2001.8490458354174
10922,0.804911291254336,0.8236344388228055,0.17636556117719449,2001.944309744545
10923,0.09821158877396095,0.2607125321090349,0.7392874678909651,2004.8327497366138
10924,0.45429637206556645,0.6823743148959558,0.3176256851040442,1998.0381133301319
10925,0.37782830054453126,0.518292938796786,0.48170706120321405,2002.1726584290789
10926,0.664945833365469,0.8281836876782213,0.17181631232177874,1992.8352396223054
10927,0.34540390013847366,0.4796294557048972,0.5203705442951028,2003.2309186963455
10928,0.6229602033011769,0.7585798524586119,0.24142014754138807,1994.147093106104
10929,0.18875597159604787,0.4805795657058117,0.5194204342941884,2000.8126545882894
10930,0.691620640364847,0.8651137574404482,0.13488624255955184,1991.0705789414694
10931,0.49872908305322966,0.6559108909287564,0.34408910907124357,1999.497188881721
10933,0.2729797164624151,0.6964153339457961,0.30358466605420387,1998.719411584213
10934,0.7385327518597428,0.8115441961234205,0.18845580387657945,1994.8887651535488
10935,0.2579856328121186,0.38244572242397745,0.6175542775760225,2004.028797834722
10936,0.9083288751138504,0.9182896796271897,0.08171032037281034,1995.297518974117
10937,0.2880373623086681,0.616352017398378,0.38364798260162203,1999.5081594742678
10938,0.678146468850099,0.7542338682296426,0.24576613177035744,1994.627348474924
10940,0.7301990093258294,0.8219300656493413,0.17806993435065865,1992.2996499874832
10941,0.25826409824492264,0.41110909382749705,0.588890906172503,2003.6915203584645
10942,0.4493781349735111,0.6105723234835319,0.38942767651646815,1997.287930712471
10943,0.45042927852359893,0.6356817712238498,0.36431822877615017,1998.507763077298
10944,0.6922978121090528,0.8377496174551757,0.16225038254482427,1991.7621275680326
10945,0.47277997264398997,0.6052365571524461,0.39476344284755394,2001.1371537688206
10946,0.7539834194680132,0.823977356054703,0.17602264394529699,1994.1625656250949
10947,0.22448565322542827,0.4419510005560506,0.5580489994439495,2003.9154536107317
10948,0.5238656465099557,0.6298088429418891,0.3701911570581109,1999.3358717265655
10949,0.3985675454866794,0.7585070840207737,0.24149291597922629,1997.0238667855112
10950,0.6406957718792199,0.8630942832727178,0.13690571672728225,1991.5316805376322
10951,0.49657929620944413,0.7192681485964173,0.2807318514035827,1996.9234194338137
10952,0.6700803857401255,0.739636811186261,0.260363188813739,1997.0491116604892
10953,0.4203003640549895,0.5543989354942401,0.44560106450575987,2000.6231513206037
10954,0.5038467474786567,0.6698820992688219,0.3301179007311781,1997.9869846119236
10955,0.39631969466304184,0.4987194945389846,0.5012805054610154,2002.2819767750234
10956,0.39866061975485345,0.663616407072957,0.336383592927043,1997.4484495260722
10957,0.42275939042095584,0.6176856224179094,0.38231437758209064,1999.3354028708397
10958,0.6312533405638482,0.852376321903481,0.147623678096519,1990.678282727691
10959,0.49365254075625925,0.7219078504227981,0.27809214957720185,1997.621914506529
10960,0.6677227489684405,0.7805256248066099,0.21947437519339008,1993.6650852435987
10961,0.3312820455578434,0.6843703312768132,0.31562966872318676,1998.7297847612256
10963,0.3021550199831835,0.6177217661469835,0.3822782338530165,1999.004005060908
10964,0.6330832750092632,0.7719273997659195,0.2280726002340805,1994.1651238297177
10965,0.2998925475890894,0.6693241698626406,0.33067583013735935,1998.3173546386772
10966,0.6424463722524055,0.7284877764313439,0.2715122235686561,1995.2234857297133
10967,0.23289312965838757,0.44513453844126943,0.5548654615587305,2002.2138910107071
10968,0.7435573428473843,0.9046420123317497,0.09535798766825032,1990.9079097393471
10969,0.5145660194241095,0.7482399938427019,0.2517600061572981,1999.661120790499
10970,0.8459491274836729,0.8866259710828133,0.11337402891718673,1996.5670790113227
10971,0.3243978483771496,0.42304670329441185,0.5769532967055881,2000.802256121074
10972,0.8096496329098483,0.847739603454994,0.152260396545006,1993.9718881776255
10973,0.4582128679516712,0.6190653367446349,0.38093466325536507,2001.1232407633372
10974,0.5654595430843724,0.8223946838210001,0.17760531617899988,1993.8238468442937
10975,0.33305440533617037,0.6471153984391572,0.3528846015608428,1998.854855872495
10976,0.6184223595906542,0.855555028724046,0.14444497127595401,1991.9971001526285
10977,0.13476776558622341,0.3443289511418127,0.6556710488581873,2003.9390306667644
10979,0.35888819758815327,0.49545223846835745,0.5045477615316425,2002.591708007699
10981,0.5651463317732689,0.6963269702382805,0.3036730297617195,1998.8975088247482
10982,0.5561945498064095,0.7222143699560454,0.2777856300439546,1994.3675715365325
10983,0.5359326217238207,0.7059103169599951,0.29408968304000493,1996.3014144316603
10984,0.4111391521988394,0.6550861997515306,0.3449138002484694,1996.7665248645433
10985,0.30663577740928855,0.5994313830739983,0.40056861692600165,2000.280477457673
10986,0.5624313998513036,0.7543003751788868,0.24569962482111318,1996.2972551634039
10987,0.48416431632019513,0.6398993016304536,0.3601006983695464,1998.868390134792
10988,0.7250971636197219,0.9259146901685326,0.07408530983146744,1990.3167258312794
10989,0.32926547738713036,0.5634902048261333,0.4365097951738667,2000.7560484501225
10990,0.6330952009442674,0.8787368854851727,0.1212631145148273,1991.3430576025166
10991,0.32486519368979744,0.5189112147928107,0.48108878520718934,2001.64693424422
10992,0.608184915185427,0.7558610392132006,0.24413896078679942,1996.8533815043925
10993,0.31265196598390166,0.48476274624709537,0.5152372537529046,2001.944910584633
10994,0.600552538139032,0.6622362770008811,0.33776372299911894,1997.6308110449258
10995,0.3353317253263627,0.521485795912084,0.478514204087916,1999.8551435364384
10996,0.7615024143907675,0.8756689800120303,0.1243310199879697,1989.8151933646313
10997,0.5460708331886838,0.7210474708049909,0.2789525291950091,1997.59127327817
10998,0.7463346996099443,0.8255759323156394,0.17442406768436058,1997.084482267875
10999,0.21942530909898725,0.38047372141860036,0.6195262785813996,2004.4733736237392
11000,0.7172378622185446,0.8096153731672034,0.19038462683279656,1992.1675857878502
11001,0.2296643732261245,0.3443116137432109,0.655688386256789,2003.4904407342897
11002,0.6273921982716302,0.7510920225084657,0.24890797749153426,1996.8993265932047
11003,0.3983796974251337,0.6181166567547512,0.38188334324524875,1999.4033005684628
11004,0.4903077499959242,0.7079680964569532,0.29203190354304676,1994.4715971542926
11005,0.3134207805746576,0.676038350735272,0.32396164926472804,1998.6706190685543
11006,0.7176167176914062,0.8848571170362381,0.11514288296376185,1989.5456454275927
11007,0.27296824939445896,0.42927537637691043,0.5707246236230896,2003.9648128535853
11008,0.7119142105934843,0.883277829281332,0.11672217071866797,1993.4598612489795
11009,0.20160666697082807,0.30435864056529555,0.6956413594347044,2004.9580911364144
11011,0.5121987102804055,0.6878296541759806,0.31217034582401937,2000.1251360423107
11012,0.48918811731114087,0.6539117440417646,0.34608825595823545,1998.936741366872
11013,0.3390935994071865,0.5940076744811702,0.4059923255188298,2000.0262960235339
11014,0.5996681263941411,0.8193156155798935,0.18068438442010648,1993.0713784441016
11015,0.567048029692194,0.7363752049654912,0.26362479503450875,1998.7242232550627
11016,0.7116750819064144,0.8535419126520601,0.14645808734793986,1991.095710367511
11017,0.19166336837293935,0.24856849396503908,0.7514315060349609,2006.1418236022403
11018,0.44501490965286783,0.6697762850936636,0.3302237149063364,1998.243535943279
11019,0.3223900003599108,0.4696448694208123,0.5303551305791877,2002.169085070118
11020,0.011877106138630127,0.025050899368867383,0.9749491006311326,2007.3422380987993
11021,0.18407304811075245,0.3686548700270213,0.6313451299729786,2005.0322454786997
11022,0.6100346597889496,0.7259873158190205,0.27401268418097946,1995.8454004732848
11023,0.6141305620525298,0.7547839149196232,0.24521608508037684,1997.7753935779913
11024,0.3775640213193161,0.6209908355147864,0.3790091644852136,1998.8945259391771
11026,0.7081249715900036,0.748509226260607,0.251490773739393,1993.543292024296
11027,0.16025576896583202,0.4966017947482007,0.5033982052517993,2001.4114203312956
11028,0.6545610122812471,0.7738586174742123,0.22614138252578775,1995.712749986099
11029,0.34692278145367134,0.6781538340809027,0.3218461659190973,1997.6183480534587
11030,0.42532910843162464,0.5186637421429965,0.4813362578570035,2001.494909301801
11031,0.3436515973962824,0.5855238589672144,0.4144761410327856,2000.4485967136218
11032,0.7310768419430117,0.8712051709898477,0.12879482901015227,1996.5444492433066
11033,0.2688127601017562,0.38370404812915093,0.6162959518708491,2004.5340407498095
11034,0.4137821844881157,0.574763996912664,0.425236003087336,1998.1276432318261
11035,0.4692511362081236,0.6370405064248239,0.3629594935751761,1999.5578875268116
11036,0.5897826786111493,0.8114465282274118,0.1885534717725882,1994.2618571836385
11037,0.30854494995401643,0.4823799454238696,0.5176200545761305,2002.8299394435155
11038,0.7939469062834669,0.8960980893059943,0.10390191069400567,1988.57824025953
11039,0.3046273871677282,0.4900558338998733,0.5099441661001267,2002.0612403319726
11040,0.6699669466521291,0.8233857364618512,0.1766142635381488,1995.5927263708004
11041,0.3038498242081511,0.4386095397361221,0.561390460263878,2003.326005291902
11042,0.7554356048589793,0.8687725415936632,0.13122745840633676,1989.2374422552714
11043,0.16121337303006655,0.2974213315783786,0.7025786684216214,2004.9078176410665
11044,0.5366378982460808,0.795975574409421,0.20402442559057898,1994.7263859890213
11045,0.3681480186934189,0.5271426210160941,0.4728573789839059,2002.449222309505
11046,0.5533528468902176,0.7558506006588945,0.24414939934110547,1994.1280777661923
11047,0.2041712949260349,0.5364602375936534,0.46353976240634664,2000.3375179773266
11048,0.4975220127437072,0.7732302605177742,0.22676973948222579,1994.642979439697
11049,0.36208397765425393,0.4917450300218721,0.5082549699781279,2001.2974565913296
11050,0.4089020066666405,0.5793322366225496,0.4206677633774504,1998.1629942797979
11051,0.4937168608254571,0.7624100258596891,0.2375899741403109,1995.9623718874514
11052,0.7025115265746931,0.8274556805384997,0.17254431946150028,1990.4020317244588
11053,0.37597369313789647,0.5366641115525146,0.4633358884474854,2001.3157530565245
11055,0.16634375476381297,0.4677795713661702,0.5322204286338298,2002.0516576045634
11056,0.36803014240650694,0.4134603668676043,0.5865396331323958,2008.23104531068
11057,0.2889753347684111,0.5241305896287912,0.4758694103712088,2001.6624122617884
11059,0.23344251463907553,0.5175533959200594,0.48244660407994056,2002.3115453905093
11060,0.6777041679267536,0.7947906880171058,0.20520931198289416,1991.706412056944
11061,0.2238584823440054,0.3574844260701814,0.6425155739298186,2004.9782847351291
11062,0.7434005804366749,0.8833608866095355,0.11663911339046451,1990.2831943212852
11063,0.293199095578885,0.6550727951926356,0.3449272048073644,1999.2484168154895
11064,0.6572234779023981,0.7670931240848935,0.2329068759151065,1993.802578176786
11065,0.39460092558989107,0.6671545559158071,0.3328454440841929,1997.9822814519785
11066,0.8831988912102244,0.9176472151469187,0.08235278485308128,1991.4790476076073
11067,0.37472977934633767,0.5768882351141358,0.4231117648858642,2001.015658503666
11069,0.182220784951193,0.49130694566828437,0.5086930543317156,2001.256995846554
11071,0.37920535347005935,0.5613310009318413,0.4386689990681587,2000.788779138892
11072,0.6573261427630359,0.6939261211105872,0.30607387888941284,1994.4367676368054
11073,0.22276964674116298,0.4419367953948455,0.5580632046051546,2002.3360416464968
11074,0.7377451647808296,0.843918623565916,0.15608137643408404,1991.8079546503961
11075,0.3249643157050115,0.6626320536786415,0.33736794632135847,1999.2754865084446
11076,0.49817249614816994,0.7237550463262837,0.27624495367371626,1996.7122949355414
11077,0.3699210368168314,0.5649830826819789,0.43501691731802106,2000.1566827963452
11078,0.6331291915990668,0.8492647335496329,0.15073526645036706,1993.5240967596144
11079,0.3285195136335095,0.7069315684021453,0.2930684315978547,1998.965537604916
11080,0.7734295559041926,0.8766107248546003,0.12338927514539966,1994.464286275756
11081,0.2342604834484995,0.44543389732270583,0.5545661026772941,2002.5200526929468
11082,0.3518736611904314,0.6212261628410697,0.3787738371589303,1998.5762045275953
11083,0.38225988635917824,0.636669761602741,0.363330238397259,1998.9114622915642
11084,0.673382022767152,0.7939431142357471,0.20605688576425285,1993.7413097868384
11085,0.18649477452161417,0.3920895173325384,0.6079104826674616,2002.3210492336596
11087,0.4350191238279767,0.7435379694045965,0.2564620305954035,1997.534123173573
11088,0.678292772663911,0.8197590830392548,0.18024091696074518,1991.0080180318198
11089,0.12484321929608663,0.48552005906965295,0.5144799409303471,2001.7560541283303
11090,0.6744638823490083,0.8528467184657043,0.14715328153429574,1993.8503783301917
11091,0.20035870361976182,0.4213881714281761,0.5786118285718239,2003.534463283756
11092,0.5758528998139093,0.7945159464284604,0.20548405357153965,1992.590696972333
11094,0.6358428660440861,0.7952650516984466,0.20473494830155337,1993.0649417300233
11095,0.2211849569894464,0.39923533528070376,0.6007646647192962,2004.0045160519148
11096,0.6035759877888133,0.8117961367221164,0.18820386327788363,1993.2937644844985
11097,0.37241761448047134,0.6333059406444153,0.36669405935558474,1999.549798657444
11098,0.5814402074713166,0.6973344035487545,0.30266559645124547,1996.0013986585725
11099,0.5574930700238157,0.6718643321845486,0.32813566781545145,1999.6196886879457
11100,0.7272305973329248,0.8452695843078113,0.1547304156921887,1993.6308593382173
11101,0.3036338114345233,0.54361357774218,0.45638642225782,2001.1382072733638
11102,0.5101474472566786,0.6766383957262957,0.3233616042737043,1996.9234931441713
11103,0.08456511996379641,0.48156851632708,0.51843148367292,2001.7026032471638
11104,0.27596243411175525,0.43184169287585067,0.5681583071241494,2002.022235468261
11105,0.2637923322146683,0.4399320898313874,0.5600679101686126,2003.409416521075
11106,0.44641933684850943,0.5273727438653417,0.4726272561346583,2003.7673941380342
11107,0.33157260002137995,0.4466014681599429,0.5533985318400572,2003.0213273171169
11108,0.6316935950423889,0.7710821367409035,0.22891786325909647,1995.5909800041857
11109,0.44054517537150994,0.5867199664278179,0.4132800335721821,2001.2884047442426
11110,0.6919868686176298,0.859489077909503,0.14051092209049698,1994.3223558572565
11112,0.47379162060369473,0.6415764030689198,0.35842359693108017,1999.6433231044487
11113,0.2976579349485545,0.5200527184704096,0.47994728152959043,2001.4623234482788
11114,0.49061301815734565,0.6553181543506513,0.3446818456493487,1999.8175077403987
11115,0.23891412442423832,0.5952398393241742,0.40476016067582576,2001.4669350164952
11116,0.6644159044323753,0.8269840371518881,0.17301596284811194,1991.0404380791913
11117,0.143463749348207,0.33417055132683915,0.6658294486731609,2004.1529594894312
11118,0.6069523839871558,0.8298045288344583,0.17019547116554168,1996.3521605066012
11119,0.6083569352209864,0.7085009736362092,0.29149902636379077,1998.808906428108
11120,0.4817372078249192,0.7828161396521586,0.21718386034784143,1994.372291109789
11121,0.1422077881750277,0.3863720011662585,0.6136279988337414,2002.8071219287935
11122,0.3004237120892455,0.5849308585690759,0.4150691414309241,2000.2455136549545
11123,0.4755760386695951,0.6670407328753608,0.3329592671246392,1998.5786232578732
11124,0.6488227404857143,0.8173052623165289,0.1826947376834711,1992.0497249365721
11125,0.15564456766108561,0.32883718926802774,0.6711628107319723,2004.5341385676227
11128,0.7057538754002115,0.8672530944889297,0.13274690551107027,1994.3185578231987
11129,0.28017811519987457,0.4970118585155042,0.5029881414844958,2001.7130302186517
11130,0.3858853092101783,0.6796111728297096,0.3203888271702904,1998.6343458903204
11131,0.3304885139246763,0.5319799388123452,0.4680200611876548,2000.8406399460239
11132,0.2956463691648539,0.5255728046603091,0.4744271953396909,2000.5442422167623
11133,0.20893254912948894,0.5009111604262116,0.49908883957378836,2000.8461159197984
11135,0.3685503862044189,0.5865122597449255,0.4134877402550745,2000.4051834944603
11137,0.1839276386421452,0.33928200912730533,0.6607179908726947,2004.3036634705304
11138,0.37477136319116533,0.7365427341468311,0.26345726585316886,1996.2091511605113
11139,0.32974928007705384,0.4898041219888547,0.5101958780111453,2001.4100660206554
11140,0.60653206138997,0.7757363668287629,0.2242636331712371,1997.0251279345584
11141,0.29070322897993695,0.5123155755161413,0.48768442448385874,2002.2246871313937
11142,0.5673525719962641,0.7166802895912527,0.28331971040874726,1993.8820474678514
11143,0.2612690976109685,0.4265640280720288,0.5734359719279711,2002.4275052171474
11144,0.7742540973498946,0.8826208746244563,0.11737912537554374,1992.3356634743634
11145,0.24997485894468563,0.5687972191000988,0.43120278089990116,2000.4725880237063
11147,0.5829070458605631,0.787462399643687,0.21253760035631297,1996.7653130597987
11148,0.6913244524548284,0.8761262778104323,0.12387372218956771,1994.368417395246
11149,0.3102299131054549,0.5715586561436226,0.42844134385637744,2000.3704374884644
11150,0.4930134487974853,0.7513913074329809,0.24860869256701912,1994.3987564738245
11151,0.2821330625752472,0.4583557523042709,0.541644247695729,2003.0061735884926
11152,0.4529615629536583,0.7576232058850579,0.24237679411494206,1994.4380813910855
11153,0.2454286410069755,0.4599264502279698,0.5400735497720301,2002.144193526368
11154,0.6650975128432524,0.7648442431069885,0.2351557568930115,1995.6770660199995
11155,0.5154863505977756,0.7977448030103087,0.2022551969896913,1995.6840218062387
11156,0.5193168637375881,0.6987159243657829,0.3012840756342171,1995.21634216524
11157,0.32074519970671755,0.5330536033344684,0.4669463966655316,2001.2192222447336
11158,0.4290483127516678,0.666228587223679,0.33377141277632105,1995.696428712548
11159,0.4776463820337978,0.7286518089237086,0.2713481910762914,1997.820068342686
11160,0.6473323480737577,0.8334141933401981,0.16658580665980194,1992.6876018753467
11161,0.241369934734517,0.4577116971160274,0.5422883028839727,2000.571045939748
11162,0.27082255561303675,0.46611609697823964,0.5338839030217604,2000.0970659502452
11163,0.1698930237621926,0.26056045924916366,0.7394395407508363,2006.2304018336306
11164,0.6996398670773093,0.8580518077305819,0.14194819226941813,1995.6754470754038
11165,0.21455405207741354,0.6743509506441936,0.3256490493558064,1998.5334845923642
11166,0.32380350358091525,0.5996516593255102,0.40034834067448977,1999.4388880458089
11167,0.02675075105938151,0.7755605229676196,0.22443947703238043,1999.297748520182
11168,0.5554714355868391,0.7374979538385988,0.26250204616140116,1993.996134541638
11169,0.16731193133649291,0.3887241284353619,0.611275871564638,2004.0046419979042
11170,0.34659546277145814,0.5512005558428128,0.4487994441571872,2000.7265263974855
11171,0.38491825105603944,0.5873437735280831,0.4126562264719169,1999.5083324536365
11172,0.25407617509443503,0.5664902022098878,0.43350979779011223,1999.5360668797955
11173,0.2852366998857999,0.633559091990442,0.366440908009558,1999.172162450786
11174,0.5196790252736365,0.7564128672249174,0.2435871327750826,1994.093656857331
11175,0.5298860325479512,0.6820383703812226,0.3179616296187774,1999.617632987564
11176,0.4927834333858726,0.6680296780315522,0.3319703219684478,1999.359131837509
11177,0.12712544878854817,0.39440928021286414,0.6055907197871359,2002.2128947687966
11178,0.5218337842730755,0.7304964105603926,0.2695035894396074,1995.9461922155842
11179,0.5931888609286764,0.7894168825186869,0.2105831174813131,1996.5695680339247
11180,0.5690699227469149,0.8201162044387393,0.17988379556126066,1994.942054083539
11181,0.5393250133636104,0.7734078138790935,0.22659218612090648,1995.9192445977776
11182,0.4452906403848163,0.6884567349908192,0.31154326500918084,1996.7648975829602
11183,0.25369712541321576,0.3565499768047675,0.6434500231952325,2006.4713864386974
11184,0.5594563145129934,0.7908424918242223,0.20915750817577772,1993.7330238224135
11185,0.7079793677897133,0.8387568464370598,0.16124315356294017,1996.8714561529325
11186,0.5107514102348556,0.6534913337468863,0.3465086662531137,1998.2753090322258
11187,0.2148450209377392,0.5985838059636861,0.4014161940363139,1999.70155679448
11188,0.48621904374148095,0.6603936646096313,0.33960633539036866,1998.1867579317368
11189,0.3514663864455164,0.5937249490919477,0.40627505090805227,2000.6464756799219
11190,0.3407849827813543,0.6792978794163055,0.3207021205836945,1997.6917780155243
11191,0.26685040132013593,0.44321691320629575,0.5567830867937043,2002.576381296523
11192,0.4184923264592915,0.640516047673211,0.359483952326789,1997.2445521123109
11193,0.40550706021703176,0.6108482869202689,0.38915171307973107,1999.246569203237
11194,0.6037896957544144,0.7214107762200186,0.2785892237799814,1993.1975065795086
11195,0.2490966082559471,0.4796835179788145,0.5203164820211855,2001.441274448858
11196,0.46231141408263365,0.7784061850527891,0.22159381494721087,1994.3767108461082
11197,0.5742748774059485,0.7865973878610001,0.21340261213899991,1996.7580424115288
11198,0.48580467095736846,0.7490900813260829,0.2509099186739171,1995.856317548652
11199,0.22714700535086277,0.4132394336230163,0.5867605663769837,2003.582304396582
11200,0.6540433528257977,0.7987664424804656,0.20123355751953442,1994.3367948317937
11201,0.2856896736294175,0.4931272943401444,0.5068727056598556,2001.4205496589748
11202,0.3972492083316523,0.6599552902116427,0.3400447097883573,1997.3479934420932
11203,0.2859075312562445,0.7671842376303585,0.23281576236964152,1998.1994291644562
11204,0.6222785767814435,0.8516273499492629,0.14837265005073708,1994.167471933415
11205,0.573121775724678,0.7497709897969242,0.25022901020307575,1998.8179638812073
11206,0.3321856803059488,0.7345506635346432,0.26544933646535684,1998.0740590527105
11207,0.21334232971434833,0.5572971152846418,0.44270288471535824,2000.9248872289136
11208,0.5768928835880399,0.8071767929170836,0.19282320708291645,1993.676088398186
11209,0.6724435416065223,0.813171342294749,0.18682865770525103,1995.8545588792508
11210,0.3032546602066315,0.5530918355501518,0.44690816444984816,1998.7701351515825
11211,0.3353858100553663,0.5333088908742826,0.46669110912571743,2001.775293475139
11212,0.5314403108547835,0.8012205431894335,0.19877945681056652,1994.3728600818633
11213,0.5353232750123305,0.7456374555785593,0.2543625444214407,1996.4267331850856
11214,0.6228231873681958,0.7159415963325656,0.2840584036674344,1993.8406207743185
11215,0.27017360872847046,0.7192451794414327,0.28075482055856726,1997.9914587048115
11216,0.5991705079331484,0.8210710181058393,0.17892898189416073,1994.2210731174728
11218,0.7004177250423564,0.8704265178998191,0.12957348210018094,1994.0808234796757
11219,0.6714526363266715,0.7508885707354243,0.24911142926457575,1998.5882594320474
11221,0.5186335121236837,0.7623712512393537,0.23762874876064632,1996.1354277244777
11222,0.6330818692346922,0.7867682364905771,0.21323176350942286,1995.5347769373304
11223,0.16646340804147317,0.5311357108218749,0.46886428917812506,2000.6568591763692
11224,0.5777891125193868,0.8067838428530335,0.1932161571469665,1995.4921280444428
11225,0.24751043943037687,0.42140322089574844,0.5785967791042516,2002.9791695438807
11226,0.3649778545539162,0.6097550394200772,0.39024496057992275,1998.099529129044
11227,0.1398946484595612,0.28720266535531985,0.7127973346446801,2005.0531307050232
11228,0.6834159501742726,0.8121793919630798,0.18782060803692024,1994.091076401114
11229,0.3663882780737061,0.6433346064404152,0.3566653935595848,1999.4964449564413
11230,0.40265789733880686,0.7117730423732848,0.28822695762671524,1996.2588589997604
11231,0.24455078125578306,0.4819173137035619,0.518082686296438,2001.3500030540313
11233,0.07913928576637697,0.23809887753762551,0.7619011224623745,2005.6900753590733
11234,0.43124215896493123,0.6697816499796698,0.3302183500203302,1996.2333884253785
11235,0.4741511650708685,0.6968303505259134,0.30316964947408664,1998.3863355184428
11236,0.3100061741009509,0.551811359476158,0.448188640523842,1998.846721832935
11237,0.3740438494727532,0.5802485331418161,0.4197514668581839,1999.9449125991785
11238,0.4062944005516815,0.5421192178963576,0.45788078210364236,1999.1681078063245
11239,0.5302170895987981,0.7304768331656883,0.26952316683431166,1997.8110458355022
11240,0.546737119192081,0.7474763662047486,0.25252363379525145,1996.0015099431698
11241,0.2386125974481656,0.44499052687183493,0.5550094731281651,2001.9456704930942
11242,0.2063878975966075,0.39167402323221984,0.6083259767677802,2002.3282893284893
11243,0.3824521744459667,0.6922310845991693,0.30776891540083073,1997.848278702615
11244,0.7486954736499934,0.8579149819504879,0.14208501804951212,1994.7751537962
11245,0.27088823961892156,0.6242764872177635,0.3757235127822365,1999.1894065523215
11246,0.7030100036319945,0.8528738749588675,0.14712612504113254,1991.8935935590362
11247,0.2681504445631017,0.5072427754066317,0.49275722459336835,2001.5163327758971
11248,0.50710322235593,0.7079828213834417,0.2920171786165583,1997.8196236949211
11250,0.5755838023519934,0.7978858594270752,0.20211414057292476,1994.5408912478044
11251,0.2350757320748583,0.4322105745704105,0.5677894254295894,2002.6982733794027
11252,0.35421058712777703,0.5051568067007234,0.4948431932992766,2000.130684855906
11253,0.39520018383228667,0.7358206738462142,0.2641793261537858,1997.0869447098985
11254,0.5099205030472387,0.76003175832464,0.23996824167536002,1993.6248001540816
11255,0.41363699036770896,0.6133116978076177,0.38668830219238226,1999.3884649297543
11256,0.5341610543765767,0.7670704307587939,0.2329295692412061,1995.2962557524017
11257,0.16276909420008878,0.3003801047529319,0.699619895247068,2004.2006623887078
11258,0.6910414324239785,0.8671693902222523,0.13283060977774774,1992.0441667130067
11259,0.22430249850364103,0.4145450875110817,0.5854549124889183,2003.9100613877806
11260,0.44562481508320717,0.5946838298036559,0.40531617019634414,1997.7664016683148
11261,0.598308586508431,0.70652345852391,0.29347654147609004,2000.1575626858328
11262,0.6086798241779205,0.7244664531154369,0.2755335468845631,1997.4647507839197
11263,0.14441791490592013,0.2937485812441056,0.7062514187558944,2004.2471259672018
11264,0.6277504290349524,0.8330582877739328,0.16694171222606724,1994.68607995755
11265,0.6875857169693905,0.839334164322842,0.16066583567715798,1995.2015820006782
11266,0.578601757883345,0.8103619462390504,0.18963805376094955,1992.2742308213076
11267,0.3184922051509389,0.6980690136116587,0.30193098638834126,1996.7510081179546
11268,0.6103475146446806,0.8274698072531422,0.17253019274685777,1992.5506697771127
11269,0.1806659204071333,0.5704820089292864,0.42951799107071365,2000.503822406003
11270,0.6578585426688046,0.804373775164796,0.19562622483520398,1992.4009573510225
11271,0.2424694481250308,0.4485912484290199,0.5514087515709801,2002.6268198729301
11272,0.16062242072970687,0.38315365975791554,0.6168463402420845,2001.9147323903496
11273,0.4441771953693205,0.7186175959376518,0.28138240406234816,1996.3203777805018
11274,0.179664345083572,0.36948227250719073,0.6305177274928093,2005.7531373079632
11275,0.36434119022846534,0.5962290755834745,0.4037709244165255,2000.1827607199543
11276,0.36871652736719385,0.8230163539734444,0.17698364602655559,1995.0739124659954
11277,0.2011705106455419,0.4162655507437712,0.5837344492562289,2002.7222953624066
11278,0.39080940851842694,0.6208472735482915,0.3791527264517085,1996.772798448849
11279,0.30926364541317564,0.5318470111026846,0.4681529888973154,2000.9314119500145
11280,0.5330410624764405,0.8080246593951503,0.19197534060484966,1993.8585986197213
11281,0.20135893175969777,0.5199207226157185,0.48007927738428147,2001.2246258606579
11282,0.629836416396348,0.8516398578638892,0.14836014213611082,1993.5041561255687
11283,0.18336312188266682,0.561828356655625,0.438171643344375,2000.7892018091686
11284,0.5659657283684069,0.8519203249669065,0.1480796750330935,1994.8275714530207
11285,0.0734032269255972,0.2861562765184075,0.7138437234815924,2005.1780559992376
11286,0.18730265358495593,0.41565197356824524,0.5843480264317548,2001.8285369749926
11287,0.07089558553463376,0.23650163555330397,0.763498364446696,2005.4468163472654
11288,0.760699893557408,0.8620375310680991,0.1379624689319009,1993.010590299301
11289,0.3134516229593862,0.5154084703834863,0.48459152961651375,2001.32325427293
11290,0.4142625537343732,0.7627842876125881,0.2372157123874119,1994.6238921702586
11291,0.2153237190905368,0.3778566386884766,0.6221433613115235,2003.4355746794652
11292,0.4474316457873251,0.5780044674369847,0.42199553256301525,1997.804993976949
11293,0.5096551040907921,0.8223765360669703,0.17762346393302975,1995.5863106995657
11294,0.6376484600189156,0.8601160181294105,0.13988398187058948,1992.124967401954
11295,0.2507550837554864,0.48381734479221433,0.5161826552077857,2001.8100534706425
11296,0.5525094458538007,0.7671984215210279,0.2328015784789721,1995.152892343075
11297,0.29046785608803616,0.5340582167430565,0.46594178325694346,2001.2121915045595
11298,0.38791289450629857,0.5613318332527536,0.4386681667472464,1998.4980398293499
11299,0.6804079049278474,0.8680178614260189,0.1319821385739811,1993.9301619392618
11300,0.5821159939365227,0.8468772426699108,0.15312275733008918,1992.049896384505
11301,0.6187665999805976,0.8090602598256383,0.19093974017436166,1995.5556130034106
11302,0.3659103466716318,0.5424229368260981,0.4575770631739019,2000.7214146839524
11303,0.5015026737330588,0.7729045722855175,0.22709542771448255,1995.1134505906891
11304,0.6172795364531538,0.8373550697562125,0.16264493024378746,1994.4705221390286
11305,0.16403108109266876,0.4365026339182356,0.5634973660817644,2001.526427728344
11306,0.21932854586813386,0.33496453667779996,0.6650354633222,2003.5510982459248
11307,0.10457897339555737,0.3250995276853428,0.6749004723146572,2004.4027316064014
11308,0.4152070416208479,0.5124736961586329,0.4875263038413671,1997.9346886703156
11309,0.34437715361293353,0.7327608996795922,0.26723910032040776,1997.6402543057607
11310,0.2689977806354169,0.5539641601005514,0.4460358398994486,1999.776163822404
11311,0.25210178357034174,0.5043303087649904,0.4956696912350096,2001.6158997160735
11312,0.37195186283603837,0.5006022329272302,0.49939776707276984,2001.2007865694188
11313,0.5644406562115069,0.8318396742361733,0.16816032576382667,1993.696686684026
11314,0.3428084961817571,0.5415572001110388,0.4584427998889612,1999.1087521511608
11315,0.34531687677132245,0.6792398067241343,0.3207601932758657,1998.688519565176
11316,0.17102583313913164,0.47562567048304294,0.5243743295169571,2000.9143559683075
11317,0.5552025311665406,0.8333184547731122,0.16668154522688783,1995.1059131445618
11319,0.06667924644967607,0.22665357516367043,0.7733464248363295,2005.8734903492357
11320,0.4087627667786824,0.5679564257898256,0.43204357421017436,2000.4730539605503
11321,0.3398105544210085,0.7364492957456255,0.26355070425437455,1998.060118706442
11322,0.2909130937672511,0.5468540522068295,0.4531459477931705,1999.316169155557
11323,0.270833933503944,0.41762159191670023,0.5823784080832998,2002.4150898686278
11324,0.6627671469133051,0.8770411346194058,0.1229588653805942,1991.4636291215656
11325,0.28811887708765443,0.48950735379609384,0.5104926462039061,2002.2341201448546
11326,0.6900261987983315,0.8382423524384177,0.16175764756158229,1990.6851770680728
11327,0.2502352598575006,0.41411341707274457,0.5858865829272555,2003.0039291435407
11329,0.18772990115086516,0.3986867610086485,0.6013132389913515,2003.3033940840173
11330,0.4109523447769406,0.5575276651680169,0.4424723348319831,1999.6228157846288
11331,0.3226325251772984,0.6645736835099437,0.3354263164900563,1999.4925150888805
11332,0.5588382070432396,0.766320730567944,0.23367926943205597,1993.2977231914783
11333,0.19984286718277078,0.4508556092388262,0.5491443907611737,2002.2696790573737
11334,0.5064781084370515,0.6642041889718449,0.33579581102815514,1995.844401741733
11335,0.13050508794208085,0.35479703562419074,0.6452029643758093,2003.9334702551823
11336,0.47931805749003875,0.7401590306848911,0.2598409693151089,1993.9750969310426
11337,0.3796845195262082,0.6327213903071423,0.36727860969285775,1997.0767207688782
11338,0.542413516254698,0.7649637229034286,0.23503627709657138,1993.7162155966282
11339,0.11044958786081044,0.2419708898238731,0.758029110176127,2005.726194458491
11340,0.2636600168899911,0.5442415752493271,0.45575842475067285,1998.9862715086642
11341,0.38835978993225745,0.6686253831550762,0.33137461684492375,1997.4467796888525
11342,0.4713532491768292,0.7963166215018412,0.20368337849815876,1993.471111993729
11343,0.4763400494500718,0.7583656921531393,0.24163430784686069,1997.8253605490913
11344,0.6712239514806527,0.8004713416290021,0.19952865837099787,1992.0827608669063
11345,0.35341233487412677,0.5967345250844445,0.40326547491555553,2000.8478759512598
11346,0.5213197819518015,0.7081381241285498,0.2918618758714502,1994.7131780196846
11347,0.2005695359770122,0.547789624919878,0.45221037508012196,1999.6093276808294
11348,0.43059340279838765,0.754198699245402,0.24580130075459805,1995.1274983106805
11349,0.1500279200210339,0.3280780258166293,0.6719219741833706,2004.10682495292
11350,0.4294501865122782,0.6929742153552444,0.3070257846447556,1995.4669471772456
11351,0.4038720098854213,0.5888403502259363,0.4111596497740637,2000.144782345893
11352,0.6676303633528126,0.8395626736306425,0.16043732636935748,1995.3295925991542
11353,0.33901657817035485,0.5814195795340166,0.4185804204659834,2000.192184545384
11354,0.5418638430480665,0.698614133938572,0.30138586606142803,1997.6904131190415
11355,0.10132907773211002,0.21801842241848085,0.7819815775815191,2005.748079470048
11356,0.1686058543914454,0.4279347324817203,0.5720652675182797,2001.2333882247806
11357,0.2423369177243987,0.42073261017933067,0.5792673898206693,2003.0700061170105
11358,0.631623627370684,0.8269350301536955,0.17306496984630448,1991.3096636896018
11359,0.6596995009218717,0.9161787881034313,0.08382121189656866,1993.1254581216074
11360,0.49419890289271884,0.644498329663655,0.35550167033634505,1998.8707629730063
11361,0.09172523064951,0.2691859482775157,0.7308140517224844,2005.8257601014918
11362,0.5730263020379724,0.8442824595018289,0.1557175404981711,1993.2706740263945
11363,0.4867388819021917,0.7818716459649454,0.2181283540350546,1996.434175472961
11364,0.48058232073268986,0.6103679892135423,0.3896320107864577,1998.834006913172
11365,0.14869286473558332,0.3082944540612307,0.6917055459387693,2005.7678949447495
11366,0.429537540201841,0.5801905043559696,0.41980949564403036,2000.6202283224661
11367,0.18817519112248857,0.3203527878569443,0.6796472121430557,2004.789758558201
11368,0.47831482310228113,0.8256487510321397,0.17435124896786025,1993.4032922042875
11369,0.3769856018920233,0.5615263823721749,0.4384736176278251,2001.9972547346554
11371,0.6214621870073803,0.8108787448324598,0.1891212551675402,1998.1485623030655
11372,0.715681737200149,0.8966047856788878,0.1033952143211122,1990.9123694214734
11373,0.4967086309350443,0.76140109610538,0.23859890389462002,1997.3092934971562
11374,0.4896878682160107,0.7427864920898065,0.2572135079101935,1995.8082480767637
11375,0.215955301586471,0.3189321524806546,0.6810678475193455,2006.453154157764
11376,0.23383898142386617,0.43794906847013426,0.5620509315298657,2005.2390298858697
11377,0.2991660359234799,0.5110861194283636,0.48891388057163643,2000.977432638326
11378,0.5688561688653213,0.8401129819617205,0.15988701803827954,1994.2227473747162
11379,0.2649678617908628,0.5599302982982383,0.44006970170176174,2000.5998624883023
11381,0.8701738148167569,0.9207937574462014,0.0792062425537986,1996.0307523386805
11382,0.48104080088423706,0.7896284382044283,0.2103715617955717,1994.5918380832518
11383,0.26127099984425944,0.4572640368433805,0.5427359631566195,2001.7638930857004
11385,0.4669649517209751,0.744677511647765,0.25532248835223503,1997.0831930173988
11386,0.22912847105610845,0.6358741740222293,0.36412582597777066,1998.3038979364967
11387,0.106799710831695,0.273731032817133,0.726268967182867,2005.887208294671
11388,0.3671469660943711,0.6624147989909241,0.33758520100907585,1998.295329310773
11389,0.1816504217195484,0.3412538719227455,0.6587461280772545,2003.2978383841112
11390,0.3476073745596222,0.5702413533213312,0.4297586466786688,1998.623561699926
11391,0.6146407043174358,0.8209049739680496,0.17909502603195038,1993.3556546607524
11392,0.46794548321757545,0.7475151575600153,0.2524848424399847,1996.670781443622
11393,0.632339810936962,0.9123533524308036,0.08764664756919638,1993.2464106601049
11394,0.27152484489610584,0.5183996576083442,0.48160034239165583,1999.1822179398293
11395,0.1023189452300893,0.2717228237771016,0.7282771762228983,2006.046930566721
11396,0.5289119199555079,0.7461410781589181,0.25385892184108194,1993.6964052230862
11397,0.5746544042347491,0.8250802593871823,0.17491974061281768,1995.4191889877682
11398,0.46054951032504304,0.6395868929471308,0.3604131070528692,1996.4424914047509
11399,0.22325916510946597,0.5134794395376684,0.4865205604623316,2000.9918405162132
11400,0.45687897758116863,0.653332505572945,0.346667494427055,1996.1024102474644
11401,0.5387775804777533,0.7182534111594799,0.28174658884052006,1999.3285833206862
11402,0.5219166753732467,0.7425461345441087,0.25745386545589133,1994.5078417861694
11403,0.3802320871283678,0.8048761964472604,0.19512380355273962,1995.811095034577
11404,0.497761716517608,0.656870218002527,0.343129781997473,1997.0500314174362
11405,0.15915300301801202,0.3051568640155873,0.6948431359844127,2006.0255900692675
11406,0.5981643373971652,0.7798790762216276,0.22012092377837245,1992.7678453774363
11407,0.41960585112718507,0.7931590990326004,0.2068409009673996,1996.5550092579556
11408,0.5078919422818585,0.654921278452876,0.34507872154712405,1995.63462893207
11409,0.19112041464252805,0.4386240869241348,0.5613759130758652,2002.4045754146432
11410,0.2929523928425613,0.5466089446613331,0.45339105533866686,2000.0147841742146
11411,0.1943824835224492,0.4581814980122413,0.5418185019877587,2002.4656826909584
11412,0.31630151081285773,0.5411980893814629,0.45880191061853715,1999.266907197907
11413,0.6360448943292261,0.8438732287932664,0.15612677120673357,1995.9452749605875
11414,0.6998284865634232,0.7301122635581024,0.26988773644189756,1994.8025553670934
11415,0.5843805136448424,0.8524936969046947,0.14750630309530532,1996.1402519004198
11416,0.306539127645994,0.6166872972399831,0.38331270276001694,1998.410171913075
11417,0.12013624423079221,0.2752689199706733,0.7247310800293267,2006.922978482628
11419,0.11299227689575221,0.3205532119399797,0.6794467880600203,2003.4917556490202
11420,0.3688113956083767,0.6005741147080353,0.39942588529196466,1997.7123555733826
11421,0.6367981280649203,0.8453236887741978,0.15467631122580217,1995.2926168447518
11422,0.6446956532551626,0.752916636875989,0.24708336312401102,1992.9404160079173
11423,0.5828976001471174,0.8084083734330463,0.19159162656695372,1995.919204804825
11424,0.4165172862705705,0.7082680245128179,0.2917319754871821,1995.7134590574485
11425,0.18865130772854619,0.43408771068237534,0.5659122893176247,2002.5997021333767
11427,0.10128364124467536,0.1953720011509396,0.8046279988490603,2007.4149498477277
11428,0.3153128594820835,0.7933926490480634,0.2066073509519366,1994.800447105631
11429,0.3744565251376386,0.5605265955403572,0.4394734044596428,2001.2079612900534
11430,0.42300998123618194,0.5866045155119456,0.4133954844880544,1998.39087111297
11431,0.1332875536010077,0.27207227303909576,0.7279277269609042,2004.8949195960354
11432,0.31574375183176057,0.5319555568815406,0.4680444431184594,2000.045296404481
11433,0.24659175760601246,0.6020727613479401,0.3979272386520599,1998.9800239173223
11434,0.08651012856882662,0.20535582851169046,0.7946441714883096,2008.6639905065053
11435,0.6750574341801514,0.7955409242870096,0.20445907571299038,1998.185839412514
11436,0.40115471466259595,0.6701582586168128,0.3298417413831872,1997.4517905420985
11437,0.20677698044947512,0.4425091198427778,0.5574908801572223,2003.8321630834762
11438,0.6505167095563675,0.7486203651530378,0.25137963484696224,1993.7457800544846
11439,0.22834641298045275,0.6194892628225761,0.3805107371774239,1999.4088400515107
11440,0.4898539836909754,0.6684692191064184,0.33153078089358157,1995.8638800914428
11441,0.36345225495215927,0.6857577061307151,0.3142422938692849,1998.7683136821533
11442,0.4898696025255795,0.5919033178964083,0.40809668210359173,1997.6440249124173
11443,0.1462231773537984,0.3445987548949495,0.6554012451050505,2002.7351169797437
11444,0.48233452639851115,0.5817156721343033,0.4182843278656967,1997.9266251680842
11445,0.18239740877193758,0.38202194774029646,0.6179780522597036,2003.2411735632857
11446,0.40635602147491084,0.5147585525503273,0.4852414474496727,1999.9166396760586
11447,0.20995682129990284,0.5704945758443936,0.42950542415560644,1999.8268762234516
11448,0.36968352410662625,0.5472365211063459,0.4527634788936541,1999.928158302359
11449,0.07751995090626741,0.20761728988652006,0.7923827101134799,2006.2569044128259
11450,0.8501577157411281,0.9037409155764726,0.09625908442352737,1991.0585563925088
11451,0.36545159385480847,0.5753828401144051,0.4246171598855949,2001.3154718172143
11453,0.690899425293509,0.8664759440874726,0.13352405591252736,1994.9628420717543
11454,0.35850970563397716,0.4721106302381603,0.5278893697618396,2001.0009286957352
11455,0.6589687566012811,0.8026153346548281,0.19738466534517185,1997.0223365096188
11456,0.29211204386416484,0.43417064922044635,0.5658293507795537,2002.740865320216
11457,0.2754756276726431,0.5567241501342357,0.4432758498657643,2000.8027777077803
11458,0.3193592653720244,0.44644795500919865,0.5535520449908014,2003.7421123128902
11459,0.36417791721051984,0.629302094288515,0.370697905711485,1999.7953334162332
11460,0.7581526446518886,0.8796064379745153,0.12039356202548468,1990.3517950432924
11461,0.29602842607508595,0.6422047765989667,0.3577952234010333,1999.206738668976
11462,0.19320398393165844,0.30017337157229695,0.699826628427703,2005.8327306096248
11464,0.8036379969355787,0.9096556421473614,0.09034435785263861,1989.0085647472065
11465,0.08896025048138842,0.20691319397301147,0.7930868060269886,2007.0409884072621
11466,0.7327367967145137,0.882917423144263,0.11708257685573698,1991.9328223858006
11467,0.5221344898943346,0.7860483216232549,0.2139516783767451,1995.8914615336666
11468,0.21137202953418405,0.42875403577634774,0.5712459642236523,2004.219460682386
11469,0.22312879015213935,0.5555570182072374,0.44444298179276265,2000.2891876505787
11470,0.8705057280716682,0.9433817305528261,0.05661826944717385,1986.761874052637
11471,0.36788493110433446,0.6025555893791964,0.3974444106208036,1999.4830458058525
11472,0.7789597659444579,0.8469205339967979,0.1530794660032021,1990.1057792425042
11473,0.34562774873880453,0.5006830539731347,0.49931694602686527,2003.8510758115508
11474,0.8613321123266178,0.9567378870583788,0.04326211294162119,1989.6609964726342
11475,0.5087084947056809,0.8569142056235738,0.1430857943764262,1995.1888787023386
11476,0.7883894209964964,0.8506108324144334,0.14938916758556664,1990.3764005035518
11477,0.15881658867147633,0.3573734961147633,0.6426265038852367,2003.565120495956
11478,0.8533484452165766,0.9187598007638903,0.0812401992361097,1989.2145801263448
11479,0.6407480938450199,0.7951794002810283,0.2048205997189717,1993.772819024614
11480,0.8910128092220019,0.931452490352923,0.06854750964707701,1986.6798869548545
11481,0.493590926059167,0.7818359885544133,0.21816401144558673,1997.1990787412951
11482,0.8428503720326257,0.9012535697963191,0.0987464302036809,1987.9704600968435
11483,0.17354144878645072,0.3367913807518861,0.6632086192481139,2004.5105073619438
11484,0.6407652620377908,0.6728715941199515,0.32712840588004855,2000.1631550513237
11485,0.26870734123529555,0.5155365438562194,0.4844634561437806,2001.4929829857708
11486,0.7278714884116304,0.7884293824656992,0.21157061753430084,1991.8491143755355
11487,0.18938610575850032,0.4917733956949635,0.5082266043050365,2001.246174123341
11488,0.8322224623551931,0.9204519071297791,0.07954809287022091,1989.3435768485713
11489,0.3383216494954139,0.6233610324204807,0.3766389675795193,1999.5084105062278
11490,0.7314680654626985,0.8132357069988697,0.1867642930011303,1990.0414277052264
11491,0.5000471203157483,0.6859691172044009,0.3140308827955991,1999.017538926259
11492,0.749504812677391,0.8697625706121118,0.13023742938788818,1990.6624192815127
11494,0.8244716647259991,0.9278945743825774,0.07210542561742261,1988.0227892305422
11495,0.19981955394861373,0.4866989692337473,0.5133010307662527,2001.650682165836
11496,0.7296490539100088,0.8229232159128061,0.17707678408719385,1989.7260889094778
11497,0.5535965448054744,0.8632616713058154,0.13673832869418456,1995.191353791498
11498,0.835741750100889,0.8823564785263894,0.11764352147361057,1990.4257468674045
11499,0.2176656999189678,0.579847812267237,0.42015218773276297,1999.6792520247377
11500,0.791405513050371,0.9139922350758855,0.08600776492411455,1993.2423690998037
11501,0.28864071727615925,0.5916796766662898,0.40832032333371016,1999.7967758009413
11502,0.8348525755015154,0.886471677510518,0.11352832248948197,1989.9651223704477
11503,0.26778275895745973,0.47178191464225294,0.5282180853577471,2002.1506905318113
11504,0.903784532488056,0.9405407766779709,0.05945922332202913,1987.7253264016335
11505,0.6062357689973149,0.7794690423960245,0.22053095760397545,1995.4192876760876
11506,0.9098085826102198,0.9385451468937936,0.06145485310620635,1986.9731395707215
11507,0.5361821924449743,0.8771684853678061,0.12283151463219388,1995.72151692491
11508,0.8421835224250322,0.9057894686024399,0.09421053139756008,1992.7734519138344
11509,0.3357405541258326,0.5631737374386234,0.4368262625613766,1999.9509673484215
11510,0.7418683001531393,0.8677411944869832,0.13225880551301683,1992.0130324649178
11511,0.2760091682032579,0.5549933015868243,0.44500669841317575,2001.0321120340961
11512,0.8811085021807091,0.9478720287895319,0.05212797121046808,1987.5716495831211
11513,0.294421023321976,0.562852615536783,0.437147384463217,1999.988403979364
11514,0.8643534286220489,0.8936816440765919,0.1063183559234081,1988.0373786167108
11515,0.6692665547424675,0.8372444277710268,0.1627555722289732,1996.877486770079
11516,0.865950450309173,0.9354266537673737,0.06457334623262634,1989.7990149178024
11517,0.19710247051508553,0.4612322441934484,0.5387677558065516,2002.014166298044
11518,0.6168391129334756,0.7402740294372749,0.25972597056272506,1995.4853735596619
11519,0.5918633318363868,0.8625064883883885,0.1374935116116115,1995.518154248291
11520,0.818976058735887,0.9364841099427584,0.06351589005724156,1988.5984283483062
11521,0.31541592168561633,0.5837836146974471,0.4162163853025529,1999.7948037819003
11522,0.7539290889861363,0.8965071316078687,0.10349286839213134,1991.7785958614468
11524,0.8493226180655915,0.9193973506820965,0.08060264931790351,1991.630363037011
11525,0.310855023290969,0.5115449287619327,0.4884550712380673,2000.107842268024
11526,0.874782781012774,0.890637988679207,0.10936201132079304,1988.1060779805591
11527,0.3337238370931708,0.6061176873695888,0.3938823126304112,1999.4676806468199
11528,0.7430589246751824,0.7983596757585104,0.2016403242414896,1990.0840363275443
11529,0.3343936984353465,0.5302473600974258,0.4697526399025742,2000.9888706527306
11530,0.5855287750491638,0.7554110829785982,0.24458891702140184,1993.9807303089797
11531,0.2364636260518621,0.52346941417044,0.47653058582956,2001.413520663692
11532,0.8097208058890241,0.85441658942837,0.14558341057163005,1989.09598399103
11533,0.5724871063638853,0.8542115850307783,0.14578841496922168,1994.4610448013525
11534,0.6907530678719686,0.863217956603036,0.13678204339696398,1991.1074146601984
11535,0.2876439685966881,0.5860044118719135,0.41399558812808646,2000.4708886789163
11536,0.6264134353597262,0.7526031615258265,0.24739683847417349,1994.679359165516
11537,0.4069709026102783,0.6902681649053727,0.3097318350946273,1998.3601569167465
11538,0.7727461058748202,0.8332003552224759,0.16679964477752407,1993.6204530038344
11539,0.3535188358456719,0.6863891938204504,0.3136108061795496,1996.7566942816918
11540,0.6163562447660849,0.7973728715411615,0.20262712845883846,1993.3073048098806
11541,0.5864316959604363,0.8131150929088077,0.18688490709119232,1996.3379087996018
11542,0.5581146160656933,0.7924438811826183,0.20755611881738167,1993.763585726034
11543,0.045911407854117306,0.16685412528617352,0.8331458747138265,2008.750944883156
11544,0.6767633671278148,0.8451299724285433,0.15487002757145674,1992.6350782354443
11545,0.29046499208606247,0.621357980208722,0.378642019791278,1999.9527320557163
11546,0.8111637346775072,0.8590773045024189,0.14092269549758107,1993.4254718480845
11547,0.5017901875893923,0.8295240404886639,0.1704759595113361,1996.1469605113202
11549,0.2783636819335927,0.43030010788191836,0.5696998921180816,2003.5822421811522
11550,0.5819435840785495,0.765904818282636,0.234095181717364,1994.8680345353694
11551,0.3855546526032794,0.6786565883591695,0.32134341164083047,1997.8084023206113
11552,0.653707331390309,0.8323970868286157,0.16760291317138432,1993.3677246773052
11553,0.30924729475523327,0.5987610484447672,0.4012389515552328,1998.6127412105004
11554,0.8538828653779549,0.9290682179734783,0.07093178202652173,1988.6021834242229
11555,0.29695301470335045,0.5491194919825994,0.45088050801740065,2001.3661973583853
11556,0.770737647280422,0.876452681293277,0.12354731870672298,1992.5452674334624
11557,0.34730835871900134,0.6830373706651746,0.31696262933482544,1997.9789677173158
11558,0.7849657302212315,0.8500729910283225,0.14992700897167754,1993.9233837128133
11559,0.2718897459580072,0.601946961799205,0.39805303820079496,1999.5441215090455
11560,0.5817252066402337,0.6946594008473707,0.30534059915262934,1994.9950610601807
11561,0.39116692090489724,0.640046834847543,0.359953165152457,1999.4553690804373
11562,0.6674415747562803,0.7845161424285106,0.21548385757148936,1995.0015346134207
11563,0.25873662848078666,0.5380921080948297,0.46190789190517034,2001.4521778876679
11565,0.2564788351072397,0.5682811812493442,0.43171881875065576,2001.1943989415322
11566,0.8416116801648553,0.9041783641649143,0.09582163583508574,1990.0553959081346
11567,0.32997226890696535,0.606942517192353,0.39305748280764696,2000.2297314684752
11568,0.624414544835221,0.7300017031422975,0.2699982968577025,1993.856397061525
11569,0.17123333228536886,0.3679773280370492,0.6320226719629508,2003.8610610515666
11570,0.7103213966024318,0.8094908185635308,0.19050918143646922,1995.2167323487713
11571,0.4768424851350171,0.707787579068112,0.29221242093188804,1998.737344299139
11572,0.5834363636363636,0.7504545454545455,0.24954545454545451,1995.4995314090895
11573,0.34177303434983725,0.6207527708204227,0.3792472291795773,2000.4053200078272
11574,0.7712836505304046,0.8396445978082608,0.16035540219173916,1990.5212502512152
11575,0.3471478715933251,0.6646927722287232,0.33530722777127675,1999.2766214140704
11576,0.8440301503381611,0.9589207680819506,0.04107923191804941,1989.3694684583593
11577,0.2222785935451285,0.4847923343025611,0.5152076656974389,2002.6131809603867
11578,0.7173814309409753,0.8310781222263007,0.16892187777369927,1995.065460750676
11579,0.525935318325224,0.760974726804143,0.23902527319585698,1998.2196168715193
11580,0.3691058628129118,0.42859172866234674,0.5714082713376533,2005.1392937620856
11581,0.3049994517890979,0.5291119292236561,0.47088807077634387,2000.2771178439161
11582,0.9113101849452104,0.9630367620112982,0.036963237988701825,1987.5462445161454
11583,0.1986830888724058,0.4233939700143968,0.5766060299856032,2003.797525551436
11584,0.8942342806635468,0.9363152484421281,0.0636847515578719,1990.07959120715
11585,0.34020442123181444,0.6128742715421566,0.38712572845784343,1999.4648843297634
11586,0.852675764918427,0.9489291447195757,0.05107085528042432,1987.2764153199887
11587,0.6645025715064066,0.7978246532571038,0.20217534674289617,1996.3697777473217
11588,0.8764147862545562,0.9157591176284685,0.08424088237153149,1989.174695157437
11589,0.3042083976690656,0.6883508874842111,0.31164911251578886,1998.2893369551346
11590,0.8726491014376946,0.9524911967184589,0.04750880328154106,1988.0869098961905
11591,0.4324589296912993,0.7837300092841084,0.2162699907158916,1997.3753529426863
11592,0.8559074221153897,0.9357652494990033,0.0642347505009967,1990.264439016772
11593,0.5350961238669226,0.7950292476280102,0.2049707523719898,1997.7025979893053
11594,0.7195005064954817,0.8026590295374391,0.19734097046256094,1995.197096060543
11595,0.32109516998723725,0.655917879750158,0.34408212024984197,1999.23008462505
11596,0.598640496163583,0.8437177993695998,0.15628220063040021,1994.6354405293862
11597,0.3706068091554566,0.6656841843862604,0.3343158156137396,1998.3974856376408
11599,0.3125676371154658,0.5803357765389537,0.41966422346104626,1999.071005348585
11600,0.8649113402237649,0.9343924050363102,0.06560759496368984,1987.6257026132282
11601,0.39625277042098,0.7370858314716281,0.2629141685283719,1995.7214216514972
11602,0.8921979344631491,0.9615336325169219,0.03846636748307808,1988.3259977950543
11603,0.32513988594979065,0.5197465499074884,0.48025345009251164,2001.7460904874204
11604,0.8184666622844498,0.9194631633108707,0.08053683668912925,1990.7225336353024
11605,0.30207881648804885,0.49819257196233596,0.5018074280376641,2001.4065079082459
11606,0.5935443514523182,0.7785143783846399,0.22148562161536012,1995.299178777892
11607,0.33108604159246363,0.5333901516528194,0.46660984834718056,2001.637157210547
11608,0.771339236439827,0.9363860023876984,0.06361399761230158,1991.608166361209
11609,0.2954462510672811,0.6208235109454324,0.3791764890545676,1998.8101094665572
11610,0.566634719781155,0.7488395014718876,0.2511604985281124,1996.6003375660075
11611,0.31284018694252086,0.6791685368043088,0.3208314631956912,1997.6165497380769
11612,0.7884073003706386,0.8897609628474018,0.1102390371525982,1991.403426900527
11613,0.3977728908002265,0.683685711343648,0.316314288656352,1997.2471219830816
11614,0.8701426074494478,0.9495125988942026,0.050487401105797414,1990.3948820861979
11615,0.20399823451784332,0.5162577720930053,0.4837422279069947,2001.1979259212471
11616,0.7700241719765555,0.89656127716126,0.10343872283874,1991.5368896422501
11617,0.27240729155520926,0.6119888446751862,0.3880111553248138,2000.1126798288624
11618,0.8620817205841315,0.9420973724215846,0.057902627578415355,1990.3295659090534
11619,0.3840155557984769,0.5730801209748212,0.4269198790251788,1999.657257460505
11620,0.8142508456541823,0.9285293705313332,0.07147062946866678,1993.4694339808166
11621,0.5160186317993471,0.795259583322774,0.20474041667722598,1997.011938786469
11622,0.5732108451700756,0.8091582757785313,0.19084172422146872,1994.2365647672575
11623,0.4882438829960436,0.7648363191602757,0.23516368083972428,1997.6497512283468
11624,0.6701488493987015,0.8646814867554253,0.13531851324457467,1992.1326114751478
11625,0.2149526154412938,0.5035352339990768,0.49646476600092315,2002.0032885974595
11626,0.692396222406893,0.788904235914808,0.21109576408519204,1993.1157964941422
11627,0.46839252329994696,0.5635251334042573,0.43647486659574275,2001.921549794541
11628,0.8955826038047728,0.9322609903797786,0.06773900962022139,1989.6764946275212
11629,0.27714610628835235,0.6019084597821999,0.39809154021780013,2000.1378363357705
11630,0.42153637883470396,0.7576306097950872,0.24236939020491277,1997.4199321586243
11631,0.24212130019706732,0.48975608440428575,0.5102439155957142,2001.6517187244185
11632,0.458219838475783,0.8117618211250776,0.18823817887492245,1996.1627080003518
11633,0.22572067212915148,0.6640995349924399,0.3359004650075601,1999.0124592341792
11634,0.3093009793997721,0.7311193146531093,0.2688806853468907,1996.2768552808363
11635,0.510102221847832,0.733916774654621,0.266083225345379,1997.7051096858286
11636,0.41436768869730506,0.747033415163539,0.25296658483646095,1997.0282310953396
11637,0.42746597154242033,0.7642587462579867,0.23574125374201327,1996.2845179064798
11638,0.3493188458550552,0.6781175642860982,0.32188243571390185,1999.0348450594727
11639,0.26076799749885143,0.6147605893712623,0.3852394106287377,1998.9921548110428
11640,0.31542838603215406,0.7902292761567234,0.20977072384327655,1996.1862630215696
11641,0.3352820290730522,0.5872440920063031,0.4127559079936969,2000.5483992921052
11642,0.49497603869310247,0.7316041057227133,0.2683958942772867,1997.2418175283362
11643,0.12025743471220131,0.2781485436788349,0.7218514563211651,2004.2062691747049
11644,0.2680352211497278,0.6377183081038145,0.36228169189618553,1999.388799289841
11645,0.3201019296748023,0.7083974896199458,0.29160251038005425,1997.9673407328132
11646,0.49845084152926944,0.7878528688633898,0.2121471311366102,1996.7740608263946
11647,0.4669578446439828,0.689897588420039,0.310102411579961,1999.4649242381001
11648,0.18954102758518818,0.5323895516698822,0.4676104483301178,2000.8392105303426
11649,0.3467785988086318,0.5438179776012962,0.45618202239870376,2001.5360937451694
11650,0.38019572265033874,0.6752544205294159,0.32474557947058413,2000.0259888506257
11651,0.3434669969677315,0.7265257830983538,0.2734742169016462,1997.5726411113003
11652,0.5700955399861662,0.7089924117298881,0.29100758827011186,2000.5890584226524
11653,0.3937193178284242,0.7486153594117908,0.2513846405882092,1997.0326447764394
11654,0.23927351927070895,0.5742340205003994,0.4257659794996006,2000.5132811990716
11655,0.5215421828195455,0.7629299361573625,0.2370700638426375,1998.112997364127
11656,0.4356809104928636,0.6666504055628335,0.3333495944371665,1999.489379965754
11657,0.37518189702056354,0.6184106732517063,0.3815893267482937,2000.016220641641
11658,0.6860474238184859,0.8046345329811873,0.19536546701881274,1998.665447877339
11659,0.23779657172834423,0.5207422556277616,0.47925774437223845,2001.772700525146
11660,0.32442874962428975,0.7330257553735104,0.26697424462648955,1997.8955385711768
11661,0.6163406176533623,0.7263025307741918,0.2736974692258082,2001.8035778554436
11662,0.19676149194259093,0.6067208003598153,0.39327919964018465,1999.149632587838
11664,0.3271603739914372,0.7212001654617922,0.2787998345382078,1996.7898552829654
11665,0.21184290826714494,0.6159343990600612,0.3840656009399388,1999.0379314598379
11666,0.481405128427106,0.7524757405894121,0.24752425941058787,1999.7167474676214
11667,0.43282738112572683,0.7812612499629777,0.21873875003702226,1995.6349547845
11668,0.3760659245625495,0.6926440990383746,0.30735590096162535,1998.0089847943334
11669,0.4589522294534844,0.644951990616419,0.35504800938358105,1999.4117506630287
11670,0.3600206851285859,0.6567817628527155,0.3432182371472845,1998.1356400302425
11671,0.44389801149593605,0.8157457648807993,0.1842542351192007,1995.8497371404137
11672,0.5055862486105206,0.7931788940089194,0.2068211059910806,1996.5925881294659
11673,0.5459882051243599,0.8725189895248308,0.12748101047516924,1993.5377537286831
11674,0.3894783347707685,0.7416265467049443,0.2583734532950557,1996.8547590942003
11675,0.5486851974999083,0.8716669707204505,0.12833302927954948,1994.2979623480287
11676,0.25545249170296713,0.6102580635589929,0.3897419364410071,1999.0210821766186
11677,0.5206472874649581,0.8094349305216274,0.1905650694783726,1995.2530897790605
11678,0.3105748140813845,0.7178049226729232,0.2821950773270768,1997.2650741569819
11679,0.5335303445692499,0.8525849121459366,0.14741508785406343,1993.9600569745764
11680,0.25988261077978675,0.6215530248585963,0.3784469751414037,1998.6464403879852
11681,0.36224938722162603,0.7537032403540505,0.24629675964594955,1995.885014662493
11682,0.35413719149318423,0.7203877435678622,0.27961225643213783,1997.5883038155955
11683,0.5808568962965893,0.7406621120639344,0.2593378879360656,1997.9062727646206
11684,0.3508748452468645,0.6570421267315654,0.34295787326843463,1998.8609576263304
11685,0.40636525959361125,0.5267760744633014,0.47322392553669856,2000.5292681368549
11686,0.5160082044287834,0.7474669714393998,0.2525330285606002,1998.042124525381
