date,name,file_id,bytes,year
2003-01-01,2003_01_01_DMLST.tif,3678c64e-995d-4e9c-9896-c467ed9a1759,201907719,2003
2003-01-02,2003_01_02_DMLST.tif,983a345a-decd-431c-81ec-0df29bfe5f1d,201773406,2003
2003-01-03,2003_01_03_DMLST.tif,01c77f5d-391f-46df-b417-0c968170cdbd,202776400,2003
2003-01-04,2003_01_04_DMLST.tif,c39d4b1b-3d04-4dbc-91c3-ffa19cf171a6,203187894,2003
2003-01-05,2003_01_05_DMLST.tif,7926f052-b6dd-4e32-964d-6ba3332dc1dc,203127496,2003
2003-01-06,2003_01_06_DMLST.tif,57bc3d2f-7736-45b9-813c-5d340eb42fbb,203634586,2003
2003-01-07,2003_01_07_DMLST.tif,898ef3ad-ede1-4da1-b291-5c3613ae05ab,203662995,2003
2003-01-08,2003_01_08_DMLST.tif,084438e7-f39d-4864-bd17-132c825bc845,203391828,2003
2003-01-09,2003_01_09_DMLST.tif,02329ae6-0e77-43bf-89db-8854ba55dda7,202930489,2003
2003-01-10,2003_01_10_DMLST.tif,48491faa-352d-4c40-a0b9-d10c214adccb,202013124,2003
2003-01-11,2003_01_11_DMLST.tif,35188154-241d-4242-a529-a6f6e7ea544c,201585288,2003
2003-01-12,2003_01_12_DMLST.tif,9336ec11-bb45-4475-ba1b-50cf9a34cdcb,201721189,2003
2003-01-13,2003_01_13_DMLST.tif,fa539ab5-318c-42e5-9f83-cffbde34b9ea,202409111,2003
2003-01-14,2003_01_14_DMLST.tif,f835c689-a2cd-4a48-839c-61405e9d7b15,202613660,2003
2003-01-15,2003_01_15_DMLST.tif,ff269cdc-b208-4b5c-b2f9-ae3a71cc39c4,202919441,2003
2003-01-16,2003_01_16_DMLST.tif,94ac6f25-173f-4aac-9135-33a62a2baf19,203021096,2003
2003-01-17,2003_01_17_DMLST.tif,62555619-47eb-4dc5-9c94-49f5a3d3b3a2,203518489,2003
2003-01-18,2003_01_18_DMLST.tif,dce867e0-7284-47c1-964f-a5480aafcf19,204080465,2003
2003-01-19,2003_01_19_DMLST.tif,948f2c7c-4288-4553-aa82-7ebf1b4f6558,204086958,2003
2003-01-20,2003_01_20_DMLST.tif,6c320d53-aed6-428e-bc47-e8b0f11caa81,203594402,2003
2003-01-21,2003_01_21_DMLST.tif,b9b59064-06b0-4df0-b05f-16d1e90fb2e8,203120863,2003
2003-01-22,2003_01_22_DMLST.tif,d5672e8d-df4f-425c-9a9a-fbee3de216bd,203310439,2003
2003-01-23,2003_01_23_DMLST.tif,ac3e07ca-9601-4499-bd45-474fd160d3b2,202865595,2003
2003-01-24,2003_01_24_DMLST.tif,1204097c-369a-43a9-9dd2-6e9bd5d7bbc2,202609617,2003
2003-01-25,2003_01_25_DMLST.tif,a7e2df7d-1fd5-43bf-95ca-b7a7e8d2c020,202624477,2003
2003-01-26,2003_01_26_DMLST.tif,4063fd84-4105-4b4b-9f13-037d794ec581,202815072,2003
2003-01-27,2003_01_27_DMLST.tif,d141922f-9291-4b6e-a4e0-8002ee2fbfc8,203188792,2003
2003-01-28,2003_01_28_DMLST.tif,8d4bbc9b-cdb3-4463-b5cf-147d126449d7,203049478,2003
2003-01-29,2003_01_29_DMLST.tif,7927dc88-bacb-448d-8313-962efac0f048,203437903,2003
2003-01-30,2003_01_30_DMLST.tif,944cf029-e672-42e8-ae9d-d44db5f4339a,203706636,2003
2003-01-31,2003_01_31_DMLST.tif,a6356a88-4eec-41e2-bbb3-21a849d28002,204271626,2003
2003-02-01,2003_02_01_DMLST.tif,0ebe2f1c-fdce-4241-9d1f-63aceec520c6,204253149,2003
2003-02-02,2003_02_02_DMLST.tif,2eda3869-6445-4406-bdf1-fc58b8c04891,204019587,2003
2003-02-03,2003_02_03_DMLST.tif,671d359e-e1b9-4fd6-8f36-1f6678375cb5,204023797,2003
2003-02-04,2003_02_04_DMLST.tif,2d09f5cb-8227-453f-8327-f5bcce0218a2,203761950,2003
2003-02-05,2003_02_05_DMLST.tif,e9c8e151-ad94-4e46-bc39-574327e3770f,203756866,2003
2003-02-06,2003_02_06_DMLST.tif,f86304fc-e24d-495a-bcb9-79a888f36e9b,202708284,2003
2003-02-07,2003_02_07_DMLST.tif,0968b639-2342-49fb-97c4-08dfca79f5ab,202365889,2003
2003-02-08,2003_02_08_DMLST.tif,13afb682-9286-4e53-b4ac-168e1410843a,201565513,2003
2003-02-09,2003_02_09_DMLST.tif,e33fe06d-d905-431c-b813-73630f1ef9c0,201058553,2003
2003-02-10,2003_02_10_DMLST.tif,06faa146-89f2-4e89-a4e1-cf3f8ea07572,200875541,2003
2003-02-11,2003_02_11_DMLST.tif,8a26912a-12a4-469d-98ed-44332bb51785,201540576,2003
2003-02-12,2003_02_12_DMLST.tif,3c9ec38e-7dbf-4c8b-84ee-ea59b866dc24,201557185,2003
2003-02-13,2003_02_13_DMLST.tif,c4588d85-34b5-472b-91cc-1ea63478f723,201771110,2003
2003-02-14,2003_02_14_DMLST.tif,e9976e37-a509-47c2-86fb-5bf7a54c16c2,201978305,2003
2003-02-15,2003_02_15_DMLST.tif,8cf156b8-6323-4223-973c-2bf073265bbd,200223138,2003
2003-02-16,2003_02_16_DMLST.tif,6b6fbf7f-9954-458a-8852-93b7ee984ab6,200238743,2003
2003-02-17,2003_02_17_DMLST.tif,a28dea82-ce39-427b-875d-4ed2663589aa,200696688,2003
2003-02-18,2003_02_18_DMLST.tif,9dc2d551-6cac-4acb-9fc0-b2f0383520bd,201407543,2003
2003-02-19,2003_02_19_DMLST.tif,43c0fbd4-d887-4e78-9179-238a6d13611c,202067005,2003
2003-02-20,2003_02_20_DMLST.tif,0095374b-9e9b-466a-838f-974d01d6a1e7,202132058,2003
2003-02-21,2003_02_21_DMLST.tif,d64d10fb-9cf3-4420-b6b3-a3486daf8d33,201467892,2003
2003-02-22,2003_02_22_DMLST.tif,d5c2fa16-8a5a-458e-84de-4cf7b620cf72,201094733,2003
2003-02-23,2003_02_23_DMLST.tif,caefb0ea-3b34-40b6-a66e-47ce273e5922,200624404,2003
2003-02-24,2003_02_24_DMLST.tif,43017f06-11e7-4934-bdf4-b7af9a402083,200905707,2003
2003-02-25,2003_02_25_DMLST.tif,c0a8b4dc-47a4-4996-8df0-790a99256372,201366229,2003
2003-02-26,2003_02_26_DMLST.tif,7783d826-bde3-41f0-bb98-b6d309ba9f13,201475651,2003
2003-02-27,2003_02_27_DMLST.tif,9154a17f-e73e-4dde-ab00-e58d8183bd99,201392489,2003
2003-02-28,2003_02_28_DMLST.tif,f6d9c8e2-8524-47ae-bdbb-90b27d01da46,201475661,2003
2003-03-01,2003_03_01_DMLST.tif,60798f39-7a18-4c40-a5a2-70755346271a,201454965,2003
2003-03-02,2003_03_02_DMLST.tif,6cb8bf59-7290-489d-a79f-026812944403,201659715,2003
2003-03-03,2003_03_03_DMLST.tif,be248bbe-2107-4222-85cd-eca0a1ccf981,201140079,2003
2003-03-04,2003_03_04_DMLST.tif,10c784f5-9e83-40cf-a24e-3fc9a19219f2,200605122,2003
2003-03-05,2003_03_05_DMLST.tif,1012be0b-4d2a-4d53-960f-fe8d2fa15f11,200096656,2003
2003-03-06,2003_03_06_DMLST.tif,7638e493-eb93-492a-a619-5335178ff04f,199866762,2003
2003-03-07,2003_03_07_DMLST.tif,38b647ca-de58-42d2-92c0-0cf7076dbd6a,199637295,2003
2003-03-08,2003_03_08_DMLST.tif,1b2960d2-f38c-45ed-9988-88ca95da9782,200123969,2003
2003-03-09,2003_03_09_DMLST.tif,2a0e6862-0c12-46f8-80d1-e926b13f7a91,200790962,2003
2003-03-10,2003_03_10_DMLST.tif,7a85b666-39a0-40e3-a27b-204b458033ec,201336527,2003
2003-03-11,2003_03_11_DMLST.tif,48aa09f2-bfdc-4b4e-b4a8-c22913031d3f,202042359,2003
2003-03-12,2003_03_12_DMLST.tif,0ae74152-0461-42a5-b799-df878d3e46b3,202326292,2003
2003-03-13,2003_03_13_DMLST.tif,b628608f-d209-4764-9583-c09fcdfa9d45,202694843,2003
2003-03-14,2003_03_14_DMLST.tif,dd60b00c-7fc0-4042-a5b6-a661a9931b04,203119180,2003
2003-03-15,2003_03_15_DMLST.tif,305743c2-fa5d-4852-9fe6-244f79526b27,202993073,2003
2003-03-16,2003_03_16_DMLST.tif,0a28c7cb-98ee-46e8-b5e5-7d43c4686c83,203008874,2003
2003-03-17,2003_03_17_DMLST.tif,0e2b768d-e26b-4679-a6df-f63f6da8f125,203755537,2003
2003-03-18,2003_03_18_DMLST.tif,54c30c37-7271-41e4-9504-4b754e460ae0,204234401,2003
2003-03-19,2003_03_19_DMLST.tif,7ee16214-c886-40fa-bb21-ad92d8c2589b,203778547,2003
2003-03-20,2003_03_20_DMLST.tif,98957613-48bc-446e-9674-e8320e56e6bf,203629793,2003
2003-03-21,2003_03_21_DMLST.tif,dd7d4b42-ca7c-44f7-a721-0bc976c660e9,203778667,2003
2003-03-22,2003_03_22_DMLST.tif,cc6546b6-aa3d-4732-880c-754a088a8650,203745715,2003
2003-03-23,2003_03_23_DMLST.tif,bcd5b01c-72bd-440f-9338-e9251d1b8231,204117306,2003
2003-03-24,2003_03_24_DMLST.tif,fb6b03ab-f779-4149-915e-3820c55dbc67,204089384,2003
2003-03-25,2003_03_25_DMLST.tif,cbb05a96-2865-4f9f-96f6-8cc1e4306e6f,204123702,2003
2003-03-26,2003_03_26_DMLST.tif,0d04a616-0090-4f7e-929e-180213b26619,204132137,2003
2003-03-27,2003_03_27_DMLST.tif,aee0c6aa-0153-49d2-896e-0611f79492a3,204658989,2003
2003-03-28,2003_03_28_DMLST.tif,84e7dccb-73f9-48e1-9a0b-6096b89c7c99,204288770,2003
2003-03-29,2003_03_29_DMLST.tif,8117d54e-0723-4353-8733-c0375eb61926,204226012,2003
2003-03-30,2003_03_30_DMLST.tif,0f42de0a-eaec-4ef6-b3cf-ce4f2a27aac7,204348806,2003
2003-03-31,2003_03_31_DMLST.tif,d9c3e5cb-d2c7-45d0-a2f0-21e0cd3b4797,203768231,2003
2003-04-01,2003_04_01_DMLST.tif,78730258-7baf-4728-a09a-d7c979a70529,203341395,2003
2003-04-02,2003_04_02_DMLST.tif,21e0367d-b9d4-458c-90c2-035591ea01ab,202870418,2003
2003-04-03,2003_04_03_DMLST.tif,23c66ec1-ea10-4959-a2b8-603022ef20eb,202831054,2003
2003-04-04,2003_04_04_DMLST.tif,f8bc62c7-80c1-4f9f-9f00-fddde06561ac,202058489,2003
2003-04-05,2003_04_05_DMLST.tif,6b0392fe-87d7-4e36-b290-25c9049d1d36,201966275,2003
2003-04-06,2003_04_06_DMLST.tif,f9299c9a-a734-4651-bf69-d662a50e1470,202098954,2003
2003-04-07,2003_04_07_DMLST.tif,e96ceb55-b2b8-4466-b0aa-5af9703b9f6a,202093839,2003
2003-04-08,2003_04_08_DMLST.tif,78a7505b-f991-4ef4-8d90-d09034ad1d8c,202332656,2003
2003-04-09,2003_04_09_DMLST.tif,e9083f9f-8101-43eb-a339-42346e429e40,203308133,2003
2003-04-10,2003_04_10_DMLST.tif,a3987639-be74-45c4-9559-2220d3f9b4ff,203133483,2003
2003-04-11,2003_04_11_DMLST.tif,803d50a3-f976-4e3f-b2c0-b33d2d798469,202947261,2003
2003-04-12,2003_04_12_DMLST.tif,c4b0e9d6-ae5b-441e-9246-085e862ec17c,203843571,2003
2003-04-13,2003_04_13_DMLST.tif,769da2e9-41a9-4670-8dad-a23030695c1e,203950273,2003
2003-04-14,2003_04_14_DMLST.tif,c58ec863-9771-4389-a437-5278d6493f16,204105899,2003
2003-04-15,2003_04_15_DMLST.tif,a61ff00c-b57a-49d8-86f2-6a8ee82af4e7,204083292,2003
2003-04-16,2003_04_16_DMLST.tif,54e3ea64-e1df-4f35-b2a2-798674eb08a9,204485481,2003
2003-04-17,2003_04_17_DMLST.tif,50eac81a-26d2-4cdd-bf6a-093219c3b8e9,204544845,2003
2003-04-18,2003_04_18_DMLST.tif,eaef09a9-c971-4430-b0c0-87d6ae805d08,204748093,2003
2003-04-19,2003_04_19_DMLST.tif,6d0ebbe9-61ce-4032-91e7-923142e1adaf,204980325,2003
2003-04-20,2003_04_20_DMLST.tif,be56f0b3-e2fa-4b3e-a75a-1dc5746da539,205292232,2003
2003-04-21,2003_04_21_DMLST.tif,2b45fe1e-833c-4eac-a7ed-eae225cf803a,205372218,2003
2003-04-22,2003_04_22_DMLST.tif,352f66e9-b4f9-47a3-a34d-21f286e8914d,205047369,2003
2003-04-23,2003_04_23_DMLST.tif,cd33229e-31b1-4cef-beb3-f922da59a0c7,204667552,2003
2003-04-24,2003_04_24_DMLST.tif,d076582a-072c-4b5b-92cb-9dfd9bc7500d,203768604,2003
2003-04-25,2003_04_25_DMLST.tif,911ab741-66d8-4b14-8c63-d5496b98f4ea,203363661,2003
2003-04-26,2003_04_26_DMLST.tif,dd64b741-5cc6-4e79-ae3f-a4b96ec48bbb,203721953,2003
2003-04-27,2003_04_27_DMLST.tif,dd623eb4-683d-4040-8153-04a79b365cc4,204252750,2003
2003-04-28,2003_04_28_DMLST.tif,ca27aecd-45de-4aa3-b94c-59fe791a9bca,204851740,2003
2003-04-29,2003_04_29_DMLST.tif,9f741b5d-04ed-41c1-9c97-8fbeb88e4fc1,204896121,2003
2003-04-30,2003_04_30_DMLST.tif,0a78773d-e1c5-44a3-ae05-2a1b8a169613,204841662,2003
2003-05-01,2003_05_01_DMLST.tif,dda1e247-03d3-4a31-a464-bc45e867df05,205120271,2003
2003-05-02,2003_05_02_DMLST.tif,76065069-402c-4ada-b552-9ec9e2c14bac,205402298,2003
2003-05-03,2003_05_03_DMLST.tif,357ccae8-865a-43a2-9a99-364cf22698b5,205466347,2003
2003-05-04,2003_05_04_DMLST.tif,e9263a38-87c0-4bca-a69e-3e1310dbec2d,205789714,2003
2003-05-05,2003_05_05_DMLST.tif,7cfadd08-9c5d-49fc-9ca6-c51198e149a2,205884069,2003
2003-05-06,2003_05_06_DMLST.tif,004fff46-fe99-497d-ae75-748e456e482e,206161537,2003
2003-05-07,2003_05_07_DMLST.tif,b016414d-531d-4541-a6c8-67d09897ce73,206441125,2003
2003-05-08,2003_05_08_DMLST.tif,61f9793a-d041-42de-a6cc-bc8beee5af7f,206323141,2003
2003-05-09,2003_05_09_DMLST.tif,2b259dff-2252-4f7d-84d8-5419d7b77dfb,206145430,2003
2003-05-10,2003_05_10_DMLST.tif,57b625f1-3492-4155-a34d-2eb3b2ca83d1,205947138,2003
2003-05-11,2003_05_11_DMLST.tif,dbc00556-217d-40e2-98bc-94c214ccfa19,205717487,2003
2003-05-12,2003_05_12_DMLST.tif,8fabb447-3e1c-44c3-8adc-59ce2b234963,205475137,2003
2003-05-13,2003_05_13_DMLST.tif,ba214236-12b5-46b7-8715-a469e6249d43,205489919,2003
2003-05-14,2003_05_14_DMLST.tif,cda8fca2-bed2-4df3-ac35-64d1b2922f3f,206568038,2003
2003-05-15,2003_05_15_DMLST.tif,f2da05d3-7f8c-408d-9f6b-01bc6808c3ae,206054456,2003
2003-05-16,2003_05_16_DMLST.tif,005f34a5-1da8-4bc5-bea9-6961dfb3ba47,205545459,2003
2003-05-17,2003_05_17_DMLST.tif,f5a905db-eb3c-4fb2-b88d-2af7999cf034,205224573,2003
2003-05-18,2003_05_18_DMLST.tif,5927e3b9-267a-42f2-a87f-389db2ef9d8b,205140668,2003
2003-05-19,2003_05_19_DMLST.tif,88619731-1709-4910-99a8-e22c400b0db5,205156045,2003
2003-05-20,2003_05_20_DMLST.tif,3a185cde-3977-42cd-a334-e3a7f543f49d,205108422,2003
2003-05-21,2003_05_21_DMLST.tif,4e7a2cd6-98fb-45de-b02d-d54075fcc2ef,205016564,2003
2003-05-22,2003_05_22_DMLST.tif,5952fd39-e04d-4cc8-a4f9-daba4ad7d61c,204349379,2003
2003-05-23,2003_05_23_DMLST.tif,92a5464f-e08c-429f-b0d2-1534fe88b568,204687302,2003
2003-05-24,2003_05_24_DMLST.tif,1e41c63f-631c-4e1c-90ad-ee0a162ba767,205040045,2003
2003-05-25,2003_05_25_DMLST.tif,81f27da7-8a0a-446a-838a-1624b71af5ba,205178716,2003
2003-05-26,2003_05_26_DMLST.tif,f170725c-573c-4129-b3de-70eda9558844,205141401,2003
2003-05-27,2003_05_27_DMLST.tif,bf945b3e-b94c-47a5-b202-22009b3b99aa,205482411,2003
2003-05-28,2003_05_28_DMLST.tif,8b9a664d-1fd9-4810-9d74-8e78d239b344,205097083,2003
2003-05-29,2003_05_29_DMLST.tif,1c1cefc8-1cd3-4c4a-b8f6-5b5c5a13e53d,204850800,2003
2003-05-30,2003_05_30_DMLST.tif,c4dd37e7-7846-48e8-92ce-1cd3215674db,205502272,2003
2003-05-31,2003_05_31_DMLST.tif,a4c61395-8099-4ffb-943f-df3a5da7d7cd,205739691,2003
2003-06-01,2003_06_01_DMLST.tif,aa65eef5-dd5b-4d8c-b3bc-6a6f18168e24,205566569,2003
2003-06-02,2003_06_02_DMLST.tif,f7e5cfdf-637d-4032-9c8a-45272085df6c,205647375,2003
2003-06-03,2003_06_03_DMLST.tif,d8a55e53-556e-4f45-a954-04243db0ce8b,205567177,2003
2003-06-04,2003_06_04_DMLST.tif,3eeb7e63-7f90-4f52-82d2-cc78cfb75f58,205683586,2003
2003-06-05,2003_06_05_DMLST.tif,2bf20553-8291-4ec5-be98-50398769c961,205725736,2003
2003-06-06,2003_06_06_DMLST.tif,db7c118b-d20c-47d6-8b4e-324327466af2,205685933,2003
2003-06-07,2003_06_07_DMLST.tif,44c2c27b-edb8-4cd6-816e-df89b6df194d,205186148,2003
2003-06-08,2003_06_08_DMLST.tif,5babc561-936c-4aaa-ad19-3ac70c048ed6,204988988,2003
2003-06-09,2003_06_09_DMLST.tif,2d572900-5218-44ea-9be5-ba08402e96cd,205031013,2003
2003-06-10,2003_06_10_DMLST.tif,d596507f-8994-43cb-bff9-90aa8c347476,205321410,2003
2003-06-11,2003_06_11_DMLST.tif,d068a2a9-1d9b-4fa0-a0a6-f1366cce3eb8,205327076,2003
2003-06-12,2003_06_12_DMLST.tif,f074c3ed-05b1-4982-b78d-332dfdf87338,205357940,2003
2003-06-13,2003_06_13_DMLST.tif,4e842ad4-3835-4d5c-b7d8-791b577f5c49,204790755,2003
2003-06-14,2003_06_14_DMLST.tif,24d3041f-9537-474f-a616-26930749ba02,204703810,2003
2003-06-15,2003_06_15_DMLST.tif,1b57e482-6793-46ec-a074-e0e56000ca6c,205153654,2003
2003-06-16,2003_06_16_DMLST.tif,66f9e888-3d04-4dfc-a408-cd8aa5812794,205039996,2003
2003-06-17,2003_06_17_DMLST.tif,bbf70864-54fe-4afb-9276-fc5e3c839bf0,204862213,2003
2003-06-18,2003_06_18_DMLST.tif,696312a8-b89c-44b6-acb8-5f537e87bd0c,204792835,2003
2003-06-19,2003_06_19_DMLST.tif,1ec8775f-fa4a-4a9e-ba44-5c52baeda223,205038815,2003
2003-06-20,2003_06_20_DMLST.tif,72ba6815-a8a6-4e26-bbab-8dc615fa8638,205646241,2003
2003-06-21,2003_06_21_DMLST.tif,caf30966-cf4a-4770-b9f0-cd5d2b0b7ac3,205430203,2003
2003-06-22,2003_06_22_DMLST.tif,d8d87bab-d266-40fd-bb66-635a55154d20,205251456,2003
2003-06-23,2003_06_23_DMLST.tif,5dddfd1e-4183-4ddb-b65a-acadf76e577a,204474827,2003
2003-06-24,2003_06_24_DMLST.tif,789e42e3-ecf9-4297-892b-67bcc769fe33,204575754,2003
2003-06-25,2003_06_25_DMLST.tif,5ede16e1-01c8-4b59-bdc8-d0336f679e36,205131818,2003
2003-06-26,2003_06_26_DMLST.tif,421d1fc3-f42e-488e-9f87-648b7ba7a7f7,205083881,2003
2003-06-27,2003_06_27_DMLST.tif,6b62af19-db4e-4f7f-8fa0-39d53d291a7a,204739983,2003
2003-06-28,2003_06_28_DMLST.tif,85b74453-d61e-434f-bbff-92db53a462ca,204393708,2003
2003-06-29,2003_06_29_DMLST.tif,784c61c9-4e0d-4700-8f15-c77fa291c0ca,204356567,2003
2003-06-30,2003_06_30_DMLST.tif,b5944e23-65d1-41d1-be9d-1b2931bc2f1a,204047631,2003
2003-07-01,2003_07_01_DMLST.tif,f8ad510d-c319-4ad8-8d0d-3324b800e8fd,204315192,2003
2003-07-02,2003_07_02_DMLST.tif,4f90232c-4f78-4e22-be24-3b6fb01343eb,204145025,2003
2003-07-03,2003_07_03_DMLST.tif,ca75e07d-f5c0-4e68-8433-6d1d018b7c73,203832383,2003
2003-07-04,2003_07_04_DMLST.tif,5eafa9ee-6985-4f36-a4fa-a7503f98db37,204099688,2003
2003-07-05,2003_07_05_DMLST.tif,e286ac83-d2cb-42a3-a582-d116eddb13b2,204256693,2003
2003-07-06,2003_07_06_DMLST.tif,05c3870d-1bd5-42bb-b68a-3f8406011bbe,204011328,2003
2003-07-07,2003_07_07_DMLST.tif,e2063b99-7bd4-4ed0-9ca2-45492036d830,204175656,2003
2003-07-08,2003_07_08_DMLST.tif,7d36b2ef-5d1b-4a28-84e2-59e4dd922a34,204210991,2003
2003-07-09,2003_07_09_DMLST.tif,d08b5d14-1ae3-4020-bdf4-b971def0f6f3,203117614,2003
2003-07-10,2003_07_10_DMLST.tif,68a498e0-6f5e-4387-9dc9-5ca3f3d3ee68,202986507,2003
2003-07-11,2003_07_11_DMLST.tif,dd3907b7-9e87-4e3c-8c37-beccc8fc29e6,203323735,2003
2003-07-12,2003_07_12_DMLST.tif,6cbdac48-6b51-4040-8583-16b123e29070,203732853,2003
2003-07-13,2003_07_13_DMLST.tif,b9933f2f-dd30-4c94-9356-9fa63e55a782,203809164,2003
2003-07-14,2003_07_14_DMLST.tif,08e6e917-ba5f-411d-b0f5-a17a5ebd20b1,203534485,2003
2003-07-15,2003_07_15_DMLST.tif,34dba867-0a56-44d1-9218-bd4f97135e1d,203175989,2003
2003-07-16,2003_07_16_DMLST.tif,7396487f-e902-4447-a3d8-4f8e08ca8b4e,202892463,2003
2003-07-17,2003_07_17_DMLST.tif,5a1b27cf-3b6b-435b-800f-17770d861faf,203771792,2003
2003-07-18,2003_07_18_DMLST.tif,f4fb6ca2-ccd5-4e9c-83fb-4866f25cc480,203613848,2003
2003-07-19,2003_07_19_DMLST.tif,9dd7a9cb-11bf-47d8-a184-650a7ade084e,203430041,2003
2003-07-20,2003_07_20_DMLST.tif,44aa16c3-6bf7-4e77-9eed-ec2cd8ca46d4,202947773,2003
2003-07-21,2003_07_21_DMLST.tif,4dc09e43-b83d-46d8-81e6-d185ab9e96f2,203102952,2003
2003-07-22,2003_07_22_DMLST.tif,8fe08e9e-a648-4900-8b4c-5517ead7dd1a,203431798,2003
2003-07-23,2003_07_23_DMLST.tif,78b107b7-50c3-4df2-bcec-647d43bdef03,203972137,2003
2003-07-24,2003_07_24_DMLST.tif,8d7ec745-b7b6-4264-8ccb-7998fc423662,204268077,2003
2003-07-25,2003_07_25_DMLST.tif,4bd23b04-5dc5-4681-9f67-f9f8b41b04c6,203499739,2003
2003-07-26,2003_07_26_DMLST.tif,03a59ad2-7e22-4de1-90b3-49851ce33ef7,203253170,2003
2003-07-27,2003_07_27_DMLST.tif,8e5c4614-3491-487d-8845-7646e836f75e,202844202,2003
2003-07-28,2003_07_28_DMLST.tif,fd48bcdc-9b73-40cf-8699-e9ae13d4cd96,202824818,2003
2003-07-29,2003_07_29_DMLST.tif,d44c0a38-12f4-44ab-97a6-79892e0f6615,202953047,2003
2003-07-30,2003_07_30_DMLST.tif,d96a1fe8-abdf-4963-8077-eaee13418518,203068749,2003
2003-07-31,2003_07_31_DMLST.tif,5a67dad5-2589-4ac2-8f52-f6c35ab9f268,202971370,2003
2003-08-01,2003_08_01_DMLST.tif,b0c7f9e4-ccf7-4d48-ae62-0b80f4f6e614,202737658,2003
2003-08-02,2003_08_02_DMLST.tif,26f6f7c1-3eb9-42a0-b734-8d5177ae15f9,203932648,2003
2003-08-03,2003_08_03_DMLST.tif,7b65f7ce-33a1-4db3-86aa-121c95dd6eca,203998926,2003
2003-08-04,2003_08_04_DMLST.tif,85504711-6977-479e-8312-d13f144f24bb,203785890,2003
2003-08-05,2003_08_05_DMLST.tif,fdb8368d-eca8-4f60-b097-e6c449cc5dd6,203669720,2003
2003-08-06,2003_08_06_DMLST.tif,4fe1a09b-dc34-4d53-aa76-b682d8afc80e,203746400,2003
2003-08-07,2003_08_07_DMLST.tif,61437efa-5be4-47c7-abca-0803c61e7505,204039689,2003
2003-08-08,2003_08_08_DMLST.tif,f4ea439f-7c50-4297-81b6-cda3268d165f,204220636,2003
2003-08-09,2003_08_09_DMLST.tif,0deff186-decc-46f5-95dc-0635afc9075f,204441646,2003
2003-08-10,2003_08_10_DMLST.tif,4fec3cff-3744-4f29-84c5-057a9268739d,203244807,2003
2003-08-11,2003_08_11_DMLST.tif,d28d3e33-c9e0-4364-8749-998f372bde02,202833688,2003
2003-08-12,2003_08_12_DMLST.tif,0f37bcd8-e8b9-4e78-a0e9-33d34bb3e2e0,202642725,2003
2003-08-13,2003_08_13_DMLST.tif,392f5456-976c-41ea-8aeb-580236a740af,202010109,2003
2003-08-14,2003_08_14_DMLST.tif,d6300ceb-96be-4686-bfe8-0e5e241cef18,202090327,2003
2003-08-15,2003_08_15_DMLST.tif,f2c75b0a-f3e6-4d41-a3e9-e6e2e343f159,202028016,2003
2003-08-16,2003_08_16_DMLST.tif,5ba9127b-0852-41ba-b71e-eaf536bcb067,202333865,2003
2003-08-17,2003_08_17_DMLST.tif,7877f2e6-6d58-485d-bfc8-af850e6c5f5c,202001919,2003
2003-08-18,2003_08_18_DMLST.tif,3cdf5238-4f0d-4d15-89a2-19b08ea5fd43,203039353,2003
2003-08-19,2003_08_19_DMLST.tif,ef5cae01-9011-4a18-9ff4-25a9af29a0e1,203008927,2003
2003-08-20,2003_08_20_DMLST.tif,09d29799-7d0c-40a7-8bbf-6a6b1c9e2423,203408863,2003
2003-08-21,2003_08_21_DMLST.tif,db550eca-0092-49e1-a294-9159b9e1a9f5,203337266,2003
2003-08-22,2003_08_22_DMLST.tif,ce37f3ce-1a56-4ee9-a039-d545f104ad6f,203233893,2003
2003-08-23,2003_08_23_DMLST.tif,611cb3d4-5e81-49f1-ae4c-25b90f400e30,203274029,2003
2003-08-24,2003_08_24_DMLST.tif,e6b56ac8-8ccc-439e-b51c-8a8f354c96d4,203147519,2003
2003-08-25,2003_08_25_DMLST.tif,3056da63-c5ef-47f8-8413-95a4d4837dda,203274676,2003
2003-08-26,2003_08_26_DMLST.tif,c5eee219-6960-40e3-9b4b-557973a86a87,202358348,2003
2003-08-27,2003_08_27_DMLST.tif,1427200c-9ff5-4548-9fd7-586dcc5216b8,202318565,2003
2003-08-28,2003_08_28_DMLST.tif,9988c5f3-f820-4d30-9e71-b611feb3745b,202651437,2003
2003-08-29,2003_08_29_DMLST.tif,74310524-b70a-4361-bbf5-23de622e3518,202629962,2003
2003-08-30,2003_08_30_DMLST.tif,e2f066ee-d8c3-46b2-b130-8c655db2e66a,202616101,2003
2003-08-31,2003_08_31_DMLST.tif,62a7b502-5bda-43cf-a672-ae7abf1d22f4,202336260,2003
2003-09-01,2003_09_01_DMLST.tif,77008472-55c1-40ed-9076-3dcdbf90532f,202386774,2003
2003-09-02,2003_09_02_DMLST.tif,ac25586a-9823-4d79-8b4f-7c8f5b68f697,202121080,2003
2003-09-03,2003_09_03_DMLST.tif,c93c2782-e0cf-40ae-8029-6ff11f36a1a2,203332051,2003
2003-09-04,2003_09_04_DMLST.tif,fa6b0982-6e61-49c9-8d7e-38e2369a1b33,203305272,2003
2003-09-05,2003_09_05_DMLST.tif,d48b6f38-948e-4129-b83d-afa74f774d4c,203301210,2003
2003-09-06,2003_09_06_DMLST.tif,ec6ace12-9e1e-47c0-827c-7d4e25b48cbc,203889401,2003
2003-09-07,2003_09_07_DMLST.tif,fbf144af-36ca-4998-bf54-ed9165c0c780,204119438,2003
2003-09-08,2003_09_08_DMLST.tif,4202277a-6900-4b0f-bfc7-9a7d2b3b0603,204090282,2003
2003-09-09,2003_09_09_DMLST.tif,8f94fb53-7ab6-4a89-9689-4cb2f547352a,204055846,2003
2003-09-10,2003_09_10_DMLST.tif,b0b012d1-cbeb-4dbb-8195-b3f1901a5b8f,204397924,2003
2003-09-11,2003_09_11_DMLST.tif,5ac9e8fa-d115-45a2-b8b0-76c20d31fa13,204230284,2003
2003-09-12,2003_09_12_DMLST.tif,b090387e-85e0-4b24-ad17-b269a9264d18,203661426,2003
2003-09-13,2003_09_13_DMLST.tif,dbf7474d-4f8e-4de1-9f2d-375f720b9299,203366830,2003
2003-09-14,2003_09_14_DMLST.tif,a173fda6-d862-4774-af4f-9243d8c756e7,203299330,2003
2003-09-15,2003_09_15_DMLST.tif,bfe1db43-5b34-4282-a1b8-74e01713f0a6,202907030,2003
2003-09-16,2003_09_16_DMLST.tif,7fb57d1c-9460-4aa0-89fc-40e576540dcf,203140281,2003
2003-09-17,2003_09_17_DMLST.tif,83253f2a-5c1c-4626-a06f-04c30f94316f,203225193,2003
2003-09-18,2003_09_18_DMLST.tif,422ebec4-60c9-4f6f-9977-8e4464fe9ed3,203180911,2003
2003-09-19,2003_09_19_DMLST.tif,2f04d7a3-a419-47c1-9b28-2a83888905c9,204619248,2003
2003-09-20,2003_09_20_DMLST.tif,e6c347a4-9dd7-40fc-84d2-e16f70200cde,204582672,2003
2003-09-21,2003_09_21_DMLST.tif,4af0943b-397f-45b2-bf6a-6dee228c505d,205043063,2003
2003-09-22,2003_09_22_DMLST.tif,484f5a31-666d-4b5a-a77b-691f6c3bc0f9,205198945,2003
2003-09-23,2003_09_23_DMLST.tif,520771e9-e251-4dd7-aba1-ffcc880f9dc6,205072516,2003
2003-09-24,2003_09_24_DMLST.tif,e20734e3-353d-4100-95bf-a2ff10d317ae,204471244,2003
2003-09-25,2003_09_25_DMLST.tif,f467df8c-4433-49ed-ba6d-90f9f23e86f8,204681749,2003
2003-09-26,2003_09_26_DMLST.tif,2fd5dac4-c203-4006-9052-30037e91377c,204618266,2003
2003-09-27,2003_09_27_DMLST.tif,f0e9fa35-fc5a-4e3b-b4b7-47d1c17896e4,204279618,2003
2003-09-28,2003_09_28_DMLST.tif,4175f578-1a2a-45da-ba96-1db473898f6e,204591876,2003
2003-09-29,2003_09_29_DMLST.tif,fc015bf9-e217-4a7d-ad9b-812da2310b6f,204962718,2003
2003-09-30,2003_09_30_DMLST.tif,77b19111-e31e-4325-9fd9-b4d1ca03e160,204745055,2003
2003-10-01,2003_10_01_DMLST.tif,62bc975e-dcbb-4fd7-a672-4bd5370123a8,204997209,2003
2003-10-02,2003_10_02_DMLST.tif,be73688d-1c03-4cd7-ba19-4ad6ec6afb2b,205324814,2003
2003-10-03,2003_10_03_DMLST.tif,d2297065-46a2-4e72-9bfb-e3c627964cc1,205260098,2003
2003-10-04,2003_10_04_DMLST.tif,827a0ab4-0b3b-4406-bf32-cc68effafe97,205051401,2003
2003-10-05,2003_10_05_DMLST.tif,cad93644-00f2-4a4e-afb2-011e6667cf95,206130486,2003
2003-10-06,2003_10_06_DMLST.tif,b17b3e4a-3bb1-4ad0-a165-7a18719ad204,205681575,2003
2003-10-07,2003_10_07_DMLST.tif,08116f7e-7aee-436f-baab-ce8e3f01851f,205250618,2003
2003-10-08,2003_10_08_DMLST.tif,88d75548-eaa0-4b96-b35c-7fe6bb79e834,205015965,2003
2003-10-09,2003_10_09_DMLST.tif,90f76905-30b5-4531-ab88-5d706c3fcc42,205098666,2003
2003-10-10,2003_10_10_DMLST.tif,62d15fe1-0f1f-457f-938e-efa529fb06e9,205742622,2003
2003-10-11,2003_10_11_DMLST.tif,48ec4ae2-63e7-4f46-8ca8-90257f23df28,206117417,2003
2003-10-12,2003_10_12_DMLST.tif,5cd7026d-bca1-4ca5-b805-bb39cc6695a7,206619781,2003
2003-10-13,2003_10_13_DMLST.tif,9b102e14-f986-46a3-bed3-735f2e51606e,206203779,2003
2003-10-14,2003_10_14_DMLST.tif,5806785d-4ad4-4df9-af20-82d0e3517434,206144357,2003
2003-10-15,2003_10_15_DMLST.tif,4c06ae96-e360-4c35-a611-4a98fd1d865d,205924143,2003
2003-10-16,2003_10_16_DMLST.tif,bf50a4f2-3ef6-4bfb-8015-08b3c638484c,206119025,2003
2003-10-17,2003_10_17_DMLST.tif,fe54110c-1a61-4254-8980-421535565a55,206227062,2003
2003-10-18,2003_10_18_DMLST.tif,8abd575c-1b72-4aff-bc28-eb38c11094fa,205660933,2003
2003-10-19,2003_10_19_DMLST.tif,2bffeb6b-c65f-4741-a527-e5192e588153,205125850,2003
2003-10-20,2003_10_20_DMLST.tif,023434a9-a5c7-43b2-97e2-efc3e910392e,205160281,2003
2003-10-21,2003_10_21_DMLST.tif,d343dc99-965c-4024-a3b2-1035e8778777,206421923,2003
2003-10-22,2003_10_22_DMLST.tif,be35146b-38db-4a70-b941-61ba2b0fd790,206102428,2003
2003-10-23,2003_10_23_DMLST.tif,c6764987-95f8-4235-8f3d-5a7cf6de0058,206455609,2003
2003-10-24,2003_10_24_DMLST.tif,5f14ecc7-e527-4ca4-8f19-ebf654518618,206466551,2003
2003-10-25,2003_10_25_DMLST.tif,bc7f097b-65d7-4d28-8177-4a9c9bcf9db8,206483366,2003
2003-10-26,2003_10_26_DMLST.tif,fa4f476e-5c06-4a2a-a1ea-04621ca0baf3,206741285,2003
2003-10-27,2003_10_27_DMLST.tif,56b30426-5bed-4a87-a93d-15314b1e3541,206093116,2003
2003-10-28,2003_10_28_DMLST.tif,7275cdec-9f08-471d-81ab-8af26e542a49,206539355,2003
2003-10-29,2003_10_29_DMLST.tif,efb4a233-3d94-4e90-b08a-6eab4ecb0611,206290976,2003
2003-10-30,2003_10_30_DMLST.tif,28f77510-0d4a-4e34-b45d-21329805ece5,206219990,2003
2003-10-31,2003_10_31_DMLST.tif,9bda5b08-904e-43bb-a3c2-914d42916e83,206104493,2003
2003-11-01,2003_11_01_DMLST.tif,b6695a74-c45d-4411-863a-6129fb3f8ed9,205699575,2003
2003-11-02,2003_11_02_DMLST.tif,85bbd4f6-c8ce-4c39-a5e0-db026a88d37f,205527965,2003
2003-11-03,2003_11_03_DMLST.tif,28ee6c50-65cc-4f6f-8382-74934148c2da,205395313,2003
2003-11-04,2003_11_04_DMLST.tif,0e0b25d8-718f-4423-91c4-2165646b1376,205101058,2003
2003-11-05,2003_11_05_DMLST.tif,76a78c8e-7715-44bf-9b4a-99c2b34a925c,204607961,2003
2003-11-06,2003_11_06_DMLST.tif,6f874ebe-aae5-40f7-b2f2-c107a9c01704,205955562,2003
2003-11-07,2003_11_07_DMLST.tif,79f14a79-acd8-4238-918d-ad8013c1269d,206031919,2003
2003-11-08,2003_11_08_DMLST.tif,6786b082-8c6d-4b78-9e7a-39976393f2d0,205905850,2003
2003-11-09,2003_11_09_DMLST.tif,8a639050-6be0-4580-b57c-2bab30da2f54,206098825,2003
2003-11-10,2003_11_10_DMLST.tif,43dd2ac3-ccc8-4a08-ab03-8b3616f22106,206400291,2003
2003-11-11,2003_11_11_DMLST.tif,b33c6d9c-ac5c-45b6-a05c-bc57a0c38eaf,206381833,2003
2003-11-12,2003_11_12_DMLST.tif,546550e1-ee3e-492b-b3a8-e6f3920587c1,206125255,2003
2003-11-13,2003_11_13_DMLST.tif,53fcc215-3e5f-4a5a-af40-ea27b04a20ca,206014237,2003
2003-11-14,2003_11_14_DMLST.tif,79d55a26-4260-4ed9-9b60-cd4c946ae6e5,205484857,2003
2003-11-15,2003_11_15_DMLST.tif,e3285001-3ca1-4271-8cd6-1b29bb9213ee,205163929,2003
2003-11-16,2003_11_16_DMLST.tif,43af2bd8-ea1e-4ed8-83a9-732e255ad6e9,205090519,2003
2003-11-17,2003_11_17_DMLST.tif,97fd1d1f-bb57-48fc-8b63-4fe4776efd05,205016754,2003
2003-11-18,2003_11_18_DMLST.tif,c3ad7d36-6eb2-46f6-9bbe-e8f34b8e71b0,205034570,2003
2003-11-19,2003_11_19_DMLST.tif,b9140418-d8be-4a86-bf80-7d10ab8d9201,204634311,2003
2003-11-20,2003_11_20_DMLST.tif,799698d1-2a6c-44ad-aad5-cf780a9e8e6a,204398501,2003
2003-11-21,2003_11_21_DMLST.tif,7c13422a-910a-43c3-af34-cffa406c3047,204396207,2003
2003-11-22,2003_11_22_DMLST.tif,8dcff1bf-5c96-49fe-8e9d-c7981ced45c4,204713104,2003
2003-11-23,2003_11_23_DMLST.tif,c8c7a633-7782-434d-808d-0b66681744f6,204903582,2003
2003-11-24,2003_11_24_DMLST.tif,f7590d72-93fe-498d-9558-f07292c7afd9,204935278,2003
2003-11-25,2003_11_25_DMLST.tif,afe114e9-e4c1-41d7-b9fb-32216b9e1835,204865996,2003
2003-11-26,2003_11_26_DMLST.tif,d37ee221-e23b-418d-a3fb-b1af2548fd37,204859015,2003
2003-11-27,2003_11_27_DMLST.tif,70e6c2f3-5e30-4690-b6ea-b95b79099db6,204401870,2003
2003-11-28,2003_11_28_DMLST.tif,6c612029-7a04-4bbd-b8b6-b7fb32eb042c,204145320,2003
2003-11-29,2003_11_29_DMLST.tif,70d4c4fe-be92-4f54-bc3a-60b87175e5aa,204114210,2003
2003-11-30,2003_11_30_DMLST.tif,a58637bf-f8ef-4022-9845-a7c17c7989b8,203453049,2003
2003-12-01,2003_12_01_DMLST.tif,d6b3ba61-c25b-40df-a261-8c98f34b8229,203138973,2003
2003-12-02,2003_12_02_DMLST.tif,52b87223-f685-4965-9245-dc442fb1eaa9,203342017,2003
2003-12-03,2003_12_03_DMLST.tif,2e5ae630-090e-4c58-aba2-3b7782c1af3b,203879916,2003
2003-12-04,2003_12_04_DMLST.tif,2ded56bd-aa93-49f9-bd46-df82dd368297,204021577,2003
2003-12-05,2003_12_05_DMLST.tif,031e5083-1ee7-4bef-b1c0-f1c45d1c2ec0,204059774,2003
2003-12-06,2003_12_06_DMLST.tif,40a581c0-0598-4c43-a616-002031584962,204729456,2003
2003-12-07,2003_12_07_DMLST.tif,9e11983f-7785-40e6-a5af-cae8ade3cdcf,204956495,2003
2003-12-08,2003_12_08_DMLST.tif,a0a740bc-c512-4bc4-ba71-63ac5959885b,205330379,2003
2003-12-09,2003_12_09_DMLST.tif,573e4ea1-e65f-4aad-91f8-20483e1f066c,205284669,2003
2003-12-10,2003_12_10_DMLST.tif,a358027d-8157-44a2-b5ee-d278d16890d5,205211108,2003
2003-12-11,2003_12_11_DMLST.tif,9652d096-a034-4ac6-afb7-1dddd168ae64,205044196,2003
2003-12-12,2003_12_12_DMLST.tif,cf686798-5a6f-4ff2-8f2a-fb383f70a57a,205635564,2003
2003-12-13,2003_12_13_DMLST.tif,d44351a5-0843-4874-b4d5-ff7e054537ab,205841754,2003
2003-12-14,2003_12_14_DMLST.tif,618081b2-d654-4a7f-89a1-21c8e76e7c6a,205246890,2003
2003-12-15,2003_12_15_DMLST.tif,d41f3623-82fc-471d-8162-113477cda2f7,204777586,2003
2003-12-16,2003_12_16_DMLST.tif,54ba1425-37e3-47fb-9104-f0aa44b0b443,204479265,2003
2003-12-17,2003_12_17_DMLST.tif,7fc76113-3bf8-4744-8f41-f9ec18997693,204797384,2003
2003-12-18,2003_12_18_DMLST.tif,be48f4ce-2d3d-4a44-90b9-4c351e4396af,204773047,2003
2003-12-19,2003_12_19_DMLST.tif,0317e177-1f92-45aa-9597-f10372fbd9f2,205182234,2003
2003-12-20,2003_12_20_DMLST.tif,f545f95a-b5da-4e91-bb82-3d119754605c,205594076,2003
2003-12-21,2003_12_21_DMLST.tif,82ae86d5-dbc8-4ddb-87ba-9ba7cf5fc7c5,205546056,2003
2003-12-22,2003_12_22_DMLST.tif,468ca969-1c65-4779-b7d3-1c0b3988c102,205508440,2003
2003-12-23,2003_12_23_DMLST.tif,04e0c208-8d53-489e-8024-2ddcc700369d,204935946,2003
2003-12-24,2003_12_24_DMLST.tif,1107394a-aec5-4fbd-b7df-92d305b60644,204937514,2003
2003-12-25,2003_12_25_DMLST.tif,523364a3-e4e7-454c-a244-7ad64c00a285,204921499,2003
2003-12-26,2003_12_26_DMLST.tif,5e1a5101-4029-4f12-b681-fa9f1605802c,206034056,2003
2003-12-27,2003_12_27_DMLST.tif,e310dc6d-3339-413f-b1e9-5169c793ff42,206643962,2003
2003-12-28,2003_12_28_DMLST.tif,baafe370-c4ef-470e-8f03-e27a76fa177f,205942391,2003
2003-12-29,2003_12_29_DMLST.tif,21ce1ed1-e78e-4cd6-8510-744e0b25bec7,205070331,2003
2003-12-30,2003_12_30_DMLST.tif,30713230-736b-44eb-b775-f78844ea0cef,204138113,2003
2003-12-31,2003_12_31_DMLST.tif,9967cb17-92e6-43ee-9630-045428145a5b,203703135,2003
2004-01-01,2004_01_01_DMLST.tif,22779e30-7b01-436a-ac1e-ee3659d2d8ad,202891294,2004
2004-01-02,2004_01_02_DMLST.tif,6fba2549-6611-45f0-b1c1-eb337bc17766,202016931,2004
2004-01-03,2004_01_03_DMLST.tif,ea313d4d-bf05-44c2-8f2c-ad82a738d17e,201533761,2004
2004-01-04,2004_01_04_DMLST.tif,f61a019d-2569-477c-b5ba-fa35953faa32,201301361,2004
2004-01-05,2004_01_05_DMLST.tif,4ecb00aa-6166-44b4-b2e1-d897773c3612,201327692,2004
2004-01-06,2004_01_06_DMLST.tif,d905cdca-d323-488a-9c9c-cd958dc15e02,202116050,2004
2004-01-07,2004_01_07_DMLST.tif,e998a2c4-2050-41c8-9bd7-6d8fe869c211,202979533,2004
2004-01-08,2004_01_08_DMLST.tif,9d0ce80a-cdcd-4e73-ae7b-2e557907f52a,203962060,2004
2004-01-09,2004_01_09_DMLST.tif,40c80009-b95a-4f38-993e-a513cc7639b2,204059594,2004
2004-01-10,2004_01_10_DMLST.tif,2441e4c2-dfd3-4c2a-adb5-0ecfa94be24b,204071062,2004
2004-01-11,2004_01_11_DMLST.tif,44bbcf7d-fbf5-42c2-a10c-189e2ba9a61e,203988073,2004
2004-01-12,2004_01_12_DMLST.tif,6961582b-55e0-4db8-982d-eefc503708e5,203803214,2004
2004-01-13,2004_01_13_DMLST.tif,9fee43f2-138e-4bf9-a2db-a7d4345537ce,203855594,2004
2004-01-14,2004_01_14_DMLST.tif,176180ab-c21c-4e5d-9e4d-f93e1f1d9da7,203298320,2004
2004-01-15,2004_01_15_DMLST.tif,63f859f8-edf6-4085-b9ba-a888b1300ecf,203235681,2004
2004-01-16,2004_01_16_DMLST.tif,83527348-0730-4171-b19c-76d57bc2a70f,203355154,2004
2004-01-17,2004_01_17_DMLST.tif,1c180135-46f7-40ae-9ee8-7095f7e9f1f3,202990431,2004
2004-01-18,2004_01_18_DMLST.tif,ce748937-5762-4455-b000-f158f6e4c9b3,202286141,2004
2004-01-19,2004_01_19_DMLST.tif,7ce68325-de06-4453-b1b2-b1bf87bb686c,202058159,2004
2004-01-20,2004_01_20_DMLST.tif,6a7ffb2f-c219-484a-92a6-b0c522d26a77,202278239,2004
2004-01-21,2004_01_21_DMLST.tif,cd97c1f4-8072-494d-8848-a62281b23366,202708005,2004
2004-01-22,2004_01_22_DMLST.tif,b40037f1-35c8-45a5-b1c0-8fb28127abbe,202733052,2004
2004-01-23,2004_01_23_DMLST.tif,9cd187b6-af70-43d8-8e6c-34bf0b072ebc,202988804,2004
2004-01-24,2004_01_24_DMLST.tif,5ba439a0-5061-4be0-b27e-319c505fbcbb,202498249,2004
2004-01-25,2004_01_25_DMLST.tif,6ffc098b-8143-43a0-8c68-744056c058cf,201876500,2004
2004-01-26,2004_01_26_DMLST.tif,4bc3acca-5209-4e20-997f-d8bf88ed817f,201539331,2004
2004-01-27,2004_01_27_DMLST.tif,e73841b9-13d9-497d-8105-1b4da1d894bd,201810265,2004
2004-01-28,2004_01_28_DMLST.tif,8c3b6242-613a-452e-96bd-465b36a94295,201860408,2004
2004-01-29,2004_01_29_DMLST.tif,3b60f8cc-70f4-4b38-a1a1-b0a0236fe931,202155402,2004
2004-01-30,2004_01_30_DMLST.tif,b5a91ea3-0836-404e-a8e8-100a6bc0d78a,201289092,2004
2004-01-31,2004_01_31_DMLST.tif,3514bf4b-2b16-4b26-87ed-c2864d7689f0,201396471,2004
2004-02-01,2004_02_01_DMLST.tif,27b0bd86-2fbd-4e7a-a9a3-a87571e4e8a4,201894172,2004
2004-02-02,2004_02_02_DMLST.tif,699c0efd-5c33-40b1-b8a7-b95f26d905d7,202666430,2004
2004-02-03,2004_02_03_DMLST.tif,cbe4964a-1dac-4622-b9c8-989979b907f3,202977134,2004
2004-02-04,2004_02_04_DMLST.tif,2a5ae098-6835-4187-8e5d-ec5fb350424e,202925563,2004
2004-02-05,2004_02_05_DMLST.tif,d3875705-feae-4b9f-8843-78f7d702b93b,203049878,2004
2004-02-06,2004_02_06_DMLST.tif,1109b131-d80d-4dfc-b515-b7e64be9f38e,203735869,2004
2004-02-07,2004_02_07_DMLST.tif,caaa0c40-30e7-4a04-9549-acb7fce26577,204116510,2004
2004-02-08,2004_02_08_DMLST.tif,6d407dd2-b93f-4a65-97ac-6241621bd09e,204192692,2004
2004-02-09,2004_02_09_DMLST.tif,818239e4-26e0-486d-a8c0-e6340b4b37b0,203961797,2004
2004-02-10,2004_02_10_DMLST.tif,ce79010a-32f2-4dc3-bc4f-a284f0770789,203194351,2004
2004-02-11,2004_02_11_DMLST.tif,b0fb313c-bae0-4917-926a-4b590a3a350a,203077377,2004
2004-02-12,2004_02_12_DMLST.tif,162e517e-0954-4f92-a4d5-481157a13200,203041986,2004
2004-02-13,2004_02_13_DMLST.tif,1ef55198-72cf-4b7e-a7d0-8a501ba27b9c,202671333,2004
2004-02-14,2004_02_14_DMLST.tif,346d12ef-320c-40ec-aa4c-f4f3b5a8de2d,202629725,2004
2004-02-15,2004_02_15_DMLST.tif,d8a9d7a2-c3fb-46a0-a9ec-d3406c2e0d84,201777135,2004
2004-02-16,2004_02_16_DMLST.tif,be3f9889-9068-4828-aa8b-e92ddadbdab9,201498021,2004
2004-02-17,2004_02_17_DMLST.tif,6dc6693b-35c0-42e3-926a-557c060fa27b,201705372,2004
2004-02-18,2004_02_18_DMLST.tif,153a21e7-afec-42d7-9777-487021b2de58,201940529,2004
2004-02-19,2004_02_19_DMLST.tif,1dc17311-a9f8-41bd-814e-5c7e4c145fae,201635274,2004
2004-02-20,2004_02_20_DMLST.tif,df3fb577-63b4-41cc-b744-5953908b0c73,201463893,2004
2004-02-21,2004_02_21_DMLST.tif,400c945f-714a-4f5e-93aa-3384373bc6c1,201875597,2004
2004-02-22,2004_02_22_DMLST.tif,09e2f7e4-94f0-4287-9ba1-b898e799700e,202385019,2004
2004-02-23,2004_02_23_DMLST.tif,1437e1e8-68ea-4787-9ceb-1c2507d5e256,203347588,2004
2004-02-24,2004_02_24_DMLST.tif,9b09be7e-0f8d-4e7d-a878-e407c6d2ddf2,203131770,2004
2004-02-25,2004_02_25_DMLST.tif,07ef8f18-34d4-4ad4-89f2-a51f81ae9246,203075849,2004
2004-02-26,2004_02_26_DMLST.tif,0d1258a2-1ede-47d4-9f88-828d31351bf9,203626045,2004
2004-02-27,2004_02_27_DMLST.tif,f7be40f2-cce6-45c2-94b0-2e18387de5c0,203845483,2004
2004-02-28,2004_02_28_DMLST.tif,10d0b8a4-75ac-4d34-8453-78386b3650fe,203456025,2004
2004-02-29,2004_02_29_DMLST.tif,7a0e90be-afd5-463b-8875-0d8538abb518,203097392,2004
2004-03-01,2004_03_01_DMLST.tif,c8945a22-4933-4362-81a9-f0b5c7b6adf4,202836334,2004
2004-03-02,2004_03_02_DMLST.tif,9fd31044-4fdc-4e60-a5b1-9b117b0e8057,201418204,2004
2004-03-03,2004_03_03_DMLST.tif,1a5c594c-72e3-4b3b-a062-2d13f2e0d30f,201748865,2004
2004-03-04,2004_03_04_DMLST.tif,5755a343-6d47-45df-8bc9-cbda502b3c68,202658048,2004
2004-03-05,2004_03_05_DMLST.tif,ff34323b-0860-474b-8f80-b76e98c3d192,203255354,2004
2004-03-06,2004_03_06_DMLST.tif,c7b59b59-6528-4388-93e9-701901833bf0,203812308,2004
2004-03-07,2004_03_07_DMLST.tif,dd6e771d-f599-4aca-8ff2-bcd9bf7985c6,203665752,2004
2004-03-08,2004_03_08_DMLST.tif,ca20e784-68ad-43c8-a77e-f270af07ca0e,204209047,2004
2004-03-09,2004_03_09_DMLST.tif,b2d1dd9f-5809-4fc9-91df-3cb44a5ef43d,204021279,2004
2004-03-10,2004_03_10_DMLST.tif,969a09da-bb5c-4af7-b5b4-d070708724d5,203268566,2004
2004-03-11,2004_03_11_DMLST.tif,60a75251-d160-4d0f-9da6-e3ac462a9f03,202905961,2004
2004-03-12,2004_03_12_DMLST.tif,bf2bd44b-3f98-4c17-9dad-bf50299561e7,203044914,2004
2004-03-13,2004_03_13_DMLST.tif,608f2018-d751-4c90-8fde-781b70fe3861,203278362,2004
2004-03-14,2004_03_14_DMLST.tif,eed68e2f-2bb1-4fa9-a954-45c100dcad92,203464258,2004
2004-03-15,2004_03_15_DMLST.tif,18117a5c-a42b-44b9-9163-d216d27ee8f5,203438219,2004
2004-03-16,2004_03_16_DMLST.tif,b2172b3b-5c24-4ea9-9197-a869dd48152f,203265104,2004
2004-03-17,2004_03_17_DMLST.tif,c43d6391-fefb-452a-8e3b-571a6a272fa2,203477364,2004
2004-03-18,2004_03_18_DMLST.tif,96608228-d892-4af5-98bd-c5163f1cbf3f,203073349,2004
2004-03-19,2004_03_19_DMLST.tif,02fb1165-4b65-45c0-92d2-69e48bbf082b,203221752,2004
2004-03-20,2004_03_20_DMLST.tif,7ffefc99-b8b4-452b-9963-d363dd2205ff,203101046,2004
2004-03-21,2004_03_21_DMLST.tif,e7c2e83a-d911-47bc-b5e2-afd40c2d8e58,203114456,2004
2004-03-22,2004_03_22_DMLST.tif,e6732a1b-a3ca-4e8c-b803-83c074f1aafa,203426179,2004
2004-03-23,2004_03_23_DMLST.tif,198c9fc4-a858-43ee-b19a-83ecf854c3b8,203192266,2004
2004-03-24,2004_03_24_DMLST.tif,9dea0ae5-7a30-4a54-85e6-2c24e5839748,202657713,2004
2004-03-25,2004_03_25_DMLST.tif,76714480-894a-4dbf-861a-f84c3daf3828,202656723,2004
2004-03-26,2004_03_26_DMLST.tif,c5c62921-69e2-4503-83f1-13d44ea3b9de,203971954,2004
2004-03-27,2004_03_27_DMLST.tif,b093304e-7fc7-4100-a90d-07a3fc132ae6,203961283,2004
2004-03-28,2004_03_28_DMLST.tif,89dc88be-25fc-4f23-a258-46b471184767,204198149,2004
2004-03-29,2004_03_29_DMLST.tif,2162c452-6b2c-45f8-8f89-c3401b804b1a,204439310,2004
2004-03-30,2004_03_30_DMLST.tif,96255be6-24d2-4a63-a991-4ccafa853acf,204936301,2004
2004-03-31,2004_03_31_DMLST.tif,b61b80fa-8ea3-494f-97ec-d2be5e4100e9,204898847,2004
2004-04-01,2004_04_01_DMLST.tif,6dbc09cb-5369-43a7-abba-e8991e959de3,204599161,2004
2004-04-02,2004_04_02_DMLST.tif,8fc067a6-ac47-4cb8-9df8-5be1d181bb13,204149448,2004
2004-04-03,2004_04_03_DMLST.tif,f634a809-a5d6-4424-afbb-b4303650d0b9,203306837,2004
2004-04-04,2004_04_04_DMLST.tif,f0cc8cf6-28f3-4b68-9a4e-0b8821fdc488,204179212,2004
2004-04-05,2004_04_05_DMLST.tif,387df489-c0f3-4f67-8627-6db03993a89e,204436762,2004
2004-04-06,2004_04_06_DMLST.tif,b95d30b3-b29b-436d-90f5-dc7004406f9c,203951576,2004
2004-04-07,2004_04_07_DMLST.tif,f2484628-7f0b-448b-a4b4-7fb7bdcae372,203878427,2004
2004-04-08,2004_04_08_DMLST.tif,536fc5ec-f6d3-4cfd-b8af-c1d5554b6b61,203826868,2004
2004-04-09,2004_04_09_DMLST.tif,32404263-2016-4dc1-9cee-cb42bb635a8a,204046137,2004
2004-04-10,2004_04_10_DMLST.tif,2da6eccc-8a61-4708-8411-c2dbbe5c7f18,204511567,2004
2004-04-11,2004_04_11_DMLST.tif,a7609d42-fb12-42e3-bb4c-7b54f28768f2,205515554,2004
2004-04-12,2004_04_12_DMLST.tif,46c94dee-90fa-46e9-a605-391bc84059a2,205199275,2004
2004-04-13,2004_04_13_DMLST.tif,adb1f5a4-3ba4-4b35-9774-f9d55bc7c6fa,205207154,2004
2004-04-14,2004_04_14_DMLST.tif,59d81ca9-0ede-483c-907b-8e8c73ffd63c,205163839,2004
2004-04-15,2004_04_15_DMLST.tif,db949b77-bcc0-412b-a827-21fe3435f329,205058655,2004
2004-04-16,2004_04_16_DMLST.tif,a43920b0-425a-4530-9974-61d31b7a0f6c,204960976,2004
2004-04-17,2004_04_17_DMLST.tif,2c57c2dd-c563-41dc-a501-7cd8fec1ad96,205093057,2004
2004-04-18,2004_04_18_DMLST.tif,c1248d61-f71f-4bb8-a9c7-2fb4a48a3347,205127292,2004
2004-04-19,2004_04_19_DMLST.tif,503f7636-3444-4a03-8aea-7b855b3fc47a,203961255,2004
2004-04-20,2004_04_20_DMLST.tif,ab4a4c41-04ce-46c8-b5bd-877d46999d78,203719267,2004
2004-04-21,2004_04_21_DMLST.tif,924426c7-c28f-4bbf-8f38-d346584affd4,202922263,2004
2004-04-22,2004_04_22_DMLST.tif,426853ac-d19b-4bbd-ba81-9c5b77e670eb,202942517,2004
2004-04-23,2004_04_23_DMLST.tif,8c7bd583-1e55-4d38-a2d1-87b8466c4160,203562184,2004
2004-04-24,2004_04_24_DMLST.tif,50fa2ee4-c046-41f9-a644-d0723673645d,204007212,2004
2004-04-25,2004_04_25_DMLST.tif,572c976a-eb73-4fed-86fc-43a0fc7c0a9d,203705469,2004
2004-04-26,2004_04_26_DMLST.tif,323669f0-5840-4cf1-871d-bf89eb9609c0,203559192,2004
2004-04-27,2004_04_27_DMLST.tif,db72ff07-511f-4758-89eb-97f5325a8c1e,204232811,2004
2004-04-28,2004_04_28_DMLST.tif,203f71ec-2e7e-4c41-b02a-ae018446e8ae,204398926,2004
2004-04-29,2004_04_29_DMLST.tif,bdc850fe-a15b-4cf8-af54-50cc77d423c0,204866889,2004
2004-04-30,2004_04_30_DMLST.tif,b828cd87-4b00-447e-ae13-c0abe698377a,205457794,2004
2004-05-01,2004_05_01_DMLST.tif,f5e88763-3970-49fe-9960-3aa748774d4c,205905780,2004
2004-05-02,2004_05_02_DMLST.tif,769de135-d067-4823-b0dd-f9c40c053630,205438921,2004
2004-05-03,2004_05_03_DMLST.tif,01b07ecd-eec5-45e9-8f3a-19c775c41c12,205016128,2004
2004-05-04,2004_05_04_DMLST.tif,9ff45cdb-15aa-4289-b7ed-7f461953c2a5,204823719,2004
2004-05-05,2004_05_05_DMLST.tif,eff10816-c83e-46ca-8d58-39fcfc16df9e,204218649,2004
2004-05-06,2004_05_06_DMLST.tif,2c627796-bf77-4e38-bf6c-ccdf20a66004,204228671,2004
2004-05-07,2004_05_07_DMLST.tif,7241f2e8-9291-4587-97d8-c0b661cb4112,204136145,2004
2004-05-08,2004_05_08_DMLST.tif,14fd475e-1c5f-4778-bf50-f57bcc806d88,203761380,2004
2004-05-09,2004_05_09_DMLST.tif,0c9ce067-686e-4813-999e-3a5e9ff0b808,203132175,2004
2004-05-10,2004_05_10_DMLST.tif,efc671f7-a0d0-4a29-a7ec-7a0754c48f67,202897262,2004
2004-05-11,2004_05_11_DMLST.tif,cc4fd5b2-eede-4af9-a684-1e4893fde669,202808229,2004
2004-05-12,2004_05_12_DMLST.tif,a1be122e-6ee2-4956-b3bb-f085d9d2bd60,203341728,2004
2004-05-13,2004_05_13_DMLST.tif,3396dd86-2576-4869-838d-612b32d5c004,204882311,2004
2004-05-14,2004_05_14_DMLST.tif,9021080a-2520-4fb5-a285-f64871397f63,205577598,2004
2004-05-15,2004_05_15_DMLST.tif,2a3dc9a5-adea-434d-b7dc-cd3ff565e50c,205453611,2004
2004-05-16,2004_05_16_DMLST.tif,42f111ca-8b35-4a9b-bfc7-74a3dfb2478f,205013716,2004
2004-05-17,2004_05_17_DMLST.tif,02a5f0ec-80b5-4232-85e9-562ca29932fb,204894561,2004
2004-05-18,2004_05_18_DMLST.tif,ddd1e186-3643-485b-b4f0-c73e3b078398,204975603,2004
2004-05-19,2004_05_19_DMLST.tif,2fc00fac-65bb-4316-84eb-498a99eb14a9,204803116,2004
2004-05-20,2004_05_20_DMLST.tif,63ed576c-305f-4308-889d-8a9812d9660e,204744181,2004
2004-05-21,2004_05_21_DMLST.tif,bc04e6e2-c9d1-4705-aee7-37109844b260,204407703,2004
2004-05-22,2004_05_22_DMLST.tif,54d63918-7cff-44af-b8c8-7795c3093a79,204669396,2004
2004-05-23,2004_05_23_DMLST.tif,c02c088b-a6ae-43bf-9926-2f158f9abb9b,204675557,2004
2004-05-24,2004_05_24_DMLST.tif,f09be3d2-a7d8-4bf7-8ec5-0ee76c22aa46,204959128,2004
2004-05-25,2004_05_25_DMLST.tif,1b4d6c77-8ec7-40d7-b131-db07db6d581a,204676455,2004
2004-05-26,2004_05_26_DMLST.tif,ff2329be-1a04-4509-a57d-9cad9d06b717,204760029,2004
2004-05-27,2004_05_27_DMLST.tif,91712f68-76f4-44f1-8be7-552e1c71ef5e,205101325,2004
2004-05-28,2004_05_28_DMLST.tif,9f98ea2e-e9d0-427f-b640-82c3a99976c5,205581404,2004
2004-05-29,2004_05_29_DMLST.tif,08e594bd-5f70-41f5-b8bc-0de7cb66bbba,206061737,2004
2004-05-30,2004_05_30_DMLST.tif,88d942fd-4055-4a56-a50e-81563fc57974,205966050,2004
2004-05-31,2004_05_31_DMLST.tif,c93611e9-61c2-4a94-a386-dbbb7ccdc044,205646714,2004
2004-06-01,2004_06_01_DMLST.tif,62ef453e-7fb8-44b9-b297-09fb0bec8b1e,205748204,2004
2004-06-02,2004_06_02_DMLST.tif,629a2a37-980b-4460-ba73-f9a9618d1a56,205749894,2004
2004-06-03,2004_06_03_DMLST.tif,f86def38-e1cf-4586-a1d2-75c4f51dd601,206178548,2004
2004-06-04,2004_06_04_DMLST.tif,2a8e9e96-0405-4085-9df9-faa4cac2e713,206035810,2004
2004-06-05,2004_06_05_DMLST.tif,0d4c2969-2ae2-4f37-8d7c-2a7ad0296bdb,205828902,2004
2004-06-06,2004_06_06_DMLST.tif,da63accd-1211-4e97-9986-76befdaf142b,204469070,2004
2004-06-07,2004_06_07_DMLST.tif,1a62f592-571b-4c21-acd3-5dc98398981d,204033910,2004
2004-06-08,2004_06_08_DMLST.tif,a80d7546-31cf-4584-b1e4-0521d2a87230,203970350,2004
2004-06-09,2004_06_09_DMLST.tif,a334677e-0b18-4b2a-86e8-e5004d0f9874,204365790,2004
2004-06-10,2004_06_10_DMLST.tif,b66483bd-1ff4-4189-9af2-b97b60c0b632,204587938,2004
2004-06-11,2004_06_11_DMLST.tif,9f5f231c-6d5e-4008-92da-f88cf2a17c2f,204433272,2004
2004-06-12,2004_06_12_DMLST.tif,bb2cc913-62c7-4355-b6de-cb8e66781ef8,204777994,2004
2004-06-13,2004_06_13_DMLST.tif,83d29688-932c-4a25-b038-efd99bdf905a,205194037,2004
2004-06-14,2004_06_14_DMLST.tif,97b9b77b-dba7-4b0a-9e9f-eb09433971f0,205992276,2004
2004-06-15,2004_06_15_DMLST.tif,9cb75d61-4a1d-47b4-9f14-6d80f4ab6c49,205337236,2004
2004-06-16,2004_06_16_DMLST.tif,f56afd4a-0e57-4c38-9be6-a43e07496731,205218044,2004
2004-06-17,2004_06_17_DMLST.tif,ed4a0046-1072-48eb-a521-8a5aaa4514bb,205255892,2004
2004-06-18,2004_06_18_DMLST.tif,99afa330-1328-40d4-b97c-ed8afca6de1e,205323890,2004
2004-06-19,2004_06_19_DMLST.tif,8b4efe9b-f2f6-4ceb-ae0f-9af5be7178a5,205225365,2004
2004-06-20,2004_06_20_DMLST.tif,b0dfd0ef-9e02-4f7b-a628-e1460df0f250,205536821,2004
2004-06-21,2004_06_21_DMLST.tif,4ea49359-b9bc-48ef-b302-b38f05707c8e,205302383,2004
2004-06-22,2004_06_22_DMLST.tif,218aa15e-ca0f-4742-90d3-46c19e6917c0,203816055,2004
2004-06-23,2004_06_23_DMLST.tif,61ca8a8b-4d3d-401e-9dc2-7196cf09b598,203990015,2004
2004-06-24,2004_06_24_DMLST.tif,e348cb71-5c23-49de-b918-e45ce92f2a09,204090153,2004
2004-06-25,2004_06_25_DMLST.tif,799a901c-6c65-4199-a415-059efd1a30ea,204132355,2004
2004-06-26,2004_06_26_DMLST.tif,d87587f5-9430-453d-aa20-5d7033d8795e,204244723,2004
2004-06-27,2004_06_27_DMLST.tif,19830549-5a6c-4617-b09c-17f6d3314150,204206412,2004
2004-06-28,2004_06_28_DMLST.tif,320100ee-d877-47c4-a6df-9ccaa97c556a,203871013,2004
2004-06-29,2004_06_29_DMLST.tif,6916c21a-1918-4de0-a42d-b4aa32a611bf,203698702,2004
2004-06-30,2004_06_30_DMLST.tif,f55e309b-4c17-463a-91fb-d12e7c0008de,204626700,2004
2004-07-01,2004_07_01_DMLST.tif,c6ffe755-2e0d-4d2f-9675-44c2605bf673,204232983,2004
2004-07-02,2004_07_02_DMLST.tif,7e5e9ff6-c0b6-443d-91c2-182ee71d09a3,203782295,2004
2004-07-03,2004_07_03_DMLST.tif,60b6a337-6971-4a9d-b519-87a028f600e7,203473095,2004
2004-07-04,2004_07_04_DMLST.tif,9d95501f-5b5c-4b36-8f3a-e90bb8e42eca,203500089,2004
2004-07-05,2004_07_05_DMLST.tif,f0bb119d-cee1-498e-bf7d-9cfe94f8ee30,203439515,2004
2004-07-06,2004_07_06_DMLST.tif,eb574f6d-bc26-4994-bdc4-02a892dfbfcb,203733731,2004
2004-07-07,2004_07_07_DMLST.tif,f6a8c55d-42d0-4acc-9cf4-d88fed833d8a,203873248,2004
2004-07-08,2004_07_08_DMLST.tif,1c2d565b-7095-4c56-ba98-d121ba21b2e0,202985688,2004
2004-07-09,2004_07_09_DMLST.tif,2f505813-28de-42f8-a0c4-0d8883245da8,203155545,2004
2004-07-10,2004_07_10_DMLST.tif,6c2ed2cb-94cf-408a-92a3-3d83a0b519bc,203098101,2004
2004-07-11,2004_07_11_DMLST.tif,77385a16-f55f-4ccb-81bf-dd8bdf9b171f,203116561,2004
2004-07-12,2004_07_12_DMLST.tif,40b924af-6c24-4c3f-b173-96b79dc25a94,203089469,2004
2004-07-13,2004_07_13_DMLST.tif,f683d734-6be9-439c-bb14-e191c7c29a0f,202798354,2004
2004-07-14,2004_07_14_DMLST.tif,c07eac1d-2749-465c-828e-b81c1619119b,203077478,2004
2004-07-15,2004_07_15_DMLST.tif,f3669b67-dd0a-4820-a9a4-9a0fdda82038,203182779,2004
2004-07-16,2004_07_16_DMLST.tif,37a8b60a-72bd-4a3c-a351-c3179367ac13,204258743,2004
2004-07-17,2004_07_17_DMLST.tif,d53b68b7-c7e8-4d2b-8215-76641ed12242,204609214,2004
2004-07-18,2004_07_18_DMLST.tif,f28410fd-bbb1-4893-8b89-aea6a77cf74e,205156192,2004
2004-07-19,2004_07_19_DMLST.tif,bda50734-f1f9-4da2-8152-f0410359f75a,205184339,2004
2004-07-20,2004_07_20_DMLST.tif,c4764158-4754-4ae7-a9c3-3ef9e2991ccc,204839708,2004
2004-07-21,2004_07_21_DMLST.tif,48e7e233-590c-4913-94fd-c8b8e489a136,204303029,2004
2004-07-22,2004_07_22_DMLST.tif,c793730a-c817-40c3-b22d-6957654ad46b,204021712,2004
2004-07-23,2004_07_23_DMLST.tif,012f68a0-da90-4ec8-bd2f-a33d52ce56e7,203606251,2004
2004-07-24,2004_07_24_DMLST.tif,264a2059-e869-4b55-be48-cf2dffb46a86,201912399,2004
2004-07-25,2004_07_25_DMLST.tif,042133e4-7071-4e4a-a1db-4985c0b3d854,201821873,2004
2004-07-26,2004_07_26_DMLST.tif,a7f9b3fd-b6ef-4cbb-b4db-cf96fde6473d,201686152,2004
2004-07-27,2004_07_27_DMLST.tif,9b25ce0a-f6ba-44c5-ad99-81d3812276f5,201384574,2004
2004-07-28,2004_07_28_DMLST.tif,48dcbcad-eb3e-4336-b3d2-34e1efa773e1,201340543,2004
2004-07-29,2004_07_29_DMLST.tif,35374cab-4b50-49b1-b100-c444a285c2e9,201155210,2004
2004-07-30,2004_07_30_DMLST.tif,ff9e82c0-497f-455a-bde7-75bc5079b070,201070004,2004
2004-07-31,2004_07_31_DMLST.tif,4b310206-82ce-41bc-aaf6-7780ceada3d6,201360714,2004
2004-08-01,2004_08_01_DMLST.tif,7031c7e5-ac7b-4f99-b626-bb6e0f114904,202607627,2004
2004-08-02,2004_08_02_DMLST.tif,25a36b57-1ebb-43fc-966d-5cfd60aeb48c,202530007,2004
2004-08-03,2004_08_03_DMLST.tif,49412ee2-8939-431e-91ef-e1fc4a46a977,202544240,2004
2004-08-04,2004_08_04_DMLST.tif,f59afc1c-0b43-400f-a29e-ebd044d08d63,202382923,2004
2004-08-05,2004_08_05_DMLST.tif,8e0708e2-e66d-474e-a66a-403d55319fb7,202207202,2004
2004-08-06,2004_08_06_DMLST.tif,07cd617a-5c49-4f9b-a775-a765b6e8c62a,202004738,2004
2004-08-07,2004_08_07_DMLST.tif,19217ce8-bb98-4ba0-ae39-c40509d0bd82,202350399,2004
2004-08-08,2004_08_08_DMLST.tif,f48abf5b-b0cf-42a2-bb2f-0f7eaa5b12e0,202766209,2004
2004-08-09,2004_08_09_DMLST.tif,77dcf8b1-d10a-4b57-8655-9ff2fbd6e6ac,201806267,2004
2004-08-10,2004_08_10_DMLST.tif,747eb06c-f741-4fa7-8785-5b8ff4a77368,200733815,2004
2004-08-11,2004_08_11_DMLST.tif,fedc6221-779a-442e-9059-c01443cb740d,200533883,2004
2004-08-12,2004_08_12_DMLST.tif,219b27a6-9539-4521-be40-87e7f6f32555,200704508,2004
2004-08-13,2004_08_13_DMLST.tif,135816eb-9af7-4558-9e04-209078e00909,200684124,2004
2004-08-14,2004_08_14_DMLST.tif,f0ce403f-a24c-48af-8829-af630019c09e,200639713,2004
2004-08-15,2004_08_15_DMLST.tif,36bb0aef-d089-42bb-8b41-2418982b0e3f,200630322,2004
2004-08-16,2004_08_16_DMLST.tif,020b31d7-7afc-42de-a52a-6ce9cbece7fb,200960735,2004
2004-08-17,2004_08_17_DMLST.tif,64d3ea86-8a4b-4ce2-a8a7-449cf2a7f201,202092719,2004
2004-08-18,2004_08_18_DMLST.tif,62fb2c96-558d-45a6-bf62-7b6c95de6d5b,202215085,2004
2004-08-19,2004_08_19_DMLST.tif,613cd0cf-7bfc-4dc3-8bd2-c5586b4ddf17,202696708,2004
2004-08-20,2004_08_20_DMLST.tif,6d396324-e766-4783-b368-16daa40d1d74,203031031,2004
2004-08-21,2004_08_21_DMLST.tif,9e22141d-b3ba-490f-b892-5fdc7d621071,202903654,2004
2004-08-22,2004_08_22_DMLST.tif,00e97fd6-6ace-4781-ad1c-de79dc529803,202714504,2004
2004-08-23,2004_08_23_DMLST.tif,722c7a7d-309a-4af0-b977-6575555f5160,202333564,2004
2004-08-24,2004_08_24_DMLST.tif,32eb4647-f04d-4f25-b689-b8eaf507ab32,202071234,2004
2004-08-25,2004_08_25_DMLST.tif,54cfc403-ec71-4531-83d4-936ad36fdd5a,201424486,2004
2004-08-26,2004_08_26_DMLST.tif,8b8926ca-b2c8-46b0-85e5-69b551c66881,201393394,2004
2004-08-27,2004_08_27_DMLST.tif,646cb861-ee57-4e59-bc06-7c3ab2fde378,201543946,2004
2004-08-28,2004_08_28_DMLST.tif,e2f9b94f-beb7-44b6-99ee-aebf2398600a,201351623,2004
2004-08-29,2004_08_29_DMLST.tif,6b810cfa-273e-4ca4-9646-a8280b863ab5,201251884,2004
2004-08-30,2004_08_30_DMLST.tif,3438e180-7a62-4ad0-9f8b-18fccf12e78a,201397401,2004
2004-08-31,2004_08_31_DMLST.tif,b7ccedbf-208b-4da8-8712-07540bb7184d,201671414,2004
2004-09-01,2004_09_01_DMLST.tif,19b9285e-dcc7-4ef8-91c7-4d688086cf57,201695234,2004
2004-09-02,2004_09_02_DMLST.tif,c2b691b9-c2a1-4de9-8a5f-ae493e745b8f,202847096,2004
2004-09-03,2004_09_03_DMLST.tif,e38bbd8a-ff82-4223-a1df-7870133ce771,202931764,2004
2004-09-04,2004_09_04_DMLST.tif,b349f634-7165-4f4f-82ce-b60a6aed4dce,202788223,2004
2004-09-05,2004_09_05_DMLST.tif,e84e93be-744e-4095-bd2c-d1645606d6cc,202845259,2004
2004-09-06,2004_09_06_DMLST.tif,acd1471a-f6b5-4d46-84bc-6a4bc8d0185d,203358493,2004
2004-09-07,2004_09_07_DMLST.tif,de269581-4d1c-494d-b016-a820d8dc3732,203359276,2004
2004-09-08,2004_09_08_DMLST.tif,ed72e242-b6ec-4604-9fb9-26aff35d4fb9,203460901,2004
2004-09-09,2004_09_09_DMLST.tif,529a655a-6fe0-4bde-8314-04327e99a7d3,202993351,2004
2004-09-10,2004_09_10_DMLST.tif,03668daf-1bec-4448-8cca-a84319670f45,202441228,2004
2004-09-11,2004_09_11_DMLST.tif,fb0786ce-9d3c-439e-be62-f05e7b3fe168,202712633,2004
2004-09-12,2004_09_12_DMLST.tif,2b6449d5-f875-4ccd-9acd-fc25729f1ea3,203438135,2004
2004-09-13,2004_09_13_DMLST.tif,4b450c3f-2985-4c23-86e3-2d378b19f413,203762021,2004
2004-09-14,2004_09_14_DMLST.tif,f61ca906-1a6d-44f4-a372-6defce478d88,203172548,2004
2004-09-15,2004_09_15_DMLST.tif,90194548-953a-4a46-b7be-c9bf410e5a73,202630350,2004
2004-09-16,2004_09_16_DMLST.tif,ea01aa8e-a9ae-48e6-9d55-54aa222af534,202735822,2004
2004-09-17,2004_09_17_DMLST.tif,144c7688-2e6e-4116-9d17-e9fbd2e0fd1b,202741531,2004
2004-09-18,2004_09_18_DMLST.tif,4835095e-6251-41f8-83ce-4faa95ee5637,204907627,2004
2004-09-19,2004_09_19_DMLST.tif,c5389cd9-0ecd-444a-ab4e-cf3d32bc403f,204962943,2004
2004-09-20,2004_09_20_DMLST.tif,6d138e6f-9d1c-417c-b430-5cc945b44d8d,204713479,2004
2004-09-21,2004_09_21_DMLST.tif,e3ebf9bc-a174-4b12-a1f6-be5a864db972,204450065,2004
2004-09-22,2004_09_22_DMLST.tif,22324461-bf48-412a-a5ce-352126ca2c35,204056038,2004
2004-09-23,2004_09_23_DMLST.tif,200743c3-9dea-4e22-96b5-a5fb12bfe7d6,204029524,2004
2004-09-24,2004_09_24_DMLST.tif,f5e5db2e-3540-4187-93c6-513ff21556fc,204192840,2004
2004-09-25,2004_09_25_DMLST.tif,bd5b96d3-4520-4350-8161-43d93db12ac4,204398633,2004
2004-09-26,2004_09_26_DMLST.tif,ca38e033-c77b-439a-b38f-47b29453ff2d,203217031,2004
2004-09-27,2004_09_27_DMLST.tif,5e9fd29a-96d0-4215-af2f-b4d9bd620f7c,203175540,2004
2004-09-28,2004_09_28_DMLST.tif,451c6e48-bbb7-4bf9-ae88-a071839f5c49,203162512,2004
2004-09-29,2004_09_29_DMLST.tif,cb46cbe6-20a6-4d1d-88d7-fdfcf28870eb,203239254,2004
2004-09-30,2004_09_30_DMLST.tif,86474960-aa23-4fab-aedb-0a0d075465e5,203682254,2004
2004-10-01,2004_10_01_DMLST.tif,c30ba9b9-3c78-4c13-a713-630481703770,203723142,2004
2004-10-02,2004_10_02_DMLST.tif,d7945d81-7110-438f-9c9f-e92a1d3a0ac4,203866495,2004
2004-10-03,2004_10_03_DMLST.tif,808b6f77-e9a4-4eb8-b1e6-0dc16b241946,203680766,2004
2004-10-04,2004_10_04_DMLST.tif,f8bc887a-d474-4cce-aab4-a3d8f3b0dee2,205301797,2004
2004-10-05,2004_10_05_DMLST.tif,f1d2caf7-ab7d-4f73-bc9c-618ec3d46456,205667147,2004
2004-10-06,2004_10_06_DMLST.tif,436f8733-77c3-4cec-938e-b37f69d799a2,205803957,2004
2004-10-07,2004_10_07_DMLST.tif,70f00598-c4b7-46c8-9937-e400c272097b,205482799,2004
2004-10-08,2004_10_08_DMLST.tif,9aa33a2b-c69e-4b28-be41-b0af99d95bbe,205446304,2004
2004-10-09,2004_10_09_DMLST.tif,62f328b4-8d9b-4965-aadb-bc2c80fb6457,205328117,2004
2004-10-10,2004_10_10_DMLST.tif,874135de-5ab9-4615-8c62-cb89a3163cb2,205386801,2004
2004-10-11,2004_10_11_DMLST.tif,ba929f65-7bda-4d87-a94a-17df77f8911b,205271246,2004
2004-10-12,2004_10_12_DMLST.tif,e18afea3-303b-440b-a50a-ad6c67b52230,205084838,2004
2004-10-13,2004_10_13_DMLST.tif,f7cecfaa-1e40-4bf3-9df2-faa04082c621,205178086,2004
2004-10-14,2004_10_14_DMLST.tif,a095f892-486d-4a1a-b4da-a4e261ec9d4f,205343750,2004
2004-10-15,2004_10_15_DMLST.tif,d7e6dc11-ffed-4781-b513-537db64a863f,204715978,2004
2004-10-16,2004_10_16_DMLST.tif,417cdc0c-9331-4e0c-9819-096deb405d25,204606396,2004
2004-10-17,2004_10_17_DMLST.tif,7c43d444-c856-4bba-858a-7283b70ca1d9,204028504,2004
2004-10-18,2004_10_18_DMLST.tif,4e6e8974-cf23-4cc0-b0f8-d9703537e28e,203670302,2004
2004-10-19,2004_10_19_DMLST.tif,8efa505c-e2e1-4ac5-a0b6-47fc580f56c4,203518054,2004
2004-10-20,2004_10_20_DMLST.tif,6cb231b1-cbcd-4fa3-a265-f19c95be7b14,205381082,2004
2004-10-21,2004_10_21_DMLST.tif,5df83143-5745-4013-ac7a-ca5c798c2ed2,205616023,2004
2004-10-22,2004_10_22_DMLST.tif,2542d31c-9679-469d-82de-69b77560489f,205820746,2004
2004-10-23,2004_10_23_DMLST.tif,f46e9573-7f9c-4680-8690-088ecd102e5c,205641222,2004
2004-10-24,2004_10_24_DMLST.tif,94f35bda-c77c-48ff-9848-52517de4ec6b,205500051,2004
2004-10-25,2004_10_25_DMLST.tif,f323ceb9-cbb1-4c83-8637-61bdb9f2cfad,205995031,2004
2004-10-26,2004_10_26_DMLST.tif,eac0e87e-f928-4603-83f4-abc519e62674,206085178,2004
2004-10-27,2004_10_27_DMLST.tif,d415a840-093f-4a98-995c-3763204c2daf,205851309,2004
2004-10-28,2004_10_28_DMLST.tif,da39ee4d-a0ca-4cf6-88f1-c14aa7e7767d,205825630,2004
2004-10-29,2004_10_29_DMLST.tif,1c4d16ff-ccf6-4fec-a274-623d340b4d1b,206335240,2004
2004-10-30,2004_10_30_DMLST.tif,00b481e8-ccd6-48c5-bf65-922ffaf652c3,205806416,2004
2004-10-31,2004_10_31_DMLST.tif,733cf752-ae6e-4bb4-8529-c7a948feb166,205217673,2004
2004-11-01,2004_11_01_DMLST.tif,4d5e0ad5-d013-401f-98df-f0965f53ffe5,205240966,2004
2004-11-02,2004_11_02_DMLST.tif,bc7b5e43-78c1-4e29-9e22-778043ca4a33,205722060,2004
2004-11-03,2004_11_03_DMLST.tif,bd31e3e2-1426-4e1b-b034-f102b0ecf515,205515982,2004
2004-11-04,2004_11_04_DMLST.tif,4b7dae2d-673b-4593-983d-7811daf870b1,205676189,2004
2004-11-05,2004_11_05_DMLST.tif,fd2f5975-5b48-4b1c-b980-43c78e77f3c4,207220727,2004
2004-11-06,2004_11_06_DMLST.tif,544565ca-986d-4691-a33b-0a0c87a6812d,207090204,2004
2004-11-07,2004_11_07_DMLST.tif,3abe6c08-c559-4af9-813d-cb21caaac461,206627825,2004
2004-11-08,2004_11_08_DMLST.tif,6b90c1d8-96d0-44dc-bfd3-9704f0a5ea91,206544630,2004
2004-11-09,2004_11_09_DMLST.tif,d4ae925b-00d1-46a7-a5c2-20c8cd4af4dd,206264676,2004
2004-11-10,2004_11_10_DMLST.tif,5b6c7909-6504-4f0d-b213-7a0fa36ec6f9,205562004,2004
2004-11-11,2004_11_11_DMLST.tif,93500f7f-6be6-4485-8a7a-6267e1eb60ce,205646789,2004
2004-11-12,2004_11_12_DMLST.tif,8b2c6eb6-2920-401f-90f7-a9c7fe9c508e,205811370,2004
2004-11-13,2004_11_13_DMLST.tif,43db08aa-a5ad-407a-9d56-26f7c2b7cc0f,205011854,2004
2004-11-14,2004_11_14_DMLST.tif,c556ff5f-d68c-4929-97fd-83a62b7725be,205411409,2004
2004-11-15,2004_11_15_DMLST.tif,cb39fbf3-2974-4ff4-b7ed-3f89f089b4d6,205925199,2004
2004-11-16,2004_11_16_DMLST.tif,36bcb7e0-7bb7-43ec-85ca-da883143f6b8,205989664,2004
2004-11-17,2004_11_17_DMLST.tif,f7de9d6b-9307-440e-a31f-9a76debb5ebb,206327639,2004
2004-11-18,2004_11_18_DMLST.tif,32c778f8-d531-47b5-a4a5-66811ec0f594,206631055,2004
2004-11-19,2004_11_19_DMLST.tif,27515531-cd08-46a0-867c-c00ed701e1fb,206622775,2004
2004-11-20,2004_11_20_DMLST.tif,d4d9d2c7-55c7-4db2-a52d-a383a0e657d4,206845000,2004
2004-11-21,2004_11_21_DMLST.tif,903146cb-0036-41db-81c6-237dfa8da01b,207712056,2004
2004-11-22,2004_11_22_DMLST.tif,4bb6850c-ecbf-45e0-85cb-bc731f606003,207199538,2004
2004-11-23,2004_11_23_DMLST.tif,c27e93a8-29a1-4378-8587-148e7fa71c29,206622510,2004
2004-11-24,2004_11_24_DMLST.tif,81b643d1-7c59-47ff-8332-944343e88f24,206356846,2004
2004-11-25,2004_11_25_DMLST.tif,234898d6-6a63-43ce-b924-aa6db3dc9549,206313192,2004
2004-11-26,2004_11_26_DMLST.tif,33b69279-6674-43c9-bc75-e091c233b5b2,205777443,2004
2004-11-27,2004_11_27_DMLST.tif,5d41fe4e-40aa-4de1-ab55-bbd879d45722,205131888,2004
2004-11-28,2004_11_28_DMLST.tif,16a3a179-4df9-40f9-a0a9-760c26939a25,204700680,2004
2004-11-29,2004_11_29_DMLST.tif,097adc33-5b17-4519-ad7b-4568dbe5397f,203998661,2004
2004-11-30,2004_11_30_DMLST.tif,36f9252c-f65b-4f87-89b5-de7565aafe14,204132356,2004
2004-12-01,2004_12_01_DMLST.tif,523da4e5-b626-4177-9706-a24b42f6652b,204471333,2004
2004-12-02,2004_12_02_DMLST.tif,06ae4204-cdd5-4636-967d-6b44e9b690e0,204728681,2004
2004-12-03,2004_12_03_DMLST.tif,a3198140-0048-411c-b375-51b545a021bb,203830672,2004
2004-12-04,2004_12_04_DMLST.tif,75cd1819-b478-4fc3-8ff5-1e500a6f5790,202714978,2004
2004-12-05,2004_12_05_DMLST.tif,140f3ef8-1c3b-4931-9aeb-56dfdd778387,202185946,2004
2004-12-06,2004_12_06_DMLST.tif,2b12acf1-26aa-4358-929a-1c22912c5ecc,202548244,2004
2004-12-07,2004_12_07_DMLST.tif,02e82d35-ebbb-4b63-b58d-ed11f5a13157,203636116,2004
2004-12-08,2004_12_08_DMLST.tif,b906ca1b-14b4-48f0-b958-4dd1671faff6,203517097,2004
2004-12-09,2004_12_09_DMLST.tif,643b2afd-f499-4b98-a39d-209c782e0706,203500978,2004
2004-12-10,2004_12_10_DMLST.tif,767ae58d-0a25-4878-b749-d0c8e7a5aeed,203669468,2004
2004-12-11,2004_12_11_DMLST.tif,5824d230-ac4d-44e6-aed1-42ec980f62dd,203436652,2004
2004-12-12,2004_12_12_DMLST.tif,04f24f33-d04c-4018-a9b3-65c8bb014435,203224939,2004
2004-12-13,2004_12_13_DMLST.tif,4097abc8-3431-4401-b135-34aaabbf5102,202876944,2004
2004-12-14,2004_12_14_DMLST.tif,e8f8f1bc-be9d-43f7-a4d1-d3b09708f96c,202362873,2004
2004-12-15,2004_12_15_DMLST.tif,9afaeb94-6b8e-4c4f-ba6c-95f2e5905e30,201684195,2004
2004-12-16,2004_12_16_DMLST.tif,ea063307-6314-451e-ae3d-4c15d49d7035,201632732,2004
2004-12-17,2004_12_17_DMLST.tif,5438fdff-0bb5-4d6e-8638-4e17a77be472,201912102,2004
2004-12-18,2004_12_18_DMLST.tif,98813722-2dd5-40ef-a9e7-e3c8669d082c,202062613,2004
2004-12-19,2004_12_19_DMLST.tif,35acf86c-286d-4543-a708-804367142ecf,202009991,2004
2004-12-20,2004_12_20_DMLST.tif,6ee42842-25eb-4046-b347-ad2c5c533edf,201481192,2004
2004-12-21,2004_12_21_DMLST.tif,5bc77113-e4f5-4cb2-ae60-88f4a5cb2cfb,201175231,2004
2004-12-22,2004_12_22_DMLST.tif,7c0ddab4-5115-4a7e-a41d-845adcb86bc4,201245672,2004
2004-12-23,2004_12_23_DMLST.tif,e53e28c3-1fa6-4042-8e3e-e452eb1e78f8,202004317,2004
2004-12-24,2004_12_24_DMLST.tif,1e11f7e0-fb88-4df7-aa9b-b64fcaf72fef,202543307,2004
2004-12-25,2004_12_25_DMLST.tif,4d0f8249-8baf-4359-a9c2-0cdea0fb381c,202492898,2004
2004-12-26,2004_12_26_DMLST.tif,26011962-d828-4ad3-a014-163641086045,202339287,2004
2004-12-27,2004_12_27_DMLST.tif,4c56bc90-3544-47a3-b4a9-e1d32c42b58f,203232371,2004
2004-12-28,2004_12_28_DMLST.tif,1af3157f-e5f6-47ce-b1ac-7e594efe1be0,203855402,2004
2004-12-29,2004_12_29_DMLST.tif,f6105e81-3513-4148-b7e1-d9b2f07af99d,203749086,2004
2004-12-30,2004_12_30_DMLST.tif,edd44a65-7266-46c2-bb4b-c84908065adf,203498351,2004
2004-12-31,2004_12_31_DMLST.tif,2cc169d3-af08-49ea-8563-6aec43c6f706,203345576,2004
2005-01-01,2005_01_01_DMLST.tif,7a2bea0e-24f7-4a09-8b6a-c92ad17cbd7f,202747368,2005
2005-01-02,2005_01_02_DMLST.tif,9ef641e1-a70d-4205-9e7a-ab0a83c47c21,202537418,2005
2005-01-03,2005_01_03_DMLST.tif,7035b2cc-3445-468f-8f35-4cef3ffb52b8,202964158,2005
2005-01-04,2005_01_04_DMLST.tif,d4d59235-3125-44aa-bf09-ee317a5d4281,203813817,2005
2005-01-05,2005_01_05_DMLST.tif,4a32d4b7-ecd0-44a6-a185-a6763d0e7065,204028413,2005
2005-01-06,2005_01_06_DMLST.tif,81363496-d7f8-4fc5-b95c-e1e97d1ef6c3,204255580,2005
2005-01-07,2005_01_07_DMLST.tif,2c65878c-de57-4c5d-aa89-0460bfceb5db,204251606,2005
2005-01-08,2005_01_08_DMLST.tif,91be96bc-afdb-45ab-8089-4d563f6cd7ed,204457067,2005
2005-01-09,2005_01_09_DMLST.tif,eb93bed4-91db-45a5-b958-b88b1f4611f3,204248065,2005
2005-01-10,2005_01_10_DMLST.tif,32a399ce-e199-4bd3-a493-487649a37dbf,204081678,2005
2005-01-11,2005_01_11_DMLST.tif,bd08dc19-72aa-44ab-91c8-fa40f77a67e5,204408942,2005
2005-01-12,2005_01_12_DMLST.tif,70dffb90-1e71-46a2-9130-019121a9cf82,204405892,2005
2005-01-13,2005_01_13_DMLST.tif,5c76e53c-c29c-4a11-9060-105eba04bcd9,203753946,2005
2005-01-14,2005_01_14_DMLST.tif,c055dbde-0cbc-45d0-8fde-10d1fa31613d,202199020,2005
2005-01-15,2005_01_15_DMLST.tif,e6e345f2-0068-44c4-bc5e-bd5bad82fc9e,201444983,2005
2005-01-16,2005_01_16_DMLST.tif,7db3c673-4bce-495d-92d9-2261e275d7f4,201609262,2005
2005-01-17,2005_01_17_DMLST.tif,528eb109-7f27-4b85-b266-a668b1698005,201736995,2005
2005-01-18,2005_01_18_DMLST.tif,1ea491a9-6fdb-434c-88b0-5b64e33e51db,201673899,2005
2005-01-19,2005_01_19_DMLST.tif,42d40631-8c8e-419e-81e0-8e9b4ade84de,201848207,2005
2005-01-20,2005_01_20_DMLST.tif,023aba14-10d0-4447-8147-7ecc3accf9ab,201871407,2005
2005-01-21,2005_01_21_DMLST.tif,1d1fc754-1e3f-4b84-a649-8819f9befd7b,201616516,2005
2005-01-22,2005_01_22_DMLST.tif,d0272c85-0382-45c7-9880-665e3f002c18,201344999,2005
2005-01-23,2005_01_23_DMLST.tif,2df7f0cc-710d-4412-96a5-bd1f9f4c0efa,201198671,2005
2005-01-24,2005_01_24_DMLST.tif,68968533-a971-40b0-859b-e080e6544335,201502803,2005
2005-01-25,2005_01_25_DMLST.tif,8c6f4595-69a2-470d-aa06-f40f9e9d281f,200992441,2005
2005-01-26,2005_01_26_DMLST.tif,f9b379fd-0e73-4d1b-abdc-28701c2a6261,200602170,2005
2005-01-27,2005_01_27_DMLST.tif,6befe985-937c-4683-877b-6eec761297b5,200654724,2005
2005-01-28,2005_01_28_DMLST.tif,43bbaac6-45a8-449e-9690-4a16ddce9b67,200614435,2005
2005-01-29,2005_01_29_DMLST.tif,f03a8b68-c29f-45eb-b989-86cec210a843,200926755,2005
2005-01-30,2005_01_30_DMLST.tif,519ef6fd-b605-440e-8c6d-da507c6ef335,200390660,2005
2005-01-31,2005_01_31_DMLST.tif,84ce4d22-b9e7-41cd-bdf8-4d6858ea2d64,200407491,2005
2005-02-01,2005_02_01_DMLST.tif,3c26fcab-ec11-4d60-8851-ba1bdfe99c2b,201224195,2005
2005-02-02,2005_02_02_DMLST.tif,f2903d42-0bea-40e5-b0e5-7e633dba669a,202144837,2005
2005-02-03,2005_02_03_DMLST.tif,e1b4290a-a446-4bc1-84b1-f367bd663232,201541980,2005
2005-02-04,2005_02_04_DMLST.tif,1071d3cd-6294-4a15-8a48-ed55a7d5ea09,200597238,2005
2005-02-05,2005_02_05_DMLST.tif,fe2814e4-5442-4666-ab48-2236696c9cce,200054606,2005
2005-02-06,2005_02_06_DMLST.tif,0ecd89ad-eda1-48da-b052-ea47e116972f,199301588,2005
2005-02-07,2005_02_07_DMLST.tif,9471113b-b2f5-4510-8c1a-018f1eb6b2c5,199908310,2005
2005-02-08,2005_02_08_DMLST.tif,f08b3b8d-bf62-4554-9d77-22381ff0907d,200243475,2005
2005-02-09,2005_02_09_DMLST.tif,a2d26b04-8718-4e84-ada7-87f76c99d1d0,200963917,2005
2005-02-10,2005_02_10_DMLST.tif,1f1f6ac5-2e72-4616-8f11-a6fb078d1855,200944814,2005
2005-02-11,2005_02_11_DMLST.tif,b9e05782-b624-4987-8a12-aa5966b3b6bb,201263200,2005
2005-02-12,2005_02_12_DMLST.tif,fef99dea-476e-40f6-9ab6-919bfae6f6aa,201829609,2005
2005-02-13,2005_02_13_DMLST.tif,809f8b54-b43e-4296-b958-0230a64ddbcc,201936004,2005
2005-02-14,2005_02_14_DMLST.tif,07ab060b-7067-4745-b5e3-c64b71924e7b,201455687,2005
2005-02-15,2005_02_15_DMLST.tif,be216904-20cd-4a37-b7be-539bc7bb399e,199983241,2005
2005-02-16,2005_02_16_DMLST.tif,3a9c2eb5-ea17-4625-96b4-801f18560863,199236248,2005
2005-02-17,2005_02_17_DMLST.tif,667cfbe2-4903-455f-8d8e-2c02d2976980,198723191,2005
2005-02-18,2005_02_18_DMLST.tif,0141444c-15c6-4208-b961-5dfe0eb27336,199010529,2005
2005-02-19,2005_02_19_DMLST.tif,c22be6f5-e087-4f27-a7f6-3dcc810865f0,199939360,2005
2005-02-20,2005_02_20_DMLST.tif,b56723a7-d993-473b-9314-9e968db1861b,200130742,2005
2005-02-21,2005_02_21_DMLST.tif,85fdc840-8606-4e7d-9283-e2f07baf424e,199856227,2005
2005-02-22,2005_02_22_DMLST.tif,4988cf71-17cd-412d-84ba-5d20c8211323,199177409,2005
2005-02-23,2005_02_23_DMLST.tif,23329b6c-a942-4d25-ae6f-c72ca9f7ac62,199993564,2005
2005-02-24,2005_02_24_DMLST.tif,eb0772d7-7760-4b41-8885-c69065273a34,199741544,2005
2005-02-25,2005_02_25_DMLST.tif,989685de-783a-4326-8b25-763c3983b24f,200172131,2005
2005-02-26,2005_02_26_DMLST.tif,ffd5d55a-bf37-4c6d-a85a-b04a88cbd08d,200950077,2005
2005-02-27,2005_02_27_DMLST.tif,e26e086c-ffd3-47a5-b311-00c58060298b,201303134,2005
2005-02-28,2005_02_28_DMLST.tif,1dc2e83b-74d8-4808-b2d8-e3be1836fe79,201573116,2005
2005-03-01,2005_03_01_DMLST.tif,cec47a2b-d4f6-4c62-b6ea-e0d1b04d3964,201875952,2005
2005-03-02,2005_03_02_DMLST.tif,83622cda-53bc-4b93-96af-a3323575f147,202749060,2005
2005-03-03,2005_03_03_DMLST.tif,0d6795a3-b2a5-4957-820f-bb8fd6462533,201670635,2005
2005-03-04,2005_03_04_DMLST.tif,fc6c7bce-141c-4716-b03f-b892219a82e9,202244531,2005
2005-03-05,2005_03_05_DMLST.tif,59c0616b-bf13-4c1a-8934-ed704b4e9f6e,203242483,2005
2005-03-06,2005_03_06_DMLST.tif,7da0cf2d-334c-435c-bf5e-57341bf72b03,202524218,2005
2005-03-07,2005_03_07_DMLST.tif,36e593c0-ddf5-41d1-a246-87bc436a7041,201719395,2005
2005-03-08,2005_03_08_DMLST.tif,bdb7b9ee-34f6-4b84-8662-473270843fe6,202124682,2005
2005-03-09,2005_03_09_DMLST.tif,8e78df17-7178-4b3d-8727-554f4da21efb,202243407,2005
2005-03-10,2005_03_10_DMLST.tif,212f1936-be3b-4089-b0f6-89b9bd5b31f7,202048478,2005
2005-03-11,2005_03_11_DMLST.tif,5b5b15eb-ae7c-46b2-b4c7-905d40340108,203130751,2005
2005-03-12,2005_03_12_DMLST.tif,9245932a-1d5c-4f2e-90e6-5ed57f512b9c,204146148,2005
2005-03-13,2005_03_13_DMLST.tif,bed6c2fb-73d2-4b30-a99d-feed4e6eece3,204216292,2005
2005-03-14,2005_03_14_DMLST.tif,d1d5bd25-6199-4980-a521-22df271bec6e,204435819,2005
2005-03-15,2005_03_15_DMLST.tif,e43b5f4c-f35a-4878-a564-f8f87d7b84c4,204378075,2005
2005-03-16,2005_03_16_DMLST.tif,f38601f1-f51b-4913-a092-d8965336a22a,204134542,2005
2005-03-17,2005_03_17_DMLST.tif,152dbc4a-e528-4e46-ac64-9e789221cc6a,204047424,2005
2005-03-18,2005_03_18_DMLST.tif,19521fae-b567-4230-a896-3b3f5cf36689,204308625,2005
2005-03-19,2005_03_19_DMLST.tif,2c960c63-c4cd-4b91-92f7-f77628c4b734,203017990,2005
2005-03-20,2005_03_20_DMLST.tif,6e2f2c4c-d5ad-4128-b43f-eae6082a8eb2,203042445,2005
2005-03-21,2005_03_21_DMLST.tif,5f5e95e3-4dfb-47ce-b83e-4f5503288eaa,202804373,2005
2005-03-22,2005_03_22_DMLST.tif,d2fb4469-895b-434b-9e7f-97d033c57be4,202690083,2005
2005-03-23,2005_03_23_DMLST.tif,e6108c86-0f78-487c-a40a-2981f36c3062,202788329,2005
2005-03-24,2005_03_24_DMLST.tif,e81cf7fa-48f0-41ee-8731-a6ca41cab3d9,203117153,2005
2005-03-25,2005_03_25_DMLST.tif,e94718b2-3f41-4fe6-b0dc-c9670f1c4c5a,203252470,2005
2005-03-26,2005_03_26_DMLST.tif,612ebfa3-edd7-4df6-b300-b2802a245974,203386003,2005
2005-03-27,2005_03_27_DMLST.tif,44dca08a-ed26-44d0-8002-d04f9ab0b3b9,204064365,2005
2005-03-28,2005_03_28_DMLST.tif,c623de9c-df20-45f8-ae4a-b5ff62b30b40,203821825,2005
2005-03-29,2005_03_29_DMLST.tif,8e4c4960-03ae-43d2-bdb1-8b7ea191b6c0,203884263,2005
2005-03-30,2005_03_30_DMLST.tif,e9dc374c-ea61-4478-a241-06e97f2aa7a8,203993947,2005
2005-03-31,2005_03_31_DMLST.tif,4110bab8-950e-4c4d-bd45-ae7f8eabf7e3,203800365,2005
2005-04-01,2005_04_01_DMLST.tif,999fd2f9-bc9f-4711-9b59-42506b58c244,204151222,2005
2005-04-02,2005_04_02_DMLST.tif,60c02226-29e7-4d09-ab0a-517f26010d5e,204296012,2005
2005-04-03,2005_04_03_DMLST.tif,bce8baa6-8a11-45cf-9697-de1896968ff3,204491748,2005
2005-04-04,2005_04_04_DMLST.tif,93f45d21-0831-4d55-b940-95f14685d092,204088984,2005
2005-04-05,2005_04_05_DMLST.tif,2767ed1f-3d13-4d61-aa8d-c9d7b084ebc1,204322890,2005
2005-04-06,2005_04_06_DMLST.tif,f47668af-cd17-4d97-9e7e-c337e07d9998,204093775,2005
2005-04-07,2005_04_07_DMLST.tif,f58addde-88b4-40ba-8a1f-6bcf9b771231,204452627,2005
2005-04-08,2005_04_08_DMLST.tif,17c10075-9414-496c-8739-1089ea3c5b97,204434372,2005
2005-04-09,2005_04_09_DMLST.tif,d9f294cc-4b07-49bb-a45a-15ba740741e9,204697306,2005
2005-04-10,2005_04_10_DMLST.tif,2c1c8cdf-9e09-4464-bf0d-4d6a2700ab3f,204685961,2005
2005-04-11,2005_04_11_DMLST.tif,60b22341-c337-4654-b52c-8c80d53a899d,204553834,2005
2005-04-12,2005_04_12_DMLST.tif,9a8aadea-5412-4a60-af9b-bc5b52cb95d1,205767237,2005
2005-04-13,2005_04_13_DMLST.tif,84be4953-fc78-4f12-81bc-e7a0c9734ade,205504324,2005
2005-04-14,2005_04_14_DMLST.tif,b46b0a03-e92a-4dfb-bead-9fdb2ceedf92,205238900,2005
2005-04-15,2005_04_15_DMLST.tif,071deb24-5745-41b0-8ea2-5468b84bd50e,205503887,2005
2005-04-16,2005_04_16_DMLST.tif,b0d8fc42-6aa1-4fcc-be5b-c614fc389f73,205659924,2005
2005-04-17,2005_04_17_DMLST.tif,f8cadd34-1196-4f0b-a8d1-ce71daedd81d,205785644,2005
2005-04-18,2005_04_18_DMLST.tif,a25c0bfb-6179-44af-bb14-91caa6354576,205822486,2005
2005-04-19,2005_04_19_DMLST.tif,7ebb0a8e-4906-4c7a-bd3e-2cdb1fd8b578,205604517,2005
2005-04-20,2005_04_20_DMLST.tif,9dd52434-2123-4dce-8d61-56f6747ca9a9,204970313,2005
2005-04-21,2005_04_21_DMLST.tif,edea161a-c023-410b-bdf3-02add226420d,205020891,2005
2005-04-22,2005_04_22_DMLST.tif,36b87c3d-c020-4f4f-b6b5-b4f60f66ffef,205211149,2005
2005-04-23,2005_04_23_DMLST.tif,1b0279b8-d3ca-4574-b28f-be8885ff9410,205121609,2005
2005-04-24,2005_04_24_DMLST.tif,db2bd6f8-ed21-46ae-ade3-f796b0c498de,205213361,2005
2005-04-25,2005_04_25_DMLST.tif,008a3a30-9515-45ca-87e3-8284792678b6,205653585,2005
2005-04-26,2005_04_26_DMLST.tif,bf0a71ce-d62b-4fea-8e11-8fb308c8e3b7,205998635,2005
2005-04-27,2005_04_27_DMLST.tif,22680332-c862-49c4-a112-7537801cd62f,205976949,2005
2005-04-28,2005_04_28_DMLST.tif,0be8ffda-06fd-4eac-abf8-39efd2aa6590,206027860,2005
2005-04-29,2005_04_29_DMLST.tif,d21f5324-4fe5-450c-9f0d-e474f0a017b8,205993023,2005
2005-04-30,2005_04_30_DMLST.tif,d863123f-ceef-427a-980c-c86e091c63e7,205958133,2005
2005-05-01,2005_05_01_DMLST.tif,2128eec3-0ebd-4444-be4d-eb021f694dc2,205644579,2005
2005-05-02,2005_05_02_DMLST.tif,755418aa-5b9a-432b-a18e-9831d81500dc,205962291,2005
2005-05-03,2005_05_03_DMLST.tif,a5874ad1-5648-45f0-b0fc-1e3af609f114,206216767,2005
2005-05-04,2005_05_04_DMLST.tif,5dbd59c7-282d-4627-9535-35a29bf18011,206334159,2005
2005-05-05,2005_05_05_DMLST.tif,0343ffd9-686d-4321-83d2-7713a3669db8,206463796,2005
2005-05-06,2005_05_06_DMLST.tif,8d30dc4e-dd4e-4ef6-8aa6-b91423b409df,206017231,2005
2005-05-07,2005_05_07_DMLST.tif,e03f80af-09a4-4272-aa1d-33dd919f345a,206237850,2005
2005-05-08,2005_05_08_DMLST.tif,9b198df9-e1ba-459e-a781-b027e5ec2e63,206238861,2005
2005-05-09,2005_05_09_DMLST.tif,024b4e7e-0abd-4c3d-b553-36d04b10bdeb,205942410,2005
2005-05-10,2005_05_10_DMLST.tif,b992bbd5-d082-4a7a-9005-a07ce2792357,205534314,2005
2005-05-11,2005_05_11_DMLST.tif,1802fd83-cf0b-42b3-a837-504e77304946,205617294,2005
2005-05-12,2005_05_12_DMLST.tif,ef155304-47cb-4110-9b4a-cde1a07449a0,205768946,2005
2005-05-13,2005_05_13_DMLST.tif,205d6921-ea8a-4036-b492-b4a7e3a0429a,205957449,2005
2005-05-14,2005_05_14_DMLST.tif,3203780d-5e58-4f07-bd5b-b95d5b206f62,206448594,2005
2005-05-15,2005_05_15_DMLST.tif,bba55b9c-5b3f-42c4-98a8-e29f90b9b06e,206647314,2005
2005-05-16,2005_05_16_DMLST.tif,38cdb856-de1c-414e-9073-3a2132892161,206420386,2005
2005-05-17,2005_05_17_DMLST.tif,73c575ca-8fb3-4981-a317-6394b745d1fd,206332480,2005
2005-05-18,2005_05_18_DMLST.tif,fb827ad9-0f0c-43d1-89f5-ff1a6848ef66,206113610,2005
2005-05-19,2005_05_19_DMLST.tif,8d7c5244-2168-4805-b98a-5287d05ec408,206142150,2005
2005-05-20,2005_05_20_DMLST.tif,2366ad69-8f28-4bd6-bf43-fc989e701824,206146183,2005
2005-05-21,2005_05_21_DMLST.tif,38d052f1-0863-4207-b0cd-3b7c5dcccd6a,206267758,2005
2005-05-22,2005_05_22_DMLST.tif,c6c39568-6fbb-4d27-93af-a77aac2cc06a,205894336,2005
2005-05-23,2005_05_23_DMLST.tif,f48b90af-58a9-4f12-8b05-3b874ae06bfb,205573749,2005
2005-05-24,2005_05_24_DMLST.tif,7dbdaeeb-9ec9-421a-8ee0-df630394edd6,205770103,2005
2005-05-25,2005_05_25_DMLST.tif,0941365e-faea-4c69-b64e-c6e3f2b5b3f6,206051518,2005
2005-05-26,2005_05_26_DMLST.tif,f104c5c2-a4ec-44d2-9d3e-5f28db9aa43d,205933235,2005
2005-05-27,2005_05_27_DMLST.tif,866edbac-940b-4784-a730-a32df4843db4,205868893,2005
2005-05-28,2005_05_28_DMLST.tif,58e36b0c-c459-4e1d-ba2c-371a2887bb85,205973945,2005
2005-05-29,2005_05_29_DMLST.tif,4d80d919-3221-447e-bec1-16f7123fffe5,206027176,2005
2005-05-30,2005_05_30_DMLST.tif,0a4c932b-f05a-469a-b5a2-132496aa31e1,205780903,2005
2005-05-31,2005_05_31_DMLST.tif,8c3699a7-9e21-4799-bf6c-277296cc7903,205394593,2005
2005-06-01,2005_06_01_DMLST.tif,6021dd07-5e56-49a5-b182-a45c3b94cce5,205101914,2005
2005-06-02,2005_06_02_DMLST.tif,882b35f1-dd4c-47c4-b0d2-1b037aeebc23,204828976,2005
2005-06-03,2005_06_03_DMLST.tif,a518d955-2688-4803-98c8-f202558b570d,204792828,2005
2005-06-04,2005_06_04_DMLST.tif,222a515d-27fd-4aa8-9dc4-9088cc4d627a,205103980,2005
2005-06-05,2005_06_05_DMLST.tif,6a662e34-892b-4790-b824-c85e3548083e,205137422,2005
2005-06-06,2005_06_06_DMLST.tif,ec7ea4c5-7fc8-4a2c-9409-2f3213637d25,204878848,2005
2005-06-07,2005_06_07_DMLST.tif,f702a8da-5fff-43e3-b834-3cedeb64287e,203524058,2005
2005-06-08,2005_06_08_DMLST.tif,fb58b792-ad25-4e0d-9b5a-cd27f174ed87,203384400,2005
2005-06-09,2005_06_09_DMLST.tif,acfd59df-3228-41a0-bac6-2ad270fa9dc7,203497519,2005
2005-06-10,2005_06_10_DMLST.tif,5ebcd94a-943b-4d21-aa93-dca396eff582,203803753,2005
2005-06-11,2005_06_11_DMLST.tif,bb9b6c52-8509-48aa-9aea-90e42ba5a998,203674327,2005
2005-06-12,2005_06_12_DMLST.tif,d1b2f395-1663-4eb1-8b19-aae1b262dc05,203783581,2005
2005-06-13,2005_06_13_DMLST.tif,0cd22381-9ee6-46b9-9af0-ac64d92f6099,203696604,2005
2005-06-14,2005_06_14_DMLST.tif,9800df03-9bcf-40d6-a665-c37326a3380b,203260362,2005
2005-06-15,2005_06_15_DMLST.tif,8c0b5064-61bf-4452-90e1-dc5658739538,204185361,2005
2005-06-16,2005_06_16_DMLST.tif,e54b745c-29d3-4e23-b91b-3e41c18ad382,203941640,2005
2005-06-17,2005_06_17_DMLST.tif,9b247645-a0e5-4d51-a046-cad4a51ead92,203953955,2005
2005-06-18,2005_06_18_DMLST.tif,b9b32339-09f1-4926-bedd-a27e03bb2846,204184034,2005
2005-06-19,2005_06_19_DMLST.tif,5ca2af67-1330-40cd-ac41-98ea4ae68604,204026817,2005
2005-06-20,2005_06_20_DMLST.tif,471b4f89-ea80-424b-8710-20c79cd02a52,203237969,2005
2005-06-21,2005_06_21_DMLST.tif,eeddf5ad-9675-4500-a69f-b98970869947,203335397,2005
2005-06-22,2005_06_22_DMLST.tif,f7a9d66f-157f-4dd3-9397-bd1f0ab71b3a,203683345,2005
2005-06-23,2005_06_23_DMLST.tif,0831965e-31cc-4533-8637-c46a4b5de1aa,202885932,2005
2005-06-24,2005_06_24_DMLST.tif,78f664f1-8726-45fd-a105-34f6b3f406ac,203047118,2005
2005-06-25,2005_06_25_DMLST.tif,547fbf0b-6115-47b3-9334-b40d775b36ec,203069440,2005
2005-06-26,2005_06_26_DMLST.tif,4461b4d4-3af2-4fd7-822b-f07efde6f75c,202947656,2005
2005-06-27,2005_06_27_DMLST.tif,3af5909b-3292-47f5-b3c1-cc76b7649cc2,203105972,2005
2005-06-28,2005_06_28_DMLST.tif,b66d6168-f01c-4579-91fa-41ebc51a3912,203397795,2005
2005-06-29,2005_06_29_DMLST.tif,b99f906d-53cb-4abe-966c-dbcd25c83f95,203215376,2005
2005-06-30,2005_06_30_DMLST.tif,5ff88944-4e00-4a24-8352-557d44182fbd,202923235,2005
2005-07-01,2005_07_01_DMLST.tif,ce0e2fcf-e533-4a6a-9e98-df6a43fe963f,203500861,2005
2005-07-02,2005_07_02_DMLST.tif,8ce4af80-c6c7-4147-9975-88cce6266937,203455872,2005
2005-07-03,2005_07_03_DMLST.tif,762cb0c4-0bcd-47ea-a078-a11fc43bb5f8,203310679,2005
2005-07-04,2005_07_04_DMLST.tif,37abc573-4ae0-4ee4-b45b-595e10a1d23c,203140497,2005
2005-07-05,2005_07_05_DMLST.tif,ae63f8c1-9e69-407f-92d3-5f13161a448e,203030852,2005
2005-07-06,2005_07_06_DMLST.tif,6349e75c-d94f-424e-b0d5-636639452491,202886200,2005
2005-07-07,2005_07_07_DMLST.tif,fc93210d-60c0-4a16-9f54-6cbff29025d4,203050149,2005
2005-07-08,2005_07_08_DMLST.tif,dd450162-2ec2-4073-9b79-90f1c6b5ea04,203160053,2005
2005-07-09,2005_07_09_DMLST.tif,34bc6b3d-5ad1-40af-9da3-317371e41652,202166700,2005
2005-07-10,2005_07_10_DMLST.tif,aff99e0a-4a57-49bd-8638-0aa43f8c1909,201766042,2005
2005-07-11,2005_07_11_DMLST.tif,9b8e7d3c-e83c-4668-bb30-06bda3c7aaba,201222629,2005
2005-07-12,2005_07_12_DMLST.tif,f497abdb-af86-477c-a660-0345548ede0f,201025365,2005
2005-07-13,2005_07_13_DMLST.tif,77b0ec0b-9596-4cfa-ac27-b3112b2965af,201055556,2005
2005-07-14,2005_07_14_DMLST.tif,87010fcc-a294-4838-bbb9-ff86fa1b259f,200998174,2005
2005-07-15,2005_07_15_DMLST.tif,a67f90d4-6896-425f-895d-566df35dc152,201146285,2005
2005-07-16,2005_07_16_DMLST.tif,aac10ba0-7af2-4719-9757-6aed16d6dd5f,201501918,2005
2005-07-17,2005_07_17_DMLST.tif,580131dd-5311-432f-aa96-9d0015112312,203659151,2005
2005-07-18,2005_07_18_DMLST.tif,ac786a8e-100b-428b-a098-8abe7f16c64b,203768727,2005
2005-07-19,2005_07_19_DMLST.tif,6429b67d-8ff9-4d59-88d8-3d9dfdf76cda,203364658,2005
2005-07-20,2005_07_20_DMLST.tif,4b97ab7c-2023-49ee-8a2e-042604b7f1cb,203432764,2005
2005-07-21,2005_07_21_DMLST.tif,748381bd-40e4-47f6-84ec-f56b0b4653d0,202978033,2005
2005-07-22,2005_07_22_DMLST.tif,1bfcb0b4-d515-4a9b-b547-2617259dc91c,202734407,2005
2005-07-23,2005_07_23_DMLST.tif,6fc0738d-249b-41ae-a1a0-f7bc784258d1,202278617,2005
2005-07-24,2005_07_24_DMLST.tif,334df155-defc-4a72-b151-57e44275edf4,201953999,2005
2005-07-25,2005_07_25_DMLST.tif,dfc10820-7b43-40b1-abae-7959c4841db5,201167973,2005
2005-07-26,2005_07_26_DMLST.tif,6477d8e0-1ee0-4e82-8095-c6e1a70af25d,201185087,2005
2005-07-27,2005_07_27_DMLST.tif,5f1506b5-abe7-49a3-bc6d-ff63c5a337f5,201023756,2005
2005-07-28,2005_07_28_DMLST.tif,9a38e011-59fc-4995-a740-9a19d768b31e,200988872,2005
2005-07-29,2005_07_29_DMLST.tif,d772d462-cea7-4859-9570-aa2a7f57eda7,201037543,2005
2005-07-30,2005_07_30_DMLST.tif,321a457e-8eb7-40bf-94be-e26e04a983e6,201357326,2005
2005-07-31,2005_07_31_DMLST.tif,fbdc5bf9-df6a-4d05-9a07-9f4c0b3025fe,201065713,2005
2005-08-01,2005_08_01_DMLST.tif,528afb24-8364-4e32-a23c-f85b141e04d5,200964466,2005
2005-08-02,2005_08_02_DMLST.tif,3b73aa81-db04-464c-bc31-1a04eed90af8,202171865,2005
2005-08-03,2005_08_03_DMLST.tif,92a2c5cd-0deb-42bb-90cc-34e661f07533,201898495,2005
2005-08-04,2005_08_04_DMLST.tif,f1ae8e34-0a18-4dc9-9fc4-d3d01341e559,202155450,2005
2005-08-05,2005_08_05_DMLST.tif,3a35a514-c4e7-4f09-962f-95fef2738d2b,202155240,2005
2005-08-06,2005_08_06_DMLST.tif,e048f524-8d3c-4952-89e6-6664099b3472,202292011,2005
2005-08-07,2005_08_07_DMLST.tif,78cfce02-df63-4e19-b9e5-7064d3849ab2,202628361,2005
2005-08-08,2005_08_08_DMLST.tif,5271a93b-b4bb-4f98-9bcc-2d31a06f4559,202798779,2005
2005-08-09,2005_08_09_DMLST.tif,36a0f4cd-f6ba-411a-9264-223199510b34,202443512,2005
2005-08-10,2005_08_10_DMLST.tif,c18c6643-bcd6-4e30-89c3-45413747e0f1,201559998,2005
2005-08-11,2005_08_11_DMLST.tif,acc81ff8-4916-492f-b795-0d16de03dcd3,201468978,2005
2005-08-12,2005_08_12_DMLST.tif,573986c1-ee2e-486d-93aa-d07a4caca49e,201329258,2005
2005-08-13,2005_08_13_DMLST.tif,dfc8a9f7-6620-43e3-bf74-6af68b9f2570,200830783,2005
2005-08-14,2005_08_14_DMLST.tif,5007a9d9-7100-4c9a-a335-464ea8246811,200918604,2005
2005-08-15,2005_08_15_DMLST.tif,093f4316-25c1-4b6d-8abd-9bbbb4b8b6c3,200710550,2005
2005-08-16,2005_08_16_DMLST.tif,a2ca64e9-c2d1-4d56-a9cb-c861b641ef6a,200285841,2005
2005-08-17,2005_08_17_DMLST.tif,8ed5e828-cca1-4bfd-9506-368b0e34122b,200233840,2005
2005-08-18,2005_08_18_DMLST.tif,c8f2cf1c-0594-4c03-a2bf-4111af5c0a00,201421542,2005
2005-08-19,2005_08_19_DMLST.tif,376b697a-fcdd-4748-9511-a18f749c1007,201601216,2005
2005-08-20,2005_08_20_DMLST.tif,4c310a7f-6bb1-48ea-b6b0-6cfaab290bce,201684045,2005
2005-08-21,2005_08_21_DMLST.tif,cc1827be-7e32-4335-a71b-758d8346704b,201757768,2005
2005-08-22,2005_08_22_DMLST.tif,5fd9620e-5a31-4d9a-bfc0-b3ae536ac931,201599141,2005
2005-08-23,2005_08_23_DMLST.tif,61d9da56-3ecf-45f8-896b-e56fee606fb6,201617333,2005
2005-08-24,2005_08_24_DMLST.tif,4e57a3ec-b74e-441f-9417-4cb30165d1b9,201274017,2005
2005-08-25,2005_08_25_DMLST.tif,6ce9ad41-89b8-4c14-af49-346d01592dd5,201218675,2005
2005-08-26,2005_08_26_DMLST.tif,383a4ee1-3559-488a-8e10-7958e2873f56,200002939,2005
2005-08-27,2005_08_27_DMLST.tif,587c89c9-0d91-4e0a-8c68-5fc033437dc5,200072812,2005
2005-08-28,2005_08_28_DMLST.tif,2f3a8b41-39b0-4cad-94af-ac56746b4765,199719058,2005
2005-08-29,2005_08_29_DMLST.tif,8dd42b2a-c5fb-4a8e-96ab-9fe97b5e1262,199799392,2005
2005-08-30,2005_08_30_DMLST.tif,a0608bf6-6046-419d-aa1f-92f23a3c52eb,200136657,2005
2005-08-31,2005_08_31_DMLST.tif,c5ea206a-2b86-4846-89c7-b687b91d67f5,200277947,2005
2005-09-01,2005_09_01_DMLST.tif,eac16488-b7b6-43e4-b590-a7c376abefb6,199955085,2005
2005-09-02,2005_09_02_DMLST.tif,8c5cd561-8a3e-478c-ab50-4dbafcfc5742,200087972,2005
2005-09-03,2005_09_03_DMLST.tif,f0b2eb12-75a8-414f-9252-cad35b506942,202425149,2005
2005-09-04,2005_09_04_DMLST.tif,5dfc5726-7105-4ec7-947d-3ce0bb4f3912,202254802,2005
2005-09-05,2005_09_05_DMLST.tif,9d498618-030d-46cb-9c43-5c6bda02ab8d,202154448,2005
2005-09-06,2005_09_06_DMLST.tif,2bd24bba-3429-4c80-bc6a-6cb70bf89c83,202539000,2005
2005-09-07,2005_09_07_DMLST.tif,f82969f8-9ac8-4f2d-8bc9-781b0bbddb89,202914375,2005
2005-09-08,2005_09_08_DMLST.tif,30e89267-14a3-4974-943c-f99e9935b89d,203276017,2005
2005-09-09,2005_09_09_DMLST.tif,c9c420da-bb1b-44ee-8927-cda9744c3346,203349869,2005
2005-09-10,2005_09_10_DMLST.tif,db1ba971-d191-4c1f-8826-571d3bf93343,203129096,2005
2005-09-11,2005_09_11_DMLST.tif,62dab368-7512-4f4d-935e-e0dca5bcbf6c,201818510,2005
2005-09-12,2005_09_12_DMLST.tif,3a5ac266-aa59-40ad-b441-a4def93bedde,202248155,2005
2005-09-13,2005_09_13_DMLST.tif,088be088-bbd1-4214-ad96-a1d0f60174ef,202801261,2005
2005-09-14,2005_09_14_DMLST.tif,b3dbf775-d8cb-4a4f-9f25-8f8f1097b031,202786695,2005
2005-09-15,2005_09_15_DMLST.tif,56c96024-10de-4ac9-aace-1a53c5fcaf2e,202366860,2005
2005-09-16,2005_09_16_DMLST.tif,a46f85e4-f7ee-41ff-b59d-bd064aee0752,202526035,2005
2005-09-17,2005_09_17_DMLST.tif,4687a0a9-23eb-4312-ab28-e318ff106bb1,202449937,2005
2005-09-18,2005_09_18_DMLST.tif,320644ea-6871-4936-985d-31c197554605,202128168,2005
2005-09-19,2005_09_19_DMLST.tif,bc4add4f-70b6-4878-bdaf-1afaf489bd10,203810661,2005
2005-09-20,2005_09_20_DMLST.tif,6825d50a-8cf8-4c98-b07e-048dbd9b1756,203803945,2005
2005-09-21,2005_09_21_DMLST.tif,8bbd7c53-e40e-4978-aabc-af4c323090ef,203773622,2005
2005-09-22,2005_09_22_DMLST.tif,23d89a1e-e246-45f7-adf5-e5d850be3eb0,203566037,2005
2005-09-23,2005_09_23_DMLST.tif,8008ae96-82af-45d5-9449-0ead0f0142e4,203664752,2005
2005-09-24,2005_09_24_DMLST.tif,1ec502e2-8a55-494f-8a6a-fe0b4fb14599,203649846,2005
2005-09-25,2005_09_25_DMLST.tif,e64aa2eb-e9ec-47e0-87fa-191954a7bd46,204078223,2005
2005-09-26,2005_09_26_DMLST.tif,8d1ba339-6c51-4db7-a935-6dba71ae67c3,204301186,2005
2005-09-27,2005_09_27_DMLST.tif,41f1c6ba-5402-4e9f-b4a2-f4ac58e50af9,203773261,2005
2005-09-28,2005_09_28_DMLST.tif,81f3eb76-89ce-4e27-aa6f-100afd45343e,203786381,2005
2005-09-29,2005_09_29_DMLST.tif,1e20ef1b-86cc-4440-b05e-2e9db4849248,203403366,2005
2005-09-30,2005_09_30_DMLST.tif,79cae313-8b63-4d49-b59a-60ad1d64db7a,202774842,2005
2005-10-01,2005_10_01_DMLST.tif,7b9bea86-1403-49b9-8983-a90a77e578cb,202488377,2005
2005-10-02,2005_10_02_DMLST.tif,7cdcc180-fffd-4b0e-9636-6ca45daa55b0,202451823,2005
2005-10-03,2005_10_03_DMLST.tif,e3824812-9f14-4e83-bff2-6726b4ba5a95,203047727,2005
2005-10-04,2005_10_04_DMLST.tif,66896f16-d7ad-4a4e-b5cb-3907718b7796,203444630,2005
2005-10-05,2005_10_05_DMLST.tif,691e2515-779c-4b93-8e5d-312cbf131685,205356183,2005
2005-10-06,2005_10_06_DMLST.tif,531f6dd8-88c1-4b75-94b5-c1a58d88d3ba,205790838,2005
2005-10-07,2005_10_07_DMLST.tif,a8fa7f53-f2de-4297-85a8-b06560fdef58,205865181,2005
2005-10-08,2005_10_08_DMLST.tif,c54153b7-00fd-4759-8ee2-9b08c2fa2d4f,205933876,2005
2005-10-09,2005_10_09_DMLST.tif,9b53454f-63fa-4fbf-83c0-4ec9cd4c50ec,205870943,2005
2005-10-10,2005_10_10_DMLST.tif,cdd2300e-10b3-4adc-abf6-a0566e0da3a8,205781704,2005
2005-10-11,2005_10_11_DMLST.tif,e57420d7-1370-41ce-9b1e-a8736486f010,205792998,2005
2005-10-12,2005_10_12_DMLST.tif,3a28b089-c2d7-4fda-ae86-8c31f8fee608,205491538,2005
2005-10-13,2005_10_13_DMLST.tif,452c3aeb-b538-42b9-8217-2b17e80aece2,205361330,2005
2005-10-14,2005_10_14_DMLST.tif,ea8d5c20-b232-42b6-baf2-16c02e43a5b0,205405117,2005
2005-10-15,2005_10_15_DMLST.tif,c5f60a23-89c2-47cb-98b6-0288aec3db34,205682082,2005
2005-10-16,2005_10_16_DMLST.tif,316dbd71-3cca-44ae-994f-614f9498a423,205503844,2005
2005-10-17,2005_10_17_DMLST.tif,c5b0aac6-3587-4178-9e59-81a960d076aa,205101417,2005
2005-10-18,2005_10_18_DMLST.tif,34cb408b-ccb1-4875-9c55-b0c3449be39d,205219286,2005
2005-10-19,2005_10_19_DMLST.tif,2ae2579b-94f9-4c76-a27d-ef495296117f,205493224,2005
2005-10-20,2005_10_20_DMLST.tif,6d235741-2599-4ca4-89ae-531299e92ca8,205647054,2005
2005-10-21,2005_10_21_DMLST.tif,30bbe6e6-31c7-43d4-ba7e-7dd149b42c03,207162645,2005
2005-10-22,2005_10_22_DMLST.tif,0572a613-79e0-4d20-8465-6a0a59425991,207065714,2005
2005-10-23,2005_10_23_DMLST.tif,0588886c-fe69-4e2f-8c7b-404033b5cd0e,206892425,2005
2005-10-24,2005_10_24_DMLST.tif,c04cdfea-9575-423f-9d04-a543a962b968,207025285,2005
2005-10-25,2005_10_25_DMLST.tif,2a87d581-31cc-4ad3-bd20-442dee39a1d6,207215709,2005
2005-10-26,2005_10_26_DMLST.tif,62fa5780-bbd1-45b6-b903-5b8f0b050378,206790406,2005
2005-10-27,2005_10_27_DMLST.tif,d4dd626d-2c29-403d-a46d-26c351579126,206300725,2005
2005-10-28,2005_10_28_DMLST.tif,8ceb3947-26e9-44c4-a8a6-16fdf1129392,205748692,2005
2005-10-29,2005_10_29_DMLST.tif,ed37a270-d566-429a-aaf8-d6b5771babc0,205594406,2005
2005-10-30,2005_10_30_DMLST.tif,65c28879-e26d-462f-bb9a-4f7b5bd75ea5,205591816,2005
2005-10-31,2005_10_31_DMLST.tif,90216be8-d383-41cc-a230-4fbd841261fb,205945641,2005
2005-11-01,2005_11_01_DMLST.tif,2297ef22-3bab-41f9-8032-18e1f20d8ad8,206060551,2005
2005-11-02,2005_11_02_DMLST.tif,9814d1d4-ca64-4f00-94e8-4e981b183fad,206159653,2005
2005-11-03,2005_11_03_DMLST.tif,fc0faf82-50f4-47f6-8108-f8a3c5493eb4,205939589,2005
2005-11-04,2005_11_04_DMLST.tif,9dfa6b31-d433-46aa-8e18-00e0cb670b8c,205828127,2005
2005-11-05,2005_11_05_DMLST.tif,69a856d3-e14e-4682-9f0e-3c3782f2bc6e,205355716,2005
2005-11-06,2005_11_06_DMLST.tif,61ef62af-9ab6-4038-b091-e61dbc74d34c,206563807,2005
2005-11-07,2005_11_07_DMLST.tif,6504738f-051c-4381-9785-73b0f78295f9,206496348,2005
2005-11-08,2005_11_08_DMLST.tif,6e6c49dc-8f9e-4af8-bdc9-04db72162d20,206698086,2005
2005-11-09,2005_11_09_DMLST.tif,947ac5f8-ea1b-466c-9663-dff073d4e9db,206987619,2005
2005-11-10,2005_11_10_DMLST.tif,d2cf6e92-3dff-4707-8661-736cf1207a8e,207398716,2005
2005-11-11,2005_11_11_DMLST.tif,4bfc6f05-d85b-450b-879a-99d598089514,207183796,2005
2005-11-12,2005_11_12_DMLST.tif,fbc571b0-ee73-4c58-9e17-64f908516f87,206912630,2005
2005-11-13,2005_11_13_DMLST.tif,5b602674-8c9f-4788-b047-3d6466e543a3,206678559,2005
2005-11-14,2005_11_14_DMLST.tif,c891b138-4251-4df1-ba3f-c2e1954468a7,205737002,2005
2005-11-15,2005_11_15_DMLST.tif,2bf7c8d5-e9c9-458f-bf5b-a21b09455940,205748987,2005
2005-11-16,2005_11_16_DMLST.tif,25de627c-eff1-4b7c-b9b8-c9efcf5bc130,205749800,2005
2005-11-17,2005_11_17_DMLST.tif,149b503b-7984-4efa-94ac-d1499d869dde,206137023,2005
2005-11-18,2005_11_18_DMLST.tif,00bb7c5c-cdae-4709-9709-3e3958bd6898,205986049,2005
2005-11-19,2005_11_19_DMLST.tif,6cfab9c1-d6c9-4554-a36a-3fb87371a2f6,206042691,2005
2005-11-20,2005_11_20_DMLST.tif,bd7bb393-9c18-4f36-8200-c0a6c8e4bc4b,205899861,2005
2005-11-21,2005_11_21_DMLST.tif,ea4a46b8-1919-4105-9464-f6d911f8ad44,205784212,2005
2005-11-22,2005_11_22_DMLST.tif,6fbf2b08-c122-442b-9cd3-e33aaba64b21,206910831,2005
2005-11-23,2005_11_23_DMLST.tif,348bce56-2432-4482-9b45-5b62b58632ac,206634104,2005
2005-11-24,2005_11_24_DMLST.tif,7dda8ae5-0d4a-474f-aaf3-c4221c9705b5,205865573,2005
2005-11-25,2005_11_25_DMLST.tif,03887d93-08f9-406e-98aa-4ec248f8401c,206029805,2005
2005-11-26,2005_11_26_DMLST.tif,897a0e94-1a70-423b-b102-3e7a5ba99c62,206362627,2005
2005-11-27,2005_11_27_DMLST.tif,5dc7ad21-b739-4f3d-815b-d04879bd76ad,206125585,2005
2005-11-28,2005_11_28_DMLST.tif,bbe8c8de-863d-4711-81ba-4cb85b88ddae,205816454,2005
2005-11-29,2005_11_29_DMLST.tif,1412e001-6209-4226-acfa-0ea535ba1af7,205386209,2005
2005-11-30,2005_11_30_DMLST.tif,1648670d-512b-4b1a-8168-d13a0be73c05,203823121,2005
2005-12-01,2005_12_01_DMLST.tif,e70cad3d-bcaa-4c6a-a633-ccb38ca596ad,203633469,2005
2005-12-02,2005_12_02_DMLST.tif,1c8e92f7-04a8-41bc-a422-de5f6166cc1c,203788892,2005
2005-12-03,2005_12_03_DMLST.tif,a6134f39-701f-4219-8500-3ea7e01a36af,203798088,2005
2005-12-04,2005_12_04_DMLST.tif,eb405f30-8c76-48aa-a603-2306c26b32d8,203293727,2005
2005-12-05,2005_12_05_DMLST.tif,652ef9b8-e5a5-4237-9cd3-30927bcd4fd5,202859278,2005
2005-12-06,2005_12_06_DMLST.tif,934c112d-3389-4ccb-95d6-b7d1b6f8d171,202889333,2005
2005-12-07,2005_12_07_DMLST.tif,e9c40792-92eb-4296-98ff-8b65c15f7816,203071170,2005
2005-12-08,2005_12_08_DMLST.tif,5b1996af-e251-440e-809c-cdc476e8626c,203119220,2005
2005-12-09,2005_12_09_DMLST.tif,5d5abe98-0222-4c37-a3d3-abbf242c279e,203294809,2005
2005-12-10,2005_12_10_DMLST.tif,da8d5e45-8f70-4310-8f4e-c07ec43d7cf7,203328518,2005
2005-12-11,2005_12_11_DMLST.tif,2e139ad1-125b-45e8-9ba9-260f0c9abb29,203682639,2005
2005-12-12,2005_12_12_DMLST.tif,618d07fe-6df5-4050-bca4-bbcaa1f35d0b,204109283,2005
2005-12-13,2005_12_13_DMLST.tif,c3c79cb2-ae26-4ce5-9747-4d59981dcafc,204407709,2005
2005-12-14,2005_12_14_DMLST.tif,69b956b5-7ffb-4636-a82d-430cf083574b,203644767,2005
2005-12-15,2005_12_15_DMLST.tif,b06d4308-6c2f-432c-9c35-080fd9e6cb05,203798751,2005
2005-12-16,2005_12_16_DMLST.tif,ee228586-58eb-420a-bd7c-ce63dade1251,203892090,2005
2005-12-17,2005_12_17_DMLST.tif,2e042148-b0c1-41a8-82a8-6d208a3fc931,204245755,2005
2005-12-18,2005_12_18_DMLST.tif,5fc8c918-2a26-480d-afd1-21212ac1b3cc,204250838,2005
2005-12-19,2005_12_19_DMLST.tif,0b41bd60-3358-48f5-9649-7d06c9f8ecae,203228490,2005
2005-12-20,2005_12_20_DMLST.tif,fad913bd-7aff-4255-85b0-b774762b1401,203522494,2005
2005-12-21,2005_12_21_DMLST.tif,a657513c-ed9b-44b5-b46c-d23f0ba30f6a,203579990,2005
2005-12-22,2005_12_22_DMLST.tif,3ae9d95e-e2cd-44cf-a767-f18a3533117b,203181954,2005
2005-12-23,2005_12_23_DMLST.tif,cf4b2007-dab0-4248-a0aa-379536db2842,203059839,2005
2005-12-24,2005_12_24_DMLST.tif,c394b810-2f6e-4c72-b394-e97a9b278e0f,203910048,2005
2005-12-25,2005_12_25_DMLST.tif,cebe5353-ba51-49d7-909b-360f997c7d82,204273284,2005
2005-12-26,2005_12_26_DMLST.tif,7f0dcf57-0378-4449-a578-37330009839f,204152441,2005
2005-12-27,2005_12_27_DMLST.tif,58e20ab3-9b43-4913-97c7-01619bd3ec64,204020416,2005
2005-12-28,2005_12_28_DMLST.tif,42b29383-930d-4ea3-90ef-20f44f5a2b55,203697316,2005
2005-12-29,2005_12_29_DMLST.tif,9dac9f99-4c5f-49c7-b16b-fdb628b8daf5,203397180,2005
2005-12-30,2005_12_30_DMLST.tif,35de3c02-a6dd-49b2-be06-1e61c72ef0a5,202586531,2005
2005-12-31,2005_12_31_DMLST.tif,3f98f982-d259-41bb-850c-76dbdbcf1439,202841432,2005
2006-01-01,2006_01_01_DMLST.tif,79845cc8-457c-4cae-803b-90a078f46309,202770857,2006
2006-01-02,2006_01_02_DMLST.tif,d4a05cc1-8a74-4d3d-8c00-65486e44461c,202759552,2006
2006-01-03,2006_01_03_DMLST.tif,bb9fbbaa-1c93-42bd-b459-93458493bfdd,202571837,2006
2006-01-04,2006_01_04_DMLST.tif,863496f4-a7c0-4ad5-900a-84ffcf7c8763,202209212,2006
2006-01-05,2006_01_05_DMLST.tif,03422a50-5f02-4691-ae24-0d0f2ee185e4,202094017,2006
2006-01-06,2006_01_06_DMLST.tif,bfcbf567-1297-4903-ba2f-b50277277bd0,202363676,2006
2006-01-07,2006_01_07_DMLST.tif,9d2e380a-b74d-415e-a957-8ace96ffc916,202241543,2006
2006-01-08,2006_01_08_DMLST.tif,551fa8a2-57c6-4227-8a5a-3e9fa57b49e2,202180506,2006
2006-01-09,2006_01_09_DMLST.tif,724eebf8-3bf0-4a2e-b361-0aa8100aec9f,201727552,2006
2006-01-10,2006_01_10_DMLST.tif,62091eca-d19a-4e6c-bdb9-7f460ea83338,201809938,2006
2006-01-11,2006_01_11_DMLST.tif,0083a797-a7d9-480b-9c40-d28838792e7b,202060241,2006
2006-01-12,2006_01_12_DMLST.tif,a07b9f02-09e1-4534-9d88-db67be7f710c,201842982,2006
2006-01-13,2006_01_13_DMLST.tif,09d0dcc7-aed2-4f20-96cb-bb85f6627f48,201563703,2006
2006-01-14,2006_01_14_DMLST.tif,cb14f2eb-aaf8-4842-88b2-df0f01267502,201401632,2006
2006-01-15,2006_01_15_DMLST.tif,08652590-aee2-4b3d-9445-ba91135e44b2,201084360,2006
2006-01-16,2006_01_16_DMLST.tif,0385cabb-26f7-40e4-b614-af18921bdc8b,200364229,2006
2006-01-17,2006_01_17_DMLST.tif,c58be858-6d37-499b-80dc-5e1446a2e5ca,199960726,2006
2006-01-18,2006_01_18_DMLST.tif,f81ad399-2708-44c7-988b-0df8c7abc925,200250674,2006
2006-01-19,2006_01_19_DMLST.tif,5b96b313-944e-413e-884e-81a47f7be6a9,200262026,2006
2006-01-20,2006_01_20_DMLST.tif,eab9c5c8-fc6c-4a8d-a5e5-33c6c72000e0,200038186,2006
2006-01-21,2006_01_21_DMLST.tif,85a5bcc7-9ae6-4b59-9ab9-cb7fe9928d1a,200081729,2006
2006-01-22,2006_01_22_DMLST.tif,93ef1431-bc5b-43ed-894e-54b5cceed3cb,201125563,2006
2006-01-23,2006_01_23_DMLST.tif,f5b72b3e-6661-41f7-9cd6-9654369a72c4,201545903,2006
2006-01-24,2006_01_24_DMLST.tif,f8e9c863-6aec-48d0-9d84-0bc7282d77d5,201229820,2006
2006-01-25,2006_01_25_DMLST.tif,681157c7-0238-4b2b-826b-71d0d4f877b4,200918249,2006
2006-01-26,2006_01_26_DMLST.tif,ab5c3c0e-5f8f-4fde-be2b-c017d821933c,200914612,2006
2006-01-27,2006_01_27_DMLST.tif,b035d4f0-6862-487d-8f2b-9b091f7bc366,200985065,2006
2006-01-28,2006_01_28_DMLST.tif,221aa6c5-20b6-4efe-94ee-2934cfef793c,200387953,2006
2006-01-29,2006_01_29_DMLST.tif,911201be-1c3c-48a1-b530-ff347b14fb17,200793761,2006
2006-01-30,2006_01_30_DMLST.tif,7bff1a12-239c-45d0-a5a6-808ea136a94c,200538133,2006
2006-01-31,2006_01_31_DMLST.tif,b537427e-613e-4324-a22f-80fb572d093e,200586470,2006
2006-02-01,2006_02_01_DMLST.tif,a74c9425-ec6a-46ee-97de-47f43cac14a5,201132198,2006
2006-02-02,2006_02_02_DMLST.tif,872d0d0d-a2de-43c5-920f-f9af0df49b2d,201576899,2006
2006-02-03,2006_02_03_DMLST.tif,4a8ccf06-7249-4f77-9490-454bd86fa4a9,201951838,2006
2006-02-04,2006_02_04_DMLST.tif,959b594d-7a37-4305-a050-191508437acb,201988795,2006
2006-02-05,2006_02_05_DMLST.tif,48dd7896-a09e-4ca3-a76a-eed4f35566be,201701123,2006
2006-02-06,2006_02_06_DMLST.tif,82a9d449-52a7-460e-901b-176139e40c75,201803884,2006
2006-02-07,2006_02_07_DMLST.tif,275f2f10-f24d-4b1e-8c37-9725de9780b1,202862061,2006
2006-02-08,2006_02_08_DMLST.tif,87c791bc-1994-40d3-afe6-d71716951b13,203465098,2006
2006-02-09,2006_02_09_DMLST.tif,1afe7a46-8614-489b-b87c-bb92f6aee139,204644506,2006
2006-02-10,2006_02_10_DMLST.tif,7d7a3b96-3436-4b4a-b754-fe2c7f894802,204473964,2006
2006-02-11,2006_02_11_DMLST.tif,5501ae96-f538-4ac4-b0d0-5a4f38bbf817,204110812,2006
2006-02-12,2006_02_12_DMLST.tif,c621fc17-b946-4bfa-b8ff-da40ca715f0f,204207998,2006
2006-02-13,2006_02_13_DMLST.tif,2a9f384c-9f41-41a1-a16b-0daa133d364a,203286384,2006
2006-02-14,2006_02_14_DMLST.tif,79bd81ce-d498-462a-97e8-c1b584be64d2,202428421,2006
2006-02-15,2006_02_15_DMLST.tif,caaa6ec3-f424-418d-a549-65bf7ff3842d,200983781,2006
2006-02-16,2006_02_16_DMLST.tif,61aad108-0ea9-41f3-956d-06ed5f99bcf9,200937719,2006
2006-02-17,2006_02_17_DMLST.tif,bf6d6a58-d65b-44c6-b81f-372bd229045d,201149681,2006
2006-02-18,2006_02_18_DMLST.tif,11c9f2bd-63a7-4630-b79e-f6e12c53854d,201712832,2006
2006-02-19,2006_02_19_DMLST.tif,67a344ed-1986-4059-9007-0c9dffa1a80e,201865310,2006
2006-02-20,2006_02_20_DMLST.tif,e112e4ac-9ffc-49b2-baf3-e9f39c6b9007,201559040,2006
2006-02-21,2006_02_21_DMLST.tif,40bbc83d-1c65-42b8-b8dd-2c5d7bc13aac,201085561,2006
2006-02-22,2006_02_22_DMLST.tif,d86a35b4-a5b3-413e-8301-42a5dd5fe1b9,201080870,2006
2006-02-23,2006_02_23_DMLST.tif,7bb014e4-ee00-4095-b106-342f4b149e3d,202214198,2006
2006-02-24,2006_02_24_DMLST.tif,0cabf257-d603-45c0-9237-b6fceec32225,202352732,2006
2006-02-25,2006_02_25_DMLST.tif,1759ae0a-163b-404f-b77d-db17ca7be215,201825682,2006
2006-02-26,2006_02_26_DMLST.tif,6fd972a3-8407-4357-a333-40cd4d4f12c1,201765540,2006
2006-02-27,2006_02_27_DMLST.tif,17e3aabe-2700-4f1a-ad66-66712287fb47,202273573,2006
2006-02-28,2006_02_28_DMLST.tif,eae0a3de-19d3-41dd-96d7-398ba4835cef,202551844,2006
2006-03-01,2006_03_01_DMLST.tif,60364017-32eb-4da4-8c6c-217e69e319fd,202218996,2006
2006-03-02,2006_03_02_DMLST.tif,e72ec42f-e4ec-4a1b-a196-c9e99dd720d0,202082860,2006
2006-03-03,2006_03_03_DMLST.tif,6819d56e-2f34-4bdc-841d-cdf23f23c0b7,201374006,2006
2006-03-04,2006_03_04_DMLST.tif,9d150a42-d662-4770-9678-02ddc8ad7dc0,201855470,2006
2006-03-05,2006_03_05_DMLST.tif,f21a5777-0548-4198-92bc-22a3406577ae,202324652,2006
2006-03-06,2006_03_06_DMLST.tif,fc0249ff-8451-4784-b68b-f927f2ea9a8d,202539029,2006
2006-03-07,2006_03_07_DMLST.tif,be9720a0-4e69-43e7-8be3-7dff7e3ee06e,202925587,2006
2006-03-08,2006_03_08_DMLST.tif,aec293a0-044d-442b-b127-6daef928c901,203791228,2006
2006-03-09,2006_03_09_DMLST.tif,c468ccc5-4bbc-4457-b13b-e74f7e340348,203849364,2006
2006-03-10,2006_03_10_DMLST.tif,2d6ec3f4-613a-412e-9734-9ce94b038e71,203488777,2006
2006-03-11,2006_03_11_DMLST.tif,563214ff-8e7c-4c0a-83f2-1a3430fb2ddf,203511475,2006
2006-03-12,2006_03_12_DMLST.tif,4ea61d9c-801c-467e-b196-f41f7251e65d,203514351,2006
2006-03-13,2006_03_13_DMLST.tif,85f7449b-e928-479b-bd55-6cace7dc038b,203797412,2006
2006-03-14,2006_03_14_DMLST.tif,40d7f1fe-b3f7-41ec-b60d-87d438bae713,203599461,2006
2006-03-15,2006_03_15_DMLST.tif,e0decf98-a3fb-4bc8-908a-f23281c79d34,203120978,2006
2006-03-16,2006_03_16_DMLST.tif,ee878f75-1da7-40cf-b1d0-8b53a41d5e02,202713239,2006
2006-03-17,2006_03_17_DMLST.tif,3ffa663e-21b1-449c-8e84-8180fded877c,202938233,2006
2006-03-18,2006_03_18_DMLST.tif,e2939fcb-2729-4f0d-ad58-dd2b2165f03f,203237312,2006
2006-03-19,2006_03_19_DMLST.tif,4828714b-7455-436e-a786-9e3303d5943e,202509992,2006
2006-03-20,2006_03_20_DMLST.tif,bff40807-5d41-4cb7-8225-d624b6e479fc,203168142,2006
2006-03-21,2006_03_21_DMLST.tif,f0ecd111-668f-412a-98d6-0778b12cb4d8,203633606,2006
2006-03-22,2006_03_22_DMLST.tif,06cea3d2-b04e-4ada-ad2c-7f62e1a10f8c,203618491,2006
2006-03-23,2006_03_23_DMLST.tif,daa17281-c01d-4280-9cc7-98e9a1156cec,203876540,2006
2006-03-24,2006_03_24_DMLST.tif,69c4965e-6d22-4d08-a233-9fef78a9669b,203812040,2006
2006-03-25,2006_03_25_DMLST.tif,2b320b8e-7fa6-4f06-a839-8ae7a5900535,203977990,2006
2006-03-26,2006_03_26_DMLST.tif,0f0c14ce-b8f1-4d6d-a73d-11771aad66f0,203793809,2006
2006-03-27,2006_03_27_DMLST.tif,09ed1c91-417d-40e2-85e7-694ba560dbd7,204563453,2006
2006-03-28,2006_03_28_DMLST.tif,a5dde28c-431f-40e1-ae61-cd2da17ad14b,205075860,2006
2006-03-29,2006_03_29_DMLST.tif,b6388604-c2ee-46b2-af78-0ff53e004e97,205109473,2006
2006-03-30,2006_03_30_DMLST.tif,3dfea59f-5d7f-4dc1-968b-d283e308b958,204839699,2006
2006-03-31,2006_03_31_DMLST.tif,bb99ddce-82e7-44d0-818f-f074f19fa73d,204760383,2006
2006-04-01,2006_04_01_DMLST.tif,3afc1a28-8f9a-4464-8102-3fa62cadfa92,204973209,2006
2006-04-02,2006_04_02_DMLST.tif,a27f0760-f714-41a2-890b-3abf54eb7ea7,205248082,2006
2006-04-03,2006_04_03_DMLST.tif,6fa29d2a-d5a6-49d6-bd37-a1e68fc50e49,205284323,2006
2006-04-04,2006_04_04_DMLST.tif,518b0bd3-9b9f-4216-a24b-fadfed99dfed,204271485,2006
2006-04-05,2006_04_05_DMLST.tif,f98a6011-d826-4bd8-94d9-aa4b5a56a64d,204290112,2006
2006-04-06,2006_04_06_DMLST.tif,00395158-857a-46f7-be2f-9758318ee4b5,204066426,2006
2006-04-07,2006_04_07_DMLST.tif,28fc8791-77fa-4207-9a03-fe332d86c9f8,203752839,2006
2006-04-08,2006_04_08_DMLST.tif,ddd37220-5874-4ae3-b9b7-50b0db07fa60,203919782,2006
2006-04-09,2006_04_09_DMLST.tif,c8cbd238-761b-4b74-89f5-345fd4aef8f6,204186720,2006
2006-04-10,2006_04_10_DMLST.tif,ca090a87-4c2d-47d1-af47-d1fa0521d32e,204208311,2006
2006-04-11,2006_04_11_DMLST.tif,60dc86e5-c857-43fd-90b1-dae2f7b47183,203918630,2006
2006-04-12,2006_04_12_DMLST.tif,c2273d70-1d86-420e-a233-de705a8a1812,204741804,2006
2006-04-13,2006_04_13_DMLST.tif,1a147793-2cb2-4012-b95d-36a5fcc0cc48,204832209,2006
2006-04-14,2006_04_14_DMLST.tif,f0c3c967-e1b4-403c-95cc-a762fe329844,204786737,2006
2006-04-15,2006_04_15_DMLST.tif,3985dea2-4361-4b10-bf6c-a445059f1354,204841531,2006
2006-04-16,2006_04_16_DMLST.tif,380992ca-da73-4e41-973f-bb88f24bfed9,205269237,2006
2006-04-17,2006_04_17_DMLST.tif,8a3a21c7-72f7-47c5-acca-a6c495dc65d1,205940170,2006
2006-04-18,2006_04_18_DMLST.tif,a11330d1-e49a-4f69-ac68-ab1dd5ccb81a,206018331,2006
2006-04-19,2006_04_19_DMLST.tif,5514fedb-37b9-4cf4-accd-4696ed4cf071,205818320,2006
2006-04-20,2006_04_20_DMLST.tif,c888390f-da9f-4a8c-bd98-ae9feeeb8f9a,205164228,2006
2006-04-21,2006_04_21_DMLST.tif,5e24f3cc-cfa5-4784-a0b4-7e5722624b51,204713006,2006
2006-04-22,2006_04_22_DMLST.tif,6870fde9-3030-4bbc-a307-41669908504d,204389250,2006
2006-04-23,2006_04_23_DMLST.tif,69d71f1c-7bbe-4076-bdd2-87b3f81aa9ba,204289399,2006
2006-04-24,2006_04_24_DMLST.tif,e50d2bd8-b300-414b-b045-60ef07b3a165,204124513,2006
2006-04-25,2006_04_25_DMLST.tif,2683ef2a-75c5-4232-8079-1891a6eba573,204226269,2006
2006-04-26,2006_04_26_DMLST.tif,7c797e7a-0f8c-435f-bf92-6dcf38839fc5,204198961,2006
2006-04-27,2006_04_27_DMLST.tif,179b6acf-21f1-44ae-b4dc-f5c0242cee6d,204071980,2006
2006-04-28,2006_04_28_DMLST.tif,bae5ecca-aebe-4d87-bef4-822b3445227a,205188911,2006
2006-04-29,2006_04_29_DMLST.tif,52a0b0f3-a0d1-43c1-ad80-6c853fcee81c,205294992,2006
2006-04-30,2006_04_30_DMLST.tif,2e5c2aaf-0221-4de3-854f-396bc9d9f1d4,205412098,2006
2006-05-01,2006_05_01_DMLST.tif,85be2d9d-1f39-4a72-9e62-73b1b0e29ea2,205624316,2006
2006-05-02,2006_05_02_DMLST.tif,6806dd91-e769-4422-a6df-ee9dd7a73142,205972563,2006
2006-05-03,2006_05_03_DMLST.tif,90a5d538-66c9-477f-993d-c0d3744a357b,206066567,2006
2006-05-04,2006_05_04_DMLST.tif,2ca2bdd6-3f0c-43e3-be24-2f33c661a4f3,205946946,2006
2006-05-05,2006_05_05_DMLST.tif,8d7fb42f-7833-427e-acdc-6183bc84b7a3,205500294,2006
2006-05-06,2006_05_06_DMLST.tif,7ba39da4-814b-45e8-9067-411e29735feb,204687221,2006
2006-05-07,2006_05_07_DMLST.tif,c837e826-de25-40f2-a1d1-98c37a1b594e,205215247,2006
2006-05-08,2006_05_08_DMLST.tif,b1eb4606-43b9-4150-a13f-4f46ae155d8c,205560768,2006
2006-05-09,2006_05_09_DMLST.tif,ef25a268-5ccb-4542-9e8c-10e87259d41f,205657442,2006
2006-05-10,2006_05_10_DMLST.tif,c3ad3fe8-bb6c-4fc0-b5b6-e9862d49a0e7,206107097,2006
2006-05-11,2006_05_11_DMLST.tif,842e4a60-697e-4c5e-8df5-6feef60d1678,206326951,2006
2006-05-12,2006_05_12_DMLST.tif,8c6f9e5d-038f-49ae-9122-b968727c02ba,206080578,2006
2006-05-13,2006_05_13_DMLST.tif,99b1b5d7-071d-492c-b454-4641a6d5763a,205706274,2006
2006-05-14,2006_05_14_DMLST.tif,660cd756-114b-4ceb-90d9-c889912ddbe7,206113100,2006
2006-05-15,2006_05_15_DMLST.tif,7a1a6a97-9635-4db6-81a4-191893a533a7,205678900,2006
2006-05-16,2006_05_16_DMLST.tif,27106cac-65bc-42a7-b12e-94cbccdc2467,205954424,2006
2006-05-17,2006_05_17_DMLST.tif,f0d9ceaa-6312-4879-82b5-7eb471b9ea58,206011118,2006
2006-05-18,2006_05_18_DMLST.tif,06422e03-0fcf-4d5a-9ad6-39686f69f96d,206213509,2006
2006-05-19,2006_05_19_DMLST.tif,3020056a-11bb-4139-add3-afcbc835d57d,206311443,2006
2006-05-20,2006_05_20_DMLST.tif,37156559-e473-4d68-8d77-d574d399b2b9,207002484,2006
2006-05-21,2006_05_21_DMLST.tif,50b898a8-3528-490e-8e09-c7e9476b3010,207314039,2006
2006-05-22,2006_05_22_DMLST.tif,b1cae419-1734-43b0-a79e-8eccf06b5522,206292531,2006
2006-05-23,2006_05_23_DMLST.tif,f78eef3f-bb49-4802-9fbf-7b7d52cd7c9e,206656012,2006
2006-05-24,2006_05_24_DMLST.tif,81bf7660-2e54-4315-b843-a852397288ae,206538295,2006
2006-05-25,2006_05_25_DMLST.tif,70c19ad8-86b8-47f9-97a3-5136dc1b6f69,205963077,2006
2006-05-26,2006_05_26_DMLST.tif,4a77426b-63b9-46b2-8985-f87aac8af7c6,205309769,2006
2006-05-27,2006_05_27_DMLST.tif,3fa002c8-0ea0-43fe-9931-281d6073f51e,204777749,2006
2006-05-28,2006_05_28_DMLST.tif,d667b970-76c7-42fe-a110-63f6ed809b24,204884962,2006
2006-05-29,2006_05_29_DMLST.tif,b90d6c5f-4166-4eb9-a2b5-c45f49708428,205123227,2006
2006-05-30,2006_05_30_DMLST.tif,6407540b-85de-48c2-8957-f440d4f107d3,205140976,2006
2006-05-31,2006_05_31_DMLST.tif,b2200e5b-4312-4a54-89d6-4e2507461d19,205046594,2006
2006-06-01,2006_06_01_DMLST.tif,77d45521-03ca-4f01-94d9-3516a699d4a8,205381945,2006
2006-06-02,2006_06_02_DMLST.tif,d08432e9-2428-4ff7-bb95-b28b359862ec,205161915,2006
2006-06-03,2006_06_03_DMLST.tif,cfa41c21-a229-448b-9017-d9b6ed005a69,205328085,2006
2006-06-04,2006_06_04_DMLST.tif,8cda4f98-99fb-485d-bc32-bb1641604f9a,205466448,2006
2006-06-05,2006_06_05_DMLST.tif,f8c50aa5-4675-4fbd-944e-d201b45814ec,205899496,2006
2006-06-06,2006_06_06_DMLST.tif,f404cb27-1880-43fe-bac8-0089a4fa5385,205654233,2006
2006-06-07,2006_06_07_DMLST.tif,c60a36f0-4b61-446f-9e41-241806df681d,203778460,2006
2006-06-08,2006_06_08_DMLST.tif,ea696b1b-8bef-4f19-92b0-9d1c64b2f80c,203689807,2006
2006-06-09,2006_06_09_DMLST.tif,8e3d7f51-6502-4b7b-af28-c02929f50df4,203125825,2006
2006-06-10,2006_06_10_DMLST.tif,91021ae3-f8fb-4d00-9309-0d3bcc849125,203201444,2006
2006-06-11,2006_06_11_DMLST.tif,7a1200a4-93e8-4535-8d03-b78f4f64a11a,203809959,2006
2006-06-12,2006_06_12_DMLST.tif,f195591b-8f2e-47c7-b130-94c2beae2647,204022619,2006
2006-06-13,2006_06_13_DMLST.tif,2ffab7fb-1425-47b4-855a-7334ddacff2a,203521970,2006
2006-06-14,2006_06_14_DMLST.tif,9da86173-384d-460b-8c43-d8ced3ddc8ae,203367228,2006
2006-06-15,2006_06_15_DMLST.tif,063badcd-b898-47f4-b7b6-2112098a3dd8,204106050,2006
2006-06-16,2006_06_16_DMLST.tif,4268a67d-8d9d-4af7-88d8-1b4ae8b1122f,204278970,2006
2006-06-17,2006_06_17_DMLST.tif,078ccadf-b315-4bd1-8ebb-b8d71979c2c5,204612844,2006
2006-06-18,2006_06_18_DMLST.tif,6a1eb0aa-078c-4528-8a44-91ae14071c78,204532161,2006
2006-06-19,2006_06_19_DMLST.tif,ff83a572-bc2c-4a27-8530-8393dd1e8aa7,204519539,2006
2006-06-20,2006_06_20_DMLST.tif,b5b818cc-8e80-4443-8aa7-bb4f58d2511f,204251342,2006
2006-06-21,2006_06_21_DMLST.tif,7966de74-d7c6-4de2-8ca0-45be9cd4d588,203978973,2006
2006-06-22,2006_06_22_DMLST.tif,fdaceec8-da36-4f6b-8fab-3ce7b77b4611,203660450,2006
2006-06-23,2006_06_23_DMLST.tif,5150792d-298e-4c27-ac89-2468e1855c86,202537590,2006
2006-06-24,2006_06_24_DMLST.tif,303a990c-94ac-4b35-959a-49f618366319,202533852,2006
2006-06-25,2006_06_25_DMLST.tif,f5ff23b2-1eab-4075-aa88-45e2022365e7,202255756,2006
2006-06-26,2006_06_26_DMLST.tif,1f45d577-d908-4b79-a47c-0da93e22ed9d,202200752,2006
2006-06-27,2006_06_27_DMLST.tif,82f2cdbb-39a9-4cf1-ac0f-52be9c2c9cbb,202268468,2006
2006-06-28,2006_06_28_DMLST.tif,f3467c54-b48d-45a7-bd97-dba3f3133210,202461855,2006
2006-06-29,2006_06_29_DMLST.tif,63d0370b-81b4-4b67-88b1-603aab5affa4,202503357,2006
2006-06-30,2006_06_30_DMLST.tif,a39250f2-db1b-4614-9acc-20f65180d6b9,201995646,2006
2006-07-01,2006_07_01_DMLST.tif,39b4f287-f7d5-4973-9576-8b920c643edc,202847971,2006
2006-07-02,2006_07_02_DMLST.tif,063e7aed-82fc-4955-9b01-ca0e50cb6882,202669628,2006
2006-07-03,2006_07_03_DMLST.tif,b0ccb2f6-5ecf-4d8f-8d0d-b0fc671a35c9,202663330,2006
2006-07-04,2006_07_04_DMLST.tif,0e53f625-5bc3-49b8-91b6-b207cf715fee,202705929,2006
2006-07-05,2006_07_05_DMLST.tif,fae42afe-b714-4005-a6e1-2fda95af08da,202661381,2006
2006-07-06,2006_07_06_DMLST.tif,6ad07bb9-22a5-4b07-a838-d6ff5683dd47,202929935,2006
2006-07-07,2006_07_07_DMLST.tif,75c2a2ef-f9c0-4c74-b369-53591d3147a5,203176939,2006
2006-07-08,2006_07_08_DMLST.tif,a726a4cf-514a-495d-939d-705a2adcb617,203142940,2006
2006-07-09,2006_07_09_DMLST.tif,8ba3a340-ef2e-41ff-8059-cd9d0707e3fe,202038743,2006
2006-07-10,2006_07_10_DMLST.tif,5988b963-c66b-4d00-9f3c-83d023b3a3b1,202110313,2006
2006-07-11,2006_07_11_DMLST.tif,6e99ccac-32ad-4ecc-ae02-2ba6e6d092bf,202119197,2006
2006-07-12,2006_07_12_DMLST.tif,91aa54cc-85bf-4264-8c2c-93fe8576ce0a,202280276,2006
2006-07-13,2006_07_13_DMLST.tif,35a07ee0-f367-4825-9883-f2592c5ea607,202225184,2006
2006-07-14,2006_07_14_DMLST.tif,c4403817-4dfd-41be-b6e2-4450a8741ac0,202076294,2006
2006-07-15,2006_07_15_DMLST.tif,4f7028aa-d263-47e8-8477-90fc5bc4bfc6,202094792,2006
2006-07-16,2006_07_16_DMLST.tif,ec7d5457-82a0-4488-b38d-c52ab6f85932,201820095,2006
2006-07-17,2006_07_17_DMLST.tif,f466ac8d-35e6-4c2c-8f10-c63b2323b2ef,203308535,2006
2006-07-18,2006_07_18_DMLST.tif,40264124-44b9-4fd5-9c54-c42c029d5f15,203086770,2006
2006-07-19,2006_07_19_DMLST.tif,fcdfa1d7-c5e4-46a7-a118-cce5554de3ae,202780257,2006
2006-07-20,2006_07_20_DMLST.tif,d8c6fdd4-a366-4a9e-b7d8-a00b34c0cd34,202712576,2006
2006-07-21,2006_07_21_DMLST.tif,1fc8f698-1c75-498b-b808-0b1fb9854d7d,202691471,2006
2006-07-22,2006_07_22_DMLST.tif,a065fe9d-6d7a-46ae-adf6-c1c73179e328,202969672,2006
2006-07-23,2006_07_23_DMLST.tif,1ffad7e4-62a3-4d6e-92bf-0bd04982a0cb,203043231,2006
2006-07-24,2006_07_24_DMLST.tif,f1d0eb8d-85f9-4adc-b103-68804a008cf5,202847290,2006
2006-07-25,2006_07_25_DMLST.tif,81506ccf-67ad-4f37-adda-ce2a662706fd,201323281,2006
2006-07-26,2006_07_26_DMLST.tif,a14b00b3-2987-4f49-9627-895fefa90988,201148583,2006
2006-07-27,2006_07_27_DMLST.tif,f471b6c3-85ae-4e00-8a26-046d1fb790ac,201084550,2006
2006-07-28,2006_07_28_DMLST.tif,bf5770a9-7b5f-4508-8b1d-d91a89b28062,201210039,2006
2006-07-29,2006_07_29_DMLST.tif,0747c8a4-c774-449a-b37d-43ef4d0fab72,201553142,2006
2006-07-30,2006_07_30_DMLST.tif,a1afb25c-0036-434a-bd84-fe4b72e8be05,201690244,2006
2006-07-31,2006_07_31_DMLST.tif,4ff7fd0c-bbdb-40b7-82ad-7f6d540078e0,201416417,2006
2006-08-01,2006_08_01_DMLST.tif,2bf4c380-8bd9-4b14-8444-a11e26937e0a,201044681,2006
2006-08-02,2006_08_02_DMLST.tif,fcc6024f-4bfa-4b54-b439-aff474a33125,201759749,2006
2006-08-03,2006_08_03_DMLST.tif,6994fbab-a950-466f-8386-041a0e2fc167,201576547,2006
2006-08-04,2006_08_04_DMLST.tif,33209c59-6f55-4bb7-b1ab-430c05ca7800,201605691,2006
2006-08-05,2006_08_05_DMLST.tif,68ed13a6-c654-4d7b-9e85-82fcb6f46f43,201779766,2006
2006-08-06,2006_08_06_DMLST.tif,2c154bb8-d9be-4967-a0af-d669f59ea81b,201562646,2006
2006-08-07,2006_08_07_DMLST.tif,fd0f0335-fa54-4d72-ad88-27146f5d1327,201473646,2006
2006-08-08,2006_08_08_DMLST.tif,55108968-0a07-4194-9f84-7915a36a682c,201372885,2006
2006-08-09,2006_08_09_DMLST.tif,66857e49-348c-4790-81ef-6dc4069df3b5,201212798,2006
2006-08-10,2006_08_10_DMLST.tif,165ebb82-af95-4fab-8f87-5aee13b07c84,200135006,2006
2006-08-11,2006_08_11_DMLST.tif,7b4d6c4c-3021-4754-a67b-144c25692f78,200072303,2006
2006-08-12,2006_08_12_DMLST.tif,94d88ffa-7f78-479b-b946-4fe97331cd2c,199759865,2006
2006-08-13,2006_08_13_DMLST.tif,eebcf2ce-19a6-49e0-84e9-21d614a788f7,199657956,2006
2006-08-14,2006_08_14_DMLST.tif,48ad58f8-4f60-47ad-9da4-1663ca6513a7,199813315,2006
2006-08-15,2006_08_15_DMLST.tif,52cc5be8-5adc-47a6-beea-64f790f641e5,199635262,2006
2006-08-16,2006_08_16_DMLST.tif,97c30a28-0954-4c05-a79c-c13679b86b0b,200109616,2006
2006-08-17,2006_08_17_DMLST.tif,cc139aa5-2975-44b1-bd68-960dc4069277,200467164,2006
2006-08-18,2006_08_18_DMLST.tif,3aa79b8c-4af9-48ad-83f9-7e13822b865d,202052918,2006
2006-08-19,2006_08_19_DMLST.tif,ed35bd98-64f3-4756-9304-f09dc5008136,201608679,2006
2006-08-20,2006_08_20_DMLST.tif,f272b898-3d51-4af8-9466-2017d8a8b218,201189621,2006
2006-08-21,2006_08_21_DMLST.tif,9f20c201-46a1-4d89-a46b-e23a61e8c9df,201324476,2006
2006-08-22,2006_08_22_DMLST.tif,5fdb2d98-3332-423c-ac71-a448fd9b0d44,201395491,2006
2006-08-23,2006_08_23_DMLST.tif,eac51ad4-8c3f-4be9-8964-6922626c284a,201086092,2006
2006-08-24,2006_08_24_DMLST.tif,57a5d4b4-ab3d-4caf-826a-c4820b787eea,201328399,2006
2006-08-25,2006_08_25_DMLST.tif,2e930281-352c-46e6-917c-7bff510e4d76,201261203,2006
2006-08-26,2006_08_26_DMLST.tif,fa33ba31-8f96-4bf3-a0fc-c796bbdc898b,200056793,2006
2006-08-27,2006_08_27_DMLST.tif,1740284f-751e-4781-84d9-ef7bd81e4a64,199959564,2006
2006-08-28,2006_08_28_DMLST.tif,3d3a4e8e-75c0-47c6-9a47-ac7632542064,199957846,2006
2006-08-29,2006_08_29_DMLST.tif,41105cb8-196e-4b87-9584-cf3b2e1217bb,199912726,2006
2006-08-30,2006_08_30_DMLST.tif,5277323c-1cb1-4927-ab4a-b98ed53fa20a,200107834,2006
2006-08-31,2006_08_31_DMLST.tif,ce585b5b-d3ca-49fc-80a1-7acc184948fa,199955108,2006
2006-09-01,2006_09_01_DMLST.tif,863c0efb-e8cc-4640-9b67-9a6b9ef60829,200448061,2006
2006-09-02,2006_09_02_DMLST.tif,d380446c-3c45-493c-9c53-f3e9bff7329c,200982561,2006
2006-09-03,2006_09_03_DMLST.tif,d0547387-0574-4416-87d2-a31d69e5980a,203226180,2006
2006-09-04,2006_09_04_DMLST.tif,e310b43c-1c9c-4680-aed6-5c7f714688ed,203229336,2006
2006-09-05,2006_09_05_DMLST.tif,7f7e4863-94b1-4fb1-aa43-66b99902b520,204531599,2006
2006-09-06,2006_09_06_DMLST.tif,4798ac39-eef2-4654-9092-78c575333e1a,204706741,2006
2006-09-07,2006_09_07_DMLST.tif,a9f63169-de09-4411-a41c-79a8cb7fcc9e,204063688,2006
2006-09-08,2006_09_08_DMLST.tif,78d32e8d-b643-4657-85bf-27afb78ab77c,203641049,2006
2006-09-09,2006_09_09_DMLST.tif,3e72b8e8-a753-4f75-914d-20114e7de598,203389498,2006
2006-09-10,2006_09_10_DMLST.tif,3248bed4-1b21-4eff-8c45-1ab14aba4a2a,202844292,2006
2006-09-11,2006_09_11_DMLST.tif,5ff43e46-5e28-4004-ae69-57ebf7f4ded9,202070159,2006
2006-09-12,2006_09_12_DMLST.tif,e3150ead-bd9a-49ae-a3a9-ae0feeac07aa,201861231,2006
2006-09-13,2006_09_13_DMLST.tif,c6b9100c-b340-43e3-ab1a-b6f5692cf819,202009723,2006
2006-09-14,2006_09_14_DMLST.tif,2910db3b-10db-4e87-be22-40ba839c6d48,202145359,2006
2006-09-15,2006_09_15_DMLST.tif,468512b4-f951-4437-9e40-37487857bcd2,202081029,2006
2006-09-16,2006_09_16_DMLST.tif,69452bc3-d0ea-45de-b871-187420e2f337,202769029,2006
2006-09-17,2006_09_17_DMLST.tif,a4c2c918-d730-44cd-b2db-9e70ee3626da,203590856,2006
2006-09-18,2006_09_18_DMLST.tif,b03894ab-f9a2-43c6-b52d-9ce2ad2e91fd,203694991,2006
2006-09-19,2006_09_19_DMLST.tif,109a8e82-3bde-40ec-92d9-6f4a83f350a2,204925314,2006
2006-09-20,2006_09_20_DMLST.tif,9317ca81-7686-4ca0-95b8-4d237c64fb71,204093884,2006
2006-09-21,2006_09_21_DMLST.tif,f966ae26-a1a4-4899-ad54-1205c6b3be7b,203999880,2006
2006-09-22,2006_09_22_DMLST.tif,cda864a7-c59c-4649-9b9b-e071d086da54,204098972,2006
2006-09-23,2006_09_23_DMLST.tif,b96467ad-08e5-4de5-af09-aed82be96e5a,204135701,2006
2006-09-24,2006_09_24_DMLST.tif,b7c70608-2f88-4196-a6cf-491b8b1332d7,204323942,2006
2006-09-25,2006_09_25_DMLST.tif,46011778-a6c5-4004-bdf0-e44e553beff1,204154622,2006
2006-09-26,2006_09_26_DMLST.tif,ddc6dcdc-d9f8-4f6f-8646-d48f86b15f27,203853487,2006
2006-09-27,2006_09_27_DMLST.tif,1bf11aec-fd46-47b7-b903-7e19b6013083,203031717,2006
2006-09-28,2006_09_28_DMLST.tif,a6a3c2d3-393d-413b-b159-86d6311734fa,203192916,2006
2006-09-29,2006_09_29_DMLST.tif,10818d93-44e3-4a26-816b-3f70e7a1741f,203393314,2006
2006-09-30,2006_09_30_DMLST.tif,deed3887-00cc-49e5-91b0-861f6aea2268,203505109,2006
2006-10-01,2006_10_01_DMLST.tif,03014934-ebe6-42f7-af0b-4e0e5cb6c3bb,203771627,2006
2006-10-02,2006_10_02_DMLST.tif,f6a6b793-fc82-4921-846c-6b282180cf45,203689071,2006
2006-10-03,2006_10_03_DMLST.tif,c97e64cb-dfdf-4c30-834c-992ab6019cf1,203555555,2006
2006-10-04,2006_10_04_DMLST.tif,98b3899c-7fd4-4cd0-b01c-d0cfebb88247,203082622,2006
2006-10-05,2006_10_05_DMLST.tif,80f7c80d-e555-43ff-bec9-a9e3e30e8353,204630137,2006
2006-10-06,2006_10_06_DMLST.tif,2f59f397-1b6f-474a-950a-d3b2b6f5427f,204963840,2006
2006-10-07,2006_10_07_DMLST.tif,2bab7ad0-156d-4b0d-bd60-53531e486b9a,204891812,2006
2006-10-08,2006_10_08_DMLST.tif,8622cb45-892c-49b7-818c-08ce5a72b607,204661822,2006
2006-10-09,2006_10_09_DMLST.tif,03e760d4-31f3-43f9-aef2-c8992f1817c5,204985930,2006
2006-10-10,2006_10_10_DMLST.tif,7a42b7f5-0e9e-4dce-8660-6f82d2b54557,205137934,2006
2006-10-11,2006_10_11_DMLST.tif,dccc24d6-c84d-4291-b3d5-f25362927868,204925973,2006
2006-10-12,2006_10_12_DMLST.tif,11568acb-1df2-4db7-b349-e8dcd40963dc,205146757,2006
2006-10-13,2006_10_13_DMLST.tif,8c266922-d32a-4861-a679-70550265d30a,204839044,2006
2006-10-14,2006_10_14_DMLST.tif,312eb556-0c18-4536-b64a-56a7715beabf,204549839,2006
2006-10-15,2006_10_15_DMLST.tif,dbd42f1b-a7eb-4df5-ade5-c83fc1503458,204331888,2006
2006-10-16,2006_10_16_DMLST.tif,05908efa-526b-470d-ad2a-1497fe9db25e,204221280,2006
2006-10-17,2006_10_17_DMLST.tif,928b428f-1047-4a3a-b7a5-6e64e7c85ca7,204236273,2006
2006-10-18,2006_10_18_DMLST.tif,820b4ab4-0dcf-4573-910f-e8b7fc892585,204581490,2006
2006-10-19,2006_10_19_DMLST.tif,f53f109c-b093-46f9-80d8-ce0b40466d60,204698533,2006
2006-10-20,2006_10_20_DMLST.tif,89dd4f3c-9939-4030-bfec-7c22322a55f8,204729223,2006
2006-10-21,2006_10_21_DMLST.tif,3c3479c9-bb05-48c1-bc2b-363c179a1f07,206348788,2006
2006-10-22,2006_10_22_DMLST.tif,c81cd84a-e382-4694-a41d-cac796df06fe,206573236,2006
2006-10-23,2006_10_23_DMLST.tif,95217afc-a077-416e-b82d-6eff6c0ea082,207090374,2006
2006-10-24,2006_10_24_DMLST.tif,5b126699-9b6f-4d6b-8ea7-c7b6a3fc31fa,206876879,2006
2006-10-25,2006_10_25_DMLST.tif,b5ffc928-fe28-4192-90de-0cf57ed0addc,206896290,2006
2006-10-26,2006_10_26_DMLST.tif,dd594603-08d3-49f0-98f8-5b3dcb259297,207420562,2006
2006-10-27,2006_10_27_DMLST.tif,e0aa0d2d-83fd-461f-abb3-d186438a0fb6,207273509,2006
2006-10-28,2006_10_28_DMLST.tif,bdb6a0c6-8aad-4902-81d4-1c03ffe840a6,207075457,2006
2006-10-29,2006_10_29_DMLST.tif,aa11a403-8348-402b-b5b9-53ae74dd8a8f,206362782,2006
2006-10-30,2006_10_30_DMLST.tif,42e089ef-b505-4ebd-a3d9-b976543b614c,206336361,2006
2006-10-31,2006_10_31_DMLST.tif,79291934-83df-4fae-995d-fdcd00612b91,206082374,2006
2006-11-01,2006_11_01_DMLST.tif,642e9e01-62f3-402d-9dc6-209881ec70c1,206095271,2006
2006-11-02,2006_11_02_DMLST.tif,1fb33fc6-284b-47d0-b05a-118288491f19,206211184,2006
2006-11-03,2006_11_03_DMLST.tif,ee5b064b-45c2-49aa-bf08-e8e31053b88b,206233596,2006
2006-11-04,2006_11_04_DMLST.tif,b58f8f78-a683-4224-851a-0519866716db,205783048,2006
2006-11-05,2006_11_05_DMLST.tif,ad64c1ae-6316-4a25-89d3-f90e184f870c,206198048,2006
2006-11-06,2006_11_06_DMLST.tif,3b423dee-4398-44d2-80ce-c0e712d5af3a,207544005,2006
2006-11-07,2006_11_07_DMLST.tif,d710a09a-a256-4d02-b447-8b8a9aae940a,207786015,2006
2006-11-08,2006_11_08_DMLST.tif,0dc9a72c-5703-4f29-b40d-13f5ee1bba20,207018858,2006
2006-11-09,2006_11_09_DMLST.tif,7ce0b15d-8522-4d3c-94d0-9aeb823a783e,206697852,2006
2006-11-10,2006_11_10_DMLST.tif,4a053b0b-e300-43ca-aeda-83d044280a79,206721995,2006
2006-11-11,2006_11_11_DMLST.tif,89e3e389-a8a7-4f5e-a9f4-d16f945d9993,207348164,2006
2006-11-12,2006_11_12_DMLST.tif,16ee8fda-0545-4e9b-9bb1-402368fcee10,207279022,2006
2006-11-13,2006_11_13_DMLST.tif,2bc83398-d70a-4d73-b2d5-559e4c39538f,207035240,2006
2006-11-14,2006_11_14_DMLST.tif,92376a43-d51b-4e15-97ea-9d3b2d191a20,206401867,2006
2006-11-15,2006_11_15_DMLST.tif,cb0e3e16-8087-4fbe-9f1d-6c416260eee9,206625595,2006
2006-11-16,2006_11_16_DMLST.tif,995424df-2eb0-4a4f-8b04-6bbc08dd1a84,206895233,2006
2006-11-17,2006_11_17_DMLST.tif,546c81cb-3cad-4768-8ee3-9751d4b79618,206645631,2006
2006-11-18,2006_11_18_DMLST.tif,f0e134da-52ae-46db-a4b4-88077e2b06c7,206132964,2006
2006-11-19,2006_11_19_DMLST.tif,075184b7-a292-4009-8156-bbda1bc65e87,205728394,2006
2006-11-20,2006_11_20_DMLST.tif,6f8dcf7f-c042-4722-a263-c531b56bdf20,205551551,2006
2006-11-21,2006_11_21_DMLST.tif,eabad442-b6e7-4665-a0dc-b19b60a95563,205385119,2006
2006-11-22,2006_11_22_DMLST.tif,13933572-eadb-41d4-b484-cd4c26f29774,206261020,2006
2006-11-23,2006_11_23_DMLST.tif,d41dc27a-77db-4601-be92-ff7a341a2098,205806568,2006
2006-11-24,2006_11_24_DMLST.tif,39deb4c7-5236-4087-80a2-69ef8e3fa1e0,204560985,2006
2006-11-25,2006_11_25_DMLST.tif,170281be-047e-4a38-839d-c461e5042c75,203994910,2006
2006-11-26,2006_11_26_DMLST.tif,a6ab9951-e341-4db5-9e57-32469f9bff63,203844571,2006
2006-11-27,2006_11_27_DMLST.tif,535097a4-eca7-401b-bc70-0d0ba6246f3c,203970498,2006
2006-11-28,2006_11_28_DMLST.tif,2e17b951-299e-4101-866f-66edc7e61f2e,203885745,2006
2006-11-29,2006_11_29_DMLST.tif,282fefe8-3b8e-4382-84f8-93107622f540,203396775,2006
2006-11-30,2006_11_30_DMLST.tif,e362210f-f9c5-41b0-afc5-df7c8946b6d8,203737505,2006
2006-12-01,2006_12_01_DMLST.tif,f8f1138e-5140-4cc3-959c-4e4cab4d9a17,204476813,2006
2006-12-02,2006_12_02_DMLST.tif,2bdc4724-0dff-4dee-bc94-269c9a2f48b2,205050019,2006
2006-12-03,2006_12_03_DMLST.tif,f4417aa0-cc16-4011-8dda-fe7d0fcd6bf8,205642460,2006
2006-12-04,2006_12_04_DMLST.tif,f7c8028c-e576-480b-a7fb-0adbf796ee0e,205886438,2006
2006-12-05,2006_12_05_DMLST.tif,541c5196-4858-4ab3-b128-ec6f70c03cd4,206304260,2006
2006-12-06,2006_12_06_DMLST.tif,0b97a63c-a744-4be7-9956-90a3a9484124,206100376,2006
2006-12-07,2006_12_07_DMLST.tif,a4cbc4f8-9416-4249-89fb-a4202089a7fc,206392573,2006
2006-12-08,2006_12_08_DMLST.tif,0eef7f9d-8e1a-46fd-8052-ff391f87c44e,206788292,2006
2006-12-09,2006_12_09_DMLST.tif,c1e4ba54-968a-4243-b674-551753757298,206945356,2006
2006-12-10,2006_12_10_DMLST.tif,4c5a6c47-a54f-4464-a4c5-468bf44ebc00,206807952,2006
2006-12-11,2006_12_11_DMLST.tif,4e87550f-37d8-4170-a958-17dbf2d7275b,206557331,2006
2006-12-12,2006_12_12_DMLST.tif,eb75818b-e6d9-4536-ba24-2e3297dffdbb,206331931,2006
2006-12-13,2006_12_13_DMLST.tif,a7102c0c-31e2-4a98-a7f7-6a66eba3d54f,206284018,2006
2006-12-14,2006_12_14_DMLST.tif,dbb4c7f0-896b-4233-bdce-94853c92d5f1,205408206,2006
2006-12-15,2006_12_15_DMLST.tif,5fa95062-5ec3-4ac2-a30e-318c7575c466,205440969,2006
2006-12-16,2006_12_16_DMLST.tif,9553036b-5b31-4900-96df-7f14d4c7de35,205306387,2006
2006-12-17,2006_12_17_DMLST.tif,23627501-5b91-458e-bacb-11bfb87be35f,205560918,2006
2006-12-18,2006_12_18_DMLST.tif,e92ce448-795c-426e-add5-23f39be1a4b2,205368885,2006
2006-12-19,2006_12_19_DMLST.tif,45f416d7-605c-4c88-8acc-4349f101fbe2,205560073,2006
2006-12-20,2006_12_20_DMLST.tif,3095cfa4-ed02-4001-8a69-6017d6bf8901,206057633,2006
2006-12-21,2006_12_21_DMLST.tif,f8b0581a-38a6-4f09-872e-56a72b2aa963,206274835,2006
2006-12-22,2006_12_22_DMLST.tif,03a6c22c-89a1-49c8-af6b-4d3baf50004e,206091644,2006
2006-12-23,2006_12_23_DMLST.tif,6d57ed54-4886-4cba-b3d1-40369f43bbba,205934726,2006
2006-12-24,2006_12_24_DMLST.tif,111c5545-df32-4a46-8f65-e3d06b91aabf,205935966,2006
2006-12-25,2006_12_25_DMLST.tif,c93cd18d-afa8-418a-a3be-5a0dc507568b,206000251,2006
2006-12-26,2006_12_26_DMLST.tif,8d5a8dd7-9f18-4281-b008-212902565976,205958055,2006
2006-12-27,2006_12_27_DMLST.tif,8e13e78f-42f3-4c2a-bce0-c5428920dc96,205615872,2006
2006-12-28,2006_12_28_DMLST.tif,8ebd65a7-f61b-472c-809b-b468dd0620ad,205501963,2006
2006-12-29,2006_12_29_DMLST.tif,1869da88-0569-4748-a1e3-e2c94bae3668,205598368,2006
2006-12-30,2006_12_30_DMLST.tif,f3f9aa25-44c5-414d-a185-f3ad70272a96,205703026,2006
2006-12-31,2006_12_31_DMLST.tif,f8d99c3b-441b-479f-99ca-a4bf5a6e9eaa,205780386,2006
2007-01-01,2007_01_01_DMLST.tif,703f1f84-778a-4388-a91f-fc7c431bfe53,205203734,2007
2007-01-02,2007_01_02_DMLST.tif,6306ace4-e54d-4362-a193-c7d9a64f2e5e,205711598,2007
2007-01-03,2007_01_03_DMLST.tif,a636b7e0-bc2a-4a7d-90cd-b28747238c8b,206376047,2007
2007-01-04,2007_01_04_DMLST.tif,6fea210e-b7b3-4bd1-af6a-1c5bd42e1694,206499153,2007
2007-01-05,2007_01_05_DMLST.tif,adb5059b-eee5-4ced-9d94-e0167fd2f875,206141465,2007
2007-01-06,2007_01_06_DMLST.tif,09531904-c25d-4d60-adfe-96f8480ec095,205363321,2007
2007-01-07,2007_01_07_DMLST.tif,da7fd48d-571b-4621-906c-567ac10cc4d8,205031837,2007
2007-01-08,2007_01_08_DMLST.tif,ee6dec27-274b-4067-8e85-940a869a7a53,204857124,2007
2007-01-09,2007_01_09_DMLST.tif,73d9b869-1b0f-45dd-b66d-7a002eb446d2,204385282,2007
2007-01-10,2007_01_10_DMLST.tif,466f8322-e1b4-469a-abf4-e07bd2482721,204206336,2007
2007-01-11,2007_01_11_DMLST.tif,a4970df3-9ceb-4462-8582-9718f197b69d,204554755,2007
2007-01-12,2007_01_12_DMLST.tif,7d743470-12fa-464e-82fb-06b697f0a7d1,204759695,2007
2007-01-13,2007_01_13_DMLST.tif,753ac8c8-69f6-4309-a972-77d812545ab4,204739205,2007
2007-01-14,2007_01_14_DMLST.tif,71474634-5982-4da7-b5a3-0f182dc8889a,204174578,2007
2007-01-15,2007_01_15_DMLST.tif,ff43b11e-81a2-49ef-a9bb-27dae66bf68b,204191243,2007
2007-01-16,2007_01_16_DMLST.tif,facedeae-3a30-4495-a42d-f4f3c06552d9,204912978,2007
2007-01-17,2007_01_17_DMLST.tif,1a4e8e62-ffbe-48ee-a72d-43ec871805a6,204908695,2007
2007-01-18,2007_01_18_DMLST.tif,86117f32-a4d7-4cfe-afdd-9531839e0f4a,204934614,2007
2007-01-19,2007_01_19_DMLST.tif,49774d2b-cfc2-47cb-9820-a4eeeacce074,205102720,2007
2007-01-20,2007_01_20_DMLST.tif,b4ec0bf4-0f8d-4ce8-8dae-808000255086,205550336,2007
2007-01-21,2007_01_21_DMLST.tif,1c077638-3362-4a06-bd71-e84ced129d83,205836671,2007
2007-01-22,2007_01_22_DMLST.tif,fbed4ed4-45fa-4451-bd72-5715b707f654,205845400,2007
2007-01-23,2007_01_23_DMLST.tif,30c5c057-dab4-4da4-acda-656420519245,205480743,2007
2007-01-24,2007_01_24_DMLST.tif,f37be6ae-4f8f-45b8-aee9-629b78edb871,205354361,2007
2007-01-25,2007_01_25_DMLST.tif,4a9fba5f-43ce-450f-8bc2-d87c5f4f19f6,205540136,2007
2007-01-26,2007_01_26_DMLST.tif,193d3732-a749-42b8-a0ef-a293d3581740,205350742,2007
2007-01-27,2007_01_27_DMLST.tif,3d97b9ed-be69-4fca-8716-6f6630d59c60,205270477,2007
2007-01-28,2007_01_28_DMLST.tif,60a7aee7-90c9-4cf2-bea1-b3d3ba129ecb,205202152,2007
2007-01-29,2007_01_29_DMLST.tif,d8913618-5c41-4dc5-989c-a4d813648c68,204533587,2007
2007-01-30,2007_01_30_DMLST.tif,fe51e599-3c4b-4a1d-a146-ea126b8f49ee,203430303,2007
2007-01-31,2007_01_31_DMLST.tif,48734e21-d804-4b12-8da7-3b4c02946db5,203523024,2007
2007-02-01,2007_02_01_DMLST.tif,351db69c-f7bc-4a56-92aa-4c1f20d79995,203348628,2007
2007-02-02,2007_02_02_DMLST.tif,1b9f7a9a-c639-4270-bfc4-8b485515c829,203062851,2007
2007-02-03,2007_02_03_DMLST.tif,17670678-ef5a-40ba-8ac6-da4318d26e8d,202599552,2007
2007-02-04,2007_02_04_DMLST.tif,5cb2b5cf-5412-415b-8747-014558fe5874,202409296,2007
2007-02-05,2007_02_05_DMLST.tif,b4b4a6b9-d782-437d-b33d-4d858a5276b3,202554952,2007
2007-02-06,2007_02_06_DMLST.tif,6cbd31d6-fc5c-4b65-a72f-de9eea9de57c,202984106,2007
2007-02-07,2007_02_07_DMLST.tif,85769b2b-88b6-4ba1-a9e0-b4e9360d201a,202822263,2007
2007-02-08,2007_02_08_DMLST.tif,fb60bfec-cab0-4cbf-8ec2-6bae029da063,203049134,2007
2007-02-09,2007_02_09_DMLST.tif,9f105bc2-0011-4d7c-8dca-73db4ab15a99,202554624,2007
2007-02-10,2007_02_10_DMLST.tif,16aafe97-379f-40bf-9ecb-16870ac488ec,202478302,2007
2007-02-11,2007_02_11_DMLST.tif,c280f44a-25ea-40bb-a3ca-680b99ca5411,202326054,2007
2007-02-12,2007_02_12_DMLST.tif,f6fee184-8636-4e2f-a14e-7d419b42aa71,202116805,2007
2007-02-13,2007_02_13_DMLST.tif,14a4e25d-4481-41e5-9c38-adcf43a755f8,201652580,2007
2007-02-14,2007_02_14_DMLST.tif,711684c6-fd59-46c0-a7aa-aaea923b8448,201768761,2007
2007-02-15,2007_02_15_DMLST.tif,a78eff7a-259d-44e1-9735-11fb623044ae,199663097,2007
2007-02-16,2007_02_16_DMLST.tif,68385875-167f-4301-8f05-8a34dabed4e5,199413018,2007
2007-02-17,2007_02_17_DMLST.tif,3cdfcb07-7840-43e4-996e-98cd1c52b169,199359405,2007
2007-02-18,2007_02_18_DMLST.tif,d29a0d69-b26b-459b-aaa8-fc4222002665,199616409,2007
2007-02-19,2007_02_19_DMLST.tif,b5a75b7a-5a01-4929-9dc0-eb0886d6f0fd,199633228,2007
2007-02-20,2007_02_20_DMLST.tif,5b817325-1a09-4b83-990f-193b5f3ab252,199666232,2007
2007-02-21,2007_02_21_DMLST.tif,fc3a497a-3b80-49f2-99e1-efc3c099bc6c,199882679,2007
2007-02-22,2007_02_22_DMLST.tif,b03f3d08-6d29-43c1-b396-d54f8d10a053,199456634,2007
2007-02-23,2007_02_23_DMLST.tif,39673d40-091e-47e9-af4a-87b00360e09c,199670320,2007
2007-02-24,2007_02_24_DMLST.tif,2d50b399-b0b5-47d0-93d5-4c225b82c4a0,200021226,2007
2007-02-25,2007_02_25_DMLST.tif,9c07ea3f-2c45-4ed7-abd2-1e31330cddb5,200301143,2007
2007-02-26,2007_02_26_DMLST.tif,bb313144-9f6d-448b-aafb-2bda23e748ed,200487345,2007
2007-02-27,2007_02_27_DMLST.tif,59141156-de01-401d-8f80-1654e10f03e3,200939503,2007
2007-02-28,2007_02_28_DMLST.tif,900365a4-c46d-418a-95cc-558402ea0508,200904144,2007
2007-03-01,2007_03_01_DMLST.tif,39580e81-324e-4b9e-8d4a-43b180faca51,200887655,2007
2007-03-02,2007_03_02_DMLST.tif,a57f692c-7e73-4ca8-abc2-798f415ba9b3,200356226,2007
2007-03-03,2007_03_03_DMLST.tif,7a12e6d7-27a8-45d3-9c7d-ba05225040f9,199645692,2007
2007-03-04,2007_03_04_DMLST.tif,1e847958-cf55-459b-bc6f-7036b82fee89,199441657,2007
2007-03-05,2007_03_05_DMLST.tif,f068788f-4ece-4444-95ba-350ba0257984,199515503,2007
2007-03-06,2007_03_06_DMLST.tif,7b45d6a4-8fd7-4406-8c0a-08c991df4844,200199569,2007
2007-03-07,2007_03_07_DMLST.tif,86f3bd9e-3445-4eb7-9e90-a33dc470ea82,201072196,2007
2007-03-08,2007_03_08_DMLST.tif,dd251e91-aed3-449e-8ab3-25c0096253cb,201511552,2007
2007-03-09,2007_03_09_DMLST.tif,2da10c71-fd7c-40f0-b022-1897277896d5,201597794,2007
2007-03-10,2007_03_10_DMLST.tif,f3f1f9f0-2581-4190-bef5-7b246b7a5376,201917418,2007
2007-03-11,2007_03_11_DMLST.tif,f89eb29f-37cf-43f1-b12e-186ae7d72869,203005717,2007
2007-03-12,2007_03_12_DMLST.tif,8d601376-9f53-4af7-a878-0eaa4643ab75,203066115,2007
2007-03-13,2007_03_13_DMLST.tif,ca803fad-d9d0-49e9-926e-9d270df8795e,202801554,2007
2007-03-14,2007_03_14_DMLST.tif,7254c6c8-bc0e-459f-bcd7-57e7ac1045f9,202806170,2007
2007-03-15,2007_03_15_DMLST.tif,d961b121-9d5e-445c-8021-828ddc733f5c,203108661,2007
2007-03-16,2007_03_16_DMLST.tif,a34e24c6-316b-4b14-9009-9429446d21ba,203850712,2007
2007-03-17,2007_03_17_DMLST.tif,c515fb3a-51d1-4252-b29d-a48b504feeef,204428638,2007
2007-03-18,2007_03_18_DMLST.tif,e6bd529a-347d-442f-9711-2585eb0b383e,204963877,2007
2007-03-19,2007_03_19_DMLST.tif,70bef3be-5b1e-4dc1-b867-a0b91b98c85e,203840114,2007
2007-03-20,2007_03_20_DMLST.tif,a3da8e31-c16b-43bf-b828-1b894fdbaf96,203598391,2007
2007-03-21,2007_03_21_DMLST.tif,402d89b9-45fb-4196-b853-703a05048737,203893142,2007
2007-03-22,2007_03_22_DMLST.tif,8e77fdc7-c95f-4358-bb67-6be6db5f987e,204157962,2007
2007-03-23,2007_03_23_DMLST.tif,230f8488-dd6e-48c3-b0c6-436498c505bc,203750080,2007
2007-03-24,2007_03_24_DMLST.tif,11dd7efe-ef4b-4729-a6d4-ef79d8b22fe9,203722680,2007
2007-03-25,2007_03_25_DMLST.tif,4147ca31-7f15-441e-ac1a-a93498fb40db,203441320,2007
2007-03-26,2007_03_26_DMLST.tif,1aac79e9-db9c-490a-b22e-30d60cd01350,203629816,2007
2007-03-27,2007_03_27_DMLST.tif,4da7d0ea-c9a2-4ee8-8177-cf61782dfe69,204888598,2007
2007-03-28,2007_03_28_DMLST.tif,9d0af54d-b5ce-429e-b24c-c21944bed698,204752249,2007
2007-03-29,2007_03_29_DMLST.tif,e477ddab-80de-40c5-84b4-7333af1331bc,204914969,2007
2007-03-30,2007_03_30_DMLST.tif,4d356979-e1ed-434f-a5fe-0af15efca808,204728901,2007
2007-03-31,2007_03_31_DMLST.tif,0b074163-6a8e-4ee8-8378-8ee54f27b74e,204806063,2007
2007-04-01,2007_04_01_DMLST.tif,64c734b2-9e55-417c-b50b-30305ef9b0b7,204303727,2007
2007-04-02,2007_04_02_DMLST.tif,f4a7be84-9276-4497-9a27-d0a0f2b67106,204218771,2007
2007-04-03,2007_04_03_DMLST.tif,9f9773d0-c906-4a6a-9f85-d57f61f372f0,204356297,2007
2007-04-04,2007_04_04_DMLST.tif,66901950-54d1-4b55-b245-7fd757580a5b,204128731,2007
2007-04-05,2007_04_05_DMLST.tif,3dfc3338-87df-4c43-b356-2b08b63bb73b,204284052,2007
2007-04-06,2007_04_06_DMLST.tif,1486db0e-c238-4dbe-b26a-68e2993a9c39,204319513,2007
2007-04-07,2007_04_07_DMLST.tif,f170ab41-9f3a-4cf2-91e8-cc8e04d4c232,204497191,2007
2007-04-08,2007_04_08_DMLST.tif,9a1a3001-6987-4610-bd79-957d76b60e0e,204790822,2007
2007-04-09,2007_04_09_DMLST.tif,4c6f5dd0-c4e2-41e5-bc71-2231e8188306,204640175,2007
2007-04-10,2007_04_10_DMLST.tif,de3f6c36-5c07-474d-bdfc-069b1d0ad2b6,204706403,2007
2007-04-11,2007_04_11_DMLST.tif,7dda5ce6-cfdc-4786-b389-d3465db4f280,204631093,2007
2007-04-12,2007_04_12_DMLST.tif,ebe4bf63-ce5a-4871-89a9-ec1fd610cb73,205996473,2007
2007-04-13,2007_04_13_DMLST.tif,59fa0e96-65d7-4893-b876-1de9bc2880f5,206460810,2007
2007-04-14,2007_04_14_DMLST.tif,98490d0b-22e4-417f-a561-3abe38faaaa6,206684202,2007
2007-04-15,2007_04_15_DMLST.tif,bb4e0aaa-8ddd-466c-acf5-f93bd6c29e24,206507740,2007
2007-04-16,2007_04_16_DMLST.tif,7075d53f-00f9-4463-8fba-11cbee4aeed1,206385765,2007
2007-04-17,2007_04_17_DMLST.tif,33f215ba-ac51-4c17-bc7d-5656b41c2965,206352852,2007
2007-04-18,2007_04_18_DMLST.tif,de70a28c-16c5-4808-81b7-9ee42adaf9b1,206227079,2007
2007-04-19,2007_04_19_DMLST.tif,f4b7a4be-a269-4a2a-a780-c7996ed815aa,206044818,2007
2007-04-20,2007_04_20_DMLST.tif,fed7b4b0-d75e-4d72-8cb5-0836de570d5c,204919398,2007
2007-04-21,2007_04_21_DMLST.tif,0feeb30a-7b61-45f7-a98b-498815cded6d,204729269,2007
2007-04-22,2007_04_22_DMLST.tif,be1027f8-dc2d-4828-af26-3352c65c3ca2,204568850,2007
2007-04-23,2007_04_23_DMLST.tif,22053129-7c3a-4a83-8822-dfba4ec86315,204459750,2007
2007-04-24,2007_04_24_DMLST.tif,106a5f3f-2c75-4de4-a7b4-b3ee5ea5b9d0,204788812,2007
2007-04-25,2007_04_25_DMLST.tif,09cc68a9-4e06-4e23-9f29-93694a89ad57,205132625,2007
2007-04-26,2007_04_26_DMLST.tif,698402a4-f82b-4d97-8474-368b24a7cfdd,205553370,2007
2007-04-27,2007_04_27_DMLST.tif,0c7ceb93-f9bd-4da2-aec8-629d2f08c8eb,205541906,2007
2007-04-28,2007_04_28_DMLST.tif,78497664-e53e-49e7-8cab-3bb9ace8b0d7,205006745,2007
2007-04-29,2007_04_29_DMLST.tif,5775dcbc-ce0f-42bf-b061-dd45df0c6e2c,204720379,2007
2007-04-30,2007_04_30_DMLST.tif,e08b1e64-601d-4989-b29b-33b9e32d5475,204488485,2007
2007-05-01,2007_05_01_DMLST.tif,b2badabb-bdab-4f28-9a2a-ec42a1a3f467,204194455,2007
2007-05-02,2007_05_02_DMLST.tif,a1277483-7db5-4423-bd03-ce95a1b7d87d,204008430,2007
2007-05-03,2007_05_03_DMLST.tif,0647901a-c1b8-4a0a-92c4-db6b3935e934,204064313,2007
2007-05-04,2007_05_04_DMLST.tif,4ca7513d-b40f-4a5a-ac63-86ef7a209b8b,204396865,2007
2007-05-05,2007_05_05_DMLST.tif,51f54c71-a5b9-491b-bb8c-59e528e0d7d3,204527129,2007
2007-05-06,2007_05_06_DMLST.tif,87f508cd-bc49-4bcb-8581-ab0c52befcef,204288573,2007
2007-05-07,2007_05_07_DMLST.tif,13cc7bcf-6103-413f-93cf-31ee27aefdcf,204555510,2007
2007-05-08,2007_05_08_DMLST.tif,12d7f46a-0754-4ddb-8b2f-20bfb39f3fc8,204859249,2007
2007-05-09,2007_05_09_DMLST.tif,9422d56f-4085-4dc4-8a82-b3e1f0a9615d,204855825,2007
2007-05-10,2007_05_10_DMLST.tif,c16c1d84-42f7-4018-ae96-1dba76963ade,205052210,2007
2007-05-11,2007_05_11_DMLST.tif,da9ab08d-8546-4954-9e3b-8dc7e133d9ce,204752653,2007
2007-05-12,2007_05_12_DMLST.tif,940aab6e-e3b5-415a-ba6e-fb20c5c0789d,204419071,2007
2007-05-13,2007_05_13_DMLST.tif,94b22894-d16a-4627-a30c-f6efac1464db,204274380,2007
2007-05-14,2007_05_14_DMLST.tif,bc2ce622-ac70-4b99-b05e-1bd522edb0e1,205028358,2007
2007-05-15,2007_05_15_DMLST.tif,72dcd3f5-12bf-4187-9d63-091e9de04539,205343843,2007
2007-05-16,2007_05_16_DMLST.tif,997d8efc-3dde-49a2-a862-9185f2a2e3b3,205818766,2007
2007-05-17,2007_05_17_DMLST.tif,a5f18434-6dd9-42a7-98a1-314d883e3aee,205785459,2007
2007-05-18,2007_05_18_DMLST.tif,87c5dee5-1c31-4e15-8b4a-75a4f1a50572,205280481,2007
2007-05-19,2007_05_19_DMLST.tif,ca0121c0-651c-4582-ba00-39c15eb679a4,205377473,2007
2007-05-20,2007_05_20_DMLST.tif,104cc5bb-dc1a-4797-8323-f9186f039df9,205591995,2007
2007-05-21,2007_05_21_DMLST.tif,5c4ed98b-babc-41a1-bfcd-c92089a49b1d,205839879,2007
2007-05-22,2007_05_22_DMLST.tif,df3c36d4-36bd-4430-90ca-e6a577cabf14,205896388,2007
2007-05-23,2007_05_23_DMLST.tif,f170ee7b-c1c0-46ea-a696-809dfb7971f7,206178456,2007
2007-05-24,2007_05_24_DMLST.tif,1e676475-83f1-4208-8c09-bd4c64d01a5e,206230768,2007
2007-05-25,2007_05_25_DMLST.tif,539f7b00-e4d5-4827-86e4-e6c8bd9b6f24,205863371,2007
2007-05-26,2007_05_26_DMLST.tif,ad3b9699-a217-45af-8b65-4d71bb454164,205487425,2007
2007-05-27,2007_05_27_DMLST.tif,8071994d-94b4-4091-98ea-ff0e9489ea95,205391872,2007
2007-05-28,2007_05_28_DMLST.tif,4e9a3a88-4630-48b0-94d1-f4a51bd7d396,205456828,2007
2007-05-29,2007_05_29_DMLST.tif,41f98085-7ab7-438d-a705-71155ece883c,205755822,2007
2007-05-30,2007_05_30_DMLST.tif,a261a768-9319-4bbd-9699-8ca526dd1ff3,206393975,2007
2007-05-31,2007_05_31_DMLST.tif,494282c9-781e-48c5-bccb-f8dd9a78345b,206060028,2007
2007-06-01,2007_06_01_DMLST.tif,6e0cccbd-2d6c-431c-ab83-599761a26687,205478224,2007
2007-06-02,2007_06_02_DMLST.tif,d9db8fff-60ee-4d3b-ac28-99d44767c36b,205366259,2007
2007-06-03,2007_06_03_DMLST.tif,1d8b03a9-15df-4539-96ae-b9999b0cb9c8,205611676,2007
2007-06-04,2007_06_04_DMLST.tif,7dd574c9-6314-48b8-9655-ae396e4c4e23,206096205,2007
2007-06-05,2007_06_05_DMLST.tif,c0af1d81-d7ec-4134-8e2e-92258069e367,205826570,2007
2007-06-06,2007_06_06_DMLST.tif,33a09bde-2e53-4b92-92ea-ab0c4d469859,205770319,2007
2007-06-07,2007_06_07_DMLST.tif,ec790e63-eea5-42e8-8529-ad90f016a21b,204902724,2007
2007-06-08,2007_06_08_DMLST.tif,186aa589-c237-43bf-83ad-77ef94967841,205085353,2007
2007-06-09,2007_06_09_DMLST.tif,0ef94890-000a-4d3a-a608-09850bce9bdc,204744042,2007
2007-06-10,2007_06_10_DMLST.tif,cf32fc8a-a386-4da4-a328-dcabe9330ae6,204343465,2007
2007-06-11,2007_06_11_DMLST.tif,67523ad8-e0d8-4efa-8d96-7937161368c4,204199175,2007
2007-06-12,2007_06_12_DMLST.tif,f1abbefe-b97b-4a26-93ec-1dbf567b04e2,204048187,2007
2007-06-13,2007_06_13_DMLST.tif,099aac9f-c8bb-4672-84c6-5ddfd17eb673,204115112,2007
2007-06-14,2007_06_14_DMLST.tif,309e3cac-9974-41f0-a534-4ab8022bdb87,204240341,2007
2007-06-15,2007_06_15_DMLST.tif,ed45be53-9ded-470e-b583-9526b1c19d9a,205022602,2007
2007-06-16,2007_06_16_DMLST.tif,7fb2b862-a9b0-44f6-b019-0fe39e8905c1,205124473,2007
2007-06-17,2007_06_17_DMLST.tif,58d191c8-a437-4e86-bbcd-47c51d3e18b6,205029083,2007
2007-06-18,2007_06_18_DMLST.tif,ab28b463-143b-4df6-a641-82741a8eef03,204951878,2007
2007-06-19,2007_06_19_DMLST.tif,20b7b728-b4d1-4b64-8970-fc0c2775d7ef,204918250,2007
2007-06-20,2007_06_20_DMLST.tif,b498edf8-5edb-4ce4-976a-ee40e52284de,204843579,2007
2007-06-21,2007_06_21_DMLST.tif,ff306a66-a624-4e59-832a-bd1e74cf52b1,204817800,2007
2007-06-22,2007_06_22_DMLST.tif,3ab41b65-741f-46f6-84be-01fd6a0f4de8,204834728,2007
2007-06-23,2007_06_23_DMLST.tif,fb0b9721-d291-4a4e-8ced-1bcf998dbd2a,203660158,2007
2007-06-24,2007_06_24_DMLST.tif,450b0ae1-7f97-42c3-8783-77af6d60f559,203251680,2007
2007-06-25,2007_06_25_DMLST.tif,2d29f22c-7ca1-4f86-a553-2a226bfeda62,202995059,2007
2007-06-26,2007_06_26_DMLST.tif,ad3b11e5-e994-4644-88a0-25fab3c65a4a,203356379,2007
2007-06-27,2007_06_27_DMLST.tif,cc0673e1-ed48-4cee-911e-865ee8b5711b,203763461,2007
2007-06-28,2007_06_28_DMLST.tif,d3e8dcec-786e-406b-ae38-2d3e9a7fec54,203838171,2007
2007-06-29,2007_06_29_DMLST.tif,fd4c1c80-aa56-4679-8aad-11fd2bd5e083,203547706,2007
2007-06-30,2007_06_30_DMLST.tif,1fce484f-b1da-4f56-a2de-2249fb07fe2b,203354477,2007
2007-07-01,2007_07_01_DMLST.tif,c8796277-1609-44ec-b925-0541a770267a,203972620,2007
2007-07-02,2007_07_02_DMLST.tif,43e8d6fc-04ab-4f1d-87f0-2716589b63d2,204296492,2007
2007-07-03,2007_07_03_DMLST.tif,2439a575-a93f-482e-8da9-3cccea6e2dff,204413013,2007
2007-07-04,2007_07_04_DMLST.tif,e6ae4774-55b8-4efe-a94b-62e961571cf3,204526299,2007
2007-07-05,2007_07_05_DMLST.tif,59a082c8-67fc-4852-87f9-fe27514cc4ad,204739816,2007
2007-07-06,2007_07_06_DMLST.tif,db04990f-c814-4677-ae0b-c8d290fcaf47,204661583,2007
2007-07-07,2007_07_07_DMLST.tif,fc4278e2-0022-4bc2-bf27-45b5b0a2c448,204203946,2007
2007-07-08,2007_07_08_DMLST.tif,94510ca8-25f2-4595-81d3-6cb14131b82c,203987888,2007
2007-07-09,2007_07_09_DMLST.tif,ffdab8ca-c1da-471f-8e53-bf8a22d0e641,203212157,2007
2007-07-10,2007_07_10_DMLST.tif,00de4f1d-1094-4df9-b3df-35fcd28ff221,203466569,2007
2007-07-11,2007_07_11_DMLST.tif,98fc3456-3d51-4708-a1c1-f23b281be8e4,203648540,2007
2007-07-12,2007_07_12_DMLST.tif,8536d4fc-3040-4fdf-b2aa-2d4b719e8340,203498636,2007
2007-07-13,2007_07_13_DMLST.tif,891b2571-4fe0-43b5-8a44-d5926feca608,203404660,2007
2007-07-14,2007_07_14_DMLST.tif,38be8238-9f9b-402f-b89f-9161cedde12c,203566430,2007
2007-07-15,2007_07_15_DMLST.tif,98012231-7301-4984-9ecc-13c6908f05ce,203570715,2007
2007-07-16,2007_07_16_DMLST.tif,f9b7085b-71ff-4012-b9c8-04a61bd6a575,203760287,2007
2007-07-17,2007_07_17_DMLST.tif,fa7dc075-587f-46ac-98a3-2af6460d3a43,204712055,2007
2007-07-18,2007_07_18_DMLST.tif,adfd9c0b-40c3-4873-aafa-22687b77980b,204725875,2007
2007-07-19,2007_07_19_DMLST.tif,25648f5b-0615-411e-935a-934d23b3b904,204739164,2007
2007-07-20,2007_07_20_DMLST.tif,12aee20d-dd81-4d1b-9cb8-8209e18decc7,204439874,2007
2007-07-21,2007_07_21_DMLST.tif,03b508c3-239e-44c7-9ace-7c10874d1e5a,203981789,2007
2007-07-22,2007_07_22_DMLST.tif,b5bc3f6f-62ed-4272-bd83-69a995083374,203737367,2007
2007-07-23,2007_07_23_DMLST.tif,cbbca3be-9ad5-4961-ace0-1edd06435094,203313818,2007
2007-07-24,2007_07_24_DMLST.tif,b731a1c1-a770-4130-bb3a-c00220d56489,203117297,2007
2007-07-25,2007_07_25_DMLST.tif,1302e16c-a13e-4843-afa1-a059117c7d7b,202187001,2007
2007-07-26,2007_07_26_DMLST.tif,7e6d6f45-e504-4795-b060-2a2868d3c897,202546308,2007
2007-07-27,2007_07_27_DMLST.tif,0fe71866-2c48-4a7f-8762-6e851dbe2cb8,202402351,2007
2007-07-28,2007_07_28_DMLST.tif,da9e040a-1096-4334-b6d5-973ab347d13e,202396305,2007
2007-07-29,2007_07_29_DMLST.tif,9adc5af7-7339-408c-9a62-1a461efd07b7,202490925,2007
2007-07-30,2007_07_30_DMLST.tif,5c64441d-2999-4233-94e9-a7444cbe496d,202380778,2007
2007-07-31,2007_07_31_DMLST.tif,31b63bf5-b455-4089-82cf-270f6c4f0728,201755233,2007
2007-08-01,2007_08_01_DMLST.tif,f152b347-aab2-41ec-8634-a47ccd3aea7e,201401629,2007
2007-08-02,2007_08_02_DMLST.tif,64cd429e-56c9-407b-96b8-585fa35c0a11,202818938,2007
2007-08-03,2007_08_03_DMLST.tif,edd3504b-7fc7-4597-ac1c-e6c7a152f88b,203127654,2007
2007-08-04,2007_08_04_DMLST.tif,9d0ba3ea-20db-4645-908b-5cc72aba2545,203279831,2007
2007-08-05,2007_08_05_DMLST.tif,356c8d71-a9da-4329-ae32-2d3aac129303,203565477,2007
2007-08-06,2007_08_06_DMLST.tif,0796a615-1624-41a2-8f83-fabaad9c3a0a,203163323,2007
2007-08-07,2007_08_07_DMLST.tif,48f83083-5180-4e49-96d4-baeb8535f915,202752530,2007
2007-08-08,2007_08_08_DMLST.tif,f4fce49b-41e5-4077-b741-a3190c0a6669,202060568,2007
2007-08-09,2007_08_09_DMLST.tif,8072f5a3-fe4b-455b-a159-177effb7e075,202240532,2007
2007-08-10,2007_08_10_DMLST.tif,6e4d32e4-1ea2-4656-bec5-ed5305c4594f,201474263,2007
2007-08-11,2007_08_11_DMLST.tif,1dabdd9b-ff7a-458e-bbbb-b3c98b062189,201528489,2007
2007-08-12,2007_08_12_DMLST.tif,946d0011-ca95-47d1-9012-198d1e63fd1c,201281190,2007
2007-08-13,2007_08_13_DMLST.tif,a359d5bb-284c-40f4-8edc-a77e895daf3f,201183215,2007
2007-08-14,2007_08_14_DMLST.tif,bddd5695-5def-4e7e-944b-245a8b8a7034,201140145,2007
2007-08-15,2007_08_15_DMLST.tif,2d125218-8b77-4dc1-ac43-891d08c6d637,201610990,2007
2007-08-16,2007_08_16_DMLST.tif,a3b4401d-4037-4eb0-bd48-5e80d7197f1e,201892515,2007
2007-08-17,2007_08_17_DMLST.tif,a65fb6df-8433-41ec-a2d3-6495dd220228,202021401,2007
2007-08-18,2007_08_18_DMLST.tif,bead4c45-e3e6-42ea-8474-a57f2e563ea6,203861948,2007
2007-08-19,2007_08_19_DMLST.tif,a8cf797f-dbdb-4325-aa5e-dd00d7e8cf30,203807811,2007
2007-08-20,2007_08_20_DMLST.tif,04de4846-7d46-4b41-90fa-e570cc43770e,203484118,2007
2007-08-21,2007_08_21_DMLST.tif,ce46b1f6-8537-4f46-90b1-3d2e23385374,203085685,2007
2007-08-22,2007_08_22_DMLST.tif,f11956d5-7b3e-4d4f-8738-a51ced4ba9c6,202623945,2007
2007-08-23,2007_08_23_DMLST.tif,2d5c0e1b-5607-44e3-afbf-8a7a7e238276,202674237,2007
2007-08-24,2007_08_24_DMLST.tif,75b61385-63a6-4d73-b4c2-e2586878aeef,202400870,2007
2007-08-25,2007_08_25_DMLST.tif,3d205e4d-9827-4b7a-b7e4-caf5ef449ef1,202202410,2007
2007-08-26,2007_08_26_DMLST.tif,b2079cfb-4913-44b0-a786-b6c98af7b09c,201372659,2007
2007-08-27,2007_08_27_DMLST.tif,f0ffd363-9189-4b0c-8337-72537fb03dff,201970739,2007
2007-08-28,2007_08_28_DMLST.tif,808a6a16-e250-4106-b081-f3f240ef96eb,201979336,2007
2007-08-29,2007_08_29_DMLST.tif,917875b0-f9e8-44f5-9ea7-f898dbee9fe0,201441167,2007
2007-08-30,2007_08_30_DMLST.tif,a6585392-f85c-46bf-bb21-aa69adba3aa6,201702986,2007
2007-08-31,2007_08_31_DMLST.tif,00578361-b3d9-475e-a8b8-033a38ad4d88,201887692,2007
2007-09-01,2007_09_01_DMLST.tif,fb728bb9-f697-4787-8e2c-6eb4e7198d24,201419735,2007
2007-09-02,2007_09_02_DMLST.tif,1de96b9a-35c6-493b-8a38-7bcbad98cd51,201360426,2007
2007-09-03,2007_09_03_DMLST.tif,f20123a7-2f6f-415c-afc4-e1718f5a8cf9,202455507,2007
2007-09-04,2007_09_04_DMLST.tif,187cdd75-1dc4-4132-97d4-4dc597a6da42,202737463,2007
2007-09-05,2007_09_05_DMLST.tif,f1e961dc-ae4c-4b8a-9964-7648ba9b7ab8,203090907,2007
2007-09-06,2007_09_06_DMLST.tif,cd6b1eef-c965-4d36-a58f-6d5e86cc8164,203345465,2007
2007-09-07,2007_09_07_DMLST.tif,639c7463-a413-435b-9bb7-25672c3c77b9,203682141,2007
2007-09-08,2007_09_08_DMLST.tif,c385b5b1-8a1c-46af-b4d3-324145389d37,203816673,2007
2007-09-09,2007_09_09_DMLST.tif,0b22f457-1f4e-4371-9f49-34096efad58d,203931268,2007
2007-09-10,2007_09_10_DMLST.tif,706d05f3-99fa-4766-8ddd-4bb99fad5571,203618671,2007
2007-09-11,2007_09_11_DMLST.tif,8daa657b-b5c2-4616-bfa3-faed4703347c,202385317,2007
2007-09-12,2007_09_12_DMLST.tif,92c1db66-b869-499f-96b8-f34e729e4654,202599995,2007
2007-09-13,2007_09_13_DMLST.tif,f7d50efa-96b8-4ea2-bb3b-9bb68cd2d41f,202860967,2007
2007-09-14,2007_09_14_DMLST.tif,10429b74-2466-4561-ace3-c1783d53f1f4,202771222,2007
2007-09-15,2007_09_15_DMLST.tif,e868c808-e054-40e1-a875-6b9a547a89c4,202392802,2007
2007-09-16,2007_09_16_DMLST.tif,e6fc87b4-d593-44ae-94d2-1ae04f4e1e19,202558687,2007
2007-09-17,2007_09_17_DMLST.tif,7cd1d201-4518-46e9-9ac4-a326a3e93a47,202846331,2007
2007-09-18,2007_09_18_DMLST.tif,4a944a2d-1131-4ee1-8f5e-e303be2ad55e,202606810,2007
2007-09-19,2007_09_19_DMLST.tif,325d3bb5-3b87-4f47-8017-ebaa9cb7aab0,204150180,2007
2007-09-20,2007_09_20_DMLST.tif,b8cb9933-052f-4a2d-ba9f-100ce3cfe5b2,204255066,2007
2007-09-21,2007_09_21_DMLST.tif,a4f4b77b-da56-4bbe-9fab-1fca180daf3a,204137151,2007
2007-09-22,2007_09_22_DMLST.tif,99e4ef85-68f4-429e-93af-e35801a7be62,204465561,2007
2007-09-23,2007_09_23_DMLST.tif,bb8be79f-7c2c-4700-97f4-fdfadd2f434b,204720162,2007
2007-09-24,2007_09_24_DMLST.tif,0f8d9c6b-43c7-452b-95e7-33ec56058c98,205050057,2007
2007-09-25,2007_09_25_DMLST.tif,6c2206fe-01e0-480d-b639-2e760b3c76ec,205583806,2007
2007-09-26,2007_09_26_DMLST.tif,0e3c7f0a-bab9-4226-9a1c-72e08e9b2e66,205037673,2007
2007-09-27,2007_09_27_DMLST.tif,00e38b3a-1da7-4641-b4f7-0176376314f3,204810664,2007
2007-09-28,2007_09_28_DMLST.tif,edf689cf-bcdd-43b3-86a3-345dba279555,204434524,2007
2007-09-29,2007_09_29_DMLST.tif,ac68e810-96a9-46f4-9a25-fdf82168a91f,204303358,2007
2007-09-30,2007_09_30_DMLST.tif,4dad6fb6-9b63-4f07-9724-e5c3ab2f09e9,204439415,2007
2007-10-01,2007_10_01_DMLST.tif,ecf91969-ba7f-491a-8f19-fa505ca9fc8f,204688426,2007
2007-10-02,2007_10_02_DMLST.tif,1e89f7e3-0160-4855-a463-1fed78650643,204666280,2007
2007-10-03,2007_10_03_DMLST.tif,e025ef36-4637-4596-b6ec-37509b390239,204926315,2007
2007-10-04,2007_10_04_DMLST.tif,65fa6c23-a91e-4f2c-b2c5-ab909240407c,205246952,2007
2007-10-05,2007_10_05_DMLST.tif,b7a750ee-197a-4ba1-be6e-5ab7b879c582,206805852,2007
2007-10-06,2007_10_06_DMLST.tif,26590138-37b9-4e53-8a83-ce029d071299,206843805,2007
2007-10-07,2007_10_07_DMLST.tif,1b7840c5-2aab-4829-bf24-95c067005f61,206964258,2007
2007-10-08,2007_10_08_DMLST.tif,23ba971d-8cf8-4fa3-ba16-ebb6ff0535ae,207426179,2007
2007-10-09,2007_10_09_DMLST.tif,71e4ccba-cc69-4d38-a78e-3209fe304c23,207239371,2007
2007-10-10,2007_10_10_DMLST.tif,08f726e9-f5d6-4b5f-b741-11ced69a1e08,206938917,2007
2007-10-11,2007_10_11_DMLST.tif,16beb84c-1e96-444c-bcf6-ef6701fb4cae,206458810,2007
2007-10-12,2007_10_12_DMLST.tif,9f54aae7-1253-4cdf-8b6c-104778cebf6f,206428485,2007
2007-10-13,2007_10_13_DMLST.tif,3ca8b23c-a9b6-4e3d-b448-119446ef6840,206445241,2007
2007-10-14,2007_10_14_DMLST.tif,b1ba163c-3a21-42db-a666-480c5d74174d,206739923,2007
2007-10-15,2007_10_15_DMLST.tif,fe1a5d6e-07a3-4f47-97dd-876965b345a8,206802568,2007
2007-10-16,2007_10_16_DMLST.tif,4a989b4c-c839-4364-9bff-302facb5c1a4,206510026,2007
2007-10-17,2007_10_17_DMLST.tif,3053f4b6-6356-4c11-b277-2b6946ad951b,206457201,2007
2007-10-18,2007_10_18_DMLST.tif,143442d8-8dde-4bf6-9826-62f576d421e3,206378761,2007
2007-10-19,2007_10_19_DMLST.tif,37a02ce8-dbfb-407e-917e-7941e28e259f,206642073,2007
2007-10-20,2007_10_20_DMLST.tif,e7533067-d5a6-47ca-9872-c134fc5bc753,206950856,2007
2007-10-21,2007_10_21_DMLST.tif,a528958e-7bff-411b-b469-502e5f1a122e,207888700,2007
2007-10-22,2007_10_22_DMLST.tif,dad8a7c6-0e47-486a-9b57-a3eef3180349,207910068,2007
2007-10-23,2007_10_23_DMLST.tif,9c97e3f5-8917-4fe9-b9f9-5e8c294b462a,207974899,2007
2007-10-24,2007_10_24_DMLST.tif,8fbf45f4-fd46-426f-9d00-3af38f310187,207853005,2007
2007-10-25,2007_10_25_DMLST.tif,d856f9de-8335-4541-9bd0-4d33a31832c6,207614040,2007
2007-10-26,2007_10_26_DMLST.tif,da75cdd9-ba12-4171-b02d-cf05a4729df5,207476449,2007
2007-10-27,2007_10_27_DMLST.tif,4b598047-030a-460f-9088-c799febe96a9,206719656,2007
2007-10-28,2007_10_28_DMLST.tif,95277eeb-c5ba-4feb-a1ed-703122d9473c,207131766,2007
2007-10-29,2007_10_29_DMLST.tif,a244c70a-39bf-4cdd-9d5c-6812f3d2278e,206891023,2007
2007-10-30,2007_10_30_DMLST.tif,fad1fdf1-6145-4117-bf2a-071b7d59ed90,206924877,2007
2007-10-31,2007_10_31_DMLST.tif,ae9fa080-168f-4207-bcbf-340152a09031,206563274,2007
2007-11-01,2007_11_01_DMLST.tif,f1e46960-fba4-48f6-92b3-07da544bf129,206663977,2007
2007-11-02,2007_11_02_DMLST.tif,2a0aede2-c982-4504-bc54-293a0a5896e0,206656095,2007
2007-11-03,2007_11_03_DMLST.tif,056f3c95-cff2-4492-81d4-08c02c9bf0fc,207049765,2007
2007-11-04,2007_11_04_DMLST.tif,20173e2a-8b45-4a22-8a03-b1a8430a25e7,207177675,2007
2007-11-05,2007_11_05_DMLST.tif,e555c128-e1f7-491f-959f-eb05f3a65333,206562294,2007
2007-11-06,2007_11_06_DMLST.tif,b49efcbe-efce-45a9-af80-519f1a2ba896,207153806,2007
2007-11-07,2007_11_07_DMLST.tif,7747a4d3-d7e8-4d42-9e18-ae1c4d84465e,207359124,2007
2007-11-08,2007_11_08_DMLST.tif,4085b01d-97c2-4506-9653-4df9596dd629,207025464,2007
2007-11-09,2007_11_09_DMLST.tif,6e64ef8e-5837-4e37-8649-e3e6cba6c569,206472204,2007
2007-11-10,2007_11_10_DMLST.tif,96630d8a-cb0e-437d-b85c-2a8a6a37c460,206349981,2007
2007-11-11,2007_11_11_DMLST.tif,f0977f58-8761-491d-8ecd-123f67fdf153,206209975,2007
2007-11-12,2007_11_12_DMLST.tif,a3a41238-3cc4-47c2-a2d2-38eb61795f12,206020739,2007
2007-11-13,2007_11_13_DMLST.tif,a085fd27-2f1b-40b1-bc19-5b3ad1cb8fe3,205773004,2007
2007-11-14,2007_11_14_DMLST.tif,3111015f-2ac1-433a-ad5a-e2bc0211b574,204465618,2007
2007-11-15,2007_11_15_DMLST.tif,4b3f6759-c57d-42a8-b883-e5f15e2578a5,205214940,2007
2007-11-16,2007_11_16_DMLST.tif,a3febd2f-4a2f-4533-a0d1-da1fc32eab61,205366779,2007
2007-11-17,2007_11_17_DMLST.tif,a1af15e6-875c-4642-b180-a4f4d0cd5cd5,204668676,2007
2007-11-18,2007_11_18_DMLST.tif,e77b25c5-82f6-49be-84cc-de6f554a6751,204441166,2007
2007-11-19,2007_11_19_DMLST.tif,c9e0c6c9-b301-487e-bf9e-4851d8eb3816,204525415,2007
2007-11-20,2007_11_20_DMLST.tif,f613de7d-22fc-449a-9582-429565727715,204530507,2007
2007-11-21,2007_11_21_DMLST.tif,fb8ac8ed-efd4-481c-88a2-6fc8085f3fbb,204701556,2007
2007-11-22,2007_11_22_DMLST.tif,cab8906b-3de1-446e-8699-92d74c153304,206167563,2007
2007-11-23,2007_11_23_DMLST.tif,c85368a4-041d-4a1d-8f06-319cada9a2c3,206139670,2007
2007-11-24,2007_11_24_DMLST.tif,21415666-4f20-4b79-914c-87198f9fc74c,206052945,2007
2007-11-25,2007_11_25_DMLST.tif,abca8255-ec5b-4260-8722-54294b9c8cb5,205663850,2007
2007-11-26,2007_11_26_DMLST.tif,d834443d-b436-4216-8a45-4d6dec250a71,205717098,2007
2007-11-27,2007_11_27_DMLST.tif,5e852c23-81b0-4f6a-a46d-82ff98c355de,205655537,2007
2007-11-28,2007_11_28_DMLST.tif,0ffa63a6-1899-4966-8755-d0731c8f315e,205334475,2007
2007-11-29,2007_11_29_DMLST.tif,e9cc2d1c-f72b-4e30-982b-6ad08a3a67a1,205096001,2007
2007-11-30,2007_11_30_DMLST.tif,58439547-9e74-4991-abf7-dc869009f1eb,204571042,2007
2007-12-01,2007_12_01_DMLST.tif,bc89dd54-d25f-4bb4-8a43-199d3df6544a,204710288,2007
2007-12-02,2007_12_02_DMLST.tif,4f7dc0df-f65a-460e-97ef-b7c3a5bb30ad,204901006,2007
2007-12-03,2007_12_03_DMLST.tif,fb2db57b-86e5-451a-8faf-b29859d41ba2,204798689,2007
2007-12-04,2007_12_04_DMLST.tif,ac2c7140-e612-455f-bf9d-2be53d5a3d40,205369657,2007
2007-12-05,2007_12_05_DMLST.tif,d3f2b988-868a-4436-93ae-48bef32dbbf6,205240467,2007
2007-12-06,2007_12_06_DMLST.tif,9c71622e-81c5-4eda-b4db-39403ac60580,205221802,2007
2007-12-07,2007_12_07_DMLST.tif,d1788c91-1c4e-4f8c-9dd3-f0029405c028,205367223,2007
2007-12-08,2007_12_08_DMLST.tif,d4add7c8-4afb-4537-9f7f-1187d6433e8e,205113261,2007
2007-12-09,2007_12_09_DMLST.tif,2cc1d0a3-6cf0-4c4e-8767-3d3b56953ef4,205037679,2007
2007-12-10,2007_12_10_DMLST.tif,639f0c5d-71fb-48ab-a3cb-2c1f6ad96594,204981804,2007
2007-12-11,2007_12_11_DMLST.tif,cb383238-40d4-4eff-9e13-5ed9cf51a17f,204910787,2007
2007-12-12,2007_12_12_DMLST.tif,de877b3c-3930-4f38-8aba-cb9a368e3ad5,204756320,2007
2007-12-13,2007_12_13_DMLST.tif,5f5d3f80-8ed6-4b6b-bd6f-459536b0724a,204322496,2007
2007-12-14,2007_12_14_DMLST.tif,a6a216c1-f44a-4ef4-a592-be1583f1db80,203661872,2007
2007-12-15,2007_12_15_DMLST.tif,c0101df0-ec22-4e08-8b05-6371972fc02e,203395263,2007
2007-12-16,2007_12_16_DMLST.tif,41f73c7f-25b4-48cd-9a78-0b4a3f7f56f0,203435402,2007
2007-12-17,2007_12_17_DMLST.tif,13be1341-3ad7-4edc-b752-506beae57a96,203380469,2007
2007-12-18,2007_12_18_DMLST.tif,ffea92b5-e706-4eec-9b49-fccf66ff9777,203892007,2007
2007-12-19,2007_12_19_DMLST.tif,5763a2e5-bbd1-454d-9b4c-54af8fff51f0,204060397,2007
2007-12-20,2007_12_20_DMLST.tif,5fd08bba-ef7c-4b7f-90f3-80d1a3b6aa4b,204140809,2007
2007-12-21,2007_12_21_DMLST.tif,3eb6f398-b68a-4e49-bb82-bfd88a5160d8,204514802,2007
2007-12-22,2007_12_22_DMLST.tif,78f397d8-8f92-4a25-8bc7-8d9c0daf9880,205127759,2007
2007-12-23,2007_12_23_DMLST.tif,1184fd85-b42d-43cb-86aa-940f3e985b0f,205461436,2007
2007-12-24,2007_12_24_DMLST.tif,3be4aba7-04e2-4a3e-a8fa-5b0074359def,204809627,2007
2007-12-25,2007_12_25_DMLST.tif,fc186389-02e1-4bab-b95a-01349474bf25,204269238,2007
2007-12-26,2007_12_26_DMLST.tif,709645cb-6f4b-49d3-b04b-8a8994c849cd,203692236,2007
2007-12-27,2007_12_27_DMLST.tif,af75f36c-d2b1-4e2d-9e95-aedcd637ffd8,202891110,2007
2007-12-28,2007_12_28_DMLST.tif,bd263b60-a351-4fe8-8b42-c09e94265e7a,202432136,2007
2007-12-29,2007_12_29_DMLST.tif,a6df59e1-a583-4052-a2d6-807b399792bd,202443661,2007
2007-12-30,2007_12_30_DMLST.tif,3ec8323a-748d-4431-a32b-c23ecf1c1cd1,202598132,2007
2007-12-31,2007_12_31_DMLST.tif,b22007d7-a146-4e58-9793-f2e9ae8da90b,202586134,2007
2008-01-01,2008_01_01_DMLST.tif,c0cf7184-7c6b-49c6-bed1-16378e935599,202462723,2008
2008-01-02,2008_01_02_DMLST.tif,30120fc4-dd97-4ac8-a28a-bf2e13dab6ff,202032208,2008
2008-01-03,2008_01_03_DMLST.tif,93ea30c6-93c6-4b64-ab8d-00557d0dcc9b,202034066,2008
2008-01-04,2008_01_04_DMLST.tif,8669b9f5-8359-4a1d-afd0-b8b1b0781716,202783486,2008
2008-01-05,2008_01_05_DMLST.tif,bae7f5b7-6a09-4001-b166-9c8a82d68156,203755635,2008
2008-01-06,2008_01_06_DMLST.tif,fdf09ca6-3a9c-4873-bf5e-642f9ef9d878,203801385,2008
2008-01-07,2008_01_07_DMLST.tif,7e4adfed-9281-4462-b037-5394bd148c50,203576200,2008
2008-01-08,2008_01_08_DMLST.tif,dba7f717-73ba-480f-9f13-77a5a3d59485,203285321,2008
2008-01-09,2008_01_09_DMLST.tif,de921083-3658-423f-b63c-124224ebfeec,202591469,2008
2008-01-10,2008_01_10_DMLST.tif,80b2564b-e33a-4aa9-bc46-9d6ab1cb80e6,202041951,2008
2008-01-11,2008_01_11_DMLST.tif,ca911fb5-1ffb-469f-a7b9-2faf9bc9e3d8,202078619,2008
2008-01-12,2008_01_12_DMLST.tif,f5fe276a-cef1-4edd-a443-ebf9cf82660e,202167816,2008
2008-01-13,2008_01_13_DMLST.tif,f6351a35-2087-4b9c-af75-98f8f3f5e8f8,202767772,2008
2008-01-14,2008_01_14_DMLST.tif,a2e9e1f2-bfc7-41fb-b080-fea54278dcb9,203107163,2008
2008-01-15,2008_01_15_DMLST.tif,9319da5f-efd1-4384-b312-1f04250e7b9b,203115579,2008
2008-01-16,2008_01_16_DMLST.tif,473c8a14-aeee-4802-9cf8-989d0e5594bf,203519977,2008
2008-01-17,2008_01_17_DMLST.tif,0b6383fd-9e45-4e01-b0a4-f7b3f345b2b1,203326404,2008
2008-01-18,2008_01_18_DMLST.tif,fb211f56-3c7b-4c68-b86c-3311130b7fc2,202562299,2008
2008-01-19,2008_01_19_DMLST.tif,a32543de-8c8c-475e-93ea-5daea1fe5a2d,202250338,2008
2008-01-20,2008_01_20_DMLST.tif,a7db5be4-a814-49f2-b0a0-180fad2bd0ca,202464785,2008
2008-01-21,2008_01_21_DMLST.tif,4bde2f0a-7db3-4ba4-9450-ee9ab26f81a0,202976747,2008
2008-01-22,2008_01_22_DMLST.tif,57109baa-2fd6-4a4c-88d7-58ed9703a90e,203395636,2008
2008-01-23,2008_01_23_DMLST.tif,1b51e30c-cd94-4ceb-bba0-089b2645947c,203348746,2008
2008-01-24,2008_01_24_DMLST.tif,70d5c945-ac29-4ba7-80c3-639dddbf04d3,202763091,2008
2008-01-25,2008_01_25_DMLST.tif,082830e3-9b78-421f-9cfa-ea65f87f9e6f,202612742,2008
2008-01-26,2008_01_26_DMLST.tif,91a5efdc-f58b-4bde-9d2b-a5124482fde9,203658267,2008
2008-01-27,2008_01_27_DMLST.tif,13957076-d02e-4ce5-8f38-6ef7bc83a667,204187900,2008
2008-01-28,2008_01_28_DMLST.tif,c10e46b7-84d0-49a9-93c1-da1c19bff834,203943497,2008
2008-01-29,2008_01_29_DMLST.tif,5a0b9b93-f446-4013-b615-7e19fae2ce17,202908070,2008
2008-01-30,2008_01_30_DMLST.tif,de479282-1ce5-4498-9436-fe2667fd82ac,201842580,2008
2008-01-31,2008_01_31_DMLST.tif,5ea06736-ece3-4d41-8a94-cb345e36c1c9,202092374,2008
2008-02-01,2008_02_01_DMLST.tif,0c6dabed-b243-45ef-ac79-b3d8dfa2cbee,202679628,2008
2008-02-02,2008_02_02_DMLST.tif,34f097f1-5cdb-4122-a31d-a99103d30ff1,203147854,2008
2008-02-03,2008_02_03_DMLST.tif,cf0eceac-f240-4387-b901-6a0b97b9c6f0,203082912,2008
2008-02-04,2008_02_04_DMLST.tif,3749062b-7056-47dd-ac2a-c9dfa4035dfb,203156862,2008
2008-02-05,2008_02_05_DMLST.tif,0dcc78c8-3fb3-4477-aac4-1fff9c54fee1,203396055,2008
2008-02-06,2008_02_06_DMLST.tif,a2f79da4-c31f-4c1a-8364-7e97b43f698d,203452958,2008
2008-02-07,2008_02_07_DMLST.tif,2f4ef3a1-8f8a-46ed-bd3e-1b6727ed4cf2,203758018,2008
2008-02-08,2008_02_08_DMLST.tif,d0974a21-6224-4e84-8334-b21afa918768,203638152,2008
2008-02-09,2008_02_09_DMLST.tif,ccb450a1-b9f5-4af0-a551-34d619c02c7f,202800441,2008
2008-02-10,2008_02_10_DMLST.tif,d13935d3-f5dd-4be0-a5aa-291b00387dd8,202632800,2008
2008-02-11,2008_02_11_DMLST.tif,186076b5-fc2e-41a3-acde-5f8bd5cefef0,202713297,2008
2008-02-12,2008_02_12_DMLST.tif,c4bcb03c-e985-422c-9f38-0b122e461a1a,202909059,2008
2008-02-13,2008_02_13_DMLST.tif,4a1de1c7-96a1-47a6-9477-49950568beb8,203030311,2008
2008-02-14,2008_02_14_DMLST.tif,5c4dbaf4-68de-4a97-b076-2533caaa76b9,203137697,2008
2008-02-15,2008_02_15_DMLST.tif,e927b093-3a83-4f02-846e-11148e0d462c,202234270,2008
2008-02-16,2008_02_16_DMLST.tif,f0af2e38-f2a7-490c-a1fd-7ee9ae3113ee,202249925,2008
2008-02-17,2008_02_17_DMLST.tif,3a0c63a0-0285-4ec9-acd7-aa44bf027656,201987313,2008
2008-02-18,2008_02_18_DMLST.tif,d1e15554-6a8a-4910-8a6e-76855a7a1c9e,202596756,2008
2008-02-19,2008_02_19_DMLST.tif,7b748b75-9d30-43ab-a185-90ead6d63814,203555939,2008
2008-02-20,2008_02_20_DMLST.tif,a518b72b-dbff-4ed6-b11d-8927d1d7f509,203497917,2008
2008-02-21,2008_02_21_DMLST.tif,2a439f50-4a57-4f1c-8e43-09722c3e5768,203221344,2008
2008-02-22,2008_02_22_DMLST.tif,fdb2eb76-6a5c-463d-ab2f-cb51c26b0814,203580146,2008
2008-02-23,2008_02_23_DMLST.tif,36056d23-fa08-47f9-9220-c060e1d1d498,203867604,2008
2008-02-24,2008_02_24_DMLST.tif,4b74bea0-f760-4c53-9bc3-59847b636ad5,204475122,2008
2008-02-25,2008_02_25_DMLST.tif,47a789bb-85aa-429b-aa89-84ffbcb20c5a,204800629,2008
2008-02-26,2008_02_26_DMLST.tif,89faefd0-4b59-4236-9877-004907825fbb,204937742,2008
2008-02-27,2008_02_27_DMLST.tif,a769e9ce-0c1a-4b28-b07f-63cdbe9e880f,205277121,2008
2008-02-28,2008_02_28_DMLST.tif,b8798c25-ee0b-4b11-b395-29ac216b2f88,205315058,2008
2008-02-29,2008_02_29_DMLST.tif,5c647d2c-43eb-4d60-855d-b8419b8f7405,205266796,2008
2008-03-01,2008_03_01_DMLST.tif,f28da5f2-593d-4528-8cb5-80d5b97cd91a,205085072,2008
2008-03-02,2008_03_02_DMLST.tif,ac50cdce-827e-4046-935b-0e3125e0e1e7,203634305,2008
2008-03-03,2008_03_03_DMLST.tif,4e1ba776-6a8e-4afe-a43c-6a9a2d94bbeb,203703456,2008
2008-03-04,2008_03_04_DMLST.tif,48e4296e-5c01-48bb-b791-abaf0e93627b,203965715,2008
2008-03-05,2008_03_05_DMLST.tif,6c22b89a-9c19-4eaf-a73a-678a43eb84ae,204147962,2008
2008-03-06,2008_03_06_DMLST.tif,a40f3441-47c4-44e7-9166-fa3bb99a72e3,204546753,2008
2008-03-07,2008_03_07_DMLST.tif,173b46a0-f9ce-45b7-b34e-fb4450c96095,205041858,2008
2008-03-08,2008_03_08_DMLST.tif,e047cf9a-4e32-412a-8fcf-5127612cc28e,204830734,2008
2008-03-09,2008_03_09_DMLST.tif,2a30b73a-3896-4fac-982b-8fad085c59c4,204495475,2008
2008-03-10,2008_03_10_DMLST.tif,0b37003f-a40d-4a05-8ed7-add9b8132f82,205377106,2008
2008-03-11,2008_03_11_DMLST.tif,fa8e1caf-60b4-4ff4-aef3-64931d1a3ba4,205564915,2008
2008-03-12,2008_03_12_DMLST.tif,e353c610-ba9c-44f8-a27c-95a42a8c5393,204903273,2008
2008-03-13,2008_03_13_DMLST.tif,12762dad-a99b-4632-80de-8b344a7760a6,204715170,2008
2008-03-14,2008_03_14_DMLST.tif,de6d1baa-68e2-4c72-a76e-8f5500bf9c6f,204652970,2008
2008-03-15,2008_03_15_DMLST.tif,ccf0146f-3dd5-4384-81c5-2b8acdbe0834,204430644,2008
2008-03-16,2008_03_16_DMLST.tif,af59333f-c6f5-42bc-a4fb-50904f46a81b,204512591,2008
2008-03-17,2008_03_17_DMLST.tif,d7a56240-39cc-4f08-8d8e-00acbe2245e2,204614948,2008
2008-03-18,2008_03_18_DMLST.tif,ba3b3f70-c4f5-4be1-aca9-d7c6edd23bac,203524279,2008
2008-03-19,2008_03_19_DMLST.tif,6a76478c-3f3c-4244-ad4b-6bdf1f06be01,203875468,2008
2008-03-20,2008_03_20_DMLST.tif,3e74eec5-4dfc-447b-af70-2dace89455b8,203658637,2008
2008-03-21,2008_03_21_DMLST.tif,2399e4fc-352d-45de-aeaa-ae851c37a4b6,203490245,2008
2008-03-22,2008_03_22_DMLST.tif,9968f72b-2f82-45b9-9f22-b271a20832e3,203756420,2008
2008-03-23,2008_03_23_DMLST.tif,1cd56b80-3252-41b3-82ef-b2e8d5e7122a,203866309,2008
2008-03-24,2008_03_24_DMLST.tif,eb09889d-b246-4d03-b8d6-c83531ad165d,204052150,2008
2008-03-25,2008_03_25_DMLST.tif,921c7d82-a17e-4747-8288-16e1da96001b,204129233,2008
2008-03-26,2008_03_26_DMLST.tif,c9853751-8e1a-4b6b-8d71-c077d6805c36,205181677,2008
2008-03-27,2008_03_27_DMLST.tif,6f81b729-d9a2-4306-96a9-f85c49dad08d,205278893,2008
2008-03-28,2008_03_28_DMLST.tif,ab917b8d-c9f3-4c38-ab8c-7def8362300e,205290397,2008
2008-03-29,2008_03_29_DMLST.tif,6f35b2d2-f18b-4129-af10-b61116058583,205359288,2008
2008-03-30,2008_03_30_DMLST.tif,f7a0e03a-b2ab-4f29-9fdd-f2f988dd73ab,205814751,2008
2008-03-31,2008_03_31_DMLST.tif,598a63f5-b416-4b32-8f19-a16bef63bd69,206193992,2008
2008-04-01,2008_04_01_DMLST.tif,e96d8fbb-9244-4607-a861-59d7602410a0,206535856,2008
2008-04-02,2008_04_02_DMLST.tif,16ad8315-11d7-4bbf-80ef-de4d108a542e,206360931,2008
2008-04-03,2008_04_03_DMLST.tif,cc225236-df4f-4f7e-a343-d5c72aba1d61,205047491,2008
2008-04-04,2008_04_04_DMLST.tif,f12bcc16-6a8f-4a9b-87e6-83aa41dfd7aa,205146653,2008
2008-04-05,2008_04_05_DMLST.tif,23380270-7ac9-4477-9b74-a2c34273414a,204630201,2008
2008-04-06,2008_04_06_DMLST.tif,67698151-35c7-4caf-84e1-8f05ddd9d1c7,204099383,2008
2008-04-07,2008_04_07_DMLST.tif,3a4579b6-80d1-41e9-874c-68458c6ac5db,204107414,2008
2008-04-08,2008_04_08_DMLST.tif,11250178-ad29-46b4-9b29-c6b074c94b12,204042058,2008
2008-04-09,2008_04_09_DMLST.tif,1dc63de5-32c2-4703-827f-622d1c72881d,204486780,2008
2008-04-10,2008_04_10_DMLST.tif,e2c35099-7522-4ad3-9262-ab18970de23d,204958365,2008
2008-04-11,2008_04_11_DMLST.tif,51815b50-3cbb-4729-8a24-cc69b9906c61,205635618,2008
2008-04-12,2008_04_12_DMLST.tif,814f0a9f-34b4-470e-beab-c4441c1c9c60,205649072,2008
2008-04-13,2008_04_13_DMLST.tif,8305d632-0155-4908-8922-c1a3cd306edf,205740676,2008
2008-04-14,2008_04_14_DMLST.tif,e4a3a896-52bd-4561-91c0-8614912efcde,205914725,2008
2008-04-15,2008_04_15_DMLST.tif,67caa619-aa2e-4235-9771-f8495f8db125,205633637,2008
2008-04-16,2008_04_16_DMLST.tif,5d699df7-6caf-43f6-a149-d21a0f630dc9,205362488,2008
2008-04-17,2008_04_17_DMLST.tif,d9aeb680-e575-45f8-8063-eb2045aa9a24,205106514,2008
2008-04-18,2008_04_18_DMLST.tif,11270039-179b-40e8-91ed-887ce20cd91b,205146963,2008
2008-04-19,2008_04_19_DMLST.tif,a033b5c9-8615-4c07-be9a-5025d1d73973,204220550,2008
2008-04-20,2008_04_20_DMLST.tif,47b5a4cb-1bc1-4af2-9d10-f8524b581530,204417083,2008
2008-04-21,2008_04_21_DMLST.tif,ac258b53-a2f4-466b-b3d5-da681a886269,204238944,2008
2008-04-22,2008_04_22_DMLST.tif,95c010d1-1bc7-4da0-8bd4-fc5fecbbc25f,204334493,2008
2008-04-23,2008_04_23_DMLST.tif,948ea29f-ca60-40a3-b054-6f3d7263ac38,204130424,2008
2008-04-24,2008_04_24_DMLST.tif,b113aa9f-c524-4844-891c-fbe89a8d563c,203813352,2008
2008-04-25,2008_04_25_DMLST.tif,8083bc48-e7f9-4ba8-88c7-0a2d4edb7ba1,204126219,2008
2008-04-26,2008_04_26_DMLST.tif,019ca995-5c59-49c9-99cb-b620621b5c35,204547422,2008
2008-04-27,2008_04_27_DMLST.tif,12cca6fb-4b67-492d-a61c-418a76868b5d,205390890,2008
2008-04-28,2008_04_28_DMLST.tif,adbe6e2c-be9f-497b-b736-c9fe8221409e,205274140,2008
2008-04-29,2008_04_29_DMLST.tif,5003c35a-6b9a-495c-88b0-e7ae22163cd8,205263997,2008
2008-04-30,2008_04_30_DMLST.tif,f26eb329-0d40-41e3-ab6b-bb47ecba3ce6,205501144,2008
2008-05-01,2008_05_01_DMLST.tif,57e246e7-3829-43bc-a508-141948c37403,205645783,2008
2008-05-02,2008_05_02_DMLST.tif,9f7f5644-06bb-4a76-825b-0b684614c8de,206022998,2008
2008-05-03,2008_05_03_DMLST.tif,46d6446b-53cc-49bc-b45d-225f22c90a1e,206508634,2008
2008-05-04,2008_05_04_DMLST.tif,7046ddc5-c64f-463c-acfa-6ecbc3a92475,206130610,2008
2008-05-05,2008_05_05_DMLST.tif,e26ad7a0-1fb5-465c-9ffd-f1e3854a3960,205519876,2008
2008-05-06,2008_05_06_DMLST.tif,5128199b-df62-49ac-8da5-52d0a7ad1964,204940799,2008
2008-05-07,2008_05_07_DMLST.tif,89ad85cb-df41-4899-814b-5020d211881c,205066040,2008
2008-05-08,2008_05_08_DMLST.tif,4d61ef48-fdd1-4a2a-b769-d7513456aaae,205244400,2008
2008-05-09,2008_05_09_DMLST.tif,fd616f03-fe9e-49f3-857c-532465e896f4,205408587,2008
2008-05-10,2008_05_10_DMLST.tif,d0dee875-891c-4a3f-9a1d-8d0f650f823f,205416472,2008
2008-05-11,2008_05_11_DMLST.tif,1f053a25-6f55-4bc8-9341-a0299a741690,205644062,2008
2008-05-12,2008_05_12_DMLST.tif,2b6a6776-d2ba-4eb3-a163-066b617d1df1,205591922,2008
2008-05-13,2008_05_13_DMLST.tif,6661e9da-41f3-4fae-a8f6-3e19d3e5d010,206794641,2008
2008-05-14,2008_05_14_DMLST.tif,d76a7191-3baf-4937-83a3-c1b400736308,206663889,2008
2008-05-15,2008_05_15_DMLST.tif,15719ff5-9358-474a-a39a-dabaf1d37879,206725423,2008
2008-05-16,2008_05_16_DMLST.tif,df8858c8-cfd5-4031-8cdc-20a9e9310e91,206742991,2008
2008-05-17,2008_05_17_DMLST.tif,8849e83f-e721-4d11-9a91-cd9fecd5bbfe,206678729,2008
2008-05-18,2008_05_18_DMLST.tif,d1969922-0619-4d99-87d9-69aee4b0240c,206983161,2008
2008-05-19,2008_05_19_DMLST.tif,e7ca9695-064d-42ec-9d59-f8268295c4f4,206998201,2008
2008-05-20,2008_05_20_DMLST.tif,20ae8548-1044-4fe6-b15c-7bceda416ea1,206929851,2008
2008-05-21,2008_05_21_DMLST.tif,1308d052-d8df-43a6-8ce9-b90fa694243e,205790634,2008
2008-05-22,2008_05_22_DMLST.tif,f2391991-f640-42d3-880b-ff666a4f83a6,205743731,2008
2008-05-23,2008_05_23_DMLST.tif,39fdafe9-d956-499b-8174-ce5938483119,206292762,2008
2008-05-24,2008_05_24_DMLST.tif,28690f4e-b23a-4c89-9d4b-2f143ff68c86,206367449,2008
2008-05-25,2008_05_25_DMLST.tif,210337ec-7c03-454f-895d-64bae2f4e7e9,206352827,2008
2008-05-26,2008_05_26_DMLST.tif,0733c16d-8196-4be0-8204-35d71474d9d0,206392581,2008
2008-05-27,2008_05_27_DMLST.tif,5eda9239-31f0-4f2d-a0bd-66c3668381c5,206471332,2008
2008-05-28,2008_05_28_DMLST.tif,1a167e36-5056-4d50-b24c-71da3c0b01ae,206544161,2008
2008-05-29,2008_05_29_DMLST.tif,983c2ab3-bae8-4864-a22b-fe5f1fb3f2f4,206709899,2008
2008-05-30,2008_05_30_DMLST.tif,49e3f276-8424-42b1-b318-1228675f7818,206467392,2008
2008-05-31,2008_05_31_DMLST.tif,15b3d786-0a62-4c0c-9517-5dccacbb1b0a,206560731,2008
2008-06-01,2008_06_01_DMLST.tif,4972a0a8-ca73-429c-8e52-a54ab58464af,206677174,2008
2008-06-02,2008_06_02_DMLST.tif,636b87cc-6835-4f02-a9e1-11b0825a6353,206240714,2008
2008-06-03,2008_06_03_DMLST.tif,2aa3bc15-e1eb-47d7-a5af-8b83ee64cb89,205829319,2008
2008-06-04,2008_06_04_DMLST.tif,ce089fe8-b46b-4d93-90c6-4d98ba2d1c69,205268512,2008
2008-06-05,2008_06_05_DMLST.tif,c7e485eb-5254-4ec1-994b-272bf43bf923,205635729,2008
2008-06-06,2008_06_06_DMLST.tif,96561aea-5d0f-44f4-9b3f-b592430b1dfc,204006550,2008
2008-06-07,2008_06_07_DMLST.tif,0d554f41-024c-485f-9dfd-bc29801eed7b,204440767,2008
2008-06-08,2008_06_08_DMLST.tif,f221cf0f-ed2f-4e84-b217-877eadfedcf8,204551902,2008
2008-06-09,2008_06_09_DMLST.tif,792e8a87-1f1b-4b76-b672-0d56eac6feb8,204565711,2008
2008-06-10,2008_06_10_DMLST.tif,64d115f1-0132-49f0-acc7-ecfb65da0b1c,204483265,2008
2008-06-11,2008_06_11_DMLST.tif,b461cf48-d895-49cd-a4d9-b65a45425486,204136011,2008
2008-06-12,2008_06_12_DMLST.tif,6911309f-0132-407b-a292-be5c19850d49,204051372,2008
2008-06-13,2008_06_13_DMLST.tif,df53302c-021f-4158-8a5d-244d6fc7c3a1,203991783,2008
2008-06-14,2008_06_14_DMLST.tif,dda2422c-d2d6-4962-a46d-2d54b562126b,204647537,2008
2008-06-15,2008_06_15_DMLST.tif,a8a16e91-b337-46b0-97bc-819a28217894,204750321,2008
2008-06-16,2008_06_16_DMLST.tif,0d58fd80-6fd7-44f0-9110-ab11e0083da5,204780940,2008
2008-06-17,2008_06_17_DMLST.tif,a6e90213-ee35-43bb-bd26-2bd9d8ac4e06,204742200,2008
2008-06-18,2008_06_18_DMLST.tif,68820942-dfd8-4fd6-9001-39d90e6dffb8,204845476,2008
2008-06-19,2008_06_19_DMLST.tif,4d986e18-d5bc-416c-8baa-66fd3c11e261,204891064,2008
2008-06-20,2008_06_20_DMLST.tif,c53c4c2b-e62b-4b69-90af-bdea5106c50d,205043869,2008
2008-06-21,2008_06_21_DMLST.tif,e3efcc09-2076-432f-a8d5-1a01407dcb73,204899635,2008
2008-06-22,2008_06_22_DMLST.tif,a684f659-e108-4657-ae13-c76a8a270ab0,203457179,2008
2008-06-23,2008_06_23_DMLST.tif,7f6c6cf0-8cfb-430b-ab09-8626e3ccef4d,203475603,2008
2008-06-24,2008_06_24_DMLST.tif,76a1d9a3-0284-4b9d-9976-d8d70a72f676,203344442,2008
2008-06-25,2008_06_25_DMLST.tif,12f2ce93-5bf7-4a74-91ad-42df320587c5,203370697,2008
2008-06-26,2008_06_26_DMLST.tif,905b1241-8a1c-4159-bbb5-c3479220589c,202919239,2008
2008-06-27,2008_06_27_DMLST.tif,f4cb42d8-0e99-4e8e-9130-7dafcde54c62,203079570,2008
2008-06-28,2008_06_28_DMLST.tif,14e9f1a9-7658-43c8-a287-e8a0942b0a26,203070330,2008
2008-06-29,2008_06_29_DMLST.tif,bc6e894c-e164-44e9-a032-5bb0a7aa3a45,202754456,2008
2008-06-30,2008_06_30_DMLST.tif,d97e28d4-7b8c-402f-9de1-111f50dee004,203810537,2008
2008-07-01,2008_07_01_DMLST.tif,ea3d1243-1b9a-4577-8d7c-34e61827ab04,204102563,2008
2008-07-02,2008_07_02_DMLST.tif,b38882e3-09e1-4591-a91d-7d78efdfcb03,204404218,2008
2008-07-03,2008_07_03_DMLST.tif,f3456dd7-049b-40b2-9454-e8ab375eb8b7,203700762,2008
2008-07-04,2008_07_04_DMLST.tif,a5f7a937-2370-47df-96ce-944eb7ce6850,203140135,2008
2008-07-05,2008_07_05_DMLST.tif,c6100340-99a5-44d1-8cca-559b4ccc044c,203237104,2008
2008-07-06,2008_07_06_DMLST.tif,058b419d-9b50-4c2c-bb24-9fea6a67c3be,203130805,2008
2008-07-07,2008_07_07_DMLST.tif,2671e563-4780-4eb3-b542-ef67547388e9,203151787,2008
2008-07-08,2008_07_08_DMLST.tif,bea8e280-b69f-4873-b1ef-512707741a5f,201764285,2008
2008-07-09,2008_07_09_DMLST.tif,67608990-771b-4878-a189-8bcd2b583917,202297038,2008
2008-07-10,2008_07_10_DMLST.tif,1b18a7d6-d082-40ed-8d3d-75e21f861828,202203720,2008
2008-07-11,2008_07_11_DMLST.tif,69f872b1-53aa-4eae-9ab7-6230c85f3ca9,202019863,2008
2008-07-12,2008_07_12_DMLST.tif,e28d710b-2011-44ae-b40b-06189f8a2ac1,201928889,2008
2008-07-13,2008_07_13_DMLST.tif,0ef592a4-c337-4307-8bbc-3c00d2efcd4c,201804867,2008
2008-07-14,2008_07_14_DMLST.tif,a288a77b-121b-440c-a205-8f7cf059b9a1,201893407,2008
2008-07-15,2008_07_15_DMLST.tif,3a4c667c-2616-4e63-a626-fd4e2d62d656,202332392,2008
2008-07-16,2008_07_16_DMLST.tif,90071534-d1f2-439a-98f0-41a43ae69591,203792374,2008
2008-07-17,2008_07_17_DMLST.tif,5277e5f5-e57f-4d92-b2f1-6c8a1ddcf497,203760561,2008
2008-07-18,2008_07_18_DMLST.tif,3618c51d-684a-4e47-b75f-923e5ce37670,203697046,2008
2008-07-19,2008_07_19_DMLST.tif,2e077cec-b97f-44aa-ad73-334e99427f32,203624582,2008
2008-07-20,2008_07_20_DMLST.tif,204094b6-2561-47bb-b735-634a19118636,203613281,2008
2008-07-21,2008_07_21_DMLST.tif,2741decf-9d15-4b03-8862-7af0612f363c,203618211,2008
2008-07-22,2008_07_22_DMLST.tif,4b612a12-0d15-46fd-887e-a7a1068a3bf7,203610566,2008
2008-07-23,2008_07_23_DMLST.tif,a5121eee-2496-4b37-928c-555b910a9942,203730116,2008
2008-07-24,2008_07_24_DMLST.tif,c620575d-0709-44b4-82db-0fb97f0db563,202136591,2008
2008-07-25,2008_07_25_DMLST.tif,f4ac7b91-24dc-4875-9aae-7c3998010012,201802245,2008
2008-07-26,2008_07_26_DMLST.tif,e0f8b209-e50e-4ecb-9cb5-d78184f1ff76,201557525,2008
2008-07-27,2008_07_27_DMLST.tif,5b93858f-21b1-4a0f-8c2b-0ba2663e5b7e,201423715,2008
2008-07-28,2008_07_28_DMLST.tif,a02927c4-6a8d-45bc-83d6-f4f59ce3c99b,201187561,2008
2008-07-29,2008_07_29_DMLST.tif,d617aefc-aeea-4fe4-890c-7880d5672ba8,201273662,2008
2008-07-30,2008_07_30_DMLST.tif,7451c35d-710a-40ae-b059-401aea3f37ff,201117503,2008
2008-07-31,2008_07_31_DMLST.tif,f66e6899-f921-44f3-8bbf-93cfc45b79a0,200878869,2008
2008-08-01,2008_08_01_DMLST.tif,b46f0633-1738-456d-9d05-04f0d7e882eb,201752699,2008
2008-08-02,2008_08_02_DMLST.tif,2b02c82b-73a8-4c76-916c-dce6c3992468,201495732,2008
2008-08-03,2008_08_03_DMLST.tif,5ff549e4-aaab-48cc-82ab-7d18f73d39cc,201836831,2008
2008-08-04,2008_08_04_DMLST.tif,78a5383a-e6c9-4bab-9a2b-3d13a9c50773,202045365,2008
2008-08-05,2008_08_05_DMLST.tif,595de15f-21f2-4a32-ab24-c4a9bc9c70c8,202386172,2008
2008-08-06,2008_08_06_DMLST.tif,ff96b06f-0c00-4900-b1bf-55cdae38364b,202606716,2008
2008-08-07,2008_08_07_DMLST.tif,5250d600-5544-458d-9312-3bbc31855874,202542776,2008
2008-08-08,2008_08_08_DMLST.tif,1f761db3-7492-4c70-b010-f86c2f9f520e,202438606,2008
2008-08-09,2008_08_09_DMLST.tif,61c0533b-38c5-4461-8f2c-bf314e9e38bd,201578822,2008
2008-08-10,2008_08_10_DMLST.tif,a5057dd0-b924-4a1e-b181-cbc39aa0151c,201691079,2008
2008-08-11,2008_08_11_DMLST.tif,34f0ddf7-30e4-4c42-b226-ec9babbd8ffe,201814436,2008
2008-08-12,2008_08_12_DMLST.tif,815d9c8b-8cf0-4d3e-888c-b9823a09727d,201613487,2008
2008-08-13,2008_08_13_DMLST.tif,34bb8fb2-f9a8-4e82-9207-b31cc87451e4,201488430,2008
2008-08-14,2008_08_14_DMLST.tif,9d94b55b-500d-4303-b4c5-841d4c4e233d,201462830,2008
2008-08-15,2008_08_15_DMLST.tif,34b379bc-0c0c-4e65-acc1-8cd7b189aa11,201592427,2008
2008-08-16,2008_08_16_DMLST.tif,983aa89d-8589-44f1-bab9-a84d6a8d843a,201875296,2008
2008-08-17,2008_08_17_DMLST.tif,17d434a5-2ca5-4553-9f89-cdd277b498ad,203105499,2008
2008-08-18,2008_08_18_DMLST.tif,9a4858e8-a91e-4b0b-8255-5f930a419505,202998508,2008
2008-08-19,2008_08_19_DMLST.tif,76b22e1a-aad5-4c06-8e99-2d6d593bc5e9,202704737,2008
2008-08-20,2008_08_20_DMLST.tif,ae978732-a883-4fdd-8561-ac19d5bdc09e,202510054,2008
2008-08-21,2008_08_21_DMLST.tif,92a01afc-b27a-43a0-987f-6d025c61d4de,202411470,2008
2008-08-22,2008_08_22_DMLST.tif,5335d05b-2edf-49c8-b116-4552862e3d5e,202216438,2008
2008-08-23,2008_08_23_DMLST.tif,1698ad6e-dd7f-4bb9-8447-ac64f1ea6488,202198861,2008
2008-08-24,2008_08_24_DMLST.tif,521ef0a9-6f3c-4e99-9eb1-506f42f479b1,202328043,2008
2008-08-25,2008_08_25_DMLST.tif,61d08678-a4c9-45ed-a56a-3e0d00599bc2,201161278,2008
2008-08-26,2008_08_26_DMLST.tif,7a700cc1-d573-4c44-8eb7-76941468d94b,201182997,2008
2008-08-27,2008_08_27_DMLST.tif,944df9fb-2abc-4eec-b478-3eabbc8ca750,200945453,2008
2008-08-28,2008_08_28_DMLST.tif,b5cb7d50-cd06-4029-a639-b35534db5f50,200591510,2008
2008-08-29,2008_08_29_DMLST.tif,a7391ee4-564c-4949-b125-b46906a52255,200473761,2008
2008-08-30,2008_08_30_DMLST.tif,c506ac58-a3ff-451e-8d82-8261887c6765,200949861,2008
2008-08-31,2008_08_31_DMLST.tif,279abaad-e1e1-430e-9056-e3b0f5f498e0,201087727,2008
2008-09-01,2008_09_01_DMLST.tif,ded9196b-58fb-4553-ab28-9250ff91b53d,201237174,2008
2008-09-02,2008_09_02_DMLST.tif,fb17a353-bbc3-4ede-9922-ab34848f472f,203483390,2008
2008-09-03,2008_09_03_DMLST.tif,e53d822f-1b03-44a2-91b1-23cce08998e7,203501289,2008
2008-09-04,2008_09_04_DMLST.tif,23cad66c-5e10-4cc0-aacc-db62a19e1f68,203630277,2008
2008-09-05,2008_09_05_DMLST.tif,cf293b8c-ae80-4458-81e8-91d990564a65,204058642,2008
2008-09-06,2008_09_06_DMLST.tif,3d9f5747-e98b-42c1-8388-ccb9f04fd693,204563609,2008
2008-09-07,2008_09_07_DMLST.tif,6ae5638a-0873-4fc8-aac5-d923c67be28e,204340170,2008
2008-09-08,2008_09_08_DMLST.tif,ee41f029-88de-4969-877a-b3af14a6e98d,203914082,2008
2008-09-09,2008_09_09_DMLST.tif,2cd1435c-6cf4-4e69-9234-1b9011d444f9,203673092,2008
2008-09-10,2008_09_10_DMLST.tif,33a46fac-8264-4f56-a692-91d83f8f166d,202250391,2008
2008-09-11,2008_09_11_DMLST.tif,206a8f02-18ac-4f3a-b45d-fe27b234979f,201867398,2008
2008-09-12,2008_09_12_DMLST.tif,7be07fe9-3d16-4347-ae92-ea5325828646,201513072,2008
2008-09-13,2008_09_13_DMLST.tif,785b8b8e-03a7-4145-8fda-17941ef55f1d,201849516,2008
2008-09-14,2008_09_14_DMLST.tif,ab0807f8-0287-4e99-a7b8-d2ff83143e80,201832983,2008
2008-09-15,2008_09_15_DMLST.tif,b373fec4-b85f-48da-9e66-ef8dbc43ed48,202214982,2008
2008-09-16,2008_09_16_DMLST.tif,d79da792-d4ee-4e97-8c1a-48bceadfcc04,202362401,2008
2008-09-17,2008_09_17_DMLST.tif,6ade0b3c-bebd-49c4-86f7-35b57dcd1077,202238103,2008
2008-09-18,2008_09_18_DMLST.tif,ad838a01-6fb1-445d-8ed2-e41b89ed495f,203600188,2008
2008-09-19,2008_09_19_DMLST.tif,b613d3d6-e93a-4417-b246-805d6ec7267b,203539825,2008
2008-09-20,2008_09_20_DMLST.tif,1a16fa57-6b02-49ae-b93a-21e1d02c8d4e,203638118,2008
2008-09-21,2008_09_21_DMLST.tif,5df2b1ea-87a3-46dd-9871-6fdd10b08155,204344530,2008
2008-09-22,2008_09_22_DMLST.tif,60132471-8faf-4643-87cb-4e4e563b62c6,204575520,2008
2008-09-23,2008_09_23_DMLST.tif,2bf7eb5e-e49c-4eb0-b683-2ad593a5a396,204476684,2008
2008-09-24,2008_09_24_DMLST.tif,e86e158c-1717-49d2-98bf-8311c62cd4a4,204185284,2008
2008-09-25,2008_09_25_DMLST.tif,ce5f073e-ff04-41e2-ba5e-b0c21be4bd5e,203825742,2008
2008-09-26,2008_09_26_DMLST.tif,60197575-8a1e-4e13-812e-cf816974cfcd,203068150,2008
2008-09-27,2008_09_27_DMLST.tif,d7c97003-9fd0-4222-a92d-0ddae8926614,203106944,2008
2008-09-28,2008_09_28_DMLST.tif,083cb715-d305-4db7-825e-995f54d84226,203101627,2008
2008-09-29,2008_09_29_DMLST.tif,0b049687-97a8-4606-9128-f394b306b34e,203081173,2008
2008-09-30,2008_09_30_DMLST.tif,72f232b5-44d6-4411-9d07-07511a16a7a2,203054418,2008
2008-10-01,2008_10_01_DMLST.tif,7a4da61e-98d3-444d-ba13-3c661032749f,203194341,2008
2008-10-02,2008_10_02_DMLST.tif,9ae1b406-1c7c-47ce-ae0f-51e27770659e,203413234,2008
2008-10-03,2008_10_03_DMLST.tif,557fd462-bf17-4743-9e5b-1876f1aedbfb,204171757,2008
2008-10-04,2008_10_04_DMLST.tif,fc932fda-f793-4125-8477-169bd5706d53,205982962,2008
2008-10-05,2008_10_05_DMLST.tif,f81106d2-69ef-45bb-af9f-bd6fc7aaa1aa,205860190,2008
2008-10-06,2008_10_06_DMLST.tif,851629d6-2607-4fd3-88ba-d1d9b530d0cf,205976186,2008
2008-10-07,2008_10_07_DMLST.tif,07075bcf-3288-4230-9d2a-18a0ff009a1c,206114598,2008
2008-10-08,2008_10_08_DMLST.tif,d191e94a-7dc1-4414-a588-f6f09f0a26b7,206295419,2008
2008-10-09,2008_10_09_DMLST.tif,73f5111c-4efb-47a5-9278-746ed8a1df1d,206118119,2008
2008-10-10,2008_10_10_DMLST.tif,71879bdc-7937-4be5-87cb-115123419d79,205882012,2008
2008-10-11,2008_10_11_DMLST.tif,04417e12-18e7-4942-9b26-ce91f4672013,205811392,2008
2008-10-12,2008_10_12_DMLST.tif,bfb9293e-b759-48d0-aeea-9be0eea4e56e,205164052,2008
2008-10-13,2008_10_13_DMLST.tif,4ea9f0d0-ee10-4654-8d2b-7f0ec84ef22e,205178607,2008
2008-10-14,2008_10_14_DMLST.tif,83b77b77-534d-400f-8457-940f92cb6adc,205306468,2008
2008-10-15,2008_10_15_DMLST.tif,15137f38-29f5-4a67-b9bb-0cb8d80ed03f,205282138,2008
2008-10-16,2008_10_16_DMLST.tif,aa4655f4-6e45-4b58-98d1-68fde37a82ad,205351066,2008
2008-10-17,2008_10_17_DMLST.tif,87b6a6a3-6e8e-43c5-bdab-91e56e71158f,205285121,2008
2008-10-18,2008_10_18_DMLST.tif,f876a020-8903-4832-be49-9c2956e8b210,204992137,2008
2008-10-19,2008_10_19_DMLST.tif,b0b44344-69f5-4bc5-9715-ca5705e6ed4d,204930910,2008
2008-10-20,2008_10_20_DMLST.tif,94a45281-6198-4805-b446-d8a3b31797f5,206871435,2008
2008-10-21,2008_10_21_DMLST.tif,c0deaeef-4524-4064-81e2-1dd767ae36cf,207306933,2008
2008-10-22,2008_10_22_DMLST.tif,0cd16659-0343-4f92-959d-23f24ec305d2,207412758,2008
2008-10-23,2008_10_23_DMLST.tif,ed9b2302-6354-4ba9-abaf-b1193129f427,207509927,2008
2008-10-24,2008_10_24_DMLST.tif,4c07678f-63ba-4f5b-a72c-92f7bb90fc2f,207556381,2008
2008-10-25,2008_10_25_DMLST.tif,476b75f7-fd65-4ad2-a6b2-7e237924fe26,207503995,2008
2008-10-26,2008_10_26_DMLST.tif,a75262fb-f81f-4b30-b70b-cc4b9a13127c,206904328,2008
2008-10-27,2008_10_27_DMLST.tif,39c2f4fc-d1d2-411f-b629-01b23634aa85,207038263,2008
2008-10-28,2008_10_28_DMLST.tif,32dbdeac-8096-4932-9ee0-1aa17b1a09c2,206420818,2008
2008-10-29,2008_10_29_DMLST.tif,b5db2cc5-603a-4d6a-8fc9-e6b7ff1f4bb3,206611808,2008
2008-10-30,2008_10_30_DMLST.tif,c5c05dbe-e7df-4f15-b3fa-82aafff6d667,206567178,2008
2008-10-31,2008_10_31_DMLST.tif,b4ddfe17-b030-436c-b5f3-a07f4584bbf9,206673147,2008
2008-11-01,2008_11_01_DMLST.tif,99648d56-8044-4250-8b2e-20736ada6388,206803192,2008
2008-11-02,2008_11_02_DMLST.tif,78908107-adf3-466b-a312-62834a85b611,206465504,2008
2008-11-03,2008_11_03_DMLST.tif,477b5abf-8f28-4467-ab12-c7a74c2927e8,206155360,2008
2008-11-04,2008_11_04_DMLST.tif,81924a37-62f0-44a5-aa6d-e4acb8917131,206128185,2008
2008-11-05,2008_11_05_DMLST.tif,50125154-8392-4f62-a433-d47ada877f38,207612136,2008
2008-11-06,2008_11_06_DMLST.tif,07a2d42c-d8b4-43b8-9994-0dedb4b3edf1,207156514,2008
2008-11-07,2008_11_07_DMLST.tif,75c64030-5dc3-487b-9dd8-c1171e7a931c,207626574,2008
2008-11-08,2008_11_08_DMLST.tif,770863a1-e196-4370-9cc4-219812736e70,207922598,2008
2008-11-09,2008_11_09_DMLST.tif,3d1a0162-1ec8-4be6-ba15-fcae23008bfb,207948500,2008
2008-11-10,2008_11_10_DMLST.tif,0e514d46-e5cd-4a9a-b3c7-9eabcc7886c0,208124487,2008
2008-11-11,2008_11_11_DMLST.tif,3b0fe7b0-1870-465c-8044-08862cbc052a,207766313,2008
2008-11-12,2008_11_12_DMLST.tif,c90a28b3-0bd6-457c-83b0-106c6bb126ee,207358379,2008
2008-11-13,2008_11_13_DMLST.tif,57cd7f78-c1a2-452c-b4e9-b014f43ca718,207263415,2008
2008-11-14,2008_11_14_DMLST.tif,e13f8297-ce0f-4e08-a4d4-2015bde052dd,207048746,2008
2008-11-15,2008_11_15_DMLST.tif,b55593a1-70b3-42e2-9838-6fe03693b2d6,207167515,2008
2008-11-16,2008_11_16_DMLST.tif,5a04f536-f951-4bac-9352-d707a0fd19e2,207337487,2008
2008-11-17,2008_11_17_DMLST.tif,a70f88cc-d54b-4758-922c-4f84d178b161,207306192,2008
2008-11-18,2008_11_18_DMLST.tif,c5c2ec27-d3ed-43b1-958c-2cbe9dc3dbb6,207594158,2008
2008-11-19,2008_11_19_DMLST.tif,8cdc8ce7-444b-4705-a7b5-2f52389ef533,207566658,2008
2008-11-20,2008_11_20_DMLST.tif,80f5e565-6fb2-497e-9308-808aa714de77,207208123,2008
2008-11-21,2008_11_21_DMLST.tif,466bc3c8-3d01-4b75-8cc9-e5b7278ed8d8,207565594,2008
2008-11-22,2008_11_22_DMLST.tif,d431f233-7e53-46a2-858e-dd628ed5b0c7,207750101,2008
2008-11-23,2008_11_23_DMLST.tif,b1a43a5d-c18d-4f0a-82ca-bbb92867d424,207879502,2008
2008-11-24,2008_11_24_DMLST.tif,99edcddf-53b6-4364-9e05-89b1e391c37f,207667158,2008
2008-11-25,2008_11_25_DMLST.tif,5473080f-c170-4c9b-86a0-f01d4d87d0c1,208077143,2008
2008-11-26,2008_11_26_DMLST.tif,d46c9bbb-adf1-4036-a14c-d1bfe18c0266,207957912,2008
2008-11-27,2008_11_27_DMLST.tif,1d7339e8-ee53-4598-8fa6-6d21b5b7d823,208033131,2008
2008-11-28,2008_11_28_DMLST.tif,1c0e11db-36f6-4758-9b05-a868211fca7d,208294790,2008
2008-11-29,2008_11_29_DMLST.tif,137f458f-1d09-41c7-9602-d7514694bde7,207315697,2008
2008-11-30,2008_11_30_DMLST.tif,1179e1c6-177b-4ecd-a067-ab6fc18c2a43,207340530,2008
2008-12-01,2008_12_01_DMLST.tif,82a53c9e-ae2a-4123-9ec7-5052b312776c,206507402,2008
2008-12-02,2008_12_02_DMLST.tif,2bd3d42f-0007-4252-8c34-535eb141639a,205483672,2008
2008-12-03,2008_12_03_DMLST.tif,607d9478-e517-4809-9508-077c0cc0a7c0,204640297,2008
2008-12-04,2008_12_04_DMLST.tif,c45b7bd6-49b8-45cf-8a75-24eb63fe8ef4,205073163,2008
2008-12-05,2008_12_05_DMLST.tif,f9dc89df-3134-42ef-af99-47b49a5473ff,205837117,2008
2008-12-06,2008_12_06_DMLST.tif,7f94c86a-976d-4a47-962f-060fc4f79ae1,206719933,2008
2008-12-07,2008_12_07_DMLST.tif,00bc47fc-ef11-41e5-9f98-207b4be01f8c,207717493,2008
2008-12-08,2008_12_08_DMLST.tif,711b744c-ab05-4a94-af8d-7b3df3ce7868,207092969,2008
2008-12-09,2008_12_09_DMLST.tif,599a683a-29e0-46ab-8cd5-9a028009a5da,205842023,2008
2008-12-10,2008_12_10_DMLST.tif,c7a11f49-6734-4bd3-a688-e312d82efec6,205478645,2008
2008-12-11,2008_12_11_DMLST.tif,6846cad2-e18e-4245-96a5-03cf225b60b0,206276238,2008
2008-12-12,2008_12_12_DMLST.tif,32cd9306-c355-44f2-89f7-3188ef84d0f3,206307060,2008
2008-12-13,2008_12_13_DMLST.tif,a2de7abc-2223-4394-acd7-62729aafb573,206170684,2008
2008-12-14,2008_12_14_DMLST.tif,4aeed0e2-19d4-4504-97d7-ee0d6d2469e3,205105526,2008
2008-12-15,2008_12_15_DMLST.tif,2f0a4629-5de0-49a0-93a2-472cbfc85eef,203558717,2008
2008-12-16,2008_12_16_DMLST.tif,82f23c02-f3b8-4567-973b-8a568c48f881,203195896,2008
2008-12-17,2008_12_17_DMLST.tif,5d295952-0be0-48e5-96e8-d1558c129686,202783327,2008
2008-12-18,2008_12_18_DMLST.tif,3b1c0a9c-408f-47a4-bea8-3e19bdab409d,202812142,2008
2008-12-19,2008_12_19_DMLST.tif,56f44523-d94b-4dd7-bf3c-4b3712d49340,202461044,2008
2008-12-20,2008_12_20_DMLST.tif,1d99d88c-4f79-402c-b13b-44b127e99ef0,202299374,2008
2008-12-21,2008_12_21_DMLST.tif,a177cabd-32c5-45c6-8091-7f0d7b50dbde,202568454,2008
2008-12-22,2008_12_22_DMLST.tif,881d9160-87b3-4c66-812a-741559624d54,203177609,2008
2008-12-23,2008_12_23_DMLST.tif,95a5a748-af6a-4da6-8a5c-07443145f4ad,203541465,2008
2008-12-24,2008_12_24_DMLST.tif,bd3080d5-1356-4344-a4fd-e4d8141a896e,203435876,2008
2008-12-25,2008_12_25_DMLST.tif,c2705a9c-97e4-4528-ae0d-67c8529e2013,203140699,2008
2008-12-26,2008_12_26_DMLST.tif,2ae32a92-552b-4929-a722-ae5289ba3849,203525505,2008
2008-12-27,2008_12_27_DMLST.tif,6b2291eb-1158-4cdb-ae34-93db29633dfc,204201870,2008
2008-12-28,2008_12_28_DMLST.tif,c20aaaaf-17a1-4280-a8a9-d1887003db40,204378240,2008
2008-12-29,2008_12_29_DMLST.tif,ac6c9394-dc1b-4310-ba72-7a4c51736dc9,204303684,2008
2008-12-30,2008_12_30_DMLST.tif,51d3e2d6-5f00-403a-8ef1-0882be136527,203770127,2008
2008-12-31,2008_12_31_DMLST.tif,8b067b24-a2ca-4f49-8146-676dcab7fbe1,203042357,2008
2009-01-01,2009_01_01_DMLST.tif,28d4f8f8-7022-48be-b18f-7993debeed24,202502518,2009
2009-01-02,2009_01_02_DMLST.tif,4d9af442-f65a-4702-a557-c14f109105ef,203046362,2009
2009-01-03,2009_01_03_DMLST.tif,b6bf1b02-a69b-4212-9644-796b857f6f99,202946738,2009
2009-01-04,2009_01_04_DMLST.tif,9311a809-637a-4d9a-b35c-113236ae43a1,202476257,2009
2009-01-05,2009_01_05_DMLST.tif,0cce92cb-7418-4178-8673-d7acaa9c4444,202196648,2009
2009-01-06,2009_01_06_DMLST.tif,c7bc81e3-1f03-442f-88fa-caef758431f5,202389797,2009
2009-01-07,2009_01_07_DMLST.tif,f4864acf-e384-4107-a15a-263ee44c9a49,202022259,2009
2009-01-08,2009_01_08_DMLST.tif,2812b9ce-67f8-43fa-9d12-6971e92ed0e6,201527634,2009
2009-01-09,2009_01_09_DMLST.tif,668b2ad5-e913-4953-be62-d0d65556564c,201971760,2009
2009-01-10,2009_01_10_DMLST.tif,2b675bc4-f515-42e6-bc13-d44e0245e2a8,202076784,2009
2009-01-11,2009_01_11_DMLST.tif,532880d7-f29e-4d49-a519-48bb8d2cd93b,201647580,2009
2009-01-12,2009_01_12_DMLST.tif,f24b923d-cde4-42ce-baca-3714abe8ccce,201873744,2009
2009-01-13,2009_01_13_DMLST.tif,29a2e4c7-55e3-4247-a886-20091eee0177,202350004,2009
2009-01-14,2009_01_14_DMLST.tif,06c61c70-5adf-4f8d-a194-3fa928178ef4,202774407,2009
2009-01-15,2009_01_15_DMLST.tif,c7542986-2b94-437e-bf84-2f342577c1b8,203641668,2009
2009-01-16,2009_01_16_DMLST.tif,c7136bf5-d6e7-4970-9e68-fa54d25dd18a,204300355,2009
2009-01-17,2009_01_17_DMLST.tif,cb156f55-4ebf-48fe-8df4-5ee97cf76b8c,204562844,2009
2009-01-18,2009_01_18_DMLST.tif,1d9c3bbc-bade-45fb-955a-9ecf71cf4c8f,204416741,2009
2009-01-19,2009_01_19_DMLST.tif,5a3d351d-359b-469c-8659-c78b14e27be5,204833025,2009
2009-01-20,2009_01_20_DMLST.tif,d90a2fa7-5e7e-481c-a386-efc24539b6b8,204482727,2009
2009-01-21,2009_01_21_DMLST.tif,648ab6d0-764f-471e-85db-74a8625ed38a,204021728,2009
2009-01-22,2009_01_22_DMLST.tif,70bfad1f-2731-4d76-b952-88e5648f43e9,203675435,2009
2009-01-23,2009_01_23_DMLST.tif,499c9ad7-713a-4971-845d-a0a2dd1c7c03,203519150,2009
2009-01-24,2009_01_24_DMLST.tif,49ec484d-fbda-4e5a-8909-21b2b6de0ab5,203740845,2009
2009-01-25,2009_01_25_DMLST.tif,390a08f8-37b8-4c7f-8d9c-44840004c5bd,203356058,2009
2009-01-26,2009_01_26_DMLST.tif,e4268c8a-a2ec-4668-b41e-65a3ca96594e,202545332,2009
2009-01-27,2009_01_27_DMLST.tif,5c82bba2-8c0a-4aff-bfea-4aa71eab02cf,202172507,2009
2009-01-28,2009_01_28_DMLST.tif,0bf7b675-dee8-4ebd-962a-7e7a10f1262d,202327246,2009
2009-01-29,2009_01_29_DMLST.tif,0e3b96cd-fcb0-40fe-a841-8c974afa38d9,202269904,2009
2009-01-30,2009_01_30_DMLST.tif,fa707ec3-fec7-4545-8b48-945977b615c1,201104927,2009
2009-01-31,2009_01_31_DMLST.tif,f3623b7b-2c0b-44fa-9e79-12211579d84d,201257264,2009
2009-02-01,2009_02_01_DMLST.tif,45bf5517-ad1e-4ca5-95d7-97f2e1093ec3,200624952,2009
2009-02-02,2009_02_02_DMLST.tif,41f18bd2-f1e3-486d-a27f-671ff9b04d1a,200409235,2009
2009-02-03,2009_02_03_DMLST.tif,652f256d-ed6a-4557-b572-d7c26aa24b15,200470914,2009
2009-02-04,2009_02_04_DMLST.tif,114bf004-4c13-4e95-9076-2f8f48cfa333,201114020,2009
2009-02-05,2009_02_05_DMLST.tif,75dd6447-1acf-4556-8817-92e88864875e,201732278,2009
2009-02-06,2009_02_06_DMLST.tif,301d0df2-36ba-42e2-bead-d78eb16915c4,201909290,2009
2009-02-07,2009_02_07_DMLST.tif,13824af5-971d-4b13-a459-79b5cbc7b8b5,202270148,2009
2009-02-08,2009_02_08_DMLST.tif,7f00b4af-e9fd-402a-9da3-168518902276,202603618,2009
2009-02-09,2009_02_09_DMLST.tif,63c15f5c-37fc-41ef-a3b3-a3a0c4b611ef,202731847,2009
2009-02-10,2009_02_10_DMLST.tif,8a82c741-f9ef-4204-adc9-149e8519a3ed,202554843,2009
2009-02-11,2009_02_11_DMLST.tif,bdeefc5f-49ee-4846-905d-33b02b4040dc,202393946,2009
2009-02-12,2009_02_12_DMLST.tif,440d8608-13fb-4452-a034-6ca526d070e1,201906268,2009
2009-02-13,2009_02_13_DMLST.tif,edc1299c-2dbf-4cbd-9ffe-7f33b784b295,201694386,2009
2009-02-14,2009_02_14_DMLST.tif,aee24e94-e49a-4b6c-a928-b5b37114aca4,201479067,2009
2009-02-15,2009_02_15_DMLST.tif,4f561dc2-bf63-477e-b862-b1d1908e6731,199578279,2009
2009-02-16,2009_02_16_DMLST.tif,35dc9aae-ac81-4124-a7e5-23eb843a993c,199769200,2009
2009-02-17,2009_02_17_DMLST.tif,42a18e65-69f4-4ba6-b417-9a2a27e72f8a,199983048,2009
2009-02-18,2009_02_18_DMLST.tif,f4a00ec7-274c-43e1-b92f-282df47ce768,200141076,2009
2009-02-19,2009_02_19_DMLST.tif,7a3a9871-79bf-434a-aec2-595501e9cb49,200346284,2009
2009-02-20,2009_02_20_DMLST.tif,f33193b7-8e31-4338-af95-e199facbfd18,200411293,2009
2009-02-21,2009_02_21_DMLST.tif,31a1638a-e611-420b-9d3a-5311cd662ae4,199582698,2009
2009-02-22,2009_02_22_DMLST.tif,ff827583-7845-43be-b952-010527c35eb4,199371923,2009
2009-02-23,2009_02_23_DMLST.tif,53b17dfc-987f-4078-a5c0-0b97648fde0d,200349143,2009
2009-02-24,2009_02_24_DMLST.tif,3e02fe00-f6ea-40a2-98bc-ae1df075632a,200260714,2009
2009-02-25,2009_02_25_DMLST.tif,37beab4e-a8c7-4fe2-81ba-9abfb0ee2884,200268016,2009
2009-02-26,2009_02_26_DMLST.tif,cbc74e27-c637-45a8-946b-650a1b83ae92,200512804,2009
2009-02-27,2009_02_27_DMLST.tif,9a092863-f428-45a4-8535-6910f708c22c,201504946,2009
2009-02-28,2009_02_28_DMLST.tif,18ed78e5-9640-4e05-9807-1649c71e841e,201994034,2009
2009-03-01,2009_03_01_DMLST.tif,d0d99739-57a2-4fe5-ade6-7be98b315022,202351866,2009
2009-03-02,2009_03_02_DMLST.tif,a7e69a53-2fd6-4560-91a1-c7d2f5f366cb,202552824,2009
2009-03-03,2009_03_03_DMLST.tif,8641672a-50a7-4067-8e1d-7f568edb4f28,201830661,2009
2009-03-04,2009_03_04_DMLST.tif,3dde8d05-40bb-498a-9a9c-1a29edff447a,201933368,2009
2009-03-05,2009_03_05_DMLST.tif,ff759583-40c7-438a-8f9c-f89cf18947ca,201626256,2009
2009-03-06,2009_03_06_DMLST.tif,8ebc2d7e-e528-4686-8961-3f86ccf5945e,201100709,2009
2009-03-07,2009_03_07_DMLST.tif,6c005507-9231-4536-802c-439befbc6bda,201168848,2009
2009-03-08,2009_03_08_DMLST.tif,efbfc24a-5e52-4227-8398-d744258bf768,200548958,2009
2009-03-09,2009_03_09_DMLST.tif,17f72d26-cab6-4a38-89ba-9cd4629f2cfd,200621896,2009
2009-03-10,2009_03_10_DMLST.tif,af86d863-6e4e-4c5f-96e5-f0b87cdfc48e,201125433,2009
2009-03-11,2009_03_11_DMLST.tif,072531ab-4be5-4a9f-9839-f546da8461d8,201413327,2009
2009-03-12,2009_03_12_DMLST.tif,055d1537-8a9f-4358-bdcf-63ddd5afb5b5,201263661,2009
2009-03-13,2009_03_13_DMLST.tif,cf36ae66-d887-47c0-b49e-5ce2795e05ee,201591510,2009
2009-03-14,2009_03_14_DMLST.tif,f8d45f89-8f5a-43e9-aadb-b61d9cb9433b,202097136,2009
2009-03-15,2009_03_15_DMLST.tif,a1ddd997-8db4-4929-a645-44acd540c628,202276352,2009
2009-03-16,2009_03_16_DMLST.tif,455dd3c0-b477-412c-b416-277a3318e5a9,202831186,2009
2009-03-17,2009_03_17_DMLST.tif,8985858a-830f-46cd-b5b9-5ebaeaa3bc50,202686530,2009
2009-03-18,2009_03_18_DMLST.tif,4a8b47d1-b82f-46cd-a53f-cb5f1681480d,202027415,2009
2009-03-19,2009_03_19_DMLST.tif,565f154d-14aa-4156-9ea6-b34589a67a56,201896240,2009
2009-03-20,2009_03_20_DMLST.tif,9218c5f7-f1a0-4bf6-b12e-d3949b3f3c81,202098812,2009
2009-03-21,2009_03_21_DMLST.tif,e8e2e3b7-eb8a-4e7d-9a7b-a542ce69eb43,201561561,2009
2009-03-22,2009_03_22_DMLST.tif,8eeab6a4-6aef-4231-ae5a-d403c4a91bb3,201669191,2009
2009-03-23,2009_03_23_DMLST.tif,b1182854-fd26-4309-8780-7457a7051cde,202256857,2009
2009-03-24,2009_03_24_DMLST.tif,34122e29-16b4-49a6-a325-9a859828641a,203181005,2009
2009-03-25,2009_03_25_DMLST.tif,9f0c39dd-3c09-4241-b24e-70597f697e8e,203649159,2009
2009-03-26,2009_03_26_DMLST.tif,9fc6aa26-85ce-46a2-8755-ffcb4cd2e0f7,203623263,2009
2009-03-27,2009_03_27_DMLST.tif,d66269be-ed7c-40e2-bf97-72758a6dfc30,205247471,2009
2009-03-28,2009_03_28_DMLST.tif,af82bdc6-8e9f-438b-a648-133c8f0236b7,205743097,2009
2009-03-29,2009_03_29_DMLST.tif,30064559-a82f-4062-896e-ba074d593b3d,205716564,2009
2009-03-30,2009_03_30_DMLST.tif,3ceee8aa-f04a-4092-82af-d5bcf46401c2,205960701,2009
2009-03-31,2009_03_31_DMLST.tif,0bd2ce06-4a37-4277-a8b8-e67de1652259,206192544,2009
2009-04-01,2009_04_01_DMLST.tif,b6191e68-647e-4b0a-b8e0-5e5ecbf993c1,206215919,2009
2009-04-02,2009_04_02_DMLST.tif,a84f68b4-0bdf-470d-8124-9e1838fb7acc,206309721,2009
2009-04-03,2009_04_03_DMLST.tif,e0acd2e5-7c02-4ece-8ced-52c84685a84b,206089993,2009
2009-04-04,2009_04_04_DMLST.tif,f0ea1db1-896a-46f0-9b40-1d0a1df9556f,204715703,2009
2009-04-05,2009_04_05_DMLST.tif,c2138978-f215-44b8-b148-e24ac312f9fb,204424209,2009
2009-04-06,2009_04_06_DMLST.tif,29ab9582-7c7c-49e6-a45c-4645f753c4d4,204265999,2009
2009-04-07,2009_04_07_DMLST.tif,5b9547ce-8bee-4cf8-8f99-dbb86fce6d62,204553714,2009
2009-04-08,2009_04_08_DMLST.tif,99e996e4-0e9c-4e30-8f85-a523cd01664d,204577118,2009
2009-04-09,2009_04_09_DMLST.tif,0575b8ec-16bd-4b77-8f35-643bb6f60ba8,204285082,2009
2009-04-10,2009_04_10_DMLST.tif,34bcdb54-9d30-4f1f-978b-66f49cad8b57,204661295,2009
2009-04-11,2009_04_11_DMLST.tif,194a83b9-3dd9-4f01-bb7f-f6ca17a5f520,204704381,2009
2009-04-12,2009_04_12_DMLST.tif,c16fe701-ccaa-410f-9227-fee4853b9a31,205382906,2009
2009-04-13,2009_04_13_DMLST.tif,cd4aa05d-ff0d-44a0-96c5-89fa12d9a3c9,205119625,2009
2009-04-14,2009_04_14_DMLST.tif,6f616c53-6873-4517-9c5a-fc218328d81b,204860076,2009
2009-04-15,2009_04_15_DMLST.tif,7db2198d-7bc6-4a2f-bd7d-fa715150e150,205259554,2009
2009-04-16,2009_04_16_DMLST.tif,09c766ac-ea62-46f5-87f0-a0b52d864096,205349141,2009
2009-04-17,2009_04_17_DMLST.tif,5a57247d-3021-4027-9487-db415baaa4a3,205349264,2009
2009-04-18,2009_04_18_DMLST.tif,a8a32779-e43f-4b6a-9a6e-6197f47a0e20,204824715,2009
2009-04-19,2009_04_19_DMLST.tif,a34262cd-6af7-42ae-b881-32916b22bb83,204667570,2009
2009-04-20,2009_04_20_DMLST.tif,39468f2c-40a6-48a9-91be-51c997ea7a65,204088733,2009
2009-04-21,2009_04_21_DMLST.tif,fab826e9-37bc-41ac-a59c-b3970a3ef095,204276955,2009
2009-04-22,2009_04_22_DMLST.tif,30485d6b-7c68-4f52-9f36-b0790c357fa8,204623525,2009
2009-04-23,2009_04_23_DMLST.tif,fa74b120-d2ce-4b45-ad35-53af718acb92,205107845,2009
2009-04-24,2009_04_24_DMLST.tif,c9c05180-a561-4b31-8442-44c95cc6e640,204781746,2009
2009-04-25,2009_04_25_DMLST.tif,04d64d5e-651a-45a6-9ea0-96c0b00df2b4,204870433,2009
2009-04-26,2009_04_26_DMLST.tif,a37bf731-7ea2-4bbb-9614-2858466448a9,204956516,2009
2009-04-27,2009_04_27_DMLST.tif,6de73657-d050-4912-991a-6baeeacc6ad2,204929565,2009
2009-04-28,2009_04_28_DMLST.tif,134c1891-62eb-43ca-a228-141100990c83,205587212,2009
2009-04-29,2009_04_29_DMLST.tif,291d1456-9631-4249-be9f-1907d428d98d,205554955,2009
2009-04-30,2009_04_30_DMLST.tif,b72b56f8-74c5-4852-95bd-04df33373868,205315656,2009
2009-05-01,2009_05_01_DMLST.tif,072fd035-7d4d-448f-b3ba-549354954c7f,205460304,2009
2009-05-02,2009_05_02_DMLST.tif,7e031139-984d-4f00-b0ff-32bcadc1a149,205454804,2009
2009-05-03,2009_05_03_DMLST.tif,d7b4722c-8bfc-46d3-9cae-37fa19e6a789,205178559,2009
2009-05-04,2009_05_04_DMLST.tif,aa530104-d6ab-4d0e-b84f-89ff28b8e846,205389503,2009
2009-05-05,2009_05_05_DMLST.tif,388e47b4-a588-40c6-9d5b-5bf9fc89c1fb,205431768,2009
2009-05-06,2009_05_06_DMLST.tif,23f8437f-752e-4158-b5b5-0994989b4c4f,204416559,2009
2009-05-07,2009_05_07_DMLST.tif,0bf10fd4-adca-4f20-b6a0-08e9f2a5a5de,204911447,2009
2009-05-08,2009_05_08_DMLST.tif,ec715a73-3203-4b34-a5c3-8ed80d003cba,205126890,2009
2009-05-09,2009_05_09_DMLST.tif,03065af9-973b-4ce9-9dd0-adba77a97c4e,205306171,2009
2009-05-10,2009_05_10_DMLST.tif,e930f871-28ad-4b70-9742-23310d157f4d,205576192,2009
2009-05-11,2009_05_11_DMLST.tif,27b4547b-abfa-4e06-9611-d7fcd71085ae,205588181,2009
2009-05-12,2009_05_12_DMLST.tif,3b3d12ce-cec1-4f93-a546-868106fa934a,205289947,2009
2009-05-13,2009_05_13_DMLST.tif,e09214db-4333-4988-9c47-8215d9bfe7df,205337840,2009
2009-05-14,2009_05_14_DMLST.tif,e7955665-b685-4497-b376-8462569dabe9,205535979,2009
2009-05-15,2009_05_15_DMLST.tif,1df66631-247b-49cd-8c4b-d63ca17b1cf8,205359547,2009
2009-05-16,2009_05_16_DMLST.tif,20ad156b-42c0-4438-9817-94a9c4c1ba5b,205345989,2009
2009-05-17,2009_05_17_DMLST.tif,24e3d7f7-4610-420f-b1f4-d835302eadda,204759945,2009
2009-05-18,2009_05_18_DMLST.tif,dca0e331-4854-4a87-8c81-e5037d869c01,204440357,2009
2009-05-19,2009_05_19_DMLST.tif,f1236d26-8cc4-440a-8550-a0228db8ea2f,204411723,2009
2009-05-20,2009_05_20_DMLST.tif,e40c1e31-66ec-4b6e-b72d-27957e676279,204884637,2009
2009-05-21,2009_05_21_DMLST.tif,c4fd2c14-640c-4315-ba97-eb53cd54be34,205206771,2009
2009-05-22,2009_05_22_DMLST.tif,1615150c-3f85-47ee-bfa4-2040cc048358,204744540,2009
2009-05-23,2009_05_23_DMLST.tif,a9e73b96-6d03-4ff9-ad6f-6a989f8d2390,204431850,2009
2009-05-24,2009_05_24_DMLST.tif,ed7e5b0f-ecb6-4436-a822-7bcd68ecb16b,204743677,2009
2009-05-25,2009_05_25_DMLST.tif,ca00589e-713c-4150-847e-0cfb06520c71,205032681,2009
2009-05-26,2009_05_26_DMLST.tif,f85f5710-7f74-4928-a0a8-1f7f82a4b1e2,205336620,2009
2009-05-27,2009_05_27_DMLST.tif,400ae944-c49b-4404-b739-e5c82739a826,205611015,2009
2009-05-28,2009_05_28_DMLST.tif,5f858cff-b17e-4d2c-99d0-f11525fd966f,205310770,2009
2009-05-29,2009_05_29_DMLST.tif,3b194132-18ce-4840-8151-7138df293339,205238005,2009
2009-05-30,2009_05_30_DMLST.tif,80271508-ca66-494a-8639-f855176190a2,205812525,2009
2009-05-31,2009_05_31_DMLST.tif,cdfb4198-eafb-437a-a9b8-2bdfe1d5097a,205691903,2009
2009-06-01,2009_06_01_DMLST.tif,39b34e98-e026-46e4-af9c-dce0d6fccb40,206216914,2009
2009-06-02,2009_06_02_DMLST.tif,75449a61-25ae-4de8-871e-c711778ffb88,206410793,2009
2009-06-03,2009_06_03_DMLST.tif,5fa14fe6-d54b-4043-b826-2006999e3449,206018774,2009
2009-06-04,2009_06_04_DMLST.tif,00f77b9a-9391-45d3-ba8c-87378292afa1,205749527,2009
2009-06-05,2009_06_05_DMLST.tif,90aa2f72-4a5f-43ee-9a50-69e691d9bdb6,205414783,2009
2009-06-06,2009_06_06_DMLST.tif,541c1142-3bcf-4564-a745-76d708f7cf14,205606530,2009
2009-06-07,2009_06_07_DMLST.tif,e4d1c59f-e23a-400b-8f75-fa76ed3ab25e,204870943,2009
2009-06-08,2009_06_08_DMLST.tif,4893791b-c510-4096-ad0d-7be0ec5253a8,204859479,2009
2009-06-09,2009_06_09_DMLST.tif,9160ac8b-090e-40e7-9906-598de4aad3c3,204862265,2009
2009-06-10,2009_06_10_DMLST.tif,3f01ed5b-7d20-4ded-aace-cd14b2804e13,204842366,2009
2009-06-11,2009_06_11_DMLST.tif,fd1a61fa-2ea0-436d-9fbc-3f0b9c28e971,204709995,2009
2009-06-12,2009_06_12_DMLST.tif,19ef6a7d-2c19-45b4-be94-487b4f04808b,204994730,2009
2009-06-13,2009_06_13_DMLST.tif,df47e1e4-f2ec-4faa-a640-60208403a8fb,204954989,2009
2009-06-14,2009_06_14_DMLST.tif,b1445c5c-60f0-4d28-8849-9ef2d92538ed,204748857,2009
2009-06-15,2009_06_15_DMLST.tif,8fd06ecd-2efa-4468-a773-4277e68c06f1,205603460,2009
2009-06-16,2009_06_16_DMLST.tif,5c72ecc8-075b-4534-bb4e-664aa477f99d,205600355,2009
2009-06-17,2009_06_17_DMLST.tif,bbc9a09f-681f-4cfd-a80c-d6147823e460,205615496,2009
2009-06-18,2009_06_18_DMLST.tif,07b7e847-7428-4ace-a3ca-789d88fe2597,205276263,2009
2009-06-19,2009_06_19_DMLST.tif,1c20e260-0589-4e0a-83e8-cf5e510302e5,205095169,2009
2009-06-20,2009_06_20_DMLST.tif,498f67b5-3e1d-427c-8a1c-705a822430a5,204349804,2009
2009-06-21,2009_06_21_DMLST.tif,3914bd02-81d1-4d93-8191-c3588330eff0,203846635,2009
2009-06-22,2009_06_22_DMLST.tif,71b9fac0-276f-4aa6-b308-0931229dabe6,203978267,2009
2009-06-23,2009_06_23_DMLST.tif,9293f87f-7b86-439e-a45c-164764e64605,201994223,2009
2009-06-24,2009_06_24_DMLST.tif,368efbfd-c6da-47c6-ac0c-5b87f7c42ec4,201900562,2009
2009-06-25,2009_06_25_DMLST.tif,0a387cbd-ce09-47ef-a19e-afc1c062b6f2,201853414,2009
2009-06-26,2009_06_26_DMLST.tif,f7bd0b95-e9f7-4bd4-bdcd-ee9ca216366f,202082562,2009
2009-06-27,2009_06_27_DMLST.tif,46fa2a61-558d-495e-8c45-4008eea454f4,202219695,2009
2009-06-28,2009_06_28_DMLST.tif,3272b0a3-2ab6-4cad-a157-c7c42b2bacd6,202495362,2009
2009-06-29,2009_06_29_DMLST.tif,e22fbbec-11ca-4748-8a4f-505d8c246f9f,202054438,2009
2009-06-30,2009_06_30_DMLST.tif,f1177704-09d2-444c-85c4-c7ca86683e7e,202076604,2009
2009-07-01,2009_07_01_DMLST.tif,c4e3c868-939e-42e9-878d-f5f40b778efe,202708381,2009
2009-07-02,2009_07_02_DMLST.tif,249969bb-49c5-4df0-bd1e-b284a992b13b,203242271,2009
2009-07-03,2009_07_03_DMLST.tif,0bd385aa-802a-40af-8a3c-3f1497bef20c,203155292,2009
2009-07-04,2009_07_04_DMLST.tif,79f4948c-5974-461d-8a79-67ff47e35a52,203151290,2009
2009-07-05,2009_07_05_DMLST.tif,2586c969-bde9-4d73-a44d-88e766fd2e1e,203018766,2009
2009-07-06,2009_07_06_DMLST.tif,ace72091-2079-49e3-95e8-a8a970b46cab,202574225,2009
2009-07-07,2009_07_07_DMLST.tif,a8567193-ce8d-4afb-9974-3e26dc8afbf6,202278992,2009
2009-07-08,2009_07_08_DMLST.tif,4e113587-6c9f-4842-9c2c-a0eb31b66c36,202672054,2009
2009-07-09,2009_07_09_DMLST.tif,e4a4cfa0-6a91-4e56-a5ca-bb3012baf4d1,201826925,2009
2009-07-10,2009_07_10_DMLST.tif,2369ec7d-431c-4f3f-8309-4458cf0f67bd,201529054,2009
2009-07-11,2009_07_11_DMLST.tif,0e644021-2e37-463e-96d5-611a321a3091,201412738,2009
2009-07-12,2009_07_12_DMLST.tif,ccc44d96-9870-4897-a5d6-4bb65cf73e08,201176577,2009
2009-07-13,2009_07_13_DMLST.tif,dc900736-e805-487b-9c5f-138301088b27,200948113,2009
2009-07-14,2009_07_14_DMLST.tif,7601584c-23e6-4648-a8ec-e84e3292b5f4,201305924,2009
2009-07-15,2009_07_15_DMLST.tif,31d3b74e-fd31-4075-b24b-5c0b8dfb0080,201662884,2009
2009-07-16,2009_07_16_DMLST.tif,8192c381-0a09-4dae-b6c4-2d1b9662c951,201738072,2009
2009-07-17,2009_07_17_DMLST.tif,a2c21af7-8e2a-40eb-b4ea-4a45a03a76ce,203537182,2009
2009-07-18,2009_07_18_DMLST.tif,984880d6-ce0d-4b22-afdd-b8a91a137e8c,203333343,2009
2009-07-19,2009_07_19_DMLST.tif,3799e802-fc66-42c1-9e4b-934bd8a564d2,203083286,2009
2009-07-20,2009_07_20_DMLST.tif,83a94fd1-e80d-4d07-9f1e-b53df7eb84ab,202691312,2009
2009-07-21,2009_07_21_DMLST.tif,0b20c32b-4979-404c-9381-47e2bf48b0e0,202563209,2009
2009-07-22,2009_07_22_DMLST.tif,d52b7210-9724-4882-ab29-5bce759602cc,202476943,2009
2009-07-23,2009_07_23_DMLST.tif,e9210188-8c74-41ae-b6cd-28cee094f794,202714412,2009
2009-07-24,2009_07_24_DMLST.tif,eeb8f6d1-db43-4acb-a7c6-53c64448e461,203299039,2009
2009-07-25,2009_07_25_DMLST.tif,addef930-1722-4996-a70f-09cdac6ef4c3,202556537,2009
2009-07-26,2009_07_26_DMLST.tif,acc17be6-01fd-4d77-bfa2-4c8a43d1581a,202203487,2009
2009-07-27,2009_07_27_DMLST.tif,fa549abb-3889-4f82-b4df-8a9e17947e7b,201417796,2009
2009-07-28,2009_07_28_DMLST.tif,4d6da726-84ba-48cd-9198-ab8c96edeb46,201081458,2009
2009-07-29,2009_07_29_DMLST.tif,c25d8d2f-c7fd-4f52-bc87-43df5a79ce40,200921917,2009
2009-07-30,2009_07_30_DMLST.tif,396cc61b-6ea2-46ef-af14-2a2a57ba3ad3,200952703,2009
2009-07-31,2009_07_31_DMLST.tif,a746d947-debe-4106-b2e5-ef2d26d121d9,200850543,2009
2009-08-01,2009_08_01_DMLST.tif,11a133ef-335a-4f41-bf71-b8da2f2c48fb,200969986,2009
2009-08-02,2009_08_02_DMLST.tif,7ad0e4f5-0ecc-4d67-93e7-c0ae93c96986,202050521,2009
2009-08-03,2009_08_03_DMLST.tif,ae7f3173-7cb2-4cf2-9ef7-64e87a370729,201525960,2009
2009-08-04,2009_08_04_DMLST.tif,8a70dbca-5ad9-4c74-a88c-a4b24e7acc35,201001531,2009
2009-08-05,2009_08_05_DMLST.tif,bae14653-6589-4856-8715-d619384311ac,200671142,2009
2009-08-06,2009_08_06_DMLST.tif,b2f55e35-9b6e-4011-8b3b-082b2dfe3a86,200500585,2009
2009-08-07,2009_08_07_DMLST.tif,6bd299b5-236e-4190-adcc-23c9476253d0,200778026,2009
2009-08-08,2009_08_08_DMLST.tif,f845b924-8f06-4ec3-bea1-b8e44840fc80,200770207,2009
2009-08-09,2009_08_09_DMLST.tif,bc09ee4e-e360-4bb0-8639-071389c55e27,200516055,2009
2009-08-10,2009_08_10_DMLST.tif,202a8f64-6a25-44c3-8273-1a0600f8161f,199858697,2009
2009-08-11,2009_08_11_DMLST.tif,c957f82c-a80e-4c56-b5b7-5e305e83c670,199958295,2009
2009-08-12,2009_08_12_DMLST.tif,f14f835d-5799-453c-9377-bd7d26d8b9c8,199590422,2009
2009-08-13,2009_08_13_DMLST.tif,5816c4bb-4415-4a8f-8f9c-51918a444f4e,199185158,2009
2009-08-14,2009_08_14_DMLST.tif,03fc7505-8572-4eb6-8d9b-632e4984d10a,199225004,2009
2009-08-15,2009_08_15_DMLST.tif,1a567fc8-4a1f-4dbe-89aa-9cc512f1d8e1,199308036,2009
2009-08-16,2009_08_16_DMLST.tif,37b30c31-a2c9-4c2e-8374-3b7bb303a25c,199312011,2009
2009-08-17,2009_08_17_DMLST.tif,a4d7e7fc-73e1-4d12-9e8f-290db824c2c2,199608399,2009
2009-08-18,2009_08_18_DMLST.tif,47d7929b-f027-499c-b388-1d8ec6db1182,201080744,2009
2009-08-19,2009_08_19_DMLST.tif,62eaa069-cf37-41ee-82a7-4a71ad6bfcd7,200768528,2009
2009-08-20,2009_08_20_DMLST.tif,1add092e-1843-4092-9e0b-3f1b39bd2048,200818219,2009
2009-08-21,2009_08_21_DMLST.tif,f70df076-a9ea-4bef-bf23-b100a2a5a533,201003306,2009
2009-08-22,2009_08_22_DMLST.tif,efccb07f-34c7-4cf5-8829-72bae30bb558,201202126,2009
2009-08-23,2009_08_23_DMLST.tif,8cc20040-3b2c-459e-b21c-3947c2e1150f,201364443,2009
2009-08-24,2009_08_24_DMLST.tif,ca71f42a-02aa-4e08-9913-b4338c8c3e81,201519288,2009
2009-08-25,2009_08_25_DMLST.tif,261fbbee-99c1-485c-a98f-0803e2c7b913,201451650,2009
2009-08-26,2009_08_26_DMLST.tif,83feae29-a82d-44c4-8dfe-46a936ff85a2,200061533,2009
2009-08-27,2009_08_27_DMLST.tif,8112a43e-f42b-4657-9a03-ef602c44c41a,199842342,2009
2009-08-28,2009_08_28_DMLST.tif,60a89fe6-dbcb-4d84-8396-2ba55c5f62bc,200140270,2009
2009-08-29,2009_08_29_DMLST.tif,e6dc978f-cd8e-4d16-bc72-64a6d08204e6,200192502,2009
2009-08-30,2009_08_30_DMLST.tif,f49e04f7-dd42-4f6c-bff5-da963359795e,200027898,2009
2009-08-31,2009_08_31_DMLST.tif,0cbb71ed-aa26-4edc-880b-4a1e38e67f12,200256212,2009
2009-09-01,2009_09_01_DMLST.tif,85b9d2bb-4676-4b53-93a9-a6d9f2c0af5a,200387005,2009
2009-09-02,2009_09_02_DMLST.tif,4a14329c-db9e-4c78-af94-83a08ac30238,200552994,2009
2009-09-03,2009_09_03_DMLST.tif,08ce398b-3c9d-459c-abfb-6d3afddef5cc,202193899,2009
2009-09-04,2009_09_04_DMLST.tif,62850956-2885-4685-be3a-edf50bc168fb,201840607,2009
2009-09-05,2009_09_05_DMLST.tif,85c2187e-522d-4815-ac9c-1b70b1097b4d,201874517,2009
2009-09-06,2009_09_06_DMLST.tif,84a1a0fe-d84d-4b5e-a563-6a56580a72ee,201992082,2009
2009-09-07,2009_09_07_DMLST.tif,df5c6a47-fcbc-407a-a417-ed88ec986bff,202192758,2009
2009-09-08,2009_09_08_DMLST.tif,70ec6dd9-c0b2-49aa-a6f2-666dc40da799,201857356,2009
2009-09-09,2009_09_09_DMLST.tif,1d703905-62d1-437f-9f64-ad50c586c50f,201757880,2009
2009-09-10,2009_09_10_DMLST.tif,9f6ecb56-5c49-428e-81c2-a21e258f2a6d,201668887,2009
2009-09-11,2009_09_11_DMLST.tif,8e6c5f54-49b1-4190-8310-e4162dac2755,201271426,2009
2009-09-12,2009_09_12_DMLST.tif,fd519c85-2465-4cd0-8dc5-399ed346e647,201462464,2009
2009-09-13,2009_09_13_DMLST.tif,5aa814d5-542f-44fe-b2d3-1d3c77200bdd,200955100,2009
2009-09-14,2009_09_14_DMLST.tif,177105e6-91b7-4d72-b16d-605df8b5fa3c,200260179,2009
2009-09-15,2009_09_15_DMLST.tif,4b3318c5-a763-485b-a835-21e0a3aafd36,200265361,2009
2009-09-16,2009_09_16_DMLST.tif,fb9fc20a-7e3c-4c57-9ba7-45b1e6994954,200779522,2009
2009-09-17,2009_09_17_DMLST.tif,67b88180-ed75-4a84-8ee7-2f516a2218ea,201120568,2009
2009-09-18,2009_09_18_DMLST.tif,771bac7e-f67b-4772-80ed-d4ca410ad631,200839744,2009
2009-09-19,2009_09_19_DMLST.tif,3d5b0369-3546-4cbf-94cf-03d7fc3d22ed,202702874,2009
2009-09-20,2009_09_20_DMLST.tif,e1bb643b-2e21-4a9d-b099-7bade33fabc0,202767319,2009
2009-09-21,2009_09_21_DMLST.tif,395fc420-0890-49fc-bfb1-1d14276d5f96,203286221,2009
2009-09-22,2009_09_22_DMLST.tif,867cea59-f35a-4a10-a66a-18e77ef896d5,203278026,2009
2009-09-23,2009_09_23_DMLST.tif,cac3d83b-3025-4de1-9e98-8f3b015d66bd,202767740,2009
2009-09-24,2009_09_24_DMLST.tif,ac56e5b0-6c5c-4aa9-b07e-7ed542b2fee7,202891736,2009
2009-09-25,2009_09_25_DMLST.tif,128d50c6-a4a9-4d49-ae05-129c4e595c03,203244801,2009
2009-09-26,2009_09_26_DMLST.tif,31290ed0-65be-40ec-a5ac-467370946fc8,203367120,2009
2009-09-27,2009_09_27_DMLST.tif,c2549a52-06a5-453b-994e-76b6744c7dd5,202770148,2009
2009-09-28,2009_09_28_DMLST.tif,a7edf396-85b4-4e52-a4ab-fd923d13aa4f,202806779,2009
2009-09-29,2009_09_29_DMLST.tif,8fa7413b-4262-4b79-9f36-0d1cecf051c6,203486481,2009
2009-09-30,2009_09_30_DMLST.tif,dbf636a8-1a3f-4b11-8113-f338b2a60d35,204168894,2009
2009-10-01,2009_10_01_DMLST.tif,8230785b-c62f-4f9f-84e2-b8a8997b351c,204065603,2009
2009-10-02,2009_10_02_DMLST.tif,ddbb24bc-de24-4afe-9078-cc6321c7f6ab,203668655,2009
2009-10-03,2009_10_03_DMLST.tif,9acafcca-5ff9-481a-ab05-db81ac74fe58,203095685,2009
2009-10-04,2009_10_04_DMLST.tif,196f8b29-21cf-4911-9dbe-3d484a567f89,203048601,2009
2009-10-05,2009_10_05_DMLST.tif,b2f83600-0579-485e-a27d-d69a8c715c76,205756219,2009
2009-10-06,2009_10_06_DMLST.tif,3db2fe19-c69a-431d-ac59-000b83dbf837,205699473,2009
2009-10-07,2009_10_07_DMLST.tif,dba13ec8-9795-400f-81ab-74f1b27adfb3,206139548,2009
2009-10-08,2009_10_08_DMLST.tif,2c205a95-ba65-4f71-9591-fb05aa3e1503,206691456,2009
2009-10-09,2009_10_09_DMLST.tif,48880ff4-8501-4821-a9cf-5d67976649ff,206834675,2009
2009-10-10,2009_10_10_DMLST.tif,3897e5c2-9891-4a21-a699-060f97b38195,206550811,2009
2009-10-11,2009_10_11_DMLST.tif,ceae5c21-80af-4c95-a4f1-5138c73b75c3,206273199,2009
2009-10-12,2009_10_12_DMLST.tif,958de103-7426-4c97-ae0c-db8c44bd614e,205655473,2009
2009-10-13,2009_10_13_DMLST.tif,77e62603-3ead-4ece-ae91-12860a9ea5a0,205233765,2009
2009-10-14,2009_10_14_DMLST.tif,4629131a-0ff9-4ea5-8854-d8d727c2a418,205535868,2009
2009-10-15,2009_10_15_DMLST.tif,540d199c-f050-409f-8bfc-5705bb1ff518,205261322,2009
2009-10-16,2009_10_16_DMLST.tif,9c11cfaf-eeba-42d8-95db-ccc2ef8b5b11,205240339,2009
2009-10-17,2009_10_17_DMLST.tif,9d4581e6-bc58-432e-a8c6-f804ef7a8604,205375329,2009
2009-10-18,2009_10_18_DMLST.tif,c133a416-ea8f-475a-837b-23000729a805,205148309,2009
2009-10-19,2009_10_19_DMLST.tif,bd07377d-01e2-462d-93a1-eafc00ceb7fb,205177349,2009
2009-10-20,2009_10_20_DMLST.tif,56a51e92-266e-466e-b3ac-a80434014825,204658093,2009
2009-10-21,2009_10_21_DMLST.tif,98a07af6-8f3d-4a82-bc9c-8f50d10a8a59,206337559,2009
2009-10-22,2009_10_22_DMLST.tif,63b708f2-22e8-4cb4-82a0-08b288464d5c,206509263,2009
2009-10-23,2009_10_23_DMLST.tif,5a4bb59e-52e2-4980-a22b-8237b27611ae,206075908,2009
2009-10-24,2009_10_24_DMLST.tif,1800beee-c8db-4db8-a32e-af27af9df872,205815396,2009
2009-10-25,2009_10_25_DMLST.tif,04c954c6-1568-4cec-9c1c-fa4b541ac5a6,205130931,2009
2009-10-26,2009_10_26_DMLST.tif,b24e725b-7c3c-4658-9a3c-129c02f89121,205368388,2009
2009-10-27,2009_10_27_DMLST.tif,f4d6606e-8119-4aa6-9d0e-e84b3219d76c,205699469,2009
2009-10-28,2009_10_28_DMLST.tif,9533eae7-9f2a-4451-b942-45b08066ecd7,205478694,2009
2009-10-29,2009_10_29_DMLST.tif,d610af78-3ef9-449b-b312-10f2fa0afeea,204326717,2009
2009-10-30,2009_10_30_DMLST.tif,63816b29-eabb-4df9-ad12-efb318206c58,204089573,2009
2009-10-31,2009_10_31_DMLST.tif,651cb2dc-b5fa-464e-951c-b3a6815ff21d,203659276,2009
2009-11-01,2009_11_01_DMLST.tif,499b41ee-268e-4a08-842a-eb40c54730be,203988086,2009
2009-11-02,2009_11_02_DMLST.tif,ba927e48-04da-41fe-b5c1-213517ebcc78,204570948,2009
2009-11-03,2009_11_03_DMLST.tif,76ec40aa-8ea3-4c25-9bc9-ef0fea2c3d40,204746645,2009
2009-11-04,2009_11_04_DMLST.tif,aa9bc4f2-ffaf-497a-baef-02e394f3d400,204464347,2009
2009-11-05,2009_11_05_DMLST.tif,427f0484-095a-4c75-90ba-e32b589d2dcd,204697890,2009
2009-11-06,2009_11_06_DMLST.tif,dc6ca069-0d3e-476b-bc0a-b7fc9fe61100,206201323,2009
2009-11-07,2009_11_07_DMLST.tif,fdb88456-ab82-46cd-8405-34bdc7889a60,205418811,2009
2009-11-08,2009_11_08_DMLST.tif,df6b50a7-4638-4b0b-bd07-de7691be995a,204849321,2009
2009-11-09,2009_11_09_DMLST.tif,050c7002-126f-472f-9e10-a98801023dd5,204321120,2009
2009-11-10,2009_11_10_DMLST.tif,4b82a574-d527-4e6c-9e30-8c2e569b23fb,204417357,2009
2009-11-11,2009_11_11_DMLST.tif,d262b793-d7d2-41c2-876b-67fbda3892e5,204524560,2009
2009-11-12,2009_11_12_DMLST.tif,0cefd74d-4b78-4d19-8a88-e5212cacc11f,204856642,2009
2009-11-13,2009_11_13_DMLST.tif,3b5c287b-61ee-4e0c-af36-a6abff786dfc,204573001,2009
2009-11-14,2009_11_14_DMLST.tif,020269f9-3829-426a-b673-f0e5f8d59b9b,203403185,2009
2009-11-15,2009_11_15_DMLST.tif,dae039bc-a342-47cf-98d4-95fd8600f16d,203606884,2009
2009-11-16,2009_11_16_DMLST.tif,7c50f66d-f011-414b-8ff1-99e1df93a7dd,203476381,2009
2009-11-17,2009_11_17_DMLST.tif,852fbd65-1e7d-4d4e-94ed-c9477f7a48d6,203717783,2009
2009-11-18,2009_11_18_DMLST.tif,b4351961-abfb-4c07-b81a-6ab4b431457c,203568652,2009
2009-11-19,2009_11_19_DMLST.tif,0eafa08b-a6e2-4f2a-9c43-11ae55c82c61,203629114,2009
2009-11-20,2009_11_20_DMLST.tif,1b6d2547-d379-4776-bd87-2a2a69665e54,203871373,2009
2009-11-21,2009_11_21_DMLST.tif,216461d9-a91e-4a1c-993e-394c509492f6,204190592,2009
2009-11-22,2009_11_22_DMLST.tif,7fec445f-eb65-422a-a847-f2ba21ee861c,206043771,2009
2009-11-23,2009_11_23_DMLST.tif,e0e10d12-03ce-41f1-8059-63b817f67ab3,206222781,2009
2009-11-24,2009_11_24_DMLST.tif,de1888aa-99df-4c06-8669-180ee401915b,206215647,2009
2009-11-25,2009_11_25_DMLST.tif,64a26ddb-5780-420a-a656-245925e368ac,206062226,2009
2009-11-26,2009_11_26_DMLST.tif,59025e3c-b598-47ad-8f4c-b024cb3ccd3f,205953412,2009
2009-11-27,2009_11_27_DMLST.tif,fa28b5f6-0329-401f-a573-a51c697bf873,206148927,2009
2009-11-28,2009_11_28_DMLST.tif,9a15bc20-646e-41e1-a5c0-e1dc3ca7a79a,206132554,2009
2009-11-29,2009_11_29_DMLST.tif,ea987290-c851-4c37-b729-73bc7ecb6ad3,206010732,2009
2009-11-30,2009_11_30_DMLST.tif,ad02ee2a-8ac2-4bb7-bf07-2e4e9d3d814d,205366449,2009
2009-12-01,2009_12_01_DMLST.tif,f8fa0e34-498b-4d38-a0f7-73822d317e5e,205189188,2009
2009-12-02,2009_12_02_DMLST.tif,6b0faafa-4bb1-4142-a749-3894c770e322,205244547,2009
2009-12-03,2009_12_03_DMLST.tif,4315dce7-6200-42cf-bb03-396451d1be73,204864593,2009
2009-12-04,2009_12_04_DMLST.tif,d5786919-84e9-4b33-8d1a-bb318f9f9a15,204231988,2009
2009-12-05,2009_12_05_DMLST.tif,bdd100fd-5e12-4a7d-8304-2258dd308d8c,204150106,2009
2009-12-06,2009_12_06_DMLST.tif,710819fc-6430-4ac9-ac04-f699a7bb6fc4,203428502,2009
2009-12-07,2009_12_07_DMLST.tif,9842bc69-5ced-4ecf-90ac-0f021a7885d2,202918486,2009
2009-12-08,2009_12_08_DMLST.tif,8df5d4a8-8096-42ed-8251-5a29f73ee4c6,202907664,2009
2009-12-09,2009_12_09_DMLST.tif,bb5857e8-afca-4d8b-bdb3-dd9be50b93e2,202719434,2009
2009-12-10,2009_12_10_DMLST.tif,2e71ded9-3307-49c9-91b1-03fef832ed8a,202991073,2009
2009-12-11,2009_12_11_DMLST.tif,cf99c2b7-4660-4251-a60d-d9b45a535046,202764007,2009
2009-12-12,2009_12_12_DMLST.tif,d8b72d79-1f1e-4cf6-813a-87edde85f823,202534218,2009
2009-12-13,2009_12_13_DMLST.tif,7d26c77a-68d8-4ccb-bdb0-16eff5de843c,202367628,2009
2009-12-14,2009_12_14_DMLST.tif,2231829e-f8d1-4dd4-8ff4-06bb4af7c6fe,201719910,2009
2009-12-15,2009_12_15_DMLST.tif,dec1f7e7-f881-4c69-ac83-6507ef264809,201452259,2009
2009-12-16,2009_12_16_DMLST.tif,fc1ac917-8a84-49ed-9ff6-761026813ffc,200594111,2009
2009-12-17,2009_12_17_DMLST.tif,758db374-4f2c-42b0-8bdf-6f854ee27bcf,201983519,2009
2009-12-18,2009_12_18_DMLST.tif,8b1b2874-e13b-495a-9093-336d309cf5b2,202663446,2009
2009-12-19,2009_12_19_DMLST.tif,798d1cb3-7a92-4912-aff8-f8dc11d90cf6,202725406,2009
2009-12-20,2009_12_20_DMLST.tif,730bea6e-ce2f-47e5-90a1-57363b63c03c,202071656,2009
2009-12-21,2009_12_21_DMLST.tif,50409ff8-aaa4-4972-87f1-1fa85e4d59ba,201929947,2009
2009-12-22,2009_12_22_DMLST.tif,b91b4a64-9d44-4652-8e6a-3c66ade49426,201419972,2009
2009-12-23,2009_12_23_DMLST.tif,f6e448f6-e564-4a7e-944b-a2d23e7eaaa7,201518228,2009
2009-12-24,2009_12_24_DMLST.tif,18ba68a7-6a88-4f77-9590-2018e8a65cf8,202683442,2009
2009-12-25,2009_12_25_DMLST.tif,3e27e57a-c68c-42fd-b058-37b6446cc06c,203035178,2009
2009-12-26,2009_12_26_DMLST.tif,9e3ad29d-bfaa-4185-a368-345d05bd5404,202724546,2009
2009-12-27,2009_12_27_DMLST.tif,049f8bdd-1d1a-4254-8562-e19be332d6ca,202292648,2009
2009-12-28,2009_12_28_DMLST.tif,7f596c08-9ec4-4555-b6e8-856fe3af86a2,201586024,2009
2009-12-29,2009_12_29_DMLST.tif,169af175-23be-4144-82ef-3e73e2e749ca,201334320,2009
2009-12-30,2009_12_30_DMLST.tif,1586f00d-5ed4-4116-9224-6d09c0365ce5,200692718,2009
2009-12-31,2009_12_31_DMLST.tif,eb99a4b0-5ac8-46dd-985c-7b5cf1de5b6b,200612795,2009
2010-01-01,2010_01_01_DMLST.tif,aaa777c9-523e-470d-854c-0361d5b6f59f,200260822,2010
2010-01-02,2010_01_02_DMLST.tif,245c2490-019b-4787-88dc-e25d4d45020d,200558693,2010
2010-01-03,2010_01_03_DMLST.tif,17be10ab-ced8-4fe2-8e40-635fed635ad1,200483512,2010
2010-01-04,2010_01_04_DMLST.tif,e84816dc-7659-432c-9b76-e10894eae260,200382251,2010
2010-01-05,2010_01_05_DMLST.tif,2fd82299-28bd-4b5f-9098-7aaca667e07f,200777948,2010
2010-01-06,2010_01_06_DMLST.tif,d2215136-c6d1-4bd0-a085-5bb98d500b3f,201107733,2010
2010-01-07,2010_01_07_DMLST.tif,2031a17f-d9b5-4200-a037-106312bd2b14,201027990,2010
2010-01-08,2010_01_08_DMLST.tif,8e8a581d-c15f-4b23-a243-399ea790c7d6,200619925,2010
2010-01-09,2010_01_09_DMLST.tif,256db27c-d702-4f2e-92fa-ba251207bbe3,200352929,2010
2010-01-10,2010_01_10_DMLST.tif,8349a470-55c3-4ac1-b8ca-9083ebf17e58,200162169,2010
2010-01-11,2010_01_11_DMLST.tif,2001f3ce-ceed-4a96-baca-4933c0528954,200596085,2010
2010-01-12,2010_01_12_DMLST.tif,0d5dd62c-afac-4647-86d1-c1cce938c669,201940905,2010
2010-01-13,2010_01_13_DMLST.tif,86f39781-80af-48d9-ac64-cb413dee4e97,202649458,2010
2010-01-14,2010_01_14_DMLST.tif,3169bce3-1500-4624-97d2-c9fd907e6941,202324369,2010
2010-01-15,2010_01_15_DMLST.tif,1db9bdcb-f4e7-44eb-98ca-f41b22e903b3,202148599,2010
2010-01-16,2010_01_16_DMLST.tif,8b46e69d-8120-463e-bef8-b7879aeb940f,202128350,2010
2010-01-17,2010_01_17_DMLST.tif,53e14158-21c2-43a5-8537-6965b635a199,201729681,2010
2010-01-18,2010_01_18_DMLST.tif,62d07c0b-a77d-4339-8f99-e34c7b5a1662,202183714,2010
2010-01-19,2010_01_19_DMLST.tif,8a09fb81-5d85-4e78-b00c-416aceb6648d,201730574,2010
2010-01-20,2010_01_20_DMLST.tif,f6725361-4026-484a-b89e-5c17fb39ec6e,200947977,2010
2010-01-21,2010_01_21_DMLST.tif,00e0a0d1-f2e4-4621-b8cc-98af03a8f1cd,201077380,2010
2010-01-22,2010_01_22_DMLST.tif,c529006b-2bc0-425e-bc98-2fa354c8baa2,201701370,2010
2010-01-23,2010_01_23_DMLST.tif,17b534ac-ca7f-47c4-a58a-ac17fccd27a9,201608073,2010
2010-01-24,2010_01_24_DMLST.tif,b99ead9d-acc3-4b8b-a079-38cf315d99c2,200899764,2010
2010-01-25,2010_01_25_DMLST.tif,7fb996eb-5cb8-4bbc-808a-b1b9fa3b38c6,200082550,2010
2010-01-26,2010_01_26_DMLST.tif,4a7efd28-3437-493a-8a3d-ed7489c3edc6,200067648,2010
2010-01-27,2010_01_27_DMLST.tif,32488d5b-19dc-4931-bf5b-4a4347745f0e,200340395,2010
2010-01-28,2010_01_28_DMLST.tif,29b75740-d2a2-4c83-bb51-d604eff4fb54,200564153,2010
2010-01-29,2010_01_29_DMLST.tif,9c8eebe7-07e5-4b5d-9c78-f216ca354a7c,200513718,2010
2010-01-30,2010_01_30_DMLST.tif,fee1ee1d-4ddc-47a5-833a-1759d9907994,198746643,2010
2010-01-31,2010_01_31_DMLST.tif,ef9f23cf-3809-4ced-a727-e54a896e4c08,198777055,2010
2010-02-01,2010_02_01_DMLST.tif,0f842197-60be-4e4a-aba0-bf4f0ef0b3a4,198954507,2010
2010-02-02,2010_02_02_DMLST.tif,0aeadb95-3202-4cf9-a369-1e94d2209c29,199356228,2010
2010-02-03,2010_02_03_DMLST.tif,8cfe9f2a-0ab2-4d1f-9a9f-6341d288e3e0,199717721,2010
2010-02-04,2010_02_04_DMLST.tif,ee052f59-d064-4489-97a1-f941346f3ac5,199898579,2010
2010-02-05,2010_02_05_DMLST.tif,3595d78b-97ec-41a8-a975-14b386717061,200085190,2010
2010-02-06,2010_02_06_DMLST.tif,b73afb3b-d8e0-49f5-8a73-5e9c8dec16a2,200530727,2010
2010-02-07,2010_02_07_DMLST.tif,1557c9e1-e964-478b-9db0-f30eeef23bc1,201184974,2010
2010-02-08,2010_02_08_DMLST.tif,8d190e24-26fd-4c45-839c-28028afa2ca1,200206748,2010
2010-02-09,2010_02_09_DMLST.tif,3cb0eff4-7867-408b-9591-9f12f4257619,199482413,2010
2010-02-10,2010_02_10_DMLST.tif,c5ab1aa0-6766-47e3-b4a4-c446cb234f59,199089324,2010
2010-02-11,2010_02_11_DMLST.tif,d3e03c1a-1cd3-4615-94aa-4d1c449d6350,199032304,2010
2010-02-12,2010_02_12_DMLST.tif,0e3d0ff6-0db0-4201-bd38-f9c55e4fbae7,199342644,2010
2010-02-13,2010_02_13_DMLST.tif,e7eaf893-7bde-472d-adee-b59983741cbc,199705369,2010
2010-02-14,2010_02_14_DMLST.tif,541291a6-f9cf-4e63-8073-57983fa27634,199900199,2010
2010-02-15,2010_02_15_DMLST.tif,40d92e80-9a3f-49a6-8cd5-401e5d9c8330,199125296,2010
2010-02-16,2010_02_16_DMLST.tif,090ce7ce-6500-4df0-8da4-646c039c8587,199473386,2010
2010-02-17,2010_02_17_DMLST.tif,38bc5d5f-dd3d-4259-aa28-58846fea9ece,199680343,2010
2010-02-18,2010_02_18_DMLST.tif,3937ddc8-7e4f-4d62-8480-49b49b29922f,199906199,2010
2010-02-19,2010_02_19_DMLST.tif,0f36cb68-155d-4841-b7fc-0b75e2acd33f,200089303,2010
2010-02-20,2010_02_20_DMLST.tif,15263067-9221-4843-988c-bbaf4ce84045,200238863,2010
2010-02-21,2010_02_21_DMLST.tif,e7c7e22d-6008-4f48-b505-2966395fa315,199932632,2010
2010-02-22,2010_02_22_DMLST.tif,a42867f6-b802-413d-ab78-bbd398b8d099,200074048,2010
2010-02-23,2010_02_23_DMLST.tif,c78d3c31-fb36-401c-9430-ecc9027ecc00,199860474,2010
2010-02-24,2010_02_24_DMLST.tif,163e6206-14a9-4092-a34e-fcf0dbccf3aa,199802896,2010
2010-02-25,2010_02_25_DMLST.tif,74b22c17-cf8d-4094-8e0b-1e9a7900092e,200083256,2010
2010-02-26,2010_02_26_DMLST.tif,9b952db5-9714-47f8-857a-e167025d0569,200703400,2010
2010-02-27,2010_02_27_DMLST.tif,e125d9ed-4d82-46cf-8d5c-9a7ea65a847a,201007222,2010
2010-02-28,2010_02_28_DMLST.tif,390f5bf3-0561-40e1-9d69-187ab3f75694,201062957,2010
2010-03-01,2010_03_01_DMLST.tif,48a8a925-58d3-4521-8794-23f625b8d409,201503595,2010
2010-03-02,2010_03_02_DMLST.tif,75373ff2-c556-46a6-80d1-2f52c4a8b9ad,201579715,2010
2010-03-03,2010_03_03_DMLST.tif,46839776-e3f8-4b82-8c0f-2986dfda47f7,200112518,2010
2010-03-04,2010_03_04_DMLST.tif,28ed9371-6aab-4cd0-9789-85209ae18df7,199594861,2010
2010-03-05,2010_03_05_DMLST.tif,2483c1d4-766f-48a5-aebf-465e9ea918ca,199893091,2010
2010-03-06,2010_03_06_DMLST.tif,f2836461-98de-4a1b-b45f-b0805fe69f43,200448607,2010
2010-03-07,2010_03_07_DMLST.tif,c417e44d-b326-43ea-afd4-1dae2211830c,200302248,2010
2010-03-08,2010_03_08_DMLST.tif,0a18f58b-f091-4b8e-84e0-3385e7a31744,200223271,2010
2010-03-09,2010_03_09_DMLST.tif,3f4e868f-cba6-4ac8-a45f-5b7b1a5951e0,200813653,2010
2010-03-10,2010_03_10_DMLST.tif,60f239f0-c28e-40e3-8421-d11c8a2ab1b5,200901084,2010
2010-03-11,2010_03_11_DMLST.tif,6a77d5f1-7c99-4b0c-b86e-736bc2f16f5d,201235247,2010
2010-03-12,2010_03_12_DMLST.tif,8f2027b7-ba32-46f1-b20a-f2bc8ac23356,201337542,2010
2010-03-13,2010_03_13_DMLST.tif,6f3c009d-c5c5-4641-8952-32fbd027a7da,202189858,2010
2010-03-14,2010_03_14_DMLST.tif,633c2692-0f7c-4ec2-acae-7e58d0b33ff4,202090209,2010
2010-03-15,2010_03_15_DMLST.tif,67a697ac-1375-4a9a-9492-a249972e5522,202642056,2010
2010-03-16,2010_03_16_DMLST.tif,c0daadf2-9ee0-4b2f-92bc-501f7109996f,202948887,2010
2010-03-17,2010_03_17_DMLST.tif,0bfc0da3-328a-46c1-a791-8f5999433ff5,203335938,2010
2010-03-18,2010_03_18_DMLST.tif,19121143-e57b-4ee4-b47f-c759709555ea,203767668,2010
2010-03-19,2010_03_19_DMLST.tif,2bf974aa-3f8b-4fa9-8b54-5412485b699c,202491971,2010
2010-03-20,2010_03_20_DMLST.tif,c97f87f3-2ee2-4b7b-bbf9-8ebdbc5a56bd,202476213,2010
2010-03-21,2010_03_21_DMLST.tif,9a9fc7f2-6f3a-444c-8cdd-27cc432c94ba,202558545,2010
2010-03-22,2010_03_22_DMLST.tif,ad17065a-04ac-4bca-a3b5-eb79ce190c82,202442810,2010
2010-03-23,2010_03_23_DMLST.tif,ffc931d0-8255-45e2-8f03-798eb82a2ead,202282279,2010
2010-03-24,2010_03_24_DMLST.tif,a0598d85-ae3d-45ff-afdb-33cd006dcd8c,201813519,2010
2010-03-25,2010_03_25_DMLST.tif,412ed1e7-c9ed-420d-9eaa-299393baef65,201628453,2010
2010-03-26,2010_03_26_DMLST.tif,a4db6afe-07af-4703-9b6a-7f5cc2536548,202234840,2010
2010-03-27,2010_03_27_DMLST.tif,8a7a4b75-6762-433c-8ab3-9361f35eb5cf,203336484,2010
2010-03-28,2010_03_28_DMLST.tif,126eeef9-5627-45e6-9a78-51053d4ab94c,203973851,2010
2010-03-29,2010_03_29_DMLST.tif,d20fb29a-4f74-4839-9f32-bcb6a6c5e968,204104068,2010
2010-03-30,2010_03_30_DMLST.tif,7766bcfd-3ff1-4876-8f14-a151d2786e37,204032765,2010
2010-03-31,2010_03_31_DMLST.tif,60fdbb24-87f7-4f48-be9f-d279f03c7e87,204091655,2010
2010-04-01,2010_04_01_DMLST.tif,ffd2a260-165a-4eaf-9f08-450ea067db8e,204241336,2010
2010-04-02,2010_04_02_DMLST.tif,9888f785-7eca-4111-b9e3-0b19edf9f3c7,204439713,2010
2010-04-03,2010_04_03_DMLST.tif,90ed836f-4a39-499d-9aae-622d0db5f6ad,204270538,2010
2010-04-04,2010_04_04_DMLST.tif,412f2be4-2e2e-4106-824c-7a3f13f1d1f9,203363465,2010
2010-04-05,2010_04_05_DMLST.tif,38534f6f-65ca-409a-a682-710d638ab5f2,203465013,2010
2010-04-06,2010_04_06_DMLST.tif,4d69036c-1913-40ec-b55e-e16d3fffbc31,203229491,2010
2010-04-07,2010_04_07_DMLST.tif,9a55c9ac-29a6-4933-9552-35ce43685c67,203492202,2010
2010-04-08,2010_04_08_DMLST.tif,2209752d-646c-4194-9bf3-6f806ddd3943,203102641,2010
2010-04-09,2010_04_09_DMLST.tif,bf6c2ed9-9c68-4d6d-95da-f2ea0d0d97fe,202449290,2010
2010-04-10,2010_04_10_DMLST.tif,1460716b-480e-4f3b-87d6-be715df94242,202395410,2010
2010-04-11,2010_04_11_DMLST.tif,4ff60eb6-f9b3-4667-9eb1-68247e607e50,202424675,2010
2010-04-12,2010_04_12_DMLST.tif,16c0ad26-11bc-4f82-90ef-afc5613172ff,203521819,2010
2010-04-13,2010_04_13_DMLST.tif,3f98964c-7e38-4564-ab1a-677a2014a111,204369763,2010
2010-04-14,2010_04_14_DMLST.tif,d0edd970-fef9-4cd1-a94c-158b5f7cbe2a,204987806,2010
2010-04-15,2010_04_15_DMLST.tif,91e9f182-c969-4d19-a135-99015befbdc9,204900566,2010
2010-04-16,2010_04_16_DMLST.tif,14c024a5-e0ae-4eec-8ebd-a4ac83d8753b,204548153,2010
2010-04-17,2010_04_17_DMLST.tif,2f0685ed-350e-4b83-95f5-0fc4bb65bac5,204328576,2010
2010-04-18,2010_04_18_DMLST.tif,de9f93bb-c21a-4062-bb9e-096d83c1edaa,204074625,2010
2010-04-19,2010_04_19_DMLST.tif,b079aa05-a4b0-41d6-a091-1c4a8ce1efd2,204317873,2010
2010-04-20,2010_04_20_DMLST.tif,51f68bc5-517e-47e4-a7da-ffc6501d34f5,204255526,2010
2010-04-21,2010_04_21_DMLST.tif,13e1c796-1483-4e0a-9a90-0e4a9370de74,204294766,2010
2010-04-22,2010_04_22_DMLST.tif,2fd31891-173d-4bb4-92c1-74ee928831de,204729175,2010
2010-04-23,2010_04_23_DMLST.tif,3f387a46-a4b2-47ac-84e1-55d7c45af46c,204731153,2010
2010-04-24,2010_04_24_DMLST.tif,3e4b4ce6-8247-4a84-abe7-d7ce06fdda4a,204885913,2010
2010-04-25,2010_04_25_DMLST.tif,7470938e-c28c-4472-9545-74cf228983ff,204841173,2010
2010-04-26,2010_04_26_DMLST.tif,626f3b51-82f7-4760-a628-f230b22bee38,204870549,2010
2010-04-27,2010_04_27_DMLST.tif,afcdabc4-3694-4ea8-bf7f-a39d0a3d25aa,204918746,2010
2010-04-28,2010_04_28_DMLST.tif,1db81d8c-614d-4cfd-b7c3-e1f2c41c7e83,204720687,2010
2010-04-29,2010_04_29_DMLST.tif,55b2f0dd-7d6c-43cf-a6dc-218a8417a793,204932359,2010
2010-04-30,2010_04_30_DMLST.tif,9607ac3a-6411-4398-ab06-b4bb907618ca,205157141,2010
2010-05-01,2010_05_01_DMLST.tif,d1bdb259-7366-44e4-9733-3ca31841cefe,205131393,2010
2010-05-02,2010_05_02_DMLST.tif,97ff2fa4-c211-4e3e-876e-ce2b6a2e2302,205164760,2010
2010-05-03,2010_05_03_DMLST.tif,489fd0e4-ec1c-4dee-8265-42233a4b4b9e,205347578,2010
2010-05-04,2010_05_04_DMLST.tif,614d6321-a9cd-4a9a-97c9-db6df22c489f,205531047,2010
2010-05-05,2010_05_05_DMLST.tif,92e18c82-d1aa-42a0-8526-fefc7fced5f7,205561859,2010
2010-05-06,2010_05_06_DMLST.tif,0fa85752-eeaf-4428-83da-fc9c49022c1b,204637106,2010
2010-05-07,2010_05_07_DMLST.tif,4ab400cb-1ccd-4007-aa96-648741813681,204376752,2010
2010-05-08,2010_05_08_DMLST.tif,1df39528-500f-4b52-aef4-db0eafa5db50,204457034,2010
2010-05-09,2010_05_09_DMLST.tif,6ac2d082-4e23-4e2e-8d43-2b3fcf016954,204481204,2010
2010-05-10,2010_05_10_DMLST.tif,b88c172e-3d3e-455d-ae27-8eb1d750555b,204708015,2010
2010-05-11,2010_05_11_DMLST.tif,e9d69f77-3301-41f1-93d5-287b8ac90710,204900733,2010
2010-05-12,2010_05_12_DMLST.tif,84fbe40f-a353-4c45-8339-0208199855c4,205263672,2010
2010-05-13,2010_05_13_DMLST.tif,5a770820-8a4b-4e23-8d40-ed7c1d6f0230,205534117,2010
2010-05-14,2010_05_14_DMLST.tif,9229038e-79fb-4ced-80e4-f3b6c14e45c9,206308863,2010
2010-05-15,2010_05_15_DMLST.tif,99e6f1bb-7a8e-4997-afc2-0408e0c1de2e,206060397,2010
2010-05-16,2010_05_16_DMLST.tif,7d0cea87-d5d6-4fdf-8d7a-c78698ae1370,205929881,2010
2010-05-17,2010_05_17_DMLST.tif,d548a33a-9b4e-46d6-8e2f-7ac66c311944,205792487,2010
2010-05-18,2010_05_18_DMLST.tif,42d66395-f368-47c0-adb6-ef0a3b7269bb,205472791,2010
2010-05-19,2010_05_19_DMLST.tif,6f705dd1-79a0-41a0-acc8-c8f1e136d133,205352988,2010
2010-05-20,2010_05_20_DMLST.tif,5dce76ad-1312-40c2-bec3-eeeef5db1c81,205126824,2010
2010-05-21,2010_05_21_DMLST.tif,d34b0c41-19d4-45a6-aca5-3069fbc49604,205086712,2010
2010-05-22,2010_05_22_DMLST.tif,0a4918bb-63c5-4478-bf9f-a49fe7754baf,204827528,2010
2010-05-23,2010_05_23_DMLST.tif,955233a3-7bda-4d70-8372-0f1ab288ebd1,204853603,2010
2010-05-24,2010_05_24_DMLST.tif,6f6c576a-877b-4fcc-b919-9848de3566a7,204645500,2010
2010-05-25,2010_05_25_DMLST.tif,b7361d3b-ea14-4065-a072-e350a4bb2521,204797361,2010
2010-05-26,2010_05_26_DMLST.tif,cb0481c6-8777-4837-8cf0-4a2264494cf0,205124810,2010
2010-05-27,2010_05_27_DMLST.tif,d53face2-fdf0-4360-a0d8-38c4d6e8fa5e,205158487,2010
2010-05-28,2010_05_28_DMLST.tif,1895e02d-c1a0-4362-b684-621af47938c2,205183109,2010
2010-05-29,2010_05_29_DMLST.tif,b346caab-fd4c-40f4-b2a9-302daa20d4b7,205405003,2010
2010-05-30,2010_05_30_DMLST.tif,66087ee2-8946-4094-87e0-652f96ddcfb2,205964340,2010
2010-05-31,2010_05_31_DMLST.tif,d2fb2fc2-1d0f-4114-b1a7-79a964524fc6,206158777,2010
2010-06-01,2010_06_01_DMLST.tif,03197201-3e84-4532-a716-0190bac4383c,206246484,2010
2010-06-02,2010_06_02_DMLST.tif,ce6257ff-7dbf-4975-ba4b-ec3c330879a2,206383947,2010
2010-06-03,2010_06_03_DMLST.tif,06b1ac8a-8a53-4a25-aab6-8b58b720b14e,205977392,2010
2010-06-04,2010_06_04_DMLST.tif,e16dae81-8f46-4730-a9b2-0c48044f7d43,205720510,2010
2010-06-05,2010_06_05_DMLST.tif,45b267df-50e9-4829-8d95-872c695848b9,205491033,2010
2010-06-06,2010_06_06_DMLST.tif,ca4c29c7-61db-4c2a-9301-35dac8a6a943,205560182,2010
2010-06-07,2010_06_07_DMLST.tif,46d09026-b206-4d7b-b7c3-339b894c2459,204204370,2010
2010-06-08,2010_06_08_DMLST.tif,f1880ce4-0342-4403-a666-fca51b59ab0d,203697302,2010
2010-06-09,2010_06_09_DMLST.tif,26678291-5e39-43da-8f94-7d0d676fcb5c,203867229,2010
2010-06-10,2010_06_10_DMLST.tif,ce2476e7-d667-4ea8-b24a-de3a73c06fcf,203904208,2010
2010-06-11,2010_06_11_DMLST.tif,0e73280a-5420-40ef-97aa-5c85ab5a6587,203674252,2010
2010-06-12,2010_06_12_DMLST.tif,3dd5a219-a833-4c75-844d-18d31cdf5101,203654284,2010
2010-06-13,2010_06_13_DMLST.tif,d70f86ec-c8fb-4d4b-bfb6-0187a692c6ca,203610641,2010
2010-06-14,2010_06_14_DMLST.tif,eefb3876-6af8-435d-8337-19c6e3acbdfe,203760861,2010
2010-06-15,2010_06_15_DMLST.tif,21813fa4-7c2e-4e1a-bb33-00a9ddb359d1,204393493,2010
2010-06-16,2010_06_16_DMLST.tif,c4fbdd94-e5fc-4142-8e3b-e7b9c140a85a,204315556,2010
2010-06-17,2010_06_17_DMLST.tif,771bc0b2-7556-4b08-a41c-88373a79cf3e,203589516,2010
2010-06-18,2010_06_18_DMLST.tif,1575127e-f946-48f3-a0ee-2f112d073eb4,203199918,2010
2010-06-19,2010_06_19_DMLST.tif,437c2649-e0cc-4804-be43-593222a07868,203181262,2010
2010-06-20,2010_06_20_DMLST.tif,48f8dadb-a8a5-4adb-b813-040077d80425,202912717,2010
2010-06-21,2010_06_21_DMLST.tif,efedeb2e-f0e2-4a5d-80b9-4644734b463a,202825247,2010
2010-06-22,2010_06_22_DMLST.tif,9c026b13-eea6-47ac-98c5-6f14d1c17a18,202912697,2010
2010-06-23,2010_06_23_DMLST.tif,694a719f-067b-4528-8afe-9cbc315d693d,202652255,2010
2010-06-24,2010_06_24_DMLST.tif,5d20dc94-c2bc-4685-acf2-76493943e113,202789304,2010
2010-06-25,2010_06_25_DMLST.tif,7b1c32ed-76c3-4c4a-b588-4ab18959d767,203223095,2010
2010-06-26,2010_06_26_DMLST.tif,d7ec2d84-9440-4e4c-8a67-5c409199f0f2,203704452,2010
2010-06-27,2010_06_27_DMLST.tif,ea330fc6-fd6c-49a8-a57a-626800d21682,203850495,2010
2010-06-28,2010_06_28_DMLST.tif,e657f298-2f18-4712-9ee3-71a855959ba8,203813696,2010
2010-06-29,2010_06_29_DMLST.tif,ebae3120-8e7f-45cc-a60d-b121c5a3b7ce,203777107,2010
2010-06-30,2010_06_30_DMLST.tif,d789b2d6-62cb-442b-8c9b-be01fc7d96c5,203172861,2010
2010-07-01,2010_07_01_DMLST.tif,dc3b4d7b-6cb1-4111-b354-5a6bdf8b9a21,204197783,2010
2010-07-02,2010_07_02_DMLST.tif,c1c197ef-3220-47b8-a1f6-e92b60a548e5,204389325,2010
2010-07-03,2010_07_03_DMLST.tif,f693f31b-eed8-4387-a87c-46b35e03272a,204221447,2010
2010-07-04,2010_07_04_DMLST.tif,47f00fa8-9b67-4b1d-86c4-b03d5215082f,204135840,2010
2010-07-05,2010_07_05_DMLST.tif,9c9617e3-d11c-4533-99ab-218334b58475,204128626,2010
2010-07-06,2010_07_06_DMLST.tif,3ff44045-fb7e-460f-a0ca-cb6e775dec39,204338765,2010
2010-07-07,2010_07_07_DMLST.tif,1ea358e7-d706-4874-9e32-4208a04ae021,204369711,2010
2010-07-08,2010_07_08_DMLST.tif,5ad936b6-54de-4cb6-828b-c3d435b2e7ab,203964319,2010
2010-07-09,2010_07_09_DMLST.tif,9682ab8d-5266-447b-ab87-788f1afc7bff,202547396,2010
2010-07-10,2010_07_10_DMLST.tif,40480e1c-825a-4422-9d55-9f46c42c38a8,202368194,2010
2010-07-11,2010_07_11_DMLST.tif,a7c081a8-dcc3-46fa-85e0-fd854082af2b,202410802,2010
2010-07-12,2010_07_12_DMLST.tif,abe11828-dd92-49da-881d-d432a4ffb51f,202430396,2010
2010-07-13,2010_07_13_DMLST.tif,68563fa6-fd3a-40b1-9ae6-1f913428d20d,202620374,2010
2010-07-14,2010_07_14_DMLST.tif,fb230692-4c76-42d6-88f7-c4f4acad3c9f,202626363,2010
2010-07-15,2010_07_15_DMLST.tif,f104cdbe-e317-4c66-af9a-1da5cde2c32b,202645343,2010
2010-07-16,2010_07_16_DMLST.tif,00b2ec39-eed6-4d7f-915a-ebc72d8af20e,202756374,2010
2010-07-17,2010_07_17_DMLST.tif,ce67254d-dca9-4333-987d-a1ba56297e05,203725177,2010
2010-07-18,2010_07_18_DMLST.tif,5111ab8c-51f6-41f0-b032-ef7147f1a4c0,203541353,2010
2010-07-19,2010_07_19_DMLST.tif,23f41560-a59c-40f2-9a34-7f1535199dbb,203617209,2010
2010-07-20,2010_07_20_DMLST.tif,96a7e94a-f61c-4f6f-8c8f-9197918e81eb,203501334,2010
2010-07-21,2010_07_21_DMLST.tif,9cc142c9-2110-4a59-a069-0da5d0c6239e,203728150,2010
2010-07-22,2010_07_22_DMLST.tif,ae97419b-43ff-4d00-a3f9-ec7d72ae109d,203981057,2010
2010-07-23,2010_07_23_DMLST.tif,b1592853-1553-4c2c-bad7-1b9f135f2cc9,203610243,2010
2010-07-24,2010_07_24_DMLST.tif,9f38d4b3-bf6c-4365-86cf-e47dd30035b0,203219765,2010
2010-07-25,2010_07_25_DMLST.tif,99e80dbb-c67f-4887-bb8c-a21d21056015,201937027,2010
2010-07-26,2010_07_26_DMLST.tif,29932266-fabd-4566-becd-2c7db2609110,201480519,2010
2010-07-27,2010_07_27_DMLST.tif,b8039469-de14-4410-910a-3660a8951e2c,201535561,2010
2010-07-28,2010_07_28_DMLST.tif,a27c0595-4880-4c1f-8799-0f43f0c776e0,201875457,2010
2010-07-29,2010_07_29_DMLST.tif,83582323-7f24-47f7-aa52-d87926616c2b,201505576,2010
2010-07-30,2010_07_30_DMLST.tif,ecdeb489-ca1c-4073-96da-52e3f3811e40,201810082,2010
2010-07-31,2010_07_31_DMLST.tif,2cde3fe7-35b7-49a9-9085-c6da0edcf464,201673886,2010
2010-08-01,2010_08_01_DMLST.tif,5fd31b35-e274-4b97-946e-6f4739a243aa,201762830,2010
2010-08-02,2010_08_02_DMLST.tif,c77a3c6a-8d9d-4214-bbd8-4e2e575114bb,202450563,2010
2010-08-03,2010_08_03_DMLST.tif,25db4ccd-c230-4a9e-b193-ac2d696f162a,202484679,2010
2010-08-04,2010_08_04_DMLST.tif,6def42d1-5014-461e-b445-8f86e52e6a6c,202569266,2010
2010-08-05,2010_08_05_DMLST.tif,b2e1d54b-741b-4532-823f-8b147fb92f05,202786958,2010
2010-08-06,2010_08_06_DMLST.tif,3235bbf5-4e45-4dd9-92f8-58d4c1d47dd2,202835134,2010
2010-08-07,2010_08_07_DMLST.tif,ced81601-5abd-4d8e-8460-7951ffda752f,202305940,2010
2010-08-08,2010_08_08_DMLST.tif,b6b59a61-8ea9-40e6-8acc-12f58cb972fb,201896244,2010
2010-08-09,2010_08_09_DMLST.tif,6c76debb-4634-4986-ab60-2a7160d4450f,201747657,2010
2010-08-10,2010_08_10_DMLST.tif,fc5cd85d-bd57-49f3-8a71-094b4a0722b6,201231708,2010
2010-08-11,2010_08_11_DMLST.tif,f8c818c6-5947-4576-a3fb-9ea6ea29ecd8,201185543,2010
2010-08-12,2010_08_12_DMLST.tif,ccf83b51-e9fd-4197-89e4-ab46e8e9f5e3,201433236,2010
2010-08-13,2010_08_13_DMLST.tif,c5093228-dd69-4953-ba5c-83feed64fb38,201355665,2010
2010-08-14,2010_08_14_DMLST.tif,c92fb019-c2cf-4369-a027-0ce6891b2e70,201323225,2010
2010-08-15,2010_08_15_DMLST.tif,afa4d225-c545-48c1-83e2-4db448a48ff3,201015691,2010
2010-08-16,2010_08_16_DMLST.tif,67415824-85ff-439f-aeaf-a074ab04d7cd,200497592,2010
2010-08-17,2010_08_17_DMLST.tif,6ca9bb92-91f3-45ea-a19c-63c3ebe9db19,199979837,2010
2010-08-18,2010_08_18_DMLST.tif,8eefac1b-f0ec-4cab-b562-2293a41f5e3d,201940500,2010
2010-08-19,2010_08_19_DMLST.tif,b074dcce-58a6-428e-b606-71b7fa575b82,201461916,2010
2010-08-20,2010_08_20_DMLST.tif,32d956a5-ade9-4cb0-ae2f-56308447dc44,201075753,2010
2010-08-21,2010_08_21_DMLST.tif,2071e362-e0e5-4e53-8d32-916279d2ff82,201280611,2010
2010-08-22,2010_08_22_DMLST.tif,3633d71e-f664-4215-b4ff-1c814269400a,201691292,2010
2010-08-23,2010_08_23_DMLST.tif,24b2e633-f4fc-483b-93ec-fd38821a7873,201776040,2010
2010-08-24,2010_08_24_DMLST.tif,7b4dc65e-3677-4ab1-8885-9968e3c20144,201524102,2010
2010-08-25,2010_08_25_DMLST.tif,d9d06c6d-9ae1-43f3-abee-22f0d10191fa,201546020,2010
2010-08-26,2010_08_26_DMLST.tif,d14680ac-51d5-411c-bc3c-8011974c8f61,200704801,2010
2010-08-27,2010_08_27_DMLST.tif,ac8ac0f8-2cd7-402d-91e7-85aa90d2bc38,200912571,2010
2010-08-28,2010_08_28_DMLST.tif,f22be326-45e5-4049-bc58-c8ffe5ba9741,200852034,2010
2010-08-29,2010_08_29_DMLST.tif,184bbbf0-0174-498e-b84b-2ed9258c3b71,200592426,2010
2010-08-30,2010_08_30_DMLST.tif,2fc7a836-3d0b-4a75-94f6-cd5d5b6ec13d,200867752,2010
2010-08-31,2010_08_31_DMLST.tif,e8e58470-15c7-4525-9310-304abbf2f1b4,200852040,2010
2010-09-01,2010_09_01_DMLST.tif,08f0d7d0-d86b-4543-ab91-1ca5f0a6fb32,200877532,2010
2010-09-02,2010_09_02_DMLST.tif,d8c8c159-5ca5-49c4-b9b0-d6cb0b00af17,201261521,2010
2010-09-03,2010_09_03_DMLST.tif,dd5bf867-14ec-47ee-89a4-38b7d0b98224,203013673,2010
2010-09-04,2010_09_04_DMLST.tif,ab22dea8-ddac-41c7-b939-82606417cd36,203068898,2010
2010-09-05,2010_09_05_DMLST.tif,b940cb37-6035-4bdb-b90d-6d83a11a3248,203350904,2010
2010-09-06,2010_09_06_DMLST.tif,00ecbf5f-361d-46cf-bea4-b02bfd4d1890,203268329,2010
2010-09-07,2010_09_07_DMLST.tif,c28c1345-8ecd-498f-ab51-778ec08ad2a9,202892381,2010
2010-09-08,2010_09_08_DMLST.tif,8584b68e-d29e-4e9c-99c2-41eaea399aa6,202857519,2010
2010-09-09,2010_09_09_DMLST.tif,ff71931c-ccf5-4e16-81e5-76c7c9520d70,202708481,2010
2010-09-10,2010_09_10_DMLST.tif,71c81255-24d1-4320-92e2-854222733618,202774243,2010
2010-09-11,2010_09_11_DMLST.tif,684845cd-671a-4150-99f0-459e2a7176ce,201987934,2010
2010-09-12,2010_09_12_DMLST.tif,9b835979-e1b6-4be5-aa08-f328048ece0e,202032116,2010
2010-09-13,2010_09_13_DMLST.tif,1764a0a5-b23f-4dc6-8610-30876602818f,202120209,2010
2010-09-14,2010_09_14_DMLST.tif,fec11163-dc14-4a21-b30d-aedac5b486e3,202110641,2010
2010-09-15,2010_09_15_DMLST.tif,c9171f55-42d5-41aa-a347-fd8ed01553c4,202570580,2010
2010-09-16,2010_09_16_DMLST.tif,31c66324-e14b-4873-93f7-8557a98b0bb2,202677947,2010
2010-09-17,2010_09_17_DMLST.tif,8c2b2683-ed9d-49bb-a5f2-e5fa8264788f,202505744,2010
2010-09-18,2010_09_18_DMLST.tif,93885a5a-7cd2-4618-90ee-ae26b7ead87e,202881579,2010
2010-09-19,2010_09_19_DMLST.tif,70687b83-2d47-4bff-af85-eaf608dda3c4,204693870,2010
2010-09-20,2010_09_20_DMLST.tif,815fb8b6-422c-4960-bb0a-52db8358f4b4,204937758,2010
2010-09-21,2010_09_21_DMLST.tif,c7a45188-9ce1-433b-8cc2-133deba19f31,204757783,2010
2010-09-22,2010_09_22_DMLST.tif,90507cb5-cee6-4e56-aeed-e9e1b1e3b96f,204311251,2010
2010-09-23,2010_09_23_DMLST.tif,b0b0903d-a177-4c18-9b97-6c79178e88a9,203940346,2010
2010-09-24,2010_09_24_DMLST.tif,16b3bac1-248b-4a6a-b9e1-b897e2f7f567,203422205,2010
2010-09-25,2010_09_25_DMLST.tif,a8c28c02-1725-45aa-a48b-107629d4180c,203480111,2010
2010-09-26,2010_09_26_DMLST.tif,8d5d93ea-d6e2-457b-9121-75afc19a8d29,203309451,2010
2010-09-27,2010_09_27_DMLST.tif,f338da38-74fb-4378-b8bb-4536f6312e9a,201537487,2010
2010-09-28,2010_09_28_DMLST.tif,6373c4dd-e9f8-4183-af34-025e001beb07,201374358,2010
2010-09-29,2010_09_29_DMLST.tif,734a7f72-4bdd-4079-b3f4-0d87392634e4,201307442,2010
2010-09-30,2010_09_30_DMLST.tif,56f210dc-1f85-43e1-ac3b-95c50ab382df,201265913,2010
2010-10-01,2010_10_01_DMLST.tif,137d2fa6-37c7-42f3-b32e-e2d3e0bc26e9,201664556,2010
2010-10-02,2010_10_02_DMLST.tif,c38552f7-eddd-45ab-bd6e-0317e6ccfe77,202276027,2010
2010-10-03,2010_10_03_DMLST.tif,41a80189-dc8d-4d26-a854-f9b643b267d4,202798643,2010
2010-10-04,2010_10_04_DMLST.tif,4d2e604f-5a0d-46da-844a-df91a04496c8,202932831,2010
2010-10-05,2010_10_05_DMLST.tif,7527f3bb-43e4-4767-b932-d457277f286a,204797396,2010
2010-10-06,2010_10_06_DMLST.tif,3cd1f8ba-794a-4aad-8788-250233ee8c41,204609806,2010
2010-10-07,2010_10_07_DMLST.tif,9d6d51c2-9d6a-4523-a446-800abb02667e,204500370,2010
2010-10-08,2010_10_08_DMLST.tif,70b7f3d2-dfbb-4497-8220-1c75e1dd2f95,204866970,2010
2010-10-09,2010_10_09_DMLST.tif,50d0e46f-46ff-46d3-8791-63913e75685c,205130498,2010
2010-10-10,2010_10_10_DMLST.tif,0460cdb5-4176-4ba9-b23a-f027dc6fdca9,205239429,2010
2010-10-11,2010_10_11_DMLST.tif,61a22082-b114-4b6b-9627-de3f2a292161,205245508,2010
2010-10-12,2010_10_12_DMLST.tif,19bd4ec6-c175-4e4c-b9bb-e4235034e871,205374228,2010
2010-10-13,2010_10_13_DMLST.tif,c34a842c-f2c6-4db8-9d77-b44e9dd26b3b,204825600,2010
2010-10-14,2010_10_14_DMLST.tif,2c0e13c1-16ae-46ed-bf43-3ac7c425d7fd,204633373,2010
2010-10-15,2010_10_15_DMLST.tif,6543b734-eab1-4661-84e8-f67650da5aaa,204773807,2010
2010-10-16,2010_10_16_DMLST.tif,9e500095-4a40-4299-aa49-b267b32ab81f,204396575,2010
2010-10-17,2010_10_17_DMLST.tif,28834c69-4baa-447d-a8b4-6d827f4dc395,204233739,2010
2010-10-18,2010_10_18_DMLST.tif,f8748ad8-5902-4f22-a64d-bd30055dcd21,203941511,2010
2010-10-19,2010_10_19_DMLST.tif,d4992586-6ae5-416c-b080-c2ea6f3c7c52,204141691,2010
2010-10-20,2010_10_20_DMLST.tif,03b649e1-50fb-4fcf-b692-8fe0d18670a1,204716754,2010
2010-10-21,2010_10_21_DMLST.tif,ea5a474b-bee0-422a-a3ed-6989ab54c905,206341836,2010
2010-10-22,2010_10_22_DMLST.tif,1c027500-e643-407b-b61f-fe424ebc8893,206086102,2010
2010-10-23,2010_10_23_DMLST.tif,6c5cb2b8-d0e1-42d0-9d12-fe8858d5a913,205828922,2010
2010-10-24,2010_10_24_DMLST.tif,46cc0bc7-ac95-4ce4-94a0-b187dfb01bff,205893564,2010
2010-10-25,2010_10_25_DMLST.tif,c1d80681-6a33-4a87-8ffb-328439ab3b82,206127207,2010
2010-10-26,2010_10_26_DMLST.tif,45f7a9e4-1ea1-4ba3-9f3a-f377d4c57322,206338547,2010
2010-10-27,2010_10_27_DMLST.tif,7cfb786e-6914-4dc0-9f8b-4c1bb2340d27,206698129,2010
2010-10-28,2010_10_28_DMLST.tif,c11a277a-6200-439e-ba7c-00d19b2cf4c1,206846042,2010
2010-10-29,2010_10_29_DMLST.tif,f36a7926-a399-4d7a-b797-d51895597632,205963911,2010
2010-10-30,2010_10_30_DMLST.tif,c3b0f7ce-1feb-49d6-a062-e7eed8330fb1,206270914,2010
2010-10-31,2010_10_31_DMLST.tif,83990d2b-49ff-432a-87a4-0f3f0b087bee,206286860,2010
2010-11-01,2010_11_01_DMLST.tif,c974f229-1e02-4283-8a0d-621ddc189f4b,206272033,2010
2010-11-02,2010_11_02_DMLST.tif,74a2b400-7785-4204-84a3-683e9f8a1670,206585810,2010
2010-11-03,2010_11_03_DMLST.tif,bb35bfc0-c507-4c2a-8851-af224d25382c,206609445,2010
2010-11-04,2010_11_04_DMLST.tif,a90a8827-566d-4fe2-8cd2-155190d8dd34,206186694,2010
2010-11-05,2010_11_05_DMLST.tif,64287324-39f8-4af0-a87e-27c2544ac80a,206382450,2010
2010-11-06,2010_11_06_DMLST.tif,72ada796-dc4f-4037-b303-ace8596e0385,208222194,2010
2010-11-07,2010_11_07_DMLST.tif,dab586d0-af0a-4125-983c-a084b13cb938,208164965,2010
2010-11-08,2010_11_08_DMLST.tif,16cbc8c5-aa04-43cc-8192-40ec4e2d0f31,208007979,2010
2010-11-09,2010_11_09_DMLST.tif,ba59c979-09c9-47a8-9a64-f065c87daee9,207306911,2010
2010-11-10,2010_11_10_DMLST.tif,9df8fde8-6b48-48ac-8f98-273b05d77970,207282329,2010
2010-11-11,2010_11_11_DMLST.tif,111f44e9-9945-47ec-8f5b-5f8aff2743f9,207513865,2010
2010-11-12,2010_11_12_DMLST.tif,b382077e-c729-499c-a5b2-f35d59d45019,207594853,2010
2010-11-13,2010_11_13_DMLST.tif,c6a93d22-21f2-4cf0-af57-b768c16be3d0,207588202,2010
2010-11-14,2010_11_14_DMLST.tif,b7614df6-fdb6-4fc6-9e20-596fee1c481b,207241387,2010
2010-11-15,2010_11_15_DMLST.tif,cf1f480c-524e-4b60-9cb9-30087cefa78a,207143364,2010
2010-11-16,2010_11_16_DMLST.tif,0f7faaf8-b902-40d3-83f7-7614e4ef7203,207225073,2010
2010-11-17,2010_11_17_DMLST.tif,e8277a02-69ab-4f84-bb60-e967e953c8b3,207459435,2010
2010-11-18,2010_11_18_DMLST.tif,703f61b4-9f78-4ed3-81c0-da2dde20afaf,207150447,2010
2010-11-19,2010_11_19_DMLST.tif,2b6acafc-a355-4c00-8d9b-427de8dac91c,206500437,2010
2010-11-20,2010_11_20_DMLST.tif,be75db7d-131b-4539-b24f-bdcd0c1722c6,205417891,2010
2010-11-21,2010_11_21_DMLST.tif,217ad3c7-4482-4ea0-b0f3-8670f127fff2,204630613,2010
2010-11-22,2010_11_22_DMLST.tif,586e855e-e648-44a1-80ed-c1e61569787c,205258496,2010
2010-11-23,2010_11_23_DMLST.tif,0235916e-0b97-497f-810b-0c7664d43982,205018490,2010
2010-11-24,2010_11_24_DMLST.tif,f78a8fa2-00ee-466a-8a28-63bbf47c92f1,204709967,2010
2010-11-25,2010_11_25_DMLST.tif,488c4079-4037-4cba-89db-3d7aa3dc9d9f,204831705,2010
2010-11-26,2010_11_26_DMLST.tif,2b36d051-c730-4b3b-b663-231fd1879e25,204698036,2010
2010-11-27,2010_11_27_DMLST.tif,9d810a83-cc5f-4ca0-b8d5-a2a884c786ba,204624774,2010
2010-11-28,2010_11_28_DMLST.tif,2c82ec56-8f5f-4888-9ecb-8d46aee1c23a,204660953,2010
2010-11-29,2010_11_29_DMLST.tif,8db87253-5fa8-4895-8963-b0d9ad219b75,204417487,2010
2010-11-30,2010_11_30_DMLST.tif,357423c8-c90d-4068-a468-4fae44e77d3a,202580534,2010
2010-12-01,2010_12_01_DMLST.tif,336a9eb6-a23f-4f9b-bc9d-ea4975cff178,202422129,2010
2010-12-02,2010_12_02_DMLST.tif,f7450375-b20a-459a-956e-91af3ca49b87,202332835,2010
2010-12-03,2010_12_03_DMLST.tif,cf9ded0f-5381-4b07-8234-5a26b0b1988e,202805496,2010
2010-12-04,2010_12_04_DMLST.tif,a0b8edf3-09e9-4b2f-853f-8b7f0b09a89a,202559786,2010
2010-12-05,2010_12_05_DMLST.tif,a630e850-f037-4dfd-87b4-a6bd6a076b0b,202603578,2010
2010-12-06,2010_12_06_DMLST.tif,50e98501-c374-49c7-8b60-acbefcdc33f7,202809799,2010
2010-12-07,2010_12_07_DMLST.tif,c0370d14-b10e-4dad-a59f-278b9bf313ab,203251404,2010
2010-12-08,2010_12_08_DMLST.tif,34043ab4-9db8-43f6-9fd6-55b36dd3caf3,202833263,2010
2010-12-09,2010_12_09_DMLST.tif,ecf281a2-45e1-4e3d-bf09-6f5be67c31f9,202640478,2010
2010-12-10,2010_12_10_DMLST.tif,70e8c82d-6ed8-482f-819f-62a691280db2,202366784,2010
2010-12-11,2010_12_11_DMLST.tif,12e29eed-1fc8-43ac-be58-11efb137acff,202195322,2010
2010-12-12,2010_12_12_DMLST.tif,0f9f4465-8bb5-4dad-ad4f-7d23b8325b2c,201956777,2010
2010-12-13,2010_12_13_DMLST.tif,99d49b4a-16cf-4b9b-8041-7f7006a30fbc,202310397,2010
2010-12-14,2010_12_14_DMLST.tif,6682a958-d875-4345-ac82-79685cd2267e,202671918,2010
2010-12-15,2010_12_15_DMLST.tif,436decae-0fef-427e-9f66-5d8ecbc560d8,203199682,2010
2010-12-16,2010_12_16_DMLST.tif,a34d5102-315c-4e6b-9cb0-c728c82c7671,203364192,2010
2010-12-17,2010_12_17_DMLST.tif,21564430-0e73-4f72-b2f6-f5d6e9c1db8d,203279000,2010
2010-12-18,2010_12_18_DMLST.tif,726c73f1-34f9-47dd-ba13-0f1c0279b85c,203547198,2010
2010-12-19,2010_12_19_DMLST.tif,2f24afd8-015f-4e3e-8678-c099c191c7d0,203285721,2010
2010-12-20,2010_12_20_DMLST.tif,24583953-86f2-48a2-8bcf-e085fffdbd77,202542454,2010
2010-12-21,2010_12_21_DMLST.tif,819c8195-07e6-45c8-8bab-7122f9c310c9,201835192,2010
2010-12-22,2010_12_22_DMLST.tif,5c93a0a6-04b2-4e8f-af9f-32e1e787f887,201499464,2010
2010-12-23,2010_12_23_DMLST.tif,db0f64e6-3147-4050-9f6e-af789daa0dbe,201885954,2010
2010-12-24,2010_12_24_DMLST.tif,c34adc81-34bf-4212-a719-0c3f16c4d886,202860756,2010
2010-12-25,2010_12_25_DMLST.tif,b5d996e9-ef35-4599-a2ee-225f39960c09,203225052,2010
2010-12-26,2010_12_26_DMLST.tif,4946f3d8-ac44-4431-9274-755ebeeca3d3,203687078,2010
2010-12-27,2010_12_27_DMLST.tif,b6a967d3-a461-4ef7-88f4-1626ca302cda,203696462,2010
2010-12-28,2010_12_28_DMLST.tif,87a98fe4-030b-4733-b88c-9444f45be9f4,203712580,2010
2010-12-29,2010_12_29_DMLST.tif,8239acb0-9390-429c-909c-852af37baa71,203406689,2010
2010-12-30,2010_12_30_DMLST.tif,00dc3335-e7ca-4e14-9b9c-4821cc4a42ee,202841341,2010
2010-12-31,2010_12_31_DMLST.tif,0b5ef96c-c22b-4b35-afc2-933f60e209d7,201807429,2010
2011-01-01,2011_01_01_DMLST.tif,062c7b56-3059-4aec-af04-651ed1c7deb2,202436071,2011
2011-01-02,2011_01_02_DMLST.tif,7175d3bb-9708-42f2-be69-844bc92f1809,203024176,2011
2011-01-03,2011_01_03_DMLST.tif,9fc22e03-f80e-412d-bab7-c62483b32e8c,203150483,2011
2011-01-04,2011_01_04_DMLST.tif,76a67bd9-72fc-4cf2-8117-193baf8a70ce,203171692,2011
2011-01-05,2011_01_05_DMLST.tif,47ae23b5-9095-4517-b00e-199f4eb8758e,203147391,2011
2011-01-06,2011_01_06_DMLST.tif,d8801a80-98ed-49e1-b611-0fc1e7071ce6,203419716,2011
2011-01-07,2011_01_07_DMLST.tif,964d41fb-ee2c-4da4-9147-a78a346c5bf4,203410258,2011
2011-01-08,2011_01_08_DMLST.tif,b0716bfe-b6f2-4174-8ba3-2bc41fee33d4,203262479,2011
2011-01-09,2011_01_09_DMLST.tif,eb71c494-8ec7-4670-8089-427bcf294937,203226085,2011
2011-01-10,2011_01_10_DMLST.tif,3a1049e0-c69e-49dc-8cc3-afef81d6947f,202931678,2011
2011-01-11,2011_01_11_DMLST.tif,2bd5acf5-daa9-47e6-a0be-25fbead780af,202778459,2011
2011-01-12,2011_01_12_DMLST.tif,efc70897-67f7-4df7-8fb3-3df35fe7e087,202934396,2011
2011-01-13,2011_01_13_DMLST.tif,1d58b5d9-dd1f-4b43-abf5-79ca999a87bf,203337834,2011
2011-01-14,2011_01_14_DMLST.tif,d039d99d-d55d-42ca-9048-516b8e2b8b8f,202340868,2011
2011-01-15,2011_01_15_DMLST.tif,27f6d7b1-42d5-4c8d-a127-a49f82372ded,202581934,2011
2011-01-16,2011_01_16_DMLST.tif,5c3b7575-2928-4916-b315-bc58a391a26a,202602862,2011
2011-01-17,2011_01_17_DMLST.tif,d2d7d5ba-e90e-443f-b1f7-42ae7e290971,202527025,2011
2011-01-18,2011_01_18_DMLST.tif,6e2247fb-ff0d-46d3-a58b-03eaa208299e,202106508,2011
2011-01-19,2011_01_19_DMLST.tif,e0d6a9ce-50b1-4f6c-9dea-c43a96f6c0b4,201800076,2011
2011-01-20,2011_01_20_DMLST.tif,46be1930-9edc-40b3-b9e1-799e5a11c06a,201342158,2011
2011-01-21,2011_01_21_DMLST.tif,af73632f-8233-4b1d-b108-5115e149bb03,201120326,2011
2011-01-22,2011_01_22_DMLST.tif,153c9ca2-bd27-41ba-b247-fb05349032de,201605780,2011
2011-01-23,2011_01_23_DMLST.tif,6fad7817-aaad-4eff-8005-f8f47460012b,201235746,2011
2011-01-24,2011_01_24_DMLST.tif,9a09045e-c518-4d43-ab99-255c54737cf3,201596037,2011
2011-01-25,2011_01_25_DMLST.tif,ba5c0e12-0044-4afb-bafa-1856ce0b7d3f,202078148,2011
2011-01-26,2011_01_26_DMLST.tif,cc76e595-aeda-41e6-af55-29ac20094f7f,202295117,2011
2011-01-27,2011_01_27_DMLST.tif,076e837f-24f7-4561-9f0b-c1b1ff427c5c,202284932,2011
2011-01-28,2011_01_28_DMLST.tif,dc025ced-8974-4dbb-9a14-ae9a4c8756a5,201935947,2011
2011-01-29,2011_01_29_DMLST.tif,ce5601b8-a9f7-4221-947f-8c48c0d10e1e,201839829,2011
2011-01-30,2011_01_30_DMLST.tif,baacb283-985b-483c-92a6-ae1368395066,201801577,2011
2011-01-31,2011_01_31_DMLST.tif,6ddcc5f0-6fc4-4093-bc9f-613d1fed2e44,202183134,2011
2011-02-01,2011_02_01_DMLST.tif,d1391021-a670-4f10-8584-9fde70cf5733,202959037,2011
2011-02-02,2011_02_02_DMLST.tif,94f13768-0637-4e3e-90a8-487ae8b0f82d,203526418,2011
2011-02-03,2011_02_03_DMLST.tif,f70bce3d-57a8-43ae-aac4-c0dbf413ab07,204301824,2011
2011-02-04,2011_02_04_DMLST.tif,15ce303d-231b-43ad-b0c6-df78520b3885,204622386,2011
2011-02-05,2011_02_05_DMLST.tif,c36111f3-9366-44bb-850b-2807baf06448,204579870,2011
2011-02-06,2011_02_06_DMLST.tif,7f460a9e-853a-4afc-8527-4f12301ed24d,204185257,2011
2011-02-07,2011_02_07_DMLST.tif,02a7c299-f52b-4e0d-bd46-9cf29d8527f9,203919055,2011
2011-02-08,2011_02_08_DMLST.tif,e44a27b5-f780-4103-9a46-83f2dac2f73d,203128411,2011
2011-02-09,2011_02_09_DMLST.tif,d3957455-db11-475f-8e7d-608a00c2778e,202521721,2011
2011-02-10,2011_02_10_DMLST.tif,9a0e0f17-a293-4217-bff4-15416c2856f7,203040812,2011
2011-02-11,2011_02_11_DMLST.tif,2b5d39f5-9488-4899-9dfc-073358dbaeed,203584121,2011
2011-02-12,2011_02_12_DMLST.tif,934b8b9a-8982-44dd-a8c4-ce2a1c304c41,204085730,2011
2011-02-13,2011_02_13_DMLST.tif,ec4ce73c-37f1-4b87-b122-b35c527d1102,204184374,2011
2011-02-14,2011_02_14_DMLST.tif,fe508678-632c-41ed-8bd3-b038f626aa86,203739155,2011
2011-02-15,2011_02_15_DMLST.tif,b9175453-23af-497b-bf09-5f71bb2daab5,202287990,2011
2011-02-16,2011_02_16_DMLST.tif,ca764144-22e0-4cf3-ab93-3e7ec0386a53,202025892,2011
2011-02-17,2011_02_17_DMLST.tif,153e5bdd-7da7-4304-8609-5d7e5a9142cb,201348298,2011
2011-02-18,2011_02_18_DMLST.tif,e02d95c7-c036-4d8f-aeac-c642dddedac8,200870539,2011
2011-02-19,2011_02_19_DMLST.tif,ecff5ca9-20e3-4662-aba2-18ee0341c8b1,201106661,2011
2011-02-20,2011_02_20_DMLST.tif,0169d227-9371-443b-939b-7d3c1b33ffc7,201649356,2011
2011-02-21,2011_02_21_DMLST.tif,48259bcf-2f43-4657-9d5c-06834ea7babf,201231682,2011
2011-02-22,2011_02_22_DMLST.tif,4f0f6dd6-cc19-410b-9c3c-756ce1706e93,201121831,2011
2011-02-23,2011_02_23_DMLST.tif,e4517ecd-c0f2-4722-9617-82489b1e2061,201650364,2011
2011-02-24,2011_02_24_DMLST.tif,cb12cde7-86f7-4080-9671-88954fe358df,201461154,2011
2011-02-25,2011_02_25_DMLST.tif,9696e0bf-79ab-46a4-9bb1-b3d1db847d35,201965695,2011
2011-02-26,2011_02_26_DMLST.tif,f267d621-c0b1-435d-9964-b214c8e125d5,201761913,2011
2011-02-27,2011_02_27_DMLST.tif,e2b9233d-c81f-42cd-85f4-0aaff1cb0338,201428100,2011
2011-02-28,2011_02_28_DMLST.tif,f388e83b-4bd8-495a-851b-35095c566896,201404428,2011
2011-03-01,2011_03_01_DMLST.tif,b9693f32-feb9-419c-ac56-5564dfcfcbd0,202017549,2011
2011-03-02,2011_03_02_DMLST.tif,e492d315-4d33-4581-9654-4e6a3028dc53,202150475,2011
2011-03-03,2011_03_03_DMLST.tif,448a8454-e5b8-4abe-ac3a-c9916c8eb4f2,201770643,2011
2011-03-04,2011_03_04_DMLST.tif,1343ca9b-4d38-4955-804d-1cb1b5b02eda,201967885,2011
2011-03-05,2011_03_05_DMLST.tif,4676e3a0-d995-40c1-8b37-1439cb92a0dc,202040165,2011
2011-03-06,2011_03_06_DMLST.tif,8d3cd94e-426c-413e-ad49-52cca054a11d,202420669,2011
2011-03-07,2011_03_07_DMLST.tif,4a7a62e5-1d2d-4ae1-927c-4de14b46b553,202519514,2011
2011-03-08,2011_03_08_DMLST.tif,a3f4b730-dbc4-4380-9ae4-9a67f59f930e,202683195,2011
2011-03-09,2011_03_09_DMLST.tif,aeaa7d7c-9a9b-4bb2-9d66-7c8fbbb4a277,203114690,2011
2011-03-10,2011_03_10_DMLST.tif,07bbd4c7-dc0a-4f9e-bbfa-677fb1deebda,203512449,2011
2011-03-11,2011_03_11_DMLST.tif,3cac93a9-679c-4f5c-bf53-32d07eb103f6,204153460,2011
2011-03-12,2011_03_12_DMLST.tif,2acb2cd7-f901-4c92-b1a1-8e0f2772146a,203695055,2011
2011-03-13,2011_03_13_DMLST.tif,c1939dd6-e5aa-4d22-bd60-19827bada675,203744226,2011
2011-03-14,2011_03_14_DMLST.tif,0e32daa3-a656-4f25-bd73-a7050c21c21f,204303469,2011
2011-03-15,2011_03_15_DMLST.tif,c2506858-c377-45bf-ac62-e18566eaa284,204791698,2011
2011-03-16,2011_03_16_DMLST.tif,427825a9-fe12-4404-829b-d9cfa13da8dd,205063960,2011
2011-03-17,2011_03_17_DMLST.tif,b059b868-ed91-4673-8c59-fc673aa10a3f,204621626,2011
2011-03-18,2011_03_18_DMLST.tif,4a6ff740-cfd4-4df3-8b94-1973130712d6,203856081,2011
2011-03-19,2011_03_19_DMLST.tif,2d729760-6048-46cf-bb5b-0ac47ab0a7ea,202682131,2011
2011-03-20,2011_03_20_DMLST.tif,a2e574d4-c931-4bf2-8e4a-6f6901b4c085,202743919,2011
2011-03-21,2011_03_21_DMLST.tif,4c3cea81-ad6f-4ef4-84d7-2f50aa68ee2c,203138982,2011
2011-03-22,2011_03_22_DMLST.tif,3d09544c-c255-4a80-9d33-6a72909fea1d,203346892,2011
2011-03-23,2011_03_23_DMLST.tif,1892e2c8-3d2c-473e-bebb-2729d9c3b971,203570741,2011
2011-03-24,2011_03_24_DMLST.tif,2722ce53-cf46-462b-bc51-9f3acc17d6e7,204219928,2011
2011-03-25,2011_03_25_DMLST.tif,c1a694a3-238b-40fa-be47-21e5e87c603a,204995285,2011
2011-03-26,2011_03_26_DMLST.tif,99bf8e96-29ba-4fea-b41c-ee734afb4f26,205181547,2011
2011-03-27,2011_03_27_DMLST.tif,d0cc3166-6b60-4ed1-b13b-a805c10b96ca,205710617,2011
2011-03-28,2011_03_28_DMLST.tif,9656a293-a07d-4985-936b-dbc74460734a,205499298,2011
2011-03-29,2011_03_29_DMLST.tif,77a7cd36-ceac-4470-aac0-de7b97a43df0,205572390,2011
2011-03-30,2011_03_30_DMLST.tif,340ff18f-975d-4f99-add0-834dd1f5a040,205653783,2011
2011-03-31,2011_03_31_DMLST.tif,4465bcd2-f8d8-4806-868c-4c1796c46bf0,205345463,2011
2011-04-01,2011_04_01_DMLST.tif,4f456498-6114-4d1b-b96f-13dc941a4199,204789909,2011
2011-04-02,2011_04_02_DMLST.tif,ff76753a-e383-4edb-971b-6e584e07cfc8,204832343,2011
2011-04-03,2011_04_03_DMLST.tif,ca0e9a41-8acd-4f4d-bbef-66e69c66b686,205139003,2011
2011-04-04,2011_04_04_DMLST.tif,82bee494-537e-49de-bb32-e766ec8a3915,205237546,2011
2011-04-05,2011_04_05_DMLST.tif,55f973e6-7651-4405-b3ad-72c2dcd7f152,205443327,2011
2011-04-06,2011_04_06_DMLST.tif,aca598e5-6ae9-4c6d-8aee-5c6bcd0f0cc0,205366635,2011
2011-04-07,2011_04_07_DMLST.tif,1d9bf4ef-7d6b-4595-94de-54a3a8286e3a,205225354,2011
2011-04-08,2011_04_08_DMLST.tif,c3689aa5-2aa0-4ff7-b33c-b3857c602373,205681607,2011
2011-04-09,2011_04_09_DMLST.tif,562a01ed-9e66-4924-9ef4-ad65bf078950,206037936,2011
2011-04-10,2011_04_10_DMLST.tif,86bdb467-ace3-4562-a011-37e52fce14af,205974031,2011
2011-04-11,2011_04_11_DMLST.tif,a4eb51d0-df3a-4eb3-872e-913a861dfaeb,206192898,2011
2011-04-12,2011_04_12_DMLST.tif,e9b1131d-165d-47a9-9dd0-0237145ad273,206519150,2011
2011-04-13,2011_04_13_DMLST.tif,ba94128c-8a58-458a-a2ff-1a789ea5d128,206452538,2011
2011-04-14,2011_04_14_DMLST.tif,88b58d6e-bf07-444b-ae05-f75d95b32b69,206315014,2011
2011-04-15,2011_04_15_DMLST.tif,8bdbc9ca-1376-4309-8068-b72eda7b0474,206648759,2011
2011-04-16,2011_04_16_DMLST.tif,5f9dc134-cc86-40c6-8bb5-c06f67eee64b,206635274,2011
2011-04-17,2011_04_17_DMLST.tif,8016e3bd-182c-4762-93eb-6662f8fbc70a,206173689,2011
2011-04-18,2011_04_18_DMLST.tif,fce6d8e5-42c5-41b2-a51f-cbabac14ea6e,206324710,2011
2011-04-19,2011_04_19_DMLST.tif,ca1ce13e-3197-405f-8f08-f078d10e682e,206359749,2011
2011-04-20,2011_04_20_DMLST.tif,e42e6d2c-a00f-42c9-b918-e8d7685c83cd,205782548,2011
2011-04-21,2011_04_21_DMLST.tif,159688fe-47e9-4ccc-8c66-7bea26a46d8a,205653764,2011
2011-04-22,2011_04_22_DMLST.tif,8470437a-a4ef-4659-9887-f2a742c6a6f1,205568703,2011
2011-04-23,2011_04_23_DMLST.tif,8da51723-79fc-42cf-b2f7-f32c9e2ce517,205386596,2011
2011-04-24,2011_04_24_DMLST.tif,8bb4f99e-fdfd-4253-b0bd-d05b59653c28,205331834,2011
2011-04-25,2011_04_25_DMLST.tif,d7b74233-ca6a-4ae2-9473-0f119f6ef644,205358120,2011
2011-04-26,2011_04_26_DMLST.tif,7fb47abf-ec37-4746-ad17-f538967c0086,205824384,2011
2011-04-27,2011_04_27_DMLST.tif,b37715de-b614-44d1-9549-0bac5dc0bd9f,205751231,2011
2011-04-28,2011_04_28_DMLST.tif,d531fa4e-e101-4896-8439-afee77ad40ed,206269898,2011
2011-04-29,2011_04_29_DMLST.tif,cb65c3f2-afc4-4547-b0f8-68a8604ddcb2,206180859,2011
2011-04-30,2011_04_30_DMLST.tif,2ef5c464-85b4-4853-86e3-b1344d6eb75c,206559281,2011
2011-05-01,2011_05_01_DMLST.tif,7b2cd731-6cd4-49d1-9114-721758b98f80,206867052,2011
2011-05-02,2011_05_02_DMLST.tif,ba2cb95a-8b4c-41ba-93d2-269e170aa075,207348985,2011
2011-05-03,2011_05_03_DMLST.tif,f40ec74a-9760-4b70-ba50-7103de909c3f,206942763,2011
2011-05-04,2011_05_04_DMLST.tif,4ae20837-11f7-49ef-b9b5-e9cac0486608,206704511,2011
2011-05-05,2011_05_05_DMLST.tif,3139141d-7e32-4176-9006-10dcef4eeff2,206080488,2011
2011-05-06,2011_05_06_DMLST.tif,af907b14-1d92-4d8f-adce-22f225011cda,205723073,2011
2011-05-07,2011_05_07_DMLST.tif,af3a27f3-eb62-4c82-82f3-bd87b166fd18,205577324,2011
2011-05-08,2011_05_08_DMLST.tif,168914b6-bc13-473d-901c-70b6b7ae69ae,205474834,2011
2011-05-09,2011_05_09_DMLST.tif,9a70118b-4da0-45c0-9840-dad45c3a56c9,205899368,2011
2011-05-10,2011_05_10_DMLST.tif,3472925f-2191-46ef-9c01-2c0e36da2686,206106915,2011
2011-05-11,2011_05_11_DMLST.tif,69c272b4-2550-4d90-b7d0-bfaabfe96f9f,206371695,2011
2011-05-12,2011_05_12_DMLST.tif,79312816-9257-4e94-8e0d-228f376816bc,206386067,2011
2011-05-13,2011_05_13_DMLST.tif,41013d61-9b51-4904-b0ac-91f77abae602,206440025,2011
2011-05-14,2011_05_14_DMLST.tif,b972acb6-d2b4-47e7-9309-9ae163a2356f,206657183,2011
2011-05-15,2011_05_15_DMLST.tif,096269d2-0641-4869-b32a-b4e90855f74b,206960678,2011
2011-05-16,2011_05_16_DMLST.tif,a6d9665b-3608-4df9-a997-0cf99eb01512,206797728,2011
2011-05-17,2011_05_17_DMLST.tif,3164c8b1-2653-4f33-ae10-c8e10f9a64c9,206741549,2011
2011-05-18,2011_05_18_DMLST.tif,28996075-9ac0-4b92-91b4-3f3f35b0eb97,206948777,2011
2011-05-19,2011_05_19_DMLST.tif,f5e876ab-8809-4f25-ac4d-d04525cdaead,207516662,2011
2011-05-20,2011_05_20_DMLST.tif,734d072d-769e-4fac-a875-8806483cc613,207362619,2011
2011-05-21,2011_05_21_DMLST.tif,3d98c7d9-5268-4a06-a2d3-961cbc93bc5a,207410978,2011
2011-05-22,2011_05_22_DMLST.tif,8592f3c7-51c9-4cd8-b8ee-366f40e98f7d,206001735,2011
2011-05-23,2011_05_23_DMLST.tif,aa2e6536-4b3a-4e62-b083-5ee97964a1a9,205744672,2011
2011-05-24,2011_05_24_DMLST.tif,83d85357-2194-4b2e-ac55-b398b1e003e4,205981998,2011
2011-05-25,2011_05_25_DMLST.tif,a80fb9cb-fdf2-4c35-b7e4-a7e7758469c4,206127598,2011
2011-05-26,2011_05_26_DMLST.tif,642b2611-da37-4deb-9412-9a89d59fe911,206195328,2011
2011-05-27,2011_05_27_DMLST.tif,36a25216-ea13-43a5-b8a2-0bbcfad2f8a3,206241483,2011
2011-05-28,2011_05_28_DMLST.tif,bb023d41-7311-40f1-9595-9d69ee8360fc,205987156,2011
2011-05-29,2011_05_29_DMLST.tif,3c7b8ef7-bdd2-44eb-97e8-3142272ab662,205895999,2011
2011-05-30,2011_05_30_DMLST.tif,ed26fa19-8df9-4ad6-ad3d-29085e20e610,206126768,2011
2011-05-31,2011_05_31_DMLST.tif,a9642331-9fe2-45f2-b921-2911981b25f3,206003750,2011
2011-06-01,2011_06_01_DMLST.tif,0ab53a13-b369-4b51-b517-6479d5f37531,206197542,2011
2011-06-02,2011_06_02_DMLST.tif,18c31775-82c5-4635-83f3-205c088daa56,206170400,2011
2011-06-03,2011_06_03_DMLST.tif,ac58dd3e-2389-4a9d-bd4f-a071400f23f4,205773551,2011
2011-06-04,2011_06_04_DMLST.tif,32ba908d-4062-48b6-8901-863f5d73baeb,205661232,2011
2011-06-05,2011_06_05_DMLST.tif,286e6a60-396f-414e-afcd-b848843a7367,205004678,2011
2011-06-06,2011_06_06_DMLST.tif,e82805d6-27d7-4c37-ae01-8161fad22e1a,204669344,2011
2011-06-07,2011_06_07_DMLST.tif,d7d3df5c-d589-46b3-a18a-9b01a39adeff,203801816,2011
2011-06-08,2011_06_08_DMLST.tif,8c285d87-8bd7-4f35-9ae7-cfed3936e057,203901952,2011
2011-06-09,2011_06_09_DMLST.tif,ba4697ef-3725-4fd1-b8a8-efd4449f5eef,204186628,2011
2011-06-10,2011_06_10_DMLST.tif,98d568da-8377-4aad-970a-2583fe255057,204476515,2011
2011-06-11,2011_06_11_DMLST.tif,308dcd82-c18e-45c8-adfc-9dd5fdb13d7a,204690872,2011
2011-06-12,2011_06_12_DMLST.tif,a30f72ab-f68c-40a8-8757-3b292eb8644c,204509677,2011
2011-06-13,2011_06_13_DMLST.tif,7d970315-0138-482e-ad17-5cafd293e902,204435607,2011
2011-06-14,2011_06_14_DMLST.tif,728a6dba-eb4e-4b79-b682-e970a46f29a2,204035299,2011
2011-06-15,2011_06_15_DMLST.tif,4384aa2f-ca35-49ba-be1e-c71af9d2ab1f,204465218,2011
2011-06-16,2011_06_16_DMLST.tif,b5bd1ccb-75c2-4869-9b12-391375294c35,204686457,2011
2011-06-17,2011_06_17_DMLST.tif,089c6df9-8f1f-461b-af38-4f25a5e334f0,204923645,2011
2011-06-18,2011_06_18_DMLST.tif,2a17a336-b11b-49f3-a8d4-b606ac7f6682,204874929,2011
2011-06-19,2011_06_19_DMLST.tif,deb239dd-06fb-4141-a198-020480d35d3c,205049181,2011
2011-06-20,2011_06_20_DMLST.tif,7c275f88-a6da-4b17-954c-4b5826285f9b,205203493,2011
2011-06-21,2011_06_21_DMLST.tif,9ffc73f3-9414-4168-b5be-6072cb929a98,204863714,2011
2011-06-22,2011_06_22_DMLST.tif,d213b7ec-f880-4955-81dc-c748b9745506,205014564,2011
2011-06-23,2011_06_23_DMLST.tif,dce2dbea-3224-44a0-adb7-7136d89c08a6,204271793,2011
2011-06-24,2011_06_24_DMLST.tif,a5c19e0f-b2f2-4a7d-bbd6-7955a59e1fd4,204352214,2011
2011-06-25,2011_06_25_DMLST.tif,6dbee0c8-3c41-407a-873b-c8281f2b46dc,204430128,2011
2011-06-26,2011_06_26_DMLST.tif,093d67cb-accf-4fd4-b091-2fd6c2caa2b5,204569062,2011
2011-06-27,2011_06_27_DMLST.tif,7a2ab819-0adb-4ed5-9f33-cc9ec5ea3711,205017294,2011
2011-06-28,2011_06_28_DMLST.tif,7779f2cb-df10-4003-bf46-07f7ebd2a981,205182706,2011
2011-06-29,2011_06_29_DMLST.tif,f6e44867-796c-496b-a23f-467a408764e8,204748685,2011
2011-06-30,2011_06_30_DMLST.tif,958ba65d-9031-4965-b7a8-a1c0f5eb128c,204359076,2011
2011-07-01,2011_07_01_DMLST.tif,c7d2ec69-780e-4963-98e2-4e253b2be11e,204582820,2011
2011-07-02,2011_07_02_DMLST.tif,2d481a7f-cb72-4fae-9fd3-ca11457f7a4f,204340857,2011
2011-07-03,2011_07_03_DMLST.tif,633a10b4-9fef-463a-8d3c-7de312d2a1fe,204057415,2011
2011-07-04,2011_07_04_DMLST.tif,8f9b93cc-23d0-405c-916a-2088e0a718a7,203889850,2011
2011-07-05,2011_07_05_DMLST.tif,da371452-3e5e-4181-a66f-221d9ebbc655,204000098,2011
2011-07-06,2011_07_06_DMLST.tif,7e0fc576-a126-4a34-9ae8-caaa4e52034b,204003975,2011
2011-07-07,2011_07_07_DMLST.tif,4c6826ee-8876-455e-a968-26c44f8247ac,203895741,2011
2011-07-08,2011_07_08_DMLST.tif,4799404d-0965-41c9-bdbf-ba7b3974e527,203509385,2011
2011-07-09,2011_07_09_DMLST.tif,37c8517d-71ea-4018-a778-2ba2615ece42,202180472,2011
2011-07-10,2011_07_10_DMLST.tif,cd507c20-6543-4e3d-9e8e-67d776a864f5,202199123,2011
2011-07-11,2011_07_11_DMLST.tif,7a927abd-5a47-44dc-b35f-58875a3a5801,202591818,2011
2011-07-12,2011_07_12_DMLST.tif,1b697040-d973-4c7b-b0c7-1710539b396d,202838895,2011
2011-07-13,2011_07_13_DMLST.tif,3f6b7fc0-d259-438b-9b48-022a64e29a83,202784996,2011
2011-07-14,2011_07_14_DMLST.tif,5caf0853-5797-4b80-a620-e5056848bdbe,202627992,2011
2011-07-15,2011_07_15_DMLST.tif,de07abfe-cd0d-4ec0-b2f4-a4e7c1f5c710,202615733,2011
2011-07-16,2011_07_16_DMLST.tif,74db1f3a-180c-49b6-807c-725e8e3b997e,202726550,2011
2011-07-17,2011_07_17_DMLST.tif,0c89b479-98f3-4843-a915-eefb58916398,203202862,2011
2011-07-18,2011_07_18_DMLST.tif,b3d8aecb-7dda-476b-8bb8-fda4561e7e9f,202854457,2011
2011-07-19,2011_07_19_DMLST.tif,3b6abc85-8fa2-4f30-88f3-7c52b476fc99,202589316,2011
2011-07-20,2011_07_20_DMLST.tif,10dd46f6-9a7a-46d9-9d03-845cdcd5bc5d,202463846,2011
2011-07-21,2011_07_21_DMLST.tif,0f0017ff-4a47-4ea8-953a-b5c2aa048533,202856126,2011
2011-07-22,2011_07_22_DMLST.tif,3bfc5fa4-b8bf-4e40-adc4-7f41170cff83,202981650,2011
2011-07-23,2011_07_23_DMLST.tif,73609717-824d-40f5-8178-98812f7118f1,202662675,2011
2011-07-24,2011_07_24_DMLST.tif,d9b05cfe-9fab-46db-acd6-5c9182747358,202608993,2011
2011-07-25,2011_07_25_DMLST.tif,085a9647-a15a-4337-a66f-bcd1cda0c872,201665593,2011
2011-07-26,2011_07_26_DMLST.tif,3e192a2c-8d8b-4382-b446-e42d0775ae2d,201266057,2011
2011-07-27,2011_07_27_DMLST.tif,07bc1d4d-0960-4a90-892d-c46306b389b1,200677324,2011
2011-07-28,2011_07_28_DMLST.tif,abec1a44-fa59-4457-aed4-f6039ac80df2,200115202,2011
2011-07-29,2011_07_29_DMLST.tif,dac10c0c-3f8b-4b90-a6d4-371d4e310752,200254926,2011
2011-07-30,2011_07_30_DMLST.tif,f6ca7c12-7c0b-44c6-a84c-43f12b4c4c86,200047890,2011
2011-07-31,2011_07_31_DMLST.tif,386544d6-188d-4005-8f5a-653b8a64150c,199948642,2011
2011-08-01,2011_08_01_DMLST.tif,a1771981-021c-499d-813c-cf347bce0f5f,200153524,2011
2011-08-02,2011_08_02_DMLST.tif,cb723295-eb2d-4163-923a-defcec29ce7d,201034096,2011
2011-08-03,2011_08_03_DMLST.tif,eed05054-e76f-4d83-918a-b03e057abd08,201243396,2011
2011-08-04,2011_08_04_DMLST.tif,021f5dc6-4932-44e6-a46e-85b342d0f7cf,201770849,2011
2011-08-05,2011_08_05_DMLST.tif,4cdcee73-3d0c-43c0-9382-ca73da27e6ef,201719397,2011
2011-08-06,2011_08_06_DMLST.tif,168c54e9-7ec1-4552-a010-b9229c9d99c3,201077466,2011
2011-08-07,2011_08_07_DMLST.tif,4a0e8f0f-78df-44b1-8be6-d46e441de926,201073303,2011
2011-08-08,2011_08_08_DMLST.tif,ace5e468-13ad-4b66-a645-05645649237f,201238196,2011
2011-08-09,2011_08_09_DMLST.tif,af8efd10-f7d7-47ee-a5fc-817828f878c1,201571704,2011
2011-08-10,2011_08_10_DMLST.tif,bfb9da01-15ce-4a65-87c6-57b663aeb657,201078617,2011
2011-08-11,2011_08_11_DMLST.tif,049d3df3-b8fc-47ab-a52a-ed11d1d69653,201313841,2011
2011-08-12,2011_08_12_DMLST.tif,5dcaa32c-2c92-4120-913d-fc79291a80d7,201594271,2011
2011-08-13,2011_08_13_DMLST.tif,c42b4302-b351-4f60-85e4-4a304b73a9ca,201466078,2011
2011-08-14,2011_08_14_DMLST.tif,bb8098d5-301d-40fe-871a-5b75645b1999,201487772,2011
2011-08-15,2011_08_15_DMLST.tif,c62d3a07-0c12-40a1-b9e1-85ecab9176f8,201291434,2011
2011-08-16,2011_08_16_DMLST.tif,c4a62e56-de36-4046-a467-fabde7698d6c,201448803,2011
2011-08-17,2011_08_17_DMLST.tif,01a0d1e7-1210-4833-a039-695a80474046,201163371,2011
2011-08-18,2011_08_18_DMLST.tif,f82b1d33-b319-45fc-bf72-6507bb3ca2c1,202524883,2011
2011-08-19,2011_08_19_DMLST.tif,ce9538ae-dfc8-4691-abb2-48d5d9226ee2,202341238,2011
2011-08-20,2011_08_20_DMLST.tif,4db403da-ba0b-4fd2-a618-9ea879f162ad,202458228,2011
2011-08-21,2011_08_21_DMLST.tif,476a2717-5aef-4901-87d9-6a32b5f371c1,202905771,2011
2011-08-22,2011_08_22_DMLST.tif,dbb590cb-1918-4350-a970-a06b512a339d,203052505,2011
2011-08-23,2011_08_23_DMLST.tif,9683a805-62cb-4e2d-8aa6-075844299ae9,202620992,2011
2011-08-24,2011_08_24_DMLST.tif,abdadc29-6439-4e69-8077-62ff0e558c38,202574795,2011
2011-08-25,2011_08_25_DMLST.tif,bb90bf52-0f1c-41d9-9a1e-465de39a0ff9,202456036,2011
2011-08-26,2011_08_26_DMLST.tif,9ba83053-daf7-4390-a410-1de7cae65d32,201680478,2011
2011-08-27,2011_08_27_DMLST.tif,326828ad-bc0c-4a8c-93be-f65fe372bcfe,201759101,2011
2011-08-28,2011_08_28_DMLST.tif,f372af37-7d7b-40ec-bfd4-02bdd1d305b1,201679343,2011
2011-08-29,2011_08_29_DMLST.tif,88c54a53-4f72-4db5-a932-fc54e59d2c06,201678847,2011
2011-08-30,2011_08_30_DMLST.tif,979f21f3-976d-44e9-80e6-36aec9627646,201263441,2011
2011-08-31,2011_08_31_DMLST.tif,d1570b17-725e-432f-81a6-393898eac5b1,201278812,2011
2011-09-01,2011_09_01_DMLST.tif,48d00442-80f1-498a-b89d-0bd98f2f91e6,201533373,2011
2011-09-02,2011_09_02_DMLST.tif,8aa718e2-9b7f-4c81-81d3-3776794c6c69,201859808,2011
2011-09-03,2011_09_03_DMLST.tif,70af06a3-31f8-4ee8-8b84-fbda26f8971a,203950864,2011
2011-09-04,2011_09_04_DMLST.tif,3c6c0a99-acd8-4f6f-9a47-8bc2572aa92f,203806051,2011
2011-09-05,2011_09_05_DMLST.tif,ee2d92ad-70ef-40af-a459-373b136e424c,203359122,2011
2011-09-06,2011_09_06_DMLST.tif,8736f6df-1fde-487c-93cf-26a6edf026e1,203378433,2011
2011-09-07,2011_09_07_DMLST.tif,d02905a6-14ac-4395-bfc8-b5ef81edd645,203588615,2011
2011-09-08,2011_09_08_DMLST.tif,5a7ce6c2-ea7c-40d1-8eff-4431e21211a6,203409719,2011
2011-09-09,2011_09_09_DMLST.tif,4b9ed80b-6677-4001-b335-d86c54154eab,203300545,2011
2011-09-10,2011_09_10_DMLST.tif,beb5223c-d732-4169-946f-5d3e4ec9ac3f,203153542,2011
2011-09-11,2011_09_11_DMLST.tif,6f0c79e9-fe96-4c77-be20-63653cafcfc0,202477472,2011
2011-09-12,2011_09_12_DMLST.tif,61cd1bd6-a7c7-4eec-8503-640dcdb27020,202755376,2011
2011-09-13,2011_09_13_DMLST.tif,9a37a773-e8ec-43c3-ae82-96ede4d8f4cc,202953513,2011
2011-09-14,2011_09_14_DMLST.tif,0361e575-ca32-4108-9042-87a10d1a256b,203506213,2011
2011-09-15,2011_09_15_DMLST.tif,ef55de2d-ddfb-4a5d-bca6-67571664968f,203787740,2011
2011-09-16,2011_09_16_DMLST.tif,c24953a6-9d68-418d-8697-4900b4a18578,204105067,2011
2011-09-17,2011_09_17_DMLST.tif,952c00e3-1098-4368-9547-0fce1cef2dec,203832143,2011
2011-09-18,2011_09_18_DMLST.tif,7c479039-bc2f-4e68-bd74-2faa46bebd60,203728113,2011
2011-09-19,2011_09_19_DMLST.tif,05699f98-18bb-4311-a386-28b07f1f7baa,205068125,2011
2011-09-20,2011_09_20_DMLST.tif,df87ef2d-8cdf-4a5d-8edb-fbaedaabdfcf,204778491,2011
2011-09-21,2011_09_21_DMLST.tif,b205af87-d59a-4533-a17d-59a81afdb8d7,204864804,2011
2011-09-22,2011_09_22_DMLST.tif,277d9d41-e2f3-43db-89f1-4b74e1d79022,204938035,2011
2011-09-23,2011_09_23_DMLST.tif,32f58f7b-9f2e-4e7e-9e29-1c3467a71deb,204769973,2011
2011-09-24,2011_09_24_DMLST.tif,53d0d4e6-1811-44c7-9e9d-ad4e7b5d83b5,204900217,2011
2011-09-25,2011_09_25_DMLST.tif,0f8cb683-38bb-4ff8-90ea-be72b85faaa0,204853534,2011
2011-09-26,2011_09_26_DMLST.tif,82f5b11a-1402-48bf-b948-d81186df2780,204637593,2011
2011-09-27,2011_09_27_DMLST.tif,6cedef0d-b309-4126-81da-01c90d2ead65,204627820,2011
2011-09-28,2011_09_28_DMLST.tif,1a6cb7e6-177f-48c3-8543-13c1458c502b,204965917,2011
2011-09-29,2011_09_29_DMLST.tif,472f5287-1eca-41ee-b3a3-7d74df270117,204776745,2011
2011-09-30,2011_09_30_DMLST.tif,9f5fc76d-4f84-4246-a2e2-17842f1d8760,204927068,2011
2011-10-01,2011_10_01_DMLST.tif,967cfa8f-1af6-4f57-84d1-5a50592ac174,204981477,2011
2011-10-02,2011_10_02_DMLST.tif,8768b862-e2c0-45b6-a7e6-0d1a0a4cffef,205182032,2011
2011-10-03,2011_10_03_DMLST.tif,cbc9572b-5ea6-4298-a5a1-14751dae804f,205425178,2011
2011-10-04,2011_10_04_DMLST.tif,33cfbdc5-4a0e-4e03-ad4d-f74bc20182c6,205537592,2011
2011-10-05,2011_10_05_DMLST.tif,1e9d7332-a68f-42b2-b1d5-b210463f5f67,206702579,2011
2011-10-06,2011_10_06_DMLST.tif,a33704f3-4231-4b97-acd5-33afb89d636a,206823754,2011
2011-10-07,2011_10_07_DMLST.tif,2771671f-32d2-4c62-8d6b-3934709604dc,206968398,2011
2011-10-08,2011_10_08_DMLST.tif,c0b7aa14-5414-4562-9bb4-4201e3efce88,207200761,2011
2011-10-09,2011_10_09_DMLST.tif,22cf6483-9351-4266-9d40-c5e7414d008c,206935931,2011
2011-10-10,2011_10_10_DMLST.tif,259f06ee-d775-4321-8c1b-56e97986d4fd,206651558,2011
2011-10-11,2011_10_11_DMLST.tif,e530d23b-3c55-4c3f-8bcc-f65c02e5f860,206714857,2011
2011-10-12,2011_10_12_DMLST.tif,dc690aed-a128-4c96-9cf5-fa36ef0c7b62,207202865,2011
2011-10-13,2011_10_13_DMLST.tif,da171981-c8a4-4f4b-babf-827399e2746a,206622094,2011
2011-10-14,2011_10_14_DMLST.tif,e52335d1-fcc3-490f-92cf-5b4024bbfa7e,206605894,2011
2011-10-15,2011_10_15_DMLST.tif,5cd87696-14a9-46a0-ae96-367f46f80899,206577487,2011
2011-10-16,2011_10_16_DMLST.tif,b65b7671-57d9-4509-a99f-0081cd95a0d8,206136737,2011
2011-10-17,2011_10_17_DMLST.tif,51f84697-b258-4f24-b8fd-f71cfb762f25,206674035,2011
2011-10-18,2011_10_18_DMLST.tif,ad03bbdb-19f4-4711-9c50-c6f768cf1e90,207302556,2011
2011-10-19,2011_10_19_DMLST.tif,2b4bcada-12a3-4d02-b884-a373b3870233,207244375,2011
2011-10-20,2011_10_20_DMLST.tif,5c3bce04-1474-4142-b984-4acaf882a2ee,206901622,2011
2011-10-21,2011_10_21_DMLST.tif,ef7287d2-1984-48f7-8422-94eb85f6e47a,208634149,2011
2011-10-22,2011_10_22_DMLST.tif,5a6cf6a0-65c0-4919-8ab3-3361507d4a66,208732745,2011
2011-10-23,2011_10_23_DMLST.tif,a15d25c1-334f-4470-a138-98215af2d12d,208579116,2011
2011-10-24,2011_10_24_DMLST.tif,8f9dd7fa-b51e-4135-ab5d-1d1a2239e349,208240827,2011
2011-10-25,2011_10_25_DMLST.tif,c2342687-9120-4f44-b6df-55f06f56381e,207819219,2011
2011-10-26,2011_10_26_DMLST.tif,3046b918-6966-417d-a809-139b78657432,207733584,2011
2011-10-27,2011_10_27_DMLST.tif,03bbdceb-185d-43ca-b0c5-b0bf68ce8db8,207970685,2011
2011-10-28,2011_10_28_DMLST.tif,17610819-5cb1-4118-8dcc-a4734dd12fe3,207729084,2011
2011-10-29,2011_10_29_DMLST.tif,4a3d59aa-30d0-4ad6-85fc-625c03d2e8c7,207558879,2011
2011-10-30,2011_10_30_DMLST.tif,bd8a1c2d-ba6b-47c4-a483-392d1eb78576,207399593,2011
2011-10-31,2011_10_31_DMLST.tif,930612d2-45db-4bf8-96dc-dc13854a3fef,207716902,2011
2011-11-01,2011_11_01_DMLST.tif,6eb24654-c370-438b-8d07-78bb32557f69,207541474,2011
2011-11-02,2011_11_02_DMLST.tif,f8305f9a-fc7a-46e5-9150-ac7f116772e5,207362595,2011
2011-11-03,2011_11_03_DMLST.tif,0c03b741-eaa2-4b7c-a499-a2052b8dbf7e,207009376,2011
2011-11-04,2011_11_04_DMLST.tif,36a71d96-3336-4620-b817-432d9c4963f1,206981653,2011
2011-11-05,2011_11_05_DMLST.tif,636b3cad-b5c6-4ec6-841e-654e31daa407,206781566,2011
2011-11-06,2011_11_06_DMLST.tif,0999172a-a4fd-475b-9990-c9ea39a1e145,207260834,2011
2011-11-07,2011_11_07_DMLST.tif,22d6a85a-163c-472d-8a0d-d192822fa989,207412276,2011
2011-11-08,2011_11_08_DMLST.tif,dc16f246-daf4-4539-ba5b-6b1796171fce,207994148,2011
2011-11-09,2011_11_09_DMLST.tif,5e840a0f-4f3c-414e-a2f6-a498468f5f8f,207829830,2011
2011-11-10,2011_11_10_DMLST.tif,7dee80b5-cd64-477d-9468-e567dbadfe1c,207422810,2011
2011-11-11,2011_11_11_DMLST.tif,332656ed-fe83-41d5-8cb2-926253d97498,207102319,2011
2011-11-12,2011_11_12_DMLST.tif,28a39f47-f79a-4cf6-8a2e-ca24a4e59e52,206697349,2011
2011-11-13,2011_11_13_DMLST.tif,9978f7c8-3395-46a1-8cbf-8cd3d77d5d89,206723423,2011
2011-11-14,2011_11_14_DMLST.tif,2a3ce514-7b3b-4097-9e17-8fe67c53c329,206031953,2011
2011-11-15,2011_11_15_DMLST.tif,dd643156-a488-4069-a263-b0962ea260f1,206111682,2011
2011-11-16,2011_11_16_DMLST.tif,7097eda0-651f-48c4-adb3-b381b67108da,206138576,2011
2011-11-17,2011_11_17_DMLST.tif,f178e78d-ede2-4063-82d1-fca5b7c5964c,205856475,2011
2011-11-18,2011_11_18_DMLST.tif,5f6a48d5-3a78-4dc2-9ca4-9c35f15d3c3f,205407009,2011
2011-11-19,2011_11_19_DMLST.tif,8e75c10d-6e8d-42a4-a8d4-a9d417089185,205239902,2011
2011-11-20,2011_11_20_DMLST.tif,cd338072-fba0-45d3-890a-2233a9fae7c8,205478053,2011
2011-11-21,2011_11_21_DMLST.tif,b288fab3-a012-4c62-8bed-327ae524a8c2,205557150,2011
2011-11-22,2011_11_22_DMLST.tif,c546a7de-8032-4150-a91e-8ef7283845d3,205592543,2011
2011-11-23,2011_11_23_DMLST.tif,c70ef486-9ce0-4624-8444-bf7a951f5a8d,206042864,2011
2011-11-24,2011_11_24_DMLST.tif,23b57356-d29f-4ab3-880a-d4d4575e4f16,206445934,2011
2011-11-25,2011_11_25_DMLST.tif,bf0d4a07-4bd5-4b26-90b0-7f04aa3c7d43,206260547,2011
2011-11-26,2011_11_26_DMLST.tif,8ecd1752-5963-46a9-be71-7abde55c236d,205993425,2011
2011-11-27,2011_11_27_DMLST.tif,1a0ca743-e2a1-42cf-bf4a-48159e8cdb56,205945651,2011
2011-11-28,2011_11_28_DMLST.tif,59ba3397-55b1-4920-bbbc-1a1c609c5c42,205777134,2011
2011-11-29,2011_11_29_DMLST.tif,e45d63b4-f268-4181-93af-a97b4fd2b661,205839961,2011
2011-11-30,2011_11_30_DMLST.tif,8569198a-dcce-4c8b-90ef-90c0dc298ef4,205967173,2011
2011-12-01,2011_12_01_DMLST.tif,8a99553f-15ee-4d23-8aef-39fd0a6a93d3,206113929,2011
2011-12-02,2011_12_02_DMLST.tif,cb9079ab-b82b-4f57-a15c-a28c3b86889c,206130871,2011
2011-12-03,2011_12_03_DMLST.tif,4e5d6a47-faf6-4b2d-8f55-19e7a5e8399d,206371882,2011
2011-12-04,2011_12_04_DMLST.tif,e66e1738-e299-4af2-a87a-009313eb1440,206583203,2011
2011-12-05,2011_12_05_DMLST.tif,2dc710e9-ac08-4d85-9cf2-ad2c101ddc9e,206607535,2011
2011-12-06,2011_12_06_DMLST.tif,58494302-bdae-455d-8958-7db7572a0e9a,206289793,2011
2011-12-07,2011_12_07_DMLST.tif,dd17fbd4-b684-4e90-b2ac-c208c67ae935,205743605,2011
2011-12-08,2011_12_08_DMLST.tif,0e2f3a07-fb20-48fa-b104-6a4c781134a3,205725914,2011
2011-12-09,2011_12_09_DMLST.tif,6096c841-1629-44a5-b38c-08acb3ef5887,205665289,2011
2011-12-10,2011_12_10_DMLST.tif,984b6d07-523c-4db1-8c55-1febc6b214eb,205865592,2011
2011-12-11,2011_12_11_DMLST.tif,6c675848-e044-4d19-b965-5dc49003883c,205789933,2011
2011-12-12,2011_12_12_DMLST.tif,4ec2c58f-eed0-4e57-9e3a-215b4777786b,205886654,2011
2011-12-13,2011_12_13_DMLST.tif,ad7b6fe3-0e96-4900-89b7-60782df24795,206102607,2011
2011-12-14,2011_12_14_DMLST.tif,3447f090-662e-4b8c-b69f-0cba9e2a2f41,205177415,2011
2011-12-15,2011_12_15_DMLST.tif,a4dec208-0060-4465-a2ba-14e4357b7d96,205216028,2011
2011-12-16,2011_12_16_DMLST.tif,53a9dca8-a58f-46be-8042-a02e01ad4c86,205060811,2011
2011-12-17,2011_12_17_DMLST.tif,4161b110-af2c-45ce-b78a-487736a11ef4,205054711,2011
2011-12-18,2011_12_18_DMLST.tif,1f014ecc-3d87-43a6-a7f8-c1ec9af5ca52,204825556,2011
2011-12-19,2011_12_19_DMLST.tif,cc7ca857-6f31-479b-9f8c-e6113bb030d7,204728247,2011
2011-12-20,2011_12_20_DMLST.tif,03e40786-f4ea-4b17-a74b-a3ac1fe3064e,204211989,2011
2011-12-21,2011_12_21_DMLST.tif,45e125fd-afcb-4d85-a310-c9286986e8a0,203867689,2011
2011-12-22,2011_12_22_DMLST.tif,836340ed-8caa-4a34-81ae-1c2e3d5ba7ee,203568191,2011
2011-12-23,2011_12_23_DMLST.tif,12ee05ab-73b1-4124-ab77-4553c3456e9a,203271285,2011
2011-12-24,2011_12_24_DMLST.tif,35608dc5-0c4c-45b5-9466-da5492651747,203550254,2011
2011-12-25,2011_12_25_DMLST.tif,5101b45a-9859-48df-b641-6127f088b908,203971843,2011
2011-12-26,2011_12_26_DMLST.tif,5606f435-c68e-49f0-95c6-2d04ac1f6cee,204304486,2011
2011-12-27,2011_12_27_DMLST.tif,743af3a7-2f7d-4e82-a462-7162e74cc6df,204884131,2011
2011-12-28,2011_12_28_DMLST.tif,afd09fb8-d0cb-408c-ad7c-62d8e48b5fa5,205489851,2011
2011-12-29,2011_12_29_DMLST.tif,85e00091-658b-4075-b832-5d1bea7b3b4b,205831983,2011
2011-12-30,2011_12_30_DMLST.tif,4c47ce55-560a-4d36-bfad-3ae4722a1862,205069545,2011
2011-12-31,2011_12_31_DMLST.tif,5a3025c4-b476-48d6-9c8e-2b85d066c7de,204955928,2011
2012-01-01,2012_01_01_DMLST.tif,51442cba-c4da-4866-b000-ba38114008e2,204170552,2012
2012-01-02,2012_01_02_DMLST.tif,a473266c-359c-4a1c-b57f-db95e4516a4a,203979075,2012
2012-01-03,2012_01_03_DMLST.tif,96bb95a1-64d7-4591-a08d-bdf36b696bc1,204247575,2012
2012-01-04,2012_01_04_DMLST.tif,d094b67b-7127-4a4c-9132-626fa0a3133d,204768429,2012
2012-01-05,2012_01_05_DMLST.tif,ae945f9c-bd1f-4156-b957-c3d839dc0071,205014551,2012
2012-01-06,2012_01_06_DMLST.tif,f60d2b06-5ce7-496b-9a46-c18fadd97b61,204850091,2012
2012-01-07,2012_01_07_DMLST.tif,4e72dc0b-df4b-46a2-94aa-7ad30f89412e,204088124,2012
2012-01-08,2012_01_08_DMLST.tif,362cd66b-37b5-4961-973a-48abb7e8a862,204134992,2012
2012-01-09,2012_01_09_DMLST.tif,42fa4c94-e772-450c-a4d2-114a2b4e871c,204602361,2012
2012-01-10,2012_01_10_DMLST.tif,793c4553-8d6b-44f8-a8c8-1224dbe33f01,204776878,2012
2012-01-11,2012_01_11_DMLST.tif,ef480a0d-1737-43c3-a713-b01e49f7ce31,204501637,2012
2012-01-12,2012_01_12_DMLST.tif,67a8bb78-c753-4fea-b98a-7a3c682ffaf6,204338990,2012
2012-01-13,2012_01_13_DMLST.tif,ede3cec4-d934-4478-b65b-01e19099dfb3,204818658,2012
2012-01-14,2012_01_14_DMLST.tif,a7a46127-4973-418a-ab60-57109dd0b340,204348254,2012
2012-01-15,2012_01_15_DMLST.tif,c169b19d-377c-410b-96bd-76faa81c86ce,203680480,2012
2012-01-16,2012_01_16_DMLST.tif,8fbaccd8-dec3-43ad-a25e-5a4a5397c55c,202888643,2012
2012-01-17,2012_01_17_DMLST.tif,be675b08-a4ff-4142-8bd3-faf5fe6e3fc4,201930203,2012
2012-01-18,2012_01_18_DMLST.tif,f01d6355-ae3f-4e29-904c-d27594ecee39,201624064,2012
2012-01-19,2012_01_19_DMLST.tif,defd7052-4375-4802-b2f6-c21fdd6dcdd3,201475310,2012
2012-01-20,2012_01_20_DMLST.tif,13b3d026-3469-4c55-aa32-305dbe4d77e0,201505892,2012
2012-01-21,2012_01_21_DMLST.tif,b0cf0737-b8c9-47f9-90b3-8c9042660457,202093797,2012
2012-01-22,2012_01_22_DMLST.tif,353c304a-fce9-4e60-b462-e495ed743c2b,202332433,2012
2012-01-23,2012_01_23_DMLST.tif,ad7ac42d-ebb6-4a12-bc6e-eeb095e6e2c6,202363872,2012
2012-01-24,2012_01_24_DMLST.tif,bdf3b1a7-0adc-483b-8cb6-b73ef10d0246,202534926,2012
2012-01-25,2012_01_25_DMLST.tif,6d19745c-39e8-41d4-b266-39793e0d2a1e,202844942,2012
2012-01-26,2012_01_26_DMLST.tif,94cf5091-4851-4368-8284-8a959262af5f,202821772,2012
2012-01-27,2012_01_27_DMLST.tif,d2d392ad-2432-43d0-8dee-3837f243afbf,202295926,2012
2012-01-28,2012_01_28_DMLST.tif,0f479c6c-d1ab-4574-96c3-f680097ad9a4,201231948,2012
2012-01-29,2012_01_29_DMLST.tif,9943259c-5840-454d-8363-a23c8d41fecd,200990850,2012
2012-01-30,2012_01_30_DMLST.tif,aa48e9c7-24ef-4b0d-a5f3-f5113cbea8d7,201036133,2012
2012-01-31,2012_01_31_DMLST.tif,9d830300-a695-4093-a531-f998e7066a49,201305424,2012
2012-02-01,2012_02_01_DMLST.tif,3ded74a0-e329-43b1-b578-233834c44d6c,201963262,2012
2012-02-02,2012_02_02_DMLST.tif,f7a0a2b6-82c9-4f28-a4c9-324eeeec7d8a,202656576,2012
2012-02-03,2012_02_03_DMLST.tif,6502523c-c78f-43bf-88e7-087a3fd9bfb1,202948407,2012
2012-02-04,2012_02_04_DMLST.tif,a485651e-bd51-45d8-b2ec-a12a7cfc16ab,202745839,2012
2012-02-05,2012_02_05_DMLST.tif,186d0c9c-b7a0-4094-aed9-cb15e834b866,202659413,2012
2012-02-06,2012_02_06_DMLST.tif,dc380400-5c1e-4f17-87d4-b28d34adfe81,202713007,2012
2012-02-07,2012_02_07_DMLST.tif,b1d28f9f-5e22-44a7-b5aa-794c2dc8d4f3,203110358,2012
2012-02-08,2012_02_08_DMLST.tif,f24d27ae-fdb9-450b-8ab6-af16251f5e6a,202846436,2012
2012-02-09,2012_02_09_DMLST.tif,89703173-e848-402b-9db1-1ee979bd7668,202461412,2012
2012-02-10,2012_02_10_DMLST.tif,a2a72103-5a39-4091-b4f7-d2a18d9d4b65,202517116,2012
2012-02-11,2012_02_11_DMLST.tif,0d53a47b-4b51-44fd-8e4e-1c162dc7b0c1,202526687,2012
2012-02-12,2012_02_12_DMLST.tif,2ceac190-b9a5-473e-afe8-8176e68b7a75,202812067,2012
2012-02-13,2012_02_13_DMLST.tif,c614ec46-b8b1-47e9-81ba-ecaf077d1e3a,202926148,2012
2012-02-14,2012_02_14_DMLST.tif,34d5f4c3-4063-4bac-8a56-17b5b0d53af5,203057947,2012
2012-02-15,2012_02_15_DMLST.tif,0348a983-1ea1-49fc-9d86-d3f034fe268d,201589583,2012
2012-02-16,2012_02_16_DMLST.tif,97e4abe2-3a78-42c2-a72d-9fabe9bd52b1,201538330,2012
2012-02-17,2012_02_17_DMLST.tif,0ae11c6f-76ac-43f2-8797-69718add6531,201620835,2012
2012-02-18,2012_02_18_DMLST.tif,54a9bb66-75c3-4dec-b432-77f0c0f5e771,201751953,2012
2012-02-19,2012_02_19_DMLST.tif,9140e53d-186d-4b4e-9699-4fbc3c87b14b,201950135,2012
2012-02-20,2012_02_20_DMLST.tif,66e820c1-4e78-4fce-abeb-a4c6107d83e5,201826617,2012
2012-02-21,2012_02_21_DMLST.tif,5d932261-65dc-46f7-b6aa-a936e5781141,202391429,2012
2012-02-22,2012_02_22_DMLST.tif,0d9133e3-33d5-4709-8d58-56857ad58b00,202984646,2012
2012-02-23,2012_02_23_DMLST.tif,ad8b8099-cc29-4d84-80d0-4ca33f315dce,202877712,2012
2012-02-24,2012_02_24_DMLST.tif,29948ae4-db73-497d-b9a0-23642d0fc2b0,202075101,2012
2012-02-25,2012_02_25_DMLST.tif,eb5a2e06-b495-4067-8e00-31600b24bd27,202100040,2012
2012-02-26,2012_02_26_DMLST.tif,0f065d95-93dc-43ee-8c05-554bd2c95815,202254471,2012
2012-02-27,2012_02_27_DMLST.tif,84088709-9508-4968-b7b5-eda9af036670,202404174,2012
2012-02-28,2012_02_28_DMLST.tif,13d28c8b-5bde-40c1-9e7a-f5362c94f9cb,202531345,2012
2012-02-29,2012_02_29_DMLST.tif,72032e47-c0b1-4711-94ee-d9bdd3c7cde1,202575643,2012
2012-03-01,2012_03_01_DMLST.tif,fbaf7e54-7f43-4c04-ac91-feb546c4a113,202608315,2012
2012-03-02,2012_03_02_DMLST.tif,72fae567-284e-4ac1-aff9-3bfbe7197678,201661687,2012
2012-03-03,2012_03_03_DMLST.tif,970bc5d7-e07b-4933-86e6-5f3367f1ddc0,202262816,2012
2012-03-04,2012_03_04_DMLST.tif,db73430a-e18d-4e61-b0ee-00ce29c9c3b5,202690504,2012
2012-03-05,2012_03_05_DMLST.tif,1a6d430c-d589-4fa2-8edc-555730eb6a44,202263718,2012
2012-03-06,2012_03_06_DMLST.tif,7f8b4a18-1601-42db-864e-6dbb38f014cb,202010525,2012
2012-03-07,2012_03_07_DMLST.tif,1956a33f-1ba3-45c5-bb1a-9d384b3c0597,201768863,2012
2012-03-08,2012_03_08_DMLST.tif,03e55355-5902-4ac7-a895-ea6888fa5205,201798381,2012
2012-03-09,2012_03_09_DMLST.tif,c388070c-6ad2-4555-9308-218171245973,202074107,2012
2012-03-10,2012_03_10_DMLST.tif,747a372d-5026-4c57-8f74-751a64eb26e4,202542723,2012
2012-03-11,2012_03_11_DMLST.tif,dcbabb0d-c44a-4743-8d31-c3c6f40312af,202744417,2012
2012-03-12,2012_03_12_DMLST.tif,f080ae10-eb92-4b18-8331-d12a168bcc60,202925898,2012
2012-03-13,2012_03_13_DMLST.tif,50791eb8-d0c7-4619-8044-9189588925f8,202699975,2012
2012-03-14,2012_03_14_DMLST.tif,fe9e3173-7d6b-42c8-8ba9-1613e4bd7097,202777208,2012
2012-03-15,2012_03_15_DMLST.tif,5d977d7a-d119-4251-8630-10804ee87f90,203315051,2012
2012-03-16,2012_03_16_DMLST.tif,63e22520-fb00-44d1-b723-cb97c7bbd9e7,203497260,2012
2012-03-17,2012_03_17_DMLST.tif,b202b434-bc36-4d88-a318-66f032b8baa5,203743847,2012
2012-03-18,2012_03_18_DMLST.tif,17ff61af-6d96-47ea-80ec-746ccf5d4fc6,204083979,2012
2012-03-19,2012_03_19_DMLST.tif,afc233d7-1f5f-4067-b47c-35520f4ebbf2,204573077,2012
2012-03-20,2012_03_20_DMLST.tif,011f2090-06c9-4cee-ab7b-5b5a459faed9,204912180,2012
2012-03-21,2012_03_21_DMLST.tif,b203c71f-5bd8-4676-8a1e-8d27660ec4d8,204677565,2012
2012-03-22,2012_03_22_DMLST.tif,25ef1b30-aa04-49c6-b78f-d34654bc9c77,204051284,2012
2012-03-23,2012_03_23_DMLST.tif,19619ec7-558e-439a-8dac-053d4d44314a,203690972,2012
2012-03-24,2012_03_24_DMLST.tif,922b3ac4-fce7-4880-9335-4a815ff9a345,203352601,2012
2012-03-25,2012_03_25_DMLST.tif,52000125-bfe7-4b9a-bbdc-cc9a8cbf3e15,203336556,2012
2012-03-26,2012_03_26_DMLST.tif,d05c003f-c036-4946-b20a-05557fda1db4,204512019,2012
2012-03-27,2012_03_27_DMLST.tif,b15d45ef-1de3-4693-b866-e815a77ac1b1,204956805,2012
2012-03-28,2012_03_28_DMLST.tif,f6ffd467-6fea-4c3d-abf9-bbcaf0774f9b,205200094,2012
2012-03-29,2012_03_29_DMLST.tif,b19502e6-66d0-42c5-9b08-9974aaeec206,204776495,2012
2012-03-30,2012_03_30_DMLST.tif,d4dffec6-befc-4465-aa33-964489455988,205047279,2012
2012-03-31,2012_03_31_DMLST.tif,20f22c39-2afd-4a3b-9727-45ec1aee16a5,205409514,2012
2012-04-01,2012_04_01_DMLST.tif,6cf24b3c-a897-4359-881b-c58a760852bb,205240069,2012
2012-04-02,2012_04_02_DMLST.tif,7cf4cda2-0c5f-43bf-b826-bd77047bd648,205172907,2012
2012-04-03,2012_04_03_DMLST.tif,28903e3b-7366-40d3-8521-5b68c9316d19,204928576,2012
2012-04-04,2012_04_04_DMLST.tif,11b9e67f-adcd-4080-9b58-46d9b6a1f8c8,204871614,2012
2012-04-05,2012_04_05_DMLST.tif,9710939b-eeb9-43ae-a871-ee15fbbc815c,204779270,2012
2012-04-06,2012_04_06_DMLST.tif,2bad75a8-e591-4530-9e5e-ef63aa98b7c2,204890936,2012
2012-04-07,2012_04_07_DMLST.tif,e54843e0-98d3-4b17-883f-dea4d4c3e9c0,204840624,2012
2012-04-08,2012_04_08_DMLST.tif,96bd9621-6cfe-4791-8079-f2e8211a8de6,204434656,2012
2012-04-09,2012_04_09_DMLST.tif,7338e8a0-7799-4f23-898d-a282df280629,204626459,2012
2012-04-10,2012_04_10_DMLST.tif,c0acc720-25f3-410a-8f66-b588a9ead677,204797066,2012
2012-04-11,2012_04_11_DMLST.tif,af6776f6-4d4b-42fe-8a33-585165a026b5,205540820,2012
2012-04-12,2012_04_12_DMLST.tif,0ff725b3-2e9b-49cf-9fae-bf8382219eac,205908937,2012
2012-04-13,2012_04_13_DMLST.tif,bb694c01-3ca1-4d15-a432-efefaa41beaf,206365303,2012
2012-04-14,2012_04_14_DMLST.tif,148108c9-0cbd-4310-89f4-ad4c15bcc51c,206207643,2012
2012-04-15,2012_04_15_DMLST.tif,af9d14e3-55df-46ff-816c-e29b29850c80,206129257,2012
2012-04-16,2012_04_16_DMLST.tif,8a03b1b2-9605-4bbb-ac8a-e52eaf3e8513,205939291,2012
2012-04-17,2012_04_17_DMLST.tif,f2af802f-28be-4d20-a8e5-a76360162529,205725876,2012
2012-04-18,2012_04_18_DMLST.tif,0ea9721e-5ec0-44ef-8439-bc04466d2665,205728788,2012
2012-04-19,2012_04_19_DMLST.tif,646e4d54-0ba3-4656-b3df-c5c1ca1d64d3,205090726,2012
2012-04-20,2012_04_20_DMLST.tif,948a542b-31ab-485a-86e0-5d7501b0c95e,204841694,2012
2012-04-21,2012_04_21_DMLST.tif,d0b5bb49-3ce5-4814-9cc1-25b1932d25ad,204736963,2012
2012-04-22,2012_04_22_DMLST.tif,1797b74c-ec8a-4d1d-8b19-b5088c883468,205471203,2012
2012-04-23,2012_04_23_DMLST.tif,e045dc21-9433-4095-9063-cc179c6d2167,205490650,2012
2012-04-24,2012_04_24_DMLST.tif,2327dcf4-8b66-4cf3-9e70-ca7319687042,204897086,2012
2012-04-25,2012_04_25_DMLST.tif,1d589773-99cf-431d-82c6-740142a69b15,204473145,2012
2012-04-26,2012_04_26_DMLST.tif,587e8c4b-f936-4c24-8565-9687a204f8a5,203884107,2012
2012-04-27,2012_04_27_DMLST.tif,f537239e-748f-4104-ab4e-a68ba5a9915a,204863852,2012
2012-04-28,2012_04_28_DMLST.tif,22d3d70e-e8be-4a85-ad1c-c36342ff764a,205012138,2012
2012-04-29,2012_04_29_DMLST.tif,b6d50423-737b-4452-90da-30ee843a9312,205141365,2012
2012-04-30,2012_04_30_DMLST.tif,21e9dafa-a641-4e75-a8f5-fa88ec6053b7,205104124,2012
2012-05-01,2012_05_01_DMLST.tif,7827ba08-0539-4d2d-905c-dbaab7c3d56b,205466520,2012
2012-05-02,2012_05_02_DMLST.tif,9277e11b-7b86-4140-b8b3-691fce28e47b,205785866,2012
2012-05-03,2012_05_03_DMLST.tif,d95fc352-6f38-4eb3-87b6-15bbec27cdbb,205845571,2012
2012-05-04,2012_05_04_DMLST.tif,7cf95205-2de5-4616-803a-6762ca29556c,205570888,2012
2012-05-05,2012_05_05_DMLST.tif,caec7838-9d56-408e-9df3-6d4ccbc99f9a,204862539,2012
2012-05-06,2012_05_06_DMLST.tif,2e961366-fc30-427b-9939-118c64894ea6,205007937,2012
2012-05-07,2012_05_07_DMLST.tif,34ecc587-cddf-4612-a5c8-df514487ed68,204990565,2012
2012-05-08,2012_05_08_DMLST.tif,e9b3835e-3724-4bbb-acd0-f9f584438de2,205433239,2012
2012-05-09,2012_05_09_DMLST.tif,f27e125a-6b7b-4849-a78c-4b0c28e84194,205852313,2012
2012-05-10,2012_05_10_DMLST.tif,b28b93b0-7fb3-4396-9905-8d050b51bf6e,205849210,2012
2012-05-11,2012_05_11_DMLST.tif,9bc33c95-d6e8-4184-8fa7-ddedec67b30f,206075768,2012
2012-05-12,2012_05_12_DMLST.tif,5e786bf5-e89b-46f3-8213-fe420eac5cdf,205912735,2012
2012-05-13,2012_05_13_DMLST.tif,32d35ced-b2fb-4666-912c-1d874aa846f7,206546924,2012
2012-05-14,2012_05_14_DMLST.tif,63bbdc65-ac9a-4e60-b5b9-d6448964f342,206354015,2012
2012-05-15,2012_05_15_DMLST.tif,311eddac-f1a8-4327-8c83-ed75d5aa0638,206023200,2012
2012-05-16,2012_05_16_DMLST.tif,9391b011-d402-49ef-8ff0-2c9a85d39339,206016255,2012
2012-05-17,2012_05_17_DMLST.tif,45543bce-07d9-4538-913a-ec0e00ad0287,205605544,2012
2012-05-18,2012_05_18_DMLST.tif,b5267852-d0b6-480b-8c32-ba95154b2c52,205448911,2012
2012-05-19,2012_05_19_DMLST.tif,c03749ef-2242-414e-a09c-6bc365682dda,205563132,2012
2012-05-20,2012_05_20_DMLST.tif,75b74dbc-c7c3-47d2-af36-2c266cd6eec1,205946762,2012
2012-05-21,2012_05_21_DMLST.tif,21ee2a37-1e99-4bd6-85e9-214a81c44950,205434439,2012
2012-05-22,2012_05_22_DMLST.tif,c723107d-507b-48dd-980f-4838f4619b36,205161204,2012
2012-05-23,2012_05_23_DMLST.tif,3d871953-e604-4447-ac75-70094f42a167,204828181,2012
2012-05-24,2012_05_24_DMLST.tif,415f4f40-1344-4602-ae6e-2ed4152d9bb8,205262441,2012
2012-05-25,2012_05_25_DMLST.tif,86823e6e-e815-47d0-ae18-142f4d3441ce,205391828,2012
2012-05-26,2012_05_26_DMLST.tif,d4a70f53-d439-4d6c-873c-1d028c9faf45,205029076,2012
2012-05-27,2012_05_27_DMLST.tif,f192e8c0-8d6d-49ba-8caa-345f39039fa5,205174890,2012
2012-05-28,2012_05_28_DMLST.tif,bccb69d0-e70c-4044-a563-f20e115be6af,205426166,2012
2012-05-29,2012_05_29_DMLST.tif,cfe7d359-cbf1-4b7b-9c1e-99da8102bb99,205685633,2012
2012-05-30,2012_05_30_DMLST.tif,8f40cb49-f106-412e-818f-e491a7fa7fa8,205044550,2012
2012-05-31,2012_05_31_DMLST.tif,bde76322-c25d-47c0-b070-c7da0326591c,204837630,2012
2012-06-01,2012_06_01_DMLST.tif,c6dbae0e-de29-47e6-b94b-d595cfe14068,204692448,2012
2012-06-02,2012_06_02_DMLST.tif,a47ac57a-522f-4ecb-a4ea-2cdb2153294d,204650444,2012
2012-06-03,2012_06_03_DMLST.tif,4cc9a376-b686-47b3-96b2-a966258729b6,204851293,2012
2012-06-04,2012_06_04_DMLST.tif,04015da5-7e62-4fb5-935d-2c97df062f7c,204942295,2012
2012-06-05,2012_06_05_DMLST.tif,26338dc5-0561-4422-ab50-4b85effc0d7d,205328483,2012
2012-06-06,2012_06_06_DMLST.tif,b8f55e6b-65f6-40f1-8f1b-bbc1e58c63fd,204110773,2012
2012-06-07,2012_06_07_DMLST.tif,8f037a4e-b244-4970-a1a9-7534f074a215,204222040,2012
2012-06-08,2012_06_08_DMLST.tif,e17b9ac0-c463-4547-9e1f-d8740bfe34f0,204444274,2012
2012-06-09,2012_06_09_DMLST.tif,9053284b-cedb-42f5-9764-28e025b01e51,204376875,2012
2012-06-10,2012_06_10_DMLST.tif,b0b9dd20-269b-48ff-81d6-2b693a0d59ae,204406969,2012
2012-06-11,2012_06_11_DMLST.tif,2b12490a-494f-4b67-964d-ff36a86017e9,204250083,2012
2012-06-12,2012_06_12_DMLST.tif,5b370c1c-06da-48f7-9946-6ba156a6f600,203803933,2012
2012-06-13,2012_06_13_DMLST.tif,b921ed1a-5968-48b8-919e-125fe87eab36,203652427,2012
2012-06-14,2012_06_14_DMLST.tif,8aaed5f1-ee9b-4102-8d13-1f402c8948c2,204710508,2012
2012-06-15,2012_06_15_DMLST.tif,0327ae82-2e2c-4c57-87d5-ece5a33bada5,204477807,2012
2012-06-16,2012_06_16_DMLST.tif,e7489c15-7b9e-40ed-8383-1e77f5f2ccef,204243239,2012
2012-06-17,2012_06_17_DMLST.tif,6e6f357d-24dc-47bb-a529-0cd1b2ce3b40,204367363,2012
2012-06-18,2012_06_18_DMLST.tif,e605e0cc-511a-469a-83b1-e46201a43bdc,204408964,2012
2012-06-19,2012_06_19_DMLST.tif,59cb5317-c2f3-4b33-8bb3-14bd0977813a,204574904,2012
2012-06-20,2012_06_20_DMLST.tif,ac87fab9-f3c5-4a9f-9679-a35511a9c217,204689677,2012
2012-06-21,2012_06_21_DMLST.tif,1ad24d5f-8559-470b-9c53-8639f27b203f,204905320,2012
2012-06-22,2012_06_22_DMLST.tif,f9bf92a8-0506-452a-8a69-11cbf3f843fb,204209212,2012
2012-06-23,2012_06_23_DMLST.tif,0c545e0f-8354-44d7-bc1a-809311a67342,204174347,2012
2012-06-24,2012_06_24_DMLST.tif,bd1b1650-9102-4f43-816f-f4682d0dbe96,204333623,2012
2012-06-25,2012_06_25_DMLST.tif,8ef1d525-d9bd-493c-b222-fe405d948783,204241150,2012
2012-06-26,2012_06_26_DMLST.tif,9e6ca54b-eef3-493e-8dfa-25fa346fb415,204426459,2012
2012-06-27,2012_06_27_DMLST.tif,e0e58474-4794-4591-8d55-c37c90d2c16d,204199759,2012
2012-06-28,2012_06_28_DMLST.tif,ed74c328-a831-460a-8c92-9c54b546e9c1,203684195,2012
2012-06-29,2012_06_29_DMLST.tif,7caa435c-7ff6-4106-88b2-adadb996a37f,203562452,2012
2012-06-30,2012_06_30_DMLST.tif,ce99cd72-8cb5-4296-9e8b-2262c07874e9,204317527,2012
2012-07-01,2012_07_01_DMLST.tif,d21c2a37-a66c-431b-a9b6-012be0afd961,204597045,2012
2012-07-02,2012_07_02_DMLST.tif,200e6c6a-5ede-4e06-8447-cc97747064af,204634715,2012
2012-07-03,2012_07_03_DMLST.tif,8b90be21-b1d5-4eb5-845f-aa342da7d605,204886375,2012
2012-07-04,2012_07_04_DMLST.tif,6564c117-60e5-43ae-b86b-0b040e5f97c8,205062883,2012
2012-07-05,2012_07_05_DMLST.tif,eb7ceb02-e53d-4867-a075-a1d333a9963c,204838962,2012
2012-07-06,2012_07_06_DMLST.tif,64c05b7e-5eec-4890-92ff-6bfee1c90184,204627119,2012
2012-07-07,2012_07_07_DMLST.tif,fb9c47e2-5502-4fa1-9580-f958affb1d61,204477108,2012
2012-07-08,2012_07_08_DMLST.tif,94ae8ffc-f9a6-44be-a965-094358558190,203409356,2012
2012-07-09,2012_07_09_DMLST.tif,9b360713-b9e5-46dd-9c92-5b689cb80a2b,203234966,2012
2012-07-10,2012_07_10_DMLST.tif,6e72eee0-fec1-4050-9f08-849e2e951d69,202262382,2012
2012-07-11,2012_07_11_DMLST.tif,d25c687b-97d4-42b9-999e-6be788d5817f,201922558,2012
2012-07-12,2012_07_12_DMLST.tif,52262fc5-2414-46fc-8d50-4067c131e925,202463448,2012
2012-07-13,2012_07_13_DMLST.tif,f62d704c-8374-4f35-8b00-81768362d81b,202650753,2012
2012-07-14,2012_07_14_DMLST.tif,81d21cde-459f-463a-9bdb-48d058bc0662,202653167,2012
2012-07-15,2012_07_15_DMLST.tif,926f3aba-5b0d-407b-9c91-fad6e45846bb,202724280,2012
2012-07-16,2012_07_16_DMLST.tif,2cc75555-a497-41d1-b2e8-f74d7229aea5,203025310,2012
2012-07-17,2012_07_17_DMLST.tif,95ac1e7c-a5d2-4572-be94-a0b388fb18c7,203151855,2012
2012-07-18,2012_07_18_DMLST.tif,6edf6980-1bbd-43f9-b70d-2446ad965120,203338137,2012
2012-07-19,2012_07_19_DMLST.tif,a790c131-98f4-4e1a-a55a-3f5e6fd47390,203586839,2012
2012-07-20,2012_07_20_DMLST.tif,749f2ecb-d464-4246-9b79-2084a197cccd,203352693,2012
2012-07-21,2012_07_21_DMLST.tif,1eacb931-c6a9-4434-ad5c-fd3377654a49,202876432,2012
2012-07-22,2012_07_22_DMLST.tif,5b62a5e9-85d9-467f-a154-271e726a9d8b,202732060,2012
2012-07-23,2012_07_23_DMLST.tif,a1e123f0-2ffd-4d56-911b-9dcb2a5c376e,202654345,2012
2012-07-24,2012_07_24_DMLST.tif,ff30532f-bb75-48fa-a0e2-1b168d0ea19c,201436227,2012
2012-07-25,2012_07_25_DMLST.tif,2c48bf67-8984-4b1e-802d-d79db0978635,201639242,2012
2012-07-26,2012_07_26_DMLST.tif,d8b927dd-91d1-41e6-af6c-4a4ef5040686,201944556,2012
2012-07-27,2012_07_27_DMLST.tif,42b5bcff-d9b1-4dfc-8bc5-4e9a5a3d6f96,202036980,2012
2012-07-28,2012_07_28_DMLST.tif,7944609a-e62f-4558-9480-b1a8e2538632,202004350,2012
2012-07-29,2012_07_29_DMLST.tif,ab54e81d-a272-404a-869c-d60990581f85,201947475,2012
2012-07-30,2012_07_30_DMLST.tif,7285b2ad-4063-4ba4-8a0e-702c0ef00bb1,201732101,2012
2012-07-31,2012_07_31_DMLST.tif,7738ab35-d58b-47f9-a089-91adc11d4262,201856661,2012
2012-08-01,2012_08_01_DMLST.tif,455fe12c-59d2-48f2-be7a-64ecb9649af3,202593904,2012
2012-08-02,2012_08_02_DMLST.tif,cd5a4467-7756-4fd5-87ba-e4b084056d64,202117381,2012
2012-08-03,2012_08_03_DMLST.tif,fa1e6b0c-ee2a-4364-b8be-2e949acddb89,202218805,2012
2012-08-04,2012_08_04_DMLST.tif,524dcb6d-6898-456f-888a-0d37b2ab8522,202536376,2012
2012-08-05,2012_08_05_DMLST.tif,c2de1579-2600-41c7-b47b-3cb74da8a9c3,202314132,2012
2012-08-06,2012_08_06_DMLST.tif,e2d8043c-ff23-4cd4-84c3-4fcba68ee644,202462248,2012
2012-08-07,2012_08_07_DMLST.tif,b372e1be-3322-4daf-8df2-b09e3a9a5448,202526798,2012
2012-08-08,2012_08_08_DMLST.tif,18253f9e-044c-4c60-b57f-fd4218332d34,202411726,2012
2012-08-09,2012_08_09_DMLST.tif,98cf7bef-9a66-4ea6-8f42-1eaca54f7f6b,201465522,2012
2012-08-10,2012_08_10_DMLST.tif,0b493dec-ef66-4369-8134-98865f715909,201465516,2012
2012-08-11,2012_08_11_DMLST.tif,ee29b154-288b-457f-87c5-d97686f2f2dd,201569674,2012
2012-08-12,2012_08_12_DMLST.tif,5b6754af-9d95-49f4-b23d-8882264045e4,201981452,2012
2012-08-13,2012_08_13_DMLST.tif,0edde273-a7a2-4489-9962-7ec990334913,202151021,2012
2012-08-14,2012_08_14_DMLST.tif,77f44551-b3fb-4402-8bed-995ee2ce773b,201465771,2012
2012-08-15,2012_08_15_DMLST.tif,369be600-4878-485d-9de4-db4324ee15fd,201337815,2012
2012-08-16,2012_08_16_DMLST.tif,1ca4daeb-2d57-43a7-adc1-3aa4a53ed1f0,201671110,2012
2012-08-17,2012_08_17_DMLST.tif,c7179d45-c122-4cf3-9bb6-8f48499a6f59,202965720,2012
2012-08-18,2012_08_18_DMLST.tif,32f94582-148d-4040-8e1e-fcd5c07dc7f8,202718762,2012
2012-08-19,2012_08_19_DMLST.tif,0f0dc2fb-28bd-4f59-92f7-2cb462a64935,202571741,2012
2012-08-20,2012_08_20_DMLST.tif,61795d75-aeba-47d4-85da-e978b55e1f0c,202489748,2012
2012-08-21,2012_08_21_DMLST.tif,9c964795-95fa-409b-9059-28985c38c2bc,202410482,2012
2012-08-22,2012_08_22_DMLST.tif,81d1c9cb-c61a-4710-a2f9-1beb2bdd9a0f,202278951,2012
2012-08-23,2012_08_23_DMLST.tif,1c4e51b6-180f-40f8-bbc3-adc938980f03,202458133,2012
2012-08-24,2012_08_24_DMLST.tif,6ca89dec-5727-4bf4-9410-b00354f50425,202167741,2012
2012-08-25,2012_08_25_DMLST.tif,eb9572d6-0900-4c7a-928b-06e901e19b9e,201152707,2012
2012-08-26,2012_08_26_DMLST.tif,dd91aa4d-6d1d-447c-91d0-25c5520c6a88,201204969,2012
2012-08-27,2012_08_27_DMLST.tif,de6e8b76-6fee-44f9-9947-afc5dfd563f1,201043858,2012
2012-08-28,2012_08_28_DMLST.tif,5ed4f7cd-5f06-43b3-94ae-e9afe8899269,201130401,2012
2012-08-29,2012_08_29_DMLST.tif,80c2f871-bb3b-4846-83d0-82a8c915aa73,201456703,2012
2012-08-30,2012_08_30_DMLST.tif,0da1af9c-9aa3-452a-b61e-ec4cea142dfb,201221609,2012
2012-08-31,2012_08_31_DMLST.tif,b707c389-0442-4766-8c9a-83cbdb9312f9,201555138,2012
2012-09-01,2012_09_01_DMLST.tif,b92176f8-bb06-4ed5-9707-a41de8365626,202304798,2012
2012-09-02,2012_09_02_DMLST.tif,ee6c7e90-53fe-4b12-a1de-9c4d3c84f308,203867424,2012
2012-09-03,2012_09_03_DMLST.tif,bdbbed28-e7b0-4c4d-8c8e-9a099df28045,203782998,2012
2012-09-04,2012_09_04_DMLST.tif,5eb921a5-8105-4cc4-8f9e-c8693900b795,203997381,2012
2012-09-05,2012_09_05_DMLST.tif,aa586611-bf8c-4851-b4ff-ef34570fb520,204007339,2012
2012-09-06,2012_09_06_DMLST.tif,f381ddbe-50d6-4e30-b9c3-a8faaf953269,203768442,2012
2012-09-07,2012_09_07_DMLST.tif,f4ffe676-4318-4da0-8fdf-cc110ed15b41,203684710,2012
2012-09-08,2012_09_08_DMLST.tif,f1213ca7-e66e-4e6b-a196-aa54f73a8999,203032133,2012
2012-09-09,2012_09_09_DMLST.tif,4321caf0-851f-46ba-954f-2a789d2d89ef,203260778,2012
2012-09-10,2012_09_10_DMLST.tif,99a14f4d-dddd-4114-a300-47486bf90e2d,202475275,2012
2012-09-11,2012_09_11_DMLST.tif,06bdf690-ef67-4497-bf4d-59a6fe61b9b0,202679398,2012
2012-09-12,2012_09_12_DMLST.tif,0acce810-f139-4b9f-88db-32cd8c237a9d,203041516,2012
2012-09-13,2012_09_13_DMLST.tif,0f67b3a7-715f-401b-b25f-4dc1243fe893,203429342,2012
2012-09-14,2012_09_14_DMLST.tif,01278167-a4e0-4ac8-8f7f-0d336c3b426f,203492062,2012
2012-09-15,2012_09_15_DMLST.tif,7945b78f-55b3-4bae-94be-08613f6e6fa0,202883104,2012
2012-09-16,2012_09_16_DMLST.tif,6694bc6b-7939-4eca-9004-88044e3bbc13,202704989,2012
2012-09-17,2012_09_17_DMLST.tif,14c297c6-876b-4364-940b-a46fb950be08,202729632,2012
2012-09-18,2012_09_18_DMLST.tif,c8ad8abf-e3dc-4803-af00-ff4f39aa8a6d,204720157,2012
2012-09-19,2012_09_19_DMLST.tif,4cef65c8-95e8-492f-82b4-77ce9ed3b2e8,204643266,2012
2012-09-20,2012_09_20_DMLST.tif,30ea1f4e-2529-4a9d-ab2e-3a133430e521,204639925,2012
2012-09-21,2012_09_21_DMLST.tif,63ac207b-48d4-40af-9656-988a56ed0b36,204708642,2012
2012-09-22,2012_09_22_DMLST.tif,265cea5f-b1d0-44cf-ae0b-6272c6724cd0,205239075,2012
2012-09-23,2012_09_23_DMLST.tif,0ab22154-8ca0-439a-a8e7-9a280cfa2371,205735602,2012
2012-09-24,2012_09_24_DMLST.tif,96639258-9ecc-4fee-9ced-b82ff3ffc829,205413289,2012
2012-09-25,2012_09_25_DMLST.tif,626a7d4b-7355-49d1-9c4c-56eba02f8d03,205256056,2012
2012-09-26,2012_09_26_DMLST.tif,89400d1c-0e27-4a63-bba2-e501c68c5b79,205434050,2012
2012-09-27,2012_09_27_DMLST.tif,f23d192a-00dd-4b98-99f6-5b2279ca5f59,205730334,2012
2012-09-28,2012_09_28_DMLST.tif,030a35bb-eed8-4c83-b2ca-dbbe4c81f814,205604417,2012
2012-09-29,2012_09_29_DMLST.tif,47154ee0-e86e-4dd9-9c9b-3d685b6d4e08,205072846,2012
2012-09-30,2012_09_30_DMLST.tif,20f1fc6b-3bda-4617-a8b4-c2a5317c9e0c,204838127,2012
2012-10-01,2012_10_01_DMLST.tif,69e64d29-bb8a-4e73-882e-a6039c5c9dfa,204601511,2012
2012-10-02,2012_10_02_DMLST.tif,a9541257-28f8-470f-ba1d-356236aa79c4,204463203,2012
2012-10-03,2012_10_03_DMLST.tif,75baa20d-cc53-4562-962f-8c9645978cd0,204691733,2012
2012-10-04,2012_10_04_DMLST.tif,0e041890-ad19-4bb9-81f2-47980fb28c7f,206923293,2012
2012-10-05,2012_10_05_DMLST.tif,8d37bdb0-a2e5-48d5-8fb9-137249279414,207140437,2012
2012-10-06,2012_10_06_DMLST.tif,e03efe0f-ad85-4814-8130-2af9cc48f337,207205067,2012
2012-10-07,2012_10_07_DMLST.tif,2c9fc314-77c0-45a4-8aee-439e5549236c,207478397,2012
2012-10-08,2012_10_08_DMLST.tif,ab0acebe-fc97-4d92-bfcc-9e44861453c7,207519652,2012
2012-10-09,2012_10_09_DMLST.tif,e64a35e7-f681-4653-a033-7eb9ea8499df,207046410,2012
2012-10-10,2012_10_10_DMLST.tif,407e4083-3396-4e0c-8729-b75932c28c47,207127012,2012
2012-10-11,2012_10_11_DMLST.tif,291aedef-00ab-4842-b47b-ec9f8940068e,207170754,2012
2012-10-12,2012_10_12_DMLST.tif,0d6f7da4-317e-48b8-87ec-4b9819a6b236,206440918,2012
2012-10-13,2012_10_13_DMLST.tif,cd445469-89e0-402b-aeac-e4e653db55be,206015627,2012
2012-10-14,2012_10_14_DMLST.tif,55275653-a8fe-4b08-8372-7c5ac663e2f4,205998277,2012
2012-10-15,2012_10_15_DMLST.tif,ac9a244c-3961-4c3f-b88d-a6e5d61979b9,205654550,2012
2012-10-16,2012_10_16_DMLST.tif,4d55ecc5-731c-4550-a609-5153ce1b8c9e,205501727,2012
2012-10-17,2012_10_17_DMLST.tif,a691f798-f5fa-4840-98b7-306f4f3845c0,205589958,2012
2012-10-18,2012_10_18_DMLST.tif,ea8a185f-aa4b-463b-a0f6-a5f53ee9f608,205980529,2012
2012-10-19,2012_10_19_DMLST.tif,a181146d-5a55-4210-accf-a7bf1fd8b502,206439649,2012
2012-10-20,2012_10_20_DMLST.tif,a3444655-ffec-46bb-b2ea-a0d64041391d,207756971,2012
2012-10-21,2012_10_21_DMLST.tif,86f145d4-edd2-40e0-a779-f0583981065f,207259364,2012
2012-10-22,2012_10_22_DMLST.tif,0ee401f2-abbe-40b8-98b4-19914ea8f431,206856300,2012
2012-10-23,2012_10_23_DMLST.tif,f5a5cb03-0936-4029-bab6-b035dd825fad,206686962,2012
2012-10-24,2012_10_24_DMLST.tif,6212ff26-02f4-480b-8975-7b7b75c9e2f3,206695713,2012
2012-10-25,2012_10_25_DMLST.tif,1d1c1a60-69b0-44b3-9bc4-613d6cd941c9,206880224,2012
2012-10-26,2012_10_26_DMLST.tif,1d9749aa-7295-435a-badd-ced50d905fcf,206688407,2012
2012-10-27,2012_10_27_DMLST.tif,30ed6284-3b0d-42bf-9ec5-1736fc063d42,206612042,2012
2012-10-28,2012_10_28_DMLST.tif,6530e89e-79db-469a-8dac-1b917c0739e6,206030474,2012
2012-10-29,2012_10_29_DMLST.tif,914705df-7d82-421f-9eee-f2970e9fc30a,206267618,2012
2012-10-30,2012_10_30_DMLST.tif,a085654c-9fca-4bd3-b139-450431a46106,206516225,2012
2012-10-31,2012_10_31_DMLST.tif,3dc9bdd3-7cb4-4c86-b569-4c24cf2a4207,206729561,2012
2012-11-01,2012_11_01_DMLST.tif,f788a085-c876-4311-9cc1-eaa467996381,206055380,2012
2012-11-02,2012_11_02_DMLST.tif,5d11be47-1a00-42ea-8810-28c51fd1f069,205212136,2012
2012-11-03,2012_11_03_DMLST.tif,f9589d78-8846-46ed-8999-d2bf74035531,204895039,2012
2012-11-04,2012_11_04_DMLST.tif,6b92839e-844c-4659-91c7-47b42b34f3d8,205323725,2012
2012-11-05,2012_11_05_DMLST.tif,863d0e47-f1b8-48db-906d-15c783552383,207234690,2012
2012-11-06,2012_11_06_DMLST.tif,55c29aab-e088-47bd-9ce0-113efdce6459,207339444,2012
2012-11-07,2012_11_07_DMLST.tif,f841e642-a548-4542-b62f-ab8623aaf644,206930204,2012
2012-11-08,2012_11_08_DMLST.tif,8987ca87-48a4-4b58-a76d-af9e970820c9,206984241,2012
2012-11-09,2012_11_09_DMLST.tif,fed15077-a997-4f6a-9ad6-8d4d568c7a60,206305439,2012
2012-11-10,2012_11_10_DMLST.tif,e4998784-527f-46a5-892f-535d5ab3e68f,206031250,2012
2012-11-11,2012_11_11_DMLST.tif,76ed62e9-bd92-4e83-b9f9-d5423312e220,206391311,2012
2012-11-12,2012_11_12_DMLST.tif,430f6834-af70-439f-a805-9c4f1c941c4b,206260741,2012
2012-11-13,2012_11_13_DMLST.tif,e02bb90a-509d-41da-a821-9234aa33e04e,205504122,2012
2012-11-14,2012_11_14_DMLST.tif,b2004143-a05b-457d-a022-762c0c27c7fc,205426113,2012
2012-11-15,2012_11_15_DMLST.tif,8d9beaaf-041e-4e1a-82cb-deded33d1152,205208995,2012
2012-11-16,2012_11_16_DMLST.tif,51b06ad6-e50b-4e55-9deb-960451df6af1,205388961,2012
2012-11-17,2012_11_17_DMLST.tif,0cf023df-de86-49f9-8d42-d1c6a545dea9,205533988,2012
2012-11-18,2012_11_18_DMLST.tif,f52ee546-65d7-40a0-a6ae-c05f37075e5b,205443453,2012
2012-11-19,2012_11_19_DMLST.tif,4526166a-f7d6-40ec-99f2-f2bdeb9e5a90,205206834,2012
2012-11-20,2012_11_20_DMLST.tif,bbd649d1-37f8-464c-959b-9da2ae5ceb98,205533793,2012
2012-11-21,2012_11_21_DMLST.tif,2d01bf2d-260d-4aeb-a1bb-c18069441140,206236342,2012
2012-11-22,2012_11_22_DMLST.tif,87650fef-2226-4d46-ae0e-1edffcdb2a53,205696046,2012
2012-11-23,2012_11_23_DMLST.tif,eded96b4-621b-400e-acbe-25f0faf20d6a,205339256,2012
2012-11-24,2012_11_24_DMLST.tif,7c6f3139-0704-4046-9cb6-1ca586e3cc33,205229462,2012
2012-11-25,2012_11_25_DMLST.tif,0479a433-f455-4206-b40a-e22f2054b8e6,204762517,2012
2012-11-26,2012_11_26_DMLST.tif,3f31f3c2-7e1e-44ba-bb94-04f6d975af30,204916417,2012
2012-11-27,2012_11_27_DMLST.tif,2f997e78-48b7-4420-ba5f-90b468959d84,204689527,2012
2012-11-28,2012_11_28_DMLST.tif,2cb0258e-cebb-498b-8ceb-c1366a007aa8,204380416,2012
2012-11-29,2012_11_29_DMLST.tif,94eb4bc8-8ba4-489d-958b-37bf96fe5697,203747369,2012
2012-11-30,2012_11_30_DMLST.tif,6e96d960-da1d-4df5-88d9-63230dbc5bfe,204166630,2012
2012-12-01,2012_12_01_DMLST.tif,f4f5aceb-5af1-46e7-89d6-9778d2b18ac1,204500278,2012
2012-12-02,2012_12_02_DMLST.tif,90a10396-a5cb-4441-b708-6930d53aaf0c,204776147,2012
2012-12-03,2012_12_03_DMLST.tif,26a40afb-c3d6-4749-b654-8c976cd533e9,204719039,2012
2012-12-04,2012_12_04_DMLST.tif,de0f582e-4be3-42c6-a11c-eebdfec83fc4,204824847,2012
2012-12-05,2012_12_05_DMLST.tif,2aa80a56-c68a-434c-991e-17d80d90a7a6,205304941,2012
2012-12-06,2012_12_06_DMLST.tif,493cdd6e-8c81-47e4-a94e-ca58c3dc1efb,204820337,2012
2012-12-07,2012_12_07_DMLST.tif,33595a95-4ef5-4049-a0b3-af59a67d1438,204116428,2012
2012-12-08,2012_12_08_DMLST.tif,f2c36cab-e247-42da-9e15-efa856c2ded5,204343087,2012
2012-12-09,2012_12_09_DMLST.tif,97483c54-075f-4dec-9b26-1e0072cac9b2,204228061,2012
2012-12-10,2012_12_10_DMLST.tif,f0302380-9e75-40ff-a19c-8455db863651,204111537,2012
2012-12-11,2012_12_11_DMLST.tif,3fed68cf-3ebb-4515-b532-29502c206656,203577736,2012
2012-12-12,2012_12_12_DMLST.tif,cca696de-a50e-49df-b267-fad3724ac620,203067658,2012
2012-12-13,2012_12_13_DMLST.tif,a6105039-8709-4772-b83b-23567239bd8d,203164871,2012
2012-12-14,2012_12_14_DMLST.tif,3b8e9a21-c816-4058-a251-2aa7b52dfa30,203051851,2012
2012-12-15,2012_12_15_DMLST.tif,b906d954-7220-40da-83e0-7c1e21f98d6f,202800260,2012
2012-12-16,2012_12_16_DMLST.tif,f893888d-1527-4d70-ace1-4a8c9449e876,202744382,2012
2012-12-17,2012_12_17_DMLST.tif,bfa11638-5e09-40ca-8bc9-b7c5bee33718,202047284,2012
2012-12-18,2012_12_18_DMLST.tif,d0f43783-8661-443d-b6f8-0f18b09e68f9,202399790,2012
2012-12-19,2012_12_19_DMLST.tif,51fec82a-5a64-4677-9d79-82f08cdee1fc,202469236,2012
2012-12-20,2012_12_20_DMLST.tif,aa71e5ad-9af4-4c5b-b7bc-d09173c6f69d,202111485,2012
2012-12-21,2012_12_21_DMLST.tif,7ce2ce32-109a-4de9-9ac0-38d3448925f3,201943050,2012
2012-12-22,2012_12_22_DMLST.tif,4aaa0ac5-df91-418b-bb87-b53f5c551d3d,201474553,2012
2012-12-23,2012_12_23_DMLST.tif,0158ec7c-a695-4d0a-a01f-5ea735561430,201510414,2012
2012-12-24,2012_12_24_DMLST.tif,8d93a66a-f492-4c0b-b485-2accc0faec28,201805214,2012
2012-12-25,2012_12_25_DMLST.tif,e599199f-41b5-454c-98b0-32435e9bbef9,202200225,2012
2012-12-26,2012_12_26_DMLST.tif,020cd69e-2cdc-48f8-a286-7dda26417bf7,202648522,2012
2012-12-27,2012_12_27_DMLST.tif,53bdb987-8f90-448d-bcaa-6283fc93be89,203375155,2012
2012-12-28,2012_12_28_DMLST.tif,3b7648ed-855a-413c-921c-04e4f180583d,203231522,2012
2012-12-29,2012_12_29_DMLST.tif,4f4785e2-349c-4d1a-bb8e-dfd026b03f89,203074104,2012
2012-12-30,2012_12_30_DMLST.tif,c9d594eb-ab6c-477e-8f5f-3c5e67d9a1bf,203038549,2012
2012-12-31,2012_12_31_DMLST.tif,26eac155-b761-486f-bc68-eb3faf1ed5fd,202927558,2012
2013-01-01,2013_01_01_DMLST.tif,bd293b02-369c-4cff-b226-d097102220d9,202270054,2013
2013-01-02,2013_01_02_DMLST.tif,03a11533-c26a-4b8e-9ff7-585005c17aba,202281425,2013
2013-01-03,2013_01_03_DMLST.tif,fc15c49f-c9b0-40bc-a2fa-3284fcaf1899,202207051,2013
2013-01-04,2013_01_04_DMLST.tif,54b2faa9-35c1-4f67-91e1-5345df5da326,202188364,2013
2013-01-05,2013_01_05_DMLST.tif,4ee027e1-a797-4694-9d3f-a79b8ddaed3f,201635374,2013
2013-01-06,2013_01_06_DMLST.tif,c68a28de-e3b8-40f4-84ec-516c3adb61c2,200668384,2013
2013-01-07,2013_01_07_DMLST.tif,fda05456-08f1-49ec-9479-27e8bf439f32,200919894,2013
2013-01-08,2013_01_08_DMLST.tif,e7f1abd0-a614-4960-b02e-a6fa00f8eb43,201500516,2013
2013-01-09,2013_01_09_DMLST.tif,b82792ef-b24a-4629-8af3-c7d52c760177,201690365,2013
2013-01-10,2013_01_10_DMLST.tif,5917de7a-88d2-480c-869d-466f2a0cd047,201871160,2013
2013-01-11,2013_01_11_DMLST.tif,70b43dab-e955-421d-9498-a4e1c926ed22,202041784,2013
2013-01-12,2013_01_12_DMLST.tif,7df2d53c-572f-4562-b69e-469507a05107,201929092,2013
2013-01-13,2013_01_13_DMLST.tif,d498b748-44ab-42a1-850a-23728cab8e6c,201599526,2013
2013-01-14,2013_01_14_DMLST.tif,7696b823-e764-4d9e-9230-257d0df00380,201539078,2013
2013-01-15,2013_01_15_DMLST.tif,74598028-882e-4342-9fdf-bb998daa11f9,201819888,2013
2013-01-16,2013_01_16_DMLST.tif,75838da8-b30c-4e2a-8b20-001770b59e4a,202222502,2013
2013-01-17,2013_01_17_DMLST.tif,8d6e0398-5325-4774-8129-4811afcfc1c2,202274038,2013
2013-01-18,2013_01_18_DMLST.tif,994eb0fa-4148-438e-a2f9-43417f61fed4,202802838,2013
2013-01-19,2013_01_19_DMLST.tif,f9a986e5-dd96-44eb-ba3f-45bd47836a6a,202363642,2013
2013-01-20,2013_01_20_DMLST.tif,4393760a-b938-4e7c-8b3b-b625fcf6209e,201236526,2013
2013-01-21,2013_01_21_DMLST.tif,17e3c23a-1281-4b23-a31a-4b0639516824,201075420,2013
2013-01-22,2013_01_22_DMLST.tif,e30600f8-5817-402f-abba-dd96d021d63d,201164818,2013
2013-01-23,2013_01_23_DMLST.tif,85924d9b-3e75-4557-885e-91379686d161,201460314,2013
2013-01-24,2013_01_24_DMLST.tif,2485ecc4-2239-42c9-8b80-ea8bb9947169,202119735,2013
2013-01-25,2013_01_25_DMLST.tif,04f1f2e7-3c79-42ee-b75e-63a95595b665,202797220,2013
2013-01-26,2013_01_26_DMLST.tif,12965f27-1fbf-430b-b2e7-10a058053ff5,203091436,2013
2013-01-27,2013_01_27_DMLST.tif,cd8890bf-877f-4a4a-9f0c-fb75fceeff62,203381182,2013
2013-01-28,2013_01_28_DMLST.tif,d74ca778-8e84-434e-b344-880853391849,203832639,2013
2013-01-29,2013_01_29_DMLST.tif,410f442d-c228-4bf2-9caa-6c2011104da6,203859161,2013
2013-01-30,2013_01_30_DMLST.tif,6d27d890-ace8-4f4e-baf5-4694238ef8a5,202881194,2013
2013-01-31,2013_01_31_DMLST.tif,59020e6e-3bb6-44c0-a63f-e6aa1a4565f0,202772282,2013
2013-02-01,2013_02_01_DMLST.tif,53c7e327-7318-460c-bd99-cc312ffc8ece,202731940,2013
2013-02-02,2013_02_02_DMLST.tif,25f1c5c3-82e6-44f0-8fa8-339cdb141e08,202748119,2013
2013-02-03,2013_02_03_DMLST.tif,285fc382-9168-4dff-abc0-ad1d79c2a3ee,202463939,2013
2013-02-04,2013_02_04_DMLST.tif,09f9ee8a-20ca-4b57-919f-917f70a2d16c,202131884,2013
2013-02-05,2013_02_05_DMLST.tif,8ad5958d-6862-434c-9346-0e1b443ac010,202046893,2013
2013-02-06,2013_02_06_DMLST.tif,d4a5d3f5-144d-42ae-98d4-81c08c440547,202188526,2013
2013-02-07,2013_02_07_DMLST.tif,ad046bf9-b4c8-4dff-918d-d0054aee5bf3,202339431,2013
2013-02-08,2013_02_08_DMLST.tif,889a3752-58a3-4a1b-a33f-ef19d3d6c4db,202545362,2013
2013-02-09,2013_02_09_DMLST.tif,a1cbc9bb-6db9-4ee5-9ef6-cbc11bcf7f80,202848867,2013
2013-02-10,2013_02_10_DMLST.tif,81706967-28c9-4686-8ead-533a434ce674,203060855,2013
2013-02-11,2013_02_11_DMLST.tif,891ed97c-2685-4812-bc11-f7c4d129fd43,203481823,2013
2013-02-12,2013_02_12_DMLST.tif,0186f6ca-7cee-4c40-bb8d-889c06ebc5b4,203339972,2013
2013-02-13,2013_02_13_DMLST.tif,b8139f0d-095c-42b6-b5f4-46db35ac2ec6,202968881,2013
2013-02-14,2013_02_14_DMLST.tif,19e7d048-876f-40a7-a6ff-d716ce45455a,202764105,2013
2013-02-15,2013_02_15_DMLST.tif,debf4882-1616-4012-8c47-212d51264837,201412253,2013
2013-02-16,2013_02_16_DMLST.tif,b2556270-30f0-4d5c-a334-f153365432de,201055959,2013
2013-02-17,2013_02_17_DMLST.tif,6bbe041a-9dcc-47bb-b0b4-454a006912d7,200580863,2013
2013-02-18,2013_02_18_DMLST.tif,089b2f05-b5ac-4aa9-9121-4c4ce3131ecf,200802140,2013
2013-02-19,2013_02_19_DMLST.tif,57f58af1-1ba2-46a5-92cb-8b7e7ea5df5b,200809909,2013
2013-02-20,2013_02_20_DMLST.tif,75a1d19b-12d1-4903-9cfe-901dceaaf9ed,200324155,2013
2013-02-21,2013_02_21_DMLST.tif,198675b7-f956-41d0-a59e-2b34c9096605,200182768,2013
2013-02-22,2013_02_22_DMLST.tif,53bae0d4-7e71-4ed9-a99d-07e449375597,200337670,2013
2013-02-23,2013_02_23_DMLST.tif,d18b0ff6-e6ae-4bf6-b5b5-8d4ba9fd34c0,201603265,2013
2013-02-24,2013_02_24_DMLST.tif,45e3d1de-3ccf-48d1-8e4d-c4986402c5fb,202177896,2013
2013-02-25,2013_02_25_DMLST.tif,5ae33b6b-6a13-423f-a7f4-5449e5f93b75,202201197,2013
2013-02-26,2013_02_26_DMLST.tif,38cae82a-ec0c-4d31-8704-ba02a5463789,202383640,2013
2013-02-27,2013_02_27_DMLST.tif,09e453ba-ec3e-4fb2-8296-702fdb531b85,202222308,2013
2013-02-28,2013_02_28_DMLST.tif,ec8ce53c-69d5-4417-aceb-bff763300d09,202269890,2013
2013-03-01,2013_03_01_DMLST.tif,0d9f4bfa-5926-48c1-9681-a176ac780cbd,202997294,2013
2013-03-02,2013_03_02_DMLST.tif,c60759d7-cacb-4218-8b94-0a0285d945f9,203630400,2013
2013-03-03,2013_03_03_DMLST.tif,41d992a4-d3df-467e-a8b5-fe2ac4d22e76,203284918,2013
2013-03-04,2013_03_04_DMLST.tif,cd51a935-85be-4ed7-bb5c-6143b4a19a6f,203242516,2013
2013-03-05,2013_03_05_DMLST.tif,52ff8a58-c5ba-4148-a825-84ba93998ba1,203266151,2013
2013-03-06,2013_03_06_DMLST.tif,4a708414-2a88-45d0-8058-cde2f1e82903,202637866,2013
2013-03-07,2013_03_07_DMLST.tif,c2249851-c656-4562-838d-41b2f7fe35b6,202162538,2013
2013-03-08,2013_03_08_DMLST.tif,1f17926d-1402-4776-b77a-da85c320c947,201793766,2013
2013-03-09,2013_03_09_DMLST.tif,75dc6f50-0abb-499d-9c4f-60c937ec5d55,201501828,2013
2013-03-10,2013_03_10_DMLST.tif,9a96f27d-71f8-4073-8208-b1c04b245e1d,201972456,2013
2013-03-11,2013_03_11_DMLST.tif,0f07d206-a5ab-463c-b3ad-7b91e90fe540,202629922,2013
2013-03-12,2013_03_12_DMLST.tif,7dea5ce7-e888-41e1-becf-7c760474f53f,202620946,2013
2013-03-13,2013_03_13_DMLST.tif,9b1a7860-bb36-450e-a687-6167674783dd,203116762,2013
2013-03-14,2013_03_14_DMLST.tif,842e6b3e-200a-4a18-93a7-e11f1f6a48ee,203876356,2013
2013-03-15,2013_03_15_DMLST.tif,f1c84640-1a2c-451d-84ee-e17d38177abc,203424666,2013
2013-03-16,2013_03_16_DMLST.tif,fb415cbb-f613-4f9e-8d9c-859c24b10b5f,203486597,2013
2013-03-17,2013_03_17_DMLST.tif,7280905a-3ddc-4dd7-8693-cb96d5dcbdea,203685556,2013
2013-03-18,2013_03_18_DMLST.tif,357d4bff-1cd4-46d4-a8f4-30a8cc22c334,203197028,2013
2013-03-19,2013_03_19_DMLST.tif,91aca1ff-ce22-402d-9f62-20034590e853,201396998,2013
2013-03-20,2013_03_20_DMLST.tif,93a1d089-dd96-4eb7-a573-15bee27b1ef2,201547643,2013
2013-03-21,2013_03_21_DMLST.tif,e3b2b458-2d01-40e1-8680-d36743807051,201851878,2013
2013-03-22,2013_03_22_DMLST.tif,0cc78e62-3355-4a48-841e-2ab841204207,202196603,2013
2013-03-23,2013_03_23_DMLST.tif,460d67a3-3378-4ee5-aead-730e21c4d625,202930656,2013
2013-03-24,2013_03_24_DMLST.tif,f4c53e63-bf90-48dc-ab2b-2bbd869a8f27,203227104,2013
2013-03-25,2013_03_25_DMLST.tif,be02d700-25ea-4166-a171-bca0fb0e2525,203335514,2013
2013-03-26,2013_03_26_DMLST.tif,d7a3ad44-aec7-4ef5-b6d2-cb113986debe,203649709,2013
2013-03-27,2013_03_27_DMLST.tif,269c00a5-65fe-43e4-b1ec-9224e005f779,204388851,2013
2013-03-28,2013_03_28_DMLST.tif,f1a0e41e-e913-40ef-82c1-ab281e2c7d68,204319023,2013
2013-03-29,2013_03_29_DMLST.tif,e9799d18-89b4-420a-9904-ae14d5fb8439,204514593,2013
2013-03-30,2013_03_30_DMLST.tif,aefb169f-e59e-4229-83e5-c68cb5b98c27,204858945,2013
2013-03-31,2013_03_31_DMLST.tif,706cb9a8-4752-4412-befa-cda79b6835cc,204446399,2013
2013-04-01,2013_04_01_DMLST.tif,c88d77a1-295a-4025-9440-dcd9c7498ac4,203859011,2013
2013-04-02,2013_04_02_DMLST.tif,36a66fb6-9411-48f2-9b50-eed5807f4407,203487100,2013
2013-04-03,2013_04_03_DMLST.tif,d74413c1-5d75-4af8-8e9e-756b67373dce,203660617,2013
2013-04-04,2013_04_04_DMLST.tif,85f79f95-2912-42bb-afa8-f1d5606caf53,203084015,2013
2013-04-05,2013_04_05_DMLST.tif,681069a2-a10a-4fe8-a0ed-9b38ba472434,203150656,2013
2013-04-06,2013_04_06_DMLST.tif,1ab400c9-6071-477f-9fb9-00fafb9a2fa1,203600515,2013
2013-04-07,2013_04_07_DMLST.tif,b56ebac8-1ffd-4845-b0ad-afbe02f8a708,204126981,2013
2013-04-08,2013_04_08_DMLST.tif,3981c425-261a-495d-bfc9-f1bfd1d6ad7c,204092014,2013
2013-04-09,2013_04_09_DMLST.tif,8467674e-da94-48b5-950b-3718cdd6aaf5,204506606,2013
2013-04-10,2013_04_10_DMLST.tif,6f8f5565-cbf1-42a6-be04-ed1b802f3f1e,205002752,2013
2013-04-11,2013_04_11_DMLST.tif,d9ed84af-a068-4df0-b934-30b1a335f52d,204578302,2013
2013-04-12,2013_04_12_DMLST.tif,aa8b22dc-2589-41c6-ae33-0219bccf8f16,205022238,2013
2013-04-13,2013_04_13_DMLST.tif,98a0dc75-d6c5-4e21-a69a-301b7eb51a13,204524871,2013
2013-04-14,2013_04_14_DMLST.tif,61bc5fcd-cf81-44d3-9725-8988c9278c39,204589183,2013
2013-04-15,2013_04_15_DMLST.tif,d835454a-6da5-4753-a97d-fff180e4df77,204981361,2013
2013-04-16,2013_04_16_DMLST.tif,78422ec7-08fb-41e4-8a9a-4efa33ec9a78,205344069,2013
2013-04-17,2013_04_17_DMLST.tif,7b0f40c5-20b9-4e31-bc14-faf829b82dad,205348935,2013
2013-04-18,2013_04_18_DMLST.tif,e10b13b8-864d-499b-9c11-ff93b793741d,205582117,2013
2013-04-19,2013_04_19_DMLST.tif,3653e553-fe8f-4c15-bc04-22bd5d5b4738,205811582,2013
2013-04-20,2013_04_20_DMLST.tif,c199948c-6876-4a28-86d5-c586753fb8aa,205544515,2013
2013-04-21,2013_04_21_DMLST.tif,8fa62a26-f849-4e30-8e0e-519278701f5e,205495108,2013
2013-04-22,2013_04_22_DMLST.tif,e9cab52e-a5b5-4b81-8a86-5eb6f1309cf6,205844323,2013
2013-04-23,2013_04_23_DMLST.tif,46b3fcac-539c-4942-96a1-bd6f8dd8f3ac,206049923,2013
2013-04-24,2013_04_24_DMLST.tif,2ee3b5cd-1fca-43df-9d39-e20394c7a7d5,205959849,2013
2013-04-25,2013_04_25_DMLST.tif,75e46ad6-8d3a-403f-8c2d-1602b1a0874c,205767431,2013
2013-04-26,2013_04_26_DMLST.tif,2afe7782-68f9-4be5-b4c1-5aa5c2991293,205597863,2013
2013-04-27,2013_04_27_DMLST.tif,91a825c2-8471-466c-b312-7f261c099921,206149572,2013
2013-04-28,2013_04_28_DMLST.tif,3052eba6-5e31-4049-b322-6e3e9698d4de,206986562,2013
2013-04-29,2013_04_29_DMLST.tif,75c46ab1-41a1-40cc-b192-c04dc1c11495,206557525,2013
2013-04-30,2013_04_30_DMLST.tif,7d3e44d8-a3b8-416d-b14e-83c7a146e2ea,206263698,2013
2013-05-01,2013_05_01_DMLST.tif,7f993e44-a7a6-4af7-a5c4-78d2f68eeac7,206590303,2013
2013-05-02,2013_05_02_DMLST.tif,bd1a9f8d-4f85-47f1-923b-005661c664f4,206660949,2013
2013-05-03,2013_05_03_DMLST.tif,fe3732f4-0b10-40c2-8af0-cab2548fa87b,206861385,2013
2013-05-04,2013_05_04_DMLST.tif,eb37b6d1-326a-4704-b8ce-ef404fa4ce9a,206707659,2013
2013-05-05,2013_05_05_DMLST.tif,2c9deb4a-5dd8-4bc8-bb38-276881b04b93,206566757,2013
2013-05-06,2013_05_06_DMLST.tif,6faba2d0-f9ca-4020-b1a6-8cdaf47c59bd,205842858,2013
2013-05-07,2013_05_07_DMLST.tif,b29b42da-a3a5-4c87-acb8-9f19236771b5,206033671,2013
2013-05-08,2013_05_08_DMLST.tif,b28f1944-4e74-4666-a1e7-0a3e15504cc3,206171453,2013
2013-05-09,2013_05_09_DMLST.tif,fedfcd27-a418-44bb-b3fe-b60fbbc89eb2,206006182,2013
2013-05-10,2013_05_10_DMLST.tif,f1c1dc9d-18db-4310-aeeb-571be36f74f4,205892137,2013
2013-05-11,2013_05_11_DMLST.tif,a17d27ef-a0d8-4ad1-81a2-2ef9c2d63198,205435579,2013
2013-05-12,2013_05_12_DMLST.tif,ca48b41d-e8f2-417c-9ca8-a050f4f22c6e,205518282,2013
2013-05-13,2013_05_13_DMLST.tif,31ba1b2a-6d8c-44c9-9b47-a60895ff4d59,205844592,2013
2013-05-14,2013_05_14_DMLST.tif,8a80daab-8259-4292-9429-fb2122af9f6b,206141700,2013
2013-05-15,2013_05_15_DMLST.tif,bf7ce02e-486a-4cc3-8d53-cf2dc87ff6eb,206142740,2013
2013-05-16,2013_05_16_DMLST.tif,4410a7da-5393-4bc4-b46d-1bec76408b7d,206320692,2013
2013-05-17,2013_05_17_DMLST.tif,cc78be25-6a11-42b0-b5e7-087582cd5eab,206296788,2013
2013-05-18,2013_05_18_DMLST.tif,141be8dd-6642-464a-bb8e-77cd7ca0d9c5,206244648,2013
2013-05-19,2013_05_19_DMLST.tif,aad9ed40-2727-41aa-83a7-e6a94c287ec1,206264808,2013
2013-05-20,2013_05_20_DMLST.tif,7a5b3099-9970-4125-9264-fc5372cdbaaa,206022564,2013
2013-05-21,2013_05_21_DMLST.tif,c73175c6-c6da-48d0-be41-c722756467ae,206014513,2013
2013-05-22,2013_05_22_DMLST.tif,1ac5bfb0-f8d5-454f-9059-93ff5e22775f,205320256,2013
2013-05-23,2013_05_23_DMLST.tif,34ac1fdb-fe6c-4216-8ab0-930e09200896,205399398,2013
2013-05-24,2013_05_24_DMLST.tif,84662d01-928d-4086-8d48-585b3f613400,205294073,2013
2013-05-25,2013_05_25_DMLST.tif,0fc7eebf-eabd-4215-9093-62143a0c09bd,205482155,2013
2013-05-26,2013_05_26_DMLST.tif,2010f258-4a47-43a3-a330-0db6382b31b2,205626127,2013
2013-05-27,2013_05_27_DMLST.tif,992f9e20-a548-4a1a-a3ba-d16bfbe9537b,205431509,2013
2013-05-28,2013_05_28_DMLST.tif,3a9977cf-cba0-406b-91a5-c405ef282148,205571601,2013
2013-05-29,2013_05_29_DMLST.tif,de65d9aa-369f-4bc0-923d-b5f4c38ac837,205732743,2013
2013-05-30,2013_05_30_DMLST.tif,a8b64d15-f139-48e9-9973-5154c86897cb,205009863,2013
2013-05-31,2013_05_31_DMLST.tif,4f1c8363-e08a-4ea6-bce5-e23abd7bd767,204804741,2013
2013-06-01,2013_06_01_DMLST.tif,94d66a4a-ef54-4389-b086-29fb19297d84,204742660,2013
2013-06-02,2013_06_02_DMLST.tif,91c2ef68-c908-4961-b594-1230b22b102e,204738355,2013
2013-06-03,2013_06_03_DMLST.tif,f0d6deca-20c7-415b-a56d-a501c1fb3b28,204994002,2013
2013-06-04,2013_06_04_DMLST.tif,8095602d-df87-44e9-bee2-64999f35704a,204863617,2013
2013-06-05,2013_06_05_DMLST.tif,34df9318-586e-4b54-aad0-12245d695652,204267260,2013
2013-06-06,2013_06_06_DMLST.tif,de1b5995-96e2-415d-8f3c-ad12fc664eed,203853601,2013
2013-06-07,2013_06_07_DMLST.tif,d1bb5298-3867-44af-b455-fbfd6b33af99,203025927,2013
2013-06-08,2013_06_08_DMLST.tif,aa1d2e3c-e36d-4583-847e-8297ad806c0a,203374629,2013
2013-06-09,2013_06_09_DMLST.tif,8985099c-85ed-43d3-9b1a-b97409c3ddc1,203771181,2013
2013-06-10,2013_06_10_DMLST.tif,9b82f603-d1f9-41dd-8f10-1cb6e639d20a,204215139,2013
2013-06-11,2013_06_11_DMLST.tif,2ce4f80c-1b9f-4e2b-b1a9-ef2823b53cf8,204133276,2013
2013-06-12,2013_06_12_DMLST.tif,c3e72b30-72a9-4675-a9ea-9c4af39569b7,204104680,2013
2013-06-13,2013_06_13_DMLST.tif,492bc932-bfd8-4069-b2c7-d7cb8420cbcb,204116942,2013
2013-06-14,2013_06_14_DMLST.tif,cac8333f-4476-4a6f-a467-9f394201ffee,204242495,2013
2013-06-15,2013_06_15_DMLST.tif,50d20357-21c9-447d-af56-5df3bfe15b7b,205459631,2013
2013-06-16,2013_06_16_DMLST.tif,332262c8-a208-4a9b-8bc8-6760bf9c1d95,205559871,2013
2013-06-17,2013_06_17_DMLST.tif,fa0f134b-eaea-4b7f-b3b1-d6c2059420b7,205791270,2013
2013-06-18,2013_06_18_DMLST.tif,067ab0aa-b4ce-4245-9acd-8d6649aa433b,205530324,2013
2013-06-19,2013_06_19_DMLST.tif,11ce100f-dfe9-4c1d-9245-815d72ac6897,205562326,2013
2013-06-20,2013_06_20_DMLST.tif,33732236-c71d-4085-a532-6a41c2705586,205501826,2013
2013-06-21,2013_06_21_DMLST.tif,352fc84e-9250-4c5b-8eaa-8f0d8f091442,205305326,2013
2013-06-22,2013_06_22_DMLST.tif,aba4852f-177b-4ae0-af1e-abee8615ed2a,205376003,2013
2013-06-23,2013_06_23_DMLST.tif,57f3378a-7379-4f1c-bc67-30eda24f52ba,204056775,2013
2013-06-24,2013_06_24_DMLST.tif,8ef8c171-c1c1-4e07-9d5f-e512f2a17c4b,203714821,2013
2013-06-25,2013_06_25_DMLST.tif,34e75cf1-ac90-4be2-972b-2c1f80358eb5,203582022,2013
2013-06-26,2013_06_26_DMLST.tif,f04d5337-cb04-465e-9154-20684af7833e,203252408,2013
2013-06-27,2013_06_27_DMLST.tif,a6af8b90-b845-4eb3-8f00-0011c0100ad1,203183296,2013
2013-06-28,2013_06_28_DMLST.tif,875bdd2f-2de0-46af-ae67-a665ec8ca670,203217045,2013
2013-06-29,2013_06_29_DMLST.tif,94e168a6-a799-42c0-996b-371277e8f2e1,203550344,2013
2013-06-30,2013_06_30_DMLST.tif,3dd3e111-2ad3-413e-99c9-691619bb906f,203593430,2013
2013-07-01,2013_07_01_DMLST.tif,06c48a6e-5d0c-41ca-a4dd-7a2c55a03195,204402262,2013
2013-07-02,2013_07_02_DMLST.tif,1332659f-ecb1-46e7-9ca4-5e96f5652eca,204273350,2013
2013-07-03,2013_07_03_DMLST.tif,c634255e-12f5-48da-843e-3ddc66be12fe,204617524,2013
2013-07-04,2013_07_04_DMLST.tif,0f55e8cd-8d56-4cf5-8bb1-a65095beddd4,204534858,2013
2013-07-05,2013_07_05_DMLST.tif,3f3f5857-893d-4366-8adf-42a9c93bed3e,204252381,2013
2013-07-06,2013_07_06_DMLST.tif,0c37fc00-54fe-4517-b4f0-db718109fd0e,204355303,2013
2013-07-07,2013_07_07_DMLST.tif,e0858f66-75c8-4cb4-afa4-1d10e30b2fb5,204405940,2013
2013-07-08,2013_07_08_DMLST.tif,f9e129b2-458e-4c7b-b66d-ee59fcbf7bea,204187089,2013
2013-07-09,2013_07_09_DMLST.tif,bbbaaa7a-faff-4959-ba9c-4f693631f796,202942397,2013
2013-07-10,2013_07_10_DMLST.tif,036895ce-ea60-4f58-b3ce-73cca0f6be2b,202957098,2013
2013-07-11,2013_07_11_DMLST.tif,a5752f47-d8eb-4e2e-b47b-6732d622c55f,203193658,2013
2013-07-12,2013_07_12_DMLST.tif,74d0a892-c571-4106-ad30-dbb46040ded7,202885456,2013
2013-07-13,2013_07_13_DMLST.tif,78ca2b16-019a-4429-bac4-53d958c52f2a,202525443,2013
2013-07-14,2013_07_14_DMLST.tif,7cd7c847-633e-41dd-b466-778020cea896,202263861,2013
2013-07-15,2013_07_15_DMLST.tif,177236d2-6a94-48d0-b416-c420eb8ef428,202133179,2013
2013-07-16,2013_07_16_DMLST.tif,4a86cb68-44c8-4f84-af3b-a9cad231d0a9,201899021,2013
2013-07-17,2013_07_17_DMLST.tif,0bc385db-6c1c-42da-b5cd-d508372dad00,203085362,2013
2013-07-18,2013_07_18_DMLST.tif,76c9c50e-76f7-4cd4-834a-ff69a0df3bb8,203291263,2013
2013-07-19,2013_07_19_DMLST.tif,3e2d6116-e644-44d4-83a8-3f91efce8a80,203303641,2013
2013-07-20,2013_07_20_DMLST.tif,a0684262-54c2-40fb-9530-fde483233535,203580496,2013
2013-07-21,2013_07_21_DMLST.tif,289d4642-9636-4fd7-94af-61f086b117f2,203982014,2013
2013-07-22,2013_07_22_DMLST.tif,b015353d-2b98-4a20-9e20-b4de023d6c1e,204004634,2013
2013-07-23,2013_07_23_DMLST.tif,b7c36dce-257b-4550-b82f-10dec83c5826,204000251,2013
2013-07-24,2013_07_24_DMLST.tif,0a812e71-5456-4477-9611-422ccf839510,204278396,2013
2013-07-25,2013_07_25_DMLST.tif,ed8780aa-82cb-4efe-ab4d-cc415c0375f6,203774733,2013
2013-07-26,2013_07_26_DMLST.tif,262600a8-87e8-4fbd-80c5-9e6df69076fb,203919561,2013
2013-07-27,2013_07_27_DMLST.tif,4dda960b-3fcb-40df-b5b3-e8171af94602,203580063,2013
2013-07-28,2013_07_28_DMLST.tif,af6420e9-a26d-44ae-b4ba-714b84886671,203082052,2013
2013-07-29,2013_07_29_DMLST.tif,d5bc00a3-fd98-426f-ac00-74f6f205a7c9,203066982,2013
2013-07-30,2013_07_30_DMLST.tif,93465caa-a52c-42d8-8283-731340c048d3,202933829,2013
2013-07-31,2013_07_31_DMLST.tif,ef4a7d41-2801-4d39-a05a-ce06d09f9af5,203334631,2013
2013-08-01,2013_08_01_DMLST.tif,50ed0797-4034-4f28-ad02-92eeefd5f4c9,203439222,2013
2013-08-02,2013_08_02_DMLST.tif,01da1144-85df-4a2e-9c2e-fa115bce3950,204012860,2013
2013-08-03,2013_08_03_DMLST.tif,4d073a09-a064-4605-914a-5ee6594bf976,203752542,2013
2013-08-04,2013_08_04_DMLST.tif,1a8ee9ed-f069-4f98-baf1-c823fe89b235,203355843,2013
2013-08-05,2013_08_05_DMLST.tif,54ffea66-9f39-47a5-a6a4-0650db167452,203643673,2013
2013-08-06,2013_08_06_DMLST.tif,18787665-8b5b-47a6-b85b-3712b5e908bc,203822804,2013
2013-08-07,2013_08_07_DMLST.tif,ba469ab4-8239-4276-9e6d-684f728b2657,203604189,2013
2013-08-08,2013_08_08_DMLST.tif,e6255a04-cb61-43bc-94e5-5fb5bd168fa5,203359751,2013
2013-08-09,2013_08_09_DMLST.tif,ea580dcc-b38e-4fba-a76d-0aab3edd957b,203346007,2013
2013-08-10,2013_08_10_DMLST.tif,5ccfa7e1-c21d-4ee3-84ef-e3a19b5d5f21,203081653,2013
2013-08-11,2013_08_11_DMLST.tif,f01ab230-aec3-4946-8bcb-c92303e6e6a5,203101256,2013
2013-08-12,2013_08_12_DMLST.tif,5abbb655-6ff1-40af-8ec1-249b26838986,202490230,2013
2013-08-13,2013_08_13_DMLST.tif,5e8f58a4-673b-4788-952a-29be86e5c0c1,202130731,2013
2013-08-14,2013_08_14_DMLST.tif,b6790546-f3db-41eb-82c6-9ece1adeae0c,202652888,2013
2013-08-15,2013_08_15_DMLST.tif,e388936b-7772-4d7e-af09-abfde7fd8b9b,202836209,2013
2013-08-16,2013_08_16_DMLST.tif,c762e799-8ed9-4b6a-91c4-521fece4765e,202631743,2013
2013-08-17,2013_08_17_DMLST.tif,d592b3c7-2620-40f5-a278-5a3cd14b27a7,202245734,2013
2013-08-18,2013_08_18_DMLST.tif,70434d7d-9afb-4fdc-9b55-d45df0bfc3b4,203253432,2013
2013-08-19,2013_08_19_DMLST.tif,bc8f23fa-a853-44c6-91de-1fcd0bbc9118,203295811,2013
2013-08-20,2013_08_20_DMLST.tif,6c77f3f1-0847-4e9f-b7d0-2fc174a46e30,203059970,2013
2013-08-21,2013_08_21_DMLST.tif,6493f70e-f8b1-4e0b-b77f-e2a76744f511,202699238,2013
2013-08-22,2013_08_22_DMLST.tif,2116d497-d71d-4853-8e1a-b60b75a3dbdc,202616012,2013
2013-08-23,2013_08_23_DMLST.tif,e7aeabfe-b7dc-4814-a62d-f9d05b9d1d71,202414603,2013
2013-08-24,2013_08_24_DMLST.tif,7c9b0d79-e224-456b-8265-914575368b20,202338173,2013
2013-08-25,2013_08_25_DMLST.tif,8c12eded-3d76-4cfc-b56a-1cc9bc394f89,201975287,2013
2013-08-26,2013_08_26_DMLST.tif,9457f51b-7617-41bd-b665-0c277cd02d7d,201686698,2013
2013-08-27,2013_08_27_DMLST.tif,d2fd4377-9c81-4625-ab41-3ec891584086,201922701,2013
2013-08-28,2013_08_28_DMLST.tif,3b78922d-64f6-46e0-900a-a777aae1f9f1,202143401,2013
2013-08-29,2013_08_29_DMLST.tif,4c272a61-62af-4748-a66a-5bb7ccd09dc8,202044349,2013
2013-08-30,2013_08_30_DMLST.tif,c5239318-f44f-47f6-9287-1857a0edf8c4,201918588,2013
2013-08-31,2013_08_31_DMLST.tif,aa0a080a-db85-43d7-a92d-601e1a980e98,201913155,2013
2013-09-01,2013_09_01_DMLST.tif,42bd78c3-a2e9-4018-8361-153ea290475f,201568499,2013
2013-09-02,2013_09_02_DMLST.tif,ad1fc62a-75d1-4795-95d8-cb77cf1bcaa4,201460335,2013
2013-09-03,2013_09_03_DMLST.tif,18471992-902f-4d0e-941c-3e5f59497be7,203362166,2013
2013-09-04,2013_09_04_DMLST.tif,6bf5f121-7b19-4f00-90c7-ca8b6608a8ec,203444114,2013
2013-09-05,2013_09_05_DMLST.tif,7aee50fa-ad5e-46f0-9675-de98540f8304,203572093,2013
2013-09-06,2013_09_06_DMLST.tif,3cb1bbdd-daaa-4b21-9e8f-fa2c5231c1f5,203515587,2013
2013-09-07,2013_09_07_DMLST.tif,7ee63391-699a-469e-adb7-11aaccf708be,203582833,2013
2013-09-08,2013_09_08_DMLST.tif,00933646-8197-4e9a-84c7-ce291bd744a4,203459266,2013
2013-09-09,2013_09_09_DMLST.tif,bd5036a1-d099-462a-99f3-40ac5acdff51,203667347,2013
2013-09-10,2013_09_10_DMLST.tif,598f68d9-c0fd-473b-86e5-2bb8f96d8e78,203906784,2013
2013-09-11,2013_09_11_DMLST.tif,4b4f1ae7-4fbc-4558-a7d3-03bec82259b3,203570803,2013
2013-09-12,2013_09_12_DMLST.tif,af63c5f9-a108-4c3c-91b5-e04a30a73edf,203104618,2013
2013-09-13,2013_09_13_DMLST.tif,175cd917-4947-42d3-9091-0dabe7bf9808,202813440,2013
2013-09-14,2013_09_14_DMLST.tif,1feb9f39-7600-4c56-a485-f3473919acbf,202820219,2013
2013-09-15,2013_09_15_DMLST.tif,f9ca6035-a0ab-44b3-af2b-d7ea397309ed,202864053,2013
2013-09-16,2013_09_16_DMLST.tif,08ea49e6-da35-4562-95de-3f6da975fcf2,202758062,2013
2013-09-17,2013_09_17_DMLST.tif,f7d11c6c-88f0-4d56-b26e-444c69150aac,202466427,2013
2013-09-18,2013_09_18_DMLST.tif,99b04983-5d86-4a95-8ebb-c9bcf0f69a12,202481024,2013
2013-09-19,2013_09_19_DMLST.tif,ac313a13-a5ac-4cfc-a0e5-82d7f7b7dc4f,203987561,2013
2013-09-20,2013_09_20_DMLST.tif,b208df84-15f7-449d-b2f6-aee52c2d992d,204014484,2013
2013-09-21,2013_09_21_DMLST.tif,4fff335b-48f4-4475-8412-44e9b7466e71,203909730,2013
2013-09-22,2013_09_22_DMLST.tif,bb0aca90-5021-4261-94b6-604eee374ec9,203985299,2013
2013-09-23,2013_09_23_DMLST.tif,11eb16d1-8c52-4175-b71e-22c466607408,204057253,2013
2013-09-24,2013_09_24_DMLST.tif,9cb250a0-1af5-43fa-8774-f0305816242e,204664778,2013
2013-09-25,2013_09_25_DMLST.tif,66305cc0-8958-475b-9083-7505b78e9722,205072779,2013
2013-09-26,2013_09_26_DMLST.tif,7e3d85a0-a79e-45ce-9f76-f29575c5f9d1,204493609,2013
2013-09-27,2013_09_27_DMLST.tif,ab0c6c8c-81bf-4cc9-97f2-ab4f1eb3f6e4,204448308,2013
2013-09-28,2013_09_28_DMLST.tif,1fa9d0ef-0ee4-4364-95f0-a8eac4541420,204615680,2013
2013-09-29,2013_09_29_DMLST.tif,58405f91-7508-4fd6-a9f6-dc3030d7499c,204693516,2013
2013-09-30,2013_09_30_DMLST.tif,10d459af-9fcb-4471-bf56-feef0fb2c7c8,204558502,2013
2013-10-01,2013_10_01_DMLST.tif,7d0d4df1-4534-4b1c-8db1-a623e3d037ce,204319074,2013
2013-10-02,2013_10_02_DMLST.tif,539afd8a-f3b9-4468-af1a-1e0d275dd93a,204254349,2013
2013-10-03,2013_10_03_DMLST.tif,e77ec505-8f6d-4c01-b12f-d672ea2fbb93,204276665,2013
2013-10-04,2013_10_04_DMLST.tif,04082be9-852b-4e7d-b4da-108124a56572,204205034,2013
2013-10-05,2013_10_05_DMLST.tif,2938339b-7046-4d80-9978-4e7afb63c76e,205927115,2013
2013-10-06,2013_10_06_DMLST.tif,372082c2-2a7c-48fa-be4e-2c27ce1fb9a8,206190734,2013
2013-10-07,2013_10_07_DMLST.tif,27aed133-8df8-46c9-98ca-f4c902e0b395,206511900,2013
2013-10-08,2013_10_08_DMLST.tif,0cb28d9a-104a-4c89-8ad7-7ad5b347bbcb,206641878,2013
2013-10-09,2013_10_09_DMLST.tif,6d47ffa7-913e-47d8-ac8d-f4b3813769b7,206570555,2013
2013-10-10,2013_10_10_DMLST.tif,1b4c494c-fd22-4fcc-b12a-fe896d32e2be,206359722,2013
2013-10-11,2013_10_11_DMLST.tif,2ea22627-e0d0-4424-b7ef-0e6b40441332,206230408,2013
2013-10-12,2013_10_12_DMLST.tif,8051fced-68b2-4f47-87a6-60c79fb221b2,206128255,2013
2013-10-13,2013_10_13_DMLST.tif,42cdb5c2-0574-4635-b084-766c0db91f2e,205481727,2013
2013-10-14,2013_10_14_DMLST.tif,af92c9af-51fe-49e1-804b-57b538347db2,205815208,2013
2013-10-15,2013_10_15_DMLST.tif,1552b884-da78-432c-8280-69ef6940b4d3,206007016,2013
2013-10-16,2013_10_16_DMLST.tif,01639cbe-178b-47db-8144-5e847f6d618a,206209862,2013
2013-10-17,2013_10_17_DMLST.tif,c58a74a2-524f-4be7-8075-74b84b276074,205754009,2013
2013-10-18,2013_10_18_DMLST.tif,6fa7241a-2048-468b-aad3-79437eda83ca,205546899,2013
2013-10-19,2013_10_19_DMLST.tif,08e18095-d1f9-464a-994e-92dea5026f0f,205490493,2013
2013-10-20,2013_10_20_DMLST.tif,1a4a6791-b512-4188-8d92-65934f6e649c,205393277,2013
2013-10-21,2013_10_21_DMLST.tif,b59566e9-5103-443c-b577-18b94fb9f509,206728693,2013
2013-10-22,2013_10_22_DMLST.tif,8e5aa377-ccd0-45df-8f24-49bc6c4c5049,206763975,2013
2013-10-23,2013_10_23_DMLST.tif,5870c43e-8c92-47d0-8287-e02d1274ea0f,206892931,2013
2013-10-24,2013_10_24_DMLST.tif,c74da893-a286-4a25-8816-f515c8c82cbb,206992122,2013
2013-10-25,2013_10_25_DMLST.tif,2be96d28-7e6d-488d-9fc4-5875003add29,207097267,2013
2013-10-26,2013_10_26_DMLST.tif,697f3df3-f3f5-4b2e-adff-ebb67dd9236e,207013535,2013
2013-10-27,2013_10_27_DMLST.tif,8e8d0c47-0a3d-4f7a-af6a-b7c94c83a3ab,207009523,2013
2013-10-28,2013_10_28_DMLST.tif,ff6cf1e4-fc74-4b62-8686-f74d639d302e,206907658,2013
2013-10-29,2013_10_29_DMLST.tif,711677d1-f9a7-45ce-9883-6b69a467f8d7,207083986,2013
2013-10-30,2013_10_30_DMLST.tif,ed0dbedc-569b-4398-9aaa-bf63c1955e14,207665325,2013
2013-10-31,2013_10_31_DMLST.tif,5e1b98db-505f-4ae0-8204-e38c5adc8636,207542765,2013
2013-11-01,2013_11_01_DMLST.tif,9ac92610-13fd-4c8b-ab2e-bd6b14324803,207270335,2013
2013-11-02,2013_11_02_DMLST.tif,996bdb45-9b54-4888-9233-56d04c6535dd,206684389,2013
2013-11-03,2013_11_03_DMLST.tif,18bf7257-4fb7-425c-bf8b-d6b19586a441,206299207,2013
2013-11-04,2013_11_04_DMLST.tif,13504815-d574-4494-92df-11aab456072d,206420695,2013
2013-11-05,2013_11_05_DMLST.tif,0d21b2ea-780b-4283-ae30-3345f07700de,206356316,2013
2013-11-06,2013_11_06_DMLST.tif,67c89463-e86a-4eac-b2c2-74136992d837,207485685,2013
2013-11-07,2013_11_07_DMLST.tif,c35fe9e8-2644-4b7f-b9bd-a596cd924dca,207251344,2013
2013-11-08,2013_11_08_DMLST.tif,ff97c510-9f3d-4834-a2e5-82865f45955f,207068503,2013
2013-11-09,2013_11_09_DMLST.tif,925a0fd1-bbd4-4c2a-a615-d98ea2971d5e,207081574,2013
2013-11-10,2013_11_10_DMLST.tif,6d2deb5b-e889-4141-b9a0-c92a347e2ae7,207309640,2013
2013-11-11,2013_11_11_DMLST.tif,52f8c7bd-89b8-4e28-b315-3f177d4f1d21,207530313,2013
2013-11-12,2013_11_12_DMLST.tif,c090d05e-4ccd-4355-9940-88b54ffb6d12,207744955,2013
2013-11-13,2013_11_13_DMLST.tif,1e0966f1-05a0-4a4a-ac8b-02abd2acf678,207753929,2013
2013-11-14,2013_11_14_DMLST.tif,ad1b2a19-9d12-4503-a9ad-3933064116d3,207612202,2013
2013-11-15,2013_11_15_DMLST.tif,d1590f16-f683-43d4-8a5a-21ae13dca1ea,207355496,2013
2013-11-16,2013_11_16_DMLST.tif,8bb1e97e-e05b-4a09-a0ef-ea8536374697,207011860,2013
2013-11-17,2013_11_17_DMLST.tif,7aa56744-97d3-4490-b386-44b4c2661646,207312516,2013
2013-11-18,2013_11_18_DMLST.tif,88411b6b-c48f-47aa-844f-73a701b144e4,207596001,2013
2013-11-19,2013_11_19_DMLST.tif,22e8cea4-e7b4-4eda-9705-c56e4abd0464,207759983,2013
2013-11-20,2013_11_20_DMLST.tif,af9384b0-f413-41c8-a42a-2cf56f406b9f,207489904,2013
2013-11-21,2013_11_21_DMLST.tif,913e010f-2734-4061-b862-6d21de93c5c9,207453485,2013
2013-11-22,2013_11_22_DMLST.tif,56a90ef8-aed8-426e-b468-f422c56006e7,208388706,2013
2013-11-23,2013_11_23_DMLST.tif,f41787e8-b896-4644-84cd-b861499dd41b,208229941,2013
2013-11-24,2013_11_24_DMLST.tif,7db3220b-c824-47ce-bf3d-5de912df9534,207522490,2013
2013-11-25,2013_11_25_DMLST.tif,70626254-b387-47cd-8b26-e91b95aa1094,206849434,2013
2013-11-26,2013_11_26_DMLST.tif,053bc87d-167a-45af-b311-3ddd8992812d,206872219,2013
2013-11-27,2013_11_27_DMLST.tif,eb6512e4-2251-4292-bb66-1d39f24da3cf,207243518,2013
2013-11-28,2013_11_28_DMLST.tif,c5b26a10-f422-4c78-969e-00dbece37740,207936188,2013
2013-11-29,2013_11_29_DMLST.tif,af20ba1e-a9db-47f4-a958-d3846ce09f5c,208409569,2013
2013-11-30,2013_11_30_DMLST.tif,93b9f95b-34be-4002-b509-491883b2b2a5,207146859,2013
2013-12-01,2013_12_01_DMLST.tif,aad151ab-d3ef-4891-acfe-772f7537483f,206911068,2013
2013-12-02,2013_12_02_DMLST.tif,416fb372-4191-408d-aa5b-00cc96b954b4,206333582,2013
2013-12-03,2013_12_03_DMLST.tif,4579146c-a5d3-4e96-90d9-b9f5d67266d0,205818149,2013
2013-12-04,2013_12_04_DMLST.tif,34dafb6d-e0c2-4f11-8357-4ea9d058e3da,206082411,2013
2013-12-05,2013_12_05_DMLST.tif,c8415b51-1112-478b-a884-84f961bf7a01,205782566,2013
2013-12-06,2013_12_06_DMLST.tif,63fcbef3-a388-47db-bc9c-8b2e65495160,205866135,2013
2013-12-07,2013_12_07_DMLST.tif,39e8fb32-4437-4920-8f9d-c6dca968e94c,205556088,2013
2013-12-08,2013_12_08_DMLST.tif,51a8f88d-ecf6-4259-9728-0b6ea936ada8,204628371,2013
2013-12-09,2013_12_09_DMLST.tif,9998d191-a082-47e4-a408-31812c63a57e,204455701,2013
2013-12-10,2013_12_10_DMLST.tif,e1e1b3d6-c4b1-4a85-a84c-31a360ca877d,204224216,2013
2013-12-11,2013_12_11_DMLST.tif,dafd20e5-49fe-4efb-a5f9-1fbb40ec1b28,204393838,2013
2013-12-12,2013_12_12_DMLST.tif,3475eeee-dbb2-479a-9462-f24a330f5333,204979940,2013
2013-12-13,2013_12_13_DMLST.tif,7a9e1ac2-e4dd-4d69-bd81-4165c08ddaa7,205418547,2013
2013-12-14,2013_12_14_DMLST.tif,07089b5b-cd6a-40a6-80ae-f0f12d5ebc97,205082809,2013
2013-12-15,2013_12_15_DMLST.tif,6969fafc-5324-4d8c-90e5-60b4f8feae65,205456110,2013
2013-12-16,2013_12_16_DMLST.tif,807fbf76-defd-495f-ac7d-b0d39ccb135e,205177799,2013
2013-12-17,2013_12_17_DMLST.tif,c97490ce-4cdb-4ff3-832f-7ed19a460d1b,204567446,2013
2013-12-18,2013_12_18_DMLST.tif,db857c5f-5bf9-42aa-90c0-d81383321436,203888860,2013
2013-12-19,2013_12_19_DMLST.tif,501c091c-4759-4cd5-8893-5321dd33bd97,203026808,2013
2013-12-20,2013_12_20_DMLST.tif,1783adbc-fdf5-4c4c-a6e8-c7b7e217ed19,203070250,2013
2013-12-21,2013_12_21_DMLST.tif,8e644dea-3a5d-4fb8-abd6-4025d69359a1,203690643,2013
2013-12-22,2013_12_22_DMLST.tif,a135aa2f-e95a-47d8-b975-7c2763637cbf,203934600,2013
2013-12-23,2013_12_23_DMLST.tif,1797d826-afbe-4897-9b0e-89c4fd80589c,204469193,2013
2013-12-24,2013_12_24_DMLST.tif,9ac24356-261d-46f8-92ea-0589780863af,204604587,2013
2013-12-25,2013_12_25_DMLST.tif,ae273c27-56a9-492b-a762-7f79436ccfff,204154444,2013
2013-12-26,2013_12_26_DMLST.tif,12247b47-56d4-4f53-955e-9c3af6c7f423,203535686,2013
2013-12-27,2013_12_27_DMLST.tif,7ca4146d-b9d7-43f7-97f3-732c4646c342,203224646,2013
2013-12-28,2013_12_28_DMLST.tif,d55b53fc-2099-423e-995f-6eb01e60ac53,202939768,2013
2013-12-29,2013_12_29_DMLST.tif,3cb7ae73-a78e-4479-8543-1412be68b865,202596849,2013
2013-12-30,2013_12_30_DMLST.tif,9d009081-94a9-480a-b501-095d406c4fce,202187027,2013
2013-12-31,2013_12_31_DMLST.tif,da3df5f2-6fa0-4d9a-8382-bdbf757d9c09,202063615,2013
2014-01-01,2014_01_01_DMLST.tif,76777245-9a82-486c-ba84-8f7610a87979,201396024,2014
2014-01-02,2014_01_02_DMLST.tif,b177c9b3-72b1-4dce-9245-4be0255b1835,201080491,2014
2014-01-03,2014_01_03_DMLST.tif,75a1a4b3-259d-4e4b-98c7-e95699dec45d,201235130,2014
2014-01-04,2014_01_04_DMLST.tif,f9b6eaa3-930c-4fe3-9473-5034a5f0a567,201316476,2014
2014-01-05,2014_01_05_DMLST.tif,952bf8c2-8b03-41de-ab8b-b8e982914d52,201166002,2014
2014-01-06,2014_01_06_DMLST.tif,94c0b327-bfe2-48b2-b0a1-ad93899c9d28,201067455,2014
2014-01-07,2014_01_07_DMLST.tif,ee9ded29-5fb8-4530-9068-29cee4033aff,201559301,2014
2014-01-08,2014_01_08_DMLST.tif,2d39ae30-934b-4649-addf-0a58a8b1cb50,201626364,2014
2014-01-09,2014_01_09_DMLST.tif,ed864106-2ab5-4866-bf60-c6a380f352df,201997705,2014
2014-01-10,2014_01_10_DMLST.tif,d3b4331f-d9a2-4f66-b23e-0a6c0c852640,202478793,2014
2014-01-11,2014_01_11_DMLST.tif,96b249a1-93e7-4aa4-8c89-7300eb3047c7,202574197,2014
2014-01-12,2014_01_12_DMLST.tif,106d864e-2689-4bd9-a9e3-1193044bd2c9,202606688,2014
2014-01-13,2014_01_13_DMLST.tif,6e770074-ba1f-4c0d-84db-2d66bbad35d3,202803986,2014
2014-01-14,2014_01_14_DMLST.tif,bcd1864b-f271-4ea0-8c02-c09cbf6d6eb4,202862447,2014
2014-01-15,2014_01_15_DMLST.tif,bb4997a2-a68f-4e8e-8180-669ca70e1bf3,202509166,2014
2014-01-16,2014_01_16_DMLST.tif,9582909d-4060-4017-81b5-ab6d1a2a4b67,202625866,2014
2014-01-17,2014_01_17_DMLST.tif,9d736a86-63fc-4af5-9b00-6316ae2482cb,202527557,2014
2014-01-18,2014_01_18_DMLST.tif,8e418000-e7d4-4cdd-b44e-8f4826ce9a62,202881270,2014
2014-01-19,2014_01_19_DMLST.tif,6ac5a13f-1ce2-4c7e-b78e-cc54907b68a7,203125407,2014
2014-01-20,2014_01_20_DMLST.tif,b23da39a-05bf-4c5d-83f0-bb2320943e40,202747772,2014
2014-01-21,2014_01_21_DMLST.tif,075e12d0-336f-4f22-85fe-3ed5a8d56da3,202278319,2014
2014-01-22,2014_01_22_DMLST.tif,cec07a8e-c8fc-4915-9227-7bb696400480,202509778,2014
2014-01-23,2014_01_23_DMLST.tif,02cdc92a-9e2b-4759-a81a-7100567473d2,202241778,2014
2014-01-24,2014_01_24_DMLST.tif,2d173105-baeb-4b8a-ab12-6d10c7fa3f51,202487397,2014
2014-01-25,2014_01_25_DMLST.tif,127639a5-838f-43fc-a216-44979cbb4647,202454804,2014
2014-01-26,2014_01_26_DMLST.tif,07f5c795-fcb5-4d90-87e5-0ad61bfa14b6,201817229,2014
2014-01-27,2014_01_27_DMLST.tif,f6286e41-bcc5-42a3-89f7-0a047c6aff19,200478097,2014
2014-01-28,2014_01_28_DMLST.tif,104c8ec9-db94-42d1-b64d-efca4c970fc7,200617379,2014
2014-01-29,2014_01_29_DMLST.tif,807a2d87-f3d4-48c0-a0bc-d04a3e9359f1,200204984,2014
2014-01-30,2014_01_30_DMLST.tif,b8d75e38-9afb-4659-b5cb-4280c6da18bc,199456284,2014
2014-01-31,2014_01_31_DMLST.tif,2b5d571c-b5c9-41ff-bf26-bde02dd55396,199935027,2014
2014-02-01,2014_02_01_DMLST.tif,f5f9a1d6-3f36-4a09-831b-4b0d075b69b1,200096438,2014
2014-02-02,2014_02_02_DMLST.tif,dc8bdbae-b1c3-45a0-a94f-b76456d09373,200167822,2014
2014-02-03,2014_02_03_DMLST.tif,b85a8a41-2c87-4032-8988-85fb587153a7,200065887,2014
2014-02-04,2014_02_04_DMLST.tif,ba09768f-2845-4481-becb-84d7b8499ef2,200171828,2014
2014-02-05,2014_02_05_DMLST.tif,216a7cb6-829f-42c6-8bb1-4dac7e5a32b9,200309470,2014
2014-02-06,2014_02_06_DMLST.tif,935bab8b-ba36-4900-b1e5-75987749384a,200301569,2014
2014-02-07,2014_02_07_DMLST.tif,2357364b-0416-44ce-a7cb-ae85edfef7cc,200783300,2014
2014-02-08,2014_02_08_DMLST.tif,2fe083d3-b31d-42ae-9b17-3769b83005e7,200731286,2014
2014-02-09,2014_02_09_DMLST.tif,038c135d-2c65-451b-b95a-eb34109c77cd,200835588,2014
2014-02-10,2014_02_10_DMLST.tif,7c48b059-d077-45f5-8b89-854387df1416,200627711,2014
2014-02-11,2014_02_11_DMLST.tif,799e19f4-d763-42aa-981d-c3a69de0f36f,201044028,2014
2014-02-12,2014_02_12_DMLST.tif,92b1d524-f4d3-45b3-838a-59505b3c2c5d,201516951,2014
2014-02-13,2014_02_13_DMLST.tif,68e4e764-c345-474e-865f-d53ed481882c,202247859,2014
2014-02-14,2014_02_14_DMLST.tif,311c758c-33a3-4ac6-ac55-f95694ff49a8,202574564,2014
2014-02-15,2014_02_15_DMLST.tif,f7dad330-6195-479e-a9d0-b09ca8b7012b,202494870,2014
2014-02-16,2014_02_16_DMLST.tif,ecf0bb6e-9ced-46ee-a3d0-67090181e815,202620894,2014
2014-02-17,2014_02_17_DMLST.tif,84ff43c6-ef14-4c1f-9498-fd72623f6ca1,202789972,2014
2014-02-18,2014_02_18_DMLST.tif,85ac883d-4de3-45aa-9781-bd6602c81452,203317889,2014
2014-02-19,2014_02_19_DMLST.tif,e8291820-b81c-405c-8d9f-f85bc7bdc180,203864093,2014
2014-02-20,2014_02_20_DMLST.tif,b9ddb776-f912-4a65-bc62-1e0013ae55ff,203544438,2014
2014-02-21,2014_02_21_DMLST.tif,f68e1bdd-805e-44fd-8f2b-3ea54a11114b,203260498,2014
2014-02-22,2014_02_22_DMLST.tif,3d43f703-c9f8-45b6-aaa5-f211a285f270,203186634,2014
2014-02-23,2014_02_23_DMLST.tif,2006023c-48ef-4f3b-871b-8ad0a40cf797,203542027,2014
2014-02-24,2014_02_24_DMLST.tif,9a91424c-d239-4ed4-9ce5-ad68dfd497cf,203288889,2014
2014-02-25,2014_02_25_DMLST.tif,9a9f2293-032e-483a-b747-102703111ebb,202859627,2014
2014-02-26,2014_02_26_DMLST.tif,b8b48ff6-bc27-4ca7-bff1-af9d5adde3fa,202368247,2014
2014-02-27,2014_02_27_DMLST.tif,5bb7fccc-7a13-475c-9199-47f1806c7210,202299316,2014
2014-02-28,2014_02_28_DMLST.tif,9025bbd9-4f07-48e2-b397-b1ac73a56658,202058254,2014
2014-03-01,2014_03_01_DMLST.tif,2247345d-75e2-4076-b0e7-68902c5f8985,201953042,2014
2014-03-02,2014_03_02_DMLST.tif,87dc5c4c-b798-4773-becd-defa550413ad,201875064,2014
2014-03-03,2014_03_03_DMLST.tif,d896a7a5-3638-4168-b4ce-3daf46a72436,200573190,2014
2014-03-04,2014_03_04_DMLST.tif,6ba44733-a708-4617-82a1-faa8f3f2c2ca,200944965,2014
2014-03-05,2014_03_05_DMLST.tif,03af8c5c-0b8e-4433-aab7-1a8c48f32588,201113855,2014
2014-03-06,2014_03_06_DMLST.tif,2034c4ce-fc70-4a53-868c-918ac3861fec,201533337,2014
2014-03-07,2014_03_07_DMLST.tif,048ec636-967d-4ca0-8729-7b9979e93012,202243880,2014
2014-03-08,2014_03_08_DMLST.tif,3af948c2-ecd3-4673-a8ba-27eca170cb5d,202529873,2014
2014-03-09,2014_03_09_DMLST.tif,858ecbd0-7285-45df-a57b-0b21e1364286,203609760,2014
2014-03-10,2014_03_10_DMLST.tif,99b6e870-1070-4259-9a6e-eb0786ce4cbd,204453484,2014
2014-03-11,2014_03_11_DMLST.tif,b7429551-800a-479d-af0a-e3a9a5052ef9,204734645,2014
2014-03-12,2014_03_12_DMLST.tif,d66823fc-ba6d-4044-9201-cbccb59bd726,204665241,2014
2014-03-13,2014_03_13_DMLST.tif,8fb4ac7e-5c2b-4a08-b940-c9842bf95653,205422604,2014
2014-03-14,2014_03_14_DMLST.tif,f391d32a-d8a8-4a1b-87e4-d82bdedd31c1,205671807,2014
2014-03-15,2014_03_15_DMLST.tif,effc60c2-7b26-4d09-be70-29ab7b7ef220,205641283,2014
2014-03-16,2014_03_16_DMLST.tif,089e1b47-1ba6-455d-b832-2c510f183c6e,205601791,2014
2014-03-17,2014_03_17_DMLST.tif,c7741efd-f922-4881-b5ff-1a23abefa7d3,206012991,2014
2014-03-18,2014_03_18_DMLST.tif,60ec1ef2-f2be-42c5-9e0b-67df3bc3290b,205802818,2014
2014-03-19,2014_03_19_DMLST.tif,e87f8441-efa6-49b6-8f6a-3dec0440e689,204566583,2014
2014-03-20,2014_03_20_DMLST.tif,f0aabccf-14cd-44b5-8e1e-00728b5162ec,204629226,2014
2014-03-21,2014_03_21_DMLST.tif,1e8918f9-d838-4573-bd70-ffd78057ce04,204565172,2014
2014-03-22,2014_03_22_DMLST.tif,5cd02fb4-275d-4529-9c0b-42cafcd6987a,204802219,2014
2014-03-23,2014_03_23_DMLST.tif,7d591d3c-7c61-4ba8-9e5d-23168657abfa,205350004,2014
2014-03-24,2014_03_24_DMLST.tif,7693e123-0fd9-4310-9569-367103945e20,205416009,2014
2014-03-25,2014_03_25_DMLST.tif,e0467246-9d14-4e60-a781-9e12d39ce02a,205153258,2014
2014-03-26,2014_03_26_DMLST.tif,b551ffc9-e17e-4999-ba79-5c91c113e87e,204963557,2014
2014-03-27,2014_03_27_DMLST.tif,4c23ad41-c4f3-48fd-bdc1-29caadaac10f,205934502,2014
2014-03-28,2014_03_28_DMLST.tif,43f0abc0-91b4-4112-adf3-6b738344e3a6,205463465,2014
2014-03-29,2014_03_29_DMLST.tif,ae282f04-933d-4f73-a3ea-8790353c9e35,205664163,2014
2014-03-30,2014_03_30_DMLST.tif,1c6caddc-a39a-4078-b36c-9f742335654a,205605865,2014
2014-03-31,2014_03_31_DMLST.tif,4bf23496-1750-4e2f-939f-2f97f0b0f06f,205462188,2014
2014-04-01,2014_04_01_DMLST.tif,6587cc3d-a039-40e5-970d-797726b243e2,205375923,2014
2014-04-02,2014_04_02_DMLST.tif,6dd937e4-daa5-4cfc-a3fb-01e170bdfcf2,205325004,2014
2014-04-03,2014_04_03_DMLST.tif,9299edab-e0e7-41ba-995e-e3abf5597a4b,205819690,2014
2014-04-04,2014_04_04_DMLST.tif,68e53159-53f7-4ccc-87aa-070aa61b2285,204675867,2014
2014-04-05,2014_04_05_DMLST.tif,cd90f28e-cf77-4e22-baf3-d9c9babe0664,204964889,2014
2014-04-06,2014_04_06_DMLST.tif,7a355be4-dac0-419e-b8ab-f36393669d4a,205492794,2014
2014-04-07,2014_04_07_DMLST.tif,a368ff4b-8e5c-4995-a820-c715a87dcb14,205654008,2014
2014-04-08,2014_04_08_DMLST.tif,bc9e09cc-009a-445f-af36-e3486aab8b73,205446628,2014
2014-04-09,2014_04_09_DMLST.tif,2da6a777-2b4d-421c-ae3c-e47e3968e233,205076626,2014
2014-04-10,2014_04_10_DMLST.tif,b1634b50-160a-49cf-98ef-8ec1bf20c22f,205242317,2014
2014-04-11,2014_04_11_DMLST.tif,7ccdc6fc-1c9f-48b4-839a-8206e69ce99f,205167475,2014
2014-04-12,2014_04_12_DMLST.tif,038a189c-83ad-42e0-95ac-36f626a167d2,206112825,2014
2014-04-13,2014_04_13_DMLST.tif,f25d024c-e440-472d-8d86-87007bc5c49a,205988369,2014
2014-04-14,2014_04_14_DMLST.tif,fea4b868-e1d5-49a8-a21d-9e863e757a18,206108780,2014
2014-04-15,2014_04_15_DMLST.tif,498ed2db-e901-49a0-b4f5-4353d957ff53,206618699,2014
2014-04-16,2014_04_16_DMLST.tif,a65514d6-a585-400b-b851-75b1dd6b1765,206032469,2014
2014-04-17,2014_04_17_DMLST.tif,1b6b7e7d-5c6b-42b0-baec-3c5e14bc5540,205568568,2014
2014-04-18,2014_04_18_DMLST.tif,6dd498c4-0ea5-4b45-b5ef-c70ea100b574,205841369,2014
2014-04-19,2014_04_19_DMLST.tif,82ac156c-23d8-43ef-8f81-84b33d48c184,205561447,2014
2014-04-20,2014_04_20_DMLST.tif,af4d65e3-4400-459d-a8c5-59002e245558,205459297,2014
2014-04-21,2014_04_21_DMLST.tif,cb572264-3da1-4b6d-b633-86766c27bbd1,205467882,2014
2014-04-22,2014_04_22_DMLST.tif,8a9c4407-99bf-4e1c-9133-835e97d5bd45,205486998,2014
2014-04-23,2014_04_23_DMLST.tif,43c85736-4f78-46a3-b20d-893f0f2951ca,205371348,2014
2014-04-24,2014_04_24_DMLST.tif,27fee568-066b-4c00-a9b2-61c855ac930f,205212436,2014
2014-04-25,2014_04_25_DMLST.tif,fed57afc-6804-49d9-8816-a844eab97143,205417538,2014
2014-04-26,2014_04_26_DMLST.tif,47e20d17-bd5b-4fa4-a59d-7bbff37c3631,205245270,2014
2014-04-27,2014_04_27_DMLST.tif,29f547a0-060f-41c9-b162-7003ee89d5c4,205129902,2014
2014-04-28,2014_04_28_DMLST.tif,56e65633-edd6-4080-b6b3-c71ee89a63e7,205867898,2014
2014-04-29,2014_04_29_DMLST.tif,42f10ccd-d94a-4cbc-ace4-da9b669a4e36,205835584,2014
2014-04-30,2014_04_30_DMLST.tif,a83d18dd-0ca8-4fc7-a92d-edd43c7b11b1,206312964,2014
2014-05-01,2014_05_01_DMLST.tif,84319ed5-713d-42ca-b07f-ee129f3d535a,206079833,2014
2014-05-02,2014_05_02_DMLST.tif,697a914c-e0b6-436e-b944-bb11670ad258,205647168,2014
2014-05-03,2014_05_03_DMLST.tif,27257bc9-1f66-4f98-809a-c4226acda509,205882178,2014
2014-05-04,2014_05_04_DMLST.tif,e8a74ddc-19c9-485c-befc-5cd60203a8f5,206137893,2014
2014-05-05,2014_05_05_DMLST.tif,94022d52-9799-41cc-b66f-5ac0b6665aed,206523926,2014
2014-05-06,2014_05_06_DMLST.tif,67544e49-ad55-4504-a289-9ef57c8d9ca3,205373029,2014
2014-05-07,2014_05_07_DMLST.tif,f386f56f-9792-4912-8b98-af90c2a0cc0e,205757352,2014
2014-05-08,2014_05_08_DMLST.tif,0b4dbc9c-a873-4352-ad34-7ef9cda79325,206346857,2014
2014-05-09,2014_05_09_DMLST.tif,8c319eb9-3265-49ed-b369-424b7f5c60d5,206553375,2014
2014-05-10,2014_05_10_DMLST.tif,3fced54a-a5e9-48fe-9b62-1c6a4ac2eda4,206399042,2014
2014-05-11,2014_05_11_DMLST.tif,cae4aef4-1ea5-407a-ac88-9aa4bd0a2a36,206520042,2014
2014-05-12,2014_05_12_DMLST.tif,62e3bf04-9efc-4e17-abe8-72a6a9953c39,206482155,2014
2014-05-13,2014_05_13_DMLST.tif,e435d8e9-bae9-4a23-b498-fa1c644efc69,206432075,2014
2014-05-14,2014_05_14_DMLST.tif,3a4cf19c-3e47-4e96-bb0d-f5ff6a2ef0e5,206718906,2014
2014-05-15,2014_05_15_DMLST.tif,76ff6c12-3a5b-41a3-a382-287c3ff3909d,206605554,2014
2014-05-16,2014_05_16_DMLST.tif,625b649a-1208-4c59-8b87-c1c74175bb0c,206627184,2014
2014-05-17,2014_05_17_DMLST.tif,04e2d126-bc8d-41a5-b429-07f3032bc40f,206416413,2014
2014-05-18,2014_05_18_DMLST.tif,a7b4cdba-c65d-44aa-85f5-e69c9e87d9b8,206736031,2014
2014-05-19,2014_05_19_DMLST.tif,d8198f2e-b695-4171-a15e-f05f53e36acf,207000301,2014
2014-05-20,2014_05_20_DMLST.tif,3563ea39-2bf7-4045-97e0-5752035e590f,207012291,2014
2014-05-21,2014_05_21_DMLST.tif,b70ca776-b653-440e-968b-f63db806c275,206558944,2014
2014-05-22,2014_05_22_DMLST.tif,fee01f8a-332a-484c-9b69-91f15445c209,205995663,2014
2014-05-23,2014_05_23_DMLST.tif,4afd457d-184a-4c0c-99c0-eeb75c636dc4,206092749,2014
2014-05-24,2014_05_24_DMLST.tif,853c8645-b394-4e31-ae71-46a7d33ba205,206430645,2014
2014-05-25,2014_05_25_DMLST.tif,fdf03738-c478-468e-b30c-dbb1521a9a9f,206263220,2014
2014-05-26,2014_05_26_DMLST.tif,cb9b1d76-42b7-4a42-99d0-1a8ea07f1ed0,205555859,2014
2014-05-27,2014_05_27_DMLST.tif,b456b344-a137-453f-b6f0-b0c228054326,204966499,2014
2014-05-28,2014_05_28_DMLST.tif,658ec59e-5692-43e3-84b6-9eb4f1590b14,204818617,2014
2014-05-29,2014_05_29_DMLST.tif,f9d3bcd6-4a08-477c-b12a-ce83cdd7b4d0,204682385,2014
2014-05-30,2014_05_30_DMLST.tif,9919ccff-6b6e-4d85-a782-5ebb829cfc5b,204735944,2014
2014-05-31,2014_05_31_DMLST.tif,39a3f9aa-4fe5-4ce9-83cf-0bce78b68d1c,204722165,2014
2014-06-01,2014_06_01_DMLST.tif,a6ed3381-2f47-4e23-897e-21c88e84394b,204815038,2014
2014-06-02,2014_06_02_DMLST.tif,03d53223-081d-4108-a92e-bd9b83067da6,204706155,2014
2014-06-03,2014_06_03_DMLST.tif,0a540374-bbb3-44c0-aa08-8d6602051297,205011396,2014
2014-06-04,2014_06_04_DMLST.tif,53aa4637-0330-4184-822f-d4472b0d5b47,204776206,2014
2014-06-05,2014_06_05_DMLST.tif,bc9e9a25-78ae-4fc2-9a26-12e541175c0e,205159532,2014
2014-06-06,2014_06_06_DMLST.tif,cb3a2d93-904b-4a02-838a-d2deaeb0965a,205242329,2014
2014-06-07,2014_06_07_DMLST.tif,637dbbf6-2bd2-4844-a3f9-987ed2b3adfb,204224493,2014
2014-06-08,2014_06_08_DMLST.tif,0265c185-c327-40cd-839d-105f70a93c70,204256826,2014
2014-06-09,2014_06_09_DMLST.tif,1d87cea9-6d43-474a-8f81-f60981ae9f55,204175137,2014
2014-06-10,2014_06_10_DMLST.tif,6542579a-c01e-4a53-8512-58913a54a347,203428152,2014
2014-06-11,2014_06_11_DMLST.tif,a68850f2-9a3c-4c43-8c02-d9171a1cfb5b,203233411,2014
2014-06-12,2014_06_12_DMLST.tif,d37bb199-03fd-4cf3-82cd-23b69c67ee39,203644197,2014
2014-06-13,2014_06_13_DMLST.tif,e54e7066-e0a6-496f-a47b-7461ddf77d08,203943774,2014
2014-06-14,2014_06_14_DMLST.tif,98cbd80d-8c27-4b27-95c2-c97467f78a27,204198129,2014
2014-06-15,2014_06_15_DMLST.tif,a6bbd5c9-b212-45c9-aebc-610589342e78,204574725,2014
2014-06-16,2014_06_16_DMLST.tif,31a5e922-dbf6-43a4-b315-bf28332e3b08,204005772,2014
2014-06-17,2014_06_17_DMLST.tif,638eb0d1-900d-47a8-a08b-92ac3bf4aa1b,204068812,2014
2014-06-18,2014_06_18_DMLST.tif,4905ca6d-8317-49d6-91e1-6df55fa30086,204021193,2014
2014-06-19,2014_06_19_DMLST.tif,d8670f03-e6b3-475c-a39c-31b14376609c,203731868,2014
2014-06-20,2014_06_20_DMLST.tif,d88ad86e-f1eb-486d-bd0a-aaeeb28df747,203382484,2014
2014-06-21,2014_06_21_DMLST.tif,88579022-b786-47c3-b4f2-0ee6f39eb798,203503195,2014
2014-06-22,2014_06_22_DMLST.tif,24decdd7-2d2e-4fcc-8514-fd743e228c73,203733464,2014
2014-06-23,2014_06_23_DMLST.tif,8c76b287-7ceb-497a-b869-563fa81bf974,202877320,2014
2014-06-24,2014_06_24_DMLST.tif,87948c82-0595-496b-8c34-4f8c8c44b199,203143862,2014
2014-06-25,2014_06_25_DMLST.tif,2537f2df-1a56-4cef-b2ac-6097bc716fc3,203123658,2014
2014-06-26,2014_06_26_DMLST.tif,bc5a1c02-1eb0-4c79-90ae-90bb57fa14ac,202972317,2014
2014-06-27,2014_06_27_DMLST.tif,36e058b0-1294-4fbc-8c9f-a19c8bfedf9c,202369379,2014
2014-06-28,2014_06_28_DMLST.tif,668c1005-9e34-4f95-b34b-6eb09007e61f,202137344,2014
2014-06-29,2014_06_29_DMLST.tif,197c82e1-4ecc-4269-a559-a70d5bbd295b,202395856,2014
2014-06-30,2014_06_30_DMLST.tif,2eb1ec61-428c-47f2-9f7e-d642bcab8566,202683411,2014
2014-07-01,2014_07_01_DMLST.tif,77427edb-e89c-4770-9654-943d7fb48d4d,203112840,2014
2014-07-02,2014_07_02_DMLST.tif,3807a9b7-d21e-4ed2-a702-c7e237c88933,203110283,2014
2014-07-03,2014_07_03_DMLST.tif,2207c7b6-a43b-4e6b-a94c-38f5e767a680,203274793,2014
2014-07-04,2014_07_04_DMLST.tif,b637383b-4ed7-4bb6-827d-914455f1f4a2,203451660,2014
2014-07-05,2014_07_05_DMLST.tif,2cac8487-4d65-4bfa-ab06-77f5f125d116,203385930,2014
2014-07-06,2014_07_06_DMLST.tif,c43f953b-daa7-472e-9d11-87233b4c1a0a,203507906,2014
2014-07-07,2014_07_07_DMLST.tif,95a9c6c7-ae6a-4b87-b51f-d77d7e51a74f,203456708,2014
2014-07-08,2014_07_08_DMLST.tif,50dbcb8b-f811-4c14-8e76-ac786fb78c53,203323479,2014
2014-07-09,2014_07_09_DMLST.tif,7e5566e7-d739-463e-b44c-c57f5806eee1,201768665,2014
2014-07-10,2014_07_10_DMLST.tif,3213c6f2-3ac9-4fa7-abe7-e36ac5208fd9,201789679,2014
2014-07-11,2014_07_11_DMLST.tif,1bc9690d-a590-4b5f-a105-d3949e2cf269,201542358,2014
2014-07-12,2014_07_12_DMLST.tif,2f1c5ce2-1b67-4f08-b2a2-5cfbf731dacd,201244284,2014
2014-07-13,2014_07_13_DMLST.tif,2ae00a42-009e-4b77-8e4c-7e61f3800576,201377361,2014
2014-07-14,2014_07_14_DMLST.tif,2517f4f3-5c05-470b-9bea-fe845e05fc69,201273833,2014
2014-07-15,2014_07_15_DMLST.tif,59c19327-6243-4a01-8ccb-bad48dca8d82,201231883,2014
2014-07-16,2014_07_16_DMLST.tif,c462df83-5929-4a7f-ab50-8daf6a7edd29,201449565,2014
2014-07-17,2014_07_17_DMLST.tif,990d3a4e-8112-49aa-a640-fb6102947ba8,202692390,2014
2014-07-18,2014_07_18_DMLST.tif,87a6d7eb-8458-400e-a819-4d916c41b238,203192904,2014
2014-07-19,2014_07_19_DMLST.tif,29fee0c7-9b1e-4cdc-ad71-bcd29a6c67f0,203282328,2014
2014-07-20,2014_07_20_DMLST.tif,c3b795b8-05d0-41a3-b4bd-2ffcbb0516af,203013611,2014
2014-07-21,2014_07_21_DMLST.tif,4e95e104-8e7b-4896-a939-3dfe054fd061,202688149,2014
2014-07-22,2014_07_22_DMLST.tif,5581152d-2f4f-4b6a-a11a-847dc82c913c,202839069,2014
2014-07-23,2014_07_23_DMLST.tif,be480410-1ee8-44fd-83d4-144455b03a65,202750342,2014
2014-07-24,2014_07_24_DMLST.tif,59e2e1ac-ce88-4f1c-a28a-299ed42768dd,203024873,2014
2014-07-25,2014_07_25_DMLST.tif,eb1aa7e5-0e16-42a6-9bda-b74123f7746d,202403928,2014
2014-07-26,2014_07_26_DMLST.tif,0eaf7e8a-e7cd-46e2-a506-ce78c4dfc4f8,201982956,2014
2014-07-27,2014_07_27_DMLST.tif,261ac792-4d8c-4e03-be48-b9f8b2f3aa39,201046128,2014
2014-07-28,2014_07_28_DMLST.tif,b0265a1f-aed9-49fe-b292-13e73aa16498,200983818,2014
2014-07-29,2014_07_29_DMLST.tif,f85c7824-5c15-415a-829d-07db9e8ee93e,201101775,2014
2014-07-30,2014_07_30_DMLST.tif,6f6a1301-01b3-4eeb-8a8b-967fbe0b0a10,201099569,2014
2014-07-31,2014_07_31_DMLST.tif,f0ad3e75-c376-4062-b1b0-bd3734e1c83f,201118087,2014
2014-08-01,2014_08_01_DMLST.tif,9adc8365-b56f-4131-a578-8a341711e137,201123774,2014
2014-08-02,2014_08_02_DMLST.tif,0e2b52cf-5d39-42b5-92f0-eee024ed113e,202770481,2014
2014-08-03,2014_08_03_DMLST.tif,da816cb1-69da-4151-980e-29d8fee9c220,202883194,2014
2014-08-04,2014_08_04_DMLST.tif,f2fc660c-b582-4b9e-82cd-d4f73b738ffc,202758148,2014
2014-08-05,2014_08_05_DMLST.tif,c7fc84f3-da2b-41c6-af92-33d9682bd6c9,202659266,2014
2014-08-06,2014_08_06_DMLST.tif,0814f92e-a3a9-4a7e-823b-1e2c36d50fa3,202269913,2014
2014-08-07,2014_08_07_DMLST.tif,82652805-95f1-4b44-b4f9-2234241c9910,202220536,2014
2014-08-08,2014_08_08_DMLST.tif,211840a1-77d1-4cbd-bdd2-1ce3893de72f,202530052,2014
2014-08-09,2014_08_09_DMLST.tif,8e502729-24a6-4cf8-8552-cc647968b96a,202658045,2014
2014-08-10,2014_08_10_DMLST.tif,bbc648ca-56ec-47d2-a5b9-cbc2c2ea962e,201325608,2014
2014-08-11,2014_08_11_DMLST.tif,cd46fd65-1e7e-4a10-b80e-5678ebccdbf3,201141684,2014
2014-08-12,2014_08_12_DMLST.tif,a8311225-e1c1-4ed0-9b7c-520bc1ce75f9,201212397,2014
2014-08-13,2014_08_13_DMLST.tif,e3276fac-d627-467f-ad52-cfb9898c22d6,201564766,2014
2014-08-14,2014_08_14_DMLST.tif,7b9c3d79-f839-414f-ad49-e67b5324f702,202129773,2014
2014-08-15,2014_08_15_DMLST.tif,039314c3-7d88-49aa-997e-b5aa0fe32235,201697675,2014
2014-08-16,2014_08_16_DMLST.tif,fa848910-7550-43fc-a218-15bee91d3993,201382857,2014
2014-08-17,2014_08_17_DMLST.tif,17ea15b6-48f4-42c4-872b-f1d2df172d4c,201387900,2014
2014-08-18,2014_08_18_DMLST.tif,81dd62a3-8422-497b-869a-d7e72e2ad3d9,203047547,2014
2014-08-19,2014_08_19_DMLST.tif,ce0f15d0-74fa-44ea-b897-c25729c497f0,202623421,2014
2014-08-20,2014_08_20_DMLST.tif,fa2959fe-73c7-4d74-b6a3-b716492691f2,202097532,2014
2014-08-21,2014_08_21_DMLST.tif,75d4e930-7dcc-452c-bd76-e611a27ff79c,201740849,2014
2014-08-22,2014_08_22_DMLST.tif,2d08b5e2-0bdb-405e-a2e4-a0b082b55003,201719186,2014
2014-08-23,2014_08_23_DMLST.tif,5f0fbc80-b2a8-44e7-b388-46e79e54b4cd,201860298,2014
2014-08-24,2014_08_24_DMLST.tif,9a70f84b-33ff-4639-b1af-9f1841851cfc,201654098,2014
2014-08-25,2014_08_25_DMLST.tif,492e9e69-736b-4c65-8407-a40dbb240b3d,201310621,2014
2014-08-26,2014_08_26_DMLST.tif,522735e2-ae33-43f8-aa69-476b8e598a82,200648556,2014
2014-08-27,2014_08_27_DMLST.tif,40bd15d5-64a9-4af7-9a2e-3200655c6c46,200999436,2014
2014-08-28,2014_08_28_DMLST.tif,ab9a1be4-f482-4245-8d4b-838a4455283a,201317568,2014
2014-08-29,2014_08_29_DMLST.tif,bf7930e4-10c1-4648-8218-e51c4e17f4e4,200730455,2014
2014-08-30,2014_08_30_DMLST.tif,c9044129-f8bf-4b24-90b1-24385d11d554,200743473,2014
2014-08-31,2014_08_31_DMLST.tif,de3b5008-667e-4ee9-a199-b3423e6c5044,200904650,2014
2014-09-01,2014_09_01_DMLST.tif,bcbe60c3-a318-4276-848a-e987b2daaa5a,201128175,2014
2014-09-02,2014_09_02_DMLST.tif,45b38c51-97c6-4c9b-a501-8c67a252fae0,201148091,2014
2014-09-03,2014_09_03_DMLST.tif,dc8a8c7b-548d-41e3-8975-f84595e6aeda,202919569,2014
2014-09-04,2014_09_04_DMLST.tif,52c5c742-4801-43a8-81c3-11ae39cc9181,202768836,2014
2014-09-05,2014_09_05_DMLST.tif,1c8932e9-a4b6-4429-a3c6-972f08eae7fa,202804507,2014
2014-09-06,2014_09_06_DMLST.tif,244de229-3411-440c-a174-8f3600870c97,202785994,2014
2014-09-07,2014_09_07_DMLST.tif,95fa90c7-042c-4129-8d11-1e7c45b60c2f,202715466,2014
2014-09-08,2014_09_08_DMLST.tif,13591fb6-a26f-49a6-ad38-f7b81dc68b4c,202777710,2014
2014-09-09,2014_09_09_DMLST.tif,aa5850df-020a-4271-8fb3-13ed9ea88b0d,203072141,2014
2014-09-10,2014_09_10_DMLST.tif,9a19ee5c-b5bd-43c9-922c-cadaefc58ecc,202886671,2014
2014-09-11,2014_09_11_DMLST.tif,1a534252-dde2-4c38-b8ea-b56b6c0d13e6,201783057,2014
2014-09-12,2014_09_12_DMLST.tif,d2516e7c-2cdd-4452-9681-b336d0f8bd50,201831383,2014
2014-09-13,2014_09_13_DMLST.tif,58b1f8ee-16d0-4613-b5e7-c98620260c75,202250013,2014
2014-09-14,2014_09_14_DMLST.tif,de9595eb-127f-40b1-aa1d-3b6eb91863d3,202222205,2014
2014-09-15,2014_09_15_DMLST.tif,c3b0af60-e26b-4791-ba10-bf3e079c3ed4,201677611,2014
2014-09-16,2014_09_16_DMLST.tif,171a7b82-e9fa-4c88-9e9c-f155aea0a6ec,201840017,2014
2014-09-17,2014_09_17_DMLST.tif,b7c30ddf-df2e-4fb2-bafa-fe04d21d16a6,202238297,2014
2014-09-18,2014_09_18_DMLST.tif,c47df550-26de-4ddc-9575-5da3b2655da3,202442107,2014
2014-09-19,2014_09_19_DMLST.tif,5c566ef8-f70b-4fc3-af72-d3fdc164965e,203497541,2014
2014-09-20,2014_09_20_DMLST.tif,672a8737-6ae8-4cde-b090-b809b0fee3c9,203209592,2014
2014-09-21,2014_09_21_DMLST.tif,1fadd272-c9a2-430b-99c0-8ccce292a8de,203772568,2014
2014-09-22,2014_09_22_DMLST.tif,d29fe282-511e-433b-b534-cb5acc65c20c,204257843,2014
2014-09-23,2014_09_23_DMLST.tif,a4ac0b5d-64ca-44cf-b9e4-ac71031da570,203865084,2014
2014-09-24,2014_09_24_DMLST.tif,129da613-abef-458f-b722-b3b1fd71d33e,203049655,2014
2014-09-25,2014_09_25_DMLST.tif,7cdcceb7-a748-47b9-8120-6f10ce8e8ffc,202514126,2014
2014-09-26,2014_09_26_DMLST.tif,e8b20aab-b402-40fd-8f0d-0e2f74d78796,202492171,2014
2014-09-27,2014_09_27_DMLST.tif,4d2e8bb8-b8d2-4bbf-ae9e-2be7102da038,202409934,2014
2014-09-28,2014_09_28_DMLST.tif,17562bb1-74f6-4008-8f70-8d6a51d7c495,202378755,2014
2014-09-29,2014_09_29_DMLST.tif,7dbfc134-38e1-4ce4-b656-71051b103e6f,202847656,2014
2014-09-30,2014_09_30_DMLST.tif,9bc4d1aa-9c6f-465f-9ba2-e386e19d38c9,203617362,2014
2014-10-01,2014_10_01_DMLST.tif,0a054e85-e835-432c-89e4-06502a28cd70,203692782,2014
2014-10-02,2014_10_02_DMLST.tif,a80204f4-1558-43e4-87db-2a5c0e1f4f4a,204338214,2014
2014-10-03,2014_10_03_DMLST.tif,34fdb6b2-5792-4fc6-b472-2b89789292a0,204727114,2014
2014-10-04,2014_10_04_DMLST.tif,4f25a116-3348-43a7-9b4d-2738a5038028,205053372,2014
2014-10-05,2014_10_05_DMLST.tif,2efaa1f8-41d8-4e3d-a364-be2f0cc5c144,206341007,2014
2014-10-06,2014_10_06_DMLST.tif,2b3b35e7-a15c-4a49-8601-5d4eecf37807,205592548,2014
2014-10-07,2014_10_07_DMLST.tif,f5803d8d-7b1b-43eb-98ca-5cbb3e55fe72,205233045,2014
2014-10-08,2014_10_08_DMLST.tif,3ca98eb1-37dd-4845-86d2-0eaf206ed785,205293423,2014
2014-10-09,2014_10_09_DMLST.tif,c4788bc1-30d8-45fe-819f-a9ce8020c1a5,205800315,2014
2014-10-10,2014_10_10_DMLST.tif,051343a7-b83a-425b-90e2-7dcf49f15b9f,205795678,2014
2014-10-11,2014_10_11_DMLST.tif,a39be2b2-2abe-471a-9501-bb0a70f20b9f,205696921,2014
2014-10-12,2014_10_12_DMLST.tif,13600a35-c106-4cd0-8204-676aef5ccf6f,205716646,2014
2014-10-13,2014_10_13_DMLST.tif,5f7cf741-4676-4561-bfa9-babc16547ae3,205542364,2014
2014-10-14,2014_10_14_DMLST.tif,530c1593-506b-40c2-abdb-b4915b31ab25,205509897,2014
2014-10-15,2014_10_15_DMLST.tif,358cddf3-64ce-48af-aa99-43fd35e68f49,205283044,2014
2014-10-16,2014_10_16_DMLST.tif,392a0c41-657d-44dc-b9d0-4e72227613c7,205200829,2014
2014-10-17,2014_10_17_DMLST.tif,f1dacd93-4a9c-4704-824f-4766c6988065,204817224,2014
2014-10-18,2014_10_18_DMLST.tif,b9d12153-d3a5-4f9d-bdfa-7ab4bad77123,204800049,2014
2014-10-19,2014_10_19_DMLST.tif,e3829ffb-386d-4538-94b3-dd924cc0dc2f,204700954,2014
2014-10-20,2014_10_20_DMLST.tif,3275bc76-3589-4122-a47c-017f557614e2,204728797,2014
2014-10-21,2014_10_21_DMLST.tif,674b74e4-4166-4a60-86ea-9ef17370ac6e,206267882,2014
2014-10-22,2014_10_22_DMLST.tif,2345da09-07d5-4900-b2d2-6f93c68af827,206536260,2014
2014-10-23,2014_10_23_DMLST.tif,659d2c63-ac17-49ea-943a-f55ef04a9347,206238408,2014
2014-10-24,2014_10_24_DMLST.tif,21b20573-5c8b-4ede-bac8-a110c533ce05,205847223,2014
2014-10-25,2014_10_25_DMLST.tif,834c2420-3435-40c4-aac8-4781227ecafb,205587725,2014
2014-10-26,2014_10_26_DMLST.tif,e5717e4b-4ae5-499a-91f2-52caf67eb22d,205917947,2014
2014-10-27,2014_10_27_DMLST.tif,1d2d6685-fd52-4955-b91a-82172dcaf71c,205910547,2014
2014-10-28,2014_10_28_DMLST.tif,97665043-2d12-4d62-9c5b-e1b550e5d3be,205908886,2014
2014-10-29,2014_10_29_DMLST.tif,200e5040-88dc-43a6-b861-fc892cc854f9,205000865,2014
2014-10-30,2014_10_30_DMLST.tif,a20caf84-0797-411f-ba58-3e282d8c9224,204834921,2014
2014-10-31,2014_10_31_DMLST.tif,3fb0e9e7-3632-4631-b431-d0cba336b871,205170848,2014
2014-11-01,2014_11_01_DMLST.tif,b921611c-bd95-4e3a-acde-db1b4c15d5fb,205840365,2014
2014-11-02,2014_11_02_DMLST.tif,a3bf0823-0a71-42a9-a523-8cec3c5858d3,205844473,2014
2014-11-03,2014_11_03_DMLST.tif,f6582923-1adf-46ef-8512-6fbab1d31871,205077822,2014
2014-11-04,2014_11_04_DMLST.tif,0460ae61-46c8-490d-a095-67cfc0e750a5,205127837,2014
2014-11-05,2014_11_05_DMLST.tif,7f9caec5-2fec-4734-ac26-ce81fd7ba9b9,205846623,2014
2014-11-06,2014_11_06_DMLST.tif,e264c832-6a20-4e7d-8ce2-160734d7176a,207238419,2014
2014-11-07,2014_11_07_DMLST.tif,62eb4606-ca7c-455e-9f48-17a269515d11,207347025,2014
2014-11-08,2014_11_08_DMLST.tif,10be37ab-0639-4849-a92d-f70ff6de603e,206499229,2014
2014-11-09,2014_11_09_DMLST.tif,f3ace9ae-eb45-403e-b967-c8fc0a48daee,206463815,2014
2014-11-10,2014_11_10_DMLST.tif,911269ed-b555-4044-b5e4-b1cf6f113ee0,206241143,2014
2014-11-11,2014_11_11_DMLST.tif,7cd34cc7-807a-471c-af31-d2bdd380fbd4,205831990,2014
2014-11-12,2014_11_12_DMLST.tif,4ebdd003-6c5e-45b9-8a61-9f3b77c8f7ff,205399458,2014
2014-11-13,2014_11_13_DMLST.tif,41394712-8485-4167-a41f-4facde7aa1e0,205639910,2014
2014-11-14,2014_11_14_DMLST.tif,89b1b31b-dcbb-4ff1-a213-3501c1bff8be,205209916,2014
2014-11-15,2014_11_15_DMLST.tif,3afa13e0-c578-403d-a6c1-187c59d08594,205152345,2014
2014-11-16,2014_11_16_DMLST.tif,7186904b-e585-4de8-8f90-ae661f6330a2,204647275,2014
2014-11-17,2014_11_17_DMLST.tif,80bbf0f0-85a2-48be-9914-88d9ad64bdcf,204510898,2014
2014-11-18,2014_11_18_DMLST.tif,91182feb-c386-4625-80e2-06495ed67cda,204155681,2014
2014-11-19,2014_11_19_DMLST.tif,42acb096-eccf-42e4-92a7-170743dd04dc,203970468,2014
2014-11-20,2014_11_20_DMLST.tif,3a6592dc-b77c-4ad5-99ae-1eeeac9ad78a,203545788,2014
2014-11-21,2014_11_21_DMLST.tif,ed75ece4-f2f7-4fbc-a0b6-1f00971d1c68,203229607,2014
2014-11-22,2014_11_22_DMLST.tif,d4891639-505b-4055-aaf7-c9aa9356eb90,204154795,2014
2014-11-23,2014_11_23_DMLST.tif,4ceb9510-51f3-42e9-b1ef-cdae94b65c06,203803620,2014
2014-11-24,2014_11_24_DMLST.tif,f2c96bfc-32cd-4b1f-a0a8-616fd8dba6c6,203963871,2014
2014-11-25,2014_11_25_DMLST.tif,2d31dac3-9c07-464a-bd1c-ebd8c40aafe4,204368489,2014
2014-11-26,2014_11_26_DMLST.tif,138be9db-7e38-4c8e-b816-3cae576adc7f,204022226,2014
2014-11-27,2014_11_27_DMLST.tif,51158c16-cebe-4284-9a55-5c96723aa074,203964104,2014
2014-11-28,2014_11_28_DMLST.tif,d3a316f1-3da4-4c4f-9373-00dd5ad2641e,203452637,2014
2014-11-29,2014_11_29_DMLST.tif,e0eb2da2-44c6-4c7b-a510-10dbec3836c7,202738472,2014
2014-11-30,2014_11_30_DMLST.tif,7812aed7-9752-4021-8e7d-adc3d30bf072,202217628,2014
2014-12-01,2014_12_01_DMLST.tif,9b7b9471-c0c4-4ec4-94d6-573a7591b13a,202198584,2014
2014-12-02,2014_12_02_DMLST.tif,fd4f630c-13c9-4606-86a8-0489a0fc7798,202502617,2014
2014-12-03,2014_12_03_DMLST.tif,bf776a40-c268-4cc3-a34d-f02273c71e2c,202571265,2014
2014-12-04,2014_12_04_DMLST.tif,aa1e2c4d-d127-4795-b1fb-ca9259fc7634,203034168,2014
2014-12-05,2014_12_05_DMLST.tif,309f8bd1-1773-4b2b-acd4-0637ea5a9df8,202976774,2014
2014-12-06,2014_12_06_DMLST.tif,55dfed68-8be0-49ce-9c43-0ffbba3ef238,203026634,2014
2014-12-07,2014_12_07_DMLST.tif,e9e932b9-b093-4d91-b4ff-6e4862144a83,203114072,2014
2014-12-08,2014_12_08_DMLST.tif,21de341e-444c-40a6-9251-54606685a39d,203553877,2014
2014-12-09,2014_12_09_DMLST.tif,dc49d6a0-8760-41ff-b1ce-7caabd459601,203786241,2014
2014-12-10,2014_12_10_DMLST.tif,5df9d8fb-8015-4f13-80df-ad087e26bd67,204137683,2014
2014-12-11,2014_12_11_DMLST.tif,0c8a2132-2c1e-45ab-ac89-e6148162b677,204802529,2014
2014-12-12,2014_12_12_DMLST.tif,be6b215c-4d0a-40f1-9052-5dd90ed658e1,205224913,2014
2014-12-13,2014_12_13_DMLST.tif,a1a1fbbc-a22b-4cf4-92d9-e928fa2a6969,205172476,2014
2014-12-14,2014_12_14_DMLST.tif,a4c43648-5eab-4fd9-ab04-c6d9cd9d428c,203907420,2014
2014-12-15,2014_12_15_DMLST.tif,c593c0e3-5383-478e-b1f0-031628505ad8,203513463,2014
2014-12-16,2014_12_16_DMLST.tif,7aaa862c-41bf-468c-be5a-50494408a276,203449512,2014
2014-12-17,2014_12_17_DMLST.tif,1164fbf6-b6a7-44a5-9b95-756fd6431625,203435008,2014
2014-12-18,2014_12_18_DMLST.tif,27b907a4-5c44-42be-b653-d3a18b796bac,203739106,2014
2014-12-19,2014_12_19_DMLST.tif,d88062d9-c1e4-4add-9d88-f25235593534,203747000,2014
2014-12-20,2014_12_20_DMLST.tif,8ade6e9c-2df5-42d0-9f26-30ffa4c677ae,204073952,2014
2014-12-21,2014_12_21_DMLST.tif,2cf0c32f-ef50-4fcc-a0f5-b7322a0a5592,204516548,2014
2014-12-22,2014_12_22_DMLST.tif,5099cce8-6f0d-4c84-ab35-25a867c9f046,205665200,2014
2014-12-23,2014_12_23_DMLST.tif,04462e25-7bfc-429a-aad5-c9b541949933,206418480,2014
2014-12-24,2014_12_24_DMLST.tif,7dcd3813-48bd-4652-91d7-d4b9f0f96d67,206256172,2014
2014-12-25,2014_12_25_DMLST.tif,fc9ba353-4a55-4794-b838-715a9b993a7b,206346385,2014
2014-12-26,2014_12_26_DMLST.tif,793c8794-85d5-49ca-b277-b920b546b466,206226605,2014
2014-12-27,2014_12_27_DMLST.tif,5be0e214-fa56-4236-9868-2b79a0f8ae5c,205186959,2014
2014-12-28,2014_12_28_DMLST.tif,ecb0e8d5-70e3-4764-9e08-f5656155accb,204215379,2014
2014-12-29,2014_12_29_DMLST.tif,47af2135-7c9a-4d9a-8325-8de39084adcc,202947089,2014
2014-12-30,2014_12_30_DMLST.tif,d32e150b-be59-45db-b72a-9d464b7bec12,202086890,2014
2014-12-31,2014_12_31_DMLST.tif,a00e0b5f-d9bd-48f6-b162-0d5cc0f0a685,201989367,2014
2015-01-01,2015_01_01_DMLST.tif,b4fc23ac-233c-4da6-830e-6b9b73e186f4,202513995,2015
2015-01-02,2015_01_02_DMLST.tif,d6210bc5-ee6e-441c-bff7-dd33ca02b04e,202731952,2015
2015-01-03,2015_01_03_DMLST.tif,8271701b-9c53-4304-adf7-9566693bcb14,203446467,2015
2015-01-04,2015_01_04_DMLST.tif,023e0a38-b8d9-4b02-a0c7-b6899e65eff4,203486382,2015
2015-01-05,2015_01_05_DMLST.tif,295ff8f8-7c8b-4051-9eaa-4e620d2d357e,203427826,2015
2015-01-06,2015_01_06_DMLST.tif,c30132a9-944e-41ef-b7b0-379371b1a0ae,203333602,2015
2015-01-07,2015_01_07_DMLST.tif,f33d4984-5f72-408b-ad17-aaac893797d7,203139374,2015
2015-01-08,2015_01_08_DMLST.tif,498e11d2-1a99-4e68-b20a-ce5651ee7715,203468694,2015
2015-01-09,2015_01_09_DMLST.tif,545a83fa-d54e-4cd5-b9d4-fd527b4e3328,203754953,2015
2015-01-10,2015_01_10_DMLST.tif,010e6c64-1d6f-4e47-b1c5-ffe6e4dcbe2b,204730430,2015
2015-01-11,2015_01_11_DMLST.tif,4d6424a5-1841-456a-86d0-5bc5a71233e1,205488542,2015
2015-01-12,2015_01_12_DMLST.tif,119d033c-5433-4f2f-a50b-59ea0f3fcba0,205790202,2015
2015-01-13,2015_01_13_DMLST.tif,8b82dbca-05dc-4835-b6ef-6732c9658c16,205273493,2015
2015-01-14,2015_01_14_DMLST.tif,64cb65a1-2c78-4954-853f-9ad5cb3cf657,204881574,2015
2015-01-15,2015_01_15_DMLST.tif,668e36ab-0301-4357-bd91-510eed3ba9c6,204765199,2015
2015-01-16,2015_01_16_DMLST.tif,1c89b7eb-59d3-45fc-9344-0c9c5280a392,204944189,2015
2015-01-17,2015_01_17_DMLST.tif,d6223a3a-a0a5-41a1-b5b1-24af826a2fcf,204974339,2015
2015-01-18,2015_01_18_DMLST.tif,acbbb331-4dd0-4758-9c78-3da937bcdd42,204811363,2015
2015-01-19,2015_01_19_DMLST.tif,5e6d6f76-54cc-4a4a-8512-8f5a60e17549,204444114,2015
2015-01-20,2015_01_20_DMLST.tif,179e7a3b-9569-48e2-94a1-9824d57a8624,204342126,2015
2015-01-21,2015_01_21_DMLST.tif,f36d0b17-35f2-4604-8f46-7d42d6ad0e89,204353137,2015
2015-01-22,2015_01_22_DMLST.tif,d86bd4c3-51ba-4f00-b0fa-adfcf0b42b90,203820092,2015
2015-01-23,2015_01_23_DMLST.tif,34927cd0-2993-45c5-80a4-6b3cb7a98573,203263550,2015
2015-01-24,2015_01_24_DMLST.tif,6a514757-c7b6-47a9-a6a9-b7d744f9c5a4,203088057,2015
2015-01-25,2015_01_25_DMLST.tif,9ee481ae-2281-4c61-96ad-922cb4a73f22,203571557,2015
2015-01-26,2015_01_26_DMLST.tif,53da6a51-a510-46e8-b8a4-563efe886d6d,203541056,2015
2015-01-27,2015_01_27_DMLST.tif,ec1b213b-f49e-429e-abba-03af3920edae,203419150,2015
2015-01-28,2015_01_28_DMLST.tif,05527e8b-8175-4f52-8e3c-b6ae1724c86d,203530331,2015
2015-01-29,2015_01_29_DMLST.tif,7581d8b4-d17b-4ba2-b587-2ea2e77ffd0c,203663668,2015
2015-01-30,2015_01_30_DMLST.tif,b571d2ca-b6eb-473f-a258-5e65d29bd908,202998897,2015
2015-01-31,2015_01_31_DMLST.tif,66a9561b-d2a2-4311-95ed-835e2e4152c2,202657237,2015
2015-02-01,2015_02_01_DMLST.tif,5b966397-9569-4356-bba7-9ce796db4d39,202181990,2015
2015-02-02,2015_02_02_DMLST.tif,31d9ce28-cd4f-4ee8-9c7b-dfdef1b08c7b,202213190,2015
2015-02-03,2015_02_03_DMLST.tif,b5b1e51c-1a26-480a-9fd5-6b443c3723d7,202487019,2015
2015-02-04,2015_02_04_DMLST.tif,16ea4915-6b2d-41e0-b51f-452de140b03b,202391500,2015
2015-02-05,2015_02_05_DMLST.tif,2d3490c0-4072-44b6-9be1-18eab6d539ab,201877421,2015
2015-02-06,2015_02_06_DMLST.tif,dada69ef-6e71-471b-9426-63aaa5d8336b,201241655,2015
2015-02-07,2015_02_07_DMLST.tif,3fcc9030-fdd0-44a0-b4af-14cb2f65dd88,201597125,2015
2015-02-08,2015_02_08_DMLST.tif,f3fe75b8-d41b-41f0-9cdb-b1565d19d84a,201961242,2015
2015-02-09,2015_02_09_DMLST.tif,e30311ad-3faa-43a0-8b91-a33b2893d459,202674316,2015
2015-02-10,2015_02_10_DMLST.tif,40bd2604-355e-421a-bf68-7ec6da33ad19,203209186,2015
2015-02-11,2015_02_11_DMLST.tif,1c56fc14-2756-46bd-bf43-e19026da47bd,203509212,2015
2015-02-12,2015_02_12_DMLST.tif,537d3eb5-e037-473c-a362-6ceb2f04f89f,203496694,2015
2015-02-13,2015_02_13_DMLST.tif,a9370882-3c55-44a9-97fd-3140ed5c7d93,203967399,2015
2015-02-14,2015_02_14_DMLST.tif,62010891-b4f9-48c2-8b10-174ccd8ee5e3,203736388,2015
2015-02-15,2015_02_15_DMLST.tif,b31f3dc2-0439-4c9d-8b27-dc8fee1b043c,202023443,2015
2015-02-16,2015_02_16_DMLST.tif,9ed2a060-77b4-47aa-80fa-29c6fd0307e0,201512831,2015
2015-02-17,2015_02_17_DMLST.tif,6737aff8-675f-4982-b60c-58817f7824a1,201588265,2015
2015-02-18,2015_02_18_DMLST.tif,4cbccdce-e0c1-424b-85b4-c6daf88f0597,201878085,2015
2015-02-19,2015_02_19_DMLST.tif,7a27e2c8-ba5a-4c80-b6f6-26235b737788,202404310,2015
2015-02-20,2015_02_20_DMLST.tif,9ceefeca-d240-4ceb-9aa7-799c4207959a,202679801,2015
2015-02-21,2015_02_21_DMLST.tif,029e8d02-9c84-4c17-a385-b8d8a46eef11,202353788,2015
2015-02-22,2015_02_22_DMLST.tif,4b3872a3-bcba-4f88-8536-cfba1f6adfe6,202764814,2015
2015-02-23,2015_02_23_DMLST.tif,3b364bdb-9c77-462c-9d7b-0ad625cd82f6,203939468,2015
2015-02-24,2015_02_24_DMLST.tif,b3578f14-d398-4086-93a8-8efcc5294442,204059622,2015
2015-02-25,2015_02_25_DMLST.tif,86603b39-8b6d-454a-ba4e-4a9883b3f8be,203615599,2015
2015-02-26,2015_02_26_DMLST.tif,639ba184-4f95-4ce3-802f-c0d4f5888380,203264564,2015
2015-02-27,2015_02_27_DMLST.tif,95d7e5c3-048c-468d-94a2-c0ca680a6c23,203361351,2015
2015-02-28,2015_02_28_DMLST.tif,dd992b32-970f-47be-bbef-0d02e70ddcce,203601855,2015
2015-03-01,2015_03_01_DMLST.tif,8025fcd2-e4de-4182-b0d6-2bea9b5e5be8,203707263,2015
2015-03-02,2015_03_02_DMLST.tif,3e35da34-baf7-4312-8bc0-f40610652ce3,203098816,2015
2015-03-03,2015_03_03_DMLST.tif,36f1b671-8691-4ffe-8676-52b34d7c7ce3,201431307,2015
2015-03-04,2015_03_04_DMLST.tif,30ad208e-91bb-42fc-9ed8-dbe67774ac64,201690548,2015
2015-03-05,2015_03_05_DMLST.tif,522967b4-ff98-47f2-8906-8627b3e5817f,202201048,2015
2015-03-06,2015_03_06_DMLST.tif,09b12551-ab82-49ac-ab0b-33dff46b0238,202355115,2015
2015-03-07,2015_03_07_DMLST.tif,3ecfacc1-22c0-4918-bbfa-52932cb649cb,202559537,2015
2015-03-08,2015_03_08_DMLST.tif,c685722a-8cef-4eef-83d5-0838b8c44b40,202278338,2015
2015-03-09,2015_03_09_DMLST.tif,ff8df248-9355-47c6-a363-095863d1cb72,202283960,2015
2015-03-10,2015_03_10_DMLST.tif,92d341bf-4662-43ce-919e-788d2fd775e1,203057353,2015
2015-03-11,2015_03_11_DMLST.tif,daa92b5c-e129-4036-8535-2170093ea540,204422221,2015
2015-03-12,2015_03_12_DMLST.tif,56d201da-e8d9-457b-90fc-cbc49ed9c16b,204753713,2015
2015-03-13,2015_03_13_DMLST.tif,2a73793d-8fca-410a-9e85-ca43da3565b8,204979037,2015
2015-03-14,2015_03_14_DMLST.tif,8aa7063d-a2e0-4fbc-99e8-fb0251042d9e,205246571,2015
2015-03-15,2015_03_15_DMLST.tif,b8d07475-e988-4c34-a9ba-9029bd4231ba,204984318,2015
2015-03-16,2015_03_16_DMLST.tif,77a7d07c-dc36-44e1-a05b-393b6ee091b8,204321723,2015
2015-03-17,2015_03_17_DMLST.tif,35182818-3770-4772-95ae-2fd97e20ee41,204347322,2015
2015-03-18,2015_03_18_DMLST.tif,c87f8a2f-838c-4bc5-aaa6-7d6c2b7425ea,204377612,2015
2015-03-19,2015_03_19_DMLST.tif,b80ef24a-f9c2-44a4-96d4-9d39dd91e41b,203442337,2015
2015-03-20,2015_03_20_DMLST.tif,19656950-cccf-4ccc-b234-a5385392a3ad,203751722,2015
2015-03-21,2015_03_21_DMLST.tif,fa0744db-a158-4dbf-8e8e-680d090254f4,203647729,2015
2015-03-22,2015_03_22_DMLST.tif,9569cb1f-401b-4de9-9bd0-ed3d58aa5a94,203966710,2015
2015-03-23,2015_03_23_DMLST.tif,52559dae-543c-4250-8352-f02499407245,204740000,2015
2015-03-24,2015_03_24_DMLST.tif,71f97adb-3e67-4fdd-9241-5dd3b56a7b5e,205009687,2015
2015-03-25,2015_03_25_DMLST.tif,94009dc5-bd70-4a30-a7d4-58014c3e0b7d,205089641,2015
2015-03-26,2015_03_26_DMLST.tif,7bc91d6e-c285-4e0a-a9f2-d5c98f9f689b,204999757,2015
2015-03-27,2015_03_27_DMLST.tif,fe4ad95c-2695-42b2-9a1b-2be922c1c629,205938067,2015
2015-03-28,2015_03_28_DMLST.tif,fbd72073-8855-42a6-a7b1-598328ca3074,205431497,2015
2015-03-29,2015_03_29_DMLST.tif,bf32ed75-f2d1-4dce-8447-b11dc04fac1e,205675646,2015
2015-03-30,2015_03_30_DMLST.tif,b9994c18-eff8-4810-a22e-13ff07a826a0,205572067,2015
2015-03-31,2015_03_31_DMLST.tif,90f19564-4f55-453b-a5a9-48917b488776,205321434,2015
2015-04-01,2015_04_01_DMLST.tif,5e64dea9-525d-4620-a63b-01239c0caaef,205140871,2015
2015-04-02,2015_04_02_DMLST.tif,9bdf39e6-0f6e-432b-b320-5755831c3ca1,204910202,2015
2015-04-03,2015_04_03_DMLST.tif,3b90550c-fc65-4c9b-a6ca-ab3dc33a40b8,204681025,2015
2015-04-04,2015_04_04_DMLST.tif,6ffd5804-2b13-4ed7-a510-1e5af7856f97,203398083,2015
2015-04-05,2015_04_05_DMLST.tif,e97f39ae-87fd-40ed-9b50-4f616b8ef3ee,203061753,2015
2015-04-06,2015_04_06_DMLST.tif,2d8f23b3-642b-4eed-ba0b-1fe0824ea63c,203580087,2015
2015-04-07,2015_04_07_DMLST.tif,eb619a7d-a988-4408-807f-3f2b9618d92d,204350450,2015
2015-04-08,2015_04_08_DMLST.tif,19e8b63c-4612-4678-a437-56ec5f5af4ba,204625753,2015
2015-04-09,2015_04_09_DMLST.tif,9fe4448e-64b4-43bc-ad5b-d4151c6d7db1,205025569,2015
2015-04-10,2015_04_10_DMLST.tif,61e87c44-6498-4e51-a333-2434a186492b,205903092,2015
2015-04-11,2015_04_11_DMLST.tif,78a4f06f-0bd0-4a47-b24e-df2c8856b8e8,206037982,2015
2015-04-12,2015_04_12_DMLST.tif,33a95ca8-95b8-43e0-8f8d-8cccb004d740,206985789,2015
2015-04-13,2015_04_13_DMLST.tif,186357fa-d69e-4973-80da-677dc69255ca,207067123,2015
2015-04-14,2015_04_14_DMLST.tif,85f239e1-452e-4b58-8217-a3013d0aab4b,206550935,2015
2015-04-15,2015_04_15_DMLST.tif,6c124fbe-1485-4b41-a9fb-13c34f48dbbc,206211210,2015
2015-04-16,2015_04_16_DMLST.tif,6aba7561-10b9-4344-b9e6-7cf03047251f,206177928,2015
2015-04-17,2015_04_17_DMLST.tif,4331f13a-e1df-4612-9069-213288f3ae6b,206188352,2015
2015-04-18,2015_04_18_DMLST.tif,49fe9ff3-1d7e-4ecb-a53a-160717ea28ec,206104389,2015
2015-04-19,2015_04_19_DMLST.tif,c07148ba-f72b-4a6b-9496-c5a099f654b6,206313629,2015
2015-04-20,2015_04_20_DMLST.tif,48d428a4-75bb-4745-98e4-10fb2f83158c,205588141,2015
2015-04-21,2015_04_21_DMLST.tif,48088ec6-d139-4ef0-9a32-063a3c87fdc2,205726608,2015
2015-04-22,2015_04_22_DMLST.tif,9cfdd35d-3fcc-4c1f-a98e-113bcf174b4c,205445618,2015
2015-04-23,2015_04_23_DMLST.tif,f8f2bb84-485e-4831-94c7-50781ac7b0c6,204904230,2015
2015-04-24,2015_04_24_DMLST.tif,99995eb4-9546-4af8-a64b-d68892a39da5,205010540,2015
2015-04-25,2015_04_25_DMLST.tif,18570183-aaaa-4492-9bb8-57900d70850a,205547416,2015
2015-04-26,2015_04_26_DMLST.tif,5f4d0654-9647-4316-a060-6f551839faf8,205847934,2015
2015-04-27,2015_04_27_DMLST.tif,4a9fc51d-5a7e-4006-97f5-88693f9359be,205774127,2015
2015-04-28,2015_04_28_DMLST.tif,434de626-f967-47c9-87ad-2b90e70c19a1,205973683,2015
2015-04-29,2015_04_29_DMLST.tif,32d8dd76-9b87-4894-bee2-12269884ee0c,205598159,2015
2015-04-30,2015_04_30_DMLST.tif,bfad751d-af1e-439a-af46-e8e7b65bb344,205699711,2015
2015-05-01,2015_05_01_DMLST.tif,652bc083-6ab6-4013-8c7c-cd7fe863021a,205442682,2015
2015-05-02,2015_05_02_DMLST.tif,6db155c5-6927-408a-9786-b48f68f19e5e,204945317,2015
2015-05-03,2015_05_03_DMLST.tif,eb4ba557-c1e3-48b7-8784-e54895bab589,205372813,2015
2015-05-04,2015_05_04_DMLST.tif,7b8b24c2-caac-45e9-abe2-d5dd32ffbcb0,205590234,2015
2015-05-05,2015_05_05_DMLST.tif,a296469d-1aba-4a55-b685-f67ddff8d8c8,205753811,2015
2015-05-06,2015_05_06_DMLST.tif,a06067a2-ebb9-40a5-8690-ec3668f6a8b7,205850891,2015
2015-05-07,2015_05_07_DMLST.tif,bd2523c6-58b6-4f07-a1a5-394caa7bc9b5,205984619,2015
2015-05-08,2015_05_08_DMLST.tif,1c05f668-20bc-48e5-8ee5-eb1d8c36aef7,206024467,2015
2015-05-09,2015_05_09_DMLST.tif,adcd5aa2-570f-4303-a3c5-3beafe916279,206071503,2015
2015-05-10,2015_05_10_DMLST.tif,91d7e2c9-7e93-4190-9433-c9de523da7c4,206145968,2015
2015-05-11,2015_05_11_DMLST.tif,6407dfd3-bb47-4191-a203-bede36beda74,206153504,2015
2015-05-12,2015_05_12_DMLST.tif,6a35a026-1e71-44ca-8cce-f9700d51cc93,206061344,2015
2015-05-13,2015_05_13_DMLST.tif,a39a7496-ec65-46cf-a2dd-4dc7a3fefc20,206228939,2015
2015-05-14,2015_05_14_DMLST.tif,4ddaeac5-56f0-4873-bd78-7774a9c98ebe,206794807,2015
2015-05-15,2015_05_15_DMLST.tif,700f585b-8dd6-4f24-a851-4ecec355f68c,206650872,2015
2015-05-16,2015_05_16_DMLST.tif,1b5e1027-d480-49a4-be83-c2e94628607d,206278076,2015
2015-05-17,2015_05_17_DMLST.tif,4ac2e8a4-ebd5-4335-b3b5-a0bf70107d07,206177320,2015
2015-05-18,2015_05_18_DMLST.tif,d89ff19b-d045-42c9-acb3-9f3138999497,206102095,2015
2015-05-19,2015_05_19_DMLST.tif,cd2ae730-deec-40ea-ac78-bf64a5d52c8e,206056229,2015
2015-05-20,2015_05_20_DMLST.tif,342607be-b63c-4b65-81a5-cb672b8b585e,205841731,2015
2015-05-21,2015_05_21_DMLST.tif,cf47bddc-6f88-4c69-9695-6197163c924b,206011648,2015
2015-05-22,2015_05_22_DMLST.tif,4f427cb4-94f3-4f70-88d1-1d320ff78454,205096837,2015
2015-05-23,2015_05_23_DMLST.tif,d4c62381-d8dc-487c-a7ba-bf401858f20d,205143729,2015
2015-05-24,2015_05_24_DMLST.tif,2bc811fa-7623-4ae3-8abc-e9b084385130,204779076,2015
2015-05-25,2015_05_25_DMLST.tif,a1c361b6-1832-4e33-af55-3a8a6201352e,204697316,2015
2015-05-26,2015_05_26_DMLST.tif,9d945a48-c279-4519-a059-c5ad96fd64c7,204626381,2015
2015-05-27,2015_05_27_DMLST.tif,7b81dc1f-69b5-4720-b16b-e404c1b4af3b,204554582,2015
2015-05-28,2015_05_28_DMLST.tif,95e38e0b-40f0-45c5-8751-2db6255383fa,204684805,2015
2015-05-29,2015_05_29_DMLST.tif,6a315b0a-3a57-42d0-bfbe-3ffd9b692a13,204795089,2015
2015-05-30,2015_05_30_DMLST.tif,65b676c2-7d3b-4faa-96d3-0a29dd6a7300,204775716,2015
2015-05-31,2015_05_31_DMLST.tif,3b042137-f83d-461d-8f80-bff36a0d8bed,204833517,2015
2015-06-01,2015_06_01_DMLST.tif,413fb1d1-3a41-49e1-9450-6846e21eb17f,205105156,2015
2015-06-02,2015_06_02_DMLST.tif,50ab3371-102a-43cf-837d-14ff690e4f5a,205272110,2015
2015-06-03,2015_06_03_DMLST.tif,f81e3535-adaa-4494-a0cd-2002479c96e6,205232909,2015
2015-06-04,2015_06_04_DMLST.tif,ebedaa84-9ba4-4f45-a3a4-1c8f9d58cdd8,204940259,2015
2015-06-05,2015_06_05_DMLST.tif,004b9e21-f46b-41e5-9c55-cf2f5efb8dea,205139252,2015
2015-06-06,2015_06_06_DMLST.tif,eb9a7c1f-bb71-4214-86f2-2bfaeb858ba1,204926255,2015
2015-06-07,2015_06_07_DMLST.tif,c28c19c4-2c4f-496d-bd81-f9e808185bc9,203776907,2015
2015-06-08,2015_06_08_DMLST.tif,d4901740-9128-4748-b196-5f69dfdc5b52,203755927,2015
2015-06-09,2015_06_09_DMLST.tif,9972736d-f042-496c-b3c1-77228bd454fd,203561693,2015
2015-06-10,2015_06_10_DMLST.tif,556f5e71-4502-4719-9273-832f5fba99a1,203500680,2015
2015-06-11,2015_06_11_DMLST.tif,9498dc56-61ea-4870-a991-6bd6401a8090,203597534,2015
2015-06-12,2015_06_12_DMLST.tif,ab0c4ede-820c-437f-bf08-b545554ddfbd,203763611,2015
2015-06-13,2015_06_13_DMLST.tif,244a161d-4e03-4407-95c8-04336c823c46,203783207,2015
2015-06-14,2015_06_14_DMLST.tif,708f0392-c794-4fbf-85d4-578c7dc21076,204064419,2015
2015-06-15,2015_06_15_DMLST.tif,664ae0ab-1224-4b8d-8f99-f27e4a678522,204309983,2015
2015-06-16,2015_06_16_DMLST.tif,7158abb6-4485-49b3-b99a-b30c5c902bc0,204251038,2015
2015-06-17,2015_06_17_DMLST.tif,e89bfd95-3bf6-47d1-88c3-a11c3bcd82bf,203889125,2015
2015-06-18,2015_06_18_DMLST.tif,8701a28b-5b04-428e-89aa-61c27cbec81c,203682253,2015
2015-06-19,2015_06_19_DMLST.tif,3c19addb-d57e-453e-9024-e491e0dcb512,203315730,2015
2015-06-20,2015_06_20_DMLST.tif,678b7a50-59af-4750-adce-875e1ce6e2c8,203650435,2015
2015-06-21,2015_06_21_DMLST.tif,ef8e1735-b894-4ba6-9fd5-10dab7223d8b,203618834,2015
2015-06-22,2015_06_22_DMLST.tif,76f027fd-65a0-4c80-a288-ade5b7f29f64,203711259,2015
2015-06-23,2015_06_23_DMLST.tif,ba1bc16b-2337-4e1a-b0dd-1c3fdbc21da2,202495058,2015
2015-06-24,2015_06_24_DMLST.tif,e7e1b2f0-004f-40bc-aedb-20aa6f9aab6c,202501084,2015
2015-06-25,2015_06_25_DMLST.tif,6fbe6cae-4664-47f0-b567-1f988a650182,202758139,2015
2015-06-26,2015_06_26_DMLST.tif,07a4b815-8768-4c96-aa27-dc7bef8494f7,203234299,2015
2015-06-27,2015_06_27_DMLST.tif,f655a0fd-d228-4451-99ac-e2145fa348ef,202956198,2015
2015-06-28,2015_06_28_DMLST.tif,22a2226c-35cc-4831-9fcf-758e6f3a3c2a,202616975,2015
2015-06-29,2015_06_29_DMLST.tif,6cbdb613-507c-4669-a9b5-4622ccaf10d9,202233400,2015
2015-06-30,2015_06_30_DMLST.tif,6750a83a-670f-4995-8eaa-68a26be2d521,202091480,2015
2015-07-01,2015_07_01_DMLST.tif,48e5f2ff-5394-4318-adc6-f8f93091da3f,202978716,2015
2015-07-02,2015_07_02_DMLST.tif,c8db7e14-65d5-4627-89a4-fedd01908c40,203082416,2015
2015-07-03,2015_07_03_DMLST.tif,eca92c4c-b3c3-4d17-bfc9-7721940ff65e,203594061,2015
2015-07-04,2015_07_04_DMLST.tif,eef908f0-c48e-460c-94cf-712f5837ea2d,203815153,2015
2015-07-05,2015_07_05_DMLST.tif,38fb9df0-de08-4271-b680-890ec757f48d,203775755,2015
2015-07-06,2015_07_06_DMLST.tif,d3c87b31-d396-4eb8-8bcf-a3ce0c1dccaa,203332259,2015
2015-07-07,2015_07_07_DMLST.tif,0d32d200-e733-4e93-8fba-81e727a163fb,202982693,2015
2015-07-08,2015_07_08_DMLST.tif,70b94913-08e8-4fd0-a186-2cc4e9189183,203331964,2015
2015-07-09,2015_07_09_DMLST.tif,451d7630-2085-44f8-a12a-d0050f86aa98,202290114,2015
2015-07-10,2015_07_10_DMLST.tif,6add957f-8f18-4d5f-bb79-7b6e87a4c7ab,201819424,2015
2015-07-11,2015_07_11_DMLST.tif,2c1e2680-5218-4dd0-8093-4def1626d758,201921572,2015
2015-07-12,2015_07_12_DMLST.tif,fb43e94a-3297-4ff8-9c05-6858106b307b,201742219,2015
2015-07-13,2015_07_13_DMLST.tif,dfd6a6a4-1820-413b-8176-9dc48628fde5,201749078,2015
2015-07-14,2015_07_14_DMLST.tif,f8d22a3d-7225-439e-a377-2074dac34c02,201504491,2015
2015-07-15,2015_07_15_DMLST.tif,568983f4-4a33-4052-b63d-34337cdba754,201684900,2015
2015-07-16,2015_07_16_DMLST.tif,0825931a-3784-459a-b9d7-5ca32bc5d974,201762627,2015
2015-07-17,2015_07_17_DMLST.tif,dd024d8a-9380-4b3b-bbf7-23191f73a51f,202620144,2015
2015-07-18,2015_07_18_DMLST.tif,555907c1-1768-428a-b842-c77c69ebd5a6,202738291,2015
2015-07-19,2015_07_19_DMLST.tif,94c373b6-994d-46ae-a98d-dbdc5f06c224,202866883,2015
2015-07-20,2015_07_20_DMLST.tif,66452de6-e603-4038-a890-7b5116ec7bee,202988765,2015
2015-07-21,2015_07_21_DMLST.tif,5e6c4b3e-c619-4e7b-976f-8084a2974a4f,203208934,2015
2015-07-22,2015_07_22_DMLST.tif,dae3f219-6aad-4d11-b5c8-9feca545e550,202805406,2015
2015-07-23,2015_07_23_DMLST.tif,c4838a10-8ef1-419c-9504-ddf63b629a55,202621747,2015
2015-07-24,2015_07_24_DMLST.tif,b7af3dc1-029b-444a-8576-06ebe8186e18,202426111,2015
2015-07-25,2015_07_25_DMLST.tif,77beddab-fd9c-491d-ac53-2c1832c03752,200983779,2015
2015-07-26,2015_07_26_DMLST.tif,b134b367-1cf7-4c63-8295-3893405a1254,200954936,2015
2015-07-27,2015_07_27_DMLST.tif,f992fde3-5571-4af0-aea1-655ccbf28e47,200657407,2015
2015-07-28,2015_07_28_DMLST.tif,314c4d2b-5f84-43c0-8371-33aed9add6ef,200771248,2015
2015-07-29,2015_07_29_DMLST.tif,3cc1047c-32d7-409b-8ac7-fcda32b99d9c,200838433,2015
2015-07-30,2015_07_30_DMLST.tif,56fe116b-31c0-411b-ac33-28c2a3aed0dc,200730177,2015
2015-07-31,2015_07_31_DMLST.tif,11209514-bf78-46bb-adfb-2b9fa649eaf4,200773001,2015
2015-08-01,2015_08_01_DMLST.tif,612d3886-4b19-4716-b821-81103c1dfe86,200617841,2015
2015-08-02,2015_08_02_DMLST.tif,1b4c6900-2b30-4bb3-ae07-6b60a11b9e8d,201136776,2015
2015-08-03,2015_08_03_DMLST.tif,bbdfd889-b9fc-4744-ace8-81eca7615f2f,201130959,2015
2015-08-04,2015_08_04_DMLST.tif,94c8db12-1374-480c-8511-00b3e0286ae7,201108723,2015
2015-08-05,2015_08_05_DMLST.tif,48809814-4fc5-4f97-8eb6-dbdd9c08192f,201253105,2015
2015-08-06,2015_08_06_DMLST.tif,4856a05f-a6cb-4213-8618-785e41c2b569,201540389,2015
2015-08-07,2015_08_07_DMLST.tif,339e3245-7e1d-4bec-8ee4-8dd59b610a38,201686863,2015
2015-08-08,2015_08_08_DMLST.tif,aeec674d-ec65-4092-b135-df19b57cc268,201658363,2015
2015-08-09,2015_08_09_DMLST.tif,6005d353-4ce3-48a2-bbaf-59d67cf0a058,201676910,2015
2015-08-10,2015_08_10_DMLST.tif,7655dee6-60f8-45c1-9065-77da87360802,199889876,2015
2015-08-11,2015_08_11_DMLST.tif,339ee8cf-e023-4c7a-9038-9555c51bfac6,199910458,2015
2015-08-12,2015_08_12_DMLST.tif,ff8e7425-bd0b-4c21-b442-a26af4f9945e,200059535,2015
2015-08-13,2015_08_13_DMLST.tif,36db9a85-4160-4f46-a79c-b740c49a413c,199686097,2015
2015-08-14,2015_08_14_DMLST.tif,e32a0b39-01bc-446f-9a31-9b48f53c8a6a,199500690,2015
2015-08-15,2015_08_15_DMLST.tif,9e2d210b-066b-4997-ace5-2db7f548da8a,199502446,2015
2015-08-16,2015_08_16_DMLST.tif,c76a8d9f-1232-4fc0-9822-631d586dec95,199215098,2015
2015-08-17,2015_08_17_DMLST.tif,f1f42a16-4854-4e7e-818d-262f44b9a671,199310557,2015
2015-08-18,2015_08_18_DMLST.tif,2f765eec-a90d-41e5-bc3c-d19fcc4b250c,201007461,2015
2015-08-19,2015_08_19_DMLST.tif,37fc0d1d-cc39-424d-bcce-a5a925f38976,200877939,2015
2015-08-20,2015_08_20_DMLST.tif,c704b5d9-464b-4f14-b89f-0a352eafa87b,200386759,2015
2015-08-21,2015_08_21_DMLST.tif,3850f46b-4af7-44d6-a83d-d7a1e14c74a7,200380683,2015
2015-08-22,2015_08_22_DMLST.tif,f342393d-bc03-4984-a449-7e6c9f4718c9,201156400,2015
2015-08-23,2015_08_23_DMLST.tif,21457b5d-5322-4f01-a281-cedf8d2ed80a,201129693,2015
2015-08-24,2015_08_24_DMLST.tif,caecd8c2-62b4-439a-881f-a06e60c786d9,201322331,2015
2015-08-25,2015_08_25_DMLST.tif,87512273-be57-434d-b0a4-a9e59851ea8b,201824791,2015
2015-08-26,2015_08_26_DMLST.tif,b3d0bc43-e5f7-467f-ba3c-a865906c4fda,201311947,2015
2015-08-27,2015_08_27_DMLST.tif,ea35be6a-0add-454c-b5d9-e95324553d02,201047430,2015
2015-08-28,2015_08_28_DMLST.tif,ec6f9486-4499-4e3f-ab28-c6b8f91d1fa4,200841781,2015
2015-08-29,2015_08_29_DMLST.tif,14050e10-c592-450e-acd2-494ab2320658,200819895,2015
2015-08-30,2015_08_30_DMLST.tif,39548441-4f48-45fa-84b7-5fb30f8d528a,200891389,2015
2015-08-31,2015_08_31_DMLST.tif,36034304-94ad-468e-8114-264d9b36b620,201471934,2015
2015-09-01,2015_09_01_DMLST.tif,97a98cf2-ff48-4758-8f14-5c7139c2e536,201538706,2015
2015-09-02,2015_09_02_DMLST.tif,808c5899-30e9-40c4-99d3-e0c33945d4e4,201424607,2015
2015-09-03,2015_09_03_DMLST.tif,c32caab3-7f4b-4afe-8a13-7f084dabfe04,202508098,2015
2015-09-04,2015_09_04_DMLST.tif,d5f376a5-9ef4-4229-aaa0-34b9fc57711b,202154212,2015
2015-09-05,2015_09_05_DMLST.tif,f64d285d-4f74-422c-aee3-43ca625beecd,202412830,2015
2015-09-06,2015_09_06_DMLST.tif,81e6c076-67e6-470a-bb09-dd27300f3730,202564261,2015
2015-09-07,2015_09_07_DMLST.tif,ecb9cd18-0863-4f22-b582-500ac4217b82,202583368,2015
2015-09-08,2015_09_08_DMLST.tif,aabca301-6399-4bad-a458-be7e3ec5f0ac,202298828,2015
2015-09-09,2015_09_09_DMLST.tif,3022b0d1-53e4-4980-b7c6-56753b421ac7,202158645,2015
2015-09-10,2015_09_10_DMLST.tif,75b66c2b-c8c9-4728-8f4f-83462ea49a20,201926001,2015
2015-09-11,2015_09_11_DMLST.tif,98071cb1-97a9-491d-aadb-a9b7325015f3,201501138,2015
2015-09-12,2015_09_12_DMLST.tif,9b8349b4-fda3-4ca0-9a55-42350064549f,201652390,2015
2015-09-13,2015_09_13_DMLST.tif,198c07de-d6fa-4aed-805e-52c2b1237459,201448178,2015
2015-09-14,2015_09_14_DMLST.tif,b7007fb6-e581-4d35-81a0-8c24fc18898f,201556422,2015
2015-09-15,2015_09_15_DMLST.tif,0af7055f-8bec-4922-9631-9fb01440d5a4,201757308,2015
2015-09-16,2015_09_16_DMLST.tif,867e844f-0396-4c5b-8fea-31f5eb4b6744,201737268,2015
2015-09-17,2015_09_17_DMLST.tif,9ab12ee2-0c43-4623-8ff3-cb69bf2bd54e,201842232,2015
2015-09-18,2015_09_18_DMLST.tif,089bad75-dda1-406e-95be-c2f206f76aae,201563319,2015
2015-09-19,2015_09_19_DMLST.tif,21303f45-b850-4fe6-b88e-9de1b15c7b04,202381701,2015
2015-09-20,2015_09_20_DMLST.tif,6a019e7b-b421-4ad4-9da5-59fb8ebd82b3,202373075,2015
2015-09-21,2015_09_21_DMLST.tif,6bdbc1d7-6862-4c69-b846-44089ec6405f,202433875,2015
2015-09-22,2015_09_22_DMLST.tif,3424a3ae-7076-433e-a053-1c9e341c546d,202663391,2015
2015-09-23,2015_09_23_DMLST.tif,bc52889e-a14d-4a3d-a599-ff3df8c31f17,202570184,2015
2015-09-24,2015_09_24_DMLST.tif,15ac0a96-ff7c-49b7-a33f-56c4e736dcb9,202507068,2015
2015-09-25,2015_09_25_DMLST.tif,f9b7a1a5-cf0d-4941-97f5-a980a5fa5b8d,202493386,2015
2015-09-26,2015_09_26_DMLST.tif,4a83c8ab-29a5-483e-b6a4-16c0a327789a,202714771,2015
2015-09-27,2015_09_27_DMLST.tif,df05307f-979a-4301-9810-b696f7ccb0a3,202027269,2015
2015-09-28,2015_09_28_DMLST.tif,9401449e-3965-419e-897d-3a9fc006bad7,202093405,2015
2015-09-29,2015_09_29_DMLST.tif,85ba6bae-62be-4020-a44a-eabb9f16294f,201943153,2015
2015-09-30,2015_09_30_DMLST.tif,7a2fe645-8dae-4178-b8c0-4d29f88ea6fe,202395454,2015
2015-10-01,2015_10_01_DMLST.tif,399d9ccf-e5b4-4597-ba6e-7bf7b620c342,202776449,2015
2015-10-02,2015_10_02_DMLST.tif,946cd4b2-7e5c-46de-82f4-78fb8b676ff5,202517010,2015
2015-10-03,2015_10_03_DMLST.tif,e4cada19-c42e-49f9-9f16-f70cc6f8c951,202888420,2015
2015-10-04,2015_10_04_DMLST.tif,b4cb9812-cabc-4cf2-91a3-638d69b277cf,202987174,2015
2015-10-05,2015_10_05_DMLST.tif,3881778d-3a7b-459c-b787-e39928c0499c,204429124,2015
2015-10-06,2015_10_06_DMLST.tif,899d30f9-cafe-4d68-a8c5-3047e148cdb0,204167587,2015
2015-10-07,2015_10_07_DMLST.tif,75b19d07-a920-426c-8e84-eb3e4be06575,204677983,2015
2015-10-08,2015_10_08_DMLST.tif,25abf502-e65d-4eaa-9fcc-997535c8cf01,204902346,2015
2015-10-09,2015_10_09_DMLST.tif,08ef125b-6c5e-4208-b468-98c3dd6fb1fc,205081643,2015
2015-10-10,2015_10_10_DMLST.tif,4bd1668a-39d3-4155-938f-f424dbf92b7f,205461332,2015
2015-10-11,2015_10_11_DMLST.tif,0efd89ad-634a-4803-9f0c-f180296916d0,205660919,2015
2015-10-12,2015_10_12_DMLST.tif,3049ac5a-9670-40b0-993b-d43bada094c8,205334894,2015
2015-10-13,2015_10_13_DMLST.tif,5cc8fdd8-94e0-47f8-b2e7-ef7f882e306d,204707297,2015
2015-10-14,2015_10_14_DMLST.tif,a93c8024-1c0c-4d78-bc5d-23f9ba7b2d86,203991151,2015
2015-10-15,2015_10_15_DMLST.tif,e63a42f2-38a9-4582-85a7-c38970b35493,203875878,2015
2015-10-16,2015_10_16_DMLST.tif,0da68832-57a4-4d6a-a95f-917d4fe72a00,203724262,2015
2015-10-17,2015_10_17_DMLST.tif,eed50831-6a95-4597-ad9f-8d661f98aa23,203830014,2015
2015-10-18,2015_10_18_DMLST.tif,bd8eb450-c23a-4999-8a22-227b54712666,204141093,2015
2015-10-19,2015_10_19_DMLST.tif,32fdb187-8805-45fc-a160-50384bf23f10,203539518,2015
2015-10-20,2015_10_20_DMLST.tif,21c1f54c-c28a-4adf-bedf-838a4c1d7f74,202994142,2015
2015-10-21,2015_10_21_DMLST.tif,83678391-d7d2-4625-82e3-a5a89a01692a,205430973,2015
2015-10-22,2015_10_22_DMLST.tif,2e354a67-e28c-4ad0-8fb2-88927f7c2208,205611642,2015
2015-10-23,2015_10_23_DMLST.tif,4c110360-22ca-4743-9970-94f136441848,205578277,2015
2015-10-24,2015_10_24_DMLST.tif,dd393663-7bcd-4d7e-b39e-6644df39cd42,205890008,2015
2015-10-25,2015_10_25_DMLST.tif,1ec080c3-117a-4c93-9e73-da825a0fa649,205814279,2015
2015-10-26,2015_10_26_DMLST.tif,42e2e28b-6b07-4f60-90d5-2888030f91c1,205497474,2015
2015-10-27,2015_10_27_DMLST.tif,8d2f394b-d750-46ac-966c-ff14ceaa1c98,205789009,2015
2015-10-28,2015_10_28_DMLST.tif,9d23a7e4-d7cd-457e-b471-5c57aeae4315,205939891,2015
2015-10-29,2015_10_29_DMLST.tif,fbb4b5fc-9c9f-4988-a083-c7c4ed8bbe12,205452051,2015
2015-10-30,2015_10_30_DMLST.tif,ff02d650-4d74-439f-a0e0-5891ba6f9f06,205539904,2015
2015-10-31,2015_10_31_DMLST.tif,3be46c73-3d83-4af2-865f-e6f62d945114,205378479,2015
2015-11-01,2015_11_01_DMLST.tif,67199163-d266-4092-8992-186912426172,205494470,2015
2015-11-02,2015_11_02_DMLST.tif,c4e521b0-6df5-467d-91ed-9ba3aa2f8698,205750480,2015
2015-11-03,2015_11_03_DMLST.tif,865a9379-68a4-4556-b9b9-00d7ab32d8e0,205837121,2015
2015-11-04,2015_11_04_DMLST.tif,2e344e39-7b0e-4565-8994-a3aa2aa8ce9e,205275595,2015
2015-11-05,2015_11_05_DMLST.tif,6e44def7-8c09-41fc-8f72-191ed19a50d3,205356318,2015
2015-11-06,2015_11_06_DMLST.tif,fd8328c9-16fe-474b-8af0-c824bac23cef,206058175,2015
2015-11-07,2015_11_07_DMLST.tif,a5b9e3c4-57f7-4a38-9c82-48c653bfb0a2,206030513,2015
2015-11-08,2015_11_08_DMLST.tif,702f1b5f-ea8f-490b-a2c2-c1c1df043bbe,206104838,2015
2015-11-09,2015_11_09_DMLST.tif,9ea5bdbc-f707-4067-9290-e360a06a2314,205689455,2015
2015-11-10,2015_11_10_DMLST.tif,9442e8d5-754b-4270-84fb-0da7d010e235,205620263,2015
2015-11-11,2015_11_11_DMLST.tif,7e784956-a0c3-4ca8-a45b-ba082a409a42,205803722,2015
2015-11-12,2015_11_12_DMLST.tif,c4bd36a8-abff-4822-9998-40ea2102eb21,205474990,2015
2015-11-13,2015_11_13_DMLST.tif,fb305a79-cfca-4091-ab18-20410ff99ab5,205148623,2015
2015-11-14,2015_11_14_DMLST.tif,dd80d300-b55c-4d12-9066-4638777f6e6a,204524505,2015
2015-11-15,2015_11_15_DMLST.tif,bbbaa61b-1b5f-421d-8221-1fa5b254168c,204322169,2015
2015-11-16,2015_11_16_DMLST.tif,54cf5c54-db9e-416b-95df-d5e684313b37,203955109,2015
2015-11-17,2015_11_17_DMLST.tif,14b97ffd-aab0-41c5-8d91-069b7634bbb7,203593339,2015
2015-11-18,2015_11_18_DMLST.tif,00995418-de87-49b2-aebd-29e346986bd1,203190170,2015
2015-11-19,2015_11_19_DMLST.tif,aadac516-c127-4f14-a857-4619a197fb00,202851000,2015
2015-11-20,2015_11_20_DMLST.tif,44940eb2-41ad-4e69-bb27-c3ee300c9164,203013856,2015
2015-11-21,2015_11_21_DMLST.tif,60ae9781-02c7-4e75-80d7-7fbb1d4f208d,203417062,2015
2015-11-22,2015_11_22_DMLST.tif,6cb39d23-42c1-4abd-960d-f5019af05bac,204374839,2015
2015-11-23,2015_11_23_DMLST.tif,4f726df2-d783-401e-9361-ad10fec90d6a,204363640,2015
2015-11-24,2015_11_24_DMLST.tif,b5548d99-a53b-4653-8ac3-c961ccc23b71,204407316,2015
2015-11-25,2015_11_25_DMLST.tif,400a707b-50fb-4d2d-a833-70efa1730bed,205117678,2015
2015-11-26,2015_11_26_DMLST.tif,f912ab87-6669-4653-9330-a87c986a536a,205550005,2015
2015-11-27,2015_11_27_DMLST.tif,9ea25ab0-34be-4354-92da-6f6f960e0401,205153521,2015
2015-11-28,2015_11_28_DMLST.tif,92caa745-e5f3-4527-95af-d151adb3c1f3,204602576,2015
2015-11-29,2015_11_29_DMLST.tif,0c294b86-f6b4-4583-a1b7-b6cedd12eab8,204898396,2015
2015-11-30,2015_11_30_DMLST.tif,a8dd4162-2bed-4d0d-8ced-670ddd0b7745,205074808,2015
2015-12-01,2015_12_01_DMLST.tif,22cf685c-b07d-4d50-8240-7ae213efa3bf,205490740,2015
2015-12-02,2015_12_02_DMLST.tif,b707a909-3833-4fcc-af9c-b7538700d79f,205650110,2015
2015-12-03,2015_12_03_DMLST.tif,1618e9cd-7520-47cd-aa09-48735de15ad3,205609712,2015
2015-12-04,2015_12_04_DMLST.tif,d7001bfc-d7e1-4e9b-80d9-e58e9d24fccc,205286201,2015
2015-12-05,2015_12_05_DMLST.tif,390d140c-09d7-4a28-899b-ce6afae48ac8,205134223,2015
2015-12-06,2015_12_06_DMLST.tif,227de7aa-60ba-49ba-b887-5b04ca2ec6e6,205575825,2015
2015-12-07,2015_12_07_DMLST.tif,b4be135a-5104-4a13-bf76-aa1c3ea1a420,206416736,2015
2015-12-08,2015_12_08_DMLST.tif,52ae6bb3-b2ef-46d0-a14b-9ef5ad6c31dd,207277751,2015
2015-12-09,2015_12_09_DMLST.tif,c9696a68-468f-4143-8be8-cb4202bd8b5f,206833176,2015
2015-12-10,2015_12_10_DMLST.tif,0bd82565-4370-43bf-b103-e8892c328f8a,206147576,2015
2015-12-11,2015_12_11_DMLST.tif,9be22863-8546-402c-be68-7d2104e36799,206423739,2015
2015-12-12,2015_12_12_DMLST.tif,50fe3305-9316-4926-8d7f-49ccdbcf1a9c,206076208,2015
2015-12-13,2015_12_13_DMLST.tif,7b4d5bff-fbb5-439b-9d97-c5b86b47b394,205373273,2015
2015-12-14,2015_12_14_DMLST.tif,65a46a1f-6a7f-4b5c-b661-b1c253db09c0,204516907,2015
2015-12-15,2015_12_15_DMLST.tif,1dd0bc8d-a44f-4df3-a930-61e42499eb23,204473963,2015
2015-12-16,2015_12_16_DMLST.tif,230cd719-b614-43c1-b181-96799a38cf77,204416244,2015
2015-12-17,2015_12_17_DMLST.tif,b97f6d14-64fb-40e9-ba9f-e0f73ca869d2,203708560,2015
2015-12-18,2015_12_18_DMLST.tif,b1d0bfd9-8150-4f14-80b2-d73ee6498a89,203225822,2015
2015-12-19,2015_12_19_DMLST.tif,710f52b5-2389-4757-874e-55a0d8446f75,203190662,2015
2015-12-20,2015_12_20_DMLST.tif,c623838a-155a-4abf-970c-d129cdd6cc1f,204040663,2015
2015-12-21,2015_12_21_DMLST.tif,6dba5214-1f74-491d-a3c2-2b2690a3d2cb,204431247,2015
2015-12-22,2015_12_22_DMLST.tif,3d8eb0db-090e-431b-b6c1-cd75e557b2b7,204534199,2015
2015-12-23,2015_12_23_DMLST.tif,1dee64ff-81cd-415e-876f-a894c6f497d0,204578846,2015
2015-12-24,2015_12_24_DMLST.tif,7afd0402-6ec6-4053-b45f-252c5bd7e8bd,204589033,2015
2015-12-25,2015_12_25_DMLST.tif,4423f54d-0eb4-4569-bee6-3e83670ac762,204755056,2015
2015-12-26,2015_12_26_DMLST.tif,0ab46440-b11d-47d0-9989-f0b2b2eef73c,205049428,2015
2015-12-27,2015_12_27_DMLST.tif,8d6b5611-7262-459a-8c79-35ca082955ca,205128431,2015
2015-12-28,2015_12_28_DMLST.tif,1ff4e531-dad3-4e17-a221-98e6772907e2,204945791,2015
2015-12-29,2015_12_29_DMLST.tif,32cdf5b2-80aa-42c8-8168-8f61773dd02d,204545776,2015
2015-12-30,2015_12_30_DMLST.tif,1cec0b3c-212c-4181-839d-7554305faca2,204343593,2015
2015-12-31,2015_12_31_DMLST.tif,e307f474-4e48-4de0-905c-a7dff4c328b4,204488150,2015
2016-01-01,2016_01_01_DMLST.tif,7c5b2e23-68a0-4b74-b9da-ba76154b9553,204934826,2016
2016-01-02,2016_01_02_DMLST.tif,85565115-6bfb-4dae-b97c-10234eba9414,205013897,2016
2016-01-03,2016_01_03_DMLST.tif,a8f3b67e-850d-44d1-bffe-a31dc2a3ad2c,204830192,2016
2016-01-04,2016_01_04_DMLST.tif,e1f23f16-c8ab-40c9-9d24-1fd0f53d0c1f,204447062,2016
2016-01-05,2016_01_05_DMLST.tif,f82b5696-6c03-4308-9e5e-dd7a07899876,204089072,2016
2016-01-06,2016_01_06_DMLST.tif,695a06ad-e3dc-4ce8-a08f-ec349b1e4eee,204000981,2016
2016-01-07,2016_01_07_DMLST.tif,f7012fc4-8088-44d4-826a-bb61b2ed5794,203594495,2016
2016-01-08,2016_01_08_DMLST.tif,7eac6ff9-1b91-4f60-a923-afe896e6cafa,203398258,2016
2016-01-09,2016_01_09_DMLST.tif,d305666b-967e-4832-a01c-0eff8cd2ca89,203601325,2016
2016-01-10,2016_01_10_DMLST.tif,b19fce9c-fdd7-467d-81ac-f1b02ddef744,203612054,2016
2016-01-11,2016_01_11_DMLST.tif,b2f7b1ff-b140-4c15-ac7d-c720487a8a62,203751374,2016
2016-01-12,2016_01_12_DMLST.tif,8a25a481-792f-4098-a28c-5a8069861db6,203586138,2016
2016-01-13,2016_01_13_DMLST.tif,a7c4352c-e716-4503-b8e6-edde64babf94,203740926,2016
2016-01-14,2016_01_14_DMLST.tif,74b2f60f-53fa-4978-9eed-15317de5c5db,203989151,2016
2016-01-15,2016_01_15_DMLST.tif,a5ce3b54-042c-4094-9f79-7f38e68dd224,203526400,2016
2016-01-16,2016_01_16_DMLST.tif,16f3f235-12a9-4f9f-8cc8-cc28b72b93f1,202772754,2016
2016-01-17,2016_01_17_DMLST.tif,c2f6d530-040e-4c65-a1f2-19e59d861f7c,202533804,2016
2016-01-18,2016_01_18_DMLST.tif,34b89b47-e728-467e-8d1c-08e02622da28,202615856,2016
2016-01-19,2016_01_19_DMLST.tif,17131d53-2eca-43d9-8dba-31bc287450a1,202911010,2016
2016-01-20,2016_01_20_DMLST.tif,5e49e257-f61e-44f0-925c-a1d4a2124b4a,202597613,2016
2016-01-21,2016_01_21_DMLST.tif,4e46f30b-c68e-4b00-9db1-7b979657ec92,202470868,2016
2016-01-22,2016_01_22_DMLST.tif,9caf22c0-78db-4d08-95ca-0d23c2d6e6fe,202428833,2016
2016-01-23,2016_01_23_DMLST.tif,240ee511-9989-4948-848e-8644f2baf318,203309775,2016
2016-01-24,2016_01_24_DMLST.tif,9f1c07a6-4e34-48c4-b16e-44063ec0054c,203765804,2016
2016-01-25,2016_01_25_DMLST.tif,83e48008-968f-4aa7-aba9-8c2947764518,203922631,2016
2016-01-26,2016_01_26_DMLST.tif,06b7e993-6185-4cdb-84ce-8fd05f3fc17b,203914834,2016
2016-01-27,2016_01_27_DMLST.tif,af6a53a5-d989-4477-a8a1-f042beb2422c,204049307,2016
2016-01-28,2016_01_28_DMLST.tif,19b74e1d-3172-464e-bc45-4100fbce75aa,204412246,2016
2016-01-29,2016_01_29_DMLST.tif,6ddd925e-ef8c-4fb4-af08-a7f5b14ae1df,205168797,2016
2016-01-30,2016_01_30_DMLST.tif,ebb28324-f9a6-468e-8420-20f91300c94c,205232687,2016
2016-01-31,2016_01_31_DMLST.tif,ee522546-4573-4cc7-945d-c0df2fb2f9dd,205440355,2016
2016-02-01,2016_02_01_DMLST.tif,e93973ec-848c-4827-8e12-603636c34f00,205108493,2016
2016-02-02,2016_02_02_DMLST.tif,901f29d8-9c97-4d6c-be2d-6c883fb297cd,205000317,2016
2016-02-03,2016_02_03_DMLST.tif,516a47d1-f45d-49b6-af00-9ef598d5fdc1,204429583,2016
2016-02-04,2016_02_04_DMLST.tif,26a95c59-6fdf-4787-89c8-4f53bbab4015,204236108,2016
2016-02-05,2016_02_05_DMLST.tif,afb45527-387e-4a7e-a8da-f442ec10eca1,204741545,2016
2016-02-06,2016_02_06_DMLST.tif,22651868-8cb3-4739-90cb-510861f7761d,205339230,2016
2016-02-07,2016_02_07_DMLST.tif,f5388ecf-18e1-44e9-995f-5eb9db8b3d6f,205155914,2016
2016-02-08,2016_02_08_DMLST.tif,a3560f3a-bf78-44a5-9e5f-1e25d4af9992,204263968,2016
2016-02-09,2016_02_09_DMLST.tif,96a206e8-c5cc-40f1-99af-616cd78074de,203959142,2016
2016-02-10,2016_02_10_DMLST.tif,8ac08cb0-1d2a-4dd4-9804-f9658000a4a2,203941289,2016
2016-02-11,2016_02_11_DMLST.tif,055a67d1-129f-4686-bf3d-236db0badc63,203365134,2016
2016-02-12,2016_02_12_DMLST.tif,d1d132a6-6e4f-41a9-9e82-f2622c0e966d,202400695,2016
2016-02-13,2016_02_13_DMLST.tif,b7d62001-9a19-4902-b2f0-96ed08646ac1,202223270,2016
2016-02-14,2016_02_14_DMLST.tif,99e7ff63-bb1b-4091-9081-f2b36f257eb5,202624028,2016
2016-02-15,2016_02_15_DMLST.tif,59f2bc52-6382-4798-97a0-4d4c52594359,202875203,2016
2016-02-16,2016_02_16_DMLST.tif,cceefb50-a89d-47d7-87de-e03ba6ab5b71,203396931,2016
2016-02-17,2016_02_17_DMLST.tif,c1d153a2-eb03-4fb2-83aa-aaf461bb76ec,203470906,2016
2016-02-18,2016_02_18_DMLST.tif,82c0ed26-e8ec-4915-8ef2-07d45a8f542f,203724417,2016
2016-02-19,2016_02_19_DMLST.tif,ff88d47b-3f0f-4191-844d-135afa9d9938,203809583,2016
2016-02-20,2016_02_20_DMLST.tif,944f498e-e136-43df-b160-f96496aba4f9,203543272,2016
2016-02-21,2016_02_21_DMLST.tif,8c11b712-c341-40bd-9596-72625803abb1,202956077,2016
2016-02-22,2016_02_22_DMLST.tif,0561816a-0974-4821-8468-b246db68a337,202589785,2016
2016-02-23,2016_02_23_DMLST.tif,a4d1e62d-fee8-4e13-b09e-06ec684cc665,203751508,2016
2016-02-24,2016_02_24_DMLST.tif,86525410-c28f-45bf-80d3-bf8fee4ee3f2,204181311,2016
2016-02-25,2016_02_25_DMLST.tif,1913af2e-b9ab-4ae3-b38b-1ac25d7aed1b,205023091,2016
2016-02-26,2016_02_26_DMLST.tif,28620456-3372-40fe-87b3-c15918d1a956,205436088,2016
2016-02-27,2016_02_27_DMLST.tif,e9f6c94a-dc22-494c-8e81-ff0b0be29b19,205284982,2016
2016-02-28,2016_02_28_DMLST.tif,847909db-4344-4624-97cb-c700bab4de25,204971192,2016
2016-02-29,2016_02_29_DMLST.tif,d2f3412f-deab-4eaf-936a-1f0eac0e06a6,204886524,2016
2016-03-01,2016_03_01_DMLST.tif,28567972-86d1-4be2-84cc-945443d8ab9d,204847687,2016
2016-03-02,2016_03_02_DMLST.tif,e5783c5a-1325-4ffb-81a5-520847cca687,203764878,2016
2016-03-03,2016_03_03_DMLST.tif,b1fe0208-34c8-435b-a28c-889205843dfd,203725420,2016
2016-03-04,2016_03_04_DMLST.tif,ec441496-66cd-491d-9b78-7a46c5b156a0,203596026,2016
2016-03-05,2016_03_05_DMLST.tif,9db9c50b-772a-4ea9-9bc7-b769148e74d0,203610401,2016
2016-03-06,2016_03_06_DMLST.tif,03621aaf-684c-4418-9898-3c29700c8304,203924462,2016
2016-03-07,2016_03_07_DMLST.tif,4dde65bd-17c3-4b63-814d-dfe21e0510b6,203642219,2016
2016-03-08,2016_03_08_DMLST.tif,09b62f0d-5c6b-4db1-a8bb-1084d3357cc9,203610407,2016
2016-03-09,2016_03_09_DMLST.tif,6cca7430-9cf2-44e4-88b5-6fb21b7c1e8d,203753339,2016
2016-03-10,2016_03_10_DMLST.tif,2abbca9f-ee0d-4827-aa0b-63884a5df693,204695109,2016
2016-03-11,2016_03_11_DMLST.tif,b1341291-581e-44b5-95a6-297562ceb2f1,205471647,2016
2016-03-12,2016_03_12_DMLST.tif,7761c160-d13d-49d1-af70-aa3381626609,205298703,2016
2016-03-13,2016_03_13_DMLST.tif,542e0cef-dd0d-4bce-af56-9f907e13b740,205088173,2016
2016-03-14,2016_03_14_DMLST.tif,feb6ce68-afe1-4c11-91a2-f4fe5dac0249,205235064,2016
2016-03-15,2016_03_15_DMLST.tif,4e0b972a-eb08-4b0f-8ff7-9e38f4de23a1,205294940,2016
2016-03-16,2016_03_16_DMLST.tif,e268f08b-c67c-454b-a393-256a102dc473,205269050,2016
2016-03-17,2016_03_17_DMLST.tif,61e2113b-d34e-45c2-83c2-4557f5a92dea,205257464,2016
2016-03-18,2016_03_18_DMLST.tif,7b938fa9-9014-40cb-b2fa-c15eb8a4ba78,203752169,2016
2016-03-19,2016_03_19_DMLST.tif,84a62d6b-e5df-4714-86a2-455cd1b0aac1,204151517,2016
2016-03-20,2016_03_20_DMLST.tif,db95e9b4-a843-4a9b-8f01-9fa0966954bb,204904211,2016
2016-03-21,2016_03_21_DMLST.tif,04bf29e4-d75f-4d62-90d5-3527ccc44caa,205060731,2016
2016-03-22,2016_03_22_DMLST.tif,ab825aa1-41a4-4455-a54c-da09b7d685e5,204389475,2016
2016-03-23,2016_03_23_DMLST.tif,bbb712bd-311a-4911-a74f-fea477d0ac0f,204509589,2016
2016-03-24,2016_03_24_DMLST.tif,b865b27d-7828-4c5d-8d5e-e40519bca91c,204639573,2016
2016-03-25,2016_03_25_DMLST.tif,5a686f66-ac7e-4b2d-9281-f552c9a61dbe,204880522,2016
2016-03-26,2016_03_26_DMLST.tif,2eb6ed5a-db41-4792-92a0-d234fe3f88fa,206003102,2016
2016-03-27,2016_03_27_DMLST.tif,961a1256-353d-4e5c-8697-75cade92fb12,206183286,2016
2016-03-28,2016_03_28_DMLST.tif,a5c8c3ba-4062-4d12-bcd2-3b1f72180182,206213916,2016
2016-03-29,2016_03_29_DMLST.tif,8ae90c5b-7f16-413c-90a6-ab2dd0d196de,206036354,2016
2016-03-30,2016_03_30_DMLST.tif,bdae8ec5-3f46-4f6b-8d60-3fccab6840fb,206239556,2016
2016-03-31,2016_03_31_DMLST.tif,5f1b6709-fd25-4807-971e-00e8f423f8db,206058110,2016
2016-04-01,2016_04_01_DMLST.tif,d2eb434b-7650-48d2-814e-361bde8a409b,206415918,2016
2016-04-02,2016_04_02_DMLST.tif,60082d84-5436-4a46-81c1-34a4eb07bf1e,206360354,2016
2016-04-03,2016_04_03_DMLST.tif,baf5a080-c97e-410e-861d-7c74c8e8d97d,204668938,2016
2016-04-04,2016_04_04_DMLST.tif,7b14caaa-8d1e-4c83-ac71-5d298ad748ab,203991378,2016
2016-04-05,2016_04_05_DMLST.tif,ac606e27-ca76-4ea8-a088-b2bd3a405104,204096908,2016
2016-04-06,2016_04_06_DMLST.tif,e8b97eea-4c90-439c-bf55-85e0d3c52c69,204288697,2016
2016-04-07,2016_04_07_DMLST.tif,6039f778-9b5d-4d93-b161-1d8e48f29625,204143503,2016
2016-04-08,2016_04_08_DMLST.tif,b4d1770a-3800-4c6b-884c-84b21478a6fe,204175355,2016
2016-04-09,2016_04_09_DMLST.tif,9af5cb15-5d49-4d6b-acc3-fddcf0e19539,204047480,2016
2016-04-10,2016_04_10_DMLST.tif,9f5799b7-9316-43d7-97f1-a6ead594eef9,203553764,2016
2016-04-11,2016_04_11_DMLST.tif,3bdc89fa-14ee-4201-adf8-9866e420cba1,204750476,2016
2016-04-12,2016_04_12_DMLST.tif,63447280-74fa-47b6-8ebf-f4ff5498aaeb,204855513,2016
2016-04-13,2016_04_13_DMLST.tif,77f21b63-85d4-4cc5-b5e0-a7ca4f07c8e7,205127037,2016
2016-04-14,2016_04_14_DMLST.tif,95a93f3e-b6d3-4f85-862a-e7629d26559c,205363138,2016
2016-04-15,2016_04_15_DMLST.tif,68f26118-90b4-4c8d-a7c9-e1bf16ea191b,205392366,2016
2016-04-16,2016_04_16_DMLST.tif,e01ea860-81ce-4ec2-b0cc-5f139f655af6,205717793,2016
2016-04-17,2016_04_17_DMLST.tif,8b2856d9-385c-4b6f-a80f-4e29733f6e1d,206090206,2016
2016-04-18,2016_04_18_DMLST.tif,97727119-7999-480e-9b6a-c75f8d55bfbf,206226384,2016
2016-04-19,2016_04_19_DMLST.tif,30fb0115-38bd-422e-b3ba-e5d595ffd1d7,205771354,2016
2016-04-20,2016_04_20_DMLST.tif,cf2a3351-3cb7-4f71-a402-c58c480faef6,205130786,2016
2016-04-21,2016_04_21_DMLST.tif,61c1adb4-757a-4aa0-afcf-94e66eaa6400,204174754,2016
2016-04-22,2016_04_22_DMLST.tif,8e97f782-b188-4428-94fe-fa8f193ee6e0,204108757,2016
2016-04-23,2016_04_23_DMLST.tif,325726a7-4283-4b59-bc79-99dfc93026e2,204205289,2016
2016-04-24,2016_04_24_DMLST.tif,467389b5-f685-473e-a7ce-d198ac771b8f,204104939,2016
2016-04-25,2016_04_25_DMLST.tif,0fa9b133-0015-47e9-8eed-760ba896c8ae,204477986,2016
2016-04-26,2016_04_26_DMLST.tif,d62bf300-a1d4-4d7c-b9d5-8b93d05d96ed,204671728,2016
2016-04-27,2016_04_27_DMLST.tif,2746ff35-65e6-488a-9939-5eb0583af82f,205796539,2016
2016-04-28,2016_04_28_DMLST.tif,de7d6b4a-daed-41c9-8968-7c1074057f81,206201830,2016
2016-04-29,2016_04_29_DMLST.tif,8a6d6f04-97a5-4423-a9a3-8a94609db17c,206589023,2016
2016-04-30,2016_04_30_DMLST.tif,6108edc3-61be-49ea-a197-61ddc7d1a702,206633782,2016
2016-05-01,2016_05_01_DMLST.tif,c9950437-5ac6-451d-8bbd-d2c258f03e00,206626636,2016
2016-05-02,2016_05_02_DMLST.tif,fa84a832-8166-4f9b-995b-76d7430dfaf6,205993856,2016
2016-05-03,2016_05_03_DMLST.tif,66d140e5-4506-4a98-ac5e-d16cc0efc601,205677350,2016
2016-05-04,2016_05_04_DMLST.tif,a76a8933-5e4d-4f09-a877-34d44c0b8120,206020837,2016
2016-05-05,2016_05_05_DMLST.tif,c5515f73-c789-46ff-addd-97c590a04737,205569659,2016
2016-05-06,2016_05_06_DMLST.tif,07adda47-84a8-4ea2-9bf6-5b5246292c2b,205428299,2016
2016-05-07,2016_05_07_DMLST.tif,1339302a-c284-4732-88b6-114691edba5c,205300185,2016
2016-05-08,2016_05_08_DMLST.tif,f864d659-5ae3-448a-9056-04c48fa2cc56,205605055,2016
2016-05-09,2016_05_09_DMLST.tif,0c678e2d-5259-4759-8ff3-bc76b372250f,205480604,2016
2016-05-10,2016_05_10_DMLST.tif,42b6f5a8-26fa-4619-ae27-5712dbaf4db4,205532783,2016
2016-05-11,2016_05_11_DMLST.tif,33c738a2-e887-4d51-8fe9-e5f49918e2b2,205857262,2016
2016-05-12,2016_05_12_DMLST.tif,85cebb17-00df-4b90-a9cc-b31b5a99df1d,205697555,2016
2016-05-13,2016_05_13_DMLST.tif,5ec1c1e5-308e-42c4-b116-66c6ed5e7f7f,205705806,2016
2016-05-14,2016_05_14_DMLST.tif,0c47e3d6-09f0-4506-9ba1-6a588a0facb3,205335522,2016
2016-05-15,2016_05_15_DMLST.tif,84d5953c-c6af-4c29-b8e9-5c441b957332,204866800,2016
2016-05-16,2016_05_16_DMLST.tif,8a934aff-541d-49b0-9e06-893ca16f5a9c,204310274,2016
2016-05-17,2016_05_17_DMLST.tif,bf2cf3e2-5da1-4b4d-b4fb-446d1c685743,204307085,2016
2016-05-18,2016_05_18_DMLST.tif,1d9952bd-cc66-447b-80a2-041bc00e7ced,204793386,2016
2016-05-19,2016_05_19_DMLST.tif,dcdc9f8d-cad0-474b-a485-f77c5e35e2f8,205206215,2016
2016-05-20,2016_05_20_DMLST.tif,a250dd2b-6539-4b04-82ad-79fe5dfef482,205872408,2016
2016-05-21,2016_05_21_DMLST.tif,6cb67bb2-b01c-4629-8fae-8c8ffe4267be,205254501,2016
2016-05-22,2016_05_22_DMLST.tif,238e241d-5474-472e-9a70-5864319271dd,205330518,2016
2016-05-23,2016_05_23_DMLST.tif,ca4c75e4-e29e-449e-af13-be91483bdd5d,205331262,2016
2016-05-24,2016_05_24_DMLST.tif,2cc2fc53-a508-4309-aeb8-7f2689b9d175,205502682,2016
2016-05-25,2016_05_25_DMLST.tif,94bf576f-2967-4761-8a91-12ce62724afd,205546889,2016
2016-05-26,2016_05_26_DMLST.tif,b19fd000-6bb7-4581-9359-5f9c36d0e7af,205213708,2016
2016-05-27,2016_05_27_DMLST.tif,0f3e9940-f5e5-412b-a33b-6b1a8df304ca,204880487,2016
2016-05-28,2016_05_28_DMLST.tif,1e4304ee-6f7d-4b94-96d0-72d51290316e,205075000,2016
2016-05-29,2016_05_29_DMLST.tif,470e21c4-b321-4bc2-83e0-ec143baee2d8,205385844,2016
2016-05-30,2016_05_30_DMLST.tif,975b11bd-4e72-4e80-b987-a029d677c32d,205206521,2016
2016-05-31,2016_05_31_DMLST.tif,df11dac4-bd13-4c1b-91bd-3154c1b3c978,204909350,2016
2016-06-01,2016_06_01_DMLST.tif,db5a5bdb-e475-47d0-ab7d-d63101bcd0ce,204681092,2016
2016-06-02,2016_06_02_DMLST.tif,ce303b92-4df0-4eac-be55-4c4a5410c92c,204743072,2016
2016-06-03,2016_06_03_DMLST.tif,aac2d146-3fa8-4baa-ad6d-e65622e7b2ad,204405528,2016
2016-06-04,2016_06_04_DMLST.tif,8516128a-c816-4ee8-9498-3927ff8c8c7d,203819756,2016
2016-06-05,2016_06_05_DMLST.tif,0c615e14-de72-44d1-9434-9b3be8e993d4,203236134,2016
2016-06-06,2016_06_06_DMLST.tif,0d5a8987-56f0-472a-8e11-861c5e79464f,201902097,2016
2016-06-07,2016_06_07_DMLST.tif,e824ba8b-5537-4566-9c80-1d29f64695dc,201775120,2016
2016-06-08,2016_06_08_DMLST.tif,c4183c84-ae28-4450-8fe9-a18aa76a7d83,202455475,2016
2016-06-09,2016_06_09_DMLST.tif,c37dc3da-1de2-4cc5-bc8e-df39d520da38,202818342,2016
2016-06-10,2016_06_10_DMLST.tif,2b606d24-60d5-4aab-8343-f33ca0231131,202797128,2016
2016-06-11,2016_06_11_DMLST.tif,ea4f68b6-034a-457a-9886-1a350f403494,202945261,2016
2016-06-12,2016_06_12_DMLST.tif,bfef023f-cc07-4bcb-a9bf-ec94c1a9aecd,203185462,2016
2016-06-13,2016_06_13_DMLST.tif,458be934-905a-448d-b807-15b881d63c5d,203934758,2016
2016-06-14,2016_06_14_DMLST.tif,ea44f90a-84ed-4a10-bab5-c8a19c09005e,204259280,2016
2016-06-15,2016_06_15_DMLST.tif,6decdc6b-c4da-4d12-a1bd-df240d3bcc6f,204013677,2016
2016-06-16,2016_06_16_DMLST.tif,7b7dac24-f9b7-4416-8f83-5142219d589f,204496606,2016
2016-06-17,2016_06_17_DMLST.tif,c82f8888-5931-4506-af56-f4287a9c57f8,204710329,2016
2016-06-18,2016_06_18_DMLST.tif,9eac02ae-378a-49e2-9089-43f0c1e0873d,204440442,2016
2016-06-19,2016_06_19_DMLST.tif,07765f22-f176-46f7-8448-07bfcb808926,204051800,2016
2016-06-20,2016_06_20_DMLST.tif,b5c4cb6d-17af-480a-8984-9a1c9b8a6735,204344414,2016
2016-06-21,2016_06_21_DMLST.tif,4dd49261-b330-4f94-9623-98cdaec8c853,204300920,2016
2016-06-22,2016_06_22_DMLST.tif,22aeea34-a6d9-4879-ac22-b1e8fc466d80,203299664,2016
2016-06-23,2016_06_23_DMLST.tif,1be79444-4b2b-4bac-80b5-915e60d4e126,203089304,2016
2016-06-24,2016_06_24_DMLST.tif,8a80f2ee-8c6f-4d37-a025-82ee734aac40,202792793,2016
2016-06-25,2016_06_25_DMLST.tif,25fa5bd0-2bb2-4fea-b087-60d4f2fe1a2d,202746029,2016
2016-06-26,2016_06_26_DMLST.tif,d4f5a314-22ff-4e8c-b1ce-d71839417377,202632683,2016
2016-06-27,2016_06_27_DMLST.tif,edba6965-79a0-4b84-94f6-63b573a43d84,202800524,2016
2016-06-28,2016_06_28_DMLST.tif,f13a9eeb-bb40-4d36-b59e-2dbb9cd94c9f,202483578,2016
2016-06-29,2016_06_29_DMLST.tif,5c600596-325d-41c2-b6e9-67742a9d3d89,202277596,2016
2016-06-30,2016_06_30_DMLST.tif,97ddc17d-dfa6-444e-a595-efa01fb8a918,202863758,2016
2016-07-01,2016_07_01_DMLST.tif,cff2d64e-923a-426d-962c-88efbd67baf8,202754366,2016
2016-07-02,2016_07_02_DMLST.tif,370f820e-ef9d-47cb-86a7-3c6766d37afe,203078920,2016
2016-07-03,2016_07_03_DMLST.tif,4a44cbb5-c685-46ab-8e78-ea82691dbcbd,203326924,2016
2016-07-04,2016_07_04_DMLST.tif,c3cf9e42-5c8a-4fa5-84f9-3d128b9cf24d,203554164,2016
2016-07-05,2016_07_05_DMLST.tif,60b14c5a-a611-4496-b582-fa33a0b64274,203534588,2016
2016-07-06,2016_07_06_DMLST.tif,e88a673e-83d5-47c0-9343-8f8354cd8ba2,203185086,2016
2016-07-07,2016_07_07_DMLST.tif,fe2e08bb-cb20-42c8-a966-8ac4d174b4a1,203158527,2016
2016-07-08,2016_07_08_DMLST.tif,7002fb8c-5d1f-4c1a-9afe-3c4301265882,201857411,2016
2016-07-09,2016_07_09_DMLST.tif,d477bc76-4e5c-4c2b-b7d9-21ddcdefd620,202166885,2016
2016-07-10,2016_07_10_DMLST.tif,d0a87829-6299-43eb-9235-b631b50f6c50,202377458,2016
2016-07-11,2016_07_11_DMLST.tif,7d79bc55-d84d-4d1d-86a5-b6e560060a1d,202097222,2016
2016-07-12,2016_07_12_DMLST.tif,ac03e68c-25ee-48bc-84d3-f5368f80723b,202305290,2016
2016-07-13,2016_07_13_DMLST.tif,43309c2d-41cb-4bdf-86a4-2c7996c4ef75,202486061,2016
2016-07-14,2016_07_14_DMLST.tif,84c02809-bb18-4957-b60b-46d681d8f464,202606912,2016
2016-07-15,2016_07_15_DMLST.tif,ba040ebf-0cf8-426c-b163-93050a186271,202437280,2016
2016-07-16,2016_07_16_DMLST.tif,a3ae2093-5163-442b-b4bf-64201d28611c,203286700,2016
2016-07-17,2016_07_17_DMLST.tif,3f36e0b6-d692-4a32-979b-1aaa5b46d3bf,203444578,2016
2016-07-18,2016_07_18_DMLST.tif,a6ae4602-9b44-4392-be08-0f80cfed1758,203532583,2016
2016-07-19,2016_07_19_DMLST.tif,8b4a2375-8139-4073-b483-98b19ff78c59,203624856,2016
2016-07-20,2016_07_20_DMLST.tif,08cee6d7-2340-4816-8c8a-e0e8ccf3149e,203560363,2016
2016-07-21,2016_07_21_DMLST.tif,903e909e-9dfb-4eb5-a6aa-31ccbce6dded,202839860,2016
2016-07-22,2016_07_22_DMLST.tif,6eaf6610-d0e7-4942-96c9-cfb436ad32f3,202573563,2016
2016-07-23,2016_07_23_DMLST.tif,08f80a82-c487-4763-a70e-fc4996810dce,202663985,2016
2016-07-24,2016_07_24_DMLST.tif,ecfce7e2-68ea-4a0e-a667-a996021ddaa2,201139159,2016
2016-07-25,2016_07_25_DMLST.tif,96b2074c-55ca-42bb-8f57-26210bcc9cc3,201079245,2016
2016-07-26,2016_07_26_DMLST.tif,c8fbde31-3f1f-4acc-97b8-ab51f58a11ee,200882178,2016
2016-07-27,2016_07_27_DMLST.tif,d6612de0-40b6-43d9-a082-1a89e99da220,200981398,2016
2016-07-28,2016_07_28_DMLST.tif,66086366-ac0a-4f74-8480-f798ca416af3,201117029,2016
2016-07-29,2016_07_29_DMLST.tif,b43fd219-f506-40e8-869a-f0742450b59b,200989374,2016
2016-07-30,2016_07_30_DMLST.tif,b1f5fcd7-afe5-4f45-af55-1051c3b15252,200542382,2016
2016-07-31,2016_07_31_DMLST.tif,fee580c1-8e17-4fb9-89af-b32164306466,200108329,2016
2016-08-01,2016_08_01_DMLST.tif,02268580-2057-4324-9ce2-bceeb4b62276,201810253,2016
2016-08-02,2016_08_02_DMLST.tif,196474d6-17b5-4ea4-80e9-9d64306792e8,202176451,2016
2016-08-03,2016_08_03_DMLST.tif,6ac1e1b2-07e7-4ab5-8d0c-f5711dfffc8a,202343234,2016
2016-08-04,2016_08_04_DMLST.tif,6ff6eade-b3a6-4e25-82c3-06251d4fc0b0,202392488,2016
2016-08-05,2016_08_05_DMLST.tif,7636bebb-5180-431b-adfb-6c3f21e883f5,202020770,2016
2016-08-06,2016_08_06_DMLST.tif,9722a837-62c3-4627-931f-e46f7f76d6a4,201654181,2016
2016-08-07,2016_08_07_DMLST.tif,924822b0-93db-4cf4-960f-6b6938c4c082,201790111,2016
2016-08-08,2016_08_08_DMLST.tif,2febc865-ba88-4129-89c2-ce14fa10c3d6,202027491,2016
2016-08-09,2016_08_09_DMLST.tif,003e0c66-1833-4d97-b671-23d59c830138,200218502,2016
2016-08-10,2016_08_10_DMLST.tif,07d10280-6b39-47d2-a42e-238c7023b575,200305518,2016
2016-08-11,2016_08_11_DMLST.tif,18db6e37-90ac-46f9-995c-b2fe68048879,200058099,2016
2016-08-12,2016_08_12_DMLST.tif,e54ba80a-4474-4462-b76f-739c7d8943fa,199477999,2016
2016-08-13,2016_08_13_DMLST.tif,0d0b97ae-e576-40b3-aa0a-fd5bb9f2d001,199426678,2016
2016-08-14,2016_08_14_DMLST.tif,2076994c-ebf4-47b3-a3ab-e8b92b3c2276,199601702,2016
2016-08-15,2016_08_15_DMLST.tif,8790fba8-d87e-4608-aea9-5e0e9cdabca2,199517524,2016
2016-08-16,2016_08_16_DMLST.tif,0b30d7d1-7fa7-4c36-a28f-d08d24d84c9a,199489517,2016
2016-08-17,2016_08_17_DMLST.tif,0e7da45a-448c-44b6-b485-d5ba2141336c,201393674,2016
2016-08-18,2016_08_18_DMLST.tif,9d2de5fe-98af-4bd0-8533-f0ec810d78cc,201794253,2016
2016-08-19,2016_08_19_DMLST.tif,e15bb6f7-e3d2-46c7-975d-0a7926f05309,201751292,2016
2016-08-20,2016_08_20_DMLST.tif,d554e37a-21f6-43b4-bd35-25e27b6e7304,201425460,2016
2016-08-21,2016_08_21_DMLST.tif,3ffa4c9d-ccc3-439f-aea3-5885a2c14c01,201475787,2016
2016-08-22,2016_08_22_DMLST.tif,e2c99260-7bb4-4bb4-ba5c-96a7cf6dbb20,202095207,2016
2016-08-23,2016_08_23_DMLST.tif,9aeb36eb-8298-43a4-beb3-f9a1c64dace1,202061868,2016
2016-08-24,2016_08_24_DMLST.tif,97204f2a-fbe7-4645-b9f2-8f8426f088d5,201898647,2016
2016-08-25,2016_08_25_DMLST.tif,b26da02d-f71b-4e0d-80fb-01bb3e48d953,201721721,2016
2016-08-26,2016_08_26_DMLST.tif,4af14bc7-9be6-45f9-99f5-5bad67bb3e3f,201642299,2016
2016-08-27,2016_08_27_DMLST.tif,f8d76d6d-b248-4a8d-aa91-f500487c0aa7,201228170,2016
2016-08-28,2016_08_28_DMLST.tif,7fbd89e6-c269-490f-be40-0690a78bdab4,200981394,2016
2016-08-29,2016_08_29_DMLST.tif,575cbce2-b7e0-4b70-8d40-754390d4a1af,201016822,2016
2016-08-30,2016_08_30_DMLST.tif,3a66c992-eda2-4740-8f02-2941d0e1a250,201370534,2016
2016-08-31,2016_08_31_DMLST.tif,30e6372d-95ca-4c3d-b15b-71f6150bb615,201419283,2016
2016-09-01,2016_09_01_DMLST.tif,2cebaaf7-a3b3-4648-a7f6-5f1487917b70,201286647,2016
2016-09-02,2016_09_02_DMLST.tif,f07fcf28-fe42-4898-a9eb-a59f0ae23258,203275432,2016
2016-09-03,2016_09_03_DMLST.tif,949f0cb8-07bf-4600-a276-10698920f1c9,203058667,2016
2016-09-04,2016_09_04_DMLST.tif,614e6ab9-7cbe-4eb7-bd95-db62cafcdb8f,203007929,2016
2016-09-05,2016_09_05_DMLST.tif,eb9a7d20-3d95-4e4b-9774-50a10409783e,202800562,2016
2016-09-06,2016_09_06_DMLST.tif,3a21292c-41f5-4ea8-8540-4138dc169efc,203021209,2016
2016-09-07,2016_09_07_DMLST.tif,527a6e0d-d9c4-4259-bdf9-9731564a8353,202915043,2016
2016-09-08,2016_09_08_DMLST.tif,a8c1ffe4-65ca-425d-9d9b-6c8555820293,202934836,2016
2016-09-09,2016_09_09_DMLST.tif,9b28fa19-cd1e-4007-9ca9-4fa66fd64dfb,202708329,2016
2016-09-10,2016_09_10_DMLST.tif,c0801cae-1b36-401e-8842-9d98e6721bf6,201604669,2016
2016-09-11,2016_09_11_DMLST.tif,0197791f-fc21-4e43-9f1c-18d734ac2a42,201845791,2016
2016-09-12,2016_09_12_DMLST.tif,67b2b143-bbc3-470b-ba5a-1c3fb55bd474,202184522,2016
2016-09-13,2016_09_13_DMLST.tif,410f3930-94aa-484f-9798-377b18f97e93,202116250,2016
2016-09-14,2016_09_14_DMLST.tif,5fefbfc6-ac66-4380-a292-748ac4c0c3b9,202189521,2016
2016-09-15,2016_09_15_DMLST.tif,7e01b8e4-93a2-4088-aab1-17709f340839,202388438,2016
2016-09-16,2016_09_16_DMLST.tif,f1534dc2-91e8-43fd-9ec0-15b52f878336,202741411,2016
2016-09-17,2016_09_17_DMLST.tif,b32ec852-1f0c-4007-a71a-559468f043ec,202836823,2016
2016-09-18,2016_09_18_DMLST.tif,ac8efbd0-f7f4-48ba-90a5-5c94db1e03b6,204269024,2016
2016-09-19,2016_09_19_DMLST.tif,45ca3be9-7ca4-45d7-b2bb-716c49f68248,204327669,2016
2016-09-20,2016_09_20_DMLST.tif,be46e4d3-5545-4d6e-b0b6-4a35ad18bb98,204345489,2016
2016-09-21,2016_09_21_DMLST.tif,2c2e3a84-42d8-439e-bf26-de98e07ed90e,203936726,2016
2016-09-22,2016_09_22_DMLST.tif,b4f98401-2ed6-403a-8b97-4bdb00a4ef74,203782665,2016
2016-09-23,2016_09_23_DMLST.tif,04c746d0-8bd6-48a2-9004-0fa8e604e6df,203940322,2016
2016-09-24,2016_09_24_DMLST.tif,3388d739-7c3c-44b3-a390-0bb0e86d7573,204274886,2016
2016-09-25,2016_09_25_DMLST.tif,f588a081-0643-4779-87f3-136ad5cc3dc9,204698468,2016
2016-09-26,2016_09_26_DMLST.tif,e8a86f1f-85a8-435f-a0a0-21511a6a4f95,203766774,2016
2016-09-27,2016_09_27_DMLST.tif,bf8c690f-128a-46c3-9131-4b4977719efe,203521962,2016
2016-09-28,2016_09_28_DMLST.tif,9d031596-b0f1-43db-9c40-af290732f248,203571414,2016
2016-09-29,2016_09_29_DMLST.tif,a5f61c03-7ae7-4a4b-ac48-ac07f334f8e5,203402230,2016
2016-09-30,2016_09_30_DMLST.tif,691a408a-de3a-4462-ae05-812cf0c23fbd,203107089,2016
2016-10-01,2016_10_01_DMLST.tif,6210f4b7-512a-4388-a02f-3fe632ee6003,203491513,2016
2016-10-02,2016_10_02_DMLST.tif,ebcc8447-e20b-459f-94f1-713fa9aece2a,203642408,2016
2016-10-03,2016_10_03_DMLST.tif,666253d2-d31b-4c27-931a-c2c84d868edc,203476082,2016
2016-10-04,2016_10_04_DMLST.tif,58d474b3-b42b-4c84-9551-0c47a1f6d191,205425665,2016
2016-10-05,2016_10_05_DMLST.tif,ee8e7191-20ff-413d-902b-8bfe2cc366cf,205263753,2016
2016-10-06,2016_10_06_DMLST.tif,08928234-4186-4a00-95e1-9b374d1a4b9d,205393785,2016
2016-10-07,2016_10_07_DMLST.tif,5619c061-9e11-4d72-a127-74174540b005,205503881,2016
2016-10-08,2016_10_08_DMLST.tif,88fa21b0-6f42-405c-afa8-d55628d83861,205621836,2016
2016-10-09,2016_10_09_DMLST.tif,74c90237-314b-4257-8e6f-bf0e849b2440,205623736,2016
2016-10-10,2016_10_10_DMLST.tif,653b3db0-6d40-42a3-b87c-97a15dc08e71,205190033,2016
2016-10-11,2016_10_11_DMLST.tif,d73a0574-4ac6-48c9-ab09-a8270496b3c6,205017711,2016
2016-10-12,2016_10_12_DMLST.tif,285e838d-77d1-4a91-a439-e8ad242a40f3,204386138,2016
2016-10-13,2016_10_13_DMLST.tif,2f41d7d5-1a7d-49bd-8df9-4a69960f3600,204645818,2016
2016-10-14,2016_10_14_DMLST.tif,04cbd924-5855-4e69-9562-0b79a7b8b7f8,204302923,2016
2016-10-15,2016_10_15_DMLST.tif,401a42c9-225f-455e-b405-05d34eff4348,204011025,2016
2016-10-16,2016_10_16_DMLST.tif,b911775b-d20e-481a-9c4c-bd46ce30d735,203815216,2016
2016-10-17,2016_10_17_DMLST.tif,b1820ab6-d3aa-44e3-8a95-0398e16ffead,203779618,2016
2016-10-18,2016_10_18_DMLST.tif,9352e0b8-782d-42ef-9a3c-c6b9b8b408cb,203936860,2016
2016-10-19,2016_10_19_DMLST.tif,fe1c1669-b6e8-4239-8b39-05b0b4f101ab,203884440,2016
2016-10-20,2016_10_20_DMLST.tif,5dab4c36-d1f8-49f3-9c21-1de6187b0081,205421784,2016
2016-10-21,2016_10_21_DMLST.tif,59245406-5782-49be-a8de-f11fed6b2036,205462753,2016
2016-10-22,2016_10_22_DMLST.tif,823cfe6c-e017-4693-aff5-5bc08d440915,205822735,2016
2016-10-23,2016_10_23_DMLST.tif,23fdf5be-9bd8-4c26-aeae-f24c4b3b88f5,205888371,2016
2016-10-24,2016_10_24_DMLST.tif,e8e2403e-8735-4bb6-bd8d-220a47158f55,205730286,2016
2016-10-25,2016_10_25_DMLST.tif,f089451d-c58b-402d-a0f7-c6c8d98b22ea,205622951,2016
2016-10-26,2016_10_26_DMLST.tif,82d3ccee-6182-4cb4-a5ec-579618065b77,205404088,2016
2016-10-27,2016_10_27_DMLST.tif,77bb82e0-b9af-41f9-9900-980a04a3cbf5,205460275,2016
2016-10-28,2016_10_28_DMLST.tif,c25cfd49-6ee2-4a75-83a5-e777366a08eb,205075778,2016
2016-10-29,2016_10_29_DMLST.tif,e3e44ce7-fd62-486a-9101-ca56cfa871d4,204523786,2016
2016-10-30,2016_10_30_DMLST.tif,cec84b05-1a1c-42bc-a62a-a60659c25fd4,204000147,2016
2016-10-31,2016_10_31_DMLST.tif,feed2843-a424-49df-aaa9-d3d8b2e6b32d,204047181,2016
2016-11-01,2016_11_01_DMLST.tif,40068081-089d-45b6-ad72-f6820220b696,204478801,2016
2016-11-02,2016_11_02_DMLST.tif,bc5361d8-33b2-4aa4-ad07-1bd0ff7f804b,204740030,2016
2016-11-03,2016_11_03_DMLST.tif,8fe133ae-eb77-4276-88d0-5aa784ee1464,205165775,2016
2016-11-04,2016_11_04_DMLST.tif,8b26125c-9c37-4f5f-b1f5-6684ede0c372,204860526,2016
2016-11-05,2016_11_05_DMLST.tif,2415d6c8-af72-4d2f-9090-5d737a1175cd,205285226,2016
2016-11-06,2016_11_06_DMLST.tif,49cd2d0e-30ae-4b96-b8a1-1ec49027c6fb,205278830,2016
2016-11-07,2016_11_07_DMLST.tif,7561ce5c-1994-485d-a6ee-29b564b94fc5,204850005,2016
2016-11-08,2016_11_08_DMLST.tif,1e95377b-91e4-410b-ab7c-cb6e82c57190,205087237,2016
2016-11-09,2016_11_09_DMLST.tif,09dae071-670c-4c75-8da2-d6153517925d,205591303,2016
2016-11-10,2016_11_10_DMLST.tif,a4699b83-363a-415a-9ce6-e40b4089c65e,205478649,2016
2016-11-11,2016_11_11_DMLST.tif,e0d21366-2202-44a1-9734-af613f469b6c,205576170,2016
2016-11-12,2016_11_12_DMLST.tif,1635cd3a-1924-46f3-9057-5bad8313be1b,205699320,2016
2016-11-13,2016_11_13_DMLST.tif,2a477c93-ee36-4ae5-88d4-eb45b59c4dca,204260537,2016
2016-11-14,2016_11_14_DMLST.tif,eb4311c2-b76f-4f50-8329-228e1b6bf03d,203763769,2016
2016-11-15,2016_11_15_DMLST.tif,9221f7b7-db25-4113-95ce-f499ea278ce8,203613530,2016
2016-11-16,2016_11_16_DMLST.tif,857691fa-d215-4123-9742-7c43e3ed497d,203499390,2016
2016-11-17,2016_11_17_DMLST.tif,a6926e8f-491f-4660-9507-068a3d48e19c,203693495,2016
2016-11-18,2016_11_18_DMLST.tif,28cac94b-57c9-4557-9478-85565c9f77e7,203503516,2016
2016-11-19,2016_11_19_DMLST.tif,1071d294-d295-47a0-a9a5-fb4302d83b94,203078431,2016
2016-11-20,2016_11_20_DMLST.tif,24f5f5de-41bd-4a7b-8f41-f065b0295535,202536372,2016
2016-11-21,2016_11_21_DMLST.tif,6b7a1948-10c8-4fb6-a9ce-20fb1f1edad7,203558441,2016
2016-11-22,2016_11_22_DMLST.tif,eacf57d7-53ac-4a0d-9015-3668a94024ff,203989520,2016
2016-11-23,2016_11_23_DMLST.tif,9e45be73-5c94-4329-b152-0aa12531e554,204508979,2016
2016-11-24,2016_11_24_DMLST.tif,ef2b082f-b346-4058-ac21-dba8e62f5f4c,204596554,2016
2016-11-25,2016_11_25_DMLST.tif,a9d92092-1561-4bd2-b697-190dfd1e46c8,204599497,2016
2016-11-26,2016_11_26_DMLST.tif,672a2643-dd6e-4e4a-a6f1-c0089c71c549,204822891,2016
2016-11-27,2016_11_27_DMLST.tif,0a68d877-9d97-454e-98df-691ac8b31c51,204677888,2016
2016-11-28,2016_11_28_DMLST.tif,8eafa69e-035a-4578-be38-d351eb71224f,204451787,2016
2016-11-29,2016_11_29_DMLST.tif,34e9c3e1-701e-4eee-a82b-557998944d19,203720968,2016
2016-11-30,2016_11_30_DMLST.tif,f7010da5-66b7-4031-95ff-9020646e93ae,203867401,2016
2016-12-01,2016_12_01_DMLST.tif,4937ac4a-828e-4b98-9b24-6612973caa17,203801442,2016
2016-12-02,2016_12_02_DMLST.tif,7347a145-894a-47a8-861a-0f32719e8ad4,203902830,2016
2016-12-03,2016_12_03_DMLST.tif,6cab32fc-1520-47df-982e-af77c0f82454,204030974,2016
2016-12-04,2016_12_04_DMLST.tif,151f8a7c-c977-41e1-9c0d-c005620cdd67,203514216,2016
2016-12-05,2016_12_05_DMLST.tif,217e685b-62f6-400c-8d93-b24361437f89,203537011,2016
2016-12-06,2016_12_06_DMLST.tif,d18e2624-56ac-440a-b276-e142fe6b0755,203000018,2016
2016-12-07,2016_12_07_DMLST.tif,c3462011-b436-4f02-81f9-9550421d3160,203125762,2016
2016-12-08,2016_12_08_DMLST.tif,7742f471-e637-40c3-9e0c-9e63d501382d,203288615,2016
2016-12-09,2016_12_09_DMLST.tif,dc55736d-0ab5-46f1-b280-461b14582f90,203799660,2016
2016-12-10,2016_12_10_DMLST.tif,a9aad1f4-27b0-474e-b03e-5d7497460a78,204509155,2016
2016-12-11,2016_12_11_DMLST.tif,857fec0c-de77-4137-ac6e-9e25a82ca244,204411677,2016
2016-12-12,2016_12_12_DMLST.tif,5f61bc92-5a61-4be8-91c7-0b52c5937614,203919371,2016
2016-12-13,2016_12_13_DMLST.tif,60be80a4-e9c6-4da7-b10c-14ecd7b7a109,203701821,2016
2016-12-14,2016_12_14_DMLST.tif,8bce0c78-45a1-4bdf-90f1-53c415441e80,204251663,2016
2016-12-15,2016_12_15_DMLST.tif,ddf632a9-4fd6-4cb4-8a91-196737440b91,204939425,2016
2016-12-16,2016_12_16_DMLST.tif,21d9c584-1fc4-4423-be59-8401dc2f740b,204308917,2016
2016-12-17,2016_12_17_DMLST.tif,f3a85d3f-5100-4f23-acfd-f3f647902d33,203439771,2016
2016-12-18,2016_12_18_DMLST.tif,675367c0-cc74-4fb8-a5d9-cea9a1609c64,202923444,2016
2016-12-19,2016_12_19_DMLST.tif,4cec6091-5899-4327-a6f4-1140559617a9,202858917,2016
2016-12-20,2016_12_20_DMLST.tif,53686453-883d-404b-87ca-8a7c3a01e226,203590660,2016
2016-12-21,2016_12_21_DMLST.tif,04ae1fcc-00a5-464d-beec-e3eb3aeb2a16,203761639,2016
2016-12-22,2016_12_22_DMLST.tif,2919a2b4-aac4-4ad7-bc6e-feff3bf79712,203362401,2016
2016-12-23,2016_12_23_DMLST.tif,5ec03d02-9bfa-4662-8dc2-d3206d53d582,202882678,2016
2016-12-24,2016_12_24_DMLST.tif,513fb457-22b1-4cdc-a95a-c3465327960b,203345329,2016
2016-12-25,2016_12_25_DMLST.tif,56055c6d-ead9-4e2e-8f91-cfa3467359eb,203374732,2016
2016-12-26,2016_12_26_DMLST.tif,cc17aab2-d615-4663-ad77-2c31446bd81a,204092487,2016
2016-12-27,2016_12_27_DMLST.tif,61388f9a-0f2a-4157-8d4b-67fc49adc784,204434548,2016
2016-12-28,2016_12_28_DMLST.tif,0059f8c5-f057-4e9e-a708-912be01e673c,204981584,2016
2016-12-29,2016_12_29_DMLST.tif,9dd82269-de84-48b4-9ec2-bf77cf0aa3dd,204587121,2016
2016-12-30,2016_12_30_DMLST.tif,02c2f1b4-2026-4878-875b-311ec9aa60cc,204735088,2016
2016-12-31,2016_12_31_DMLST.tif,ece020b9-e920-45b4-aeb7-635bbae86e87,205030996,2016
2017-01-01,2017_01_01_DMLST.tif,4890f89b-7ab9-4ff2-9dae-975ccf458214,205095806,2017
2017-01-02,2017_01_02_DMLST.tif,d7fab222-b373-4936-9a26-8191f9140709,205359932,2017
2017-01-03,2017_01_03_DMLST.tif,db4e5698-ec59-4bf7-8988-5fedf28f8258,204603888,2017
2017-01-04,2017_01_04_DMLST.tif,62270a02-ab40-46dc-8d13-5d5b16ccaa9b,204347799,2017
2017-01-05,2017_01_05_DMLST.tif,5cb093c0-77af-4c34-9714-8d938b8fe350,203710433,2017
2017-01-06,2017_01_06_DMLST.tif,c9cbac2e-7d82-41f7-aa57-bbc1539668df,203614921,2017
2017-01-07,2017_01_07_DMLST.tif,08cfa514-5706-406e-bf32-745c65baeb10,202974914,2017
2017-01-08,2017_01_08_DMLST.tif,faa244bb-d03b-40b8-a480-ad1c315bdd63,203161780,2017
2017-01-09,2017_01_09_DMLST.tif,b057ddce-4a55-4960-b5ad-2669b1526153,203912915,2017
2017-01-10,2017_01_10_DMLST.tif,c4bdcd08-2636-486e-b03b-915f21935ec5,203850996,2017
2017-01-11,2017_01_11_DMLST.tif,5f9a266e-1e02-4416-a215-8d0663ab6993,203742722,2017
2017-01-12,2017_01_12_DMLST.tif,a71969c1-de89-4d65-b772-47d22e04fc2c,203336352,2017
2017-01-13,2017_01_13_DMLST.tif,b47a8e5e-6a90-4d83-b57b-c1930ecc073a,203603067,2017
2017-01-14,2017_01_14_DMLST.tif,89ebfa7a-d067-4368-ad61-fefc3af33510,203729577,2017
2017-01-15,2017_01_15_DMLST.tif,f9ff713a-83af-4cd2-9f4a-6542dabbc6cf,203838819,2017
2017-01-16,2017_01_16_DMLST.tif,bfd4bcbb-4b91-4b07-a15c-31dbb4a8c96f,203693660,2017
2017-01-17,2017_01_17_DMLST.tif,fafdbe61-79c4-4a0f-9012-c129bcd393ad,203652232,2017
2017-01-18,2017_01_18_DMLST.tif,174ba2a9-9485-4a65-b65e-6eb26fec039e,203764529,2017
2017-01-19,2017_01_19_DMLST.tif,07f6abea-d59a-4e54-befb-64369793fc56,203530409,2017
2017-01-20,2017_01_20_DMLST.tif,b85e5dea-0d39-4c31-a58d-18fa507a9ed2,204101627,2017
2017-01-21,2017_01_21_DMLST.tif,e2e58a71-2596-4391-9384-33e966c83d65,204764070,2017
2017-01-22,2017_01_22_DMLST.tif,d96f0727-4a38-4619-9426-3051c009e0b5,204941097,2017
2017-01-23,2017_01_23_DMLST.tif,891ee3c4-8f94-4327-a0d4-20f77106f52d,205110317,2017
2017-01-24,2017_01_24_DMLST.tif,ec7c5b5b-b8e5-4e15-9007-920f5f62f3f2,205536674,2017
2017-01-25,2017_01_25_DMLST.tif,ef385c2d-1ebc-46ac-a38d-f59c4b9e19f4,205974621,2017
2017-01-26,2017_01_26_DMLST.tif,85f9de6c-cccb-4667-9847-9935d90ade8b,205494151,2017
2017-01-27,2017_01_27_DMLST.tif,6a70cec3-9481-4dee-ba0e-c6ec3e92628d,205575578,2017
2017-01-28,2017_01_28_DMLST.tif,a00d6c77-f800-4f3a-ad3d-0eca413231f1,205254275,2017
2017-01-29,2017_01_29_DMLST.tif,5beabd60-22f0-4ecf-b6bb-245f3863a64a,204817051,2017
2017-01-30,2017_01_30_DMLST.tif,ce7f0d70-0af6-40f3-b336-42ed937608b2,204450171,2017
2017-01-31,2017_01_31_DMLST.tif,c971abaf-ee64-4b82-b714-9104221115a5,203972459,2017
2017-02-01,2017_02_01_DMLST.tif,4cfb0be0-a4df-40c1-9756-e5e70f3a1c47,203936623,2017
2017-02-02,2017_02_02_DMLST.tif,ced0cb61-8bc5-4c26-aff5-7bd6a9316297,204504131,2017
2017-02-03,2017_02_03_DMLST.tif,3b7fcc9e-4157-4a0a-81ac-324d362ecbdd,204492812,2017
2017-02-04,2017_02_04_DMLST.tif,c485ebfc-24bb-4feb-b789-120420d3d135,203956030,2017
2017-02-05,2017_02_05_DMLST.tif,eb0d11a4-df83-40f5-84fa-a06aa482aaa0,203758526,2017
2017-02-06,2017_02_06_DMLST.tif,ca84ebb7-2f78-4771-823f-c4c56575a7d6,203376262,2017
2017-02-07,2017_02_07_DMLST.tif,7698ff0a-1662-422c-b0da-ac35540ae59a,202730698,2017
2017-02-08,2017_02_08_DMLST.tif,21b8eaa0-0d61-4b48-8818-f59719bc753b,202753201,2017
2017-02-09,2017_02_09_DMLST.tif,95c2a401-0c56-4c43-8255-307a4ccc906a,202516857,2017
2017-02-10,2017_02_10_DMLST.tif,fee2bbbd-fd8a-411f-b9f1-d928ba0c8e53,202647903,2017
2017-02-11,2017_02_11_DMLST.tif,e2049d77-acf2-4073-a6a3-02e51ba35499,203167715,2017
2017-02-12,2017_02_12_DMLST.tif,89cfe753-8ef3-4c86-b7bf-1f11f3930661,203750661,2017
2017-02-13,2017_02_13_DMLST.tif,6cffdbb7-a543-41ac-a00b-e8f0e76e7487,204551663,2017
2017-02-14,2017_02_14_DMLST.tif,68d83eb0-c8a4-4b76-af19-08831c7ba735,204935297,2017
2017-02-15,2017_02_15_DMLST.tif,20d389fa-3d86-4836-9df9-196dc409c410,204337733,2017
2017-02-16,2017_02_16_DMLST.tif,1e8c8de2-f46c-4a83-bb1c-0a14821d4325,204514199,2017
2017-02-17,2017_02_17_DMLST.tif,631534ff-082e-446b-bfe4-edb8b453a051,205116403,2017
2017-02-18,2017_02_18_DMLST.tif,c7d11f54-c234-4b17-bdb2-7574e121e9c0,205793365,2017
2017-02-19,2017_02_19_DMLST.tif,de6674c5-35e3-430f-a5bd-e43eee039961,205483468,2017
2017-02-20,2017_02_20_DMLST.tif,af27118c-d1e0-41e6-8516-9b8f4814a87b,205382551,2017
2017-02-21,2017_02_21_DMLST.tif,267067cf-2185-4662-922b-119c088b0001,205295758,2017
2017-02-22,2017_02_22_DMLST.tif,0a48eec6-f48f-44d5-9f44-996b6412c728,204981123,2017
2017-02-23,2017_02_23_DMLST.tif,e4d4317a-1705-4ec7-9f05-73b0e856df6d,204975605,2017
2017-02-24,2017_02_24_DMLST.tif,4e9b4bfc-fca8-4a34-af4f-94c530d17f19,205063696,2017
2017-02-25,2017_02_25_DMLST.tif,578a6c96-a4de-4c2a-8779-d56f48d46108,204993748,2017
2017-02-26,2017_02_26_DMLST.tif,3f2ca1f7-8174-4ec0-b7c8-d25d7e439aa3,205010801,2017
2017-02-27,2017_02_27_DMLST.tif,a224d37c-9c34-43fe-bbd2-014c5bae9a68,204423915,2017
2017-02-28,2017_02_28_DMLST.tif,389dace3-689e-4f8f-9abb-97a99a58070b,203682774,2017
2017-03-01,2017_03_01_DMLST.tif,7dd41e24-4570-4e1c-8240-ebde5e39d566,203917563,2017
2017-03-02,2017_03_02_DMLST.tif,75122880-c7a4-4430-af4f-f93b19fcb9ef,203696031,2017
2017-03-03,2017_03_03_DMLST.tif,bc915751-26f8-46a3-983a-b58e9b8a3a06,203035064,2017
2017-03-04,2017_03_04_DMLST.tif,745befdb-6117-4c09-a87b-e0eebe83cf61,203354113,2017
2017-03-05,2017_03_05_DMLST.tif,715a8033-e73b-4c4e-a752-b7d4972899a0,203382983,2017
2017-03-06,2017_03_06_DMLST.tif,b4b408d5-bba0-4c6b-b93d-0b02641980fd,203387754,2017
2017-03-07,2017_03_07_DMLST.tif,cc321d3c-871c-4110-beaa-d845d4fcd2cf,203899934,2017
2017-03-08,2017_03_08_DMLST.tif,47bd5189-e86c-449d-97fe-99851e73b0ce,204002192,2017
2017-03-09,2017_03_09_DMLST.tif,b5d3fe52-d87d-4209-9924-7fa4f11dad97,203703338,2017
2017-03-10,2017_03_10_DMLST.tif,717f0aed-762b-4624-a9f8-0f6d97aad561,203613528,2017
2017-03-11,2017_03_11_DMLST.tif,831dd1ce-f92f-4566-b371-ec6f6956297b,204321567,2017
2017-03-12,2017_03_12_DMLST.tif,a32ba8fb-fdbd-4db2-9fa8-3044a8192ccc,204421137,2017
2017-03-13,2017_03_13_DMLST.tif,5edc7eab-e9b5-42a8-b205-1746952bd0ca,204765860,2017
2017-03-14,2017_03_14_DMLST.tif,bb34b66b-3eca-40e2-97d7-a59901e36b56,205045257,2017
2017-03-15,2017_03_15_DMLST.tif,095e4a3e-aa87-40e3-b53a-b84aada1e352,205494286,2017
2017-03-16,2017_03_16_DMLST.tif,2265ecc5-a294-45fb-9769-2a9eebfe12b6,205652625,2017
2017-03-17,2017_03_17_DMLST.tif,c493b334-8961-4442-a780-791014b909f3,204994827,2017
2017-03-18,2017_03_18_DMLST.tif,5eb5afe4-71e2-4f40-aae5-f403922145c4,204829207,2017
2017-03-19,2017_03_19_DMLST.tif,d253d2d8-8c9c-4c75-b863-f08e6d501536,205270624,2017
2017-03-20,2017_03_20_DMLST.tif,f92a9bb3-73d4-41dd-9ff5-3770386b19a6,205493919,2017
2017-03-21,2017_03_21_DMLST.tif,cc5b7ad6-f4c3-45b6-b10a-c906e74412d4,205076774,2017
2017-03-22,2017_03_22_DMLST.tif,0dbd542e-8811-4e46-8f2f-b053b397e88e,205063241,2017
2017-03-23,2017_03_23_DMLST.tif,5d12609b-6716-46bb-82fc-b46ab30d74bd,205325415,2017
2017-03-24,2017_03_24_DMLST.tif,dad27346-9eff-4b4d-ba2a-13111ce40132,205097378,2017
2017-03-25,2017_03_25_DMLST.tif,5774c239-cdc6-4d17-8fa8-30cfb589c5a6,205012741,2017
2017-03-26,2017_03_26_DMLST.tif,0b2868ca-d600-4726-a42e-1fe0d083862d,205255849,2017
2017-03-27,2017_03_27_DMLST.tif,3df0abd3-890e-4e8b-8906-5d7575ddf16b,205381073,2017
2017-03-28,2017_03_28_DMLST.tif,ec174391-b846-47f1-98f3-763a8d725096,205535926,2017
2017-03-29,2017_03_29_DMLST.tif,36455db7-4e1e-4c26-80ef-39edfb1ace5d,205680864,2017
2017-03-30,2017_03_30_DMLST.tif,596841db-a21d-42fb-a31b-c2528ca10c5b,205926365,2017
2017-03-31,2017_03_31_DMLST.tif,871d5451-fb3a-41f1-b955-967154319ca3,205995548,2017
2017-04-01,2017_04_01_DMLST.tif,33dae851-fa6e-45b5-bef7-168854617b00,205957304,2017
2017-04-02,2017_04_02_DMLST.tif,5230f111-3e3b-42ac-b94a-9406e8beb1b5,206118728,2017
2017-04-03,2017_04_03_DMLST.tif,0cf93d1b-780b-4367-9e80-96b7831e7bd0,205810340,2017
2017-04-04,2017_04_04_DMLST.tif,c523a6dd-a3f5-4c39-99c8-ec4a4bd9df15,204623727,2017
2017-04-05,2017_04_05_DMLST.tif,46b89d61-ac96-4284-a837-a857fd3c4586,204977091,2017
2017-04-06,2017_04_06_DMLST.tif,52c346c2-2b73-4d7c-95af-7ec67e89bf69,205605806,2017
2017-04-07,2017_04_07_DMLST.tif,0529b804-4c3d-4d38-afdc-7ab2cb9372bd,205356649,2017
2017-04-08,2017_04_08_DMLST.tif,b62e2503-57b7-4f1f-b56b-294b4b5f6807,204972667,2017
2017-04-09,2017_04_09_DMLST.tif,e65660a8-84c6-4f1b-934b-e3592c82942f,204868863,2017
2017-04-10,2017_04_10_DMLST.tif,f1507789-edd2-4ee9-9439-5a79ee28ae3b,204500263,2017
2017-04-11,2017_04_11_DMLST.tif,f2d3ec1d-6d5d-4d63-aff3-3b4dba00160e,204482573,2017
2017-04-12,2017_04_12_DMLST.tif,0f6beeb0-96c5-47a3-bf89-dc8d5579ab70,205571126,2017
2017-04-13,2017_04_13_DMLST.tif,422a6847-ed80-4f8c-9c2b-0eaf17e8f23d,205678323,2017
2017-04-14,2017_04_14_DMLST.tif,aae48e26-56d3-4219-ae4c-9f0f2747288c,205551268,2017
2017-04-15,2017_04_15_DMLST.tif,c0005ddc-654b-4c99-a9a7-f2926a2f17c3,205554876,2017
2017-04-16,2017_04_16_DMLST.tif,5b63b9d4-c801-4af2-ad24-0112fc97f634,205567377,2017
2017-04-17,2017_04_17_DMLST.tif,c44d6b05-f1ce-409b-8831-48e00a8ff14b,205424807,2017
2017-04-18,2017_04_18_DMLST.tif,7b0be41e-cd91-4aeb-a194-8b4fb8424214,205633888,2017
2017-04-19,2017_04_19_DMLST.tif,ae5c9372-2137-420e-8f4a-b560faf8f501,205666416,2017
2017-04-20,2017_04_20_DMLST.tif,c7009c08-1a51-4e3d-9a85-eac21e6c0b2d,205051677,2017
2017-04-21,2017_04_21_DMLST.tif,9474a17f-4efc-46a8-815a-1ac426447fad,205497048,2017
2017-04-22,2017_04_22_DMLST.tif,db864d6f-58d2-4a24-945f-2e9fbd971b9c,205355628,2017
2017-04-23,2017_04_23_DMLST.tif,0f4fe668-903f-4d2f-aaec-7b0d707236f7,205441936,2017
2017-04-24,2017_04_24_DMLST.tif,f06999bb-ae3d-473a-b50c-b3f455033f2b,205706601,2017
2017-04-25,2017_04_25_DMLST.tif,2d081175-37b7-41ea-a420-f236ed334ddb,205768229,2017
2017-04-26,2017_04_26_DMLST.tif,6c07efc9-18c1-4de8-867c-753237603d68,206136419,2017
2017-04-27,2017_04_27_DMLST.tif,cdf278b1-2de0-4117-9d22-fd19d0ea0660,206485350,2017
2017-04-28,2017_04_28_DMLST.tif,6983c45a-8e37-433e-a907-da6d3bd18712,206986936,2017
2017-04-29,2017_04_29_DMLST.tif,e5842019-7e97-4abd-bcad-4655885d368c,206436319,2017
2017-04-30,2017_04_30_DMLST.tif,8956768d-e8fa-449e-bb75-216530fc4542,206094453,2017
2017-05-01,2017_05_01_DMLST.tif,05815cc0-eef0-410d-a559-db8e91da29de,205759336,2017
2017-05-02,2017_05_02_DMLST.tif,6d624441-6f9c-4e2c-9357-ebeca90438eb,205666785,2017
2017-05-03,2017_05_03_DMLST.tif,a6ce6b97-13c3-42c7-83e8-4a12c242f7b9,205451457,2017
2017-05-04,2017_05_04_DMLST.tif,c3990d33-9a73-4038-ae6f-1b2aa16d3a92,205185416,2017
2017-05-05,2017_05_05_DMLST.tif,9eabff2c-8618-4c1b-85f9-72b5a49b00bf,205121172,2017
2017-05-06,2017_05_06_DMLST.tif,a7aab357-dc4e-43a6-a5c2-1457e50e0751,205585147,2017
2017-05-07,2017_05_07_DMLST.tif,9cb4765c-3494-426d-a47d-9b91cf23c8af,205557870,2017
2017-05-08,2017_05_08_DMLST.tif,6a578013-5470-46fb-99e8-0e13aa767687,205354107,2017
2017-05-09,2017_05_09_DMLST.tif,c1691451-9f49-43ee-8c9a-67e007398b43,205359680,2017
2017-05-10,2017_05_10_DMLST.tif,e8bdc3bd-c548-4671-bad3-a22569bbe040,205621284,2017
2017-05-11,2017_05_11_DMLST.tif,643a16dc-014e-47d4-b068-e02ffa9901b4,205807233,2017
2017-05-12,2017_05_12_DMLST.tif,a1dbe565-e6f8-4d32-8820-84a5c85da288,205805414,2017
2017-05-13,2017_05_13_DMLST.tif,9b8c9acd-83e5-4610-a605-f64a946bc50a,205687073,2017
2017-05-14,2017_05_14_DMLST.tif,90db575e-80c1-472d-8583-47c68c6675d6,206037085,2017
2017-05-15,2017_05_15_DMLST.tif,38c48a90-8455-4452-a80b-35383b168264,205651569,2017
2017-05-16,2017_05_16_DMLST.tif,bfd8c25f-42a5-4108-bd1f-9b656a74f9f8,205692730,2017
2017-05-17,2017_05_17_DMLST.tif,db5f5238-499e-41e8-8668-60676e0847e0,206121356,2017
2017-05-18,2017_05_18_DMLST.tif,a6dd61eb-9c77-47ca-8dee-3915ab2dd5b6,206240984,2017
2017-05-19,2017_05_19_DMLST.tif,d0d64e66-ecd1-4a6b-95df-52dfc2e7c48c,206010964,2017
2017-05-20,2017_05_20_DMLST.tif,72ec80ab-1f1c-4157-b5d9-e03703488833,206328598,2017
2017-05-21,2017_05_21_DMLST.tif,4f88c175-11f7-40cd-bc4f-822e13a7b83f,206664275,2017
2017-05-22,2017_05_22_DMLST.tif,b0e28bbb-4b02-4500-8cc3-a39258a002dd,205828807,2017
2017-05-23,2017_05_23_DMLST.tif,f43c377f-d41d-473e-b0f5-57ec0f08263a,205475971,2017
2017-05-24,2017_05_24_DMLST.tif,dd49c99a-073b-4c28-bd74-d03198736d17,205158627,2017
2017-05-25,2017_05_25_DMLST.tif,86923a36-d9d0-4b8b-b293-b2ba886760e2,204657079,2017
2017-05-26,2017_05_26_DMLST.tif,b1c5bd81-d99a-4c1e-91e2-075dcb7c482e,204667573,2017
2017-05-27,2017_05_27_DMLST.tif,6035884a-df17-4639-9902-1ce5a84c6e61,204565348,2017
2017-05-28,2017_05_28_DMLST.tif,f940fc9e-54f7-4f0d-bdd1-d2555cd84d3a,204808458,2017
2017-05-29,2017_05_29_DMLST.tif,4aaac74e-a5ba-4289-955f-d069f924d7b0,205117027,2017
2017-05-30,2017_05_30_DMLST.tif,c89a754b-735f-4955-9e9d-df6aea1190d6,205625655,2017
2017-05-31,2017_05_31_DMLST.tif,dc3fce00-892a-42b1-ae4f-779880fbcaa5,205538581,2017
2017-06-01,2017_06_01_DMLST.tif,0f827b42-214d-42e2-abf7-3e646ff49580,205686213,2017
2017-06-02,2017_06_02_DMLST.tif,1dca0fdc-02d7-4db7-a1f6-a57941470350,205896469,2017
2017-06-03,2017_06_03_DMLST.tif,35f828cd-1d1f-4e34-821d-fb6ff9a1fc03,205948324,2017
2017-06-04,2017_06_04_DMLST.tif,fd4a1f99-8a84-493a-976c-6b1021044966,205732096,2017
2017-06-05,2017_06_05_DMLST.tif,b6507c27-1804-4209-8160-9fc3e0f354e1,205554112,2017
2017-06-06,2017_06_06_DMLST.tif,980b559d-4d5f-43fd-b604-da3aa867e0b9,205855806,2017
2017-06-07,2017_06_07_DMLST.tif,7b81198f-7f32-4cae-9c36-b0b949cd45bd,204822969,2017
2017-06-08,2017_06_08_DMLST.tif,1f6517dc-38a7-4f11-82e3-030cb39c6645,204595231,2017
2017-06-09,2017_06_09_DMLST.tif,47004dfd-1206-4d2c-80b0-6ef45e174418,204468795,2017
2017-06-10,2017_06_10_DMLST.tif,ebd2e260-c4cb-4912-8fcf-4bb666a21eb1,204538873,2017
2017-06-11,2017_06_11_DMLST.tif,07000dbf-2e1c-44ad-83ea-23fcf96ca471,204545516,2017
2017-06-12,2017_06_12_DMLST.tif,9ab62104-3670-4d39-99a6-ad22902a323a,204383758,2017
2017-06-13,2017_06_13_DMLST.tif,581a6e55-cbc2-4e87-81b3-0f9ebb772a20,204488473,2017
2017-06-14,2017_06_14_DMLST.tif,9c2fada8-1e24-4c32-a751-c85c14f0b933,204432580,2017
2017-06-15,2017_06_15_DMLST.tif,58636ae0-c456-4d33-a179-16ecd38b1295,204576521,2017
2017-06-16,2017_06_16_DMLST.tif,1888dd08-3cf0-4469-80e2-e18c68fb3b23,204443304,2017
2017-06-17,2017_06_17_DMLST.tif,4514ff13-6246-4986-aa2b-e99d1911692a,204850013,2017
2017-06-18,2017_06_18_DMLST.tif,bbd71374-f782-44cd-b6f8-a76944ddf6da,204805413,2017
2017-06-19,2017_06_19_DMLST.tif,2331a274-8180-4b6d-9631-7520df292fef,204506181,2017
2017-06-20,2017_06_20_DMLST.tif,b5e2f38b-2033-4f85-9ddc-f4808a3ad18a,204518206,2017
2017-06-21,2017_06_21_DMLST.tif,56db458a-3d0c-46c7-9e66-4f8f977c3d64,204688905,2017
2017-06-22,2017_06_22_DMLST.tif,07e62d3e-3961-44fb-b3f5-b29f19c0a90a,204416213,2017
2017-06-23,2017_06_23_DMLST.tif,277e7c93-1a6a-49e7-82cf-b01162a948a6,203692542,2017
2017-06-24,2017_06_24_DMLST.tif,afde23bb-f08f-44f9-b015-2db5f361457c,204024580,2017
2017-06-25,2017_06_25_DMLST.tif,2bf585bd-3809-46e2-bf0e-c8f09f266811,203949204,2017
2017-06-26,2017_06_26_DMLST.tif,b0fe942a-30b0-4ea7-a410-50139b4d493d,203803957,2017
2017-06-27,2017_06_27_DMLST.tif,d0be7aa8-0991-425b-8902-5394a1d3067d,203528558,2017
2017-06-28,2017_06_28_DMLST.tif,20b5172c-b584-4950-a1f9-3930b049d486,203489135,2017
2017-06-29,2017_06_29_DMLST.tif,8f1f3672-9d3f-4b0d-8b65-52c18b567da1,203311288,2017
2017-06-30,2017_06_30_DMLST.tif,2c87840b-5b13-426e-b46f-1348efb38025,202816405,2017
2017-07-01,2017_07_01_DMLST.tif,4a8b8829-ddc5-466e-80a7-9b062c0389f2,203230966,2017
2017-07-02,2017_07_02_DMLST.tif,f24aa7ff-65c8-48a1-b275-a98de0479bac,203237002,2017
2017-07-03,2017_07_03_DMLST.tif,635f2964-56d8-463a-a740-93e42ae3bf11,203185665,2017
2017-07-04,2017_07_04_DMLST.tif,eec2aafa-0439-410d-a806-a2f4cb2245d2,202880603,2017
2017-07-05,2017_07_05_DMLST.tif,e135f298-05f3-44fd-9582-9f18ea8e8f27,202899541,2017
2017-07-06,2017_07_06_DMLST.tif,ea26e08f-b500-49e6-b102-f5bea5ed5104,202627400,2017
2017-07-07,2017_07_07_DMLST.tif,c8294bb2-4f65-471e-9434-b1f9aab6cd54,202579722,2017
2017-07-08,2017_07_08_DMLST.tif,8172324c-cbaa-4237-88a4-f8fe3cc79b54,202963037,2017
2017-07-09,2017_07_09_DMLST.tif,5e9e62a3-aa11-4f34-9bd1-69677bd53902,202329053,2017
2017-07-10,2017_07_10_DMLST.tif,e1a2a60e-90b5-46ec-9ee2-7f50395f1076,202266540,2017
2017-07-11,2017_07_11_DMLST.tif,eefb2284-5e83-4b4b-9ad5-63fe4783c562,202313547,2017
2017-07-12,2017_07_12_DMLST.tif,7c4902f9-9333-4fac-b916-3bf268ae2688,202127178,2017
2017-07-13,2017_07_13_DMLST.tif,ec534f8a-ff2a-4598-9e2a-b613f3516f28,202394136,2017
2017-07-14,2017_07_14_DMLST.tif,6038fdbe-87c0-4487-ab40-632f9e575e8a,202357806,2017
2017-07-15,2017_07_15_DMLST.tif,dfd99826-edfe-43d3-aede-42ab5d441357,202248235,2017
2017-07-16,2017_07_16_DMLST.tif,57fad09f-85ff-41cf-9517-86be710e321f,201997662,2017
2017-07-17,2017_07_17_DMLST.tif,b6f27ed0-af11-4c19-9a7b-eb8257ab4714,203126031,2017
2017-07-18,2017_07_18_DMLST.tif,39064433-0fd3-4941-9595-873bbcc8e674,203307521,2017
2017-07-19,2017_07_19_DMLST.tif,478fb366-2399-4406-ab91-8772ac99c2e5,204012438,2017
2017-07-20,2017_07_20_DMLST.tif,6808574b-d180-4251-b9a3-7b58ed348670,203668999,2017
2017-07-21,2017_07_21_DMLST.tif,1d695ae3-c363-4c2a-b7e0-626fa5eecdfd,203074857,2017
2017-07-22,2017_07_22_DMLST.tif,c749ba89-d6c8-45c9-b1b6-4b46de7951f0,202302639,2017
2017-07-23,2017_07_23_DMLST.tif,cca1a6fb-1120-4a9c-97ec-b6520c3b0d8b,201869465,2017
2017-07-24,2017_07_24_DMLST.tif,3f8bd915-d56b-4db0-bc06-0d165f5f82d5,202142981,2017
2017-07-25,2017_07_25_DMLST.tif,04bb9af3-148c-495f-ac6b-6a6291129e67,201502936,2017
2017-07-26,2017_07_26_DMLST.tif,7937100f-c2ed-4757-a27b-f80fceb4ef1d,201152688,2017
2017-07-27,2017_07_27_DMLST.tif,bd2bc59a-40e7-42de-94f5-fdd42bba74c7,200877055,2017
2017-07-28,2017_07_28_DMLST.tif,d2528d89-8df4-4466-bd11-0599d2d6b352,200729069,2017
2017-07-29,2017_07_29_DMLST.tif,93fc05c4-fb24-4607-9189-afe2da6d01e1,200660196,2017
2017-07-30,2017_07_30_DMLST.tif,2470ab49-d5ac-43a7-89e6-b5695f07d759,201146473,2017
2017-07-31,2017_07_31_DMLST.tif,89600f71-f559-4f76-8f3c-348ed402dc83,201337129,2017
2017-08-01,2017_08_01_DMLST.tif,982f1963-3e09-4d78-a287-8e32457a62df,201197803,2017
2017-08-02,2017_08_02_DMLST.tif,771873b4-b071-4f7a-99da-82c9753548d2,202498375,2017
2017-08-03,2017_08_03_DMLST.tif,c4630b8d-f465-4bcf-8198-cf0acede3f6b,202467410,2017
2017-08-04,2017_08_04_DMLST.tif,ec4f9c25-532f-4b7d-85ba-15b1a65b58de,202343852,2017
2017-08-05,2017_08_05_DMLST.tif,2b329cae-e571-42a5-8ec5-74892f9ec366,202312930,2017
2017-08-06,2017_08_06_DMLST.tif,25af04a5-891c-48a8-8c0f-8f7d876be13c,201780731,2017
2017-08-07,2017_08_07_DMLST.tif,075d6515-2668-4b4d-bc02-cd20f9b92182,201195946,2017
2017-08-08,2017_08_08_DMLST.tif,f045d316-e59a-4867-89c2-ed1e5c503463,201118331,2017
2017-08-09,2017_08_09_DMLST.tif,652124ad-9f01-4851-bab7-c79b4b782e1d,201335642,2017
2017-08-10,2017_08_10_DMLST.tif,d4a999f6-59ef-492f-aa59-7f6ef491e809,200231415,2017
2017-08-11,2017_08_11_DMLST.tif,93c97242-3a41-4cd5-aa8c-1b2e36b24894,200613478,2017
2017-08-12,2017_08_12_DMLST.tif,f2317719-0406-4107-a24f-e9b9c31dc1aa,200432759,2017
2017-08-13,2017_08_13_DMLST.tif,a1ee7190-75d1-4e91-8e60-da13426163fa,200332173,2017
2017-08-14,2017_08_14_DMLST.tif,f832d432-4c05-4925-8c3d-d9cf21ded989,200159649,2017
2017-08-15,2017_08_15_DMLST.tif,893dda92-b3ba-4df1-b70e-3d888fa16309,199961343,2017
2017-08-16,2017_08_16_DMLST.tif,42cdabe2-2d80-4557-8840-09f38a230202,200182475,2017
2017-08-17,2017_08_17_DMLST.tif,fc5bb7d2-c9a7-498d-8110-523fa1887a74,200504970,2017
2017-08-18,2017_08_18_DMLST.tif,25d62fb5-fb8a-4c2e-8e2a-cbffad2ea5b4,201944044,2017
2017-08-19,2017_08_19_DMLST.tif,f0892c3f-6f75-4fb5-ba94-dc34d4baa40b,201811469,2017
2017-08-20,2017_08_20_DMLST.tif,7f9adba4-00b4-4fda-ae17-53deca7c6d0b,201535340,2017
2017-08-21,2017_08_21_DMLST.tif,2afe89b0-ca9d-481e-9f4c-e4b30e310f6c,202080078,2017
2017-08-22,2017_08_22_DMLST.tif,9cb519de-992d-404c-86e6-c06e9938e6cf,202255859,2017
2017-08-23,2017_08_23_DMLST.tif,0fd5bd29-9f16-47f2-a751-30708630927a,202241586,2017
2017-08-24,2017_08_24_DMLST.tif,9dcf3d0a-f06a-4642-bd12-5af309fead6d,202405269,2017
2017-08-25,2017_08_25_DMLST.tif,b37b4f25-7ff5-47e2-9479-7622abec461f,202528398,2017
2017-08-26,2017_08_26_DMLST.tif,a9f97f1f-b7f7-43b1-a2b8-45ddd75a1a5d,200439656,2017
2017-08-27,2017_08_27_DMLST.tif,7ee7a35c-d674-4378-a52c-0dd2baba1a7a,200444869,2017
2017-08-28,2017_08_28_DMLST.tif,9a0a0dc2-5cb5-4694-abf4-a3d0b9878fa5,200494690,2017
2017-08-29,2017_08_29_DMLST.tif,e5d53c0e-516c-45c7-ae87-87e4fceaad97,200746144,2017
2017-08-30,2017_08_30_DMLST.tif,5574f45f-7c9e-41ea-a42b-710712f3b89f,200415444,2017
2017-08-31,2017_08_31_DMLST.tif,77718b65-6540-48a2-8c4d-0c9981ad411c,200149967,2017
2017-09-01,2017_09_01_DMLST.tif,da9514eb-120e-4114-bc14-1e768f3f22a7,200257823,2017
2017-09-02,2017_09_02_DMLST.tif,d58b6ace-241e-4c88-8767-617d4179cf75,200469234,2017
2017-09-03,2017_09_03_DMLST.tif,2c4984f1-6b11-4439-b1dd-d0195a30c6ab,202499359,2017
2017-09-04,2017_09_04_DMLST.tif,5e74c183-a6d7-423a-aece-f49a56c2c8f1,202341603,2017
2017-09-05,2017_09_05_DMLST.tif,044bed29-57f8-4d2e-a2cd-f30423dbde6e,202397347,2017
2017-09-06,2017_09_06_DMLST.tif,c0a6d6ab-4735-4181-bec9-de729e450109,202263294,2017
2017-09-07,2017_09_07_DMLST.tif,29ebf8e7-f72a-44c9-ad3a-96dbc4a21c7a,202003096,2017
2017-09-08,2017_09_08_DMLST.tif,a6e992b0-03b1-477d-a7d8-2c8c3a60002c,202140115,2017
2017-09-09,2017_09_09_DMLST.tif,f7e77f09-3bf2-4ad3-8f63-d503139445dc,202120114,2017
2017-09-10,2017_09_10_DMLST.tif,82bd9d74-43eb-4341-9825-31efa7d8c80b,202267167,2017
2017-09-11,2017_09_11_DMLST.tif,1362ce84-2742-46d0-ba1e-9d0ad1a23329,201525886,2017
2017-09-12,2017_09_12_DMLST.tif,30442de0-a751-4b81-ba92-bfe1679e68a0,201537337,2017
2017-09-13,2017_09_13_DMLST.tif,af2af5e9-972f-499a-8103-0ffc5274cdea,201629944,2017
2017-09-14,2017_09_14_DMLST.tif,c21e32ca-0ea3-4be2-982f-834031f6a57f,201383421,2017
2017-09-15,2017_09_15_DMLST.tif,a2a9d06b-c897-414f-ba8d-c1a84cec54d4,201421461,2017
2017-09-16,2017_09_16_DMLST.tif,eea1ea92-ca92-41d2-ae1b-6453bce5fd86,201648536,2017
2017-09-17,2017_09_17_DMLST.tif,7455ffd5-9fac-435c-96f4-b180acac3dc0,202085209,2017
2017-09-18,2017_09_18_DMLST.tif,b8e577c4-4c04-4f26-a225-8fc5879fe565,201988026,2017
2017-09-19,2017_09_19_DMLST.tif,c8bb0a00-c04b-47bb-af06-593cae1a45a4,203669875,2017
2017-09-20,2017_09_20_DMLST.tif,06ded46a-33dd-48aa-8367-7f87d5b42599,203548537,2017
2017-09-21,2017_09_21_DMLST.tif,4451567f-335e-4ea6-93b7-cd3842fb6cce,203963264,2017
2017-09-22,2017_09_22_DMLST.tif,40c4951a-c095-4a80-a0da-b4457ec0cffd,204357990,2017
2017-09-23,2017_09_23_DMLST.tif,fea8aed3-5a03-4c9b-af3d-b30bc5080f7a,204697184,2017
2017-09-24,2017_09_24_DMLST.tif,598b58f8-81b3-474b-8972-8464497bfc26,204822106,2017
2017-09-25,2017_09_25_DMLST.tif,1111da44-b36c-4af4-8f6c-f50c0e0082be,204976121,2017
2017-09-26,2017_09_26_DMLST.tif,26ee4136-443f-4e90-9948-54e1adf7d695,205152728,2017
2017-09-27,2017_09_27_DMLST.tif,9b536062-8093-417b-a05d-309eaa41e358,203915283,2017
2017-09-28,2017_09_28_DMLST.tif,0d3a60e7-3c2a-4259-bdba-5ae045202b95,203814680,2017
2017-09-29,2017_09_29_DMLST.tif,a85d1b67-1f1e-42db-b8b5-564032e72cad,204166660,2017
2017-09-30,2017_09_30_DMLST.tif,81b29061-97b7-4467-a93d-cb8dbe4ed0a7,204028870,2017
2017-10-01,2017_10_01_DMLST.tif,28de97ab-7e6d-4968-b508-1d4cef497aec,203512117,2017
2017-10-02,2017_10_02_DMLST.tif,04310cd5-9d4e-4571-bb0a-205cc055a31e,203295680,2017
2017-10-03,2017_10_03_DMLST.tif,1d51eeb8-870d-4e04-917a-d898f175e725,203905708,2017
2017-10-04,2017_10_04_DMLST.tif,47d9cb69-80c3-4134-a20a-76aa52dddbbb,204493146,2017
2017-10-05,2017_10_05_DMLST.tif,0f675503-0b2d-44dd-83f1-e0df77831a02,206144409,2017
2017-10-06,2017_10_06_DMLST.tif,c4894248-c67f-407a-a0bd-d820f544faff,205892391,2017
2017-10-07,2017_10_07_DMLST.tif,da0fc307-f117-4aa3-a27a-5e9639a388aa,205902468,2017
2017-10-08,2017_10_08_DMLST.tif,a630a4b7-4bbb-4d85-af66-6a3ae1de02da,205964974,2017
2017-10-09,2017_10_09_DMLST.tif,46aad554-d383-4247-b1d9-5f5c8b03cda3,205808869,2017
2017-10-10,2017_10_10_DMLST.tif,142bcd38-c218-46f0-8d7b-f2524e2f31ae,206007722,2017
2017-10-11,2017_10_11_DMLST.tif,18597171-af68-419d-9907-147b626b20f3,205914240,2017
2017-10-12,2017_10_12_DMLST.tif,4bc9bdf0-bace-4f6b-aa13-4fbf482dcb6b,205978749,2017
2017-10-13,2017_10_13_DMLST.tif,bca0c1b7-f5df-42f2-b4da-9046df2db37c,205537225,2017
2017-10-14,2017_10_14_DMLST.tif,07c0dacb-dcee-4a94-ada4-07bee2e1462b,205287433,2017
2017-10-15,2017_10_15_DMLST.tif,d8a8bc8e-c473-490a-8a2b-71293669b469,205685022,2017
2017-10-16,2017_10_16_DMLST.tif,920dd91d-2191-42be-974f-0886c67812e9,205877524,2017
2017-10-17,2017_10_17_DMLST.tif,4c95a7f8-0369-4037-9bfe-7809dcd7d48b,205887193,2017
2017-10-18,2017_10_18_DMLST.tif,d2dfa800-3cbf-43ec-83c3-97978a55b9ec,205598782,2017
2017-10-19,2017_10_19_DMLST.tif,ebaf6982-b6f1-4b61-8176-7f4d005444d9,205242635,2017
2017-10-20,2017_10_20_DMLST.tif,c6d8efd1-fb88-4c4e-92c3-415c74fe7fbd,205016902,2017
2017-10-21,2017_10_21_DMLST.tif,c5064407-7681-4f10-9515-d4f31c8fc8b9,207051664,2017
2017-10-22,2017_10_22_DMLST.tif,f45176fb-2139-4776-aa89-c9e6e012537b,207405635,2017
2017-10-23,2017_10_23_DMLST.tif,370998a2-b836-4402-b2a6-c5d5e867d3ac,207727019,2017
2017-10-24,2017_10_24_DMLST.tif,3e002fa3-9470-45e5-9c61-1c48061fe684,207877382,2017
2017-10-25,2017_10_25_DMLST.tif,ef064b28-224e-4b54-8501-3a155e4139d9,207533688,2017
2017-10-26,2017_10_26_DMLST.tif,37f0b21c-365e-4700-b2ff-9c3345ec06eb,207056541,2017
2017-10-27,2017_10_27_DMLST.tif,8b461d1d-c609-4acb-a6c2-401185c14146,206879896,2017
2017-10-28,2017_10_28_DMLST.tif,5ec92adf-4e37-4300-bf5b-fc375a52583c,207214670,2017
2017-10-29,2017_10_29_DMLST.tif,72189829-98fe-41d5-85f4-62e7805c1896,206680876,2017
2017-10-30,2017_10_30_DMLST.tif,ae16126c-a6c1-4498-8308-c4f59efe460a,206746592,2017
2017-10-31,2017_10_31_DMLST.tif,057862d9-c422-4df4-bb5d-f70929b64265,206853948,2017
2017-11-01,2017_11_01_DMLST.tif,40e7bfbd-5c54-46b5-9722-6439bdaa0283,206785344,2017
2017-11-02,2017_11_02_DMLST.tif,0578d2f9-0ebb-4e78-9318-87a13a917407,206524993,2017
2017-11-03,2017_11_03_DMLST.tif,d0004def-8262-48e0-b4fb-293041988020,206629597,2017
2017-11-04,2017_11_04_DMLST.tif,49c18578-6d99-4140-bfaa-19a5924c58e9,207001191,2017
2017-11-05,2017_11_05_DMLST.tif,e6fbf5ed-22a0-4fed-a5bb-5cc8efc3cf62,206965514,2017
2017-11-06,2017_11_06_DMLST.tif,bfa6479e-4ba6-4326-95f2-7ad798cdb4c2,208115291,2017
2017-11-07,2017_11_07_DMLST.tif,e56ac31c-e918-41d0-8206-8f0384988bd4,207773063,2017
2017-11-08,2017_11_08_DMLST.tif,0de0f9c0-643d-47bb-aeea-4ab1f44141bf,207443709,2017
2017-11-09,2017_11_09_DMLST.tif,99a50a5e-515a-4a48-8d93-525c9c0f0ee2,206956679,2017
2017-11-10,2017_11_10_DMLST.tif,ac080c41-55ba-49c8-b163-b02957f4f613,206929038,2017
2017-11-11,2017_11_11_DMLST.tif,d3138fb7-d165-4801-a8a8-1505d459b7ef,207381685,2017
2017-11-12,2017_11_12_DMLST.tif,7830b4db-16f1-46bf-bce0-8d9305242a74,207167417,2017
2017-11-13,2017_11_13_DMLST.tif,a2ccadca-090e-4643-8c1e-fd9e8b3e5572,206845183,2017
2017-11-14,2017_11_14_DMLST.tif,3771da39-6665-4090-acb9-cc97526bfcfd,206131077,2017
2017-11-15,2017_11_15_DMLST.tif,05bdcdc6-1fc2-402c-99b4-e64796194e91,205814198,2017
2017-11-16,2017_11_16_DMLST.tif,f4946ed4-932d-4068-82eb-ec1e2dcc374d,205677614,2017
2017-11-17,2017_11_17_DMLST.tif,7ddceab1-2706-4b08-aad7-c79759168f21,205487325,2017
2017-11-18,2017_11_18_DMLST.tif,49b71ddf-be5b-4a84-ba6a-d9432381acbd,205474370,2017
2017-11-19,2017_11_19_DMLST.tif,c98e9fd9-29b4-4df7-98c2-3ea6b67b0c5f,205961307,2017
2017-11-20,2017_11_20_DMLST.tif,8a76f4fc-2747-4f53-8710-47cb4c439f10,206445298,2017
2017-11-21,2017_11_21_DMLST.tif,20cbb09e-c717-4a5f-a8ee-de1be2533bf9,206255764,2017
2017-11-22,2017_11_22_DMLST.tif,1a71c9e1-2c46-4333-8c71-5fa0fba2c661,206933562,2017
2017-11-23,2017_11_23_DMLST.tif,37950f30-0491-458b-a1f8-baae42a462b7,207005867,2017
2017-11-24,2017_11_24_DMLST.tif,925beb88-94d1-4626-b242-0b47faf21e17,206280595,2017
2017-11-25,2017_11_25_DMLST.tif,c570ab0b-a65f-415e-8d7c-fa6daf7feef8,205840524,2017
2017-11-26,2017_11_26_DMLST.tif,e7bd6731-ea9b-400d-94fc-36134fa3f40a,205923205,2017
2017-11-27,2017_11_27_DMLST.tif,3c4aa6b5-ad34-4c22-8c64-79a4316b7bbf,205595986,2017
2017-11-28,2017_11_28_DMLST.tif,4baded53-e54d-4376-b25b-3d5fde743c1c,205262855,2017
2017-11-29,2017_11_29_DMLST.tif,473bede0-f36a-4a7e-92f6-c25532b2c790,205087352,2017
2017-11-30,2017_11_30_DMLST.tif,48ffad92-d35b-4e41-9c06-f7d4a9fab581,204471990,2017
2017-12-01,2017_12_01_DMLST.tif,92ea5b60-372c-4c23-80e7-0ed491876983,205116687,2017
2017-12-02,2017_12_02_DMLST.tif,9a9b9cab-1366-4c86-a5c5-e51e784cc642,205182150,2017
2017-12-03,2017_12_03_DMLST.tif,e7e5eb7b-9dfc-4254-ab56-08dc6bcb5796,205427025,2017
2017-12-04,2017_12_04_DMLST.tif,e6f596d7-e4c1-41a5-93e7-932aed267b69,206002681,2017
2017-12-05,2017_12_05_DMLST.tif,a0cfaa0b-01a5-4231-b26f-00305dd4ae18,206334453,2017
2017-12-06,2017_12_06_DMLST.tif,dfc3a2ea-7c71-44fd-84c7-db19ea1d9042,206140315,2017
2017-12-07,2017_12_07_DMLST.tif,491e9033-9e11-4f5e-9452-f762cf5ae3be,206451734,2017
2017-12-08,2017_12_08_DMLST.tif,a74e837d-36d5-482e-a1ca-e4c6a3ec326f,206430891,2017
2017-12-09,2017_12_09_DMLST.tif,050c722a-60c1-4d2e-9f32-3e803fb5cdab,205865726,2017
2017-12-10,2017_12_10_DMLST.tif,e58adf92-f5d6-4e06-b538-74c6a52f59c7,205463136,2017
2017-12-11,2017_12_11_DMLST.tif,119ddd97-b768-47cd-af32-cd59e5abdcda,205303163,2017
2017-12-12,2017_12_12_DMLST.tif,3b9c4292-2810-46a0-9a61-d749f2255bcc,204941799,2017
2017-12-13,2017_12_13_DMLST.tif,5f19d195-cf63-4bd9-a0c4-5b5b3a2ce4a3,204423896,2017
2017-12-14,2017_12_14_DMLST.tif,f5e1aa0f-39d9-43be-a3e8-2905588d75d1,204054810,2017
2017-12-15,2017_12_15_DMLST.tif,24cb9f0e-c58a-4c2c-8c0c-a8c030621692,203905870,2017
2017-12-16,2017_12_16_DMLST.tif,6820912b-b456-4534-b526-7851ee0a056d,204300857,2017
2017-12-17,2017_12_17_DMLST.tif,b95ecae0-038d-4aa6-b2d6-ba2443bae6bd,204308449,2017
2017-12-18,2017_12_18_DMLST.tif,7904b8c1-1f97-4d58-b931-7ee55eee1847,204754015,2017
2017-12-19,2017_12_19_DMLST.tif,fc399575-ab2d-4cc8-acf9-185fa98edf41,205234898,2017
2017-12-20,2017_12_20_DMLST.tif,54118a5e-9e83-4d95-ae73-194bc005ddc9,205367770,2017
2017-12-21,2017_12_21_DMLST.tif,16a4e4a5-8bab-4979-8162-2477187abe67,205217971,2017
2017-12-22,2017_12_22_DMLST.tif,9918c9bb-7c9f-4215-b9a7-e248729c3a74,204451773,2017
2017-12-23,2017_12_23_DMLST.tif,7384f05b-616b-4a06-8002-b2b7eafd4abd,203809847,2017
2017-12-24,2017_12_24_DMLST.tif,341eed7f-813d-4d6b-8967-5bd1f95d1c7d,203005848,2017
2017-12-25,2017_12_25_DMLST.tif,1466c157-997f-40e4-9499-5091f2e7d4f3,202941392,2017
2017-12-26,2017_12_26_DMLST.tif,c4be8e5b-0563-425d-8901-c285071cc6ad,203145001,2017
2017-12-27,2017_12_27_DMLST.tif,2fa13bbf-a0b6-4182-9277-b20a9b729a76,204324979,2017
2017-12-28,2017_12_28_DMLST.tif,b6c4634e-d431-4f4d-97f9-3936099cd2e3,204862720,2017
2017-12-29,2017_12_29_DMLST.tif,819c77c0-453e-46a3-9c47-6f83b9b68e69,204736797,2017
2017-12-30,2017_12_30_DMLST.tif,8bdc86b9-86f5-423f-8887-9578898969d4,204217944,2017
2017-12-31,2017_12_31_DMLST.tif,3dda7dfb-44c5-43da-87a7-d75828c075a5,203931875,2017
2018-01-01,2018_01_01_DMLST.tif,149b7c59-ec00-49cd-ba66-10be4301b1b1,203815887,2018
2018-01-02,2018_01_02_DMLST.tif,21ab9173-f72c-470c-960d-41852027470d,204213393,2018
2018-01-03,2018_01_03_DMLST.tif,aeebd7ba-f2ae-430b-b6fd-c63b5579162a,204651874,2018
2018-01-04,2018_01_04_DMLST.tif,7dc5e2ff-b950-42b6-9e3d-c99b9a9516b6,204306156,2018
2018-01-05,2018_01_05_DMLST.tif,97fbacd7-9e2b-466d-b2c8-9c8dabf387e9,203820419,2018
2018-01-06,2018_01_06_DMLST.tif,286d4d2e-b71d-4672-850b-2488984e633a,203858409,2018
2018-01-07,2018_01_07_DMLST.tif,d8a5fe98-423b-4fdf-8085-4855bf5b1166,204054305,2018
2018-01-08,2018_01_08_DMLST.tif,1cd26834-5422-4c7f-830c-ea348b58464c,203635521,2018
2018-01-09,2018_01_09_DMLST.tif,348d05d8-691d-4fed-8e1a-177d576b9bfd,203864851,2018
2018-01-10,2018_01_10_DMLST.tif,055b23e9-3ec9-4d0a-9c67-447bd1c45df6,203727333,2018
2018-01-11,2018_01_11_DMLST.tif,20d28a3a-1e24-4461-a8db-b39dbae0ecd7,203066810,2018
2018-01-12,2018_01_12_DMLST.tif,14b7c90d-7574-41a3-a402-9fdbd25b90e9,203193056,2018
2018-01-13,2018_01_13_DMLST.tif,9ad32c3c-34eb-4569-b7c0-b66acecadd50,203025185,2018
2018-01-14,2018_01_14_DMLST.tif,a70a329b-91c3-4428-a1c6-fd0c7e4389a3,203266009,2018
2018-01-15,2018_01_15_DMLST.tif,4c0cbded-5295-486a-b226-3d8ffb14aa63,203347055,2018
2018-01-16,2018_01_16_DMLST.tif,a3024069-d989-4522-b43b-0238c06f99be,202715920,2018
2018-01-17,2018_01_17_DMLST.tif,14250266-f304-415f-88c4-f1418984c8b4,202452110,2018
2018-01-18,2018_01_18_DMLST.tif,6d704b41-988f-4426-93f8-5566e789c60d,202312371,2018
2018-01-19,2018_01_19_DMLST.tif,e088e0d3-d587-4abf-ae11-7bf49f46c0fb,202258986,2018
2018-01-20,2018_01_20_DMLST.tif,c8e8b4e0-2c2c-492c-ae87-afdb072624c1,201665129,2018
2018-01-21,2018_01_21_DMLST.tif,c56c883d-d50a-451c-8f06-86bc626917d8,201280421,2018
2018-01-22,2018_01_22_DMLST.tif,0535cbd3-e31a-4027-ba7c-ba1a4980da1d,201552493,2018
2018-01-23,2018_01_23_DMLST.tif,11a492c4-8456-408e-b680-f2164cb5c9c5,201641849,2018
2018-01-24,2018_01_24_DMLST.tif,46f26456-2f00-4fbd-b068-41095bdf9df5,201595601,2018
2018-01-25,2018_01_25_DMLST.tif,e0954af5-3fa5-4144-b72c-43e8148a6c12,201736327,2018
2018-01-26,2018_01_26_DMLST.tif,2fd0e450-a4d8-4a92-b864-df645c46806f,202159575,2018
2018-01-27,2018_01_27_DMLST.tif,70646e08-6ce5-4c6b-a743-3aadc3303284,202419909,2018
2018-01-28,2018_01_28_DMLST.tif,a6326b12-5fdb-4eb8-8c2e-740705c9f879,202479929,2018
2018-01-29,2018_01_29_DMLST.tif,8280e731-f430-4f90-abea-d15517518411,203335489,2018
2018-01-30,2018_01_30_DMLST.tif,b2fff74b-fe7b-4989-9f20-3b82b6795502,203582839,2018
2018-01-31,2018_01_31_DMLST.tif,c5750186-0da9-465e-86ad-a251d413a943,203392034,2018
2018-02-01,2018_02_01_DMLST.tif,952f45ac-82f1-44eb-963c-1717aba16787,202850486,2018
2018-02-02,2018_02_02_DMLST.tif,c9116235-060f-4a92-a787-f1227e00f9ea,202788458,2018
2018-02-03,2018_02_03_DMLST.tif,0675c924-47ee-4e90-bac8-1cc644f3c86b,202445653,2018
2018-02-04,2018_02_04_DMLST.tif,2363b17e-de7f-4aa3-8db2-201a555c649f,202471448,2018
2018-02-05,2018_02_05_DMLST.tif,64acf3fe-e547-4671-ae47-2407d39854d9,201923303,2018
2018-02-06,2018_02_06_DMLST.tif,515842bb-e8d7-4bbe-88bc-d538cf278998,201442121,2018
2018-02-07,2018_02_07_DMLST.tif,0f87c195-1cbe-48bf-bc21-37a83e3600b5,201670773,2018
2018-02-08,2018_02_08_DMLST.tif,78a9cc2b-905d-4981-a2e0-596fcb7665c2,201625519,2018
2018-02-09,2018_02_09_DMLST.tif,0d3f283b-8dfa-47e2-80e2-93aa0a9fc6ae,201589861,2018
2018-02-10,2018_02_10_DMLST.tif,0d0fe60c-3ed5-420d-a57d-7cf4ffadd263,201880611,2018
2018-02-11,2018_02_11_DMLST.tif,01d495f2-522b-4182-b5be-21187b686db9,201983382,2018
2018-02-12,2018_02_12_DMLST.tif,0dba6f1b-f599-40bd-a656-cb2005c5b73d,202755287,2018
2018-02-13,2018_02_13_DMLST.tif,03594636-c1d8-43c3-8ed4-955ed32cadb5,203304228,2018
2018-02-14,2018_02_14_DMLST.tif,36f3e1a4-1caf-475c-aa4b-15d1f5f4779c,203274387,2018
2018-02-15,2018_02_15_DMLST.tif,6f433723-435e-4588-9144-98dbd1095695,201757326,2018
2018-02-16,2018_02_16_DMLST.tif,11ca8d24-dbbf-47af-a4bf-91b8ad40e190,201585200,2018
2018-02-17,2018_02_17_DMLST.tif,32525f88-fcde-4a28-937b-8a0e239080fe,201598822,2018
2018-02-18,2018_02_18_DMLST.tif,1f162433-d474-4de5-8c24-f3bf37c92193,201753076,2018
2018-02-19,2018_02_19_DMLST.tif,e6c9f336-25bb-4cd6-b585-bbb7b4172485,201394696,2018
2018-02-20,2018_02_20_DMLST.tif,6e57ba88-e263-4d5d-afd9-6b8959feda7b,200904742,2018
2018-02-21,2018_02_21_DMLST.tif,dd5ed83f-24fc-4b2d-9abf-8ce7aeb69945,201088282,2018
2018-02-22,2018_02_22_DMLST.tif,3fc68ae1-5547-488c-acce-e0c452ef3a39,201103205,2018
2018-02-23,2018_02_23_DMLST.tif,79a5715d-6154-4765-a3ce-9f87f9dd9968,201662205,2018
2018-02-24,2018_02_24_DMLST.tif,a104ac0f-f2ce-4866-a7ea-74f6373f6a89,201967886,2018
2018-02-25,2018_02_25_DMLST.tif,d863a4be-9faa-47b4-8583-42682ae6fb7c,202439094,2018
2018-02-26,2018_02_26_DMLST.tif,41860ea2-ddde-4e53-bafe-a93d1f2c9ce4,202699791,2018
2018-02-27,2018_02_27_DMLST.tif,032eda0c-3434-4544-b321-203f612e6b5d,202904556,2018
2018-02-28,2018_02_28_DMLST.tif,24e45bbe-43fd-443f-84aa-3bd7d7cbf8fa,202629637,2018
2018-03-01,2018_03_01_DMLST.tif,0be65955-34ac-4fa3-a315-fe92b771c152,202754629,2018
2018-03-02,2018_03_02_DMLST.tif,aaf48828-32e9-4515-8d01-fbd44ae12889,202416334,2018
2018-03-03,2018_03_03_DMLST.tif,10823003-a307-4720-b6e9-b255f7d724b6,201264626,2018
2018-03-04,2018_03_04_DMLST.tif,084b6008-136a-4b63-b143-c68edd9b38a8,201440669,2018
2018-03-05,2018_03_05_DMLST.tif,c6b4bbdc-4133-4482-9668-446559813f17,201485113,2018
2018-03-06,2018_03_06_DMLST.tif,fa0f3640-67d3-4e86-a760-48be4299b0e5,201554691,2018
2018-03-07,2018_03_07_DMLST.tif,645087b5-3c67-4321-b66a-41788e844dfe,201268377,2018
2018-03-08,2018_03_08_DMLST.tif,5ae59c5f-5c8e-447a-9118-11856a414b6f,201918574,2018
2018-03-09,2018_03_09_DMLST.tif,a21e952a-c1b5-4723-9422-da4011f3bfeb,202315683,2018
2018-03-10,2018_03_10_DMLST.tif,d7c5adc6-bb5f-45ab-bb6d-f3f4bccf99e7,202411176,2018
2018-03-11,2018_03_11_DMLST.tif,32cdb4cd-345e-4e49-82ed-ec5823ab7685,203668135,2018
2018-03-12,2018_03_12_DMLST.tif,3a5e45ea-8143-4202-a242-6c0c931e7c98,203831855,2018
2018-03-13,2018_03_13_DMLST.tif,95b6a134-17c2-4a7f-81b2-e3aa097cd599,203370734,2018
2018-03-14,2018_03_14_DMLST.tif,4983f11d-7735-4dc1-a5f9-73146efb1d29,202835543,2018
2018-03-15,2018_03_15_DMLST.tif,aeab611f-b80d-4928-85ca-227bd60e71e1,202795107,2018
2018-03-16,2018_03_16_DMLST.tif,fb908cb7-659e-48b4-95e3-13dc72596189,203066376,2018
2018-03-17,2018_03_17_DMLST.tif,6a3b2ee7-ca7d-489b-97fb-763fff421da2,203249205,2018
2018-03-18,2018_03_18_DMLST.tif,91e7202f-85d1-4a19-8404-18dc0eda28e0,203609123,2018
2018-03-19,2018_03_19_DMLST.tif,fb4c3fe6-3487-408d-8b60-1380a109a8a0,203143678,2018
2018-03-20,2018_03_20_DMLST.tif,93ff07a0-431f-4724-84f2-a3d5548bd3c5,203535656,2018
2018-03-21,2018_03_21_DMLST.tif,3055b55b-e763-40b2-aa54-754e02c3d9ad,203580485,2018
2018-03-22,2018_03_22_DMLST.tif,cad69b38-7f17-41d1-a8c6-e6077600a085,203860980,2018
2018-03-23,2018_03_23_DMLST.tif,11d1f976-9cfc-4897-b70c-876c1cf38812,204128827,2018
2018-03-24,2018_03_24_DMLST.tif,e2d2f81e-7cb9-4af2-ab82-8ead9d90585b,204800662,2018
2018-03-25,2018_03_25_DMLST.tif,f5033328-65d5-44ec-abb0-be5b26312145,204755219,2018
2018-03-26,2018_03_26_DMLST.tif,e05df21a-9c7f-4780-a48a-7925adea3cf9,204289921,2018
2018-03-27,2018_03_27_DMLST.tif,eb16d647-bb08-413e-b839-cb3e493d7566,204839116,2018
2018-03-28,2018_03_28_DMLST.tif,14a136d2-5c60-4d7d-881d-248eb26da697,204876965,2018
2018-03-29,2018_03_29_DMLST.tif,e3264572-5fde-4f50-be22-a30fba14e2a0,205114754,2018
2018-03-30,2018_03_30_DMLST.tif,0f17a62c-3fb7-474c-a6f1-0055db6ebf08,204879302,2018
2018-03-31,2018_03_31_DMLST.tif,fd5d4487-6f19-4851-ac73-fcec910cb949,204284113,2018
2018-04-01,2018_04_01_DMLST.tif,aaf980ff-e30b-4d77-bf2a-c2c8a58e4fad,204194601,2018
2018-04-02,2018_04_02_DMLST.tif,8925fdd4-adca-4277-bfeb-ec85101cbf66,204527247,2018
2018-04-03,2018_04_03_DMLST.tif,766893e2-5bc9-4cec-bc56-2491bd607d5a,204356842,2018
2018-04-04,2018_04_04_DMLST.tif,8f321b4f-d756-4d18-a540-b2505f4324fa,203773589,2018
2018-04-05,2018_04_05_DMLST.tif,1680859f-cc83-486a-b616-4a5502ec96b7,203789101,2018
2018-04-06,2018_04_06_DMLST.tif,847d2039-5f1e-4328-92da-71d99e7d21be,204030742,2018
2018-04-07,2018_04_07_DMLST.tif,0eb1fcdc-bb7c-466b-bb2d-1c3ceda8a10a,204636009,2018
2018-04-08,2018_04_08_DMLST.tif,d37c9623-c8b3-4197-b9cc-7e1fd8c79612,204635654,2018
2018-04-09,2018_04_09_DMLST.tif,642249a7-40b9-4152-b06a-d0ebca438edb,204642955,2018
2018-04-10,2018_04_10_DMLST.tif,ad0dffdf-bc4d-40b6-8cb8-6edaecf25d62,204540406,2018
2018-04-11,2018_04_11_DMLST.tif,7de37300-6761-4ee0-beec-c8d4da4003e1,204943233,2018
2018-04-12,2018_04_12_DMLST.tif,24fa50e9-1bfc-402a-bad1-8296becad793,205309330,2018
2018-04-13,2018_04_13_DMLST.tif,c27167f9-2915-42d5-ad0a-a4ff09cecc8b,205442896,2018
2018-04-14,2018_04_14_DMLST.tif,7ff47396-5df1-46cb-9c6d-c0e9d1b823e1,205645187,2018
2018-04-15,2018_04_15_DMLST.tif,d8f784bc-187c-447b-a56d-d4126e125890,205806711,2018
2018-04-16,2018_04_16_DMLST.tif,97d5347b-cbb1-45f2-aae8-f3b7a1831443,205679852,2018
2018-04-17,2018_04_17_DMLST.tif,78ac4d62-00a5-42e6-9d9f-a62daa115796,205316537,2018
2018-04-18,2018_04_18_DMLST.tif,131b62f5-6116-4e82-9e69-0cd831369ca5,205020452,2018
2018-04-19,2018_04_19_DMLST.tif,de03a80d-4195-4cf3-ac98-c8914b6a3ead,205677256,2018
2018-04-20,2018_04_20_DMLST.tif,3cd5a141-4d16-4262-ac7c-8c3b1ee5982c,205562893,2018
2018-04-21,2018_04_21_DMLST.tif,b50aa5a0-d622-4045-a4ac-01d7ce4b4f57,205114671,2018
2018-04-22,2018_04_22_DMLST.tif,368d3178-3ec3-467d-b914-159acc85f4e0,204804409,2018
2018-04-23,2018_04_23_DMLST.tif,588c20d1-0d7a-43b3-8872-ccb09ddc0218,204642915,2018
2018-04-24,2018_04_24_DMLST.tif,39752787-0934-408c-99fc-3e8f1a6dda25,204793392,2018
2018-04-25,2018_04_25_DMLST.tif,308f28d7-d30f-4919-b1d3-9ad9fd1a3546,205118344,2018
2018-04-26,2018_04_26_DMLST.tif,fd30172a-8696-4173-99ba-e5b72a172b0d,205132710,2018
2018-04-27,2018_04_27_DMLST.tif,bc5f92c8-ed3d-460a-a79f-08300521eb4c,204745548,2018
2018-04-28,2018_04_28_DMLST.tif,a199c19e-4f03-4e5b-b19f-553531752728,205040837,2018
2018-04-29,2018_04_29_DMLST.tif,c1771559-cfcb-4bdd-82df-9cff6b6f184c,205164256,2018
2018-04-30,2018_04_30_DMLST.tif,9f99cd5c-dcdc-4990-ac04-6507d45555e3,205095918,2018
2018-05-01,2018_05_01_DMLST.tif,c7d61411-070c-4453-8801-a8e6915f7a58,205187488,2018
2018-05-02,2018_05_02_DMLST.tif,7fec1e0b-adbf-4b4e-aae0-7293861ddc72,205139252,2018
2018-05-03,2018_05_03_DMLST.tif,c165de54-469e-4281-bc8f-3bb7d0f76546,205001733,2018
2018-05-04,2018_05_04_DMLST.tif,a59a2a18-5489-42e9-90f9-04a89bc40c0e,204885758,2018
2018-05-05,2018_05_05_DMLST.tif,3cac600f-f93b-4dc3-aa06-1d78e0eb6253,204888877,2018
2018-05-06,2018_05_06_DMLST.tif,3824ba77-7e28-4b21-a0b0-339e61c2a44a,204484049,2018
2018-05-07,2018_05_07_DMLST.tif,c6f16794-cf1e-42b9-aa70-b1e21c4d03c2,204581753,2018
2018-05-08,2018_05_08_DMLST.tif,7b33e17c-562f-4f24-bb91-6eddb31b0674,204864925,2018
2018-05-09,2018_05_09_DMLST.tif,6dd6e058-0fd7-4f47-af24-d1992d0a674a,204947548,2018
2018-05-10,2018_05_10_DMLST.tif,7715307b-8d4f-4644-864d-f7f2f6eed847,205054350,2018
2018-05-11,2018_05_11_DMLST.tif,129aff94-2053-4577-80c9-d8cb92abbbf8,205014173,2018
2018-05-12,2018_05_12_DMLST.tif,5944e71a-98f9-4b13-b48a-41fce8a2410a,205157082,2018
2018-05-13,2018_05_13_DMLST.tif,ea756129-b7b1-44ba-9691-14ab773a2694,205190482,2018
2018-05-14,2018_05_14_DMLST.tif,a123bb6d-dbed-4aba-9ef5-f7350729d9f8,205670350,2018
2018-05-15,2018_05_15_DMLST.tif,720c389e-7cd2-4fae-910f-3b5035d40ce3,205605416,2018
2018-05-16,2018_05_16_DMLST.tif,9397200c-1f30-4993-ac7b-44a21db52612,205942019,2018
2018-05-17,2018_05_17_DMLST.tif,bcb18658-6e08-4969-be8f-e316772857b7,206135453,2018
2018-05-18,2018_05_18_DMLST.tif,86f8532a-3014-4719-bdaf-566b4d7ba55e,206090747,2018
2018-05-19,2018_05_19_DMLST.tif,05a4117d-4eeb-46e5-97fd-95a5c0fd2afa,206170089,2018
2018-05-20,2018_05_20_DMLST.tif,86a4f9e0-8215-440a-8d27-8573888b9661,206439692,2018
2018-05-21,2018_05_21_DMLST.tif,3346ff15-c568-4eba-b903-de446e99444d,206571456,2018
2018-05-22,2018_05_22_DMLST.tif,2e33fbcd-820b-4368-bfe5-38e115a1cbb8,205568818,2018
2018-05-23,2018_05_23_DMLST.tif,185d67b8-d056-4996-94a3-746ea967402b,205136949,2018
2018-05-24,2018_05_24_DMLST.tif,14bed928-c1fb-40da-97f8-89c79e29caa1,204843194,2018
2018-05-25,2018_05_25_DMLST.tif,34999618-5088-4164-adde-7f514df7a4e2,204529002,2018
2018-05-26,2018_05_26_DMLST.tif,acde12f9-5eda-4d2a-94ff-4b788a2c3c24,204668306,2018
2018-05-27,2018_05_27_DMLST.tif,0822efd0-9ab4-407c-86b1-c9fa7e21eeb2,204880917,2018
2018-05-28,2018_05_28_DMLST.tif,36bf44c5-e511-4d4a-acb8-a81a9444a272,205257921,2018
2018-05-29,2018_05_29_DMLST.tif,5d553184-4b7e-4101-97d2-85e74b607047,205454322,2018
2018-05-30,2018_05_30_DMLST.tif,55865a54-6397-404b-b939-50c764b90490,205439427,2018
2018-05-31,2018_05_31_DMLST.tif,e8729148-85ac-4d75-9225-370a65342bf6,205205553,2018
2018-06-01,2018_06_01_DMLST.tif,11ef0338-5475-4177-8705-c1585e1baa93,205100981,2018
2018-06-02,2018_06_02_DMLST.tif,889d73cf-38ee-40e5-b86b-ee9f39280709,205410384,2018
2018-06-03,2018_06_03_DMLST.tif,f630c70d-ee90-487d-8a60-4ba028d1f3dc,205457214,2018
2018-06-04,2018_06_04_DMLST.tif,62fccbad-68be-4c9a-95b3-ca826b1ccb00,205213900,2018
2018-06-05,2018_06_05_DMLST.tif,6ccd70af-7ee2-44bf-8538-baaf970b9ff9,205083008,2018
2018-06-06,2018_06_06_DMLST.tif,75c929dc-b683-40fb-8bca-a9df5901123d,204913964,2018
2018-06-07,2018_06_07_DMLST.tif,555b809e-ad14-4cb4-b758-dd89145ba9aa,203631750,2018
2018-06-08,2018_06_08_DMLST.tif,6e54b9fc-766a-4eba-8271-8ce8ef1a2d9d,203632360,2018
2018-06-09,2018_06_09_DMLST.tif,b10e45ff-fe9d-402c-ac86-127b4e43192f,203395950,2018
2018-06-10,2018_06_10_DMLST.tif,316e34cf-cb62-4364-9236-6867b77e3e61,203512780,2018
2018-06-11,2018_06_11_DMLST.tif,1fd652e6-38c9-4257-b3e2-ea5fc2091712,203382088,2018
2018-06-12,2018_06_12_DMLST.tif,ce1e21af-e47c-45da-8df2-be7e92a3b911,203241762,2018
2018-06-13,2018_06_13_DMLST.tif,615ecd8b-29bc-4ff4-9256-86b1bb1ca3df,203555088,2018
2018-06-14,2018_06_14_DMLST.tif,bf938871-1955-474b-b9a0-2591c4b241e5,203653232,2018
2018-06-15,2018_06_15_DMLST.tif,fce55d1c-94d3-4812-9a0e-2a95e54aa2e2,204578298,2018
2018-06-16,2018_06_16_DMLST.tif,1422a4d8-037e-4f96-b3b9-a6acc7fc9368,204971060,2018
2018-06-17,2018_06_17_DMLST.tif,a2d6ae7d-16e9-428e-937b-ceaeb1c1e9c4,205252175,2018
2018-06-18,2018_06_18_DMLST.tif,51f90deb-85d2-4be9-aad2-aa2bdfee7aaa,205396366,2018
2018-06-19,2018_06_19_DMLST.tif,454d182c-2b27-4271-bc5c-7f29a8a08191,205002756,2018
2018-06-20,2018_06_20_DMLST.tif,db1365bc-3225-4104-9c3e-88f4ded80e0e,204781130,2018
2018-06-21,2018_06_21_DMLST.tif,4457c3f7-b491-4332-a663-27661ea946fd,204833560,2018
2018-06-22,2018_06_22_DMLST.tif,898fa61f-50e5-40b5-8d77-e161d6486971,205045370,2018
2018-06-23,2018_06_23_DMLST.tif,c890267e-3b98-4dd7-9722-e338da288a32,203870245,2018
2018-06-24,2018_06_24_DMLST.tif,98d209e1-299c-4d04-80c4-e61a891a7a85,203580047,2018
2018-06-25,2018_06_25_DMLST.tif,8505bb35-c644-4955-b9a0-d1b35f0b4f91,203244993,2018
2018-06-26,2018_06_26_DMLST.tif,575bad93-4ed5-42b6-9c16-e9bc08b686e6,203423965,2018
2018-06-27,2018_06_27_DMLST.tif,b4c35a70-8f55-4459-877b-f5afd6f73d65,203219886,2018
2018-06-28,2018_06_28_DMLST.tif,fcab90a4-5d76-461a-ab3a-d7ab6cb0be75,202993929,2018
2018-06-29,2018_06_29_DMLST.tif,2b6117d7-5e0f-43e1-853b-99dd1e5e1d9f,203308876,2018
2018-06-30,2018_06_30_DMLST.tif,17db96bb-7e21-4f1e-9423-098d4a60ab10,203209749,2018
2018-07-01,2018_07_01_DMLST.tif,6e5b4f14-1f88-4c0d-b887-232aaca63aa9,203051374,2018
2018-07-02,2018_07_02_DMLST.tif,91be3daa-828b-4db0-b744-3f8e34fe15ec,202364640,2018
2018-07-03,2018_07_03_DMLST.tif,131e8002-0818-441b-86f4-3f7ee526245f,202595180,2018
2018-07-04,2018_07_04_DMLST.tif,7705d05f-6507-403c-ab91-08da2688fb36,202596884,2018
2018-07-05,2018_07_05_DMLST.tif,7b8564df-40a1-4954-9e92-0c92221b1b10,202454884,2018
2018-07-06,2018_07_06_DMLST.tif,254c793f-51d1-4449-8188-6474d87fb156,202357006,2018
2018-07-07,2018_07_07_DMLST.tif,963cab49-8088-49ab-b5d5-5a7388c77c8e,202452707,2018
2018-07-08,2018_07_08_DMLST.tif,bab0d73b-f84e-4e9c-a1ae-7c4aff419e18,202252692,2018
2018-07-09,2018_07_09_DMLST.tif,a455e908-ba06-4b4f-94b9-a26cc23cad15,201232720,2018
2018-07-10,2018_07_10_DMLST.tif,b8a543eb-eec3-4674-86f2-26284d71de79,201541114,2018
2018-07-11,2018_07_11_DMLST.tif,dfd90d5f-1103-46a7-b0d1-c9d71e824c1d,201840021,2018
2018-07-12,2018_07_12_DMLST.tif,dfbed4e3-6b9e-444e-a8ab-8a11382cfd8a,201534202,2018
2018-07-13,2018_07_13_DMLST.tif,766d819e-1aff-4f7c-bf83-1dfc912744db,201313669,2018
2018-07-14,2018_07_14_DMLST.tif,c5fbada3-4227-4bf6-b67f-c130acacd5ac,201424055,2018
2018-07-15,2018_07_15_DMLST.tif,205e9e3a-6622-47c7-b329-106bad4d7484,201674340,2018
2018-07-16,2018_07_16_DMLST.tif,04705fe8-4d4e-4a5b-81f9-2c924da77e8c,201558211,2018
2018-07-17,2018_07_17_DMLST.tif,68a2d6ce-2325-47ce-ad01-7e842ca997d7,202707780,2018
2018-07-18,2018_07_18_DMLST.tif,86eb383c-4af1-4edd-9454-7ccd3b397ad5,202833086,2018
2018-07-19,2018_07_19_DMLST.tif,0fc3c0d9-a780-4f0e-a744-b455c82a3811,202775722,2018
2018-07-20,2018_07_20_DMLST.tif,38493334-277d-4e3b-91d4-4eef4bacd8a3,202217304,2018
2018-07-21,2018_07_21_DMLST.tif,5fb308e9-68ef-4718-8937-0b25e74c83d4,201836888,2018
2018-07-22,2018_07_22_DMLST.tif,a9a166af-068a-42b0-85cc-923f5faa52d2,201907003,2018
2018-07-23,2018_07_23_DMLST.tif,f03e59e2-a4fc-455c-88fd-855f31f23ba6,201762171,2018
2018-07-24,2018_07_24_DMLST.tif,0e6d05fb-96e8-42a5-9400-1287f263afc8,201965150,2018
2018-07-25,2018_07_25_DMLST.tif,8fb31c98-93b3-44a9-bccc-4f2084142e51,201546061,2018
2018-07-26,2018_07_26_DMLST.tif,40d7a119-54d1-422f-8d81-0d9caae94824,201532130,2018
2018-07-27,2018_07_27_DMLST.tif,f90bb7bf-b1a7-459e-ba10-cb374a26f82e,201545386,2018
2018-07-28,2018_07_28_DMLST.tif,913f992b-8df3-43ca-8070-1fc3bc9e160b,201398631,2018
2018-07-29,2018_07_29_DMLST.tif,7b1167e2-e7d2-4a09-8f3b-decb3d08713d,201290775,2018
2018-07-30,2018_07_30_DMLST.tif,fb42e575-64e2-4eb9-b753-7e8360912ff8,201382241,2018
2018-07-31,2018_07_31_DMLST.tif,5a69ffc5-c6c4-44ad-8ce0-6bb5d41e4ca7,201806468,2018
2018-08-01,2018_08_01_DMLST.tif,dd75c9cb-5a81-4a88-9ea3-d22428bc8b0f,202101776,2018
2018-08-02,2018_08_02_DMLST.tif,0b0cfbec-b718-4c60-b2e2-ad82969100de,203293923,2018
2018-08-03,2018_08_03_DMLST.tif,2aaa5408-23c8-4bf9-a644-e131f4653e8f,202874938,2018
2018-08-04,2018_08_04_DMLST.tif,14df6711-2fe1-4488-a9aa-b316c24675bf,202200924,2018
2018-08-05,2018_08_05_DMLST.tif,8f1d810e-aaa9-4649-823c-e83b5bcfcad6,201994156,2018
2018-08-06,2018_08_06_DMLST.tif,c2ca732f-6c8e-4986-8bd0-8ebd3b651c76,201765318,2018
2018-08-07,2018_08_07_DMLST.tif,b852bce8-8fc7-4df2-81d9-2b93324a1d63,201978686,2018
2018-08-08,2018_08_08_DMLST.tif,98477028-7dbc-4e57-93cc-7f1b148b35b0,201775913,2018
2018-08-09,2018_08_09_DMLST.tif,4fb74f0f-b9de-461b-9bd5-d78de3cf4e45,201715272,2018
2018-08-10,2018_08_10_DMLST.tif,264653d8-5ae6-4d5c-bef5-a64e0d2bb57e,201400726,2018
2018-08-11,2018_08_11_DMLST.tif,13785cdb-3b66-401b-8f07-b6ad29c52e5d,201644440,2018
2018-08-12,2018_08_12_DMLST.tif,b2ea90eb-d9ec-4515-9b3a-41d3727e8335,201525831,2018
2018-08-13,2018_08_13_DMLST.tif,5e9a5080-ca9d-4ac3-96bc-1723236514f8,201477458,2018
2018-08-14,2018_08_14_DMLST.tif,23c8b7cd-3a9b-4772-9dda-ea277c526783,201459864,2018
2018-08-15,2018_08_15_DMLST.tif,84c4b9a4-f990-448d-932a-5455d0e05b11,201381772,2018
2018-08-16,2018_08_16_DMLST.tif,f3657453-5974-4d4e-99da-c848d20924fc,201233878,2018
2018-08-17,2018_08_17_DMLST.tif,ee75240c-c647-4c2c-8c92-3039e8b5a61f,201099155,2018
2018-08-18,2018_08_18_DMLST.tif,244f7258-4185-4966-a939-677fad0e7eab,202682189,2018
2018-08-19,2018_08_19_DMLST.tif,89abf63f-6f06-4b69-8c37-4f8b58c79059,202738524,2018
2018-08-20,2018_08_20_DMLST.tif,4f772038-8a3f-4910-9668-af8f31e79c5e,203304707,2018
2018-08-21,2018_08_21_DMLST.tif,c0f56d7a-4962-4b34-b4ce-196b1e16afef,203271836,2018
2018-08-22,2018_08_22_DMLST.tif,3486b554-f070-45e5-a2ee-93c785cf8ed7,202842440,2018
2018-08-23,2018_08_23_DMLST.tif,b0e0d521-a111-44f0-9869-8aa6415ab1c9,202715856,2018
2018-08-24,2018_08_24_DMLST.tif,9c55db39-600c-4998-8e58-5501912032db,202445069,2018
2018-08-25,2018_08_25_DMLST.tif,8ae380aa-a3ae-4d73-ba82-1fbe55fd9d34,202483020,2018
2018-08-26,2018_08_26_DMLST.tif,b83c8030-cc13-4251-a7c0-7a8f2a754cfd,202163204,2018
2018-08-27,2018_08_27_DMLST.tif,44f59bda-ba22-410d-a03b-acee15fa0ef5,202299967,2018
2018-08-28,2018_08_28_DMLST.tif,6361e8c2-def7-4c41-bc7e-b75747282a0b,201624189,2018
2018-08-29,2018_08_29_DMLST.tif,d4dc5381-de48-4381-b5eb-0954c79754d1,201685372,2018
2018-08-30,2018_08_30_DMLST.tif,6c8ab2d3-3762-4688-8673-fb096d0b2639,201539846,2018
2018-08-31,2018_08_31_DMLST.tif,6e4ffa1d-c080-431d-bcd8-97367993e1a2,201520211,2018
2018-09-01,2018_09_01_DMLST.tif,fff54cfa-9969-4f51-8ef0-b4a4f3daa308,201520780,2018
2018-09-02,2018_09_02_DMLST.tif,6df850c3-6069-4287-9034-7f763e9cc317,201662774,2018
2018-09-03,2018_09_03_DMLST.tif,52f7347b-e884-487f-878b-450234e1d7e7,203045403,2018
2018-09-04,2018_09_04_DMLST.tif,92568508-72c5-4a9d-ad2f-a311fcac285b,203153365,2018
2018-09-05,2018_09_05_DMLST.tif,cabc5821-2c77-441b-a14e-817ddd5d61c7,202989235,2018
2018-09-06,2018_09_06_DMLST.tif,c5fea79d-d89d-42a0-882a-c2f9e9147bf2,202999187,2018
2018-09-07,2018_09_07_DMLST.tif,d39866c7-e9ce-4651-8304-9f58c6105314,202817307,2018
2018-09-08,2018_09_08_DMLST.tif,e42f5972-a54a-4c4d-9677-2c115edbccd7,202881685,2018
2018-09-09,2018_09_09_DMLST.tif,0723ea58-a792-4564-9e38-1fa21bf08b96,202916214,2018
2018-09-10,2018_09_10_DMLST.tif,34ac3733-96c0-4960-9126-3a029b3729d8,202752818,2018
2018-09-11,2018_09_11_DMLST.tif,892661fe-5c68-48a8-a62f-6bf80b7c7c6b,202557316,2018
2018-09-12,2018_09_12_DMLST.tif,18d3514a-34ca-4137-8a1f-6a5028defb58,202491863,2018
2018-09-13,2018_09_13_DMLST.tif,fc0edb3a-75a0-4c3a-87e0-8c576bba36b3,202061366,2018
2018-09-14,2018_09_14_DMLST.tif,086a4d5c-738b-429a-9ffc-42a8bc7828d2,202022048,2018
2018-09-15,2018_09_15_DMLST.tif,977b4c91-fcef-42f9-b9f0-12acb4b2f053,202191340,2018
2018-09-16,2018_09_16_DMLST.tif,61e37888-9a57-4c95-bceb-47de86f9526b,202287809,2018
2018-09-17,2018_09_17_DMLST.tif,c8df8c87-e9e2-498c-8a47-91bb07d6c0be,202207173,2018
2018-09-18,2018_09_18_DMLST.tif,7a26641c-414c-47e0-ad37-79f68842c10f,202016398,2018
2018-09-19,2018_09_19_DMLST.tif,6de80824-80df-4a7c-bf38-0f161213c201,204053037,2018
2018-09-20,2018_09_20_DMLST.tif,752fd722-20b4-4819-a763-1390f8fe6863,203727563,2018
2018-09-21,2018_09_21_DMLST.tif,fc757159-ef82-4b73-aca3-77bbf8aa79a2,203779094,2018
2018-09-22,2018_09_22_DMLST.tif,0f102614-37e8-47d0-84de-67a9297d2408,204141181,2018
2018-09-23,2018_09_23_DMLST.tif,246d00ba-c7e7-4b50-8564-e80b0c575317,204179744,2018
2018-09-24,2018_09_24_DMLST.tif,ead7d0fc-eca2-4183-992d-7a9178b92739,204328838,2018
2018-09-25,2018_09_25_DMLST.tif,571bc049-a38b-4c59-9813-b6a30216cd9a,204381492,2018
2018-09-26,2018_09_26_DMLST.tif,b1f8664d-6eca-4ea9-b3bc-facd4d292e0c,204387827,2018
2018-09-27,2018_09_27_DMLST.tif,b4422304-cf46-4c29-ba55-2640a4e50d39,204205119,2018
2018-09-28,2018_09_28_DMLST.tif,dc288b78-0673-485f-9f61-8cb4bbfcf1cd,204356187,2018
2018-09-29,2018_09_29_DMLST.tif,31379082-c3b9-4193-81d7-79931803754c,204056278,2018
2018-09-30,2018_09_30_DMLST.tif,01cacebe-d17e-498d-89b0-9d151120d423,203509326,2018
2018-10-01,2018_10_01_DMLST.tif,40f0c71c-6682-4fad-9fcc-0ea25a037cb4,203904833,2018
2018-10-02,2018_10_02_DMLST.tif,c1f59818-0f91-48fe-a268-c91ddd805482,203782954,2018
2018-10-03,2018_10_03_DMLST.tif,a1bfec04-7188-4319-acb2-070da1ee8efe,203603410,2018
2018-10-04,2018_10_04_DMLST.tif,d63883b4-b119-4feb-b13d-ca83185ff867,203770108,2018
2018-10-05,2018_10_05_DMLST.tif,cc486402-12a4-4087-8d48-07e0affd5bdb,205673949,2018
2018-10-06,2018_10_06_DMLST.tif,e721e3a5-866a-4eb9-aa59-ad669cfd1cf2,206012400,2018
2018-10-07,2018_10_07_DMLST.tif,ef9ca6f7-9eed-4f78-9bf2-d66613d3fc0a,205806650,2018
2018-10-08,2018_10_08_DMLST.tif,c14b9de7-20a3-4445-8f26-4fbb8a0b213d,205542476,2018
2018-10-09,2018_10_09_DMLST.tif,a6957291-f663-4857-a67e-d0d81ada3ca9,205602418,2018
2018-10-10,2018_10_10_DMLST.tif,0f1117a1-b8e9-4bd5-8e31-54bc484700b3,206099822,2018
2018-10-11,2018_10_11_DMLST.tif,7f11df62-a61f-4063-aff5-42649c00057f,206703097,2018
2018-10-12,2018_10_12_DMLST.tif,f40c726d-16e3-4092-b64d-4c1bfa951600,207162791,2018
2018-10-13,2018_10_13_DMLST.tif,7e4e18a7-e560-4515-bb81-b3e1de2aeddb,206130426,2018
2018-10-14,2018_10_14_DMLST.tif,e7d58240-a872-4b0f-a760-634f3af5ba6f,205666865,2018
2018-10-15,2018_10_15_DMLST.tif,8932d8ee-eada-4bd2-a46f-5f1eee1db32e,205872021,2018
2018-10-16,2018_10_16_DMLST.tif,593d585b-aa1b-4909-b392-c00a889caded,205470554,2018
2018-10-17,2018_10_17_DMLST.tif,a6620ff8-f06c-4f29-bc63-e953a970d074,205743522,2018
2018-10-18,2018_10_18_DMLST.tif,085589ee-8ce5-4c69-8506-c9683fc858c7,206036126,2018
2018-10-19,2018_10_19_DMLST.tif,b39ffbc9-8a15-40eb-b071-731b699cfec6,205379824,2018
2018-10-20,2018_10_20_DMLST.tif,4fff8a40-b4ec-4aca-879e-5a55b76dd885,205253121,2018
2018-10-21,2018_10_21_DMLST.tif,0bcfdd97-2352-495d-a18e-83c673cad4ed,207239255,2018
2018-10-22,2018_10_22_DMLST.tif,96b5443d-467e-46ff-8b00-4397f0e94d2b,206755404,2018
2018-10-23,2018_10_23_DMLST.tif,495780e6-4791-4f94-b2b4-0fc7338e1d56,206661330,2018
2018-10-24,2018_10_24_DMLST.tif,ebece76d-5254-4c88-84ac-e6fd7ca0d4e7,206697154,2018
2018-10-25,2018_10_25_DMLST.tif,dbac2744-b168-4260-b522-4ba97b51f614,206879202,2018
2018-10-26,2018_10_26_DMLST.tif,4553fe20-8815-4995-9e2e-87f3e8e0ec9a,207384585,2018
2018-10-27,2018_10_27_DMLST.tif,d4942e51-6988-45d1-abbc-3f01a0c14dde,207684543,2018
2018-10-28,2018_10_28_DMLST.tif,d06a665b-0ce8-45d6-b4c5-ba1d478742d3,207606311,2018
2018-10-29,2018_10_29_DMLST.tif,0849bedd-a0fd-4599-bc92-020833ea36b4,207165399,2018
2018-10-30,2018_10_30_DMLST.tif,e4e4013c-b1dd-4976-8c8c-2c8d233eed56,206850281,2018
2018-10-31,2018_10_31_DMLST.tif,f90e5f8f-a02d-4b08-9b9a-a6c3fcfb5c4c,206868517,2018
2018-11-01,2018_11_01_DMLST.tif,343e44fb-ac2c-45f3-80b3-0ec74befbef0,207095678,2018
2018-11-02,2018_11_02_DMLST.tif,f4fb59e2-6106-4949-b826-d64786c6d563,206875998,2018
2018-11-03,2018_11_03_DMLST.tif,bd492553-875e-46cf-b5e6-56fc69b13560,206296296,2018
2018-11-04,2018_11_04_DMLST.tif,5514971d-1fb1-4ead-8611-c45f354d3612,206010914,2018
2018-11-05,2018_11_05_DMLST.tif,0f4093d7-0f59-45dd-9d8a-ac8b2eb33e6a,205935259,2018
2018-11-06,2018_11_06_DMLST.tif,41154f33-f342-4ead-ad17-e3f36f4d490f,206792077,2018
2018-11-07,2018_11_07_DMLST.tif,c0d6db10-5a75-4f69-8dfa-bbe7966f7609,207443251,2018
2018-11-08,2018_11_08_DMLST.tif,c0943817-f413-468d-9952-c5226bb4bc40,207166760,2018
2018-11-09,2018_11_09_DMLST.tif,50cf012b-d9e5-419a-b55b-972dde03c447,207112119,2018
2018-11-10,2018_11_10_DMLST.tif,380bb710-090c-4df6-923e-f3c6f0f45c5a,206872849,2018
2018-11-11,2018_11_11_DMLST.tif,08dfae64-3ed0-488d-8b1b-f6a6a519d222,206223550,2018
2018-11-12,2018_11_12_DMLST.tif,855e54f9-23c8-438d-981e-8c790c915ae6,205844360,2018
2018-11-13,2018_11_13_DMLST.tif,4f7ddbc2-38ce-4183-941a-965dfd62f7ef,206054433,2018
2018-11-14,2018_11_14_DMLST.tif,5fba9ba7-18bc-40ae-94ee-cc3bd0a933f4,205845375,2018
2018-11-15,2018_11_15_DMLST.tif,cee4870a-fdc9-4480-ab0f-2be1db56bddc,205862951,2018
2018-11-16,2018_11_16_DMLST.tif,21fa3b27-116e-4621-99f2-2da9c974e8d2,205933704,2018
2018-11-17,2018_11_17_DMLST.tif,23069d39-23ed-40bd-aa26-237d2e107c22,205224295,2018
2018-11-18,2018_11_18_DMLST.tif,39613a85-a98a-4343-88d5-5b82779f5f6a,205164491,2018
2018-11-19,2018_11_19_DMLST.tif,508ea0c5-05eb-4df3-b1ec-780cd63288e3,205081705,2018
2018-11-20,2018_11_20_DMLST.tif,0b3c091b-a60f-41b3-bef5-949340817433,205413600,2018
2018-11-21,2018_11_21_DMLST.tif,d53f3747-5180-46e0-809e-c7b971ac1d73,206134771,2018
2018-11-22,2018_11_22_DMLST.tif,c4587f8c-243f-431c-9a77-1ac85464a899,206745496,2018
2018-11-23,2018_11_23_DMLST.tif,c372b222-3ac1-4952-b65c-f23d36093642,206636758,2018
2018-11-24,2018_11_24_DMLST.tif,6a06495a-b0ca-4cf9-bae1-e59bbb635089,206498011,2018
2018-11-25,2018_11_25_DMLST.tif,2c67c778-8af3-4da1-99a4-c9b701fdd3e3,206310341,2018
2018-11-26,2018_11_26_DMLST.tif,7512770c-c230-45b4-9cc5-9326a9b709cc,205905811,2018
2018-11-27,2018_11_27_DMLST.tif,1debfd84-fd08-4973-9b2e-8fc6842e7234,205889236,2018
2018-11-28,2018_11_28_DMLST.tif,2fb17632-bb5e-46d1-a4e9-6948d25a8c58,205844512,2018
2018-11-29,2018_11_29_DMLST.tif,bb86fbc6-e65c-4835-a34e-7c4a82ef0309,205737815,2018
2018-11-30,2018_11_30_DMLST.tif,d463ff01-a4ce-4bf0-9efb-9f053778465d,205184886,2018
2018-12-01,2018_12_01_DMLST.tif,cfd1964b-29e9-4125-99c6-cadd2e9d4f0a,205088320,2018
2018-12-02,2018_12_02_DMLST.tif,ae04481d-3cb8-4940-8e6a-585df7783ebf,204762126,2018
2018-12-03,2018_12_03_DMLST.tif,0201780f-d6dd-49cd-ab67-0ae49520ec69,204417542,2018
2018-12-04,2018_12_04_DMLST.tif,19a07c4b-4bed-439d-b21d-ebeaab89fb8b,204054044,2018
2018-12-05,2018_12_05_DMLST.tif,66854d94-f8ec-439a-ba99-19e1a9815b56,203018602,2018
2018-12-06,2018_12_06_DMLST.tif,ace9ae3b-6933-4873-ad8c-441b25c14658,203067581,2018
2018-12-07,2018_12_07_DMLST.tif,bfad1501-a149-4367-8682-c02ece53e123,203909063,2018
2018-12-08,2018_12_08_DMLST.tif,ae184f2a-08b3-456c-a293-63657a5e4f0c,204423350,2018
2018-12-09,2018_12_09_DMLST.tif,50330022-e0e3-4292-9918-5852a985ded2,204842240,2018
2018-12-10,2018_12_10_DMLST.tif,ba8f8dd6-43df-4689-8a7c-5a7f296029b3,204776830,2018
2018-12-11,2018_12_11_DMLST.tif,beb25405-7c30-460e-a24a-e6d344783bb2,204692638,2018
2018-12-12,2018_12_12_DMLST.tif,8ba6fdab-778b-4be0-84d5-39af1b6a3bb9,204980514,2018
2018-12-13,2018_12_13_DMLST.tif,b56bff5e-c599-47d4-ba76-ee25d30a279b,205826950,2018
2018-12-14,2018_12_14_DMLST.tif,fd3e7d4e-2493-452e-9108-443a929aada2,206014099,2018
2018-12-15,2018_12_15_DMLST.tif,7301aea4-881d-416d-b5f9-9b6d48d779bc,205857733,2018
2018-12-16,2018_12_16_DMLST.tif,c4f74f9c-c044-4071-a5ab-02ac775d311d,205694136,2018
2018-12-17,2018_12_17_DMLST.tif,befe4a22-56bf-4103-9335-2feb9ff5b2d2,205464187,2018
2018-12-18,2018_12_18_DMLST.tif,500559fc-1c1a-40c6-98f4-36f53140de63,205100638,2018
2018-12-19,2018_12_19_DMLST.tif,1ae59c08-1628-4925-b959-f5aa8c543e27,204987545,2018
2018-12-20,2018_12_20_DMLST.tif,1a86c41c-e663-4c9b-9f66-b7bebc72ab42,204463356,2018
2018-12-21,2018_12_21_DMLST.tif,16c9f5fa-46f7-41b7-b1b2-abd3a7a6157b,204299664,2018
2018-12-22,2018_12_22_DMLST.tif,6fb712c9-2d38-40c6-ba67-7e71b8e4d775,204100411,2018
2018-12-23,2018_12_23_DMLST.tif,6ca1ccf1-c9fd-4208-a942-e39c994a5d45,203113624,2018
2018-12-24,2018_12_24_DMLST.tif,bc67e982-6ae0-4cf4-971c-17792be390e2,202045669,2018
2018-12-25,2018_12_25_DMLST.tif,b1c3a75e-df6e-4adc-8d9f-9e480db3bcc6,201606324,2018
2018-12-26,2018_12_26_DMLST.tif,4ad56d1a-6d84-438f-90f5-008d578f1804,201335016,2018
2018-12-27,2018_12_27_DMLST.tif,1bb80d75-eb0e-4cfd-9cdd-eeec2f842f32,201906176,2018
2018-12-28,2018_12_28_DMLST.tif,cb502710-7377-45f0-841f-15ea13ba59eb,202536230,2018
2018-12-29,2018_12_29_DMLST.tif,9b718933-62ad-434f-b5ec-f8b29de183be,202526208,2018
2018-12-30,2018_12_30_DMLST.tif,eb0600e3-9b1e-491e-bc74-4917f476db71,203451393,2018
2018-12-31,2018_12_31_DMLST.tif,ea362423-e7ba-4275-9268-1932867bf664,203444663,2018
2019-01-01,2019_01_01_DMLST.tif,adaef995-fe1c-4330-8dba-309086ff55e5,202957733,2019
2019-01-02,2019_01_02_DMLST.tif,c8ef1f72-e250-4b74-b93e-0a5ba9c959dc,203458163,2019
2019-01-03,2019_01_03_DMLST.tif,d06b5a3a-e628-4c9e-9cfd-eb8c7a7a68ff,203573390,2019
2019-01-04,2019_01_04_DMLST.tif,7cd8d729-1f24-4c9c-8316-f155827c8dc3,203643038,2019
2019-01-05,2019_01_05_DMLST.tif,6ea6db57-fd58-4af6-bb40-890810bf438a,203918361,2019
2019-01-06,2019_01_06_DMLST.tif,7de9d82e-3c4c-4fab-9f3a-1a419fb1aea7,203577226,2019
2019-01-07,2019_01_07_DMLST.tif,a1550f2c-ffc1-4ba9-9962-bdefcc2b790d,203501426,2019
2019-01-08,2019_01_08_DMLST.tif,887a1847-c939-4838-b38f-81446f27d39a,203421394,2019
2019-01-09,2019_01_09_DMLST.tif,584f4d40-3d40-439e-a5c2-d1d7355bd1fe,203261711,2019
2019-01-10,2019_01_10_DMLST.tif,8c56361b-0c71-4e2e-8a35-87849104cdc8,202727280,2019
2019-01-11,2019_01_11_DMLST.tif,92779707-d645-4266-b464-fcc5e14d8f93,202735819,2019
2019-01-12,2019_01_12_DMLST.tif,4ac1e3a0-c5a5-4070-aa58-751cc04845d6,202871618,2019
2019-01-13,2019_01_13_DMLST.tif,c2ff3dd2-e3a8-4984-a03a-84594df7378d,203188105,2019
2019-01-14,2019_01_14_DMLST.tif,e004ba36-43ae-4272-8393-280958d63071,203105359,2019
2019-01-15,2019_01_15_DMLST.tif,91057c37-8c04-4a30-b5a2-df0dbecf2359,202711070,2019
2019-01-16,2019_01_16_DMLST.tif,9230c9da-1bf8-4708-a386-6cbdf7c2b8a6,202737280,2019
2019-01-17,2019_01_17_DMLST.tif,80155228-2cf0-483e-bbf1-d17a98975cb9,202955858,2019
2019-01-18,2019_01_18_DMLST.tif,e8506c6a-3dc5-4dcc-8cbe-8e67c9ec3999,202973259,2019
2019-01-19,2019_01_19_DMLST.tif,58b5ddd7-079f-40ff-8ef7-d9d2ee65be77,203021900,2019
2019-01-20,2019_01_20_DMLST.tif,79cb5483-ce2c-4c42-9454-6c6dbd291782,203174777,2019
2019-01-21,2019_01_21_DMLST.tif,799b299c-ac04-4c09-85d4-0bfc06cf23f1,203241849,2019
2019-01-22,2019_01_22_DMLST.tif,4d729ee9-b718-47b2-a13e-d705a4557210,202588813,2019
2019-01-23,2019_01_23_DMLST.tif,b33f3808-f59c-4873-8e26-7c4135c3357d,202229878,2019
2019-01-24,2019_01_24_DMLST.tif,02a016a9-d652-4ad9-9fb8-e1e5db54d1d0,202105458,2019
2019-01-25,2019_01_25_DMLST.tif,1562cfc5-d9f7-4c09-8f7f-5dfc883eeeb7,202420150,2019
2019-01-26,2019_01_26_DMLST.tif,eda8e68f-81b9-4874-a0b4-bf30006d722a,203109674,2019
2019-01-27,2019_01_27_DMLST.tif,d083acc4-fad9-4572-bd15-c6bf657c5f8e,203747957,2019
2019-01-28,2019_01_28_DMLST.tif,de93c1df-a781-4318-a4d1-77d1ff18a4bf,203336720,2019
2019-01-29,2019_01_29_DMLST.tif,e93d295a-f5ee-48d3-8e77-225591981879,201740970,2019
2019-01-30,2019_01_30_DMLST.tif,28279a56-2b8a-403a-9303-ea55dc24a449,200252647,2019
2019-01-31,2019_01_31_DMLST.tif,763c13c4-c28c-48ae-8009-69eff739a478,200585721,2019
2019-02-01,2019_02_01_DMLST.tif,f8efd834-e458-4643-ad64-e70a97784d22,200449412,2019
2019-02-02,2019_02_02_DMLST.tif,5f18283b-c0a5-4f44-9ea0-83004e816e41,200214239,2019
2019-02-03,2019_02_03_DMLST.tif,0a73ed64-16fe-4a4f-8316-cba4914c06ce,200247885,2019
2019-02-04,2019_02_04_DMLST.tif,ae232880-bb1b-42b5-b6ab-fb5af05a17b4,200820889,2019
2019-02-05,2019_02_05_DMLST.tif,89b56b65-67c5-4b0c-867b-90bc7b85173f,201190775,2019
2019-02-06,2019_02_06_DMLST.tif,aada622d-124e-4392-9d4a-5961ed3ba479,201009927,2019
2019-02-07,2019_02_07_DMLST.tif,4241cb8b-cd5b-41c3-8c34-34de4a33fb61,200424438,2019
2019-02-08,2019_02_08_DMLST.tif,fc18adea-d59c-46de-b73d-af39b9efdb74,201039256,2019
2019-02-09,2019_02_09_DMLST.tif,77ffb423-14de-442d-b97e-037db685641a,201814210,2019
2019-02-10,2019_02_10_DMLST.tif,4956892b-8051-49ab-8c0b-e50aed5ceca4,202050833,2019
2019-02-11,2019_02_11_DMLST.tif,87e7ee7f-5e59-4fca-bc1e-ede8f3eb9f6b,201413965,2019
2019-02-12,2019_02_12_DMLST.tif,df75fc3e-62ef-413f-bb39-3aa40d49c1b0,201586218,2019
2019-02-13,2019_02_13_DMLST.tif,1270236d-c533-4efe-9316-9022fb1589ee,202589730,2019
2019-02-14,2019_02_14_DMLST.tif,776fe437-123a-4b3f-9e71-cddcf51b87f2,202860110,2019
2019-02-15,2019_02_15_DMLST.tif,52957853-8afa-4927-b174-de392aba41b1,202451827,2019
2019-02-16,2019_02_16_DMLST.tif,87fdd388-193d-4d70-8311-56b16f9c2a50,202835197,2019
2019-02-17,2019_02_17_DMLST.tif,e36f0986-5688-4aac-816e-ce1ebbe9c6b9,202403685,2019
2019-02-18,2019_02_18_DMLST.tif,8a5a3235-5778-46ab-9d9e-cb1d6b256126,201841326,2019
2019-02-19,2019_02_19_DMLST.tif,7526eba6-4ff5-445a-9f2b-3ba8644a3dda,202159531,2019
2019-02-20,2019_02_20_DMLST.tif,36372933-2c91-498d-a7d3-846fe94647c4,202734433,2019
2019-02-21,2019_02_21_DMLST.tif,b09d44f3-c871-4c2b-898e-5b9b9ee4e0b7,202992640,2019
2019-02-22,2019_02_22_DMLST.tif,1d96a1f2-aedf-4e72-835b-5ac91ea1b8e9,202640399,2019
2019-02-23,2019_02_23_DMLST.tif,a2b56a0c-d13f-477e-b2ae-eaf0c29972fa,202755623,2019
2019-02-24,2019_02_24_DMLST.tif,32450be1-3a47-40df-8e34-1a835b0fbe53,202358303,2019
2019-02-25,2019_02_25_DMLST.tif,d9bc41f2-2574-4d9c-85ec-08272e42998b,202539550,2019
2019-02-26,2019_02_26_DMLST.tif,e0275f93-32f7-4942-ae53-c918bced50fc,203582933,2019
2019-02-27,2019_02_27_DMLST.tif,d4b5bb71-b69f-4691-abcf-38fde2c8f0b2,204031840,2019
2019-02-28,2019_02_28_DMLST.tif,69788b94-e5a4-406f-9d79-5260d2d4b173,204360005,2019
2019-03-01,2019_03_01_DMLST.tif,087696eb-5d18-4f25-a67d-b8a6adb17457,204295430,2019
2019-03-02,2019_03_02_DMLST.tif,c27df4de-bb4a-4451-94bf-1d69be8cf980,203970187,2019
2019-03-03,2019_03_03_DMLST.tif,8708ed5d-3a5b-4cbb-9535-800b32811c5c,203134679,2019
2019-03-04,2019_03_04_DMLST.tif,99f8f6ce-a413-4dc5-a473-34b13a539f6f,203102864,2019
2019-03-05,2019_03_05_DMLST.tif,a990a7de-e1ea-4e74-8c0b-b2f9565fe152,202921804,2019
2019-03-06,2019_03_06_DMLST.tif,58bc56f6-3aac-4020-8e94-6b0b5a0ad666,203276141,2019
2019-03-07,2019_03_07_DMLST.tif,c37c3e94-b5b6-4bb5-99f7-5e9447273722,203781590,2019
2019-03-08,2019_03_08_DMLST.tif,fcb5d6fe-6a12-48c8-864f-a4a6dba563ba,203145000,2019
2019-03-09,2019_03_09_DMLST.tif,01fa75f3-fd88-460d-a679-f1024e7d84d2,202576128,2019
2019-03-10,2019_03_10_DMLST.tif,b7256eda-2323-4a3f-851a-25fa1d22b14d,202796869,2019
2019-03-11,2019_03_11_DMLST.tif,05185348-ed7e-47a6-b472-7acc31785654,203886586,2019
2019-03-12,2019_03_12_DMLST.tif,11233ae7-fe99-41ed-a806-87d53b3a4d2e,204279685,2019
2019-03-13,2019_03_13_DMLST.tif,83fb54e9-9bd7-42d4-9906-1d10ba1cd188,204651302,2019
2019-03-14,2019_03_14_DMLST.tif,68bd60d1-e189-484c-8aa1-2af6ca67c865,205038902,2019
2019-03-15,2019_03_15_DMLST.tif,03c3304c-6648-4b63-8a7c-e8e66bec5a6a,205386575,2019
2019-03-16,2019_03_16_DMLST.tif,6a7242af-41b1-4909-9b68-b6efe6bfaab2,205596174,2019
2019-03-17,2019_03_17_DMLST.tif,06a87739-c089-493d-8417-6f00cb48641d,205529978,2019
2019-03-18,2019_03_18_DMLST.tif,790130eb-7813-450a-9dd4-a24ab858f32a,204949874,2019
2019-03-19,2019_03_19_DMLST.tif,afc7eeaa-d6b1-410f-b92b-a51ddb198340,204386853,2019
2019-03-20,2019_03_20_DMLST.tif,d47c30b1-7513-45e3-89e5-080520b79c2f,204084268,2019
2019-03-21,2019_03_21_DMLST.tif,7c63e375-0d9b-4f04-91f3-35524cabede4,204425061,2019
2019-03-22,2019_03_22_DMLST.tif,35093792-db92-421c-af2e-0d85b3c48f35,204728608,2019
2019-03-23,2019_03_23_DMLST.tif,45c72d7a-cdab-4b7b-9493-38e6456ab35d,204642821,2019
2019-03-24,2019_03_24_DMLST.tif,94cf77e1-27d5-4e11-9711-65b1692df621,204813075,2019
2019-03-25,2019_03_25_DMLST.tif,2f067e3d-8789-417e-9602-9cf95b9c735c,205339520,2019
2019-03-26,2019_03_26_DMLST.tif,d1f8f927-95fd-49b5-9158-ffcc8213fd60,205676080,2019
2019-03-27,2019_03_27_DMLST.tif,b4792b86-c75c-4a35-a592-0f8bad21e68a,206098983,2019
2019-03-28,2019_03_28_DMLST.tif,1ea505b7-5fb8-4795-b968-b8567264705e,206008454,2019
2019-03-29,2019_03_29_DMLST.tif,0752bfee-29c8-437f-82ee-340ce359d2c1,205689038,2019
2019-03-30,2019_03_30_DMLST.tif,198a88cb-4656-460f-ba64-25ec6ad4f72a,206074911,2019
2019-03-31,2019_03_31_DMLST.tif,0cfa3f83-f627-41a3-92e9-8d919e91fe21,206758137,2019
2019-04-01,2019_04_01_DMLST.tif,6efeb204-cbfb-4687-b12d-f8d694edfa5f,206456733,2019
2019-04-02,2019_04_02_DMLST.tif,1a5fe7ed-28a8-4d01-82e0-516de1a4d9df,206471486,2019
2019-04-03,2019_04_03_DMLST.tif,6009587e-74bc-4c7c-8842-b3fe9f42c073,206100043,2019
2019-04-04,2019_04_04_DMLST.tif,db93f2d4-bd40-462f-b8c6-16cfc9f96b0d,205058374,2019
2019-04-05,2019_04_05_DMLST.tif,7fe392f6-f319-4e8f-a618-a9458c999d0b,204980388,2019
2019-04-06,2019_04_06_DMLST.tif,593c5d25-719c-4f45-ae55-c9a12783be15,204748239,2019
2019-04-07,2019_04_07_DMLST.tif,65552e01-0a34-47f6-a425-5097d9bc0dee,205321699,2019
2019-04-08,2019_04_08_DMLST.tif,b23d3074-fe3e-4b7c-be35-1a31cd1ba0fa,205358731,2019
2019-04-09,2019_04_09_DMLST.tif,ef6f7a32-0c8f-4071-8748-cae9199c6b01,205074832,2019
2019-04-10,2019_04_10_DMLST.tif,7c497ae1-7d80-4d20-894d-1b7ec5bb16db,205492135,2019
2019-04-11,2019_04_11_DMLST.tif,21803666-e377-43f8-8a13-865dbe69f4dc,206016333,2019
2019-04-12,2019_04_12_DMLST.tif,bd537fc2-5f0b-4409-9d6a-419e57b1c85d,206689149,2019
2019-04-13,2019_04_13_DMLST.tif,6620c417-ca15-420f-9e0d-c81562dd7ae9,206609827,2019
2019-04-14,2019_04_14_DMLST.tif,cdfcafac-38cf-4432-b582-f3bacb73f16b,206746706,2019
2019-04-15,2019_04_15_DMLST.tif,38238023-0657-4599-ab4f-c1f0fe922d2c,206571872,2019
2019-04-16,2019_04_16_DMLST.tif,9b5ed6b8-eb4a-4bf6-978a-cf6bd1bfd170,206348047,2019
2019-04-17,2019_04_17_DMLST.tif,a86f59ad-f410-43ef-9326-14f09f779943,206141003,2019
2019-04-18,2019_04_18_DMLST.tif,e214276b-1117-4fab-a228-d1c4fd784cec,206326094,2019
2019-04-19,2019_04_19_DMLST.tif,1b87aa06-bb8f-4abe-a24e-85976d6c61a2,206896871,2019
2019-04-20,2019_04_20_DMLST.tif,316045f3-2ff4-4dc2-8d2d-b993a71c31d0,205775362,2019
2019-04-21,2019_04_21_DMLST.tif,fd2307bb-5164-4a67-be15-b466f17bf85c,206054538,2019
2019-04-22,2019_04_22_DMLST.tif,ac690f87-faf7-40dc-b952-d31d9b288006,206296684,2019
2019-04-23,2019_04_23_DMLST.tif,765f82a2-e300-4f45-b9d5-bf7b06294444,206130720,2019
2019-04-24,2019_04_24_DMLST.tif,c6532743-f9ce-4032-bc2f-5447543a4b24,205814223,2019
2019-04-25,2019_04_25_DMLST.tif,d3650eea-df7a-48bc-8e20-62689242f056,205379941,2019
2019-04-26,2019_04_26_DMLST.tif,8f8f1f70-7c06-4b29-ad38-ecd7d69573fd,205629165,2019
2019-04-27,2019_04_27_DMLST.tif,7905fd00-0bb0-4609-bcac-1ceb6a3366f2,204953004,2019
2019-04-28,2019_04_28_DMLST.tif,5eb99a2a-cbf8-4ca4-ae30-88c11935353b,205082381,2019
2019-04-29,2019_04_29_DMLST.tif,f41cd13d-9843-4b77-b2de-b3712aef0144,205033545,2019
2019-04-30,2019_04_30_DMLST.tif,1b09f916-9b57-4353-8ddf-380505082fa3,205752133,2019
2019-05-01,2019_05_01_DMLST.tif,605463bf-e59f-42da-923d-c82148f12592,206148132,2019
2019-05-02,2019_05_02_DMLST.tif,3dbd559f-eba0-4109-b821-e1b853d21695,205915611,2019
2019-05-03,2019_05_03_DMLST.tif,ad85eb86-5439-4bc6-96d2-ffdacba391e1,205128220,2019
2019-05-04,2019_05_04_DMLST.tif,84c21f0d-783e-4f48-aac8-077d779048f6,205675150,2019
2019-05-05,2019_05_05_DMLST.tif,a1202a63-6aa8-4829-9acd-c579de102014,205710948,2019
2019-05-06,2019_05_06_DMLST.tif,e4242c69-41e6-40c5-a42e-77d8491a5eba,205296903,2019
2019-05-07,2019_05_07_DMLST.tif,0bcc268c-c506-4b6e-9ee4-97f75105e6e5,205540665,2019
2019-05-08,2019_05_08_DMLST.tif,7b95f68c-038d-43b2-9210-5fa802aa527a,206184740,2019
2019-05-09,2019_05_09_DMLST.tif,f22ebcfd-acb4-47d5-aa1b-73aa281b17a4,206866211,2019
2019-05-10,2019_05_10_DMLST.tif,23f44d6d-1288-47f3-b72e-cc44546bb845,207149868,2019
2019-05-11,2019_05_11_DMLST.tif,a3b339b5-827f-49a8-a3f8-dbc61331e981,207576868,2019
2019-05-12,2019_05_12_DMLST.tif,17f53e89-1976-4efd-884c-427146ffcb17,207601826,2019
2019-05-13,2019_05_13_DMLST.tif,fb7a2124-9057-4a59-a46f-793e6c5c3ad6,207232135,2019
2019-05-14,2019_05_14_DMLST.tif,85de7544-d1cc-41c2-b40a-4604863e3c4f,207669828,2019
2019-05-15,2019_05_15_DMLST.tif,dabe13fd-640e-4d45-97a7-90f0ed03db5b,207467311,2019
2019-05-16,2019_05_16_DMLST.tif,f090d2bb-1cc9-43d6-b47f-ce5d01d9a854,207180721,2019
2019-05-17,2019_05_17_DMLST.tif,290d1971-a7b5-4151-a5bd-54b982eed2ba,207334172,2019
2019-05-18,2019_05_18_DMLST.tif,73b21c3f-27d5-48cb-9d58-e0dac1ca548d,207803343,2019
2019-05-19,2019_05_19_DMLST.tif,ebe5c031-a8b1-4e68-9793-bae9c76d9f2b,208066559,2019
2019-05-20,2019_05_20_DMLST.tif,5e226aca-0a42-40e4-a078-441699e504a2,208148349,2019
2019-05-21,2019_05_21_DMLST.tif,fef480cb-913e-4edc-bc17-72df79d9f3d0,208253163,2019
2019-05-22,2019_05_22_DMLST.tif,e22b71b2-45ca-4a27-a566-9dc4193c35c8,206886534,2019
2019-05-23,2019_05_23_DMLST.tif,c15a2e6e-5891-45cb-b976-4cc0cf3a5152,206460116,2019
2019-05-24,2019_05_24_DMLST.tif,f8068a50-771a-4684-bc76-c3296dbe5ba7,206085593,2019
2019-05-25,2019_05_25_DMLST.tif,65aa87f5-4eab-46ab-9d0e-c1f8691046af,206016921,2019
2019-05-26,2019_05_26_DMLST.tif,e5068a58-b4cf-4c73-80af-daa673952cbd,206031105,2019
2019-05-27,2019_05_27_DMLST.tif,b6780248-9775-4d69-be7c-e9f1b602d6d9,206023577,2019
2019-05-28,2019_05_28_DMLST.tif,842eec3f-7471-4d7e-8b47-8a4777ba18ba,205791333,2019
2019-05-29,2019_05_29_DMLST.tif,3f1fa90f-3534-4c05-b563-4d7122361e51,205959197,2019
2019-05-30,2019_05_30_DMLST.tif,1d59da7e-af1f-459d-8ff0-6c6e05a2b15f,206171159,2019
2019-05-31,2019_05_31_DMLST.tif,18dc0d2a-bf72-4b53-a6eb-688ba230ebed,206273215,2019
2019-06-01,2019_06_01_DMLST.tif,85d4faba-b01c-4361-b002-acb66a7993d6,206184006,2019
2019-06-02,2019_06_02_DMLST.tif,6dbffec1-800b-4591-a270-e5a435b6df3b,206159212,2019
2019-06-03,2019_06_03_DMLST.tif,cead09d7-1993-4b9f-b406-fc8104751fc2,205949084,2019
2019-06-04,2019_06_04_DMLST.tif,d1d11237-2698-4414-bf62-848441d58538,206146904,2019
2019-06-05,2019_06_05_DMLST.tif,d0c68b90-ff98-45eb-b7c8-4fc88db401e1,206491291,2019
2019-06-06,2019_06_06_DMLST.tif,1ff0f613-29f2-4972-9824-1a8f7791ceaf,206332047,2019
2019-06-07,2019_06_07_DMLST.tif,876ed289-0296-4a53-b17d-f7e07a04a290,205251998,2019
2019-06-08,2019_06_08_DMLST.tif,a743f4bd-2028-45fa-a8a5-d4f619315893,205110802,2019
2019-06-09,2019_06_09_DMLST.tif,ecac288c-e8cf-4e3a-9e31-f93d794fcdae,205248789,2019
2019-06-10,2019_06_10_DMLST.tif,35a7257a-6d69-4bd0-a0d6-566bf2a1d85a,205332976,2019
2019-06-11,2019_06_11_DMLST.tif,52a28fa7-c894-4ed0-ab2a-5d5499b040fc,205333812,2019
2019-06-12,2019_06_12_DMLST.tif,30670005-0a14-441b-9030-4f245ab979d9,204971921,2019
2019-06-13,2019_06_13_DMLST.tif,a1edeaf6-7312-4cdd-a7aa-b38a97b7e94d,204633063,2019
2019-06-14,2019_06_14_DMLST.tif,fa2b2b93-a201-430a-b451-a81086c6ce9c,204404698,2019
2019-06-15,2019_06_15_DMLST.tif,e291a25a-62ba-43ed-a353-fd9307007db0,205134979,2019
2019-06-16,2019_06_16_DMLST.tif,33cea23b-7b18-4b65-93d9-7750f3987720,205261249,2019
2019-06-17,2019_06_17_DMLST.tif,d47e9cbc-67ae-413f-b501-80ea18ed4cbb,205122411,2019
2019-06-18,2019_06_18_DMLST.tif,27d1ff1f-a4d7-41a0-b311-6788f53e59a3,205024533,2019
2019-06-19,2019_06_19_DMLST.tif,b335cfbf-02fa-48da-9b27-5b440e430c91,204904117,2019
2019-06-20,2019_06_20_DMLST.tif,37b60d33-aa08-4022-abf6-301e0902ecb3,204780759,2019
2019-06-21,2019_06_21_DMLST.tif,f85fdae1-dee2-43d0-86a5-59526f1750fe,205427921,2019
2019-06-22,2019_06_22_DMLST.tif,96c93ac4-c96a-4e3e-b997-24fb17ee9eff,205709619,2019
2019-06-23,2019_06_23_DMLST.tif,cb1ab969-04a6-49ad-989f-eaf25b75b285,204444026,2019
2019-06-24,2019_06_24_DMLST.tif,1f1e2833-8d89-451f-bfb5-36162ee0f997,203742289,2019
2019-06-25,2019_06_25_DMLST.tif,c988dcd4-f598-48a6-b9fa-88f0100ce413,203166287,2019
2019-06-26,2019_06_26_DMLST.tif,003c290e-bd15-470d-a9ff-cd46c010a506,202950655,2019
2019-06-27,2019_06_27_DMLST.tif,697389dd-b238-43f8-a86e-216ed02641a9,202748827,2019
2019-06-28,2019_06_28_DMLST.tif,986f8787-3d97-44e1-b990-7051122f5d1a,203051945,2019
2019-06-29,2019_06_29_DMLST.tif,f28dad68-a319-48ba-bb13-d64dbe591437,203127607,2019
2019-06-30,2019_06_30_DMLST.tif,2cc0aa67-6068-44ff-8af3-a640dc56be9d,202978791,2019
2019-07-01,2019_07_01_DMLST.tif,eada149f-bcb7-4027-9daa-bab1ec17ac20,203834144,2019
2019-07-02,2019_07_02_DMLST.tif,e322e59a-09fc-4d04-a0ab-a8b48e3c2724,204532253,2019
2019-07-03,2019_07_03_DMLST.tif,6ef939eb-bef8-48f7-b8ac-4f13eee37ea8,204451126,2019
2019-07-04,2019_07_04_DMLST.tif,bb757726-d685-40b1-ba96-bbbb340ad357,203900450,2019
2019-07-05,2019_07_05_DMLST.tif,676ee078-5c5e-44d7-98d9-5d9122ee83a3,203886243,2019
2019-07-06,2019_07_06_DMLST.tif,73ff2f97-0534-4c67-8d8f-e04890894181,204596051,2019
2019-07-07,2019_07_07_DMLST.tif,49097fcb-1cff-4649-85a4-11766f20823d,204869540,2019
2019-07-08,2019_07_08_DMLST.tif,828fb440-3c96-485b-a41d-97c58e8d4b87,204579998,2019
2019-07-09,2019_07_09_DMLST.tif,1f039396-929a-4ed5-9da8-31d3e079e463,202745745,2019
2019-07-10,2019_07_10_DMLST.tif,6d0e14d0-6457-479f-9a7b-beb5dbbf0658,202975718,2019
2019-07-11,2019_07_11_DMLST.tif,ae41edd0-7a3c-48d7-9717-c46a7f65e852,203080360,2019
2019-07-12,2019_07_12_DMLST.tif,8302c7b2-7518-4f36-ae0c-7c74853b917d,202585664,2019
2019-07-13,2019_07_13_DMLST.tif,9480c180-99d2-47a5-9b20-21ccc213af02,202376733,2019
2019-07-14,2019_07_14_DMLST.tif,866a1dff-8fd5-4826-8a3a-f97c1a373a4b,202665853,2019
2019-07-15,2019_07_15_DMLST.tif,22ce7d49-4891-42d0-a052-25a039bdcf43,202597528,2019
2019-07-16,2019_07_16_DMLST.tif,4a2572c6-41a7-4a21-a017-e8233d6d21e9,202217184,2019
2019-07-17,2019_07_17_DMLST.tif,6777aef7-810c-424f-bdce-8272145d5638,203034421,2019
2019-07-18,2019_07_18_DMLST.tif,6b884457-bdad-4314-927b-96fe85ba9e59,202968612,2019
2019-07-19,2019_07_19_DMLST.tif,12205b2f-19a5-40b9-ad95-0b387e67d460,202777570,2019
2019-07-20,2019_07_20_DMLST.tif,111d16b5-d48f-4d1a-bbfe-1e4285f86e12,202838939,2019
2019-07-21,2019_07_21_DMLST.tif,f8888268-be34-4c4b-813f-9b098f4d640d,203367595,2019
2019-07-22,2019_07_22_DMLST.tif,89812312-fcf6-4016-a44e-3b15df3c4254,203630677,2019
2019-07-23,2019_07_23_DMLST.tif,1b2614ff-8b80-4279-81fd-5d539ab8292b,203632745,2019
2019-07-24,2019_07_24_DMLST.tif,394ca6c1-22a9-4871-b74c-a81804623302,203424299,2019
2019-07-25,2019_07_25_DMLST.tif,6540cd04-3b93-4a34-80f4-ca76fb7ea9d3,202465958,2019
2019-07-26,2019_07_26_DMLST.tif,fc42ad09-6a11-4696-9aeb-1e2d4806c575,202486429,2019
2019-07-27,2019_07_27_DMLST.tif,f6dfb514-e34d-4dfa-82a7-738c8bba02f1,202306584,2019
2019-07-28,2019_07_28_DMLST.tif,c85b33ee-59cc-4aaa-83e4-8327329df4d9,202168857,2019
2019-07-29,2019_07_29_DMLST.tif,f667dcd6-eceb-4b3c-8f21-567ec3903a1e,202245017,2019
2019-07-30,2019_07_30_DMLST.tif,61a38b4a-064e-4e8d-9138-5cf1442ccf59,201936691,2019
2019-07-31,2019_07_31_DMLST.tif,18ce4ac2-34a4-46bd-8221-7871f32ecfd6,201500197,2019
2019-08-01,2019_08_01_DMLST.tif,a078691e-ec62-4611-852a-30e2651251d1,201444407,2019
2019-08-02,2019_08_02_DMLST.tif,607d639f-a850-4386-b883-39b4047f3815,202173382,2019
2019-08-03,2019_08_03_DMLST.tif,cf4c8caf-ec46-45c1-a1f6-5f7ed843656d,202422992,2019
2019-08-04,2019_08_04_DMLST.tif,b7453141-a6e5-4f3a-93fe-ec44082e4ffb,202791861,2019
2019-08-05,2019_08_05_DMLST.tif,4507a059-0cde-4ff6-9cdd-52f8bc22c68b,202512389,2019
2019-08-06,2019_08_06_DMLST.tif,834bd852-a984-47eb-b600-1f232dabad81,202610762,2019
2019-08-07,2019_08_07_DMLST.tif,c83afb64-9ad3-40de-bc57-0fecc12516cc,202344863,2019
2019-08-08,2019_08_08_DMLST.tif,5468e67d-48e5-4b05-891d-d3a3b1710967,202451368,2019
2019-08-09,2019_08_09_DMLST.tif,16c9d650-2a10-4191-86c7-c2de36c07d94,202113449,2019
2019-08-10,2019_08_10_DMLST.tif,0d95f59d-34ab-41ac-9602-c492b13e7edc,201338984,2019
2019-08-11,2019_08_11_DMLST.tif,744cc948-f341-4611-a942-57f15771dc36,201588764,2019
2019-08-12,2019_08_12_DMLST.tif,cd394961-3100-4ee5-a31f-60a34addb30e,201604000,2019
2019-08-13,2019_08_13_DMLST.tif,da6ea2ef-f741-4382-8713-084af6956685,201276700,2019
2019-08-14,2019_08_14_DMLST.tif,19febbbc-7edc-4e37-8d28-4eb29d53050f,201446207,2019
2019-08-15,2019_08_15_DMLST.tif,705507eb-65a9-41bf-a8e1-f6191e2676a5,201758263,2019
2019-08-16,2019_08_16_DMLST.tif,bc9b1f33-509c-44e7-8869-c14c1a40cb95,201783031,2019
2019-08-17,2019_08_17_DMLST.tif,fde71c5d-bfbb-467f-b6c5-5d826bfa6763,201850780,2019
2019-08-18,2019_08_18_DMLST.tif,37f4592e-c198-4ba6-bef6-eb493bd27828,203094711,2019
2019-08-19,2019_08_19_DMLST.tif,2e79da13-42ce-4029-85f2-99b97c3e6c28,203168932,2019
2019-08-20,2019_08_20_DMLST.tif,d424e430-6459-4b50-b5cd-e211f18362de,203443480,2019
2019-08-21,2019_08_21_DMLST.tif,73de494b-cbc0-4bc9-9bc8-cd173ba79c18,203546819,2019
2019-08-22,2019_08_22_DMLST.tif,d1530bd6-4ff1-44b7-913f-37ab7e88e509,203420154,2019
2019-08-23,2019_08_23_DMLST.tif,0cb25162-e4a5-404e-a6a3-c906bba5119a,203231928,2019
2019-08-24,2019_08_24_DMLST.tif,dd012257-dcf2-42f0-a1bc-bc2fb1bf9ff5,203271729,2019
2019-08-25,2019_08_25_DMLST.tif,afd43b0b-c39e-4c84-b143-6b35840619b7,203299546,2019
2019-08-26,2019_08_26_DMLST.tif,02024a90-0b74-4e04-ae64-6512465811fb,202825845,2019
2019-08-27,2019_08_27_DMLST.tif,f9504710-a079-4abb-a05f-5ca7954631ed,202393064,2019
2019-08-28,2019_08_28_DMLST.tif,99a65f8b-9dd2-4984-8807-9f0baefc1e11,202105808,2019
2019-08-29,2019_08_29_DMLST.tif,367c22e7-e37b-44c5-915a-bdd9586afd87,202282001,2019
2019-08-30,2019_08_30_DMLST.tif,ad5ac38d-28c3-4425-b458-2651e3414cba,202247935,2019
2019-08-31,2019_08_31_DMLST.tif,6faa9855-e631-4e0a-98dc-c5d28b5c4629,202431690,2019
2019-09-01,2019_09_01_DMLST.tif,5a933312-4c36-4fe5-8ee7-ed889836d99a,202063995,2019
2019-09-02,2019_09_02_DMLST.tif,65cecd61-8815-4d99-b9cf-d09f486e43cf,201797143,2019
2019-09-03,2019_09_03_DMLST.tif,6d7ca40e-98fd-44fe-aa22-4d977966e3cd,202840097,2019
2019-09-04,2019_09_04_DMLST.tif,2494fbcc-1a48-436d-919b-5cf8e46a384b,203057553,2019
2019-09-05,2019_09_05_DMLST.tif,aff53d97-ad0b-427c-a5d4-79fef3d83c27,203049299,2019
2019-09-06,2019_09_06_DMLST.tif,a83d706f-d484-4ac5-9b00-8694971e9af1,202887717,2019
2019-09-07,2019_09_07_DMLST.tif,ef9b07eb-92e3-44ed-b394-2cabad3b46ad,202811936,2019
2019-09-08,2019_09_08_DMLST.tif,70f24ef2-873b-4b44-96b5-1c6ef93ecb38,203562343,2019
2019-09-09,2019_09_09_DMLST.tif,6a613101-f4bc-4fb0-bd0c-af3188e07547,203813633,2019
2019-09-10,2019_09_10_DMLST.tif,c794cf43-562d-4010-9d8f-69b43cff3816,203550233,2019
2019-09-11,2019_09_11_DMLST.tif,188894c3-737c-4af7-a09d-8e12e2f85353,202780050,2019
2019-09-12,2019_09_12_DMLST.tif,483eebd6-0ed3-4311-b059-d0794ced2e20,202858149,2019
2019-09-13,2019_09_13_DMLST.tif,13c9adfe-5c3a-4e1f-b507-ba5b6f28a4b8,202997205,2019
2019-09-14,2019_09_14_DMLST.tif,830d3343-c9fb-42b0-a04e-5dfe914a3972,202851859,2019
2019-09-15,2019_09_15_DMLST.tif,cbf8057a-8d56-43c7-a6e0-26d2f67c7c6b,202907051,2019
2019-09-16,2019_09_16_DMLST.tif,fb9161f8-d6c5-45ea-814c-79e0ac33682f,202746081,2019
2019-09-17,2019_09_17_DMLST.tif,c2827be8-2c1d-4a8a-88c2-d9e83c5fb3f0,202849791,2019
2019-09-18,2019_09_18_DMLST.tif,2d957fb2-209f-461c-a3b6-8f57772d9b67,202722338,2019
2019-09-19,2019_09_19_DMLST.tif,f486a9d9-7258-4faf-9b99-cbad28ec49fc,204991093,2019
2019-09-20,2019_09_20_DMLST.tif,c0438463-8929-4eeb-931e-820d30a4bb71,205155030,2019
2019-09-21,2019_09_21_DMLST.tif,5f6f4823-acd7-4d51-9971-afe9ed479e75,205327485,2019
2019-09-22,2019_09_22_DMLST.tif,b6a707bc-93d7-4506-b34d-db76de052a41,205383302,2019
2019-09-23,2019_09_23_DMLST.tif,f64b50e8-50a1-4c1c-be40-b97080ce4bb9,205366399,2019
2019-09-24,2019_09_24_DMLST.tif,7b93ca33-8283-4cb2-8529-b2935b3d2103,205466253,2019
2019-09-25,2019_09_25_DMLST.tif,cfcac680-2c73-4794-9d83-b36d1ea29c78,205149212,2019
2019-09-26,2019_09_26_DMLST.tif,9728dc41-2818-49f0-ad48-dcb9c5988ee6,205102393,2019
2019-09-27,2019_09_27_DMLST.tif,36f37865-cb9d-43bf-961f-b8b7d26c2a34,204882605,2019
2019-09-28,2019_09_28_DMLST.tif,231e82f2-56a1-47cc-88e4-fe6a5edbd176,204695829,2019
2019-09-29,2019_09_29_DMLST.tif,91a88248-3972-4b95-8b86-fe90e17cee03,204873432,2019
2019-09-30,2019_09_30_DMLST.tif,15651dfa-87c5-4458-81b0-d7d0841fdd73,205283965,2019
2019-10-01,2019_10_01_DMLST.tif,c2f7906d-9fae-4861-a787-cf34fdb9a9fa,205724038,2019
2019-10-02,2019_10_02_DMLST.tif,f2eafe29-2fe5-4ac8-83c6-53a324976096,205802633,2019
2019-10-03,2019_10_03_DMLST.tif,09c7c543-9a1f-4e83-9da2-395b6af59b9f,206091883,2019
2019-10-04,2019_10_04_DMLST.tif,b0ff6257-3d23-4c70-b961-d7269d12f375,206489094,2019
2019-10-05,2019_10_05_DMLST.tif,0942f4e4-cbbe-4a98-b7ac-aef55ca44882,208022462,2019
2019-10-06,2019_10_06_DMLST.tif,ea711098-7ed8-43c7-ac39-c3fc1fada3b0,208230991,2019
2019-10-07,2019_10_07_DMLST.tif,7d69e7bb-9816-4d29-8f64-4d258028e2f5,208219578,2019
2019-10-08,2019_10_08_DMLST.tif,4cdf7da0-55da-4886-9c8c-02a18756c370,208405975,2019
2019-10-09,2019_10_09_DMLST.tif,3be777f1-a3dd-41be-bd32-0523a69e434d,208221935,2019
2019-10-10,2019_10_10_DMLST.tif,788b4a53-6c39-470e-baf5-1c7cae77d0e9,207767869,2019
2019-10-11,2019_10_11_DMLST.tif,4565e830-e88e-440d-8e70-e786b2035ccb,207341498,2019
2019-10-12,2019_10_12_DMLST.tif,79ea9d53-ace0-44d4-8677-4913fd9bd4ec,207433657,2019
2019-10-13,2019_10_13_DMLST.tif,90f17d3a-e662-47e8-983c-463b2e7f90d7,206966451,2019
2019-10-14,2019_10_14_DMLST.tif,f19d4bd0-cac2-440e-8312-98f50165b29f,207261119,2019
2019-10-15,2019_10_15_DMLST.tif,c1ccee54-862a-4e4f-a7f5-2d6eb6ed22d8,207233353,2019
2019-10-16,2019_10_16_DMLST.tif,249f2b38-6b23-41dd-a232-3cd5755ee288,207484624,2019
2019-10-17,2019_10_17_DMLST.tif,12b9ae9f-3716-4215-9d33-61336e688736,207056026,2019
2019-10-18,2019_10_18_DMLST.tif,0e5e8bdd-cbe2-45d0-bba7-04b552b29810,206750834,2019
2019-10-19,2019_10_19_DMLST.tif,e2944d8c-37da-47ab-a1a1-e190a2d37ff1,206806863,2019
2019-10-20,2019_10_20_DMLST.tif,343d7fd7-faf2-4ec5-af1c-3b76e7175cd6,206887682,2019
2019-10-21,2019_10_21_DMLST.tif,fe0d6aae-c708-4480-9a86-34787685bea1,207887876,2019
2019-10-22,2019_10_22_DMLST.tif,280eb5a0-99a9-4950-945e-c51f3a1dfa26,207901819,2019
2019-10-23,2019_10_23_DMLST.tif,13d65184-0f16-4267-b208-470a452e01b3,207956410,2019
2019-10-24,2019_10_24_DMLST.tif,f5324159-c239-4647-af71-a30e5c0e683d,207972744,2019
2019-10-25,2019_10_25_DMLST.tif,13117662-d5bc-410d-8858-182c077829f6,208307844,2019
2019-10-26,2019_10_26_DMLST.tif,510bddf2-dca2-4eac-a168-11bd140b29f7,208767180,2019
2019-10-27,2019_10_27_DMLST.tif,3bedd55e-9a79-4e96-bb14-3f5f761e172e,208714454,2019
2019-10-28,2019_10_28_DMLST.tif,375061ce-f494-4a8d-abb9-52257a13c31b,208225397,2019
2019-10-29,2019_10_29_DMLST.tif,d6e13265-7cab-420c-b343-f71000634c70,208170872,2019
2019-10-30,2019_10_30_DMLST.tif,595e78b6-bae8-46dd-98bc-b218b4e367c5,207810524,2019
2019-10-31,2019_10_31_DMLST.tif,5434dbcd-fb3e-44b7-a7d7-f140401ac115,207856063,2019
2019-11-01,2019_11_01_DMLST.tif,8e6a1c48-822d-41b3-8420-d7f8df5a050c,207523787,2019
2019-11-02,2019_11_02_DMLST.tif,c63dcccb-44ed-45d5-9cce-08568f6079c6,207099997,2019
2019-11-03,2019_11_03_DMLST.tif,f2b20645-6a7e-4ca2-87b8-5d44d9d068ce,207219557,2019
2019-11-04,2019_11_04_DMLST.tif,3181b75d-00ab-4121-8d36-cf8a0f7687c3,206985339,2019
2019-11-05,2019_11_05_DMLST.tif,1b8a26fa-13ea-4cd8-8bb3-dd8cdeb3dad0,206954367,2019
2019-11-06,2019_11_06_DMLST.tif,31f7ac9d-f031-47f3-ad96-08f88cf1da01,207280405,2019
2019-11-07,2019_11_07_DMLST.tif,82952a08-3d5f-4b95-9e09-a3b9055b2c75,207484621,2019
2019-11-08,2019_11_08_DMLST.tif,92a6b79c-96b5-4814-af90-c0ae8caaf1f6,207410953,2019
2019-11-09,2019_11_09_DMLST.tif,b8f9279e-a63f-4a88-80fe-852b9cf1bb5b,207269229,2019
2019-11-10,2019_11_10_DMLST.tif,167125df-5f55-4f65-b22e-5fd5223c2b11,206735421,2019
2019-11-11,2019_11_11_DMLST.tif,03b76829-b770-472a-99a4-e5f753da7c24,206344359,2019
2019-11-12,2019_11_12_DMLST.tif,9ec4b97b-35de-4969-bbc5-4a11dfc4abf1,206538958,2019
2019-11-13,2019_11_13_DMLST.tif,7640c33f-9774-49cb-ad22-801512324ec1,206487380,2019
2019-11-14,2019_11_14_DMLST.tif,a84a1583-75df-4448-b022-ecb694f014b2,206367089,2019
2019-11-15,2019_11_15_DMLST.tif,1810761e-7361-4658-87b2-412e39ca9879,206062118,2019
2019-11-16,2019_11_16_DMLST.tif,ad6d5930-80b1-47fd-a043-babd24696417,206009446,2019
2019-11-17,2019_11_17_DMLST.tif,d4e7abc2-a40e-4959-87b0-ba89a78be947,205661616,2019
2019-11-18,2019_11_18_DMLST.tif,a2d698e2-90c2-46b8-a025-958a57cecb1e,205884299,2019
2019-11-19,2019_11_19_DMLST.tif,8241599e-1209-44d6-8900-1b7746402562,205421515,2019
2019-11-20,2019_11_20_DMLST.tif,b8a9c7dc-54c0-42a7-8fb6-a4bf5ad19f85,205494012,2019
2019-11-21,2019_11_21_DMLST.tif,93b6c0b5-dbe0-4e1f-b705-a1f39da2cd7f,205818268,2019
2019-11-22,2019_11_22_DMLST.tif,294aaaba-0c43-42ba-af65-f92202a2780c,205894209,2019
2019-11-23,2019_11_23_DMLST.tif,76bc7ba7-89dd-4ec4-8bd5-ee1731d825a6,205319913,2019
2019-11-24,2019_11_24_DMLST.tif,6c96a9ff-4638-45d5-8939-16f73143bbff,204789971,2019
2019-11-25,2019_11_25_DMLST.tif,4c9e2630-451c-4e56-9d40-c55a42cab758,204805901,2019
2019-11-26,2019_11_26_DMLST.tif,b5df9328-e715-4258-bf12-27ea25a1bba6,204573133,2019
2019-11-27,2019_11_27_DMLST.tif,0d4bb8d8-194b-403d-974d-9f78e4bcf4d2,204600113,2019
2019-11-28,2019_11_28_DMLST.tif,ecdd3d53-a749-48b6-8a12-27a534a7b711,204762622,2019
2019-11-29,2019_11_29_DMLST.tif,881d199e-97b9-4fa7-9531-59369b4cc071,205066344,2019
2019-11-30,2019_11_30_DMLST.tif,37414584-ae0e-435e-9c8c-c16e9105931d,205546678,2019
2019-12-01,2019_12_01_DMLST.tif,f969ad28-2aaf-43f4-9ad5-537d760c64ef,205235467,2019
2019-12-02,2019_12_02_DMLST.tif,737354bc-c1b7-435f-9d19-6edfac90fd00,205296580,2019
2019-12-03,2019_12_03_DMLST.tif,ac0c5a98-81e9-4f61-b9bc-e425369f2aff,205026925,2019
2019-12-04,2019_12_04_DMLST.tif,d8af2be8-6452-4eca-8207-7179db3045d3,204882940,2019
2019-12-05,2019_12_05_DMLST.tif,14a467ff-3fb5-4c25-88f4-54acc4f45603,204786694,2019
2019-12-06,2019_12_06_DMLST.tif,f8bce9f7-c264-4e93-809b-e585eab07926,204862021,2019
2019-12-07,2019_12_07_DMLST.tif,2de0b547-1f8b-4fd3-b567-b2043c62ba4a,205336026,2019
2019-12-08,2019_12_08_DMLST.tif,fb115b64-4350-4e3f-9ca3-6b94cdcd3ebb,205601662,2019
2019-12-09,2019_12_09_DMLST.tif,1a7e87f4-2196-4509-a7ff-0ec35d831ded,205619004,2019
2019-12-10,2019_12_10_DMLST.tif,1c55f186-d285-4042-a326-c6183a7900f0,205009603,2019
2019-12-11,2019_12_11_DMLST.tif,c1765d26-d1c4-4664-a5ea-dd5507933de6,204851239,2019
2019-12-12,2019_12_12_DMLST.tif,a24c621e-df4a-4093-88b3-6355fc56ad35,205578660,2019
2019-12-13,2019_12_13_DMLST.tif,761c2cf6-91cb-49e9-8da6-64fe6682ba8e,205756522,2019
2019-12-14,2019_12_14_DMLST.tif,1279029f-bde3-4541-87d3-f67e5b027773,205221780,2019
2019-12-15,2019_12_15_DMLST.tif,3be10d4e-c1c3-4b5c-8b41-3871e9ac7028,204639413,2019
2019-12-16,2019_12_16_DMLST.tif,d94fddb0-7b77-486b-a9a4-5df151d57424,203591518,2019
2019-12-17,2019_12_17_DMLST.tif,94293b8f-085e-47a9-9238-384882a454c6,202848872,2019
2019-12-18,2019_12_18_DMLST.tif,ea0f973c-5a11-413e-96b9-5556cdca703f,203095117,2019
2019-12-19,2019_12_19_DMLST.tif,f30018cc-eef3-4bdc-a53a-1e9a12ec37d7,203344304,2019
2019-12-20,2019_12_20_DMLST.tif,a20b8e50-6aa0-40e3-a990-3f7ea70078b7,204051558,2019
2019-12-21,2019_12_21_DMLST.tif,4fbfd200-27e4-4547-a8cd-c9a8992548d3,204344564,2019
2019-12-22,2019_12_22_DMLST.tif,72bae394-6de8-4256-b6ea-310c1067e02c,204067138,2019
2019-12-23,2019_12_23_DMLST.tif,857e20bc-629c-43ca-99ef-fbdaf29ca461,203752356,2019
2019-12-24,2019_12_24_DMLST.tif,1be06a03-4cad-4470-b1d2-31d08cd400d9,203640458,2019
2019-12-25,2019_12_25_DMLST.tif,6f025b65-47d8-41a0-a763-9f8c93286b25,203810600,2019
2019-12-26,2019_12_26_DMLST.tif,28fc4199-5571-47a3-af76-62b9eae307f2,203732176,2019
2019-12-27,2019_12_27_DMLST.tif,da2e3645-4fee-427a-a3f7-d689338cb8f2,203272858,2019
2019-12-28,2019_12_28_DMLST.tif,6e7f3f94-290f-409b-b787-155bd33a7b85,202861591,2019
2019-12-29,2019_12_29_DMLST.tif,2242a18a-4a4e-40d7-841e-af06f3c5e879,202888214,2019
2019-12-30,2019_12_30_DMLST.tif,16f9aaa1-f4ca-44d6-8c83-de61a1b661fc,203415009,2019
2019-12-31,2019_12_31_DMLST.tif,6f9e4a24-c097-464e-8408-f18cc9ea8e5d,204394522,2019
2020-01-01,2020_01_01_DMLST.tif,29c1eca0-e3b3-4723-8246-c3ad4a38d3b1,204928289,2020
2020-01-02,2020_01_02_DMLST.tif,232d31c8-5703-4ac4-b0eb-4798facff3c3,205760319,2020
2020-01-03,2020_01_03_DMLST.tif,955855ce-8920-46f0-9712-1b769ca595c0,206223372,2020
2020-01-04,2020_01_04_DMLST.tif,d7b023a9-71bc-411c-a7ff-6af33a65978e,206704691,2020
2020-01-05,2020_01_05_DMLST.tif,48cff429-678b-4426-9780-5a45ef754821,206510663,2020
2020-01-06,2020_01_06_DMLST.tif,ca64d8d3-8cd3-43cd-a86c-ebad2b96e1b6,205372549,2020
2020-01-07,2020_01_07_DMLST.tif,3faf1665-62bf-4fc0-99c5-c615412e2ff4,204204141,2020
2020-01-08,2020_01_08_DMLST.tif,5e2fe508-2dda-48af-a5d5-db01dd6a2035,203855103,2020
2020-01-09,2020_01_09_DMLST.tif,d9988a19-0889-4d78-b156-5bd9ec0a66ef,203765291,2020
2020-01-10,2020_01_10_DMLST.tif,e7b7f3bc-ad12-4e5a-8258-6e2f2a412d6c,204408202,2020
2020-01-11,2020_01_11_DMLST.tif,e58da2ff-31b3-4eda-bc68-3812bb05767a,204508662,2020
2020-01-12,2020_01_12_DMLST.tif,8b2a382f-48e6-4f71-b881-29b97e6fbf77,203858219,2020
2020-01-13,2020_01_13_DMLST.tif,4fa46006-a711-4aab-948b-ff09a7694a99,203374708,2020
2020-01-14,2020_01_14_DMLST.tif,f2007ef1-d8b5-4b9e-b572-fe4be4ff9771,203181829,2020
2020-01-15,2020_01_15_DMLST.tif,99394069-cc56-41de-bb75-b41281aa492d,203463843,2020
2020-01-16,2020_01_16_DMLST.tif,bb6b31ee-0af3-48b4-9503-75e58e6f8eb0,203397995,2020
2020-01-17,2020_01_17_DMLST.tif,393f6ed8-ad19-4a7d-a69d-38fce19ad9d7,203468163,2020
2020-01-18,2020_01_18_DMLST.tif,d6c94e9e-3ec5-46c9-8c07-91b11fada66b,203575928,2020
2020-01-19,2020_01_19_DMLST.tif,023f037e-71a3-43b8-867f-c334368708b8,203889585,2020
2020-01-20,2020_01_20_DMLST.tif,e47a3d7b-4390-4337-aafd-92a40d9a9bb6,203924271,2020
2020-01-21,2020_01_21_DMLST.tif,1429b6b3-6e34-446e-bdf8-db417a729254,203865758,2020
2020-01-22,2020_01_22_DMLST.tif,3b8c42d8-956c-4ec4-ace2-190247b0e52f,203607573,2020
2020-01-23,2020_01_23_DMLST.tif,c8644f5f-0068-4a84-916b-449597af15ff,204163094,2020
2020-01-24,2020_01_24_DMLST.tif,54f406d5-7cea-4325-8d44-0de3b57c573b,204529944,2020
2020-01-25,2020_01_25_DMLST.tif,b61080eb-4126-4e69-818b-1a078351d06e,204679840,2020
2020-01-26,2020_01_26_DMLST.tif,0e262546-468d-4124-a400-955a81798641,204752381,2020
2020-01-27,2020_01_27_DMLST.tif,78de7286-fd25-4a3c-a7ef-d178ff48c932,204192056,2020
2020-01-28,2020_01_28_DMLST.tif,651caae3-0c96-46bf-9913-d0de523aaa4f,203911251,2020
2020-01-29,2020_01_29_DMLST.tif,3f6dd6f8-783c-43c9-ab63-09439a789183,203611578,2020
2020-01-30,2020_01_30_DMLST.tif,0421e1f6-c023-4b00-8a16-8f0f8681e509,203832411,2020
2020-01-31,2020_01_31_DMLST.tif,f462fb65-42bd-42ba-87ff-5c0cee5cf9dd,203973181,2020
2020-02-01,2020_02_01_DMLST.tif,df508722-8621-441a-8400-7c77551230fa,204162872,2020
2020-02-02,2020_02_02_DMLST.tif,b6fecb65-1768-4c6a-991d-fc826bee2875,203860449,2020
2020-02-03,2020_02_03_DMLST.tif,3c8ca510-6145-46d8-9142-c0c7d4731691,203603948,2020
2020-02-04,2020_02_04_DMLST.tif,65cd85f6-6bfd-4014-a61b-ed196f7bd8c0,203940886,2020
2020-02-05,2020_02_05_DMLST.tif,ad2a2d6c-990b-4afc-88d5-44a301f99395,203852552,2020
2020-02-06,2020_02_06_DMLST.tif,f5cebb72-6169-427d-92b3-3511bae1c173,203694561,2020
2020-02-07,2020_02_07_DMLST.tif,01253e4d-6c2d-4f7f-a697-d592eab49a8a,203808740,2020
2020-02-08,2020_02_08_DMLST.tif,e2a1d077-a956-4c43-9662-cd5437c136ed,204630630,2020
2020-02-09,2020_02_09_DMLST.tif,6723b4a6-48d5-4c14-af99-77e88b49de17,205214347,2020
2020-02-10,2020_02_10_DMLST.tif,08aa58b2-a9fe-4fd2-93af-1fbb9b4a4cc4,205356785,2020
2020-02-11,2020_02_11_DMLST.tif,f27f4d5d-214f-4392-abd5-112819f43654,204878534,2020
2020-02-12,2020_02_12_DMLST.tif,37e9a7d2-5d8b-44f8-8b54-6bb405b9a878,203832797,2020
2020-02-13,2020_02_13_DMLST.tif,2ed35a7c-7383-40d8-b5e2-604dc07c634a,203164217,2020
2020-02-14,2020_02_14_DMLST.tif,4d1dcfaa-4226-4678-80d0-5bd1294c45af,202318376,2020
2020-02-15,2020_02_15_DMLST.tif,a5f5e006-5649-4d65-be97-7a62574f0038,201808050,2020
2020-02-16,2020_02_16_DMLST.tif,a246be1f-b578-4237-a623-0d7ed04edef5,202249623,2020
2020-02-17,2020_02_17_DMLST.tif,20f0712c-fe51-4009-87bd-68cf72588af3,202896652,2020
2020-02-18,2020_02_18_DMLST.tif,278d73ce-4bc1-41be-a45b-aa9d5ad199e0,203373238,2020
2020-02-19,2020_02_19_DMLST.tif,adc86d8e-b750-4a24-b1be-d1e658e8e3d4,204102125,2020
2020-02-20,2020_02_20_DMLST.tif,a77d3ecd-4693-43a0-b9c7-343027212d9d,204263993,2020
2020-02-21,2020_02_21_DMLST.tif,4d3de955-b036-4947-99e1-57f992759cf1,204724756,2020
2020-02-22,2020_02_22_DMLST.tif,a6c5ec90-bceb-4083-b775-9a111e7fe96c,205332334,2020
2020-02-23,2020_02_23_DMLST.tif,baf276f2-7692-4adf-982a-d6d6d1b97146,205207688,2020
2020-02-24,2020_02_24_DMLST.tif,b60d3b1d-fc9d-44ab-bfc4-962246d17c4b,204942520,2020
2020-02-25,2020_02_25_DMLST.tif,a4544c68-cd49-43ae-a47f-b6e129c3e7ca,204394640,2020
2020-02-26,2020_02_26_DMLST.tif,cf61f979-5473-484e-bc12-284a6ffe58d4,204423478,2020
2020-02-27,2020_02_27_DMLST.tif,44ef7fbb-2d94-4fc8-a016-16f16d634bb7,204626037,2020
2020-02-28,2020_02_28_DMLST.tif,8241c198-6640-4ed8-afa5-eee04400d39a,204683366,2020
2020-02-29,2020_02_29_DMLST.tif,e49e8a13-fb46-4093-8895-f985f462415f,204459399,2020
2020-03-01,2020_03_01_DMLST.tif,6d7f7c04-2ce2-492d-8d37-7b7489845ce0,205073783,2020
2020-03-02,2020_03_02_DMLST.tif,10907efa-1ed1-4224-9b1f-6c1e6e5269e4,204796490,2020
2020-03-03,2020_03_03_DMLST.tif,7c91842b-c088-47cd-99ec-ec4187e49db9,204880174,2020
2020-03-04,2020_03_04_DMLST.tif,58a8cbe4-4728-4dc2-950a-cfd38ff197d7,204845327,2020
2020-03-05,2020_03_05_DMLST.tif,1def9241-3093-4132-863b-5494b40d58fb,204352901,2020
2020-03-06,2020_03_06_DMLST.tif,10f2a90e-9d5f-4c05-891b-2453f39b1443,203977637,2020
2020-03-07,2020_03_07_DMLST.tif,e59254ce-a7e2-4747-b2e5-ed4811cb778b,203893366,2020
2020-03-08,2020_03_08_DMLST.tif,72d66717-4a5e-4302-8e5c-8aba1d363185,203593985,2020
2020-03-09,2020_03_09_DMLST.tif,c6bad75b-002f-4e16-8f24-b4a3205b75ba,203756267,2020
2020-03-10,2020_03_10_DMLST.tif,7e2d1529-cf21-4163-9fdf-507df7bdd11a,205006021,2020
2020-03-11,2020_03_11_DMLST.tif,11fd08a1-637d-4f64-9a04-1c953a46642e,205005380,2020
2020-03-12,2020_03_12_DMLST.tif,60ad67df-fa6e-407c-99b9-f923b5d599e5,205317436,2020
2020-03-13,2020_03_13_DMLST.tif,0c5867d7-75e3-4a60-994f-c90f696648e6,205752170,2020
2020-03-14,2020_03_14_DMLST.tif,f96333dd-c75f-4d09-bd5b-9ab71731ea69,205633768,2020
2020-03-15,2020_03_15_DMLST.tif,900551d3-b7bf-4f1e-a6b8-5c5db365a313,205711845,2020
2020-03-16,2020_03_16_DMLST.tif,b9eb740d-c1e6-4b29-8133-26e648293eb9,206082982,2020
2020-03-17,2020_03_17_DMLST.tif,391c122f-995d-49ce-9c69-3aa5e423ca93,206165866,2020
2020-03-18,2020_03_18_DMLST.tif,b80585d1-2261-47dd-adbc-2f7d72f22f8e,204880961,2020
2020-03-19,2020_03_19_DMLST.tif,1e551741-035a-4658-8748-383d6e39d4c0,204994695,2020
2020-03-20,2020_03_20_DMLST.tif,f7b6aa61-c6ba-4ac0-b655-06c96b5d7c43,205142501,2020
2020-03-21,2020_03_21_DMLST.tif,51aa3b74-1cb1-48b2-8cb4-60d06896d0c2,205425808,2020
2020-03-22,2020_03_22_DMLST.tif,66979256-8e1f-4dc7-874f-441ed3902bac,205477475,2020
2020-03-23,2020_03_23_DMLST.tif,c85809d5-5077-47f7-ba7d-9de561441e4c,205586522,2020
2020-03-24,2020_03_24_DMLST.tif,06397dd3-f9a1-4224-a58e-66a4088dc19b,205604055,2020
2020-03-25,2020_03_25_DMLST.tif,df2f8426-ce9e-4c24-bbfa-e4e3f2d5aa8c,205150281,2020
2020-03-26,2020_03_26_DMLST.tif,6d3c39af-288a-4283-a756-cc254ae72e5d,205778028,2020
2020-03-27,2020_03_27_DMLST.tif,d664b917-286f-4ee0-98fd-a3b155126a4e,205423140,2020
2020-03-28,2020_03_28_DMLST.tif,443c1f37-9f1a-4b28-b393-685a2d0075f8,205629763,2020
2020-03-29,2020_03_29_DMLST.tif,a0df5ee3-3417-419a-86a0-15b20fc77446,205591177,2020
2020-03-30,2020_03_30_DMLST.tif,8f66a8a2-3077-4d0b-b77c-a126c8e1cadb,205233600,2020
2020-03-31,2020_03_31_DMLST.tif,959400dd-9953-4970-a078-6d2b2b5873d6,204750130,2020
2020-04-01,2020_04_01_DMLST.tif,573e68f4-8a78-4dc7-870a-5697509882f3,204840994,2020
2020-04-02,2020_04_02_DMLST.tif,7ccd4746-d6d5-48a9-b1b5-c07b42bdb651,204906650,2020
2020-04-03,2020_04_03_DMLST.tif,9209e6a7-7eba-4f21-ae54-25c9fecdc1ce,204959315,2020
2020-04-04,2020_04_04_DMLST.tif,1de60b81-3c4c-4a9a-b4ab-1188811d625e,205373348,2020
2020-04-05,2020_04_05_DMLST.tif,e5b534c7-4850-448b-a673-6b97f8b65948,205095615,2020
2020-04-06,2020_04_06_DMLST.tif,8ee2bb89-40f3-4784-bc06-335ffced8c40,204981555,2020
2020-04-07,2020_04_07_DMLST.tif,6d277ed6-fae5-4a86-88c9-1f3fcdd5d69f,205309774,2020
2020-04-08,2020_04_08_DMLST.tif,e39e0ba3-791f-4270-954f-cf27a00fef7f,205602858,2020
2020-04-09,2020_04_09_DMLST.tif,927ef1a1-4cae-4fe8-b0af-f42eacfae8be,205828082,2020
2020-04-10,2020_04_10_DMLST.tif,0a28f983-200d-4fd0-8044-8302f294b4ec,206303484,2020
2020-04-11,2020_04_11_DMLST.tif,ea75393d-9913-4f44-ad1a-a533282d430c,206697432,2020
2020-04-12,2020_04_12_DMLST.tif,68de06ca-97bd-4526-8014-b43f661f9daf,206795321,2020
2020-04-13,2020_04_13_DMLST.tif,458297e7-0fe1-4051-a3a4-c1999aef696b,206763542,2020
2020-04-14,2020_04_14_DMLST.tif,b27e66f1-3c39-4384-88e6-0975ebb5c9bd,206945011,2020
2020-04-15,2020_04_15_DMLST.tif,fe7f9585-7771-496f-9714-58c56b9f3bd3,206723834,2020
2020-04-16,2020_04_16_DMLST.tif,ae808f72-53d2-4c92-841c-c485e51bf0a9,206350534,2020
2020-04-17,2020_04_17_DMLST.tif,b0d78b67-a39d-4a4f-b880-5ae69e7099d6,206572880,2020
2020-04-18,2020_04_18_DMLST.tif,ebcc4488-cbd2-4fc2-bd04-d8f42187d8aa,206617756,2020
2020-04-19,2020_04_19_DMLST.tif,dbbb9fd6-6fca-47c1-b9b9-fc2f2856b0a3,206189685,2020
2020-04-20,2020_04_20_DMLST.tif,24252bef-a52f-4aa8-a852-cf31bfcdfcbb,206162824,2020
2020-04-21,2020_04_21_DMLST.tif,3f0e3559-6701-4bbf-b9d5-90662353acfa,206189121,2020
2020-04-22,2020_04_22_DMLST.tif,592bcf7d-ef0a-4bb2-acf2-23beb25c7aa2,206451908,2020
2020-04-23,2020_04_23_DMLST.tif,e29558f4-4a6f-4408-9424-5aa084d027cd,206433731,2020
2020-04-24,2020_04_24_DMLST.tif,1440ecd2-a942-40f3-a956-ac5264b376a8,205957857,2020
2020-04-25,2020_04_25_DMLST.tif,1d8de7a4-e7e6-4386-8d5c-af9b4733b1dd,205454293,2020
2020-04-26,2020_04_26_DMLST.tif,9ba65dca-d535-4d74-8ae3-eb7b01a532a2,205419229,2020
2020-04-27,2020_04_27_DMLST.tif,7100805b-292b-45da-ba18-a8889cb60952,206083223,2020
2020-04-28,2020_04_28_DMLST.tif,4f1ad4d5-4b66-4510-ac9d-3e01d862c04a,206148245,2020
2020-04-29,2020_04_29_DMLST.tif,82eb2dd0-9513-42d3-9001-579808ae8557,205878233,2020
2020-04-30,2020_04_30_DMLST.tif,32d3fcb2-6748-4f12-849d-15d62eb21887,205882566,2020
2020-05-01,2020_05_01_DMLST.tif,0ff57041-0a78-48ff-b9ac-f9651cbc4a9e,206049515,2020
2020-05-02,2020_05_02_DMLST.tif,d08dd0ad-48a6-4c82-a905-640b467988cf,205917661,2020
2020-05-03,2020_05_03_DMLST.tif,acec371a-dd18-4de2-9bfd-749d61a60351,205649195,2020
2020-05-04,2020_05_04_DMLST.tif,a7d149db-4070-4778-891a-d4b8a49b37a8,205571285,2020
2020-05-05,2020_05_05_DMLST.tif,85290828-3a9b-4c01-afb0-064b14a41393,205542264,2020
2020-05-06,2020_05_06_DMLST.tif,ac6c7bfb-eb96-4933-b4f7-0c37b0b96149,205837437,2020
2020-05-07,2020_05_07_DMLST.tif,567eb590-b990-4df9-9e6e-64359b2cf93d,206518355,2020
2020-05-08,2020_05_08_DMLST.tif,515ddf81-bf15-45f0-943e-9fad56d68bfe,206830685,2020
2020-05-09,2020_05_09_DMLST.tif,bc274f73-f1e1-4e80-a1c9-4fd752dd4a09,206543577,2020
2020-05-10,2020_05_10_DMLST.tif,1d895c32-d87f-45fb-af25-1fca994cbcfd,206837610,2020
2020-05-11,2020_05_11_DMLST.tif,7381dc82-b324-4c52-9352-8d3baaeee629,206741349,2020
2020-05-12,2020_05_12_DMLST.tif,89ae6a00-d6e4-42f5-b399-ba1105b52f49,206618429,2020
2020-05-13,2020_05_13_DMLST.tif,bf0ba5f0-3c2f-431c-a0f2-2c16ca80716f,206394324,2020
2020-05-14,2020_05_14_DMLST.tif,fac19333-6341-4b8a-b02a-00a01601311c,206100284,2020
2020-05-15,2020_05_15_DMLST.tif,ddfee48c-42be-47b6-a21b-a4d6c1c99cdc,206104533,2020
2020-05-16,2020_05_16_DMLST.tif,13c533a0-6c62-497f-89f4-e245bd6adeb9,206215188,2020
2020-05-17,2020_05_17_DMLST.tif,6f3b8a15-b6d8-4860-a008-14f44fec3057,206499988,2020
2020-05-18,2020_05_18_DMLST.tif,a611e291-b966-4ae5-9c48-441a919ecd61,206964873,2020
2020-05-19,2020_05_19_DMLST.tif,09830834-6670-40bc-813f-257fa15e8466,206839165,2020
2020-05-20,2020_05_20_DMLST.tif,d6ba51ba-422d-4419-896b-56503745d46e,206655597,2020
2020-05-21,2020_05_21_DMLST.tif,2f4c111e-24f4-4a67-b747-a60fa399d38e,205619067,2020
2020-05-22,2020_05_22_DMLST.tif,7453c0f9-6898-4a19-9486-c54b7467d611,205930800,2020
2020-05-23,2020_05_23_DMLST.tif,fdd31189-3a98-43bd-82b9-452d51108be1,206325914,2020
2020-05-24,2020_05_24_DMLST.tif,6f35b0e5-c916-4346-b018-af7a7db2f087,206564461,2020
2020-05-25,2020_05_25_DMLST.tif,ec7bb50b-ecff-48e4-9c6a-23fc5844cc5f,206459504,2020
2020-05-26,2020_05_26_DMLST.tif,7f253866-3a57-41c9-b91d-e34f0e902309,205825632,2020
2020-05-27,2020_05_27_DMLST.tif,0dc26f87-a18b-46d4-a012-b0c43e934ffb,205529271,2020
2020-05-28,2020_05_28_DMLST.tif,711b2c10-5c6c-4472-a273-3ae77f3f1664,205198947,2020
2020-05-29,2020_05_29_DMLST.tif,af6b88f2-10e4-4c69-a719-17299c088505,205488276,2020
2020-05-30,2020_05_30_DMLST.tif,b2f56115-c8d9-4dd2-9f9f-50e5b0ce67e2,205647464,2020
2020-05-31,2020_05_31_DMLST.tif,ecbc570c-373a-4c58-b45c-1e664e691bca,205185502,2020
2020-06-01,2020_06_01_DMLST.tif,d37d87d0-59db-4db6-a4cd-d191a1676f87,204870865,2020
2020-06-02,2020_06_02_DMLST.tif,9ce48c51-59f9-402c-bdd5-f04ffcddd830,204403041,2020
2020-06-03,2020_06_03_DMLST.tif,81a3e289-c3f8-4d53-b3de-0ea427685b8f,204087260,2020
2020-06-04,2020_06_04_DMLST.tif,5820a1f1-5434-4756-b8db-4cecab63bc33,203985733,2020
2020-06-05,2020_06_05_DMLST.tif,a2bb0630-8f17-4ac7-97a4-971a8729fc38,204207765,2020
2020-06-06,2020_06_06_DMLST.tif,70d34eff-8a7b-4558-bdd6-df998c2fd12b,204258678,2020
2020-06-07,2020_06_07_DMLST.tif,0e29c672-5d97-4af8-86b4-8a1c69162c50,204434196,2020
2020-06-08,2020_06_08_DMLST.tif,10d7c401-4510-4229-9e1f-d5ef0b6dccfd,204675632,2020
2020-06-09,2020_06_09_DMLST.tif,1addf022-7860-4ed2-9c58-f3e72fcdc8f9,204278748,2020
2020-06-10,2020_06_10_DMLST.tif,ff2859b2-c632-4109-9c5d-857b28e31d1a,204240889,2020
2020-06-11,2020_06_11_DMLST.tif,597c8b16-06a1-41f7-ad23-218ea3a65ed5,204193002,2020
2020-06-12,2020_06_12_DMLST.tif,44e7ef61-68d4-4a22-8ad2-86e4db5dc0c4,204255418,2020
2020-06-13,2020_06_13_DMLST.tif,ec1f9d54-eaab-450b-bf16-8d9b06169bd5,203941910,2020
2020-06-14,2020_06_14_DMLST.tif,2ae8dfa5-40f0-4b02-b62a-f6dbc7c11a22,204100769,2020
2020-06-15,2020_06_15_DMLST.tif,24a206ef-a857-488a-b025-86d3e09034a4,204634488,2020
2020-06-16,2020_06_16_DMLST.tif,3d45144d-fbb8-4cb7-a0c0-627b86a8475c,204845533,2020
2020-06-17,2020_06_17_DMLST.tif,3f4d1cd5-4600-4e5a-9731-ab045bee637b,205203424,2020
2020-06-18,2020_06_18_DMLST.tif,2c67904c-aa0d-456a-a4dd-b2b128f858c3,205448277,2020
2020-06-19,2020_06_19_DMLST.tif,869a9aca-d547-4b42-9b6f-887e19226213,205400581,2020
2020-06-20,2020_06_20_DMLST.tif,9a294843-62b7-4ce9-8ef6-7008b6a4e2de,205060314,2020
2020-06-21,2020_06_21_DMLST.tif,3480bef7-28db-4fb3-a46c-a6fd2893402f,205007027,2020
2020-06-22,2020_06_22_DMLST.tif,00e87d1f-6739-42d5-98d9-19baa81893a2,204409125,2020
2020-06-23,2020_06_23_DMLST.tif,8eb68327-634e-4d3e-9d08-af47d68454cd,204395954,2020
2020-06-24,2020_06_24_DMLST.tif,13c0a715-91ca-4191-9a64-daf3ab95ec86,204434924,2020
2020-06-25,2020_06_25_DMLST.tif,0a1d118d-175b-469f-a5dc-1829d9af3ca8,204360314,2020
2020-06-26,2020_06_26_DMLST.tif,35589cd0-2e07-42e6-bdb4-858171b4adc0,204450853,2020
2020-06-27,2020_06_27_DMLST.tif,289ddf01-5e7b-4230-acf6-3de4806d138b,204470663,2020
2020-06-28,2020_06_28_DMLST.tif,75206658-2b8b-419f-8839-5084c36efbe6,204134200,2020
2020-06-29,2020_06_29_DMLST.tif,4916ca50-ef4e-4112-81eb-bb39d015da4d,204104438,2020
2020-06-30,2020_06_30_DMLST.tif,d82d0781-9baf-4de2-ba58-20a516efd035,204635841,2020
2020-07-01,2020_07_01_DMLST.tif,98538078-60f0-4c9a-8203-4c1da618bacd,204246633,2020
2020-07-02,2020_07_02_DMLST.tif,1eb24a34-4b7f-4241-a778-b0835d24aad7,204410049,2020
2020-07-03,2020_07_03_DMLST.tif,3b7450b2-7da3-4023-8eec-432a8e23309b,204407870,2020
2020-07-04,2020_07_04_DMLST.tif,68896201-4248-42d1-9c29-5c4ce462914f,204281417,2020
2020-07-05,2020_07_05_DMLST.tif,95d17e5f-d34f-4792-b8f0-1906b004a13b,204269773,2020
2020-07-06,2020_07_06_DMLST.tif,f2deccc7-855d-43e0-a64d-5eb0e64503f9,204584358,2020
2020-07-07,2020_07_07_DMLST.tif,fca68145-340f-4e04-a17a-e854198c3143,204654951,2020
2020-07-08,2020_07_08_DMLST.tif,fde86b64-9eb7-4264-97db-56d3bb8cf2f7,203882098,2020
2020-07-09,2020_07_09_DMLST.tif,e695796a-131a-4435-ab08-2529f000e342,203498744,2020
2020-07-10,2020_07_10_DMLST.tif,691f1079-c23b-4ea0-b1fe-fb56b6421680,203350102,2020
2020-07-11,2020_07_11_DMLST.tif,409cb50a-5478-44bd-bf0a-5186ee183570,203260004,2020
2020-07-12,2020_07_12_DMLST.tif,3f5ec269-f5b9-4330-8378-5dafcd049d67,203451941,2020
2020-07-13,2020_07_13_DMLST.tif,74e163e9-7c67-427a-a71a-37792cdd999c,203507760,2020
2020-07-14,2020_07_14_DMLST.tif,05483e5f-c2fd-449f-9a7b-ad50ab70efcf,203299361,2020
2020-07-15,2020_07_15_DMLST.tif,2408ba56-30ac-4ac1-bf87-d94c0b8d50ed,203244752,2020
2020-07-16,2020_07_16_DMLST.tif,1b566f71-3d5c-4794-98c4-6e7173d81189,203512927,2020
2020-07-17,2020_07_17_DMLST.tif,a753a10a-b960-4331-bfe8-8f9124598907,203679414,2020
2020-07-18,2020_07_18_DMLST.tif,f57060cf-317d-42c4-82fb-6e4115bba87e,203539535,2020
2020-07-19,2020_07_19_DMLST.tif,3960d878-a6f7-435e-a42d-cff805cfa9f0,203262093,2020
2020-07-20,2020_07_20_DMLST.tif,6686d0ed-fbb3-4865-bc9a-e9b7c29e6cbf,203144871,2020
2020-07-21,2020_07_21_DMLST.tif,69f86aeb-6c9e-45f2-baa3-2dc4681ceba2,203167880,2020
2020-07-22,2020_07_22_DMLST.tif,269aedcd-2724-477a-ac5d-23cad45e4200,203511748,2020
2020-07-23,2020_07_23_DMLST.tif,6b2e0ada-8a4f-41a0-a99f-7f362a49def4,203560034,2020
2020-07-24,2020_07_24_DMLST.tif,7e341487-aea7-46a2-ac7f-f8bf1f26fa7a,202683857,2020
2020-07-25,2020_07_25_DMLST.tif,cd21a0bf-2bed-4319-b6da-a20552cca2a8,202376253,2020
2020-07-26,2020_07_26_DMLST.tif,6866f46e-1fbd-4daa-86a9-b78d80a649f8,202504990,2020
2020-07-27,2020_07_27_DMLST.tif,8e70bb65-98ff-45a1-b99d-a93116e65cd0,202330247,2020
2020-07-28,2020_07_28_DMLST.tif,838e755b-4577-4e00-9365-a77dd4050a04,202420707,2020
2020-07-29,2020_07_29_DMLST.tif,6d064704-9253-4d9a-b84e-a24b58bc53c7,202250687,2020
2020-07-30,2020_07_30_DMLST.tif,4f382f5a-14de-46a0-8a38-eb6e55e68f33,201986915,2020
2020-07-31,2020_07_31_DMLST.tif,d585b8b7-a9f6-46a2-829f-da187ec727be,201867386,2020
2020-08-01,2020_08_01_DMLST.tif,20b99193-1bc0-45bf-b3ab-27176cbf6cf9,203051130,2020
2020-08-02,2020_08_02_DMLST.tif,a50abcf3-dc4e-4249-8522-77ab329977bd,202648663,2020
2020-08-03,2020_08_03_DMLST.tif,5724357f-4314-41ce-8bb7-a0e29a2188eb,202704780,2020
2020-08-04,2020_08_04_DMLST.tif,e2593734-5520-4846-9eea-bd322383277a,203257568,2020
2020-08-05,2020_08_05_DMLST.tif,f40a856b-458f-4876-89c8-11a90e29e69a,203675211,2020
2020-08-06,2020_08_06_DMLST.tif,772abfce-0f95-4ba3-869e-18924effc0d0,203597411,2020
2020-08-07,2020_08_07_DMLST.tif,3cb9e4e4-2b12-44ca-a519-58de4faee8b5,203404224,2020
2020-08-08,2020_08_08_DMLST.tif,8d223199-fb43-4121-9618-263f215c2e0d,203186820,2020
2020-08-09,2020_08_09_DMLST.tif,011c4766-53a5-4335-bd2e-64e15002c0d6,201537570,2020
2020-08-10,2020_08_10_DMLST.tif,579fb310-6287-45d0-8429-c52edf7eb72e,201258434,2020
2020-08-11,2020_08_11_DMLST.tif,9a7e3ea8-4c36-476e-8937-518c50d4db2c,200873997,2020
2020-08-12,2020_08_12_DMLST.tif,86b8cabf-ec03-4c58-8f69-d3aa2f109836,201019706,2020
2020-08-13,2020_08_13_DMLST.tif,421c5ca5-6450-4b8f-aa83-770cd5d6ba07,200796208,2020
2020-08-14,2020_08_14_DMLST.tif,44fbf752-21b7-4bb4-bbf9-120dc0ebddf3,200266961,2020
2020-08-15,2020_08_15_DMLST.tif,f9fc230f-e34a-4f84-ac57-048c010b3419,200360726,2020
2020-08-16,2020_08_16_DMLST.tif,b9773eee-1d43-43e9-bb5c-cf108e1afb20,200489758,2020
2020-08-17,2020_08_17_DMLST.tif,fe934f5c-95dc-494b-b5d6-ed1d43c3505d,203727745,2020
2020-08-18,2020_08_18_DMLST.tif,c6d35961-88d3-48ba-8ebc-4faf92bdc613,204107512,2020
2020-08-19,2020_08_19_DMLST.tif,d52f28b2-e3c2-4437-9bcb-5b552939b9b1,204349953,2020
2020-08-20,2020_08_20_DMLST.tif,e8f80f89-fd64-4302-9af8-6978fec46a00,204344017,2020
2020-08-21,2020_08_21_DMLST.tif,429128b9-3c1d-45f6-bf82-4f166ace9dfc,204523410,2020
2020-08-22,2020_08_22_DMLST.tif,2e1bd882-e835-41ce-a8e6-491309a7984b,205063863,2020
2020-08-23,2020_08_23_DMLST.tif,ad2839d3-1b24-4dd4-b57f-79039500f60e,204923806,2020
2020-08-24,2020_08_24_DMLST.tif,3fad9adf-0569-49c8-81bb-1d80bf893f37,204552293,2020
2020-08-25,2020_08_25_DMLST.tif,74a93a7e-a2e3-4abe-828b-c12e3bc738fd,201794075,2020
2020-08-26,2020_08_26_DMLST.tif,10920b70-a95c-4722-889e-10eff741bcf6,201697610,2020
2020-08-27,2020_08_27_DMLST.tif,dac839a8-f31a-4344-b08d-5f37577c7dab,201511728,2020
2020-08-28,2020_08_28_DMLST.tif,84b69f81-962d-4175-9d65-e194e75a3512,201769956,2020
2020-08-29,2020_08_29_DMLST.tif,a3a46d57-20c8-4c52-81ed-94e9dcf2ccd9,202461124,2020
2020-08-30,2020_08_30_DMLST.tif,15cec06c-26c9-4fbb-a5f0-f53033952374,202644933,2020
2020-08-31,2020_08_31_DMLST.tif,69530149-bfa2-4bc7-881e-858ef6186ded,202416355,2020
2020-09-01,2020_09_01_DMLST.tif,04cf296d-4089-437e-98bb-0504747c4f86,202309785,2020
2020-09-02,2020_09_02_DMLST.tif,2ebaa119-fbe9-48ef-98eb-19c0d5f37785,203480995,2020
2020-09-03,2020_09_03_DMLST.tif,0b6ce12b-6900-43ba-acfb-cdad548231a0,203140967,2020
2020-09-04,2020_09_04_DMLST.tif,d513a918-4e61-406f-b899-4c68edab00e8,202929134,2020
2020-09-05,2020_09_05_DMLST.tif,ac29b242-7c82-4a86-8fca-4bbca90d23f3,203029725,2020
2020-09-06,2020_09_06_DMLST.tif,8cae27c0-7aeb-424e-967d-c8a7ddce0628,202994956,2020
2020-09-07,2020_09_07_DMLST.tif,09bd1307-b466-44f6-8e25-a038d0db33b2,203161202,2020
2020-09-08,2020_09_08_DMLST.tif,fb6cb46f-2b2e-44eb-8c3e-38cf1b54e4f1,203477374,2020
2020-09-09,2020_09_09_DMLST.tif,f253ac1e-2945-4a7e-81dc-b465ff487703,203291630,2020
2020-09-10,2020_09_10_DMLST.tif,d127d952-f9ff-4829-820e-df15ea9b207f,203056866,2020
2020-09-11,2020_09_11_DMLST.tif,a0f950ed-b00f-4d80-a4fe-e90683f71330,202973047,2020
2020-09-12,2020_09_12_DMLST.tif,6e94beb3-7cba-4a71-946f-4430c5d03de8,202212230,2020
2020-09-13,2020_09_13_DMLST.tif,ea2b7f9a-d605-41e8-b080-f57f52804536,202018653,2020
2020-09-14,2020_09_14_DMLST.tif,a66b7458-ad7e-4b99-b0c5-a7e87c9305fe,202100615,2020
2020-09-15,2020_09_15_DMLST.tif,6c3c4d3c-86f3-41ce-b952-bccdfd7662ba,202827889,2020
2020-09-16,2020_09_16_DMLST.tif,5c55efca-7dee-4010-b373-4523b6610227,203272183,2020
2020-09-17,2020_09_17_DMLST.tif,8726138f-524b-46da-b85e-0b0c696f1074,203754471,2020
2020-09-18,2020_09_18_DMLST.tif,619492e1-2ddc-4221-a9c6-41b0827a58e2,204792412,2020
2020-09-19,2020_09_19_DMLST.tif,b8260862-ae6c-4c78-a18f-1203249b4d5c,204406124,2020
2020-09-20,2020_09_20_DMLST.tif,4e7ca7c4-e274-4cbd-9dc7-780d97d08f5f,204703242,2020
2020-09-21,2020_09_21_DMLST.tif,2a696d38-da3b-4b17-887f-752edf1caac3,205005050,2020
2020-09-22,2020_09_22_DMLST.tif,42986e99-ab7c-4bd5-809f-7f06044e0bec,204736533,2020
2020-09-23,2020_09_23_DMLST.tif,1d12d4bd-0cee-48bf-a612-d30638872d03,204703480,2020
2020-09-24,2020_09_24_DMLST.tif,f5941078-2cfb-4ded-aaa0-ed07aca4c178,204820112,2020
2020-09-25,2020_09_25_DMLST.tif,2f9b1211-2199-4f7a-bf1d-1ebf15a5e3d0,205241754,2020
2020-09-26,2020_09_26_DMLST.tif,1a6675f1-f0fd-4e4f-a124-ca7b9d719cfd,205275594,2020
2020-09-27,2020_09_27_DMLST.tif,ac18e814-32fb-4d38-99b5-75de784b3c29,205156282,2020
2020-09-28,2020_09_28_DMLST.tif,ac9e3c23-b064-4b6c-a62f-3ccba2c3647e,204833407,2020
2020-09-29,2020_09_29_DMLST.tif,b68eead0-ca6a-4c66-bda2-ce25243e7367,204859723,2020
2020-09-30,2020_09_30_DMLST.tif,8bcd0e89-31d3-4f1e-b099-008fe124ebd6,204905218,2020
2020-10-01,2020_10_01_DMLST.tif,2c1e7cb1-83c2-4150-8b6e-a867cbabbb17,205360537,2020
2020-10-02,2020_10_02_DMLST.tif,f88ed6e9-70d7-404a-b246-977fc2c23623,205333941,2020
2020-10-03,2020_10_03_DMLST.tif,b91ffcb1-bc69-4153-a7ec-ffd78c2f76b7,205359706,2020
2020-10-04,2020_10_04_DMLST.tif,1e84750e-3fee-4940-9cb4-9015befb7bd9,207406341,2020
2020-10-05,2020_10_05_DMLST.tif,9da02b83-8e8a-41c3-a2e4-e110ae428d30,207383753,2020
2020-10-06,2020_10_06_DMLST.tif,52c5270c-402f-4a12-903b-551725b83ba3,206919218,2020
2020-10-07,2020_10_07_DMLST.tif,c153a92a-d684-4cd7-83da-d61781e0e241,206484321,2020
2020-10-08,2020_10_08_DMLST.tif,38b7c759-7836-49ea-bd6c-e1566a159201,206541362,2020
2020-10-09,2020_10_09_DMLST.tif,276f2260-2d42-4490-a6e2-a40c36e3e074,206509605,2020
2020-10-10,2020_10_10_DMLST.tif,f092a1f4-7b7c-4315-a74c-589b1c66a40a,206450623,2020
2020-10-11,2020_10_11_DMLST.tif,d570a6e2-a387-48b8-b6b1-d5544b2b22d2,206587303,2020
2020-10-12,2020_10_12_DMLST.tif,064b8922-724a-4532-8b1c-7885a31c0579,206299836,2020
2020-10-13,2020_10_13_DMLST.tif,155b570e-043b-4214-8922-39a99b233fa6,206460872,2020
2020-10-14,2020_10_14_DMLST.tif,93196cf3-2691-4e3c-9b6f-0176668818e9,206446415,2020
2020-10-15,2020_10_15_DMLST.tif,e400740e-3da7-4062-8ed0-aac6b36fead2,206358228,2020
2020-10-16,2020_10_16_DMLST.tif,13b6cd5b-d8e9-4cec-ad39-2a7754a45058,206603462,2020
2020-10-17,2020_10_17_DMLST.tif,3104d1e3-65c8-48a2-a95e-5391621071cf,206432860,2020
2020-10-18,2020_10_18_DMLST.tif,364ae568-9b90-4a70-b61d-5d3bf9ca0a9c,206462285,2020
2020-10-19,2020_10_19_DMLST.tif,95849822-4cbf-4d30-bffc-57f13cf2db95,206288133,2020
2020-10-20,2020_10_20_DMLST.tif,e4d41808-65d8-4abd-a45c-341a955d8a3e,207683101,2020
2020-10-21,2020_10_21_DMLST.tif,f0fe00c8-30ad-4359-a866-b9f3cce1b713,207616607,2020
2020-10-22,2020_10_22_DMLST.tif,0fe20433-073b-4331-990c-59fd1594c210,207468007,2020
2020-10-23,2020_10_23_DMLST.tif,9f81446f-5ecf-4434-acb1-8cdcd5b35be0,207479779,2020
2020-10-24,2020_10_24_DMLST.tif,04a4a493-2ce4-4206-ae3d-9dd12c32bf92,207592148,2020
2020-10-25,2020_10_25_DMLST.tif,e39222f3-07c1-40a6-bb7e-ae4b3b21d03a,207627689,2020
2020-10-26,2020_10_26_DMLST.tif,2c83c475-c1ec-4c06-907b-913de5e52ba5,207378293,2020
2020-10-27,2020_10_27_DMLST.tif,29092732-41fe-48dd-9e5e-20d791b54570,207311857,2020
2020-10-28,2020_10_28_DMLST.tif,3e7e47b2-30cf-4bb1-bb37-2c9a98c27d90,206477307,2020
2020-10-29,2020_10_29_DMLST.tif,c7c24704-6623-40a1-9de5-d1de72e4a0be,206548636,2020
2020-10-30,2020_10_30_DMLST.tif,3d8687b3-43d0-47cd-b4f7-d125d42f2141,206839697,2020
2020-10-31,2020_10_31_DMLST.tif,a289e31f-c835-4665-ad07-250f2d4a97e8,206562963,2020
2020-11-01,2020_11_01_DMLST.tif,073fc223-647b-413a-ae86-6e2895fe1288,206279398,2020
2020-11-02,2020_11_02_DMLST.tif,4aaf8113-8e0f-4ef3-ba7c-00f60e0362b3,206343576,2020
2020-11-03,2020_11_03_DMLST.tif,e86be139-6fff-46fb-bac8-b41e84434d28,205880467,2020
2020-11-04,2020_11_04_DMLST.tif,4d74d143-951b-459c-9819-b341d37dd90b,205931262,2020
2020-11-05,2020_11_05_DMLST.tif,6c48cca1-c16d-4ef0-a067-85800d65f010,207177217,2020
2020-11-06,2020_11_06_DMLST.tif,6c6ccded-21da-4f22-9525-5220949c93b4,207254678,2020
2020-11-07,2020_11_07_DMLST.tif,1eded5de-d0c7-4116-995e-45148371eda3,207302154,2020
2020-11-08,2020_11_08_DMLST.tif,8e44574a-0681-4644-9459-79a042b5f79f,207232089,2020
2020-11-09,2020_11_09_DMLST.tif,e1980f31-26ec-47fa-9f60-261117852db1,207278263,2020
2020-11-10,2020_11_10_DMLST.tif,ae4e4de2-8211-411f-a5c9-964a528ff08d,207275954,2020
2020-11-11,2020_11_11_DMLST.tif,c41cf36a-e15e-4208-9be1-531c2afd3ecc,207098849,2020
2020-11-12,2020_11_12_DMLST.tif,9ca6a91e-6238-4131-a2c5-5568d9429ae6,206475757,2020
2020-11-13,2020_11_13_DMLST.tif,b979e1e4-29ef-4b3b-be3c-be0c5510f41a,206175201,2020
2020-11-14,2020_11_14_DMLST.tif,0f6d39e6-1105-4d3d-9b6b-73ce240a5107,206053393,2020
2020-11-15,2020_11_15_DMLST.tif,e37db403-d524-4e72-a86c-2d243d501211,205717650,2020
2020-11-16,2020_11_16_DMLST.tif,60f99bed-6cbd-466a-9db2-25c1fd7a3c80,205580685,2020
2020-11-17,2020_11_17_DMLST.tif,8cae376d-51fb-4231-9e4c-45f14baa6089,205194236,2020
2020-11-18,2020_11_18_DMLST.tif,dfb0ebec-7085-408c-9323-97d885b95338,205177472,2020
2020-11-19,2020_11_19_DMLST.tif,09694368-e8b6-4775-9f91-4ac2ea1a0976,204748401,2020
2020-11-20,2020_11_20_DMLST.tif,19ae4431-0b1f-4655-97be-1239d770911a,204620499,2020
2020-11-21,2020_11_21_DMLST.tif,fd040c2c-742c-4775-b3a0-db156a291a4b,205141717,2020
2020-11-22,2020_11_22_DMLST.tif,5c4e39a4-8b04-443a-8fd0-84d4b75a85ac,205588110,2020
2020-11-23,2020_11_23_DMLST.tif,b71af774-bcf7-437c-b835-7341e76a9bfc,206105886,2020
2020-11-24,2020_11_24_DMLST.tif,f3a15585-a943-4075-8d7b-d3378dd18679,205936793,2020
2020-11-25,2020_11_25_DMLST.tif,c8708cc6-1fc8-45bd-9834-ae25741ba202,205585655,2020
2020-11-26,2020_11_26_DMLST.tif,83f40a99-580d-4167-a386-c5e9d06e18d3,205456148,2020
2020-11-27,2020_11_27_DMLST.tif,1441678d-fab5-47c3-bb9d-43b75e69d5db,205354699,2020
2020-11-28,2020_11_28_DMLST.tif,60b62a6f-8ee6-458b-a4a7-fb1d468c6e8b,205045209,2020
2020-11-29,2020_11_29_DMLST.tif,925a3c57-d556-4b0a-863c-40f1f36ee627,204717196,2020
2020-11-30,2020_11_30_DMLST.tif,9269465f-8a03-45fb-a11e-fac024f04f52,204329281,2020
2020-12-01,2020_12_01_DMLST.tif,3efc22cc-65bd-4977-bba9-739233681a3f,204794923,2020
2020-12-02,2020_12_02_DMLST.tif,e2b4fa60-9a6f-40df-9b93-369ab483b56e,204904614,2020
2020-12-03,2020_12_03_DMLST.tif,c83b1f30-2602-4131-a44d-71b4bff76ad5,204654697,2020
2020-12-04,2020_12_04_DMLST.tif,25f58ef5-321d-463b-b096-e2ac3000448f,204282200,2020
2020-12-05,2020_12_05_DMLST.tif,135b452d-e43d-44c2-82fa-08a7c3adeb76,204415788,2020
2020-12-06,2020_12_06_DMLST.tif,37403ca1-5677-4e20-a096-aebf8b819a2e,204878224,2020
2020-12-07,2020_12_07_DMLST.tif,d65b83a0-0503-4e8c-911a-dcdab0217269,205508636,2020
2020-12-08,2020_12_08_DMLST.tif,afbb3359-0363-49b6-8ccd-9935a07f17ae,205632469,2020
2020-12-09,2020_12_09_DMLST.tif,103c599e-3488-41e1-bbe3-5fa88a2b9f49,205333969,2020
2020-12-10,2020_12_10_DMLST.tif,ac38c1d2-31d3-4536-9416-74f121039f6e,204364823,2020
2020-12-11,2020_12_11_DMLST.tif,a66d3e40-47b4-4765-bbb7-cc8eb24797bd,203624010,2020
2020-12-12,2020_12_12_DMLST.tif,0e3c9c5d-1262-449b-b358-f70ec15005fe,202938860,2020
2020-12-13,2020_12_13_DMLST.tif,0c063420-968d-48f6-b926-b0bc3aabdf96,202623830,2020
2020-12-14,2020_12_14_DMLST.tif,4e5f02ef-676f-4ecf-a80d-bdb63e5b0373,202385771,2020
2020-12-15,2020_12_15_DMLST.tif,0c4d0a8f-f087-4c2a-bb0e-a946d64304e6,202361355,2020
2020-12-16,2020_12_16_DMLST.tif,6fe57495-0f21-4a87-a1b4-c03dc78bddfc,202505988,2020
2020-12-17,2020_12_17_DMLST.tif,a42f2fd4-acb2-40e9-adfb-75d3aa7891ca,202429311,2020
2020-12-18,2020_12_18_DMLST.tif,84d6cc5f-bc0d-4e7b-9c48-468a55d54068,202802781,2020
2020-12-19,2020_12_19_DMLST.tif,26066f97-475a-4cac-aa3a-25cc00d33ad6,203205352,2020
2020-12-20,2020_12_20_DMLST.tif,68469cbd-b264-4bcf-9bb6-a2286324f71a,203684703,2020
2020-12-21,2020_12_21_DMLST.tif,aae18e78-e5d3-4716-8b32-d9fce229aabb,204003246,2020
2020-12-22,2020_12_22_DMLST.tif,57fe35b1-ded3-4e48-822c-72511c1b6993,203669681,2020
2020-12-23,2020_12_23_DMLST.tif,75919c72-2c53-43ed-8d7c-062de51b14f9,203331440,2020
2020-12-24,2020_12_24_DMLST.tif,b162195e-4f9f-49e3-a074-750c1c231a91,203206951,2020
2020-12-25,2020_12_25_DMLST.tif,9c58e88a-256d-4ad8-8d42-cd77ce3a7857,202932776,2020
2020-12-26,2020_12_26_DMLST.tif,4d8f77e3-6090-43aa-aa59-27774e80c61c,202620498,2020
2020-12-27,2020_12_27_DMLST.tif,1946b826-82b8-45ca-8d66-fefa7cc93109,202878499,2020
2020-12-28,2020_12_28_DMLST.tif,559d6925-a69e-4e45-b7b5-80475c0eebc1,203138881,2020
2020-12-29,2020_12_29_DMLST.tif,77761e8f-8b00-4a42-9cc8-bff463229ab0,203297026,2020
2020-12-30,2020_12_30_DMLST.tif,2e16fa58-7df3-4e69-8ef1-18c6bec665a8,202723606,2020
2020-12-31,2020_12_31_DMLST.tif,9bb342b8-c7d7-4f06-8824-a1d1f05e059f,202315922,2020
2021-01-01,2021_01_01_DMLST.tif,2fc21306-d2e5-4fd2-a5bb-c9239a2a7482,202192795,2021
2021-01-02,2021_01_02_DMLST.tif,c51d74a4-bb41-40c5-95da-159660c174d5,202376116,2021
2021-01-03,2021_01_03_DMLST.tif,23a3a0e5-2ea4-482a-9a8b-98d4e1a93f0f,203113188,2021
2021-01-04,2021_01_04_DMLST.tif,aaec7934-6fe9-4263-b8c3-ca82c5af569d,203269038,2021
2021-01-05,2021_01_05_DMLST.tif,ac596d31-a564-492a-a206-acf1b5368f2b,203166507,2021
2021-01-06,2021_01_06_DMLST.tif,2806b997-a337-412a-b077-6f9dabe26daf,203230643,2021
2021-01-07,2021_01_07_DMLST.tif,5a930817-2d62-484c-97f7-aa833a8fe1e1,203767150,2021
2021-01-08,2021_01_08_DMLST.tif,1e6daf02-e872-4aee-b157-44c8d3374a26,204115914,2021
2021-01-09,2021_01_09_DMLST.tif,3733deb2-4f7c-42e7-861f-1547f40cee1a,204210001,2021
2021-01-10,2021_01_10_DMLST.tif,d475f408-c946-4915-b23d-acff56956030,203630813,2021
2021-01-11,2021_01_11_DMLST.tif,9fa6570a-c231-4812-ba4e-d1d6052f5976,203615326,2021
2021-01-12,2021_01_12_DMLST.tif,a2b4b4fb-0bb2-4078-834c-6e714ed9585a,203643134,2021
2021-01-13,2021_01_13_DMLST.tif,e7caf3bf-63a3-40ac-abe2-1b4b7f2c4155,203661772,2021
2021-01-14,2021_01_14_DMLST.tif,d17d5396-6897-4e63-a4ba-177048ba3161,203208024,2021
2021-01-15,2021_01_15_DMLST.tif,a932cfaf-7bcc-4230-b387-e9cc0b8ccda0,203193485,2021
2021-01-16,2021_01_16_DMLST.tif,66fa4ba7-ae4c-4ad1-89f0-e355fc745351,203030964,2021
2021-01-17,2021_01_17_DMLST.tif,a250fd3b-e4e3-4cd4-8b02-f2fb0df7cd4a,202755730,2021
2021-01-18,2021_01_18_DMLST.tif,bbc5166f-fea2-463b-b0c8-4672f9ea2fe3,203431146,2021
2021-01-19,2021_01_19_DMLST.tif,6b676180-e679-4946-9bfd-405ae9ec4961,203102035,2021
2021-01-20,2021_01_20_DMLST.tif,284a293f-91b8-46e3-9563-59ff4589a85a,202701814,2021
2021-01-21,2021_01_21_DMLST.tif,690e8401-9637-45d3-b041-937d91a46342,202274771,2021
2021-01-22,2021_01_22_DMLST.tif,8e7a0e1d-ab1f-4610-bce1-661e02b47dc8,202863090,2021
2021-01-23,2021_01_23_DMLST.tif,72ac0e30-ee79-4187-a979-16f8a667aa0a,202859534,2021
2021-01-24,2021_01_24_DMLST.tif,91920c30-6283-40fa-b9b7-06feef660448,202532402,2021
2021-01-25,2021_01_25_DMLST.tif,a5ed83c1-2bdc-4be4-94a6-0d1efbba8fa4,202588121,2021
2021-01-26,2021_01_26_DMLST.tif,2c8f1a4b-7de3-4d3f-8e48-7e0f277e829f,202270637,2021
2021-01-27,2021_01_27_DMLST.tif,51431895-6057-4ce5-88c2-250c2711254d,202079961,2021
2021-01-28,2021_01_28_DMLST.tif,bfbe4d1b-a6c8-4923-954b-d62a6c3af071,202436323,2021
2021-01-29,2021_01_29_DMLST.tif,7bd3e614-e4f5-4710-b029-d87106ebbb9c,202918268,2021
2021-01-30,2021_01_30_DMLST.tif,e04c3ddf-9b80-49ed-ba9a-422c7c260f31,202367567,2021
2021-01-31,2021_01_31_DMLST.tif,dc8e745c-37e7-41c1-859d-6393579adfb0,202302969,2021
2021-02-01,2021_02_01_DMLST.tif,3f498442-07be-4a95-b86e-26d35a3de16e,202727225,2021
2021-02-02,2021_02_02_DMLST.tif,4c0e17ef-d60a-4c97-ae2a-1eb25311a4e0,203518659,2021
2021-02-03,2021_02_03_DMLST.tif,9c75c1c8-723f-4aed-b262-d55260614c2f,204046415,2021
2021-02-04,2021_02_04_DMLST.tif,19262985-e00d-4a17-8085-72253585e7a9,204634876,2021
2021-02-05,2021_02_05_DMLST.tif,58fa06ab-4eed-49b7-9fa0-3205ffc90174,204525908,2021
2021-02-06,2021_02_06_DMLST.tif,90c03c44-72fb-4015-a1d7-cda50ceb2254,203974547,2021
2021-02-07,2021_02_07_DMLST.tif,c822791c-1dfe-4825-b1cb-f3752cd5a129,203431549,2021
2021-02-08,2021_02_08_DMLST.tif,b49f9d20-f039-40a2-9aa6-c8d39146b78b,203461242,2021
2021-02-09,2021_02_09_DMLST.tif,78c3ef57-20de-4ef2-8689-50d550873be8,203398257,2021
2021-02-10,2021_02_10_DMLST.tif,af043469-1bcc-413a-8bc3-40443677d281,203368456,2021
2021-02-11,2021_02_11_DMLST.tif,df7c3c8e-e7a6-4ad3-a7e9-600effcd8660,203149650,2021
2021-02-12,2021_02_12_DMLST.tif,cc5fde6c-7d8c-4ed4-a09e-a6047a7c32f3,203048619,2021
2021-02-13,2021_02_13_DMLST.tif,8450ca62-9331-4c63-822d-18289e92b61b,202678865,2021
2021-02-14,2021_02_14_DMLST.tif,1a0ef554-ff37-4a8d-ac12-1fcb21dc4e29,202396857,2021
2021-02-15,2021_02_15_DMLST.tif,bd2c0a71-1034-4da9-8d1e-0dadda0a74de,201429276,2021
2021-02-16,2021_02_16_DMLST.tif,ea58a1a8-6780-4895-ae95-e10ea8847e39,202308291,2021
2021-02-17,2021_02_17_DMLST.tif,858d8763-734d-4c0a-84f2-644811ad03aa,202889130,2021
2021-02-18,2021_02_18_DMLST.tif,c0c3499b-05d9-423f-aa1a-508215c42c2e,203848834,2021
2021-02-19,2021_02_19_DMLST.tif,128c3868-9350-4f4a-9004-84a092c46d4b,203620051,2021
2021-02-20,2021_02_20_DMLST.tif,961ad2c6-5e37-4efe-97be-fdecfceb3653,203145114,2021
2021-02-21,2021_02_21_DMLST.tif,d966dec1-e775-47e9-8a51-68bff1bd9d5a,202723836,2021
2021-02-22,2021_02_22_DMLST.tif,790d6119-9c0c-48ee-a8a8-1fd6fc7df991,202924097,2021
2021-02-23,2021_02_23_DMLST.tif,c04d40c7-c8c3-46b0-a3e2-f5e2b00426ba,202922230,2021
2021-02-24,2021_02_24_DMLST.tif,ea716466-83bb-447e-bc4f-2e65ffde5e99,202587389,2021
2021-02-25,2021_02_25_DMLST.tif,a39e9e1d-8f44-4f42-a3b9-03964a63829f,202581235,2021
2021-02-26,2021_02_26_DMLST.tif,174c71bd-de3d-4f6d-8a1c-d8dca98aec57,202894773,2021
2021-02-27,2021_02_27_DMLST.tif,f02b03a7-dec9-471e-9c5b-73b4023530eb,202588016,2021
2021-02-28,2021_02_28_DMLST.tif,130dadfc-5389-488c-9a38-43bb5e2b8558,202238569,2021
2021-03-01,2021_03_01_DMLST.tif,08e47fcf-7791-4cb0-aed8-9be1c6557073,202434116,2021
2021-03-02,2021_03_02_DMLST.tif,a8a14614-f8cf-460b-9d55-9e0ef8c134d1,202985312,2021
2021-03-03,2021_03_03_DMLST.tif,8ae9c79e-3283-4e70-9a4e-98f86ebab27a,202605240,2021
2021-03-04,2021_03_04_DMLST.tif,5913c6bf-0c63-48f9-acfd-7df1740b1032,202884601,2021
2021-03-05,2021_03_05_DMLST.tif,4f0b8f0e-182b-427c-b2cc-8103cf8975e9,203006273,2021
2021-03-06,2021_03_06_DMLST.tif,3ce207ab-3845-46dd-b93e-0ea5514974d9,203808946,2021
2021-03-07,2021_03_07_DMLST.tif,11e86aeb-4b5a-4581-8622-8a45f280ceb2,204694294,2021
2021-03-08,2021_03_08_DMLST.tif,3d3273c7-813a-45b1-a53c-4e089e1f863c,204558269,2021
2021-03-09,2021_03_09_DMLST.tif,280d02e5-51b9-4e49-aa33-f37a0f35c977,204254358,2021
2021-03-10,2021_03_10_DMLST.tif,5bdd4e8d-9093-4ebc-8610-d6a3fb12af47,204187362,2021
2021-03-11,2021_03_11_DMLST.tif,291db2a8-82d3-48da-8180-1048fbac0a4b,204216405,2021
2021-03-12,2021_03_12_DMLST.tif,94c2ecf0-f77f-415e-81eb-898773c4a0b7,204660651,2021
2021-03-13,2021_03_13_DMLST.tif,5f53db93-fe1e-4170-ae1d-3d4cba55aa63,205129288,2021
2021-03-14,2021_03_14_DMLST.tif,4010e686-b6bf-4f7f-a63e-906bbbb2baf1,204641700,2021
2021-03-15,2021_03_15_DMLST.tif,87dc6fc3-1a34-42ff-aab6-ade0b06a69c4,204125891,2021
2021-03-16,2021_03_16_DMLST.tif,f203c901-18c5-45cc-8203-4e387e918663,204782452,2021
2021-03-17,2021_03_17_DMLST.tif,88813a16-dc1d-45a0-a49d-772fec169a1e,204881797,2021
2021-03-18,2021_03_18_DMLST.tif,b8df3bb6-98ec-4c23-8a17-e97f0599e1ce,205104198,2021
2021-03-19,2021_03_19_DMLST.tif,56469aec-1a82-4628-8407-c4c87b6728de,204188138,2021
2021-03-20,2021_03_20_DMLST.tif,15778837-ba21-4cbd-bd18-adefd4383a6b,204673217,2021
2021-03-21,2021_03_21_DMLST.tif,7207d320-028d-4ced-8a96-3e8937d63549,205080543,2021
2021-03-22,2021_03_22_DMLST.tif,ad677bb4-0452-474d-a2ca-99b6ae721718,205238100,2021
2021-03-23,2021_03_23_DMLST.tif,2297a875-cc91-4461-a391-b37134efd358,204620889,2021
2021-03-24,2021_03_24_DMLST.tif,16193378-d9b6-4d22-8c10-2017bc2ca274,205179885,2021
2021-03-25,2021_03_25_DMLST.tif,d0a29856-d096-4f41-bda4-a855cf3257a2,206054040,2021
2021-03-26,2021_03_26_DMLST.tif,55dd6b22-bda7-486e-96ca-70d80d504702,206129179,2021
2021-03-27,2021_03_27_DMLST.tif,a7f68016-26c4-42e8-9264-a7923f72313c,206722133,2021
2021-03-28,2021_03_28_DMLST.tif,c3912971-ea4e-44a9-b6ed-d179d6bcc157,206513500,2021
2021-03-29,2021_03_29_DMLST.tif,bc73726f-289f-429f-ba2d-db33c7d78cc3,206648143,2021
2021-03-30,2021_03_30_DMLST.tif,c80464d8-7a79-428c-8038-70e392bf2971,206669592,2021
2021-03-31,2021_03_31_DMLST.tif,188d4748-3613-4181-ad0b-bcfaaaf42477,206827531,2021
2021-04-01,2021_04_01_DMLST.tif,6e00b893-96d5-4f5c-acc7-c22960183414,206637839,2021
2021-04-02,2021_04_02_DMLST.tif,c59d4a70-a48f-4547-9b21-f7c90101c7a6,206370351,2021
2021-04-03,2021_04_03_DMLST.tif,1147d25f-b716-4dfb-9b10-42fa079dd869,206346182,2021
2021-04-04,2021_04_04_DMLST.tif,0eee0393-426a-4d6a-b2ae-9e008e1142d7,206231418,2021
2021-04-05,2021_04_05_DMLST.tif,92c54ca4-054b-4bee-9ca3-454dd83b1cb6,206504919,2021
2021-04-06,2021_04_06_DMLST.tif,302f0e88-8c5e-4c51-928e-1fee62f87118,206605201,2021
2021-04-07,2021_04_07_DMLST.tif,fac760fc-a7ba-4e09-b98c-4d116056cf78,206794328,2021
2021-04-08,2021_04_08_DMLST.tif,ab62daa0-eb31-4b34-850e-c692c71e704e,206752594,2021
2021-04-09,2021_04_09_DMLST.tif,7f971d58-d743-458e-88ff-138cccdba58e,206603070,2021
2021-04-10,2021_04_10_DMLST.tif,0fefd263-4522-48d9-a59c-b1d62c3de0e6,206490633,2021
2021-04-11,2021_04_11_DMLST.tif,ab0a5aed-f718-4539-bddd-c6a3b6403891,206394191,2021
2021-04-12,2021_04_12_DMLST.tif,6556710e-8bb9-41e0-bbc6-a2fb6464e385,207152171,2021
2021-04-13,2021_04_13_DMLST.tif,195ed2ba-fe25-4184-84ce-a20dde3590fe,207544399,2021
2021-04-14,2021_04_14_DMLST.tif,f26860a1-8feb-40b3-a4f7-562811cdc579,207535638,2021
2021-04-15,2021_04_15_DMLST.tif,0495f26f-ff93-430c-bd45-83e0b3d9dfce,207260543,2021
2021-04-16,2021_04_16_DMLST.tif,7a53824b-5467-4aaa-8e8c-02c9c0216bca,207315840,2021
2021-04-17,2021_04_17_DMLST.tif,5ccb24d7-f70b-46c1-8644-7778e4c5f9b7,207572123,2021
2021-04-18,2021_04_18_DMLST.tif,159410ee-c7ba-400b-ada7-29044ba05f8b,207037127,2021
2021-04-19,2021_04_19_DMLST.tif,0ca7ff92-802c-4d83-a24a-cc3a9ed6fbf8,206725026,2021
2021-04-20,2021_04_20_DMLST.tif,2204d7d8-1e8e-4ea9-8567-edc9622ed8a5,206902949,2021
2021-04-21,2021_04_21_DMLST.tif,0a66ac36-c8b0-4614-b647-649933eb6c83,206697617,2021
2021-04-22,2021_04_22_DMLST.tif,c72634c8-832c-463b-a0fb-4d9286ca45db,206322132,2021
2021-04-23,2021_04_23_DMLST.tif,0acb295c-0e4f-4b52-866b-e945b6b5f554,206338335,2021
2021-04-24,2021_04_24_DMLST.tif,02b039ad-2932-4884-bf2d-7e1664240172,206579544,2021
2021-04-25,2021_04_25_DMLST.tif,95affd2e-07f7-421f-915c-fba3de43dae0,206493567,2021
2021-04-26,2021_04_26_DMLST.tif,e83b6e7f-4ab6-4b45-a125-d0d23117fbd5,206561252,2021
2021-04-27,2021_04_27_DMLST.tif,c2a5436e-f6f5-4154-854e-031dfa15018b,206211961,2021
2021-04-28,2021_04_28_DMLST.tif,03ccb0db-1872-47df-a795-34e67acb4b94,206400953,2021
2021-04-29,2021_04_29_DMLST.tif,eff61802-020f-4002-ba76-f9618e58ff24,206682870,2021
2021-04-30,2021_04_30_DMLST.tif,67e5e7e6-7a23-4e33-bdcf-72826be6b540,207295313,2021
2021-05-01,2021_05_01_DMLST.tif,e76b6fd2-7f77-47b7-9963-c1c77cac047e,207341080,2021
2021-05-02,2021_05_02_DMLST.tif,183f919d-2908-4a25-867a-dc76c61ff9ba,207473565,2021
2021-05-03,2021_05_03_DMLST.tif,15798482-531f-457b-8de0-c5d156371f20,207819531,2021
2021-05-04,2021_05_04_DMLST.tif,2556da59-16fd-4606-8f6a-ae7dbebe3baa,207690207,2021
2021-05-05,2021_05_05_DMLST.tif,c611cfd7-3a8c-4f0b-948b-30ad395e46b2,207840446,2021
2021-05-06,2021_05_06_DMLST.tif,d972b257-3b50-425e-8d85-9689fad4a024,207252628,2021
2021-05-07,2021_05_07_DMLST.tif,b381cf80-6487-4709-9087-56f48912dddb,207240484,2021
2021-05-08,2021_05_08_DMLST.tif,7698e85d-35ea-4813-92fd-400934889047,207659634,2021
2021-05-09,2021_05_09_DMLST.tif,06096561-e29c-489e-a014-9de31196b8bd,207672320,2021
2021-05-10,2021_05_10_DMLST.tif,bf362747-bff0-4000-b01b-578a7181c9dd,207288262,2021
2021-05-11,2021_05_11_DMLST.tif,df0ab978-cc54-4f0a-a7a9-b6eee0b618d5,206934555,2021
2021-05-12,2021_05_12_DMLST.tif,aaa562d9-ab5c-4c96-b0ba-85cd3d21fdc9,206800451,2021
2021-05-13,2021_05_13_DMLST.tif,9265a804-4623-4d8e-8079-c842e0aa6890,206599186,2021
2021-05-14,2021_05_14_DMLST.tif,d7608e97-272a-4e77-9066-4a6b00e32329,206838512,2021
2021-05-15,2021_05_15_DMLST.tif,b441daa1-e4c7-4374-bb5d-2737333b6260,206538186,2021
2021-05-16,2021_05_16_DMLST.tif,1daa89d0-2e34-470a-8da3-341b87a89a0b,206225534,2021
2021-05-17,2021_05_17_DMLST.tif,a60ab08f-43bd-41b3-ac92-dc3ff915f080,206083293,2021
2021-05-18,2021_05_18_DMLST.tif,152a0709-a922-4913-9c86-7a3d405443b4,205820817,2021
2021-05-19,2021_05_19_DMLST.tif,2e400548-3ebd-4e2a-9abf-25342eab6d4b,205712795,2021
2021-05-20,2021_05_20_DMLST.tif,89ad798b-8aaf-4d07-b953-c6fa7c81f3f8,205378048,2021
2021-05-21,2021_05_21_DMLST.tif,123d77f7-7b76-4cd2-b368-373cb170ab1e,205686993,2021
2021-05-22,2021_05_22_DMLST.tif,be2ec3d6-ff5c-4f51-8f94-619f8602395e,205617740,2021
2021-05-23,2021_05_23_DMLST.tif,b960fee8-bcaa-4879-b435-4a1cac093402,206145278,2021
2021-05-24,2021_05_24_DMLST.tif,1450f0f6-9e03-4ea0-93d9-fa42ea0bdc34,205827860,2021
2021-05-25,2021_05_25_DMLST.tif,3ef9d7ae-18e3-48bd-a5c6-766e3b457ea9,205373197,2021
2021-05-26,2021_05_26_DMLST.tif,00fa18ab-90f0-45b2-8a5d-dcf407263c6c,205136708,2021
2021-05-27,2021_05_27_DMLST.tif,4c32245b-ad9a-450b-af0e-c135afed1bef,204990476,2021
2021-05-28,2021_05_28_DMLST.tif,c5a24df6-f74d-4007-b889-6c3cf36b72dc,204564323,2021
2021-05-29,2021_05_29_DMLST.tif,c7505614-2178-4ee1-8354-8e99cfe82909,204129711,2021
2021-05-30,2021_05_30_DMLST.tif,958a08b1-5f01-4f62-8628-15e88591bcc0,204280888,2021
2021-05-31,2021_05_31_DMLST.tif,95b00106-ee46-4b96-9db5-8e1b99c3030b,203966924,2021
2021-06-01,2021_06_01_DMLST.tif,59a76764-28fa-4b7c-bc56-bc839b56cb29,203959532,2021
2021-06-02,2021_06_02_DMLST.tif,383cfb55-f069-44d2-bc26-e4cf8600220d,204428590,2021
2021-06-03,2021_06_03_DMLST.tif,66aa09d9-2029-4087-8422-da890fb806fe,204435048,2021
2021-06-04,2021_06_04_DMLST.tif,68383b39-c848-403c-acae-cb637de856b1,204731679,2021
2021-06-05,2021_06_05_DMLST.tif,dabc5804-7220-488e-aef0-11437a09a85d,205305937,2021
2021-06-06,2021_06_06_DMLST.tif,df7a7848-837f-4a2e-bacb-5c43ec40c670,205691632,2021
2021-06-07,2021_06_07_DMLST.tif,2b33775b-c998-4fbc-b234-053cd02c5785,204122971,2021
2021-06-08,2021_06_08_DMLST.tif,484db406-da4d-4efb-a516-c8dd1b686c57,203964694,2021
2021-06-09,2021_06_09_DMLST.tif,13bd6d65-f69e-4aca-a2e1-8b2f6d6ac70f,203839996,2021
2021-06-10,2021_06_10_DMLST.tif,362dd7c9-d22b-4afc-8e90-ef3b1e3c4bd4,203877523,2021
2021-06-11,2021_06_11_DMLST.tif,8203fdd4-bf96-4966-a8f9-7a0a31f1802c,203772261,2021
2021-06-12,2021_06_12_DMLST.tif,d1836ba4-cedc-4ec3-91a1-30086e5f05e6,203686992,2021
2021-06-13,2021_06_13_DMLST.tif,ca49b0fc-ccc6-4474-9245-49bb308b4713,204120132,2021
2021-06-14,2021_06_14_DMLST.tif,11c4e548-e5a8-4490-8794-8e045ae9827a,204263208,2021
2021-06-15,2021_06_15_DMLST.tif,61274f73-dcc3-454f-8feb-78affebcd55e,204887335,2021
2021-06-16,2021_06_16_DMLST.tif,7ee9570e-ef0c-4cc2-a0e1-16aac20f6a9d,205068909,2021
2021-06-17,2021_06_17_DMLST.tif,ca9deed5-a0f6-4264-bb3b-3095ae3d5fc7,205104058,2021
2021-06-18,2021_06_18_DMLST.tif,ec6dfcbe-9701-439b-988f-0942d39ed04d,205001346,2021
2021-06-19,2021_06_19_DMLST.tif,7feb8bd9-ab60-4d98-85df-0c9097c37e4e,205030214,2021
2021-06-20,2021_06_20_DMLST.tif,6de1fdfa-8835-46b8-8cb2-d01d801851b7,205083068,2021
2021-06-21,2021_06_21_DMLST.tif,0bfce1e6-5616-434d-b770-b93bb49b2b9b,205119892,2021
2021-06-22,2021_06_22_DMLST.tif,8c5df58d-88b8-440c-9791-9846dd5d9b58,204966520,2021
2021-06-23,2021_06_23_DMLST.tif,a4bb038b-9353-4c2a-93d7-baeb9cf0ced4,204101151,2021
2021-06-24,2021_06_24_DMLST.tif,660add8f-804e-4940-9566-3ac7e42678c6,203843174,2021
2021-06-25,2021_06_25_DMLST.tif,ef31114e-6216-488f-a9ba-83320dcec18b,203363091,2021
2021-06-26,2021_06_26_DMLST.tif,592b7ec9-a9d6-466b-8669-37bbe53cc4d8,203219134,2021
2021-06-27,2021_06_27_DMLST.tif,7e96467d-5225-4a6f-a87a-17b6a439fb72,202895105,2021
2021-06-28,2021_06_28_DMLST.tif,0a9da04c-47a2-4b06-8c8e-c1008f10b7ac,202709439,2021
2021-06-29,2021_06_29_DMLST.tif,b59f5b75-9ff5-4832-a01e-4a74e60cb186,203073280,2021
2021-06-30,2021_06_30_DMLST.tif,df7e2ed3-2b4c-4318-8a4f-7bd486237df0,203360401,2021
2021-07-01,2021_07_01_DMLST.tif,33cda552-f43a-405f-9111-df74d83b85f9,203954580,2021
2021-07-02,2021_07_02_DMLST.tif,24e45957-053e-4f18-b976-cfe453ffc546,203526039,2021
2021-07-03,2021_07_03_DMLST.tif,263fb2cb-0821-4ce0-bcd0-a4c401c0f6f9,203194667,2021
2021-07-04,2021_07_04_DMLST.tif,85a1008f-3668-4205-94a9-08c27ee4533a,203118203,2021
2021-07-05,2021_07_05_DMLST.tif,98636213-2ba3-4a02-a5fd-2f6785d15046,203286833,2021
2021-07-06,2021_07_06_DMLST.tif,f3323fe1-1a3a-4972-8a3f-2cc4d901a47b,202974221,2021
2021-07-07,2021_07_07_DMLST.tif,b6503b41-e865-401a-a3e6-ba3631ce2161,202893275,2021
2021-07-08,2021_07_08_DMLST.tif,19bc88d5-2a51-4850-99d1-963bbfd72289,203106603,2021
2021-07-09,2021_07_09_DMLST.tif,dcd0dd93-cdb2-45d8-ade5-13bc5816ebd7,202353517,2021
2021-07-10,2021_07_10_DMLST.tif,5aa8c487-e305-4ae1-a450-56c0de13df83,202349465,2021
2021-07-11,2021_07_11_DMLST.tif,3b50fe74-c312-427c-8c4a-799da3d71ddd,202226433,2021
2021-07-12,2021_07_12_DMLST.tif,63c6a524-3527-481f-8c07-7bbcbfa43c8f,202079155,2021
2021-07-13,2021_07_13_DMLST.tif,aa2a58b3-9376-4c56-8c14-1e26c4ccd05e,202213305,2021
2021-07-14,2021_07_14_DMLST.tif,071674ed-466e-49df-ab49-dc491048a54c,202568267,2021
2021-07-15,2021_07_15_DMLST.tif,4f97abde-32c5-4fb0-b504-b02314475ede,202665536,2021
2021-07-16,2021_07_16_DMLST.tif,c8f19da0-4371-4369-9ec4-8d2a452183d0,202648336,2021
2021-07-17,2021_07_17_DMLST.tif,6ec962c1-f7c9-4d7c-b445-a3bef2eb23f1,202849325,2021
2021-07-18,2021_07_18_DMLST.tif,a054f3fd-7a70-4ac5-b6fb-7a64170b6c89,202968317,2021
2021-07-19,2021_07_19_DMLST.tif,fe185b91-e622-4078-96a5-f8f974745c88,203058752,2021
2021-07-20,2021_07_20_DMLST.tif,59371d62-af5d-4384-8fdf-e4854f8fc38c,203003146,2021
2021-07-21,2021_07_21_DMLST.tif,26ab8921-92fd-4cf2-8c80-8b89e50bf03f,202726165,2021
2021-07-22,2021_07_22_DMLST.tif,674b1004-64ee-48d3-b8f6-89ab17d98585,202391453,2021
2021-07-23,2021_07_23_DMLST.tif,bb1f9c01-921f-4dbd-9b35-544ef3a3e23a,202203041,2021
2021-07-24,2021_07_24_DMLST.tif,4046176d-9cbd-4c1e-bd22-fa0f8162c3ef,202046665,2021
2021-07-25,2021_07_25_DMLST.tif,069ac381-058b-476c-8228-712d3761e477,201672541,2021
2021-07-26,2021_07_26_DMLST.tif,cb87c40c-3f1f-44dd-bc77-6081f51236c1,201787624,2021
2021-07-27,2021_07_27_DMLST.tif,b3cc02ad-6067-455b-b2a2-501ca76633af,201741191,2021
2021-07-28,2021_07_28_DMLST.tif,78a5e8ee-1353-4ab2-afb7-6e1681526404,201904966,2021
2021-07-29,2021_07_29_DMLST.tif,5a14edd4-6ed9-4201-9bfd-05bf43255c21,202003073,2021
2021-07-30,2021_07_30_DMLST.tif,0c029a17-aa69-4759-8439-800cafd8c7b5,202197843,2021
2021-07-31,2021_07_31_DMLST.tif,5f48bf27-a5a7-42a2-8463-c2b55c143f0b,202366921,2021
2021-08-01,2021_08_01_DMLST.tif,f3671b3a-e450-40ff-b96f-e3793a3c53ef,202324282,2021
2021-08-02,2021_08_02_DMLST.tif,2ad6bead-6bf5-4521-989b-59dc7476cfb5,203570448,2021
2021-08-03,2021_08_03_DMLST.tif,ba8ea3e1-374c-4b2b-aedd-34cabb888946,203161146,2021
2021-08-04,2021_08_04_DMLST.tif,63de4d9b-5ec7-49d5-8c82-8f2eb13e998f,202676788,2021
2021-08-05,2021_08_05_DMLST.tif,77116cb6-0615-408c-a47c-ea2a2da5e386,202644221,2021
2021-08-06,2021_08_06_DMLST.tif,c73f7035-a134-4b1b-85eb-074c797d19cf,202524028,2021
2021-08-07,2021_08_07_DMLST.tif,45277130-f918-4eb4-9792-4c2d2f5d0558,202441298,2021
2021-08-08,2021_08_08_DMLST.tif,bf8bca21-e139-4cc0-9884-a19f20b0bf85,201983721,2021
2021-08-09,2021_08_09_DMLST.tif,ea606c3d-3801-480d-941c-9954207b9f0d,201998262,2021
2021-08-10,2021_08_10_DMLST.tif,dc1c4110-4a4d-47a4-ab7c-e756b23438ee,200968698,2021
2021-08-11,2021_08_11_DMLST.tif,22777896-11b9-4a3a-a10f-b152ad5fd3a2,201317604,2021
2021-08-12,2021_08_12_DMLST.tif,709e287e-7554-456e-8581-1329dce054c2,201583713,2021
2021-08-13,2021_08_13_DMLST.tif,a90cc30b-3b5f-4c98-97b5-e410907ee312,201966762,2021
2021-08-14,2021_08_14_DMLST.tif,ae4e5b0a-8b12-4ef6-b14c-1a8ca4f85623,202008229,2021
2021-08-15,2021_08_15_DMLST.tif,7c2366cb-b77d-4b19-ab3a-58d65032bae7,201927840,2021
2021-08-16,2021_08_16_DMLST.tif,5b1c7018-3cc0-4da2-89ae-4927e6b0db7f,201604672,2021
2021-08-17,2021_08_17_DMLST.tif,79e71dd2-39e0-44fa-ada0-eef57287697e,201393390,2021
2021-08-18,2021_08_18_DMLST.tif,e9147e30-4991-4e66-86de-7ecb3a24933c,202481203,2021
2021-08-19,2021_08_19_DMLST.tif,f0702fc3-8be9-4bfa-ac47-5ce172a32309,202507377,2021
2021-08-20,2021_08_20_DMLST.tif,65b4be37-e000-4876-8604-d033be934ce0,202150940,2021
2021-08-21,2021_08_21_DMLST.tif,1c47693a-8afb-46e5-ad10-0869afa75095,201892748,2021
2021-08-22,2021_08_22_DMLST.tif,911181bc-c49b-41ec-90b9-1ed939b2f0ee,202105841,2021
2021-08-23,2021_08_23_DMLST.tif,bd863839-9162-462b-8e76-203901fe9802,201994071,2021
2021-08-24,2021_08_24_DMLST.tif,e3007693-109f-4a10-adb2-0ffaec6c5c0e,201853472,2021
2021-08-25,2021_08_25_DMLST.tif,fc681b7e-7514-41c2-afee-2c23929fbbce,201802427,2021
2021-08-26,2021_08_26_DMLST.tif,22c416d1-8f1d-4523-bcb5-763cc2475e0f,200899858,2021
2021-08-27,2021_08_27_DMLST.tif,adec238d-5cdb-46c9-9caf-d5c434082b8d,200775266,2021
2021-08-28,2021_08_28_DMLST.tif,426e1b15-8245-43dd-a8f2-3875778b5201,200932584,2021
2021-08-29,2021_08_29_DMLST.tif,1291d217-338b-438e-b639-88ac82a2b07d,201049071,2021
2021-08-30,2021_08_30_DMLST.tif,4277468f-17fd-4cc2-aa48-0a3f1bf16208,201373851,2021
2021-08-31,2021_08_31_DMLST.tif,838a1dfc-e9f9-40f0-9f27-b041432e09cb,201428250,2021
2021-09-01,2021_09_01_DMLST.tif,e8db2434-0ffc-4489-9513-8b102d727550,201538330,2021
2021-09-02,2021_09_02_DMLST.tif,c8d41829-5c41-4105-bfff-135c0ff5c7d3,201509007,2021
2021-09-03,2021_09_03_DMLST.tif,bbf6505e-f1aa-4519-9d86-496d78ec973a,203056822,2021
2021-09-04,2021_09_04_DMLST.tif,67fc4098-c3c6-41cd-be3f-5acdfaa6a00d,203159710,2021
2021-09-05,2021_09_05_DMLST.tif,5d36c60c-debb-4181-acc2-073231a51322,203201916,2021
2021-09-06,2021_09_06_DMLST.tif,bbb404a4-520e-4d9b-bc98-06dc1c1a4880,203222161,2021
2021-09-07,2021_09_07_DMLST.tif,d66e08b5-fec3-435e-ba41-150bd6aa9f5a,202918586,2021
2021-09-08,2021_09_08_DMLST.tif,8ca64267-1b05-474e-90f2-c2b0cf685b6d,202511357,2021
2021-09-09,2021_09_09_DMLST.tif,1e78535f-07af-42e5-b547-6fa7fb93c1e8,202429538,2021
2021-09-10,2021_09_10_DMLST.tif,b45aeaed-1c73-419e-adcc-8c16ae9a7aa5,202873720,2021
2021-09-11,2021_09_11_DMLST.tif,3d984d72-e16f-463d-a1be-87cbc9c76b28,202832072,2021
2021-09-12,2021_09_12_DMLST.tif,5e9d7d35-761e-468d-93cc-483693cf7abf,202906214,2021
2021-09-13,2021_09_13_DMLST.tif,a574332f-272c-4596-b60a-8a7cea0dfa5f,202564807,2021
2021-09-14,2021_09_14_DMLST.tif,b680a47c-6154-4c25-a92c-742b939f0fc6,202079712,2021
2021-09-15,2021_09_15_DMLST.tif,8584dac5-ec0b-499e-b9ad-61c6e59076a1,202382218,2021
2021-09-16,2021_09_16_DMLST.tif,b71256f5-ce5c-4d2f-9469-04c9bb78697e,203185606,2021
2021-09-17,2021_09_17_DMLST.tif,2862ea67-6aa9-42e8-b0d7-a1bc4fe5dd8c,203745730,2021
2021-09-18,2021_09_18_DMLST.tif,4c177312-6d9c-4d8e-8af0-7dd2f7afab8f,203524297,2021
2021-09-19,2021_09_19_DMLST.tif,faf1ebd6-7624-46b9-862d-810651fbe3e8,204553566,2021
2021-09-20,2021_09_20_DMLST.tif,b5dc9eda-6d0b-4f4d-a33f-83772344dd5b,204550594,2021
2021-09-21,2021_09_21_DMLST.tif,2dc80532-cd25-4425-ac6c-fb21c1df3ea9,204618685,2021
2021-09-22,2021_09_22_DMLST.tif,798b0f97-a699-4ecd-b021-86b3f936a2ae,204880587,2021
2021-09-23,2021_09_23_DMLST.tif,9f0906e9-6813-4af6-9c2d-84fef35ef900,204763182,2021
2021-09-24,2021_09_24_DMLST.tif,194f8abb-8311-4626-8aed-aef672a29c81,204609595,2021
2021-09-25,2021_09_25_DMLST.tif,09f743bd-c3aa-43f5-a2d1-5b1e77249ede,204505158,2021
2021-09-26,2021_09_26_DMLST.tif,1ae8a009-891a-4f60-a11f-903c1621eed4,204342457,2021
2021-09-27,2021_09_27_DMLST.tif,784f59a5-5620-4726-85d6-571cf6a66ca0,203403289,2021
2021-09-28,2021_09_28_DMLST.tif,72d1ea7b-7d9c-4080-b9b1-12a3ab3c1b40,203637818,2021
2021-09-29,2021_09_29_DMLST.tif,8043c7ab-20d6-49d2-968b-ecedf75c2a1a,203789555,2021
2021-09-30,2021_09_30_DMLST.tif,f34fa70a-0a95-4c7b-b182-8aaf00324d88,204021163,2021
2021-10-01,2021_10_01_DMLST.tif,d5b530f2-d784-4148-97ea-3a95f8606001,203991207,2021
2021-10-02,2021_10_02_DMLST.tif,22233b2b-7bd8-4ba2-a079-38825abfe4d6,204143304,2021
2021-10-03,2021_10_03_DMLST.tif,dd41aed9-1910-4d25-a54c-37a792c7df92,204096760,2021
2021-10-04,2021_10_04_DMLST.tif,438b034e-dead-4668-942c-14c058a3d8c7,204142687,2021
2021-10-05,2021_10_05_DMLST.tif,0e6646f5-76d8-4b8c-8eb9-e6aad3e931b3,206414410,2021
2021-10-06,2021_10_06_DMLST.tif,a131c97d-4863-4f19-b469-4e4f4b058b41,206476815,2021
2021-10-07,2021_10_07_DMLST.tif,10545ca4-c3e8-4c84-92c3-763d9f8d46cf,206263812,2021
2021-10-08,2021_10_08_DMLST.tif,d4b17e26-8a6b-4ad1-b85e-3513ed9d025a,206091382,2021
2021-10-09,2021_10_09_DMLST.tif,a2253b6a-be6c-49c6-bdf4-123f2cf2d0c1,206192576,2021
2021-10-10,2021_10_10_DMLST.tif,76879c0b-c8a9-429c-9dac-0d907de36679,206288714,2021
2021-10-11,2021_10_11_DMLST.tif,df2e3b18-2520-470f-8778-1e7e032281a9,205970394,2021
2021-10-12,2021_10_12_DMLST.tif,202fe74d-3512-4dc8-94aa-dc7789f67ad5,205755970,2021
2021-10-13,2021_10_13_DMLST.tif,b2170e3c-e6a2-4083-b7e8-e86a3da49775,204858917,2021
2021-10-14,2021_10_14_DMLST.tif,dd2b8421-8963-4c56-ab08-56077a3feb8b,204729470,2021
2021-10-15,2021_10_15_DMLST.tif,6333ac06-fa16-48ca-a1f0-cd21c0d67b93,204942596,2021
2021-10-16,2021_10_16_DMLST.tif,7d44443c-28f9-49a1-8549-66f08b15595c,205466360,2021
2021-10-17,2021_10_17_DMLST.tif,acc41d16-64d2-4fe4-abd7-cf1c9111d7d0,205320583,2021
2021-10-18,2021_10_18_DMLST.tif,ff4d4bd2-7f34-465c-8e12-89d1ac672954,205411820,2021
2021-10-19,2021_10_19_DMLST.tif,a75263b8-47ab-4724-b803-d02a318708f5,205581728,2021
2021-10-20,2021_10_20_DMLST.tif,501201ab-ebb5-4c06-9cd0-1b0c99474a81,205853730,2021
2021-10-21,2021_10_21_DMLST.tif,30f02dde-d4a6-4eff-b5a1-e017146803f3,207125604,2021
2021-10-22,2021_10_22_DMLST.tif,817122a5-25ed-4c7e-b602-df5c6b8a48e5,207073345,2021
2021-10-23,2021_10_23_DMLST.tif,0edd7d21-4c1d-421e-8a9c-8f6d2c72020e,207224620,2021
2021-10-24,2021_10_24_DMLST.tif,53de8d60-063b-43ab-8f89-a116c3804f92,207073581,2021
2021-10-25,2021_10_25_DMLST.tif,17400682-2c2a-47bf-85f5-16e1da4010ac,207736516,2021
2021-10-26,2021_10_26_DMLST.tif,69df2d9b-dff9-4561-96ed-4bf48186a550,207323411,2021
2021-10-27,2021_10_27_DMLST.tif,ac826490-7b25-4720-9ccb-628eba082212,206981076,2021
2021-10-28,2021_10_28_DMLST.tif,d4866f9e-1bb9-4d53-9c72-ed82e3556f9c,207155288,2021
2021-10-29,2021_10_29_DMLST.tif,e867fe5b-4caa-4cee-b394-982724bdc8c3,207438945,2021
2021-10-30,2021_10_30_DMLST.tif,d1cd7d7a-e5d5-466c-a474-1fa30b228cfd,206890476,2021
2021-10-31,2021_10_31_DMLST.tif,80867c23-4530-4cf7-b2ee-772048847027,206849685,2021
2021-11-01,2021_11_01_DMLST.tif,31f20017-e512-4fdd-ac36-b1d13a9efc51,207246081,2021
2021-11-02,2021_11_02_DMLST.tif,a163f335-c756-4d5a-8d6e-172427d7e577,207005760,2021
2021-11-03,2021_11_03_DMLST.tif,db295bc2-081b-4b7c-9247-46fc4d0870ee,206613397,2021
2021-11-04,2021_11_04_DMLST.tif,2472a942-98ee-427b-ae9b-c2279c77c041,206495768,2021
2021-11-05,2021_11_05_DMLST.tif,e7f32867-5c8b-4b18-86a4-9424641779d3,206364722,2021
2021-11-06,2021_11_06_DMLST.tif,c714c649-6831-4b4c-b5cb-43ac5bea49e2,207173818,2021
2021-11-07,2021_11_07_DMLST.tif,fa09820e-bb96-4f6a-9003-4650d2587951,207938057,2021
2021-11-08,2021_11_08_DMLST.tif,54eba51c-475c-4c9f-a497-15d4faae69b6,207801155,2021
2021-11-09,2021_11_09_DMLST.tif,408779c1-bbf6-4f57-9314-eade3732e192,207695707,2021
2021-11-10,2021_11_10_DMLST.tif,980d2342-1486-4ed8-8ce4-f96545939459,207771017,2021
2021-11-11,2021_11_11_DMLST.tif,5e9a7bed-67a3-4454-a3a9-1f4faedbad05,207756784,2021
2021-11-12,2021_11_12_DMLST.tif,c6affed1-e7f9-43c5-bcf3-aa76dea3c786,207970946,2021
2021-11-13,2021_11_13_DMLST.tif,b7f25f4c-4637-4d13-bb2c-8149e0e8ff89,207982849,2021
2021-11-14,2021_11_14_DMLST.tif,88e7a724-926f-4f6d-afa2-dc8e231589bf,207448313,2021
2021-11-15,2021_11_15_DMLST.tif,67a008c6-24ec-4bc7-87b7-3a38296fedbf,207000131,2021
2021-11-16,2021_11_16_DMLST.tif,cc36bcb7-4469-4714-8b36-73f960b7577a,206891108,2021
2021-11-17,2021_11_17_DMLST.tif,f84d63ba-e34a-4227-94fb-5db8bcef28a7,206089904,2021
2021-11-18,2021_11_18_DMLST.tif,8215ab22-618a-4833-bf10-a64a17402873,205778985,2021
2021-11-19,2021_11_19_DMLST.tif,4f24b659-f809-48ef-8d36-e05214fd5557,205452856,2021
2021-11-20,2021_11_20_DMLST.tif,41575dc7-0c64-47d3-bff6-d32f6292fbdd,205168892,2021
2021-11-21,2021_11_21_DMLST.tif,8a0132c3-c752-4ea0-b5e2-28679daa8515,205042047,2021
2021-11-22,2021_11_22_DMLST.tif,1063acb8-c2fa-46b2-b64b-bc96f0727f11,205865979,2021
2021-11-23,2021_11_23_DMLST.tif,4f889f36-7da2-4b4b-b898-c9962052e880,206182165,2021
2021-11-24,2021_11_24_DMLST.tif,6862ae0b-bb53-4741-b008-cf3c7bc7c55f,206242205,2021
2021-11-25,2021_11_25_DMLST.tif,15d1c653-4ce3-41f4-8957-13f74c4d50a6,206188812,2021
2021-11-26,2021_11_26_DMLST.tif,8f97d4e0-f824-45ac-895f-07cf85e7b2ae,206274082,2021
2021-11-27,2021_11_27_DMLST.tif,3a6f5d86-f67b-4ee3-a03d-95ef3e70a96e,206215915,2021
2021-11-28,2021_11_28_DMLST.tif,d895e26f-7d87-4bba-9d9a-a40507c8ffc0,206018643,2021
2021-11-29,2021_11_29_DMLST.tif,8af6a24b-d8ae-48b5-bb14-0582a188b2d5,206200309,2021
2021-11-30,2021_11_30_DMLST.tif,41abf8f8-034e-43b0-8490-80315a9d27e5,206517654,2021
2021-12-01,2021_12_01_DMLST.tif,21952b5a-46bc-431f-a08e-e549d6919dfa,206971744,2021
2021-12-02,2021_12_02_DMLST.tif,014e8aa0-27ad-4dd3-8a80-b2773ca80817,206882305,2021
2021-12-03,2021_12_03_DMLST.tif,d3a21166-e99e-40d2-ac60-64c9ee2d5a1f,206847709,2021
2021-12-04,2021_12_04_DMLST.tif,d98534bd-7dac-476a-91e6-c79a3d64e065,206567354,2021
2021-12-05,2021_12_05_DMLST.tif,035165f2-61d2-4598-ac40-9ef748e37f4f,206800171,2021
2021-12-06,2021_12_06_DMLST.tif,128bcd12-66e5-4c3b-b20a-468de7b31179,206286306,2021
2021-12-07,2021_12_07_DMLST.tif,b2c22671-795f-406e-a194-fc1619110c01,206634969,2021
2021-12-08,2021_12_08_DMLST.tif,a00a3b97-5306-4069-aa13-f5abbb83f153,206772069,2021
2021-12-09,2021_12_09_DMLST.tif,3b1340e1-151a-4826-af5e-6f2630aa7f1d,206750013,2021
2021-12-10,2021_12_10_DMLST.tif,79500bfc-ca01-447f-8eb0-7c4a64a150ee,205834346,2021
2021-12-11,2021_12_11_DMLST.tif,32e86a2f-a45e-4c85-95b9-84d35054a74b,205118567,2021
2021-12-12,2021_12_12_DMLST.tif,6f5bf0ed-16e3-4dba-9a9d-4028602d7f52,204630741,2021
2021-12-13,2021_12_13_DMLST.tif,c3c4ab17-44c2-47f9-b987-3ba19c5c793f,204049084,2021
2021-12-14,2021_12_14_DMLST.tif,71e350fe-cf54-409a-811c-c34d8d7ebfce,203552147,2021
2021-12-15,2021_12_15_DMLST.tif,c2c4b1fa-f2be-418c-9875-35df9bda1edb,203980173,2021
2021-12-16,2021_12_16_DMLST.tif,8613b968-ef2b-4e38-b533-88c0dcaf084d,204127439,2021
2021-12-17,2021_12_17_DMLST.tif,8e62e39d-8377-4951-8ed6-173dcc936c2e,203888917,2021
2021-12-18,2021_12_18_DMLST.tif,f4318d72-c4f4-4b65-aac4-d0c8543c13ea,203806060,2021
2021-12-19,2021_12_19_DMLST.tif,bc392617-0c4a-47ce-9864-5eda3500ad3e,204258928,2021
2021-12-20,2021_12_20_DMLST.tif,a6cce983-d2af-4896-b1f0-ee32320b1660,204153922,2021
2021-12-21,2021_12_21_DMLST.tif,5e02f2b1-5f96-432f-b081-4f6ed5d26f35,204201714,2021
2021-12-22,2021_12_22_DMLST.tif,3f4eb5a8-e0b8-42ca-95d2-e86e10ef9967,203664877,2021
2021-12-23,2021_12_23_DMLST.tif,5095d1ce-b1d4-46fc-acc5-c214d0c6d8d8,203680144,2021
2021-12-24,2021_12_24_DMLST.tif,673ed588-3629-4b37-add2-56bbc0543a9c,203598507,2021
2021-12-25,2021_12_25_DMLST.tif,b02b970c-343a-4a44-9f7d-63c879fd77fe,203539105,2021
2021-12-26,2021_12_26_DMLST.tif,69b5553b-38ab-4dc5-95f5-cb36a1ca5314,203270002,2021
2021-12-27,2021_12_27_DMLST.tif,4b8fc666-326f-4f8e-af8e-7ff26c632994,203167232,2021
2021-12-28,2021_12_28_DMLST.tif,646e6722-b1d8-4956-a0ef-782f8c23184a,203115177,2021
2021-12-29,2021_12_29_DMLST.tif,286de68a-4ce6-402b-8b92-95db1b5f44d0,203112661,2021
2021-12-30,2021_12_30_DMLST.tif,c21d79be-fb50-4d6d-9d67-5927f1131167,203151769,2021
2021-12-31,2021_12_31_DMLST.tif,f2a205fb-e098-40a1-a348-545d391afd27,202862987,2021
2022-01-01,2022_01_01_DMLST.tif,d082148e-d339-4bb4-8dbc-32c8fab01310,202360292,2022
2022-01-02,2022_01_02_DMLST.tif,b506a354-fc74-4f83-886f-bb5cd97bce7a,202637149,2022
2022-01-03,2022_01_03_DMLST.tif,b8ab1369-5340-4287-97ca-e9c45bf4ee11,202916401,2022
2022-01-04,2022_01_04_DMLST.tif,478d8fcd-0907-4969-beab-0178a0dc6a12,203476761,2022
2022-01-05,2022_01_05_DMLST.tif,3a4db8a0-c7c8-48cf-8828-b43e2fec38be,203800253,2022
2022-01-06,2022_01_06_DMLST.tif,ebe6a216-a115-4e93-9776-8d4a4b9f6bbe,204175287,2022
2022-01-07,2022_01_07_DMLST.tif,b60ab1a8-6a99-4580-b69e-034dcbf3c4d8,204683211,2022
2022-01-08,2022_01_08_DMLST.tif,0c8ead78-5552-47c1-a0b0-adeb56d07835,204724909,2022
2022-01-09,2022_01_09_DMLST.tif,828e075f-7ff2-4a7f-acd5-c79e54fc215f,204225423,2022
2022-01-10,2022_01_10_DMLST.tif,7d0b3533-a550-4e5d-8a2b-11b9effb9978,203988248,2022
2022-01-11,2022_01_11_DMLST.tif,b1d85d88-89e8-4d17-9923-ba259b3ba0d0,203795194,2022
2022-01-12,2022_01_12_DMLST.tif,2540c19c-14eb-44ce-b22e-422f02b5af3d,204028213,2022
2022-01-13,2022_01_13_DMLST.tif,c87a4a49-f7b8-437c-ae45-d08b51cb5486,204272380,2022
2022-01-14,2022_01_14_DMLST.tif,ff7dc579-47bf-47ee-bda1-00b7c0ef1e5b,204513026,2022
2022-01-15,2022_01_15_DMLST.tif,9ed5b64f-3548-4b83-814d-5feb6bee836b,204803466,2022
2022-01-16,2022_01_16_DMLST.tif,35dab1cf-df5d-445e-b0d7-2c1929ea36ef,205784408,2022
2022-01-17,2022_01_17_DMLST.tif,b42f353f-d5af-4a97-aad4-6f4bb8083602,206303809,2022
2022-01-18,2022_01_18_DMLST.tif,a50a8371-0ba5-49cf-a6a0-354bf4e0878a,206557213,2022
2022-01-19,2022_01_19_DMLST.tif,96f49e4c-55f4-4e39-a703-c906db86ed08,205666185,2022
2022-01-20,2022_01_20_DMLST.tif,a4689678-bddc-4aef-b5a4-8b6cb22f6bbf,205528897,2022
2022-01-21,2022_01_21_DMLST.tif,86acca91-1e5c-4b71-8bd5-f65b84e62c9b,205666277,2022
2022-01-22,2022_01_22_DMLST.tif,6c0c6bc1-96dd-413e-8742-cacc4bd7e4f1,205506356,2022
2022-01-23,2022_01_23_DMLST.tif,5cd7f754-4164-4bb6-a000-ee56c5397eff,205448641,2022
2022-01-24,2022_01_24_DMLST.tif,e47ec4b0-4077-4d62-aa1b-fa20dd63efc9,204843078,2022
2022-01-25,2022_01_25_DMLST.tif,5cea253e-e76e-4a43-a113-7193abedfc4f,204365263,2022
2022-01-26,2022_01_26_DMLST.tif,2e6f7e31-41ba-4cc3-8c4e-1cea8c97d8f2,204401334,2022
2022-01-27,2022_01_27_DMLST.tif,8a186b60-f6c2-4914-8b91-386e69335273,204735569,2022
2022-01-28,2022_01_28_DMLST.tif,b12b0466-c93d-4a7d-892b-7ed0189d7463,205115851,2022
2022-01-29,2022_01_29_DMLST.tif,91ddc2bd-2325-4b59-96c9-ca4124c788a5,205340587,2022
2022-01-30,2022_01_30_DMLST.tif,e28bc3b0-bff1-4c2f-9f9b-f6d25687cb80,204337458,2022
2022-01-31,2022_01_31_DMLST.tif,f765a3bf-698e-4edb-9de5-e8fef8be7ef6,204534150,2022
2022-02-01,2022_02_01_DMLST.tif,a28d2293-27d2-4a23-849c-efefc40e1c5c,204854185,2022
2022-02-02,2022_02_02_DMLST.tif,0b837364-d094-4a06-abe3-7a1cb8f25d0c,204272553,2022
2022-02-03,2022_02_03_DMLST.tif,55bf09d3-ff26-4cc3-ba71-3bc5612b221f,203884024,2022
2022-02-04,2022_02_04_DMLST.tif,d9d5d8d2-48e8-4b02-bd5b-513655748551,203861173,2022
2022-02-05,2022_02_05_DMLST.tif,11e4de6b-f2db-4635-babe-36367922e3d4,204489767,2022
2022-02-06,2022_02_06_DMLST.tif,ae193043-6914-4dcb-bf36-336b6d8ed626,204831340,2022
2022-02-07,2022_02_07_DMLST.tif,ad615d3c-32c1-4b88-a2ff-466a4e61c9ab,205342045,2022
2022-02-08,2022_02_08_DMLST.tif,d0717fe0-51bb-4c06-9dea-86ab1a114ced,205404504,2022
2022-02-09,2022_02_09_DMLST.tif,a5179d61-66bb-466f-bb33-ceb348bff9a5,205242463,2022
2022-02-10,2022_02_10_DMLST.tif,55dd5e60-f481-4f9a-a3d1-88283d9aaa09,205391295,2022
2022-02-11,2022_02_11_DMLST.tif,1025dc67-b729-438d-946c-c307c3b069d8,204719215,2022
2022-02-12,2022_02_12_DMLST.tif,b65db151-6de9-40e1-8e05-6dfcae0356fb,204280684,2022
2022-02-13,2022_02_13_DMLST.tif,be3e0fe0-b17f-47a3-b454-19b2953aecd0,204241224,2022
2022-02-14,2022_02_14_DMLST.tif,f5307797-813c-4084-befb-67fcecf799ce,203964254,2022
2022-02-15,2022_02_15_DMLST.tif,b225da6f-3925-4c4f-afd4-8e3beccb218d,202818024,2022
2022-02-16,2022_02_16_DMLST.tif,ab99c7f5-e2b5-4079-b74a-a1abfc22673f,202734837,2022
2022-02-17,2022_02_17_DMLST.tif,04bf6030-7ad1-46fe-95c4-bbec25d22241,202965543,2022
2022-02-18,2022_02_18_DMLST.tif,b669394f-18d9-412b-a489-426473732a3d,203134186,2022
2022-02-19,2022_02_19_DMLST.tif,9b3dd814-6093-451e-8edb-ac2a9f51e4be,203612999,2022
2022-02-20,2022_02_20_DMLST.tif,8910b490-2c93-4860-b6aa-62e07fa48c4f,203815108,2022
2022-02-21,2022_02_21_DMLST.tif,0ea04bc8-ed4e-4879-8797-ee4eeff550a7,203366748,2022
2022-02-22,2022_02_22_DMLST.tif,e215f150-0849-4233-ac41-33264aeb5b50,203440332,2022
2022-02-23,2022_02_23_DMLST.tif,ef07751f-219d-43f4-8038-761f4b115df6,204077902,2022
2022-02-24,2022_02_24_DMLST.tif,699cd502-27c3-4013-99bc-ea70d57d28b5,205075704,2022
2022-02-25,2022_02_25_DMLST.tif,e68f7b9c-3d73-4015-b1b2-6e27314286ee,205191784,2022
2022-02-26,2022_02_26_DMLST.tif,15ef9e6e-0847-43ea-be03-7150d7991d7e,204987843,2022
2022-02-27,2022_02_27_DMLST.tif,41882a64-62b0-4f67-afd1-d05c08bd9387,204818075,2022
2022-02-28,2022_02_28_DMLST.tif,903880bd-b0eb-48ff-9676-811f7624b808,204547371,2022
2022-03-01,2022_03_01_DMLST.tif,c469c0c8-b921-419c-8721-7127373954cc,204744946,2022
2022-03-02,2022_03_02_DMLST.tif,d02e1f0d-161f-4b04-beab-ec4eef4fb0d0,204987349,2022
2022-03-03,2022_03_03_DMLST.tif,feda1e35-933f-4ce3-aec9-a0cb0ee4a73f,204258019,2022
2022-03-04,2022_03_04_DMLST.tif,a34d955e-b681-4400-820f-1f858d1273bf,204354865,2022
2022-03-05,2022_03_05_DMLST.tif,244f4bdd-f436-4e7a-8830-3cf4945ebf5c,204552528,2022
2022-03-06,2022_03_06_DMLST.tif,ea56aa73-9896-4701-b29f-d9975c01f2aa,204903905,2022
2022-03-07,2022_03_07_DMLST.tif,b09a218f-2de0-48c5-bc72-c93273895ccd,204910533,2022
2022-03-08,2022_03_08_DMLST.tif,50f2f1f5-3d42-4a34-b4ca-8af149bde700,204586384,2022
2022-03-09,2022_03_09_DMLST.tif,7833abcf-113d-4153-9f4b-c75af56300f7,204163078,2022
2022-03-10,2022_03_10_DMLST.tif,796d0445-2fa4-466d-86dc-16cc2a5464e8,204086559,2022
2022-03-11,2022_03_11_DMLST.tif,ca516373-d405-40de-88d7-56ae8f9b3bc9,204200853,2022
2022-03-12,2022_03_12_DMLST.tif,bd9a10e5-6114-430d-a8c0-73a62bf9012d,204815741,2022
2022-03-13,2022_03_13_DMLST.tif,8ab5efc1-097b-4bc1-a647-d5bef2a02bad,204565410,2022
2022-03-14,2022_03_14_DMLST.tif,3e7a8d3d-1e66-423d-9414-1a5bf6c6fede,204221130,2022
2022-03-15,2022_03_15_DMLST.tif,bbc8fa53-f734-40f4-a160-b5a01c2e21a2,204177942,2022
2022-03-16,2022_03_16_DMLST.tif,8924d9bc-5dbe-44d0-a9f4-5a8f008873ef,205160284,2022
2022-03-17,2022_03_17_DMLST.tif,f5468f1e-8d9e-4d62-96fc-6a74a21e4c5e,205504764,2022
2022-03-18,2022_03_18_DMLST.tif,504120a6-8500-4129-a733-147e750682e2,205307535,2022
2022-03-19,2022_03_19_DMLST.tif,030b578c-3ea5-4e29-91ad-5454df0d73ab,204570918,2022
2022-03-20,2022_03_20_DMLST.tif,3781b8d9-a25b-448e-93d2-22f574af6c67,204763252,2022
2022-03-21,2022_03_21_DMLST.tif,ac6eeefc-16c5-4ac1-a2df-cb39431c318f,205046491,2022
2022-03-22,2022_03_22_DMLST.tif,fa9782f2-1ed2-4b2c-96ae-90530226194a,205601602,2022
2022-03-23,2022_03_23_DMLST.tif,34b9a7e4-6aac-4917-bcbc-a20d0a6ad9f4,205514696,2022
2022-03-24,2022_03_24_DMLST.tif,b23aeda0-c8ac-4da4-916d-923262ab584b,205267757,2022
2022-03-25,2022_03_25_DMLST.tif,8d144cf0-214a-48a4-801a-91403c6595a6,205171309,2022
2022-03-26,2022_03_26_DMLST.tif,411f7e94-71db-4dea-af86-d167e7ae0e94,204822070,2022
2022-03-27,2022_03_27_DMLST.tif,844331bc-8195-42b6-8dff-5fd216921015,203150532,2022
2022-03-28,2022_03_28_DMLST.tif,f4b30193-ecf3-443b-9cc6-188916cd2ef3,203258415,2022
2022-03-29,2022_03_29_DMLST.tif,b00de911-e216-46c8-b8e3-35c91a1c52bf,203372034,2022
2022-03-30,2022_03_30_DMLST.tif,c6d53ec8-2acd-4413-8c65-8d1bfe6f6da8,203439367,2022
2022-03-31,2022_03_31_DMLST.tif,71193bca-0c3e-464d-843c-60f848f00eb9,204167260,2022
2022-04-01,2022_04_01_DMLST.tif,ba5f0959-e1e0-4399-bec7-3c5bdea8624b,204391011,2022
2022-04-02,2022_04_02_DMLST.tif,53ac7a29-0f06-448f-b801-23ab2ecca4ed,204356879,2022
2022-04-03,2022_04_03_DMLST.tif,36a85316-4262-42a1-bca2-ad0a11a9a465,204062726,2022
2022-04-04,2022_04_04_DMLST.tif,932d9d7e-98cb-40fb-8ad9-4b3a6329bd4e,205445694,2022
2022-04-05,2022_04_05_DMLST.tif,7e76a3f1-837e-4533-8ede-77af65353c94,205135096,2022
2022-04-06,2022_04_06_DMLST.tif,17f4b95b-27ff-4df0-9ca1-627f63b50f85,205068761,2022
2022-04-07,2022_04_07_DMLST.tif,4b601abd-332e-4794-a69c-faa20488154f,204988193,2022
2022-04-08,2022_04_08_DMLST.tif,8b2d68e7-683f-47fc-8ea7-296123882a97,205171865,2022
2022-04-09,2022_04_09_DMLST.tif,b5b3b1ee-8f83-41ea-845f-156079339d57,205379448,2022
2022-04-10,2022_04_10_DMLST.tif,37b132ba-24f7-4f24-81a9-d7d91a6cb76c,205205763,2022
2022-04-11,2022_04_11_DMLST.tif,6c9b46b3-34dc-48a4-b33d-54242afbe039,205184865,2022
2022-04-12,2022_04_12_DMLST.tif,4b967bdf-b9ce-4781-851a-45c1bf2d638e,205936847,2022
2022-04-13,2022_04_13_DMLST.tif,c4e72526-1ce7-4977-a7cf-5cb1be330a0a,205869160,2022
2022-04-14,2022_04_14_DMLST.tif,da6861b0-a38c-4971-8459-12ba9097343e,206275492,2022
2022-04-15,2022_04_15_DMLST.tif,3651b005-73a5-4c85-a5a1-cc07dd55aa89,206772099,2022
2022-04-16,2022_04_16_DMLST.tif,9819c056-ad63-45f4-8499-03f12261da59,206892261,2022
2022-04-17,2022_04_17_DMLST.tif,8a2a288c-7350-4ad1-9f64-06a66362a160,206617474,2022
2022-04-18,2022_04_18_DMLST.tif,4d1f9321-4fc0-42f3-b89a-5be264dc6621,206892316,2022
2022-04-19,2022_04_19_DMLST.tif,27909b1f-d7a3-4112-8ee3-d7d7afc03210,206857938,2022
2022-04-20,2022_04_20_DMLST.tif,3019a1cc-2354-42cb-8962-0405cabce1b2,205958276,2022
2022-04-21,2022_04_21_DMLST.tif,97806ed6-711f-45df-a503-1802d7d3c7d8,205634856,2022
2022-04-22,2022_04_22_DMLST.tif,efe60745-e2c3-4a25-9920-52f00128e7e6,205169453,2022
2022-04-23,2022_04_23_DMLST.tif,6394739f-b5c1-4591-a7f1-1d50a071139e,204850572,2022
2022-04-24,2022_04_24_DMLST.tif,9c8128bc-8102-48ad-b415-4aa4d0d85791,205094348,2022
2022-04-25,2022_04_25_DMLST.tif,8daaf31c-22d6-496b-b4bc-cc4087476c5e,205122303,2022
2022-04-26,2022_04_26_DMLST.tif,34ee87d2-780e-4395-b909-af807494d18b,205331085,2022
2022-04-27,2022_04_27_DMLST.tif,11cba5d2-16ee-4cfd-9cfc-665427db24c8,205550431,2022
2022-04-28,2022_04_28_DMLST.tif,8f8c09cf-2e58-4e7b-af4f-63a72b66d2df,206379674,2022
2022-04-29,2022_04_29_DMLST.tif,1dcae537-58a7-4b40-acda-77ca1ff313d4,206544398,2022
2022-04-30,2022_04_30_DMLST.tif,1df66e7e-3031-473c-88e8-965fbf078909,206193672,2022
2022-05-01,2022_05_01_DMLST.tif,b212b7a1-dfac-45f5-99de-d3f1141f272e,205924473,2022
2022-05-02,2022_05_02_DMLST.tif,d2626d30-d4f3-479a-875a-e99232079f8d,205999980,2022
2022-05-03,2022_05_03_DMLST.tif,8c864cff-bc42-4750-a386-a4db98710e9f,205906574,2022
2022-05-04,2022_05_04_DMLST.tif,5d17c11f-f16e-43a5-8fbb-fe24f0abcb4c,206171339,2022
2022-05-05,2022_05_05_DMLST.tif,3adc90cd-5818-4611-8ddd-f14d32541cc3,206201723,2022
2022-05-06,2022_05_06_DMLST.tif,cd7dbc6e-d389-42f5-99a1-83bc0ab6a361,206384076,2022
2022-05-07,2022_05_07_DMLST.tif,5575ef28-0dbe-4c72-a6e0-0bcffa907934,206516386,2022
2022-05-08,2022_05_08_DMLST.tif,6c87af3a-3b70-47ca-88b4-430fabd56254,206134447,2022
2022-05-09,2022_05_09_DMLST.tif,7ef15f86-312a-42f7-be35-9adbe231125b,206111973,2022
2022-05-10,2022_05_10_DMLST.tif,ffdd2ab9-ce23-493b-8ce3-9d31a795fa8a,206193040,2022
2022-05-11,2022_05_11_DMLST.tif,0d277445-eaf9-47c6-a483-7475a4f28987,206154885,2022
2022-05-12,2022_05_12_DMLST.tif,ebbb68f3-42ea-4e4f-b5e7-e7b6200467ee,206254593,2022
2022-05-13,2022_05_13_DMLST.tif,808a8446-e97b-40aa-aba1-8ca68d283d18,206202919,2022
2022-05-14,2022_05_14_DMLST.tif,ca6e4037-520a-4605-adf6-78b3e34bf45d,206983437,2022
2022-05-15,2022_05_15_DMLST.tif,c2cb776f-f17e-47f3-a332-6da2e726f330,207017391,2022
2022-05-16,2022_05_16_DMLST.tif,860d9df7-95f4-4cf4-9b14-4d714b5fd412,207099895,2022
2022-05-17,2022_05_17_DMLST.tif,d28ad49c-e3cb-4159-a56b-639c6fdd7cf8,206900420,2022
2022-05-18,2022_05_18_DMLST.tif,6e9ba419-57e3-4cce-b298-37ba2623dacd,206963443,2022
2022-05-19,2022_05_19_DMLST.tif,9ba562b4-04cc-4546-bb44-8eeaf5604e04,206853501,2022
2022-05-20,2022_05_20_DMLST.tif,c6a0542d-fde2-4964-9ad3-ce09e99be8c1,207176442,2022
2022-05-21,2022_05_21_DMLST.tif,ee82806e-7cde-46bb-8b64-e982b31d3919,207668584,2022
2022-05-22,2022_05_22_DMLST.tif,c9545588-da69-4a5a-89c5-5545fd247fd8,206737675,2022
2022-05-23,2022_05_23_DMLST.tif,380e4bcb-1ef0-484a-b1bc-517744efbd18,206308612,2022
2022-05-24,2022_05_24_DMLST.tif,033bce04-4ce6-4680-9b73-18df744184a8,206516150,2022
2022-05-25,2022_05_25_DMLST.tif,7b725b90-d8ce-46a5-90f6-a8234861d623,206295804,2022
2022-05-26,2022_05_26_DMLST.tif,dfea27b3-3fd8-4b82-8f97-e9b7908eeaa1,205881970,2022
2022-05-27,2022_05_27_DMLST.tif,e2afe56a-7882-4dfa-8706-f0d148785eb0,205583941,2022
2022-05-28,2022_05_28_DMLST.tif,25ba92c8-c9b1-43d7-876c-11aae5480c4a,205804513,2022
2022-05-29,2022_05_29_DMLST.tif,409385e2-db05-4b40-87c6-7f72ba3dc389,205387157,2022
2022-05-30,2022_05_30_DMLST.tif,ef5a44de-6e38-4163-b26c-db10d4704eda,205255309,2022
2022-05-31,2022_05_31_DMLST.tif,8b7b583e-80b5-45cd-8cde-8a1c6f145c51,205441330,2022
2022-06-01,2022_06_01_DMLST.tif,91750252-445e-454c-a3d6-8427f0e93ae1,205507845,2022
2022-06-02,2022_06_02_DMLST.tif,23b1234b-c1cc-4877-adf9-a97e28050f6d,205535715,2022
2022-06-03,2022_06_03_DMLST.tif,262e6cf8-77c8-47e3-a6a6-c792d85834cd,205775008,2022
2022-06-04,2022_06_04_DMLST.tif,76466f88-a340-4b67-a160-bbcf6c604662,205424461,2022
2022-06-05,2022_06_05_DMLST.tif,88103cb2-72e4-4fc5-93da-050938a5deef,205562625,2022
2022-06-06,2022_06_06_DMLST.tif,ac4a096c-c71a-467d-b02f-1d93e5b9d051,205257197,2022
2022-06-07,2022_06_07_DMLST.tif,0f6b12f1-fce2-4e3b-9629-336ab27f4a98,203785459,2022
2022-06-08,2022_06_08_DMLST.tif,9b509906-4cc3-4701-9618-24bd97ce6d1f,203846114,2022
2022-06-09,2022_06_09_DMLST.tif,b3234f8a-daff-46ba-9af4-ed5dee7f653c,203964457,2022
2022-06-10,2022_06_10_DMLST.tif,a28cc0ad-d654-48f0-9474-0a5072f208ca,203796372,2022
2022-06-11,2022_06_11_DMLST.tif,8b81b21d-6a89-458b-9284-d3ba61cc6c4a,204390511,2022
2022-06-12,2022_06_12_DMLST.tif,eedfd210-70c2-4853-8451-691be0f5181a,204274132,2022
2022-06-13,2022_06_13_DMLST.tif,938a6e8d-f3da-4f5f-adf1-df2354383053,204708032,2022
2022-06-14,2022_06_14_DMLST.tif,2bd1afc8-6ce2-4044-8fdf-1a8675d7f87c,204429394,2022
2022-06-15,2022_06_15_DMLST.tif,b1c9ce59-8675-4788-aaae-c1db5a4e2704,204414804,2022
2022-06-16,2022_06_16_DMLST.tif,29ecb578-1ee4-4cd3-b78d-fc35ad9a3f67,204360118,2022
2022-06-17,2022_06_17_DMLST.tif,6d031a82-6c60-4ce8-8285-4e64c94bbd03,204499057,2022
2022-06-18,2022_06_18_DMLST.tif,138684e8-fda2-4909-b255-2b9e14234ed2,204838754,2022
2022-06-19,2022_06_19_DMLST.tif,3486d8bd-65af-41a9-becb-ce117b2e5178,204864293,2022
2022-06-20,2022_06_20_DMLST.tif,de46788e-338b-44e7-ab7f-3b89176b556c,204663185,2022
2022-06-21,2022_06_21_DMLST.tif,60f9371d-ad9d-4c64-bc17-e94a6d03f4ff,204753883,2022
2022-06-22,2022_06_22_DMLST.tif,e47afebb-9e07-4b29-89d4-7ed25db80248,204293106,2022
2022-06-23,2022_06_23_DMLST.tif,f2d18e45-a20a-473e-b8f8-eff3f4e2bdcb,202684859,2022
2022-06-24,2022_06_24_DMLST.tif,2f129033-6386-4517-b5ae-2fa6ec662938,202327857,2022
2022-06-25,2022_06_25_DMLST.tif,d676257b-ba91-423c-9cd9-c9da92afaf20,202304807,2022
2022-06-26,2022_06_26_DMLST.tif,ae0d9e44-f694-4176-af79-7bc8212e8a43,202254295,2022
2022-06-27,2022_06_27_DMLST.tif,d2e3bc13-68f6-49c2-a9a5-2463961f73a5,202041153,2022
2022-06-28,2022_06_28_DMLST.tif,05729180-b93a-49f8-bb8d-aa8cdb879c49,202137174,2022
2022-06-29,2022_06_29_DMLST.tif,fdded1e4-4553-48a4-ac00-7d5303542f57,202214640,2022
2022-06-30,2022_06_30_DMLST.tif,3fab13df-77ff-4b06-a6eb-fb9b78731a27,202270211,2022
2022-07-01,2022_07_01_DMLST.tif,9e16c2da-7fee-4683-8a32-69e4d17a25c1,203382116,2022
2022-07-02,2022_07_02_DMLST.tif,51756456-d368-4039-b9a2-234a6cc2c68d,203650069,2022
2022-07-03,2022_07_03_DMLST.tif,78bedfbc-095c-4bd7-9f54-da4280c33064,203827588,2022
2022-07-04,2022_07_04_DMLST.tif,b523129c-024b-4d36-badd-4f5069809010,204563357,2022
2022-07-05,2022_07_05_DMLST.tif,f4e1df0a-d430-465a-8795-b5c5233906c6,204457122,2022
2022-07-06,2022_07_06_DMLST.tif,a3ba21e8-d8d4-44b0-b872-ab55f9463f41,204404680,2022
2022-07-07,2022_07_07_DMLST.tif,71e830fb-fc23-4351-b5a1-6e0753708646,204563131,2022
2022-07-08,2022_07_08_DMLST.tif,0fbad49e-57e8-4207-9a57-3139804913de,204626300,2022
2022-07-09,2022_07_09_DMLST.tif,98d5fed8-09dd-4658-a847-13d24d4ed88a,203504984,2022
2022-07-10,2022_07_10_DMLST.tif,260cbf68-ec8c-4fd3-accf-444d6b416202,203882801,2022
2022-07-11,2022_07_11_DMLST.tif,065de230-407a-42fd-acbb-f543ed7f7994,203883148,2022
2022-07-12,2022_07_12_DMLST.tif,48d49236-ce9d-427c-966c-0686b18c3944,203328117,2022
2022-07-13,2022_07_13_DMLST.tif,b7243fd7-b406-434f-b5a3-283eb19afbec,203359879,2022
2022-07-14,2022_07_14_DMLST.tif,bbe09396-74aa-4feb-a5d0-c6f3d2790778,203407232,2022
2022-07-15,2022_07_15_DMLST.tif,a3f9dcd7-10b9-41f8-b315-70efd3e4fedd,203313457,2022
2022-07-16,2022_07_16_DMLST.tif,2fa32aee-3a2c-43d9-b5bd-bb81209ba20a,202614063,2022
2022-07-17,2022_07_17_DMLST.tif,11e31642-d364-4cf5-a6da-ef56a2c28d99,203827384,2022
2022-07-18,2022_07_18_DMLST.tif,3f5caba6-1c97-4cb6-80f5-0ece3db1cd4d,203713634,2022
2022-07-19,2022_07_19_DMLST.tif,89843769-709d-4a65-8717-a28468f8c8bf,203586593,2022
2022-07-20,2022_07_20_DMLST.tif,5eb6b8d6-8bb0-421b-a1b1-a08222d4eb15,203786217,2022
2022-07-21,2022_07_21_DMLST.tif,6133b41f-3fce-472c-b31f-8b30db4fad8c,203768858,2022
2022-07-22,2022_07_22_DMLST.tif,e4b87451-c194-42fa-b36a-69d3023ee049,203423177,2022
2022-07-23,2022_07_23_DMLST.tif,6e05eff0-b669-4649-8e9e-fbcae7b70bf6,202459676,2022
2022-07-24,2022_07_24_DMLST.tif,7cd203fc-30a1-47c9-bcab-14bebeb401fc,202597218,2022
2022-07-25,2022_07_25_DMLST.tif,09a43782-09b8-4650-84c0-c6baef26bd65,201681153,2022
2022-07-26,2022_07_26_DMLST.tif,565ad9d0-8d34-4f48-b16b-3ea2218e5c32,202002036,2022
2022-07-27,2022_07_27_DMLST.tif,e770f439-ceee-47c1-b7ce-944024542e85,202160187,2022
2022-07-28,2022_07_28_DMLST.tif,791803c2-6950-42f3-8a69-8caff8594a89,201982845,2022
2022-07-29,2022_07_29_DMLST.tif,aa1cd442-ac6b-4886-994c-86d8992b7df9,201968632,2022
2022-07-30,2022_07_30_DMLST.tif,8cfaabd3-ca4a-4eb0-9965-2005989e4822,202126002,2022
2022-07-31,2022_07_31_DMLST.tif,5f1571a7-91cb-428d-a91b-1bfb4ddb0219,202026743,2022
2022-08-01,2022_08_01_DMLST.tif,78c2a56b-f1be-4273-ab50-bbd7fe273fb2,202052567,2022
2022-08-02,2022_08_02_DMLST.tif,8fda6dad-edc5-475f-bde8-e5b7a4d39169,203302173,2022
2022-08-03,2022_08_03_DMLST.tif,0903730e-0669-4a34-88cd-4e164b8ca6ac,202983221,2022
2022-08-04,2022_08_04_DMLST.tif,90801a31-e557-4652-b1c5-05a5821c3a8c,202586168,2022
2022-08-05,2022_08_05_DMLST.tif,1153b2dc-9c35-49ba-b9bb-1c7bfde16088,202598691,2022
2022-08-06,2022_08_06_DMLST.tif,1af158bb-d4a0-4163-b036-5457f3f2267a,202394524,2022
2022-08-07,2022_08_07_DMLST.tif,abeb01f0-7b80-45b9-b515-efa82206c6f1,202180495,2022
2022-08-08,2022_08_08_DMLST.tif,0b33b791-be7e-42c2-acc0-621921aa790b,202025264,2022
2022-08-09,2022_08_09_DMLST.tif,fc740806-ea2c-44ec-990a-59bc5c8d9e7f,202272459,2022
2022-08-10,2022_08_10_DMLST.tif,64865314-c7e9-43b6-9b90-2b161db8bc86,201942415,2022
2022-08-11,2022_08_11_DMLST.tif,3eaa75c6-2b00-4d7a-970e-d05ceb3c2da0,202129573,2022
2022-08-12,2022_08_12_DMLST.tif,ff3ba4df-96cb-48a5-8cce-449edc0f8455,201858330,2022
2022-08-13,2022_08_13_DMLST.tif,6be07436-ae78-48a5-8a13-43d880a72892,201946441,2022
2022-08-14,2022_08_14_DMLST.tif,2a3928a4-df8f-42d4-8150-2b8d27830867,201703728,2022
2022-08-15,2022_08_15_DMLST.tif,3fb9308d-9be1-4936-b364-3525a423aba8,201342544,2022
2022-08-16,2022_08_16_DMLST.tif,5a80ddf0-bce6-4f84-9399-c7890d7d0f26,201160892,2022
2022-08-17,2022_08_17_DMLST.tif,791963ca-e285-473c-b5a5-898565ee297c,201129716,2022
2022-08-18,2022_08_18_DMLST.tif,17797c45-a80e-41d1-aad6-c702e8418157,202662355,2022
2022-08-19,2022_08_19_DMLST.tif,c6b90490-7667-4f0a-8853-05a85a246573,203538995,2022
2022-08-20,2022_08_20_DMLST.tif,8e379120-8585-4195-a33f-681cc082444b,204320426,2022
2022-08-21,2022_08_21_DMLST.tif,52584ac3-c8a1-46fa-bab6-d4215d762b6e,204290061,2022
2022-08-22,2022_08_22_DMLST.tif,7cdae3f6-e733-4094-8fee-7f73cbca7df4,203988252,2022
2022-08-23,2022_08_23_DMLST.tif,066ee615-4ad9-4cb6-9779-c31a903b6885,203906818,2022
2022-08-24,2022_08_24_DMLST.tif,6850c1ee-84d0-4b16-a349-f46ac161e896,203915410,2022
2022-08-25,2022_08_25_DMLST.tif,2608434a-f8c6-4122-8f37-fec670b52345,203864376,2022
2022-08-26,2022_08_26_DMLST.tif,c5c4bd35-1253-411e-a23b-daac64869831,202611476,2022
2022-08-27,2022_08_27_DMLST.tif,94062a9c-be9f-4f39-90b4-6fecf8b54c6e,202536608,2022
2022-08-28,2022_08_28_DMLST.tif,36d43da7-3b62-43a9-ac50-3f745cf520b7,202826972,2022
2022-08-29,2022_08_29_DMLST.tif,a31c15f3-c05b-45a7-9e9d-471230613cb6,202908144,2022
2022-08-30,2022_08_30_DMLST.tif,83a838a5-98ca-4708-b5d6-293d7c17f3a0,202398514,2022
2022-08-31,2022_08_31_DMLST.tif,c0d2faca-9e1e-4168-b2d3-a479cf65ff6c,201943220,2022
2022-09-01,2022_09_01_DMLST.tif,82733d57-26ef-4376-9df0-72824416a0c9,202058562,2022
2022-09-02,2022_09_02_DMLST.tif,506ee96a-4c7c-49cb-9087-ab34b4d2c705,202195031,2022
2022-09-03,2022_09_03_DMLST.tif,a3ecf30b-f1b4-4cfb-af62-13acdf3b2902,203877073,2022
2022-09-04,2022_09_04_DMLST.tif,a1f7a4fb-103f-42fa-9450-e59b710bacbe,203775959,2022
2022-09-05,2022_09_05_DMLST.tif,de0f139a-0209-42d5-bb4a-a0db9b960526,203445868,2022
2022-09-06,2022_09_06_DMLST.tif,6def7c94-92a3-4469-8008-aaeba54fecce,203290674,2022
2022-09-07,2022_09_07_DMLST.tif,48698876-a1ec-4bdc-bed1-a9ce3ca13e85,203400470,2022
2022-09-08,2022_09_08_DMLST.tif,3afc7848-e4ab-45c6-8baf-a1942d21c08f,203437532,2022
2022-09-09,2022_09_09_DMLST.tif,bdb140ea-8fca-4625-a586-483b4418a6c1,203352556,2022
2022-09-10,2022_09_10_DMLST.tif,e46ca478-67ac-40df-a251-e3e736d39c97,203753274,2022
2022-09-11,2022_09_11_DMLST.tif,38658b3e-f247-4bc7-acee-10bee447bd8e,203166644,2022
2022-09-12,2022_09_12_DMLST.tif,4211f7d9-e720-4b4e-8c0e-436ebabf7344,203014571,2022
2022-09-13,2022_09_13_DMLST.tif,93f63f01-d723-4a8e-acac-b898ae009077,203106885,2022
2022-09-14,2022_09_14_DMLST.tif,d7ee4fd9-0256-471f-aaee-0c3c4eaa4446,202867459,2022
2022-09-15,2022_09_15_DMLST.tif,fbbdd6ed-2d24-422a-839f-1ea2055d269c,203116512,2022
2022-09-16,2022_09_16_DMLST.tif,6e9202b1-596c-4ec5-835b-2cff1e4f2aa6,203408156,2022
2022-09-17,2022_09_17_DMLST.tif,3b0601ac-1f61-473a-bc98-d288275c1221,203438406,2022
2022-09-18,2022_09_18_DMLST.tif,86f73bbe-1f9e-4e73-9820-ab31abc8731f,203243324,2022
2022-09-19,2022_09_19_DMLST.tif,0aff9d88-d168-46ab-baf8-1424fbf44c39,204888874,2022
2022-09-20,2022_09_20_DMLST.tif,24e32bbb-48f8-4d76-bf6a-70fb61aa2de9,204854720,2022
2022-09-21,2022_09_21_DMLST.tif,3d6542bb-44a6-49cb-8590-57a8a1baa217,205019137,2022
2022-09-22,2022_09_22_DMLST.tif,3b317d95-7d04-4b04-bb55-08303cfe6861,205015682,2022
2022-09-23,2022_09_23_DMLST.tif,1824e373-6494-4d49-9058-e4209908a81d,204941537,2022
2022-09-24,2022_09_24_DMLST.tif,4c3f2970-c509-40d0-b964-a1ce371401df,204746901,2022
2022-09-25,2022_09_25_DMLST.tif,e13f3803-47e8-4831-91c4-17e18fb802aa,204058719,2022
2022-09-26,2022_09_26_DMLST.tif,d99a6a65-c81e-4bf2-9be8-9690be35f605,203606027,2022
2022-09-27,2022_09_27_DMLST.tif,c982b957-6089-4ab3-b80f-0436fd8f3313,203230846,2022
2022-09-28,2022_09_28_DMLST.tif,ac2a3f47-9a7a-457c-ab4a-c1b99a1e0e04,203623821,2022
2022-09-29,2022_09_29_DMLST.tif,57120527-97dd-4968-aec3-b25c5ccd1d84,203987890,2022
2022-09-30,2022_09_30_DMLST.tif,6253ff5a-a538-45da-9872-4311563fe21b,204147666,2022
2022-10-01,2022_10_01_DMLST.tif,7538b012-4035-408f-a645-dfe816a0ace8,204629099,2022
2022-10-02,2022_10_02_DMLST.tif,0b6a7d59-a1aa-40f1-b8ce-9d6e4a1baec7,205058385,2022
2022-10-03,2022_10_03_DMLST.tif,f8c088cd-ab6a-41de-a803-9e62b5a14906,205055766,2022
2022-10-04,2022_10_04_DMLST.tif,ac52365a-1917-47d5-859c-8625be43a999,204839043,2022
2022-10-05,2022_10_05_DMLST.tif,8a9ce233-7fe3-4e41-8cd6-d658d03fa951,205963067,2022
2022-10-06,2022_10_06_DMLST.tif,f4fa57bd-789f-4adb-b90e-c7728feb464f,206367016,2022
2022-10-07,2022_10_07_DMLST.tif,bb76d0f9-bc5b-4da9-a2dd-bb4906cbc1f6,206955056,2022
2022-10-08,2022_10_08_DMLST.tif,48974a6c-549b-4727-bca4-2f35f7e9be79,207251933,2022
2022-10-09,2022_10_09_DMLST.tif,331f094d-81bc-4e24-a2c2-dca5fd57edf2,207348251,2022
2022-10-10,2022_10_10_DMLST.tif,503be6b8-00ad-41ad-8d2f-e0f43acae45f,207634616,2022
2022-10-11,2022_10_11_DMLST.tif,9f5bb118-a3d4-4729-ac09-5f317c99e37c,207703335,2022
2022-10-12,2022_10_12_DMLST.tif,9d003e50-798a-48f8-b998-a2b063f50bc6,207343746,2022
2022-10-13,2022_10_13_DMLST.tif,75e14de8-e15b-4234-98a7-635b6ee1b050,208511430,2022
2022-10-14,2022_10_14_DMLST.tif,5ad02932-9767-490f-967f-8a955e88f1e0,208512013,2022
2022-10-15,2022_10_15_DMLST.tif,9e480b1f-a064-4092-8bf2-e64c216058fa,208487599,2022
2022-10-16,2022_10_16_DMLST.tif,e236025e-4806-4f9b-a97c-212c5d60f5c1,208485691,2022
2022-10-17,2022_10_17_DMLST.tif,d25dc12b-6282-4433-87d9-458f536e0905,208586206,2022
2022-10-18,2022_10_18_DMLST.tif,0eefa361-17a9-4436-a2e9-f1e8ea140897,208866827,2022
2022-10-19,2022_10_19_DMLST.tif,f0e588d2-7c64-40a7-9acd-1be630a6b6b8,209027206,2022
2022-10-20,2022_10_20_DMLST.tif,313389d8-caf8-4bef-98a9-d1121fdaa890,208703633,2022
2022-10-21,2022_10_21_DMLST.tif,fe63f52e-7d45-473b-b2e3-c99cb0c50954,208386446,2022
2022-10-22,2022_10_22_DMLST.tif,989fb432-a571-4889-addc-64c5dabc6d2e,208268381,2022
2022-10-23,2022_10_23_DMLST.tif,c7e176b0-f888-4497-9f17-1f790b9f65d6,207824879,2022
2022-10-24,2022_10_24_DMLST.tif,cddce79f-8b3d-450a-b1f0-b731f6cf84c0,207974208,2022
2022-10-25,2022_10_25_DMLST.tif,5e9f85f8-3b3f-4eaf-bac5-e148052244aa,207737082,2022
2022-10-26,2022_10_26_DMLST.tif,100539a4-b5d7-4f22-9c47-f3211083e334,207194637,2022
2022-10-27,2022_10_27_DMLST.tif,71a33e0b-9fd5-45d1-a51d-fb70b30d6f4b,207031613,2022
2022-10-28,2022_10_28_DMLST.tif,948f752d-c567-40a1-a759-311e3ce58ca6,207619398,2022
2022-10-29,2022_10_29_DMLST.tif,eec9b80d-b74e-4d1b-b54d-138b8b760209,208035016,2022
2022-10-30,2022_10_30_DMLST.tif,2531c860-ae49-47c2-bd6e-128b9ea324b5,207571782,2022
2022-10-31,2022_10_31_DMLST.tif,aebb42d8-1bd0-4ff1-b07a-e74b2509d217,207383141,2022
2022-11-01,2022_11_01_DMLST.tif,06de01ea-6127-4b34-a183-94914eafe446,208100352,2022
2022-11-02,2022_11_02_DMLST.tif,8ae3702b-a60c-432a-8b52-b8c867264a3b,208241576,2022
2022-11-03,2022_11_03_DMLST.tif,05d04e30-0bf6-40b9-aa85-81701423ddc4,208253332,2022
2022-11-04,2022_11_04_DMLST.tif,c8aa2907-66cb-451b-bcd6-ab6885c23f05,208319695,2022
2022-11-05,2022_11_05_DMLST.tif,f230a25c-6f13-40a2-8019-092f0849f4af,207886331,2022
2022-11-06,2022_11_06_DMLST.tif,4c7be788-c42f-4f49-998a-c3b20537a8d0,208314696,2022
2022-11-07,2022_11_07_DMLST.tif,386845cf-f87e-4853-b154-71167b5095a5,208022947,2022
2022-11-08,2022_11_08_DMLST.tif,73483e14-b77b-4876-825e-d7a91c9cf8b0,208216312,2022
2022-11-09,2022_11_09_DMLST.tif,42e476f1-bea8-458b-9180-4c56118fa782,208111257,2022
2022-11-10,2022_11_10_DMLST.tif,36a82bc6-a5e0-4568-87ef-f46405d51c2c,207996617,2022
2022-11-11,2022_11_11_DMLST.tif,29e69e8e-9567-4ea8-a589-43ad2815b566,207573971,2022
2022-11-12,2022_11_12_DMLST.tif,dce3fac1-18ba-4d28-8e54-261bb1c206c5,207725908,2022
2022-11-13,2022_11_13_DMLST.tif,98f037f8-3112-4144-8c38-3608755ec691,207331884,2022
2022-11-14,2022_11_14_DMLST.tif,b96573e2-1f94-4786-b6ff-cecb342b7dda,206441635,2022
2022-11-15,2022_11_15_DMLST.tif,a34b2c0e-1a98-42fa-8bdb-86a26688ee5b,206737859,2022
2022-11-16,2022_11_16_DMLST.tif,5151e72e-787c-4bdb-aaa1-38842f4dde69,207123143,2022
2022-11-17,2022_11_17_DMLST.tif,ca88af60-8a3c-4e62-95e5-fd66897f32bc,207237269,2022
2022-11-18,2022_11_18_DMLST.tif,192df509-e3c2-45c8-a0ae-1d8bd9077ab2,206658187,2022
2022-11-19,2022_11_19_DMLST.tif,aa5a14e1-c7b7-4414-974e-655c2c743f74,206351329,2022
2022-11-20,2022_11_20_DMLST.tif,ec520b93-d609-4235-9ab8-9cf06ebb871a,206310836,2022
2022-11-21,2022_11_21_DMLST.tif,57de93dc-c409-4d9f-879a-a0d4e0a47261,206634979,2022
2022-11-22,2022_11_22_DMLST.tif,75f19cb3-c4ed-4d06-b087-f4eb9337c174,206991737,2022
2022-11-23,2022_11_23_DMLST.tif,467f38f7-e4f2-4532-89bd-00141545958e,207018330,2022
2022-11-24,2022_11_24_DMLST.tif,cc6e4f20-0bec-4225-b27c-36bb47f781bb,206698346,2022
2022-11-25,2022_11_25_DMLST.tif,42f08c0c-c98a-45e4-a112-fd4b47ba1616,205936063,2022
2022-11-26,2022_11_26_DMLST.tif,8148a1cc-5cd5-4db6-a282-78a2807b28b3,205603806,2022
2022-11-27,2022_11_27_DMLST.tif,21b601ca-1267-480f-993a-93347e326436,205130307,2022
2022-11-28,2022_11_28_DMLST.tif,3b41ff51-9aca-44c0-99a9-6b39eb3c837f,204571051,2022
2022-11-29,2022_11_29_DMLST.tif,d1920dc3-7f0d-4d65-a8c5-cb1e0b42ddc7,204456800,2022
2022-11-30,2022_11_30_DMLST.tif,6b46d7c7-dc41-4d7b-be26-40ba92137d2f,203690849,2022
2022-12-01,2022_12_01_DMLST.tif,07fc086e-3793-4ac6-b798-dad5d781a296,203749476,2022
2022-12-02,2022_12_02_DMLST.tif,10bbea60-df82-48ad-8276-c02e6cbf56b9,203460483,2022
2022-12-03,2022_12_03_DMLST.tif,e0e9693a-b8e1-4133-b674-f3e21fc15662,203318353,2022
2022-12-04,2022_12_04_DMLST.tif,248592a3-0f25-42bb-91f0-2ba2e28acad0,203639932,2022
2022-12-05,2022_12_05_DMLST.tif,b48a30c6-2155-4821-ae0e-937a17e6757b,203153914,2022
2022-12-06,2022_12_06_DMLST.tif,ae0d7303-3b58-4d50-8e4a-796dd08841ba,202884286,2022
2022-12-07,2022_12_07_DMLST.tif,99bd82d3-7544-4aeb-9c43-6f2a8912bdfe,202908403,2022
2022-12-08,2022_12_08_DMLST.tif,cbcf2a16-f40b-4063-bfda-53ee35e00b48,203276985,2022
2022-12-09,2022_12_09_DMLST.tif,45ab5e55-ac8e-4536-80c5-723da0d53b8b,202969584,2022
2022-12-10,2022_12_10_DMLST.tif,04745caf-99e7-4030-8c7f-040a50e59c87,202265119,2022
2022-12-11,2022_12_11_DMLST.tif,6922eb94-4be8-43a7-be11-0331232fb24c,202428282,2022
2022-12-12,2022_12_12_DMLST.tif,8e7ecfcf-b9b2-41c1-93a6-aa7290c195e4,202874462,2022
2022-12-13,2022_12_13_DMLST.tif,caaa6ebe-332d-492d-8ad3-4763f3961e09,203311199,2022
2022-12-14,2022_12_14_DMLST.tif,2aeac1b1-936a-4249-b0b9-887de83285ac,203072048,2022
2022-12-15,2022_12_15_DMLST.tif,4e5fb236-6065-4d4e-8483-5c76d1c83d8f,202912324,2022
2022-12-16,2022_12_16_DMLST.tif,73351012-0c40-485a-b2ce-3f1e8d7b322b,203239707,2022
2022-12-17,2022_12_17_DMLST.tif,191a7ae4-54ef-4b41-b01f-1a4da250696b,203111891,2022
2022-12-18,2022_12_18_DMLST.tif,6848d228-7a82-47bb-a73c-bf4bb2b16455,203097110,2022
2022-12-19,2022_12_19_DMLST.tif,0ce5e41f-5b92-4b5e-8fbf-4f61865d6e82,203424872,2022
2022-12-20,2022_12_20_DMLST.tif,a20adc0b-b4f6-4269-a09e-01d21a0c2a60,203480752,2022
2022-12-21,2022_12_21_DMLST.tif,0fb07f32-439c-4ed4-80c6-de3cc1fbc2ab,203708296,2022
2022-12-22,2022_12_22_DMLST.tif,88e63e1e-b103-464f-8f8e-48ab9833652e,204117575,2022
2022-12-23,2022_12_23_DMLST.tif,57db8c1e-6caf-4224-b588-dd5224d5e346,204443335,2022
2022-12-24,2022_12_24_DMLST.tif,4fca7111-4461-4ea8-9d71-3063675ddb26,204852999,2022
2022-12-25,2022_12_25_DMLST.tif,ff00962a-bcbf-4487-8ef7-93f1fa888af6,204912428,2022
2022-12-26,2022_12_26_DMLST.tif,4b63d30d-7bd6-4ae8-8d1e-53b32de60175,204669995,2022
2022-12-27,2022_12_27_DMLST.tif,25308a50-a404-41ba-a2ee-9e1669701072,205098183,2022
2022-12-28,2022_12_28_DMLST.tif,ff705ea1-53a3-48a2-a0bc-0c2ed2d7cc71,205831844,2022
2022-12-29,2022_12_29_DMLST.tif,b687eaee-26c9-440b-84c7-c4e94d424e6f,206115307,2022
2022-12-30,2022_12_30_DMLST.tif,72ed6871-1b61-4d21-8de6-ecac3f44ceba,205470302,2022
2022-12-31,2022_12_31_DMLST.tif,90f5b6be-d079-40a1-8059-2a979279f89c,205107833,2022
2023-01-01,2023_01_01_DMLST.tif,c3cf75f9-537b-4e06-8f8f-f04039c2b7fd,204291359,2023
2023-01-02,2023_01_02_DMLST.tif,5e866019-42c9-45b7-bc50-13b6150535e2,204718914,2023
2023-01-03,2023_01_03_DMLST.tif,e5a96c66-b9cb-401d-a0b9-2ea3233dcf07,204777005,2023
2023-01-04,2023_01_04_DMLST.tif,0c38cfa1-98d8-4d6d-afbf-28cf88aa0489,204755962,2023
2023-01-05,2023_01_05_DMLST.tif,8a174e62-2008-4f2c-b984-012796940880,204721452,2023
2023-01-06,2023_01_06_DMLST.tif,687d2e16-89fc-4095-81bf-2e0f03a9c26f,204327518,2023
2023-01-07,2023_01_07_DMLST.tif,f496c772-7d05-4459-82cc-00236cf17945,204011821,2023
2023-01-08,2023_01_08_DMLST.tif,46a71990-643a-42a8-9d29-8961407e2835,203673261,2023
2023-01-09,2023_01_09_DMLST.tif,76261d8f-7416-4426-8494-a83c9239a6fa,203726651,2023
2023-01-10,2023_01_10_DMLST.tif,022a142e-ae1d-4146-81bf-c32bcb4975b3,203650952,2023
2023-01-11,2023_01_11_DMLST.tif,e5ae17c8-a043-44b7-904c-8393f95ce7af,202946853,2023
2023-01-12,2023_01_12_DMLST.tif,0d00bb15-7256-49ce-b4ac-fdc361d6c478,202219696,2023
2023-01-13,2023_01_13_DMLST.tif,f0f665a3-8912-417e-aa9b-132b476a935f,201249303,2023
2023-01-14,2023_01_14_DMLST.tif,91247948-6953-4882-9932-6e8e8dcca2b8,201247693,2023
2023-01-15,2023_01_15_DMLST.tif,c714ec12-aa97-4bb7-aaff-c54555d0e3f9,201534435,2023
2023-01-16,2023_01_16_DMLST.tif,84b65994-e25b-4561-a290-bebb6d72a5c2,201886437,2023
2023-01-17,2023_01_17_DMLST.tif,5b2c2cf5-4bf0-472c-b81c-b4dcbe3cb349,202111939,2023
2023-01-18,2023_01_18_DMLST.tif,c6ecbf4e-246a-4b70-beeb-486b1f9c0a1d,202209641,2023
2023-01-19,2023_01_19_DMLST.tif,07b6f6ed-e9db-48e4-8e32-e799f993bdc9,202334302,2023
2023-01-20,2023_01_20_DMLST.tif,221100e1-ae5c-4ea6-a262-36d932e8ca82,202333892,2023
2023-01-21,2023_01_21_DMLST.tif,0602f1c2-48cc-4dc3-aadb-a2ba8f6a6433,202036662,2023
2023-01-22,2023_01_22_DMLST.tif,ec25888a-946e-4667-9416-3a1f4e11d625,201431835,2023
2023-01-23,2023_01_23_DMLST.tif,c98b666a-5954-435c-adf3-fe4de3328765,201245232,2023
2023-01-24,2023_01_24_DMLST.tif,3011142d-f455-4b03-b147-0aff49ef0278,201306993,2023
2023-01-25,2023_01_25_DMLST.tif,1d06c430-326f-4e77-8e71-0bac2f2c7c03,201343326,2023
2023-01-26,2023_01_26_DMLST.tif,52fa8a28-68d1-4da8-ba1a-9e1633a4b2b4,201934320,2023
2023-01-27,2023_01_27_DMLST.tif,e9be7f84-da20-4249-b65f-49d6ced135c2,202782533,2023
2023-01-28,2023_01_28_DMLST.tif,1045a4dd-af2b-4df7-b6d6-1c4b8502130a,203095471,2023
2023-01-29,2023_01_29_DMLST.tif,2ce33f01-7c84-43fa-a705-2e9055efa057,203404251,2023
2023-01-30,2023_01_30_DMLST.tif,65c904b8-6413-4e32-b0ba-58c5f2fafffd,203825037,2023
2023-01-31,2023_01_31_DMLST.tif,e4156079-22db-4d95-9707-a952d18d5682,203350763,2023
2023-02-01,2023_02_01_DMLST.tif,c5efc75f-0b20-4cd3-be26-556267092211,203219956,2023
2023-02-02,2023_02_02_DMLST.tif,b15edfcd-ad5c-4e27-8975-49f2ce07f110,203240293,2023
2023-02-03,2023_02_03_DMLST.tif,29d6a0f6-c206-4dc8-aa9b-c041a3bc67b8,203426521,2023
2023-02-04,2023_02_04_DMLST.tif,3c4c9ed7-c872-463d-8b69-95d5acb21506,203539769,2023
2023-02-05,2023_02_05_DMLST.tif,9c37e12f-7a12-41b8-ad02-0a118e139247,203079212,2023
2023-02-06,2023_02_06_DMLST.tif,f5376d02-efdd-428f-b916-a2e8179b50ee,202805184,2023
2023-02-07,2023_02_07_DMLST.tif,48a53bad-be0a-4d48-b3c9-85d4a5dcef58,201682976,2023
2023-02-08,2023_02_08_DMLST.tif,e0fbef57-4be7-44bc-86ac-3deab72a48ed,201341686,2023
2023-02-09,2023_02_09_DMLST.tif,a0a9dc01-15b0-42f8-a915-93ef05cfc82a,200997915,2023
2023-02-10,2023_02_10_DMLST.tif,bb280cca-aef0-48de-9e89-b18d1d87e185,201419848,2023
2023-02-11,2023_02_11_DMLST.tif,7693a4cd-6c7d-4c9d-b5af-0465c834b727,201816122,2023
2023-02-12,2023_02_12_DMLST.tif,967410b3-04cd-4f70-b932-35bd7030f453,202188247,2023
2023-02-13,2023_02_13_DMLST.tif,808b18fc-dfe1-4e8a-a811-a782dca2786f,202127398,2023
2023-02-14,2023_02_14_DMLST.tif,578da66e-7f3b-4395-b1fa-d893087df231,202158388,2023
2023-02-15,2023_02_15_DMLST.tif,8f63e549-8274-422e-a4c3-771d0361b285,201997848,2023
2023-02-16,2023_02_16_DMLST.tif,7c79f4c9-e216-4f74-bf86-7a1f8e479e19,202159406,2023
2023-02-17,2023_02_17_DMLST.tif,12a35657-fb2c-4217-b2c1-ba58d7ade6f6,202133427,2023
2023-02-18,2023_02_18_DMLST.tif,c9ae3fda-974a-49ab-b4e4-51b639deeeee,202074083,2023
2023-02-19,2023_02_19_DMLST.tif,4d5b4c5d-ccb4-45b8-9420-691d6799d600,202103054,2023
2023-02-20,2023_02_20_DMLST.tif,65944de8-b1e5-4975-a222-14051e5011e3,202321130,2023
2023-02-21,2023_02_21_DMLST.tif,be941aab-70c2-41bc-a2b1-b4028b0fa9f7,202358001,2023
2023-02-22,2023_02_22_DMLST.tif,17eba642-709a-45eb-9c2c-a4d2f14a5b84,202329210,2023
2023-02-23,2023_02_23_DMLST.tif,1eab7f22-3445-458b-9112-94bd57a238d1,202316644,2023
2023-02-24,2023_02_24_DMLST.tif,6dae488c-2f27-4ad0-b18c-d54533c4d12a,202516538,2023
2023-02-25,2023_02_25_DMLST.tif,f9b744c6-fa08-4c65-800d-4c6306434fc5,203303654,2023
2023-02-26,2023_02_26_DMLST.tif,a2cabbb0-a8e1-4559-9b16-196a7c37c90f,203780957,2023
2023-02-27,2023_02_27_DMLST.tif,98caa75a-b707-48ae-9b8a-a47b60285705,203271068,2023
2023-02-28,2023_02_28_DMLST.tif,800a0519-ba3b-42f5-8e78-92083ae53b57,202981180,2023
2023-03-01,2023_03_01_DMLST.tif,0af5e88d-099b-4c53-bb04-bcdf7c4ff1cb,203451495,2023
2023-03-02,2023_03_02_DMLST.tif,a30e88b5-24d6-47fc-aaef-07451b2bc393,203972135,2023
2023-03-03,2023_03_03_DMLST.tif,f340222e-e7f2-44d1-8b91-a312239c6396,203884502,2023
2023-03-04,2023_03_04_DMLST.tif,2edd30e4-1e6e-49d7-8e6d-52eda03d6ca4,203804584,2023
2023-03-05,2023_03_05_DMLST.tif,9e917cd8-457c-4200-b2ba-e7fdfa459afd,203748613,2023
2023-03-06,2023_03_06_DMLST.tif,269c0eea-2205-45b4-9ad6-765dae39fbdf,203781410,2023
2023-03-07,2023_03_07_DMLST.tif,49bc33ed-64d7-4ae2-a4d4-1a99145f7301,204142717,2023
2023-03-08,2023_03_08_DMLST.tif,a0d6e244-a58e-48bd-84fb-1afb9ef1b3dc,204522615,2023
2023-03-09,2023_03_09_DMLST.tif,b9ff20b5-262b-4093-9fbd-0571125a5f6a,204541418,2023
2023-03-10,2023_03_10_DMLST.tif,c858b4b2-72d5-4d1d-90ad-958b19bad620,204143368,2023
2023-03-11,2023_03_11_DMLST.tif,6d3e436f-5702-4dc5-98e5-1b2635aa2f82,205024620,2023
2023-03-12,2023_03_12_DMLST.tif,d2e2eeb5-ec91-4167-a86f-63e0c96f1a39,205295156,2023
2023-03-13,2023_03_13_DMLST.tif,25297e8c-54ec-4b72-9552-a0ad2791c70e,205702920,2023
2023-03-14,2023_03_14_DMLST.tif,a520dacc-6d2c-4593-9220-fcfcf8a6fdf5,205841669,2023
2023-03-15,2023_03_15_DMLST.tif,d6045f47-abad-42e6-9338-3cef2b502a89,205832799,2023
2023-03-16,2023_03_16_DMLST.tif,631cb539-c46e-4486-b2f3-151858efaa7a,206149284,2023
2023-03-17,2023_03_17_DMLST.tif,cd3d9b15-98e3-409a-b4a5-6613ef8e7399,206406110,2023
2023-03-18,2023_03_18_DMLST.tif,7cf955f5-831a-462f-8158-2504467f5072,206602232,2023
2023-03-19,2023_03_19_DMLST.tif,14ab174f-d59c-43b5-b63d-34096bd738a4,205264829,2023
2023-03-20,2023_03_20_DMLST.tif,c8d2ea71-a9f4-4487-96d4-e9008d403d7a,204844805,2023
2023-03-21,2023_03_21_DMLST.tif,be2ff627-e32b-4350-968a-f7bd7144a141,204241676,2023
2023-03-22,2023_03_22_DMLST.tif,f220a7a0-ca8a-4a63-8033-0b9a6c68409a,203733686,2023
2023-03-23,2023_03_23_DMLST.tif,79da03f9-1a81-4e74-9f49-dd5c7d53c252,204029243,2023
2023-03-24,2023_03_24_DMLST.tif,60d2ee8d-c370-4554-8abb-fcceafe4ed3d,204710460,2023
2023-03-25,2023_03_25_DMLST.tif,35fd0ed0-0d1b-419a-8156-8810dd021a86,205440180,2023
2023-03-26,2023_03_26_DMLST.tif,7b84cf1a-15c9-4146-a6f6-0d1d2d806a82,205802372,2023
2023-03-27,2023_03_27_DMLST.tif,fb4d46a4-dc22-4c34-bb3f-175567ca5be2,206330794,2023
2023-03-28,2023_03_28_DMLST.tif,a185e87f-d5e8-4e7d-8381-c2121e94d566,206469229,2023
2023-03-29,2023_03_29_DMLST.tif,555b42b0-22a4-4ac4-be2a-5994af028f0e,206302258,2023
2023-03-30,2023_03_30_DMLST.tif,d2b14b1b-d886-43e4-bb89-a706a8405736,206358683,2023
2023-03-31,2023_03_31_DMLST.tif,dc620e0f-5cd1-4e06-958c-8d12ba515d7c,206558307,2023
2023-04-01,2023_04_01_DMLST.tif,02636fc1-0d7a-44cc-8959-c4d65759606f,206069950,2023
2023-04-02,2023_04_02_DMLST.tif,36018015-d125-4665-a375-f69b62690b6e,205600710,2023
2023-04-03,2023_04_03_DMLST.tif,13c3c5cb-1d74-4ce9-aa74-f9146aae5268,205327272,2023
2023-04-04,2023_04_04_DMLST.tif,c715753d-219f-41d8-9536-1126bb06730a,204210608,2023
2023-04-05,2023_04_05_DMLST.tif,6ccb03a5-0aa8-4d67-b93f-49c78c7f3207,204611684,2023
2023-04-06,2023_04_06_DMLST.tif,082981d8-16b0-4d0c-bb8f-2a171751a97d,204644156,2023
2023-04-07,2023_04_07_DMLST.tif,293a49f8-3a10-4eea-ae00-c0773e506e37,204307105,2023
2023-04-08,2023_04_08_DMLST.tif,768156cd-048d-46ea-ad66-8139fc45f93d,204857900,2023
2023-04-09,2023_04_09_DMLST.tif,39f528ce-341e-49d4-9987-3342542da64b,204812301,2023
2023-04-10,2023_04_10_DMLST.tif,ba0ae7f0-22f7-4aca-a565-508fdec6cb2f,204462730,2023
2023-04-11,2023_04_11_DMLST.tif,c8b03cf0-f6ba-4422-9111-a8cdbb9a8180,204649372,2023
2023-04-12,2023_04_12_DMLST.tif,699692c9-fd29-431d-90b4-cfab2ae66c9f,205941518,2023
2023-04-13,2023_04_13_DMLST.tif,86428ccb-f593-4ea9-ba8e-bcf9ef6f55fa,205360474,2023
2023-04-14,2023_04_14_DMLST.tif,165af1c8-f616-4125-9def-ea802a091b10,205056748,2023
2023-04-15,2023_04_15_DMLST.tif,4d0cd584-9d0b-4ddb-97b6-e78e66e96c5e,205431693,2023
2023-04-16,2023_04_16_DMLST.tif,77dbc3bc-c326-4984-b03b-6ddaf3adf559,206062909,2023
2023-04-17,2023_04_17_DMLST.tif,a5435827-c64c-4b06-9231-040fd238b3e4,206053997,2023
2023-04-18,2023_04_18_DMLST.tif,8aab38d2-a6f1-4617-a2be-e1dcb518104a,205481391,2023
2023-04-19,2023_04_19_DMLST.tif,a2acbd8c-ee99-4c69-acd6-456861c4de96,205182663,2023
2023-04-20,2023_04_20_DMLST.tif,c3661601-c17c-4ab6-926d-fde44d8140d9,204807389,2023
2023-04-21,2023_04_21_DMLST.tif,1fe9a497-901d-4b7f-ac91-fd8a78d82ec4,205376985,2023
2023-04-22,2023_04_22_DMLST.tif,84f3e3a4-2c98-4b9e-b01d-82ce9e9219f7,205501559,2023
2023-04-23,2023_04_23_DMLST.tif,7f7f7050-1f25-4c62-a4f6-3987d2bb61be,205694886,2023
2023-04-24,2023_04_24_DMLST.tif,f805d17a-f17a-47b4-b189-3b5bdba4980e,205374584,2023
2023-04-25,2023_04_25_DMLST.tif,64ef4fc7-6336-4f6d-9541-35f94ba4db97,205189971,2023
2023-04-26,2023_04_26_DMLST.tif,a877a35c-da44-4390-8fac-afef9b258a8e,205621342,2023
2023-04-27,2023_04_27_DMLST.tif,56551833-8649-4f03-ad4a-08dea7036e2c,205592898,2023
2023-04-28,2023_04_28_DMLST.tif,bcb31d63-19df-4743-bdbc-a896f5364c02,206727932,2023
2023-04-29,2023_04_29_DMLST.tif,ea937926-63a5-4534-9b43-c2bdc38597fe,207232271,2023
2023-04-30,2023_04_30_DMLST.tif,bccd2e59-b14c-4cc3-9e58-3930b7868ce6,207218415,2023
2023-05-01,2023_05_01_DMLST.tif,07f9c68f-7a8a-4ab4-9c78-74ab7f558b8a,207080512,2023
2023-05-02,2023_05_02_DMLST.tif,068f6a35-95f0-4a75-8723-54b24a491c7e,207329366,2023
2023-05-03,2023_05_03_DMLST.tif,e9dd631f-3e9b-42f8-ac94-0f8cbd307753,207470912,2023
2023-05-04,2023_05_04_DMLST.tif,d9482307-cb13-4514-9cbe-0dfad88715e8,207109777,2023
2023-05-05,2023_05_05_DMLST.tif,0856141e-4898-4698-895f-8763efcadfc4,207214994,2023
2023-05-06,2023_05_06_DMLST.tif,f712d08d-b14c-4261-8367-ade571a18e5c,206785001,2023
2023-05-07,2023_05_07_DMLST.tif,70e0f1b4-53e1-4a92-9ef5-3b8ab6b8d663,206525414,2023
2023-05-08,2023_05_08_DMLST.tif,3c4d8fa0-311d-40dd-a056-a31c558ad7ba,206470576,2023
2023-05-09,2023_05_09_DMLST.tif,ad8c3279-37ef-4ba1-9e16-12bec7d147de,206719431,2023
2023-05-10,2023_05_10_DMLST.tif,03116364-6627-4d26-b50e-2d826c74f75f,206144216,2023
2023-05-11,2023_05_11_DMLST.tif,aac2a2f9-a4e5-426c-8253-0c0b8fbcc31d,205252405,2023
2023-05-12,2023_05_12_DMLST.tif,926244f6-2c6a-4492-b29b-89f1835bcb57,205267093,2023
2023-05-13,2023_05_13_DMLST.tif,f4d41080-8760-433a-b744-b3bf583c4335,204966513,2023
2023-05-14,2023_05_14_DMLST.tif,54f3ce1b-12e1-45ce-a917-a7d0fb32ceef,205564138,2023
2023-05-15,2023_05_15_DMLST.tif,139e01c6-db3b-4a86-9b7a-73b3b3c6f110,206079346,2023
2023-05-16,2023_05_16_DMLST.tif,9b14f55c-5047-4324-b61b-8bb059a7d09e,206179225,2023
2023-05-17,2023_05_17_DMLST.tif,331f2bbc-0972-40c2-b760-3caf83da49d1,206487704,2023
2023-05-18,2023_05_18_DMLST.tif,2a52971a-292e-4d15-b0dd-3a5b7c01c4c2,206224844,2023
2023-05-19,2023_05_19_DMLST.tif,9fee788d-75f4-43ad-bc8e-91754ded23eb,206620619,2023
2023-05-20,2023_05_20_DMLST.tif,5ed1f05f-8c23-4b79-bd9e-2e0c781bf146,206670105,2023
2023-05-21,2023_05_21_DMLST.tif,27fca6c1-f887-4e4b-a2f1-3c0b3e6b92cb,206780611,2023
2023-05-22,2023_05_22_DMLST.tif,4570de3a-95e6-40f2-a213-d8548885dce4,205472211,2023
2023-05-23,2023_05_23_DMLST.tif,2787488a-cd55-4fff-84ca-b8ad2d102bbc,205105106,2023
2023-05-24,2023_05_24_DMLST.tif,94064e70-7106-4f0b-ad64-0a8a01d56c0c,205237573,2023
2023-05-25,2023_05_25_DMLST.tif,a0e63eab-d328-46f2-97d5-5b174b51b891,205192057,2023
2023-05-26,2023_05_26_DMLST.tif,5bf04545-3199-4dd7-afc1-f701b9dfd4fb,205168444,2023
2023-05-27,2023_05_27_DMLST.tif,fffd6c92-9dea-4c2a-9d37-ae60f21cbe55,205177199,2023
2023-05-28,2023_05_28_DMLST.tif,4bcb2e86-c307-48e7-acd3-82ad5bbbe61f,205826786,2023
2023-05-29,2023_05_29_DMLST.tif,1e41d3ed-ed44-4389-9af6-eacdf4be954e,206151657,2023
2023-05-30,2023_05_30_DMLST.tif,f287aea1-9205-414c-b59b-e63cbf007e95,206580717,2023
2023-05-31,2023_05_31_DMLST.tif,38b40da6-b1b4-4b2a-bfc3-a459d26e1c28,206424644,2023
2023-06-01,2023_06_01_DMLST.tif,37df8d71-dd3a-4fb1-aa0f-4a6460c95a89,206219422,2023
2023-06-02,2023_06_02_DMLST.tif,9342c306-278b-4596-a4c8-8094cb946c48,206108549,2023
2023-06-03,2023_06_03_DMLST.tif,8eed73f7-74d1-4712-ba61-269747f7a9b8,205915535,2023
2023-06-04,2023_06_04_DMLST.tif,aa9c7e9f-68be-4702-b12e-575740d29a31,206090193,2023
2023-06-05,2023_06_05_DMLST.tif,0e71a1e1-8623-41f4-b7bd-5f27c4c45c3f,205639087,2023
2023-06-06,2023_06_06_DMLST.tif,0de23618-9a08-4613-bde1-194282b8608d,205505641,2023
2023-06-07,2023_06_07_DMLST.tif,b9c72782-c3b2-4c14-acaa-31dc3ea17fd1,204038661,2023
2023-06-08,2023_06_08_DMLST.tif,2c6bcf98-69ae-40eb-ade5-e986567e8a5c,203658656,2023
2023-06-09,2023_06_09_DMLST.tif,e65709bd-c9e6-4688-8b7e-cb0e419df8e9,203483086,2023
2023-06-10,2023_06_10_DMLST.tif,f589975c-b4d5-4683-995d-99577860483a,203499979,2023
2023-06-11,2023_06_11_DMLST.tif,d9351163-a0b8-49c9-9369-11cec2338341,203295535,2023
2023-06-12,2023_06_12_DMLST.tif,c03c5182-b3e7-424e-b28d-695adff45cb8,203032799,2023
2023-06-13,2023_06_13_DMLST.tif,3e7f499d-d294-49b5-afce-9a13492740ae,203380530,2023
2023-06-14,2023_06_14_DMLST.tif,780a0321-e610-40e5-8168-1f3703233275,204074949,2023
2023-06-15,2023_06_15_DMLST.tif,f85e943c-bb7f-41d0-b684-df4f740352d0,204732981,2023
2023-06-16,2023_06_16_DMLST.tif,8540f2df-2ed1-4f70-91ae-23c24a95ec69,204692599,2023
2023-06-17,2023_06_17_DMLST.tif,3344ed48-6d41-40de-9c2f-dabe65b66ddf,204425484,2023
2023-06-18,2023_06_18_DMLST.tif,b90902a8-4f5e-46d1-863e-dd78ff04e12d,204297930,2023
2023-06-19,2023_06_19_DMLST.tif,c2a24266-c758-45cc-9626-f9f2c0daf509,203996092,2023
2023-06-20,2023_06_20_DMLST.tif,ba905512-81a5-48f9-b87c-4845820202bf,204159738,2023
2023-06-21,2023_06_21_DMLST.tif,cad70c94-b9bf-4a26-93bf-0f380f2ff915,204117771,2023
2023-06-22,2023_06_22_DMLST.tif,5f9cf974-0e7b-462f-aa1d-4a754b22106e,204224859,2023
2023-06-23,2023_06_23_DMLST.tif,024eda13-2a5e-48e7-92a8-46abc93c688d,202991392,2023
2023-06-24,2023_06_24_DMLST.tif,6ac4c0e5-9b3c-4a92-acf5-6e324ee12748,202915161,2023
2023-06-25,2023_06_25_DMLST.tif,56169e20-74de-495f-9da5-2129ec9aa1ab,202555521,2023
2023-06-26,2023_06_26_DMLST.tif,4b36318f-aabc-4960-aec7-ecdbe40f8793,202463127,2023
2023-06-27,2023_06_27_DMLST.tif,5d5dadc6-1043-4b86-b425-d59dccd85845,202561200,2023
2023-06-28,2023_06_28_DMLST.tif,51b8d862-65e9-4519-9879-08613b7663f7,202009424,2023
2023-06-29,2023_06_29_DMLST.tif,0d766a50-5870-42a4-ab17-a463415c129c,201861027,2023
2023-06-30,2023_06_30_DMLST.tif,32cf6a6c-35a7-4445-8d10-a9d9d89c0e9e,202018125,2023
2023-07-01,2023_07_01_DMLST.tif,5273a211-6786-4945-a54d-2606df410838,202713451,2023
2023-07-02,2023_07_02_DMLST.tif,9885cd23-7949-4038-8454-8a7b1c3bd93f,202805497,2023
2023-07-03,2023_07_03_DMLST.tif,e3c48c2d-eed8-41a9-8792-59cf0e6d67ab,202663402,2023
2023-07-04,2023_07_04_DMLST.tif,4ecd3eaf-5d2f-4eca-a078-a1851f691dc1,202534342,2023
2023-07-05,2023_07_05_DMLST.tif,5c1b4da0-3de3-40a1-80c5-9a919c0d62ab,202520381,2023
2023-07-06,2023_07_06_DMLST.tif,ed63ecf9-cfb7-4f34-9062-97f42698784c,202551197,2023
2023-07-07,2023_07_07_DMLST.tif,926d41d9-3ca3-48d1-a128-699488670a61,202549155,2023
2023-07-08,2023_07_08_DMLST.tif,5a4db192-6faf-4ff1-9b37-703ab34b4d5a,202461836,2023
2023-07-09,2023_07_09_DMLST.tif,03f3ebac-8aa5-4665-b153-69442f7310f3,200902454,2023
2023-07-10,2023_07_10_DMLST.tif,849eaf7d-a8d1-433a-884d-2a2c21cf83e6,200781403,2023
2023-07-11,2023_07_11_DMLST.tif,e5364f95-79a2-4e84-b6fc-e0fd89b13470,200846566,2023
2023-07-12,2023_07_12_DMLST.tif,65cc6a42-02f2-4b4a-8a38-c14326344908,200637100,2023
2023-07-13,2023_07_13_DMLST.tif,194b4320-9ede-4973-8937-24088194e11b,200333256,2023
2023-07-14,2023_07_14_DMLST.tif,6c3873c3-cf70-4008-a691-0d18a0fffef3,200572132,2023
2023-07-15,2023_07_15_DMLST.tif,39b1db3d-64c0-4e2b-905e-200beaf96cd3,200413698,2023
2023-07-16,2023_07_16_DMLST.tif,09e30a7b-4287-4f80-ac77-0d945ccac36b,199963475,2023
2023-07-17,2023_07_17_DMLST.tif,27130fa9-d2e8-40b4-b452-037ed0ebbcb4,200971373,2023
2023-07-18,2023_07_18_DMLST.tif,72ce7dd1-9627-461a-bfc2-6d6ca1750156,201036303,2023
2023-07-19,2023_07_19_DMLST.tif,23aa9a74-3b98-479d-8bef-3821ce7ba632,201215471,2023
2023-07-20,2023_07_20_DMLST.tif,4499482a-22d2-4beb-a6dd-b6bd1e2cd06a,201059052,2023
2023-07-21,2023_07_21_DMLST.tif,02c0f9c0-d091-471b-83bb-8098ce713a78,200739580,2023
2023-07-22,2023_07_22_DMLST.tif,176e1637-7f0f-4b20-83b0-3911a3fccec2,200753484,2023
2023-07-23,2023_07_23_DMLST.tif,8d5e5a3a-671a-4411-81b8-788fdf5ed861,200669045,2023
2023-07-24,2023_07_24_DMLST.tif,e02df39c-2c55-42d0-8bd8-886e750e5aa6,200582365,2023
2023-07-25,2023_07_25_DMLST.tif,2d30e597-4874-4207-bf7a-7237b33e12bc,199435973,2023
2023-07-26,2023_07_26_DMLST.tif,72be04a9-d403-40fd-9051-97acef37af08,199360639,2023
2023-07-27,2023_07_27_DMLST.tif,a8bdfc84-c748-4e70-83a3-ceeef50e006d,199125276,2023
2023-07-28,2023_07_28_DMLST.tif,13671030-daf2-497a-b99f-d7fac1835d9f,199051985,2023
2023-07-29,2023_07_29_DMLST.tif,b76e1c97-3714-4326-a2d2-064babbca6fd,199507503,2023
2023-07-30,2023_07_30_DMLST.tif,760d2690-bfcd-4c3e-b9f6-139ca12d9fca,199707922,2023
2023-07-31,2023_07_31_DMLST.tif,9731adf6-492c-4995-a041-b2106bc7e2d7,199666166,2023
2023-08-01,2023_08_01_DMLST.tif,6ca7da67-ced5-4662-9a9b-8a0002fa1c60,199600981,2023
2023-08-02,2023_08_02_DMLST.tif,124ad4d6-6033-4530-8295-9acb29d59bf4,200553284,2023
2023-08-03,2023_08_03_DMLST.tif,e89da5da-9f89-4ead-8dbd-a222836c9219,200599391,2023
2023-08-04,2023_08_04_DMLST.tif,2fa98b47-b3cc-41a5-b851-e025c8805029,200650444,2023
2023-08-05,2023_08_05_DMLST.tif,0de74003-ded5-43e6-95e7-39140f8c09d5,200460024,2023
2023-08-06,2023_08_06_DMLST.tif,f7edd6dd-80ab-486f-b9f6-f92f50481e99,200882655,2023
2023-08-07,2023_08_07_DMLST.tif,b4a2657b-4d3d-4ab1-a1a6-b25d7f369f21,200861688,2023
2023-08-08,2023_08_08_DMLST.tif,b7a01039-a786-4705-bec2-8c36e94b307a,201041153,2023
2023-08-09,2023_08_09_DMLST.tif,fac75216-03ab-4e74-9f27-1377e1098842,200924146,2023
2023-08-10,2023_08_10_DMLST.tif,255a13a4-cf62-4507-9d8b-cad055e02e18,198939209,2023
2023-08-11,2023_08_11_DMLST.tif,27044a57-4a92-4271-aa0f-7d8d3daf614f,198855936,2023
2023-08-12,2023_08_12_DMLST.tif,79e4e338-580f-4740-a55c-fdb041e166a4,198911411,2023
2023-08-13,2023_08_13_DMLST.tif,f891dd6b-b559-441f-b16b-43eeb3c7318b,199483016,2023
2023-08-14,2023_08_14_DMLST.tif,a4b94748-b71f-4ebb-9d2c-ae9d149f8d55,199986002,2023
2023-08-15,2023_08_15_DMLST.tif,36a80b35-3ef9-42a7-b049-689f7d2822e2,199843148,2023
2023-08-16,2023_08_16_DMLST.tif,57d05943-4bfc-4810-80d4-4d095b128c3c,199638643,2023
2023-08-17,2023_08_17_DMLST.tif,03125764-ab48-4bf2-ba52-30696fa2d15d,199084849,2023
2023-08-18,2023_08_18_DMLST.tif,b00a8f06-ce22-4a49-ba18-cfe95116fb89,199743451,2023
2023-08-19,2023_08_19_DMLST.tif,fd618d68-b564-4258-9a25-8a3fe3caa8dc,199371679,2023
2023-08-20,2023_08_20_DMLST.tif,504a269c-ab20-4b70-b0ba-675886bd106f,199002164,2023
2023-08-21,2023_08_21_DMLST.tif,d855d3b3-489d-4798-8a50-810351fd11fe,198849110,2023
2023-08-22,2023_08_22_DMLST.tif,240bcb69-1022-41a1-8803-d2cb3adb89d9,199194316,2023
2023-08-23,2023_08_23_DMLST.tif,25cfdb0e-6c29-43fc-9fc9-bde92577f95b,199208872,2023
2023-08-24,2023_08_24_DMLST.tif,d12c52e6-652f-4c1f-9a48-81e314d2db6a,198804766,2023
2023-08-25,2023_08_25_DMLST.tif,e76f03be-74c0-4120-99e0-94fe70d09438,198568742,2023
2023-08-26,2023_08_26_DMLST.tif,12eb3f06-3d34-43f3-9a5c-5c5e436f8728,197227678,2023
2023-08-27,2023_08_27_DMLST.tif,2e64b07b-2926-4286-a05d-9940b94698ae,197915107,2023
2023-08-28,2023_08_28_DMLST.tif,e25f12c9-5905-4961-9a3e-32a4e2558332,198236359,2023
2023-08-29,2023_08_29_DMLST.tif,8f74d58b-a9fc-40cd-b0f5-5118c70ec7b8,198078880,2023
2023-08-30,2023_08_30_DMLST.tif,8ba682e7-8d45-4b50-ade5-437069e96175,198385596,2023
2023-08-31,2023_08_31_DMLST.tif,e70a6e27-5cac-4379-a969-bc410a6c94be,198203287,2023
2023-09-01,2023_09_01_DMLST.tif,13d97aec-8c33-4b5c-a8db-4afcbffdf44f,197923790,2023
2023-09-02,2023_09_02_DMLST.tif,a67866e0-3b09-4f12-8ddd-cee02890e371,197530090,2023
2023-09-03,2023_09_03_DMLST.tif,635edced-788d-4150-a1e0-a90a8f109836,200550788,2023
2023-09-04,2023_09_04_DMLST.tif,c7a2e1f2-f291-47d8-b9b9-b6a35db23d5d,200788845,2023
2023-09-05,2023_09_05_DMLST.tif,64c54dce-b65e-40d2-a93d-9bb17c98998f,200624622,2023
2023-09-06,2023_09_06_DMLST.tif,b8f081fc-058b-4cc9-a7ad-a2ad209bff3b,200075604,2023
2023-09-07,2023_09_07_DMLST.tif,739e1c41-5497-495f-abca-0965b2df8db0,199985357,2023
2023-09-08,2023_09_08_DMLST.tif,063ea84f-947a-4821-8402-06e1c747a035,200075536,2023
2023-09-09,2023_09_09_DMLST.tif,70189d56-3333-4865-9a72-a28c08facafb,199972568,2023
2023-09-10,2023_09_10_DMLST.tif,b4da7918-93f0-48b5-99f7-0cc27c59e227,200679845,2023
2023-09-11,2023_09_11_DMLST.tif,ee7bef2c-c86e-4285-870c-ed1fee2349bd,200575532,2023
2023-09-12,2023_09_12_DMLST.tif,64c4d56c-eea3-43a0-9b18-67c25af5fc7d,200603945,2023
2023-09-13,2023_09_13_DMLST.tif,2a32a3d6-7399-4d91-8cb2-7c67ad1e0d22,200530298,2023
2023-09-14,2023_09_14_DMLST.tif,634ece0c-173d-441e-b0fa-48322a1854ac,200773981,2023
2023-09-15,2023_09_15_DMLST.tif,782413b4-083e-448e-a623-143c4eddacce,200696055,2023
2023-09-16,2023_09_16_DMLST.tif,8853749d-70cf-4473-b9d0-ff386fddf715,200882798,2023
2023-09-17,2023_09_17_DMLST.tif,d9376c34-bcf0-45e3-952e-300daa2309c3,201347854,2023
2023-09-18,2023_09_18_DMLST.tif,4b2be293-d11f-43e4-9334-d27ebcd4376f,201159876,2023
2023-09-19,2023_09_19_DMLST.tif,1f9817fc-b026-4cdb-a9ea-8683e05c4154,202979312,2023
2023-09-20,2023_09_20_DMLST.tif,193f157d-aa9e-42e7-a925-382ea6d2836b,202951341,2023
2023-09-21,2023_09_21_DMLST.tif,880751c3-8c06-42a7-8244-0b0c7c83a309,203260676,2023
2023-09-22,2023_09_22_DMLST.tif,a7735bee-a252-4603-94bc-609decbe2f67,203349272,2023
2023-09-23,2023_09_23_DMLST.tif,82c1bc7d-69dd-4970-b329-37c3c6d7a7c1,203500331,2023
2023-09-24,2023_09_24_DMLST.tif,745289cd-7ed2-4fe1-80ba-cbbb9f97b0c9,203593171,2023
2023-09-25,2023_09_25_DMLST.tif,1a336929-f08b-4396-b17f-1af2c0c8a7f5,203518368,2023
2023-09-26,2023_09_26_DMLST.tif,7eea2db3-bb6a-47b2-8234-36b3ac1b81fd,203122839,2023
2023-09-27,2023_09_27_DMLST.tif,13f9cc33-38e3-4fbd-b940-0f9e40a33e47,201987175,2023
2023-09-28,2023_09_28_DMLST.tif,ea600e17-91a8-4dd5-93cd-b6788cf9a957,202184790,2023
2023-09-29,2023_09_29_DMLST.tif,0ca92332-3b8a-44b1-8c9e-b9b38a8e62a0,202363441,2023
2023-09-30,2023_09_30_DMLST.tif,60c56f57-9233-4742-9d3c-2dc17c2a1834,202313809,2023
2023-10-01,2023_10_01_DMLST.tif,1e2aed6a-d7d7-405e-9829-a27d22f21ca4,202488028,2023
2023-10-02,2023_10_02_DMLST.tif,3824fc7e-20b0-450a-bc96-fb8675cf4c9b,202791569,2023
2023-10-03,2023_10_03_DMLST.tif,2f5afc3e-2ed2-4e3d-9594-3236363546ba,202653346,2023
2023-10-04,2023_10_04_DMLST.tif,4771b399-5236-483a-98ca-6d675a3449a3,202393228,2023
2023-10-05,2023_10_05_DMLST.tif,1b68e218-cc33-48b1-9aa5-76660f7b46e7,204190377,2023
2023-10-06,2023_10_06_DMLST.tif,082a4dac-7406-4d89-97e3-a02e58c9db14,204785932,2023
2023-10-07,2023_10_07_DMLST.tif,252d9752-aa85-4539-aed2-dcfeb87d37d3,205225536,2023
2023-10-08,2023_10_08_DMLST.tif,c55f5ba7-26f7-44b4-a3bf-d6e51f7aaad0,205504230,2023
2023-10-09,2023_10_09_DMLST.tif,4b7c554c-5eed-4c7d-abbb-2f9e96140ec6,205751130,2023
2023-10-10,2023_10_10_DMLST.tif,6abb34ce-fe80-4e57-aa15-22c321ef6416,206251551,2023
2023-10-11,2023_10_11_DMLST.tif,61e5c1e6-9760-4680-a77b-9f49d18b4ff9,206022803,2023
2023-10-12,2023_10_12_DMLST.tif,20f4ea3c-95c2-4aeb-8144-ba0ce9815fc1,205669357,2023
2023-10-13,2023_10_13_DMLST.tif,5860a4fe-a2f4-4fdd-a29c-8cd85b9cab42,204634642,2023
2023-10-14,2023_10_14_DMLST.tif,21d7ae10-f581-4e89-ad7b-4b48987a40ca,204833232,2023
2023-10-15,2023_10_15_DMLST.tif,0b80b1bc-de30-41bc-8b4f-4563bf993571,204944335,2023
2023-10-16,2023_10_16_DMLST.tif,b17fe194-b486-4a16-9ba4-01dd3cbf4fec,205318479,2023
2023-10-17,2023_10_17_DMLST.tif,aa88bc5d-7ae2-4239-b076-907d3cc1d8b9,205091029,2023
2023-10-18,2023_10_18_DMLST.tif,8bcf5430-2414-4611-8ed2-df7e22f8a382,205224366,2023
2023-10-19,2023_10_19_DMLST.tif,ff9b469a-1ec5-4100-94d7-4512ee164bb2,205061186,2023
2023-10-20,2023_10_20_DMLST.tif,ced2bcc4-115d-47d0-b393-810596d235d1,205144810,2023
2023-10-21,2023_10_21_DMLST.tif,c2d32c1e-0eed-4e76-82cb-2cafabe3d1e8,207469426,2023
2023-10-22,2023_10_22_DMLST.tif,f13072a2-1daa-4f43-8dff-31472e8f9b53,207452564,2023
2023-10-23,2023_10_23_DMLST.tif,31ceed00-37b1-46f9-9c59-310fb2a807f4,207109791,2023
2023-10-24,2023_10_24_DMLST.tif,798b0eea-5e54-4097-a02e-8a2355387ece,206949521,2023
2023-10-25,2023_10_25_DMLST.tif,4028219e-3255-4d6e-b0f4-af09dc5dc17c,206490848,2023
2023-10-26,2023_10_26_DMLST.tif,6ae872ce-6647-4b45-99cb-7f7a01c1cf7a,206384959,2023
2023-10-27,2023_10_27_DMLST.tif,49ebdb1f-644f-4168-92de-22a6c8bc5365,206507384,2023
2023-10-28,2023_10_28_DMLST.tif,e44b52e1-6799-472f-bce1-5f0c1e00e7ae,206652917,2023
2023-10-29,2023_10_29_DMLST.tif,09035c54-9f35-4446-8957-74bdc768010d,206105909,2023
2023-10-30,2023_10_30_DMLST.tif,af9e30e8-7f63-4685-8bdd-0182cc68cb3a,206056883,2023
2023-10-31,2023_10_31_DMLST.tif,97f1bfc3-dcb2-4684-8242-c6b8a558ae23,206091367,2023
2023-11-01,2023_11_01_DMLST.tif,9812eca8-5275-49c3-be3b-b57f7c621784,206185784,2023
2023-11-02,2023_11_02_DMLST.tif,e7294602-f45d-4d0c-8d09-de086c4dfebc,205952043,2023
2023-11-03,2023_11_03_DMLST.tif,dcdc2542-b60d-4f3c-aa8a-c1812aff8543,205638615,2023
2023-11-04,2023_11_04_DMLST.tif,2021d010-e41c-4ab7-b021-eaf4516cb6c2,205568933,2023
2023-11-05,2023_11_05_DMLST.tif,bf246a5c-a6e6-4cd7-8d4c-a8ee6468433b,205371034,2023
2023-11-06,2023_11_06_DMLST.tif,96831ac9-48c6-4654-aa06-2b9e6295912c,206681359,2023
2023-11-07,2023_11_07_DMLST.tif,46cc6a4c-c4ed-42e8-8254-45acc030f354,206500531,2023
2023-11-08,2023_11_08_DMLST.tif,e87bbef7-b8b5-482e-885f-17f4d68a2be8,206343556,2023
2023-11-09,2023_11_09_DMLST.tif,048d7d03-e039-4fbc-a927-82cfc4306a10,206089000,2023
2023-11-10,2023_11_10_DMLST.tif,d14ce347-5f79-4fa2-978e-e67c8f2d6815,206416675,2023
2023-11-11,2023_11_11_DMLST.tif,920d7952-f2db-4d7f-911e-6f4ff0ab9a7a,206707364,2023
2023-11-12,2023_11_12_DMLST.tif,1740bda2-e67d-4cf0-b558-236531ea446c,207152892,2023
2023-11-13,2023_11_13_DMLST.tif,b05a1b34-ca8c-42aa-ae88-ad5c7d03e2e1,207083034,2023
2023-11-14,2023_11_14_DMLST.tif,5658581b-78aa-4a28-a855-8189ab4eec19,206396992,2023
2023-11-15,2023_11_15_DMLST.tif,8bb9c598-8ffe-46d3-8c28-df87d6ba742d,206327965,2023
2023-11-16,2023_11_16_DMLST.tif,6f8bc0b7-77a8-480e-8046-0447950acf83,206520028,2023
2023-11-17,2023_11_17_DMLST.tif,ed249973-4f78-41b4-98a0-fbfb8698b0a9,206884834,2023
2023-11-18,2023_11_18_DMLST.tif,f4958349-049e-4c29-94da-77e2f6ce87e1,206997217,2023
2023-11-19,2023_11_19_DMLST.tif,4be497d1-97f8-49a4-9e64-3913d823501a,206512386,2023
2023-11-20,2023_11_20_DMLST.tif,eb7d6c18-f6e6-43fd-ad90-3b0b298f68cb,206645628,2023
2023-11-21,2023_11_21_DMLST.tif,22f30044-dcfe-4d6f-87f5-e923b6f714c7,206196790,2023
2023-11-22,2023_11_22_DMLST.tif,681b915c-f88e-49ec-8a51-38e2b39246be,205659345,2023
2023-11-23,2023_11_23_DMLST.tif,3fb7c37e-ee22-473c-9104-a1bf26033577,205520166,2023
2023-11-24,2023_11_24_DMLST.tif,7d6bed82-8d4f-4acd-8cef-ffcd7309271d,206044661,2023
2023-11-25,2023_11_25_DMLST.tif,6e3577f2-4134-4169-a9b4-c2616d711a42,206645754,2023
2023-11-26,2023_11_26_DMLST.tif,f2ae4061-93f8-4b31-b671-68c3504c9841,207196207,2023
2023-11-27,2023_11_27_DMLST.tif,6b4b19de-5dfd-4ad9-818e-360b11d21f9e,207375135,2023
2023-11-28,2023_11_28_DMLST.tif,18ca5184-d633-4186-b2d0-77622d502fe9,207087226,2023
2023-11-29,2023_11_29_DMLST.tif,8c4a4298-f797-4efb-8b49-8919e0cc862c,206415882,2023
2023-11-30,2023_11_30_DMLST.tif,1f2c5844-fa07-4d0d-a507-e64714fca058,205648471,2023
2023-12-01,2023_12_01_DMLST.tif,0b174741-ad1a-4e15-97e1-0f67bd9ab8c8,205318130,2023
2023-12-02,2023_12_02_DMLST.tif,2e10f799-8f7b-4878-a659-10e4b6aa783b,205149837,2023
2023-12-03,2023_12_03_DMLST.tif,9eb5c2db-a53f-4a5d-b0cb-5f88e517ef4a,204456767,2023
2023-12-04,2023_12_04_DMLST.tif,74932dd8-2279-4711-8d5f-ad8ecbfdc505,204274091,2023
2023-12-05,2023_12_05_DMLST.tif,4d9ce78f-c584-4bcb-8b2f-748766f7e4f3,203797367,2023
2023-12-06,2023_12_06_DMLST.tif,c599d36f-a5f9-491e-996b-22a46d7c85a9,203772625,2023
2023-12-07,2023_12_07_DMLST.tif,872bfc4d-5341-4e4f-a826-b1ab0541711e,203483413,2023
2023-12-08,2023_12_08_DMLST.tif,d32503ee-2770-4d55-9766-b599c72043ec,202944486,2023
2023-12-09,2023_12_09_DMLST.tif,2dc50a75-d445-483f-8cd8-f01f3c27ab10,203211531,2023
2023-12-10,2023_12_10_DMLST.tif,b5b91beb-9831-44ce-bcdb-271d01295f6b,203008940,2023
2023-12-11,2023_12_11_DMLST.tif,6ae6eca6-0585-43e7-bb23-0f83cc089b4b,203090735,2023
2023-12-12,2023_12_12_DMLST.tif,463cb642-258f-4ff6-b42f-0bbb3f44f63a,203077114,2023
2023-12-13,2023_12_13_DMLST.tif,c77f9936-07a6-402c-9f91-043a1e366e96,202945535,2023
2023-12-14,2023_12_14_DMLST.tif,0260a985-c85e-41cc-9d43-8e8ea3f44a7f,202368426,2023
2023-12-15,2023_12_15_DMLST.tif,a22e2377-2846-47f8-9c8b-f4b5e58ed181,202090951,2023
2023-12-16,2023_12_16_DMLST.tif,1b044e2e-0c03-4717-9232-137b81af7aac,202642212,2023
2023-12-17,2023_12_17_DMLST.tif,f18a776b-0728-42aa-951e-3b8d0752bafb,202900098,2023
2023-12-18,2023_12_18_DMLST.tif,b5e44fad-eef3-4742-9130-3d24b869fc9f,203144068,2023
2023-12-19,2023_12_19_DMLST.tif,f409df09-4b30-45d4-aa56-88e0ba59d0f7,203928571,2023
2023-12-20,2023_12_20_DMLST.tif,f1dec5b2-a6ac-40a4-ad50-665971701e3b,204916012,2023
2023-12-21,2023_12_21_DMLST.tif,956ec0d0-9738-4e04-9a45-d2465d07cc40,205650621,2023
2023-12-22,2023_12_22_DMLST.tif,144206a7-3d78-4be9-8a73-d7b42f5e36b7,206059506,2023
2023-12-23,2023_12_23_DMLST.tif,04270784-17f9-4827-a0b2-036f0afc00d9,206143336,2023
2023-12-24,2023_12_24_DMLST.tif,4dc55663-fc54-48dc-8557-d6a70f1bd03b,206660362,2023
2023-12-25,2023_12_25_DMLST.tif,91962ba6-3ac9-4d8c-8186-5b6e40107077,206614254,2023
2023-12-26,2023_12_26_DMLST.tif,234afaf3-54a1-40da-bbbb-c9fecda8d31a,206158841,2023
2023-12-27,2023_12_27_DMLST.tif,dd318815-a42d-42ba-bfcf-3897a87e9f10,205966582,2023
2023-12-28,2023_12_28_DMLST.tif,c3f75a5c-cbf5-4284-a79e-4f19dcedb9cd,205186749,2023
2023-12-29,2023_12_29_DMLST.tif,616b9f0a-dd65-428a-b079-85eb29c42cee,204446104,2023
2023-12-30,2023_12_30_DMLST.tif,c07349b0-abcc-46f8-8a9f-caed75b01bc5,204001910,2023
2023-12-31,2023_12_31_DMLST.tif,7d2f1563-4ea2-4220-87d3-3d1d08afde49,204538756,2023
